year,month,day,0000,0300,0600,0900,1200,1500,1800,2100,Date_Number
1994,01,01,3,3,4,5,4,3,2,2,19940101
1994,01,02,2,3,4,4,5,3,3,2,19940102
1994,01,03,3,1,3,3,3,3,3,1,19940103
1994,01,04,1,3,2,2,2,1,1,2,19940104
1994,01,05,1,1,1,2,2,2,1,2,19940105
1994,01,06,3,3,3,3,3,3,1,2,19940106
1994,01,07,1,1,1,3,3,1,2,1,19940107
1994,01,08,1,2,3,3,3,2,2,1,19940108
1994,01,09,1,1,2,1,2,2,2,1,19940109
1994,01,10,2,1,1,1,2,1,1,1,19940110
1994,01,11,2,1,3,3,2,5,4,3,19940111
1994,01,12,4,4,3,4,4,4,3,3,19940112
1994,01,13,4,4,3,3,5,3,3,4,19940113
1994,01,14,3,3,4,4,4,3,3,3,19940114
1994,01,15,3,4,3,2,3,3,3,3,19940115
1994,01,16,2,3,4,3,3,3,3,2,19940116
1994,01,17,4,5,4,4,2,3,3,3,19940117
1994,01,18,3,3,3,3,5,5,3,3,19940118
1994,01,19,3,5,5,3,4,2,3,3,19940119
1994,01,20,3,3,3,3,3,2,3,2,19940120
1994,01,21,2,3,1,1,1,2,3,2,19940121
1994,01,22,3,2,1,2,2,1,2,2,19940122
1994,01,23,2,2,1,2,2,1,2,2,19940123
1994,01,24,2,1,1,2,0,1,1,1,19940124
1994,01,25,1,2,1,1,2,1,1,1,19940125
1994,01,26,1,3,5,3,4,4,3,2,19940126
1994,01,27,2,3,4,3,3,4,3,3,19940127
1994,01,28,4,3,3,5,3,2,2,1,19940128
1994,01,29,1,2,3,3,3,2,1,2,19940129
1994,01,30,3,1,2,3,3,3,3,1,19940130
1994,01,31,2,1,3,2,2,2,2,3,19940131
1994,02,01,2,1,2,3,2,1,1,1,19940201
1994,02,02,1,2,3,4,5,3,2,3,19940202
1994,02,03,1,2,3,3,3,3,2,1,19940203
1994,02,04,1,2,2,2,3,2,3,2,19940204
1994,02,05,3,2,3,5,4,4,3,4,19940205
1994,02,06,4,4,3,6,6,7,5,5,19940206
1994,02,07,4,6,4,7,6,5,5,3,19940207
1994,02,08,6,5,6,6,6,4,5,5,19940208
1994,02,09,4,4,4,5,4,4,5,5,19940209
1994,02,10,4,5,5,5,4,3,3,4,19940210
1994,02,11,4,5,5,6,5,5,4,4,19940211
1994,02,12,4,5,4,4,6,4,4,4,19940212
1994,02,13,4,3,3,5,4,5,5,4,19940213
1994,02,14,4,4,4,3,3,5,4,4,19940214
1994,02,15,4,3,3,3,5,3,3,3,19940215
1994,02,16,3,4,3,3,3,3,3,2,19940216
1994,02,17,2,2,3,3,2,2,2,2,19940217
1994,02,18,2,2,2,3,2,2,1,3,19940218
1994,02,19,3,3,4,4,3,3,4,3,19940219
1994,02,20,4,3,3,3,3,2,2,2,19940220
1994,02,21,2,2,3,7,7,7,5,6,19940221
1994,02,22,7,6,4,5,4,3,3,3,19940222
1994,02,23,2,3,3,3,2,2,3,2,19940223
1994,02,24,1,1,1,2,2,1,2,1,19940224
1994,02,25,1,2,5,4,2,2,3,2,19940225
1994,02,26,2,1,2,2,2,1,1,1,19940226
1994,02,27,1,2,3,3,2,1,2,0,19940227
1994,02,28,1,1,3,3,2,1,2,3,19940228
1994,03,01,3,1,4,3,2,2,2,3,19940301
1994,03,02,3,1,2,3,3,2,3,4,19940302
1994,03,03,3,4,5,6,4,1,2,2,19940303
1994,03,04,1,1,1,2,1,1,1,1,19940304
1994,03,05,1,1,1,2,1,1,2,3,19940305
1994,03,06,2,2,3,3,1,2,2,3,19940306
1994,03,07,5,3,5,6,5,5,6,5,19940307
1994,03,08,5,6,6,5,4,5,4,4,19940308
1994,03,09,4,6,7,5,5,5,5,5,19940309
1994,03,10,4,4,6,5,4,4,4,5,19940310
1994,03,11,5,5,5,5,4,4,3,4,19940311
1994,03,12,4,4,6,5,5,3,4,4,19940312
1994,03,13,5,5,3,4,3,3,3,4,19940313
1994,03,14,4,5,5,4,4,4,4,4,19940314
1994,03,15,5,6,5,5,5,5,4,4,19940315
1994,03,16,4,3,4,3,3,4,3,3,19940316
1994,03,17,4,5,5,5,4,3,4,3,19940317
1994,03,18,4,4,4,2,3,2,2,5,19940318
1994,03,19,4,4,3,4,3,2,2,3,19940319
1994,03,20,3,3,3,3,2,2,3,3,19940320
1994,03,21,3,6,4,4,4,4,4,3,19940321
1994,03,22,4,3,2,3,5,3,3,3,19940322
1994,03,23,3,5,3,3,4,3,2,2,19940323
1994,03,24,4,3,2,5,4,2,2,2,19940324
1994,03,25,3,2,3,3,3,3,3,3,19940325
1994,03,26,2,2,3,3,2,3,2,2,19940326
1994,03,27,2,1,3,1,2,2,3,3,19940327
1994,03,28,1,3,3,2,3,3,2,2,19940328
1994,03,29,2,1,2,2,2,1,2,2,19940329
1994,03,30,1,1,1,4,3,3,3,3,19940330
1994,03,31,2,2,1,2,2,2,2,1,19940331
1994,04,01,1,2,2,2,2,2,2,2,19940401
1994,04,02,3,2,4,5,4,5,5,5,19940402
1994,04,03,5,7,7,6,5,5,5,7,19940403
1994,04,04,6,6,7,5,4,4,3,4,19940404
1994,04,05,4,4,5,5,4,4,3,5,19940405
1994,04,06,5,5,6,6,5,5,4,4,19940406
1994,04,07,5,5,6,5,4,3,3,4,19940407
1994,04,08,5,6,5,5,5,3,3,4,19940408
1994,04,09,6,5,5,6,5,4,4,4,19940409
1994,04,10,5,5,4,5,5,4,3,4,19940410
1994,04,11,4,6,6,5,4,3,3,4,19940411
1994,04,12,5,5,5,3,3,3,4,4,19940412
1994,04,13,3,4,5,4,3,4,4,4,19940413
1994,04,14,5,4,3,5,4,3,3,4,19940414
1994,04,15,4,3,3,3,3,3,3,4,19940415
1994,04,16,3,6,5,2,3,3,5,4,19940416
1994,04,17,7,8,9,8,5,3,3,4,19940417
1994,04,18,3,4,4,3,4,4,3,3,19940418
1994,04,19,5,3,4,4,2,2,3,3,19940419
1994,04,20,3,3,3,3,2,2,1,2,19940420
1994,04,21,2,2,3,1,2,2,3,3,19940421
1994,04,22,2,2,2,2,3,2,2,2,19940422
1994,04,23,1,1,2,3,2,2,3,3,19940423
1994,04,24,2,2,3,3,2,2,1,2,19940424
1994,04,25,2,2,2,1,1,2,2,3,19940425
1994,04,26,1,2,3,2,1,2,1,2,19940426
1994,04,27,1,1,2,2,2,2,1,1,19940427
1994,04,28,1,1,1,1,2,1,1,1,19940428
1994,04,29,1,2,3,1,1,0,1,3,19940429
1994,04,30,0,1,1,0,1,0,1,1,19940430
1994,05,01,1,2,4,4,5,5,5,6,19940501
1994,05,02,5,6,5,4,4,3,4,6,19940502
1994,05,03,6,7,6,5,4,3,3,3,19940503
1994,05,04,4,5,4,3,4,4,3,3,19940504
1994,05,05,5,5,5,4,4,4,4,4,19940505
1994,05,06,4,5,6,4,3,3,3,5,19940506
1994,05,07,6,6,6,5,4,3,4,3,19940507
1994,05,08,5,5,6,5,4,3,4,4,19940508
1994,05,09,4,5,4,5,3,3,3,3,19940509
1994,05,10,4,4,6,3,3,3,3,5,19940510
1994,05,11,4,5,4,4,3,3,3,4,19940511
1994,05,12,3,3,3,2,1,2,2,3,19940512
1994,05,13,3,3,2,2,1,2,2,3,19940513
1994,05,14,2,5,5,3,3,3,3,3,19940514
1994,05,15,3,3,5,6,4,3,4,4,19940515
1994,05,16,4,4,5,4,6,4,3,3,19940516
1994,05,17,4,4,3,3,2,3,2,3,19940517
1994,05,18,4,4,4,3,3,3,2,4,19940518
1994,05,19,3,4,3,3,3,2,2,2,19940519
1994,05,20,2,3,2,2,2,3,2,2,19940520
1994,05,21,2,2,1,2,2,2,2,2,19940521
1994,05,22,2,2,2,2,3,3,3,2,19940522
1994,05,23,2,2,1,2,2,3,3,3,19940523
1994,05,24,3,5,4,3,3,3,3,3,19940524
1994,05,25,3,5,4,4,2,3,2,4,19940525
1994,05,26,2,3,4,4,2,3,2,2,19940526
1994,05,27,2,2,1,2,2,2,2,2,19940527
1994,05,28,1,1,1,3,4,5,5,4,19940528
1994,05,29,5,6,5,5,4,5,3,4,19940529
1994,05,30,5,7,5,5,4,4,4,4,19940530
1994,05,31,4,6,5,5,3,3,4,3,19940531
1994,06,01,4,4,5,5,3,3,3,3,19940601
1994,06,02,4,4,4,4,3,3,3,3,19940602
1994,06,03,4,4,3,3,3,3,3,4,19940603
1994,06,04,4,4,4,4,3,3,3,4,19940604
1994,06,05,3,4,4,3,3,3,3,4,19940605
1994,06,06,4,3,3,4,3,3,4,4,19940606
1994,06,07,4,3,4,3,3,3,2,3,19940607
1994,06,08,4,2,3,3,2,2,2,2,19940608
1994,06,09,2,3,4,4,2,1,2,2,19940609
1994,06,10,2,3,3,5,3,4,3,3,19940610
1994,06,11,3,3,4,5,3,2,2,3,19940611
1994,06,12,3,4,4,5,3,4,4,3,19940612
1994,06,13,3,2,2,3,2,3,3,3,19940613
1994,06,14,3,3,3,3,3,3,3,3,19940614
1994,06,15,3,2,3,3,2,2,2,2,19940615
1994,06,16,3,1,2,1,2,2,1,2,19940616
1994,06,17,1,2,2,3,3,3,3,2,19940617
1994,06,18,3,4,4,3,2,3,2,2,19940618
1994,06,19,2,2,4,6,5,3,3,3,19940619
1994,06,20,3,3,2,2,3,3,3,3,19940620
1994,06,21,2,3,3,3,3,2,2,2,19940621
1994,06,22,2,3,2,2,3,2,3,2,19940622
1994,06,23,1,1,1,0,1,3,3,2,19940623
1994,06,24,1,2,1,1,1,2,2,2,19940624
1994,06,25,0,1,0,1,2,1,1,3,19940625
1994,06,26,3,4,4,4,4,4,5,4,19940626
1994,06,27,6,4,5,2,3,3,2,3,19940627
1994,06,28,4,2,2,3,3,3,3,5,19940628
1994,06,29,4,5,4,3,3,3,4,4,19940629
1994,06,30,3,4,4,4,3,3,3,3,19940630
1994,07,01,4,4,5,4,3,3,3,4,19940701
1994,07,02,3,5,5,5,3,3,3,4,19940702
1994,07,03,3,3,4,4,2,2,3,3,19940703
1994,07,04,3,3,3,2,2,3,3,3,19940704
1994,07,05,2,2,2,1,2,3,2,3,19940705
1994,07,06,2,2,3,3,2,2,3,4,19940706
1994,07,07,3,4,3,3,4,3,3,3,19940707
1994,07,08,2,2,1,1,2,2,2,2,19940708
1994,07,09,2,1,0,1,2,3,2,2,19940709
1994,07,10,1,1,1,1,2,2,2,2,19940710
1994,07,11,1,1,0,0,2,2,2,2,19940711
1994,07,12,1,1,0,0,1,2,1,2,19940712
1994,07,13,2,0,1,0,1,1,2,2,19940713
1994,07,14,1,1,2,4,5,5,4,5,19940714
1994,07,15,4,3,3,2,3,3,3,4,19940715
1994,07,16,5,4,3,5,4,3,3,3,19940716
1994,07,17,4,4,3,4,3,2,3,3,19940717
1994,07,18,3,3,3,3,3,2,2,2,19940718
1994,07,19,3,3,3,3,2,2,2,3,19940719
1994,07,20,2,1,3,2,2,2,1,2,19940720
1994,07,21,2,3,4,3,3,2,2,3,19940721
1994,07,22,2,3,2,2,2,1,1,1,19940722
1994,07,23,1,3,1,2,2,2,2,3,19940723
1994,07,24,2,2,2,1,2,2,3,3,19940724
1994,07,25,3,2,2,2,3,2,2,3,19940725
1994,07,26,1,2,1,2,1,2,2,3,19940726
1994,07,27,3,5,2,2,1,2,2,3,19940727
1994,07,28,3,4,2,3,3,3,3,3,19940728
1994,07,29,3,3,3,2,2,3,3,3,19940729
1994,07,30,3,3,2,2,2,2,2,3,19940730
1994,07,31,3,2,1,3,2,2,2,3,19940731
1994,08,01,3,2,2,2,2,2,2,2,19940801
1994,08,02,2,1,1,1,1,2,2,2,19940802
1994,08,03,2,1,0,1,1,1,2,2,19940803
1994,08,04,1,0,0,0,1,2,2,1,19940804
1994,08,05,2,2,1,2,1,1,1,1,19940805
1994,08,06,1,2,2,2,2,2,2,1,19940806
1994,08,07,0,0,1,0,1,1,1,1,19940807
1994,08,08,1,0,0,0,1,1,1,2,19940808
1994,08,09,1,2,1,0,1,2,2,3,19940809
1994,08,10,3,2,3,2,4,4,4,3,19940810
1994,08,11,3,3,3,3,3,3,3,3,19940811
1994,08,12,3,4,4,2,3,3,3,3,19940812
1994,08,13,3,5,4,2,4,3,3,3,19940813
1994,08,14,4,4,5,5,4,3,3,3,19940814
1994,08,15,4,2,3,3,4,3,3,4,19940815
1994,08,16,3,3,2,3,2,1,5,3,19940816
1994,08,17,2,3,3,2,2,2,1,1,19940817
1994,08,18,0,1,2,3,2,2,2,3,19940818
1994,08,19,2,2,1,1,1,2,2,2,19940819
1994,08,20,1,3,3,2,2,2,2,2,19940820
1994,08,21,3,2,1,1,3,3,2,1,19940821
1994,08,22,2,2,1,1,2,2,3,3,19940822
1994,08,23,3,3,1,1,1,1,2,2,19940823
1994,08,24,2,2,1,1,1,2,2,2,19940824
1994,08,25,2,4,3,4,3,3,3,1,19940825
1994,08,26,0,2,2,2,1,1,1,3,19940826
1994,08,27,3,2,2,2,1,1,1,2,19940827
1994,08,28,2,3,2,2,1,2,2,1,19940828
1994,08,29,1,1,3,1,1,1,1,1,19940829
1994,08,30,1,1,1,1,1,2,2,1,19940830
1994,08,31,0,1,1,1,2,1,1,3,19940831
1994,09,01,4,3,2,3,1,1,3,3,19940901
1994,09,02,3,3,1,1,2,1,1,1,19940902
1994,09,03,2,2,2,1,1,1,1,1,19940903
1994,09,04,2,1,1,1,1,2,1,2,19940904
1994,09,05,2,2,3,3,2,2,2,2,19940905
1994,09,06,1,3,3,5,3,3,2,2,19940906
1994,09,07,3,4,4,5,5,3,4,4,19940907
1994,09,08,4,5,5,5,3,3,3,3,19940908
1994,09,09,3,4,4,5,5,4,4,3,19940909
1994,09,10,4,4,4,4,3,3,2,2,19940910
1994,09,11,3,4,4,3,3,3,3,2,19940911
1994,09,12,2,1,2,4,3,3,2,2,19940912
1994,09,13,2,3,4,3,2,3,2,3,19940913
1994,09,14,3,3,2,2,3,2,1,2,19940914
1994,09,15,2,1,2,2,2,2,2,3,19940915
1994,09,16,3,3,3,2,2,2,2,2,19940916
1994,09,17,2,3,3,3,1,3,1,2,19940917
1994,09,18,2,2,2,1,1,1,1,1,19940918
1994,09,19,3,1,2,1,1,1,1,1,19940919
1994,09,20,1,1,1,1,1,1,1,2,19940920
1994,09,21,2,1,1,1,2,2,2,3,19940921
1994,09,22,2,1,0,0,0,1,1,1,19940922
1994,09,23,1,1,0,1,1,2,1,1,19940923
1994,09,24,2,3,2,1,1,1,1,2,19940924
1994,09,25,2,1,1,0,2,2,4,4,19940925
1994,09,26,3,4,4,5,3,2,2,2,19940926
1994,09,27,4,3,4,4,3,2,2,3,19940927
1994,09,28,4,3,4,4,2,2,2,1,19940928
1994,09,29,2,2,3,2,1,1,1,1,19940929
1994,09,30,2,2,2,2,1,1,1,1,19940930
1994,10,01,1,1,1,1,0,1,1,0,19941001
1994,10,02,1,0,1,2,2,3,2,4,19941002
1994,10,03,6,7,6,6,6,4,5,3,19941003
1994,10,04,5,4,4,4,4,3,3,4,19941004
1994,10,05,4,4,4,5,5,4,4,3,19941005
1994,10,06,4,5,5,5,4,4,3,4,19941006
1994,10,07,4,4,5,4,5,4,4,4,19941007
1994,10,08,3,4,4,4,3,3,3,3,19941008
1994,10,09,3,3,3,3,2,2,3,2,19941009
1994,10,10,3,3,3,3,2,3,3,3,19941010
1994,10,11,3,4,5,5,4,3,3,2,19941011
1994,10,12,2,4,4,3,3,3,3,3,19941012
1994,10,13,3,3,3,4,2,3,3,3,19941013
1994,10,14,3,2,1,3,2,2,2,2,19941014
1994,10,15,3,3,3,3,3,1,2,2,19941015
1994,10,16,3,1,2,2,2,2,1,1,19941016
1994,10,17,2,2,1,1,1,1,2,2,19941017
1994,10,18,1,1,0,1,1,1,1,2,19941018
1994,10,19,2,0,0,0,2,2,3,3,19941019
1994,10,20,3,0,0,1,2,2,2,2,19941020
1994,10,21,2,0,0,0,0,1,1,1,19941021
1994,10,22,1,1,1,4,4,3,3,5,19941022
1994,10,23,6,5,6,6,5,4,3,3,19941023
1994,10,24,4,5,5,5,4,4,3,3,19941024
1994,10,25,2,4,4,2,2,1,2,2,19941025
1994,10,26,3,2,3,3,2,2,2,2,19941026
1994,10,27,2,2,3,2,3,2,1,1,19941027
1994,10,28,1,2,3,2,2,1,2,2,19941028
1994,10,29,3,3,5,6,7,6,3,3,19941029
1994,10,30,3,5,5,6,5,4,5,4,19941030
1994,10,31,4,3,5,6,6,4,4,3,19941031
1994,11,01,4,4,4,3,3,3,2,2,19941101
1994,11,02,4,4,4,4,4,3,2,2,19941102
1994,11,03,2,3,3,3,4,3,2,2,19941103
1994,11,04,3,5,3,3,3,4,3,3,19941104
1994,11,05,4,3,2,3,3,3,3,4,19941105
1994,11,06,4,4,6,6,4,4,3,2,19941106
1994,11,07,2,3,3,4,3,1,2,1,19941107
1994,11,08,2,2,2,2,3,2,2,2,19941108
1994,11,09,2,2,3,3,3,3,3,4,19941109
1994,11,10,2,4,4,3,3,2,2,2,19941110
1994,11,11,2,2,3,3,2,2,1,2,19941111
1994,11,12,1,3,2,2,1,2,2,1,19941112
1994,11,13,2,2,1,2,2,1,2,1,19941113
1994,11,14,2,2,1,3,1,2,2,3,19941114
1994,11,15,2,0,3,3,2,2,2,3,19941115
1994,11,16,2,1,1,1,1,1,1,1,19941116
1994,11,17,1,3,2,1,1,2,2,1,19941117
1994,11,18,1,1,1,2,3,2,2,1,19941118
1994,11,19,3,4,3,3,2,3,3,3,19941119
1994,11,20,3,4,5,5,4,2,2,2,19941120
1994,11,21,2,2,3,2,2,1,1,1,19941121
1994,11,22,1,3,1,3,1,1,1,1,19941122
1994,11,23,1,1,1,2,1,1,0,1,19941123
1994,11,24,1,2,3,1,1,1,2,0,19941124
1994,11,25,0,1,1,0,1,1,2,1,19941125
1994,11,26,0,2,4,7,7,3,3,2,19941126
1994,11,27,3,4,4,5,5,3,3,2,19941127
1994,11,28,2,2,4,4,3,2,2,1,19941128
1994,11,29,1,3,2,3,2,2,2,2,19941129
1994,11,30,3,3,4,5,3,2,2,3,19941130
1994,12,01,3,3,3,3,2,3,2,2,19941201
1994,12,02,3,3,4,4,5,3,3,3,19941202
1994,12,03,4,3,3,2,3,2,2,2,19941203
1994,12,04,1,1,1,3,2,1,2,1,19941204
1994,12,05,1,1,1,3,3,2,1,2,19941205
1994,12,06,2,2,5,3,3,3,3,3,19941206
1994,12,07,3,3,3,3,2,2,2,3,19941207
1994,12,08,3,2,3,3,2,2,2,2,19941208
1994,12,09,4,1,2,3,2,2,3,2,19941209
1994,12,10,3,1,1,2,1,2,2,2,19941210
1994,12,11,1,2,1,1,2,2,3,2,19941211
1994,12,12,3,3,2,2,2,3,2,2,19941212
1994,12,13,3,3,4,2,2,2,1,1,19941213
1994,12,14,2,1,1,2,2,2,2,3,19941214
1994,12,15,2,2,4,4,4,4,3,5,19941215
1994,12,16,3,3,3,2,3,2,1,1,19941216
1994,12,17,2,1,3,2,2,2,1,1,19941217
1994,12,18,1,2,2,1,2,2,1,1,19941218
1994,12,19,0,3,2,3,2,1,1,1,19941219
1994,12,20,2,2,2,2,2,2,2,2,19941220
1994,12,21,1,1,2,1,2,1,0,1,19941221
1994,12,22,1,2,0,0,1,0,0,0,19941222
1994,12,23,2,1,2,3,1,2,2,2,19941223
1994,12,24,3,3,4,4,4,4,4,4,19941224
1994,12,25,4,3,3,3,4,2,2,3,19941225
1994,12,26,3,2,3,3,3,3,3,3,19941226
1994,12,27,3,2,1,2,2,2,3,3,19941227
1994,12,28,3,1,1,2,3,3,2,2,19941228
1994,12,29,3,3,3,3,3,2,1,1,19941229
1994,12,30,1,3,2,2,2,2,1,1,19941230
1994,12,31,1,2,1,2,2,2,2,1,19941231
1995,01,01,1,1,1,2,1,2,2,1,19950101
1995,01,02,1,2,3,3,2,4,4,3,19950102
1995,01,03,4,3,5,3,3,4,3,3,19950103
1995,01,04,4,2,3,4,3,3,3,3,19950104
1995,01,05,3,3,3,4,4,3,3,3,19950105
1995,01,06,2,3,3,4,4,3,3,3,19950106
1995,01,07,2,2,2,3,3,3,2,2,19950107
1995,01,08,2,2,1,2,2,2,2,1,19950108
1995,01,09,1,2,3,1,1,2,2,2,19950109
1995,01,10,1,0,2,2,2,2,2,3,19950110
1995,01,11,2,3,3,3,4,3,2,2,19950111
1995,01,12,2,1,1,1,2,1,1,1,19950112
1995,01,13,1,3,3,3,2,1,2,2,19950113
1995,01,14,1,1,2,1,1,1,1,2,19950114
1995,01,15,0,0,2,1,1,1,1,1,19950115
1995,01,16,2,2,3,5,4,2,3,3,19950116
1995,01,17,2,3,4,5,3,4,4,5,19950117
1995,01,18,5,6,5,4,2,2,2,2,19950118
1995,01,19,2,2,2,2,2,2,2,2,19950119
1995,01,20,2,1,1,2,1,1,2,2,19950120
1995,01,21,2,2,2,1,1,2,2,1,19950121
1995,01,22,2,2,1,1,3,2,1,1,19950122
1995,01,23,2,3,1,1,1,2,2,1,19950123
1995,01,24,1,1,1,2,1,1,2,1,19950124
1995,01,25,1,2,1,2,1,1,0,0,19950125
1995,01,26,1,0,0,2,1,1,1,0,19950126
1995,01,27,1,0,0,2,1,1,1,0,19950127
1995,01,28,1,1,1,1,0,1,2,1,19950128
1995,01,29,1,4,2,4,4,3,4,5,19950129
1995,01,30,4,6,4,4,4,4,4,3,19950130
1995,01,31,5,4,4,2,3,3,3,3,19950131
1995,02,01,2,3,3,3,2,2,3,2,19950201
1995,02,02,3,3,4,5,4,4,3,3,19950202
1995,02,03,4,4,4,3,4,3,4,3,19950203
1995,02,04,5,4,4,3,3,3,2,2,19950204
1995,02,05,2,2,2,1,1,2,2,1,19950205
1995,02,06,2,2,2,2,2,3,2,2,19950206
1995,02,07,2,3,2,2,1,1,1,4,19950207
1995,02,08,4,5,5,5,5,3,2,2,19950208
1995,02,09,2,3,2,2,1,2,1,1,19950209
1995,02,10,1,1,1,1,1,2,1,1,19950210
1995,02,11,2,2,5,3,5,3,3,3,19950211
1995,02,12,4,4,3,4,3,4,3,3,19950212
1995,02,13,4,3,5,5,5,5,3,3,19950213
1995,02,14,5,4,3,4,5,3,3,2,19950214
1995,02,15,3,3,3,3,2,3,3,3,19950215
1995,02,16,2,2,2,2,2,3,1,2,19950216
1995,02,17,1,2,2,2,2,2,2,2,19950217
1995,02,18,3,3,2,3,2,2,2,2,19950218
1995,02,19,1,2,1,1,1,1,1,2,19950219
1995,02,20,1,1,2,1,1,1,1,0,19950220
1995,02,21,1,1,1,2,1,1,1,1,19950221
1995,02,22,0,0,1,1,0,0,0,0,19950222
1995,02,23,0,1,2,2,2,1,1,0,19950223
1995,02,24,0,0,2,1,1,1,1,0,19950224
1995,02,25,0,0,0,0,0,1,1,1,19950225
1995,02,26,1,3,4,3,3,3,2,3,19950226
1995,02,27,2,3,3,5,4,3,4,3,19950227
1995,02,28,4,3,5,5,3,3,4,4,19950228
1995,03,01,3,4,4,5,2,4,3,3,19950301
1995,03,02,3,5,5,4,3,4,2,2,19950302
1995,03,03,3,2,2,2,2,2,2,1,19950303
1995,03,04,2,2,2,3,4,3,3,6,19950304
1995,03,05,4,2,2,4,3,3,3,2,19950305
1995,03,06,2,3,2,2,1,2,2,1,19950306
1995,03,07,1,1,1,1,1,2,1,1,19950307
1995,03,08,2,2,1,1,0,1,1,1,19950308
1995,03,09,1,3,3,2,2,2,4,4,19950309
1995,03,10,4,3,3,2,3,3,3,2,19950310
1995,03,11,4,3,4,1,3,3,3,5,19950311
1995,03,12,5,5,4,3,3,3,3,4,19950312
1995,03,13,3,4,5,5,5,5,4,3,19950313
1995,03,14,3,4,3,4,4,3,3,2,19950314
1995,03,15,3,3,4,3,3,2,2,3,19950315
1995,03,16,3,3,3,3,2,3,3,2,19950316
1995,03,17,2,3,3,2,3,3,3,2,19950317
1995,03,18,2,2,2,2,8,2,2,2,19950318
1995,03,19,2,1,2,2,2,2,2,2,19950319
1995,03,20,1,1,1,1,3,3,2,2,19950320
1995,03,21,1,1,2,0,2,2,2,1,19950321
1995,03,22,0,1,1,1,1,2,1,1,19950322
1995,03,23,1,1,1,2,3,3,2,3,19950323
1995,03,24,2,1,1,1,2,2,2,1,19950324
1995,03,25,1,3,2,2,2,1,1,1,19950325
1995,03,26,2,1,4,6,6,4,4,3,19950326
1995,03,27,3,1,4,4,5,3,3,3,19950327
1995,03,28,3,3,5,3,3,3,3,2,19950328
1995,03,29,3,5,4,4,4,2,2,3,19950329
1995,03,30,3,3,3,2,3,2,1,1,19950330
1995,03,31,1,2,2,3,2,2,2,2,19950331
1995,04,01,1,1,1,1,2,3,3,4,19950401
1995,04,02,4,5,2,4,4,2,2,1,19950402
1995,04,03,1,1,0,1,1,1,1,1,19950403
1995,04,04,1,0,*,1,1,1,1,1,19950404
1995,04,05,2,2,1,3,2,1,3,2,19950405
1995,04,06,2,1,1,0,1,1,2,3,19950406
1995,04,07,4,6,7,6,6,7,6,5,19950407
1995,04,08,3,5,5,6,4,5,3,3,19950408
1995,04,09,4,4,4,4,3,3,3,3,19950409
1995,04,10,3,4,4,5,4,3,2,3,19950410
1995,04,11,2,4,4,5,2,2,3,3,19950411
1995,04,12,4,4,3,3,3,2,3,2,19950412
1995,04,13,3,3,3,2,2,2,1,2,19950413
1995,04,14,2,2,1,1,1,1,1,2,19950414
1995,04,15,2,2,1,1,1,2,2,1,19950415
1995,04,16,1,1,2,1,1,1,2,2,19950416
1995,04,17,2,1,1,2,1,1,1,2,19950417
1995,04,18,3,1,2,2,1,2,1,1,19950418
1995,04,19,3,3,3,1,1,3,3,2,19950419
1995,04,20,2,4,3,2,2,2,2,1,19950420
1995,04,21,1,0,0,0,1,1,1,1,19950421
1995,04,22,1,2,0,2,3,3,4,3,19950422
1995,04,23,4,3,4,5,3,3,2,4,19950423
1995,04,24,4,6,5,3,3,3,3,3,19950424
1995,04,25,3,5,3,2,3,2,2,2,19950425
1995,04,26,3,4,3,3,3,3,3,4,19950426
1995,04,27,3,3,6,4,3,2,2,2,19950427
1995,04,28,2,4,3,4,3,2,2,1,19950428
1995,04,29,2,2,3,2,3,1,2,2,19950429
1995,04,30,2,1,1,1,2,1,1,2,19950430
1995,05,01,1,1,1,0,2,2,2,2,19950501
1995,05,02,2,5,5,4,4,5,4,5,19950502
1995,05,03,5,6,6,6,4,3,3,4,19950503
1995,05,04,4,6,6,3,3,3,3,3,19950504
1995,05,05,4,5,6,6,5,3,3,3,19950505
1995,05,06,5,4,5,5,3,2,3,2,19950506
1995,05,07,3,3,4,4,4,2,3,4,19950507
1995,05,08,4,5,3,3,4,3,3,3,19950508
1995,05,09,3,3,3,3,2,2,2,2,19950509
1995,05,10,2,2,1,2,2,1,2,2,19950510
1995,05,11,3,2,3,1,2,2,2,2,19950511
1995,05,12,2,2,3,2,2,2,2,2,19950512
1995,05,13,2,3,3,6,3,2,2,3,19950513
1995,05,14,1,3,3,1,2,2,1,1,19950514
1995,05,15,2,2,1,1,1,2,2,2,19950515
1995,05,16,3,4,5,4,6,4,4,5,19950516
1995,05,17,4,6,6,5,3,3,3,3,19950517
1995,05,18,3,2,2,3,3,2,3,3,19950518
1995,05,19,3,3,4,2,3,3,3,3,19950519
1995,05,20,3,3,3,4,2,2,3,3,19950520
1995,05,21,3,2,2,1,2,1,2,2,19950521
1995,05,22,3,2,2,2,2,2,2,2,19950522
1995,05,23,2,1,2,2,3,3,4,4,19950523
1995,05,24,4,6,6,5,3,3,2,2,19950524
1995,05,25,3,4,3,2,2,3,3,2,19950525
1995,05,26,2,2,2,4,4,2,3,2,19950526
1995,05,27,2,3,2,2,2,2,2,1,19950527
1995,05,28,1,3,3,1,2,2,1,1,19950528
1995,05,29,2,2,2,2,2,2,3,2,19950529
1995,05,30,2,4,5,6,5,4,4,4,19950530
1995,05,31,4,4,5,4,4,4,3,3,19950531
1995,06,01,5,4,5,3,4,4,3,3,19950601
1995,06,02,3,4,4,4,3,3,3,3,19950602
1995,06,03,4,4,4,4,3,3,3,3,19950603
1995,06,04,3,2,3,3,2,2,3,2,19950604
1995,06,05,2,2,2,1,1,2,2,3,19950605
1995,06,06,2,2,2,2,2,2,2,2,19950606
1995,06,07,2,2,2,2,1,1,2,3,19950607
1995,06,08,2,2,1,1,1,2,3,2,19950608
1995,06,09,2,1,1,2,2,2,2,2,19950609
1995,06,10,3,4,3,2,2,2,2,2,19950610
1995,06,11,3,3,3,1,1,1,1,1,19950611
1995,06,12,1,1,1,1,1,1,1,1,19950612
1995,06,13,1,0,1,0,1,1,2,1,19950613
1995,06,14,1,0,0,2,1,2,2,2,19950614
1995,06,15,2,1,2,2,2,2,2,2,19950615
1995,06,16,3,3,1,3,2,2,3,3,19950616
1995,06,17,2,2,1,2,1,2,2,2,19950617
1995,06,18,1,3,5,4,3,2,2,2,19950618
1995,06,19,3,4,5,4,4,3,3,3,19950619
1995,06,20,3,5,5,4,3,4,3,2,19950620
1995,06,21,3,4,4,2,3,3,2,2,19950621
1995,06,22,3,2,3,2,2,2,1,2,19950622
1995,06,23,2,3,4,2,2,2,2,2,19950623
1995,06,24,2,2,2,2,2,1,1,1,19950624
1995,06,25,1,1,2,2,3,3,4,3,19950625
1995,06,26,4,*,4,3,2,3,3,3,19950626
1995,06,27,2,2,3,1,1,3,3,2,19950627
1995,06,28,2,3,2,2,3,3,2,3,19950628
1995,06,29,2,1,1,1,2,2,3,3,19950629
1995,06,30,3,2,2,3,3,3,3,4,19950630
1995,07,01,5,3,3,2,2,2,2,2,19950701
1995,07,02,3,1,1,1,2,2,3,3,19950702
1995,07,03,2,2,2,3,2,2,2,4,19950703
1995,07,04,3,3,2,1,2,3,2,1,19950704
1995,07,05,2,1,1,1,1,2,2,1,19950705
1995,07,06,1,*,*,*,1,2,2,3,19950706
1995,07,07,2,3,1,1,*,*,*,1,19950707
1995,07,08,1,1,2,2,2,2,2,1,19950708
1995,07,09,1,1,0,2,3,2,2,1,19950709
1995,07,10,1,0,0,0,1,2,2,1,19950710
1995,07,11,0,0,0,0,0,2,2,1,19950711
1995,07,12,1,0,0,0,1,2,2,2,19950712
1995,07,13,2,2,2,1,1,2,3,1,19950713
1995,07,14,1,0,1,2,1,3,3,2,19950714
1995,07,15,2,1,1,2,2,2,2,2,19950715
1995,07,16,1,0,2,2,5,5,3,5,19950716
1995,07,17,5,5,4,3,5,4,3,3,19950717
1995,07,18,3,2,2,3,4,2,3,2,19950718
1995,07,19,2,3,3,3,2,2,3,3,19950719
1995,07,20,3,2,2,3,2,2,2,2,19950720
1995,07,21,2,2,2,2,2,2,2,1,19950721
1995,07,22,1,2,2,2,3,2,2,2,19950722
1995,07,23,2,1,1,1,2,2,2,2,19950723
1995,07,24,3,3,6,4,3,2,4,4,19950724
1995,07,25,4,3,2,2,2,2,2,2,19950725
1995,07,26,2,3,2,2,2,2,2,2,19950726
1995,07,27,1,2,1,1,2,1,1,2,19950727
1995,07,28,2,1,1,1,1,2,2,3,19950728
1995,07,29,3,2,0,0,1,2,1,2,19950729
1995,07,30,2,1,0,2,1,2,2,2,19950730
1995,07,31,2,3,2,0,1,1,2,3,19950731
1995,08,01,2,1,1,3,1,2,1,1,19950801
1995,08,02,1,1,1,1,1,2,2,1,19950802
1995,08,03,2,2,3,3,2,2,1,2,19950803
1995,08,04,1,2,2,0,1,2,2,3,19950804
1995,08,05,1,1,1,2,2,2,2,3,19950805
1995,08,06,1,1,2,1,1,1,2,2,19950806
1995,08,07,0,1,1,2,3,2,3,3,19950807
1995,08,08,4,4,3,2,2,2,3,3,19950808
1995,08,09,4,4,3,3,3,3,3,3,19950809
1995,08,10,4,4,4,4,2,2,2,3,19950810
1995,08,11,2,2,3,2,3,2,2,2,19950811
1995,08,12,3,2,1,3,3,2,2,3,19950812
1995,08,13,3,4,3,2,2,2,2,3,19950813
1995,08,14,4,3,5,5,2,2,2,3,19950814
1995,08,15,4,4,3,3,3,2,2,3,19950815
1995,08,16,3,4,4,3,2,2,1,2,19950816
1995,08,17,2,2,2,4,3,3,2,2,19950817
1995,08,18,2,1,2,1,2,2,2,2,19950818
1995,08,19,2,1,4,2,1,2,2,3,19950819
1995,08,20,2,2,2,1,2,2,1,2,19950820
1995,08,21,1,1,1,2,1,2,2,1,19950821
1995,08,22,1,0,1,0,2,2,2,4,19950822
1995,08,23,4,4,4,4,1,1,2,2,19950823
1995,08,24,2,1,1,1,2,2,2,3,19950824
1995,08,25,4,4,4,5,2,2,3,3,19950825
1995,08,26,2,3,3,2,2,2,1,2,19950826
1995,08,27,2,2,1,2,1,2,2,3,19950827
1995,08,28,1,1,1,2,2,2,2,1,19950828
1995,08,29,3,3,4,4,2,2,3,2,19950829
1995,08,30,1,3,3,1,2,1,2,1,19950830
1995,08,31,1,0,1,1,2,2,3,2,19950831
1995,09,01,2,0,1,1,1,1,3,1,19950901
1995,09,02,1,1,0,1,1,2,3,1,19950902
1995,09,03,2,1,1,0,0,1,1,0,19950903
1995,09,04,1,1,2,1,1,2,1,2,19950904
1995,09,05,2,3,4,5,6,4,5,5,19950905
1995,09,06,6,3,4,5,3,3,2,3,19950906
1995,09,07,4,4,4,5,3,3,3,2,19950907
1995,09,08,3,5,6,6,4,4,3,2,19950908
1995,09,09,3,5,4,3,3,2,1,2,19950909
1995,09,10,2,1,3,3,2,2,3,3,19950910
1995,09,11,5,5,5,5,3,3,3,3,19950911
1995,09,12,3,4,2,3,2,2,3,4,19950912
1995,09,13,3,4,4,5,3,2,2,3,19950913
1995,09,14,3,3,3,2,2,2,2,3,19950914
1995,09,15,3,5,5,5,6,3,2,2,19950915
1995,09,16,2,2,4,3,2,2,2,2,19950916
1995,09,17,3,2,1,2,2,1,2,1,19950917
1995,09,18,1,1,1,1,1,1,2,2,19950918
1995,09,19,1,1,1,1,1,1,1,1,19950919
1995,09,20,2,2,3,2,2,2,1,3,19950920
1995,09,21,2,1,1,1,2,3,2,2,19950921
1995,09,22,1,0,0,1,2,2,2,2,19950922
1995,09,23,4,3,0,2,4,3,3,2,19950923
1995,09,24,2,3,3,3,1,2,2,1,19950924
1995,09,25,2,3,3,1,2,2,1,1,19950925
1995,09,26,1,2,2,3,1,1,2,1,19950926
1995,09,27,2,3,3,4,4,5,5,5,19950927
1995,09,28,3,3,5,6,3,2,3,1,19950928
1995,09,29,1,1,2,2,2,1,1,0,19950929
1995,09,30,0,1,2,2,2,1,1,2,19950930
1995,10,01,1,0,1,1,1,1,1,2,19951001
1995,10,02,3,0,3,3,4,2,2,3,19951002
1995,10,03,4,3,3,4,4,4,3,3,19951003
1995,10,04,3,4,4,7,6,5,3,4,19951004
1995,10,05,4,4,4,5,5,2,2,4,19951005
1995,10,06,2,4,4,5,3,3,2,4,19951006
1995,10,07,4,5,6,5,4,2,2,2,19951007
1995,10,08,3,3,3,5,5,3,4,2,19951008
1995,10,09,1,3,5,6,3,4,3,3,19951009
1995,10,10,3,4,4,2,3,2,2,1,19951010
1995,10,11,2,4,4,2,3,3,2,2,19951011
1995,10,12,3,5,5,5,4,3,2,3,19951012
1995,10,13,4,3,3,3,2,2,2,2,19951013
1995,10,14,2,2,2,2,2,2,2,2,19951014
1995,10,15,2,1,1,1,2,2,1,2,19951015
1995,10,16,1,2,1,2,2,2,2,2,19951016
1995,10,17,2,3,4,2,2,2,2,1,19951017
1995,10,18,2,2,1,3,3,3,4,6,19951018
1995,10,19,6,6,6,4,2,2,3,3,19951019
1995,10,20,2,6,4,6,4,4,3,2,19951020
1995,10,21,2,2,3,3,3,3,2,2,19951021
1995,10,22,2,3,3,2,2,2,3,2,19951022
1995,10,23,3,5,3,4,3,3,3,3,19951023
1995,10,24,3,2,2,2,3,3,2,1,19951024
1995,10,25,2,3,2,1,1,2,1,1,19951025
1995,10,26,1,1,1,2,2,1,2,2,19951026
1995,10,27,2,1,1,1,2,3,2,1,19951027
1995,10,28,1,1,1,1,1,1,1,1,19951028
1995,10,29,1,2,3,1,2,0,1,1,19951029
1995,10,30,1,0,1,2,4,4,2,3,19951030
1995,10,31,4,3,3,2,2,3,3,3,19951031
1995,11,01,4,4,5,3,4,2,*,*,19951101
1995,11,02,*,*,*,*,*,*,*,*,19951102
1995,11,03,*,1,3,3,0,1,1,0,19951103
1995,11,04,0,2,2,3,3,*,2,1,19951104
1995,11,05,1,1,1,2,3,3,2,3,19951105
1995,11,06,4,3,5,2,5,2,2,2,19951106
1995,11,07,2,3,3,3,2,2,1,2,19951107
1995,11,08,1,2,2,2,2,2,3,2,19951108
1995,11,09,1,2,1,1,1,1,1,2,19951109
1995,11,10,2,2,1,1,1,1,1,1,19951110
1995,11,11,1,2,1,2,1,1,1,3,19951111
1995,11,12,2,3,3,2,2,2,3,1,19951112
1995,11,13,1,1,2,0,1,2,1,1,19951113
1995,11,14,1,1,0,1,1,1,1,1,19951114
1995,11,15,1,2,0,0,0,1,0,0,19951115
1995,11,16,0,*,0,1,1,1,1,3,19951116
1995,11,17,3,2,1,1,1,1,1,1,19951117
1995,11,18,0,1,2,1,0,1,1,1,19951118
1995,11,19,2,4,3,1,1,1,1,2,19951119
1995,11,20,1,1,3,2,1,0,1,0,19951120
1995,11,21,0,1,1,0,0,1,0,0,19951121
1995,11,22,0,1,0,1,1,3,1,1,19951122
1995,11,23,1,0,1,2,0,1,1,1,19951123
1995,11,24,0,0,0,0,0,1,1,0,19951124
1995,11,25,1,0,0,0,0,0,1,0,19951125
1995,11,26,1,1,0,0,0,0,0,0,19951126
1995,11,27,1,0,3,6,3,3,3,2,19951127
1995,11,28,1,3,2,3,1,2,2,2,19951128
1995,11,29,3,2,5,3,2,2,2,2,19951129
1995,11,30,2,4,3,3,1,1,1,0,19951130
1995,12,01,1,2,2,2,4,3,3,3,19951201
1995,12,02,3,2,3,3,3,3,2,1,19951202
1995,12,03,1,1,2,2,2,2,3,2,19951203
1995,12,04,4,5,3,4,2,1,1,1,19951204
1995,12,05,2,1,1,1,1,1,1,1,19951205
1995,12,06,1,1,1,1,1,1,1,1,19951206
1995,12,07,1,1,0,0,2,1,1,1,19951207
1995,12,08,0,1,0,1,0,1,1,0,19951208
1995,12,09,2,4,2,3,2,1,0,1,19951209
1995,12,10,2,3,1,0,1,0,0,0,19951210
1995,12,11,1,1,0,1,1,*,0,1,19951211
1995,12,12,1,1,0,0,1,2,3,1,19951212
1995,12,13,1,0,0,0,0,0,1,0,19951213
1995,12,14,1,1,0,0,1,1,1,0,19951214
1995,12,15,0,1,2,3,4,3,3,5,19951215
1995,12,16,3,5,5,3,4,2,1,1,19951216
1995,12,17,2,1,3,3,2,3,2,1,19951217
1995,12,18,1,1,1,2,2,0,0,0,19951218
1995,12,19,2,1,3,1,2,2,1,1,19951219
1995,12,20,0,1,1,1,2,1,1,0,19951220
1995,12,21,0,0,1,1,1,2,2,2,19951221
1995,12,22,3,3,3,4,3,2,4,3,19951222
1995,12,23,3,2,1,2,2,2,2,1,19951223
1995,12,24,1,2,5,5,5,4,2,2,19951224
1995,12,25,3,3,2,2,3,3,3,2,19951225
1995,12,26,2,3,4,2,2,2,3,2,19951226
1995,12,27,3,2,2,1,2,2,2,1,19951227
1995,12,28,1,1,2,1,1,1,1,1,19951228
1995,12,29,1,1,1,1,1,1,1,1,19951229
1995,12,30,1,0,0,0,1,1,1,1,19951230
1995,12,31,1,2,4,1,2,2,1,1,19951231
1996,01,01,0,0,1,1,1,2,2,1,19960101
1996,01,02,1,0,0,0,1,2,2,3,19960102
1996,01,03,3,0,1,2,3,1,2,2,19960103
1996,01,04,1,0,0,2,2,1,1,1,19960104
1996,01,05,2,1,2,1,2,2,2,2,19960105
1996,01,06,2,2,1,0,1,1,1,1,19960106
1996,01,07,0,1,1,0,1,0,1,2,19960107
1996,01,08,0,1,0,0,1,1,0,2,19960108
1996,01,09,0,0,0,0,1,0,1,1,19960109
1996,01,10,1,0,0,0,0,0,1,1,19960110
1996,01,11,0,0,1,1,0,0,1,2,19960111
1996,01,12,1,0,0,2,1,1,1,3,19960112
1996,01,13,3,5,5,6,5,5,2,1,19960113
1996,01,14,2,2,3,6,4,3,3,4,19960114
1996,01,15,4,3,2,3,3,2,2,3,19960115
1996,01,16,3,0,2,2,2,2,1,2,19960116
1996,01,17,2,2,2,2,2,2,3,2,19960117
1996,01,18,1,3,2,2,2,3,2,1,19960118
1996,01,19,1,1,3,2,1,2,2,3,19960119
1996,01,20,2,2,5,3,2,3,1,2,19960120
1996,01,21,1,1,3,2,1,1,2,1,19960121
1996,01,22,1,0,1,1,2,2,2,1,19960122
1996,01,23,2,0,1,2,2,2,1,1,19960123
1996,01,24,1,0,1,0,1,2,2,2,19960124
1996,01,25,1,1,1,1,0,1,1,2,19960125
1996,01,26,3,2,2,1,*,*,2,1,19960126
1996,01,27,2,1,1,2,2,2,1,2,19960127
1996,01,28,2,1,2,0,0,2,2,3,19960128
1996,01,29,3,2,5,4,2,3,3,2,19960129
1996,01,30,3,3,1,1,1,2,2,3,19960130
1996,01,31,3,1,2,1,2,1,1,*,19960131
1996,02,01,3,1,2,1,2,2,1,1,19960201
1996,02,02,2,1,1,3,2,3,2,1,19960202
1996,02,03,2,1,1,1,1,2,1,1,19960203
1996,02,04,2,2,1,1,1,2,1,2,19960204
1996,02,05,2,3,0,0,1,1,1,0,19960205
1996,02,06,1,1,0,0,0,1,2,1,19960206
1996,02,07,2,1,1,1,2,2,2,3,19960207
1996,02,08,1,1,0,1,1,2,1,2,19960208
1996,02,09,2,1,1,2,1,1,1,2,19960209
1996,02,10,1,2,2,0,2,2,3,3,19960210
1996,02,11,4,5,3,4,2,2,2,2,19960211
1996,02,12,2,3,3,3,3,2,2,3,19960212
1996,02,13,3,2,5,2,3,2,3,2,19960213
1996,02,14,4,3,3,3,3,3,2,1,19960214
1996,02,15,3,3,2,2,2,1,3,1,19960215
1996,02,16,2,2,2,2,2,3,2,3,19960216
1996,02,17,3,3,2,2,1,1,2,2,19960217
1996,02,18,2,1,2,2,2,2,3,3,19960218
1996,02,19,2,3,3,2,1,0,1,2,19960219
1996,02,20,2,2,2,1,2,2,1,2,19960220
1996,02,21,1,2,2,1,1,1,2,2,19960221
1996,02,22,2,3,3,1,0,1,1,1,19960222
1996,02,23,3,3,3,3,4,3,3,6,19960223
1996,02,24,3,5,4,3,2,2,3,3,19960224
1996,02,25,3,2,4,2,3,3,3,3,19960225
1996,02,26,3,2,3,3,3,2,2,3,19960226
1996,02,27,2,3,3,2,2,3,3,3,19960227
1996,02,28,2,3,2,2,1,2,2,1,19960228
1996,02,29,1,2,1,2,3,2,2,2,19960229
1996,03,01,1,2,1,3,1,2,1,0,19960301
1996,03,02,0,1,0,0,0,1,1,1,19960302
1996,03,03,1,1,2,2,2,2,2,1,19960303
1996,03,04,2,3,2,1,2,3,2,1,19960304
1996,03,05,2,2,2,1,1,2,2,2,19960305
1996,03,06,1,0,1,3,2,2,1,2,19960306
1996,03,07,1,1,1,1,1,1,1,1,19960307
1996,03,08,1,3,3,3,2,0,2,1,19960308
1996,03,09,1,3,2,2,2,2,2,1,19960309
1996,03,10,2,2,3,2,2,2,2,4,19960310
1996,03,11,5,6,4,3,3,3,2,3,19960311
1996,03,12,3,4,3,2,3,3,2,3,19960312
1996,03,13,3,3,3,5,4,2,2,2,19960313
1996,03,14,3,2,3,3,2,1,2,2,19960314
1996,03,15,2,3,2,2,2,2,2,2,19960315
1996,03,16,2,3,2,3,2,2,2,2,19960316
1996,03,17,3,4,3,3,3,2,2,2,19960317
1996,03,18,3,3,1,3,2,2,2,2,19960318
1996,03,19,1,3,3,3,3,2,2,3,19960319
1996,03,20,3,3,3,4,3,3,4,3,19960320
1996,03,21,4,3,3,3,4,4,4,4,19960321
1996,03,22,2,3,3,4,3,3,3,3,19960322
1996,03,23,3,3,2,2,3,2,1,2,19960323
1996,03,24,4,2,2,2,3,3,3,4,19960324
1996,03,25,4,3,3,2,3,3,2,2,19960325
1996,03,26,3,4,3,1,2,2,2,2,19960326
1996,03,27,3,3,2,3,2,2,2,2,19960327
1996,03,28,2,3,2,3,3,2,2,2,19960328
1996,03,29,2,2,1,1,2,2,2,3,19960329
1996,03,30,2,2,2,1,2,2,2,2,19960330
1996,03,31,2,2,1,2,1,2,2,1,19960331
1996,04,01,3,3,3,2,2,1,2,2,19960401
1996,04,02,1,1,1,1,1,1,1,2,19960402
1996,04,03,1,0,0,1,2,2,1,2,19960403
1996,04,04,3,2,3,1,4,3,1,2,19960404
1996,04,05,2,0,2,1,1,2,1,2,19960405
1996,04,06,1,1,1,1,1,1,1,1,19960406
1996,04,07,0,0,1,1,2,1,1,1,19960407
1996,04,08,0,1,1,1,2,2,1,3,19960408
1996,04,09,3,3,4,1,2,3,2,2,19960409
1996,04,10,3,2,2,3,1,1,1,1,19960410
1996,04,11,3,3,2,1,2,2,1,3,19960411
1996,04,12,4,5,5,5,4,3,2,3,19960412
1996,04,13,2,3,2,2,2,2,2,3,19960413
1996,04,14,3,5,5,3,4,3,3,6,19960414
1996,04,15,4,3,5,3,2,2,2,3,19960415
1996,04,16,5,3,4,3,2,2,2,3,19960416
1996,04,17,6,5,4,4,3,4,3,4,19960417
1996,04,18,7,5,4,4,3,3,3,3,19960418
1996,04,19,3,3,5,5,4,4,7,7,19960419
1996,04,20,6,4,3,4,4,5,3,2,19960420
1996,04,21,3,2,4,4,3,2,2,3,19960421
1996,04,22,3,4,2,2,2,2,2,2,19960422
1996,04,23,4,5,3,2,2,2,3,3,19960423
1996,04,24,2,2,1,1,2,1,2,2,19960424
1996,04,25,2,2,1,1,2,1,2,2,19960425
1996,04,26,2,2,1,1,2,2,2,2,19960426
1996,04,27,1,1,1,1,2,2,2,3,19960427
1996,04,28,2,2,2,1,1,2,2,2,19960428
1996,04,29,2,2,1,1,1,2,2,2,19960429
1996,04,30,2,2,1,2,2,3,2,1,19960430
1996,05,01,1,3,3,1,1,2,2,2,19960501
1996,05,02,2,1,3,2,3,2,2,2,19960502
1996,05,03,2,1,2,1,2,2,1,1,19960503
1996,05,04,3,3,2,2,2,2,2,2,19960504
1996,05,05,2,3,3,2,2,2,2,1,19960505
1996,05,06,2,2,2,1,2,1,1,3,19960506
1996,05,07,3,1,0,2,2,1,2,2,19960507
1996,05,08,3,2,3,2,2,2,2,1,19960508
1996,05,09,2,3,1,1,2,2,2,2,19960509
1996,05,10,1,3,1,1,1,2,2,2,19960510
1996,05,11,2,2,1,1,2,2,2,1,19960511
1996,05,12,2,1,1,1,2,1,2,2,19960512
1996,05,13,4,3,4,3,2,3,3,3,19960513
1996,05,14,4,3,3,2,2,2,3,3,19960514
1996,05,15,1,1,3,1,3,2,2,2,19960515
1996,05,16,2,3,4,2,2,2,2,2,19960516
1996,05,17,3,3,3,4,2,2,2,2,19960517
1996,05,18,1,2,0,0,1,2,1,1,19960518
1996,05,19,1,0,2,2,1,2,3,2,19960519
1996,05,20,4,1,1,2,3,3,3,3,19960520
1996,05,21,4,3,3,3,2,2,3,*,19960521
1996,05,22,2,1,1,1,2,2,2,3,19960522
1996,05,23,2,2,2,1,1,2,2,2,19960523
1996,05,24,2,2,2,1,2,2,3,2,19960524
1996,05,25,2,4,0,1,2,2,2,3,19960525
1996,05,26,3,2,3,1,2,2,1,1,19960526
1996,05,27,1,0,2,3,3,3,3,2,19960527
1996,05,28,2,2,2,0,1,2,1,1,19960528
1996,05,29,1,1,2,3,3,3,3,3,19960529
1996,05,30,3,1,2,3,2,2,2,2,19960530
1996,05,31,2,2,3,3,1,2,2,3,19960531
1996,06,01,2,2,1,1,1,2,1,1,19960601
1996,06,02,1,1,1,1,1,3,3,2,19960602
1996,06,03,1,1,1,2,1,2,2,2,19960603
1996,06,04,1,2,2,1,1,2,2,2,19960604
1996,06,05,1,2,2,2,1,2,2,3,19960605
1996,06,06,2,4,4,4,2,3,2,1,19960606
1996,06,07,2,2,2,2,1,1,2,1,19960607
1996,06,08,0,1,2,2,2,2,2,2,19960608
1996,06,09,2,1,2,1,1,1,2,1,19960609
1996,06,10,1,3,1,2,2,2,2,1,19960610
1996,06,11,0,1,1,1,1,2,2,2,19960611
1996,06,12,1,2,2,1,1,1,1,1,19960612
1996,06,13,1,2,0,0,0,1,0,1,19960613
1996,06,14,1,1,1,1,2,2,1,2,19960614
1996,06,15,1,1,1,2,1,2,3,2,19960615
1996,06,16,2,2,0,1,2,1,1,1,19960616
1996,06,17,2,3,1,3,2,2,2,2,19960617
1996,06,18,1,1,1,1,1,1,1,3,19960618
1996,06,19,4,4,3,2,2,2,2,2,19960619
1996,06,20,3,2,1,2,2,1,2,1,19960620
1996,06,21,1,0,2,2,2,2,2,2,19960621
1996,06,22,2,0,0,0,2,2,2,2,19960622
1996,06,23,1,1,0,1,2,2,1,1,19960623
1996,06,24,3,2,2,1,2,2,3,2,19960624
1996,06,25,1,0,0,1,1,1,2,3,19960625
1996,06,26,2,1,1,1,1,2,1,2,19960626
1996,06,27,1,2,2,3,1,2,2,2,19960627
1996,06,28,2,2,3,1,1,1,2,2,19960628
1996,06,29,3,2,1,1,2,3,3,3,19960629
1996,06,30,2,3,3,1,1,2,2,2,19960630
1996,07,01,1,1,0,0,2,2,3,3,19960701
1996,07,02,3,2,1,1,1,2,2,3,19960702
1996,07,03,3,4,3,3,2,2,2,2,19960703
1996,07,04,3,4,4,2,2,2,2,2,19960704
1996,07,05,3,4,3,4,2,2,2,2,19960705
1996,07,06,0,2,1,2,2,2,2,2,19960706
1996,07,07,1,3,4,1,2,3,2,1,19960707
1996,07,08,2,2,4,2,3,3,2,3,19960708
1996,07,09,2,2,1,1,1,1,1,1,19960709
1996,07,10,0,1,2,1,1,2,2,1,19960710
1996,07,11,1,1,1,1,2,2,3,1,19960711
1996,07,12,2,3,3,2,2,3,2,2,19960712
1996,07,13,3,1,1,2,2,2,2,2,19960713
1996,07,14,2,2,2,1,1,1,2,3,19960714
1996,07,15,2,1,1,2,3,3,3,2,19960715
1996,07,16,1,2,1,2,3,2,2,1,19960716
1996,07,17,4,3,2,2,3,2,2,2,19960717
1996,07,18,3,3,2,1,1,2,2,2,19960718
1996,07,19,2,2,1,1,1,1,1,2,19960719
1996,07,20,3,3,3,3,3,2,2,1,19960720
1996,07,21,2,2,1,2,2,3,2,2,19960721
1996,07,22,2,3,2,1,1,1,2,2,19960722
1996,07,23,2,3,1,2,1,2,1,1,19960723
1996,07,24,1,1,1,2,1,2,1,2,19960724
1996,07,25,2,2,1,2,1,2,3,2,19960725
1996,07,26,2,2,2,1,1,2,2,2,19960726
1996,07,27,1,2,1,2,1,2,1,1,19960727
1996,07,28,2,1,1,1,2,4,4,2,19960728
1996,07,29,2,3,3,1,2,2,2,1,19960729
1996,07,30,2,2,3,1,2,2,3,3,19960730
1996,07,31,3,2,2,4,4,3,3,3,19960731
1996,08,01,2,3,3,2,3,3,2,3,19960801
1996,08,02,3,1,3,4,3,2,1,2,19960802
1996,08,03,2,3,2,3,2,1,2,2,19960803
1996,08,04,1,1,3,3,1,2,2,1,19960804
1996,08,05,2,3,2,1,2,2,2,2,19960805
1996,08,06,1,3,1,1,3,3,3,2,19960806
1996,08,07,1,2,2,1,1,2,2,1,19960807
1996,08,08,2,2,1,1,1,2,2,2,19960808
1996,08,09,2,0,0,1,2,2,2,3,19960809
1996,08,10,2,2,1,0,1,1,1,1,19960810
1996,08,11,2,1,2,0,1,2,2,2,19960811
1996,08,12,1,2,2,2,2,2,1,2,19960812
1996,08,13,2,2,1,2,2,2,1,2,19960813
1996,08,14,2,2,2,3,4,3,3,3,19960814
1996,08,15,2,2,2,3,2,2,2,2,19960815
1996,08,16,2,1,3,2,2,3,3,2,19960816
1996,08,17,4,3,3,3,3,2,2,2,19960817
1996,08,18,1,1,0,3,2,2,1,1,19960818
1996,08,19,2,1,1,2,1,1,1,2,19960819
1996,08,20,2,3,3,2,2,2,2,2,19960820
1996,08,21,0,2,1,2,2,2,2,2,19960821
1996,08,22,1,1,1,1,1,2,2,2,19960822
1996,08,23,2,4,5,4,3,1,2,2,19960823
1996,08,24,2,2,3,2,1,2,2,3,19960824
1996,08,25,4,3,4,4,3,3,2,2,19960825
1996,08,26,3,4,4,3,1,1,3,2,19960826
1996,08,27,3,3,4,3,2,3,3,3,19960827
1996,08,28,3,3,3,3,3,3,4,3,19960828
1996,08,29,4,6,6,5,4,3,3,4,19960829
1996,08,30,5,3,4,1,1,2,2,3,19960830
1996,08,31,3,3,4,4,3,2,2,2,19960831
1996,09,01,2,1,1,3,1,1,1,1,19960901
1996,09,02,1,2,2,2,2,2,1,1,19960902
1996,09,03,1,2,1,2,1,1,1,2,19960903
1996,09,04,1,1,1,2,2,4,2,4,19960904
1996,09,05,2,2,2,1,1,2,2,2,19960905
1996,09,06,2,1,1,2,1,2,1,3,19960906
1996,09,07,3,3,4,3,1,2,2,2,19960907
1996,09,08,2,3,0,2,1,2,3,3,19960908
1996,09,09,1,2,0,3,2,1,2,4,19960909
1996,09,10,5,5,5,5,4,3,3,2,19960910
1996,09,11,3,4,4,4,3,3,3,3,19960911
1996,09,12,4,4,4,3,3,3,2,3,19960912
1996,09,13,4,3,2,3,3,2,3,3,19960913
1996,09,14,3,3,3,3,2,2,2,2,19960914
1996,09,15,2,2,3,3,4,2,4,4,19960915
1996,09,16,3,4,5,3,3,4,2,2,19960916
1996,09,17,3,2,0,2,1,2,1,2,19960917
1996,09,18,4,1,3,5,5,3,3,3,19960918
1996,09,19,1,0,2,3,3,4,3,2,19960919
1996,09,20,4,4,5,5,4,3,2,4,19960920
1996,09,21,5,5,4,4,3,4,3,3,19960921
1996,09,22,4,3,5,3,4,4,2,2,19960922
1996,09,23,3,5,4,5,4,4,2,3,19960923
1996,09,24,3,2,2,3,2,2,2,2,19960924
1996,09,25,1,3,3,4,3,2,1,2,19960925
1996,09,26,3,4,4,3,3,3,5,4,19960926
1996,09,27,4,4,4,4,3,2,1,2,19960927
1996,09,28,1,5,5,2,3,3,2,1,19960928
1996,09,29,2,3,3,2,1,2,2,1,19960929
1996,09,30,0,2,1,1,2,2,2,1,19960930
1996,10,01,2,1,0,0,1,2,2,2,19961001
1996,10,02,1,2,3,2,3,3,2,3,19961002
1996,10,03,2,3,4,2,2,3,3,3,19961003
1996,10,04,2,1,1,1,2,2,2,1,19961004
1996,10,05,1,1,1,1,1,0,1,1,19961005
1996,10,06,1,0,1,0,1,2,1,0,19961006
1996,10,07,0,0,0,1,1,2,2,1,19961007
1996,10,08,1,1,2,2,1,2,3,2,19961008
1996,10,09,2,5,5,3,2,2,3,3,19961009
1996,10,10,2,4,1,1,2,2,2,1,19961010
1996,10,11,1,2,1,1,3,3,3,1,19961011
1996,10,12,2,4,2,3,4,3,2,3,19961012
1996,10,13,3,5,4,5,2,2,2,3,19961013
1996,10,14,4,3,2,4,2,2,1,1,19961014
1996,10,15,2,2,2,2,1,1,1,1,19961015
1996,10,16,1,1,3,2,3,2,1,0,19961016
1996,10,17,3,1,0,1,2,2,2,3,19961017
1996,10,18,5,5,4,3,3,2,2,3,19961018
1996,10,19,5,4,4,4,5,5,3,4,19961019
1996,10,20,4,5,4,2,2,2,1,2,19961020
1996,10,21,2,2,3,3,2,2,1,1,19961021
1996,10,22,3,4,4,5,4,3,3,5,19961022
1996,10,23,7,6,4,5,2,2,2,2,19961023
1996,10,24,3,3,3,3,2,3,2,1,19961024
1996,10,25,1,2,4,3,2,2,1,1,19961025
1996,10,26,3,1,2,1,1,1,1,1,19961026
1996,10,27,0,1,1,2,1,1,2,2,19961027
1996,10,28,3,2,3,3,2,2,3,3,19961028
1996,10,29,3,3,2,3,2,3,2,3,19961029
1996,10,30,2,1,1,2,2,4,3,3,19961030
1996,10,31,4,2,2,3,1,3,1,2,19961031
1996,11,01,1,0,0,0,0,1,0,1,19961101
1996,11,02,0,1,1,0,0,0,0,1,19961102
1996,11,03,0,0,0,0,1,1,1,2,19961103
1996,11,04,3,1,2,3,3,2,2,2,19961104
1996,11,05,1,2,3,2,1,2,1,1,19961105
1996,11,06,2,3,3,3,0,1,1,2,19961106
1996,11,07,1,3,3,2,1,1,0,1,19961107
1996,11,08,1,2,2,2,0,1,0,0,19961108
1996,11,09,1,3,3,3,4,2,3,2,19961109
1996,11,10,2,2,2,3,2,1,1,0,19961110
1996,11,11,0,1,1,0,0,2,2,1,19961111
1996,11,12,3,2,4,3,2,1,0,1,19961112
1996,11,13,1,2,1,3,2,3,4,3,19961113
1996,11,14,4,1,0,4,2,3,3,2,19961114
1996,11,15,2,1,2,4,4,3,2,0,19961115
1996,11,16,1,1,4,3,1,1,1,0,19961116
1996,11,17,2,1,3,4,2,1,4,3,19961117
1996,11,18,3,4,3,3,2,3,1,1,19961118
1996,11,19,3,3,3,1,2,2,1,2,19961119
1996,11,20,1,2,2,2,1,2,2,3,19961120
1996,11,21,3,1,1,0,1,1,1,1,19961121
1996,11,22,2,1,1,1,1,1,1,0,19961122
1996,11,23,0,1,2,1,1,1,1,0,19961123
1996,11,24,0,0,2,3,3,3,2,3,19961124
1996,11,25,2,2,2,2,1,1,1,0,19961125
1996,11,26,1,0,1,1,3,2,1,2,19961126
1996,11,27,3,3,2,2,1,1,1,1,19961127
1996,11,28,2,3,0,3,2,2,1,0,19961128
1996,11,29,1,0,0,1,2,2,2,1,19961129
1996,11,30,0,0,0,0,0,0,1,1,19961130
1996,12,01,0,0,0,1,0,1,0,1,19961201
1996,12,02,1,2,0,1,1,4,3,2,19961202
1996,12,03,3,2,1,2,1,2,1,1,19961203
1996,12,04,1,0,1,1,2,3,3,3,19961204
1996,12,05,1,0,1,1,0,0,1,0,19961205
1996,12,06,0,0,0,0,0,1,1,0,19961206
1996,12,07,0,1,3,1,1,1,2,1,19961207
1996,12,08,0,0,1,1,0,0,0,1,19961208
1996,12,09,0,0,0,1,1,2,1,4,19961209
1996,12,10,3,3,4,4,4,3,3,3,19961210
1996,12,11,4,1,3,3,2,2,2,2,19961211
1996,12,12,1,3,3,3,2,2,1,1,19961212
1996,12,13,1,2,3,0,1,1,1,2,19961213
1996,12,14,0,0,1,2,2,2,3,5,19961214
1996,12,15,2,1,2,3,3,3,3,3,19961215
1996,12,16,3,2,3,3,2,1,2,3,19961216
1996,12,17,2,2,3,3,1,3,2,1,19961217
1996,12,18,0,2,2,1,0,2,1,1,19961218
1996,12,19,1,0,0,0,0,1,0,1,19961219
1996,12,20,0,0,1,0,0,1,1,1,19961220
1996,12,21,0,1,1,1,1,2,2,2,19961221
1996,12,22,0,0,0,1,3,2,2,3,19961222
1996,12,23,4,4,2,2,1,1,1,0,19961223
1996,12,24,0,1,0,0,1,2,1,1,19961224
1996,12,25,1,1,3,3,3,1,0,1,19961225
1996,12,26,2,0,0,1,1,1,1,1,19961226
1996,12,27,1,0,0,0,0,0,0,0,19961227
1996,12,28,2,0,1,3,0,1,1,0,19961228
1996,12,29,1,0,1,0,0,0,1,2,19961229
1996,12,30,3,2,1,2,3,2,1,2,19961230
1996,12,31,1,1,1,1,1,1,2,1,19961231
1997,01,01,1,1,0,0,0,1,1,2,19970101
1997,01,02,1,1,2,1,1,2,1,0,19970102
1997,01,03,1,0,0,1,0,1,1,1,19970103
1997,01,04,1,1,1,1,0,1,1,1,19970104
1997,01,05,0,1,0,0,0,1,1,1,19970105
1997,01,06,0,0,0,1,1,1,1,0,19970106
1997,01,07,2,3,2,3,2,2,2,1,19970107
1997,01,08,2,3,2,1,1,1,1,1,19970108
1997,01,09,1,0,3,1,0,1,1,1,19970109
1997,01,10,2,4,6,6,4,3,3,2,19970110
1997,01,11,4,4,2,4,4,1,2,1,19970111
1997,01,12,1,1,5,2,1,2,2,2,19970112
1997,01,13,1,2,1,2,2,1,2,0,19970113
1997,01,14,0,0,1,0,2,1,2,2,19970114
1997,01,15,1,0,2,2,2,2,1,1,19970115
1997,01,16,1,0,1,1,0,1,1,2,19970116
1997,01,17,0,0,0,0,1,2,1,1,19970117
1997,01,18,3,2,1,2,0,1,1,0,19970118
1997,01,19,0,0,0,1,2,2,2,1,19970119
1997,01,20,0,0,0,0,1,3,3,2,19970120
1997,01,21,3,2,2,2,3,3,3,1,19970121
1997,01,22,1,3,1,1,1,2,1,1,19970122
1997,01,23,2,0,2,1,1,0,1,0,19970123
1997,01,24,0,0,1,1,0,1,1,2,19970124
1997,01,25,2,1,1,1,1,1,1,2,19970125
1997,01,26,2,0,0,2,3,3,4,4,19970126
1997,01,27,3,4,1,3,1,3,3,3,19970127
1997,01,28,3,5,3,3,4,4,4,3,19970128
1997,01,29,3,3,1,1,2,1,3,2,19970129
1997,01,30,3,3,2,2,2,3,3,3,19970130
1997,01,31,3,4,0,1,1,2,2,2,19970131
1997,02,01,2,0,0,0,2,2,1,1,19970201
1997,02,02,2,4,2,1,2,3,3,2,19970202
1997,02,03,4,3,1,0,0,1,1,2,19970203
1997,02,04,1,3,1,2,2,1,1,1,19970204
1997,02,05,3,0,0,1,2,3,3,2,19970205
1997,02,06,1,3,3,2,3,2,1,1,19970206
1997,02,07,0,0,0,0,1,0,1,2,19970207
1997,02,08,2,1,1,3,6,5,3,2,19970208
1997,02,09,2,2,2,3,3,4,5,3,19970209
1997,02,10,3,4,4,4,4,3,4,3,19970210
1997,02,11,3,3,4,5,4,3,3,4,19970211
1997,02,12,3,3,3,1,0,1,1,1,19970212
1997,02,13,0,1,1,1,2,1,1,1,19970213
1997,02,14,1,1,2,1,1,2,2,1,19970214
1997,02,15,1,0,1,1,2,3,1,1,19970215
1997,02,16,0,0,3,3,3,2,2,2,19970216
1997,02,17,2,2,5,5,2,2,2,2,19970217
1997,02,18,3,2,3,2,1,2,1,1,19970218
1997,02,19,1,0,1,0,0,1,1,2,19970219
1997,02,20,0,1,2,1,1,1,0,1,19970220
1997,02,21,0,3,3,4,3,2,1,1,19970221
1997,02,22,2,2,0,1,2,3,2,2,19970222
1997,02,23,2,3,2,3,2,2,1,2,19970223
1997,02,24,0,2,3,3,3,1,1,2,19970224
1997,02,25,3,1,1,2,1,2,1,1,19970225
1997,02,26,3,3,2,3,4,3,1,1,19970226
1997,02,27,3,3,2,1,3,3,4,6,19970227
1997,02,28,5,6,5,4,3,3,3,3,19970228
1997,03,01,3,2,3,3,3,3,3,2,19970301
1997,03,02,1,4,4,4,2,3,1,2,19970302
1997,03,03,0,0,2,2,2,2,2,2,19970303
1997,03,04,2,0,1,2,1,1,1,1,19970304
1997,03,05,1,0,1,1,1,3,3,2,19970305
1997,03,06,3,3,3,2,2,2,1,0,19970306
1997,03,07,0,2,2,3,3,3,1,2,19970307
1997,03,08,2,2,1,1,2,2,1,1,19970308
1997,03,09,1,0,0,0,1,2,1,1,19970309
1997,03,10,0,0,0,1,1,2,1,1,19970310
1997,03,11,2,0,1,1,1,1,1,1,19970311
1997,03,12,1,3,3,4,3,3,2,2,19970312
1997,03,13,3,2,3,2,2,2,1,1,19970313
1997,03,14,1,2,1,1,1,1,1,2,19970314
1997,03,15,3,2,1,3,1,1,1,2,19970315
1997,03,16,2,3,3,2,1,2,2,2,19970316
1997,03,17,2,1,1,1,1,2,2,2,19970317
1997,03,18,2,3,1,2,1,2,2,1,19970318
1997,03,19,2,1,1,1,2,0,0,1,19970319
1997,03,20,0,1,1,1,0,1,2,1,19970320
1997,03,21,0,0,2,3,1,2,2,1,19970321
1997,03,22,3,3,2,3,3,2,0,1,19970322
1997,03,23,0,0,1,1,2,1,2,0,19970323
1997,03,24,1,1,1,3,2,2,2,3,19970324
1997,03,25,2,1,3,3,3,3,3,3,19970325
1997,03,26,2,3,2,3,4,3,3,4,19970326
1997,03,27,3,1,2,1,1,2,2,1,19970327
1997,03,28,1,1,1,1,3,4,4,3,19970328
1997,03,29,3,3,1,4,3,3,3,4,19970329
1997,03,30,3,3,3,3,3,2,2,1,19970330
1997,03,31,1,1,0,1,1,1,3,1,19970331
1997,04,01,3,3,3,1,1,1,1,2,19970401
1997,04,02,2,3,2,2,2,2,3,2,19970402
1997,04,03,2,3,1,0,2,2,2,2,19970403
1997,04,04,3,3,3,3,3,2,2,3,19970404
1997,04,05,3,1,1,2,2,3,3,3,19970405
1997,04,06,2,1,4,3,3,3,1,3,19970406
1997,04,07,3,2,2,1,2,2,2,3,19970407
1997,04,08,0,1,1,1,1,2,2,1,19970408
1997,04,09,1,1,0,0,2,2,1,3,19970409
1997,04,10,3,0,0,0,1,2,3,5,19970410
1997,04,11,6,7,5,2,3,3,3,4,19970411
1997,04,12,3,1,2,4,3,1,1,1,19970412
1997,04,13,1,3,2,2,3,3,2,1,19970413
1997,04,14,2,2,1,1,1,2,1,1,19970414
1997,04,15,1,0,1,1,1,1,2,1,19970415
1997,04,16,0,0,0,0,3,3,4,5,19970416
1997,04,17,5,5,5,3,2,3,3,4,19970417
1997,04,18,3,3,4,4,3,2,2,2,19970418
1997,04,19,3,3,4,3,3,2,2,2,19970419
1997,04,20,1,1,2,0,1,2,2,2,19970420
1997,04,21,1,1,1,3,4,4,4,5,19970421
1997,04,22,5,5,3,2,2,3,3,2,19970422
1997,04,23,2,2,1,2,2,2,3,4,19970423
1997,04,24,5,3,4,3,2,2,2,2,19970424
1997,04,25,2,2,3,2,1,2,2,2,19970425
1997,04,26,1,1,1,2,2,2,1,2,19970426
1997,04,27,1,0,0,0,2,2,2,1,19970427
1997,04,28,1,0,0,2,1,1,1,1,19970428
1997,04,29,0,0,0,1,1,1,2,2,19970429
1997,04,30,3,3,1,1,2,3,3,4,19970430
1997,05,01,3,1,3,2,3,4,4,5,19970501
1997,05,02,5,3,3,3,4,2,2,3,19970502
1997,05,03,2,2,2,3,3,3,3,2,19970503
1997,05,04,2,3,2,1,1,2,3,2,19970504
1997,05,05,3,2,1,2,1,1,2,2,19970505
1997,05,06,1,1,1,1,1,2,1,1,19970506
1997,05,07,2,2,2,0,1,2,2,2,19970507
1997,05,08,2,2,1,1,1,2,1,1,19970508
1997,05,09,2,2,3,2,1,2,1,1,19970509
1997,05,10,1,2,2,2,2,2,1,2,19970510
1997,05,11,3,3,3,2,1,1,1,1,19970511
1997,05,12,1,0,1,1,1,2,1,1,19970512
1997,05,13,0,0,0,0,1,2,2,1,19970513
1997,05,14,1,0,0,1,2,3,3,2,19970514
1997,05,15,3,3,6,7,7,5,3,2,19970515
1997,05,16,2,3,2,1,4,4,2,3,19970516
1997,05,17,3,4,1,2,3,3,3,2,19970517
1997,05,18,1,1,2,1,2,2,2,3,19970518
1997,05,19,1,1,1,1,1,2,2,1,19970519
1997,05,20,2,2,2,1,2,2,2,1,19970520
1997,05,21,1,1,1,2,2,2,2,2,19970521
1997,05,22,1,1,0,0,1,2,2,2,19970522
1997,05,23,0,0,1,1,1,1,2,2,19970523
1997,05,24,1,1,2,2,2,2,2,2,19970524
1997,05,25,1,3,2,1,1,2,1,1,19970525
1997,05,26,0,0,0,2,3,3,2,3,19970526
1997,05,27,4,6,4,2,2,2,2,2,19970527
1997,05,28,2,2,1,2,2,2,2,1,19970528
1997,05,29,1,1,1,0,1,1,1,2,19970529
1997,05,30,1,1,2,1,2,3,3,3,19970530
1997,05,31,2,2,1,1,2,3,3,3,19970531
1997,06,01,1,1,3,1,2,1,2,3,19970601
1997,06,02,2,1,1,1,2,2,3,3,19970602
1997,06,03,3,3,4,2,2,2,2,2,19970603
1997,06,04,2,2,1,1,1,2,3,2,19970604
1997,06,05,1,1,1,0,0,1,2,1,19970605
1997,06,06,3,2,3,2,2,2,1,2,19970606
1997,06,07,3,3,2,3,3,2,2,2,19970607
1997,06,08,1,1,3,3,3,3,3,3,19970608
1997,06,09,5,6,5,5,4,3,3,3,19970609
1997,06,10,2,2,3,1,1,2,2,2,19970610
1997,06,11,2,1,0,0,1,1,2,1,19970611
1997,06,12,2,1,1,2,2,2,2,1,19970612
1997,06,13,1,0,0,0,2,1,1,2,19970613
1997,06,14,0,0,0,0,1,2,2,1,19970614
1997,06,15,3,2,1,2,2,2,2,2,19970615
1997,06,16,1,1,0,2,2,2,3,1,19970616
1997,06,17,0,2,2,1,1,2,2,2,19970617
1997,06,18,0,1,1,1,1,2,1,2,19970618
1997,06,19,3,2,4,3,2,2,2,2,19970619
1997,06,20,2,1,1,1,2,2,1,2,19970620
1997,06,21,0,0,0,1,1,2,1,1,19970621
1997,06,22,1,3,3,2,3,2,2,2,19970622
1997,06,23,1,0,1,2,2,2,2,3,19970623
1997,06,24,1,1,1,2,2,2,2,2,19970624
1997,06,25,1,2,2,3,2,2,2,3,19970625
1997,06,26,2,2,1,0,1,2,2,2,19970626
1997,06,27,2,1,2,5,4,3,3,3,19970627
1997,06,28,3,4,2,2,2,1,2,3,19970628
1997,06,29,4,3,3,3,1,2,2,2,19970629
1997,06,30,3,1,0,0,2,2,2,2,19970630
1997,07,01,2,1,0,1,1,1,2,2,19970701
1997,07,02,1,1,0,1,1,1,2,2,19970702
1997,07,03,3,1,2,3,2,2,1,2,19970703
1997,07,04,2,2,0,1,2,3,3,2,19970704
1997,07,05,1,1,1,1,1,1,1,1,19970705
1997,07,06,0,2,1,1,1,1,1,1,19970706
1997,07,07,1,3,3,3,3,3,4,3,19970707
1997,07,08,2,2,1,1,1,2,1,2,19970708
1997,07,09,3,3,3,1,2,3,3,2,19970709
1997,07,10,1,1,4,2,2,3,2,1,19970710
1997,07,11,1,0,1,2,2,1,1,1,19970711
1997,07,12,1,1,0,0,1,2,2,1,19970712
1997,07,13,0,1,2,1,1,2,2,1,19970713
1997,07,14,0,0,0,1,1,2,1,1,19970714
1997,07,15,1,3,2,4,3,3,3,2,19970715
1997,07,16,2,3,2,1,1,2,2,2,19970716
1997,07,17,1,1,3,1,1,1,3,3,19970717
1997,07,18,3,4,3,3,2,2,2,2,19970718
1997,07,19,2,3,3,3,3,3,2,3,19970719
1997,07,20,2,1,1,3,2,2,1,2,19970720
1997,07,21,1,1,3,1,2,2,2,1,19970721
1997,07,22,1,0,0,2,2,2,2,1,19970722
1997,07,23,1,2,1,0,1,1,1,3,19970723
1997,07,24,2,1,3,3,3,2,3,3,19970724
1997,07,25,2,2,1,0,1,2,2,2,19970725
1997,07,26,1,1,2,0,1,2,2,2,19970726
1997,07,27,2,1,2,2,2,2,1,2,19970727
1997,07,28,2,0,3,1,2,1,1,1,19970728
1997,07,29,1,1,1,1,1,2,1,1,19970729
1997,07,30,3,3,1,1,1,1,2,3,19970730
1997,07,31,5,4,4,4,2,2,2,2,19970731
1997,08,01,2,3,2,2,2,2,2,3,19970801
1997,08,02,1,0,1,1,2,2,3,2,19970802
1997,08,03,2,1,2,3,4,5,3,3,19970803
1997,08,04,3,2,2,3,1,2,3,2,19970804
1997,08,05,1,1,1,1,0,1,1,1,19970805
1997,08,06,1,2,0,0,2,3,2,1,19970806
1997,08,07,1,1,1,2,2,2,2,3,19970807
1997,08,08,1,2,1,2,2,2,2,2,19970808
1997,08,09,1,0,2,1,3,3,2,2,19970809
1997,08,10,2,1,4,2,1,1,2,2,19970810
1997,08,11,2,4,2,2,3,2,2,2,19970811
1997,08,12,1,1,1,2,1,2,2,3,19970812
1997,08,13,3,2,4,3,1,2,2,3,19970813
1997,08,14,3,5,5,2,1,2,2,3,19970814
1997,08,15,1,2,3,3,2,2,2,1,19970815
1997,08,16,3,3,3,3,2,1,2,1,19970816
1997,08,17,2,1,2,3,3,3,3,2,19970817
1997,08,18,1,1,2,2,2,3,2,2,19970818
1997,08,19,2,2,0,1,2,2,2,1,19970819
1997,08,20,1,2,2,1,2,1,2,2,19970820
1997,08,21,3,4,0,2,2,2,2,3,19970821
1997,08,22,3,3,1,1,2,2,2,2,19970822
1997,08,23,1,1,0,0,1,2,1,2,19970823
1997,08,24,2,1,1,2,2,1,2,3,19970824
1997,08,25,2,1,1,2,0,1,2,1,19970825
1997,08,26,0,0,1,0,1,2,1,1,19970826
1997,08,27,0,1,3,1,1,2,1,2,19970827
1997,08,28,2,4,5,3,2,2,3,3,19970828
1997,08,29,1,3,3,5,3,3,3,3,19970829
1997,08,30,2,3,2,3,3,2,3,3,19970830
1997,08,31,1,1,1,1,1,1,1,1,19970831
1997,09,01,2,2,2,1,1,1,1,1,19970901
1997,09,02,1,2,0,0,1,2,2,3,19970902
1997,09,03,3,2,3,3,3,3,4,5,19970903
1997,09,04,5,4,4,3,3,3,3,2,19970904
1997,09,05,1,1,1,1,2,2,2,2,19970905
1997,09,06,1,3,1,3,3,1,1,1,19970906
1997,09,07,0,0,0,1,2,1,1,1,19970907
1997,09,08,0,0,0,1,3,2,4,3,19970908
1997,09,09,2,3,4,5,3,3,3,3,19970909
1997,09,10,3,2,3,3,3,3,3,3,19970910
1997,09,11,3,1,1,3,3,2,2,3,19970911
1997,09,12,4,3,3,3,4,2,3,2,19970912
1997,09,13,3,3,3,2,2,2,2,3,19970913
1997,09,14,3,3,3,4,3,2,2,2,19970914
1997,09,15,3,3,3,4,3,3,2,2,19970915
1997,09,16,2,3,3,1,2,2,2,2,19970916
1997,09,17,0,1,2,2,2,3,3,3,19970917
1997,09,18,4,5,4,3,3,3,2,2,19970918
1997,09,19,1,0,0,1,1,1,2,1,19970919
1997,09,20,2,2,3,3,2,0,1,1,19970920
1997,09,21,1,1,3,3,2,3,4,4,19970921
1997,09,22,4,4,2,0,1,1,1,1,19970922
1997,09,23,1,1,1,0,1,2,1,2,19970923
1997,09,24,1,1,1,2,1,1,1,1,19970924
1997,09,25,0,0,0,0,1,2,2,2,19970925
1997,09,26,0,0,1,2,2,2,1,1,19970926
1997,09,27,3,1,3,3,2,4,3,3,19970927
1997,09,28,2,4,5,3,3,3,2,1,19970928
1997,09,29,2,3,4,3,1,2,1,1,19970929
1997,09,30,1,3,2,2,2,2,3,2,19970930
1997,10,01,3,4,5,6,5,6,3,2,19971001
1997,10,02,1,1,1,0,2,1,0,3,19971002
1997,10,03,0,2,2,3,2,2,2,1,19971003
1997,10,04,1,0,0,1,2,1,1,1,19971004
1997,10,05,1,0,0,0,0,1,1,0,19971005
1997,10,06,0,0,0,0,0,1,2,2,19971006
1997,10,07,1,1,2,2,2,2,2,3,19971007
1997,10,08,0,1,4,3,4,3,2,3,19971008
1997,10,09,4,4,5,5,4,2,3,2,19971009
1997,10,10,2,4,5,3,3,3,4,6,19971010
1997,10,11,6,6,4,2,1,2,1,1,19971011
1997,10,12,1,3,2,2,2,2,2,2,19971012
1997,10,13,2,2,2,4,1,1,1,1,19971013
1997,10,14,0,1,2,2,2,2,1,1,19971014
1997,10,15,1,0,0,1,1,2,2,1,19971015
1997,10,16,1,0,2,1,1,1,1,1,19971016
1997,10,17,0,0,1,2,3,2,2,2,19971017
1997,10,18,1,1,2,1,0,1,0,0,19971018
1997,10,19,0,1,1,1,1,1,1,1,19971019
1997,10,20,2,1,3,1,1,2,1,1,19971020
1997,10,21,1,0,1,2,2,2,1,1,19971021
1997,10,22,2,2,1,1,2,2,2,2,19971022
1997,10,23,0,0,1,2,2,2,2,3,19971023
1997,10,24,2,3,3,5,6,3,2,3,19971024
1997,10,25,5,5,2,4,3,3,2,3,19971025
1997,10,26,4,3,0,1,3,4,3,4,19971026
1997,10,27,4,4,4,2,1,2,3,3,19971027
1997,10,28,4,3,2,3,3,3,3,3,19971028
1997,10,29,3,3,4,3,2,2,2,2,19971029
1997,10,30,2,0,3,4,3,2,2,3,19971030
1997,10,31,2,1,1,0,1,2,1,1,19971031
1997,11,01,0,4,3,2,1,2,2,1,19971101
1997,11,02,1,0,0,0,1,2,2,0,19971102
1997,11,03,0,0,0,0,1,2,2,2,19971103
1997,11,04,1,3,3,2,3,3,1,2,19971104
1997,11,05,0,1,2,4,4,3,1,0,19971105
1997,11,06,0,3,3,2,2,3,3,4,19971106
1997,11,07,5,7,6,4,4,4,3,1,19971107
1997,11,08,0,1,0,1,1,2,2,1,19971108
1997,11,09,2,2,3,2,1,1,3,3,19971109
1997,11,10,3,3,4,2,2,3,1,1,19971110
1997,11,11,1,3,2,2,2,2,1,1,19971111
1997,11,12,1,0,1,2,0,0,1,1,19971112
1997,11,13,0,1,1,2,1,2,2,1,19971113
1997,11,14,1,1,3,3,3,3,3,3,19971114
1997,11,15,2,3,2,2,2,2,3,2,19971115
1997,11,16,2,3,2,2,3,2,2,2,19971116
1997,11,17,3,3,2,1,1,2,2,2,19971117
1997,11,18,3,2,2,2,4,2,2,2,19971118
1997,11,19,0,0,0,1,1,2,1,1,19971119
1997,11,20,1,0,0,0,1,1,1,1,19971120
1997,11,21,0,0,0,0,0,0,1,1,19971121
1997,11,22,3,4,4,6,7,5,4,5,19971122
1997,11,23,6,7,5,6,5,3,4,3,19971123
1997,11,24,2,3,1,2,2,2,2,2,19971124
1997,11,25,1,0,0,0,1,1,1,1,19971125
1997,11,26,1,0,0,0,1,1,1,2,19971126
1997,11,27,0,1,0,0,1,1,2,0,19971127
1997,11,28,1,1,0,0,0,0,1,1,19971128
1997,11,29,0,0,0,0,0,1,1,1,19971129
1997,11,30,1,1,1,1,2,1,1,1,19971130
1997,12,01,0,0,0,0,1,1,1,2,19971201
1997,12,02,1,0,0,1,1,1,1,2,19971202
1997,12,03,2,0,2,2,3,2,1,2,19971203
1997,12,04,1,0,0,1,1,2,2,2,19971204
1997,12,05,1,2,3,2,2,3,2,3,19971205
1997,12,06,1,0,2,2,1,1,1,1,19971206
1997,12,07,0,0,0,1,1,1,1,0,19971207
1997,12,08,0,0,0,0,1,2,1,0,19971208
1997,12,09,0,0,0,0,0,1,1,0,19971209
1997,12,10,0,3,3,4,4,4,2,3,19971210
1997,12,11,4,4,3,4,3,2,1,1,19971211
1997,12,12,1,1,0,0,0,1,1,0,19971212
1997,12,13,0,0,0,0,1,1,1,0,19971213
1997,12,14,0,0,0,0,0,1,1,1,19971214
1997,12,15,0,0,0,1,1,2,1,0,19971215
1997,12,16,0,0,0,0,2,1,1,2,19971216
1997,12,17,1,0,1,1,1,1,1,2,19971217
1997,12,18,1,4,2,0,0,1,1,1,19971218
1997,12,19,1,0,0,0,0,1,1,0,19971219
1997,12,20,0,0,1,1,1,1,1,1,19971220
1997,12,21,2,0,1,1,1,1,1,0,19971221
1997,12,22,0,0,0,1,1,1,1,1,19971222
1997,12,23,1,0,0,0,1,1,1,2,19971223
1997,12,24,2,2,1,0,1,1,1,0,19971224
1997,12,25,1,1,0,0,0,0,1,0,19971225
1997,12,26,1,0,0,0,0,0,1,0,19971226
1997,12,27,0,0,0,0,0,0,1,0,19971227
1997,12,28,0,0,0,0,1,1,1,1,19971228
1997,12,29,0,1,0,0,0,1,1,2,19971229
1997,12,30,0,6,3,4,4,4,4,1,19971230
1997,12,31,1,1,1,1,2,1,1,0,19971231
1998,01,01,1,1,3,2,1,1,1,1,19980101
1998,01,02,1,1,2,0,2,2,1,1,19980102
1998,01,03,0,0,2,2,2,2,1,0,19980103
1998,01,04,0,0,0,0,3,2,1,1,19980104
1998,01,05,0,0,0,1,1,2,1,1,19980105
1998,01,06,3,3,1,0,3,4,3,3,19980106
1998,01,07,5,6,4,5,3,1,1,1,19980107
1998,01,08,0,0,1,2,2,2,3,3,19980108
1998,01,09,2,1,3,3,3,3,1,1,19980109
1998,01,10,1,2,2,2,3,2,2,1,19980110
1998,01,11,2,2,3,2,3,2,1,2,19980111
1998,01,12,1,1,2,2,1,1,2,0,19980112
1998,01,13,0,0,1,1,2,2,2,0,19980113
1998,01,14,2,0,0,3,3,1,0,0,19980114
1998,01,15,0,0,1,2,1,1,1,1,19980115
1998,01,16,1,1,0,1,2,3,3,3,19980116
1998,01,17,1,1,2,1,1,2,2,2,19980117
1998,01,18,1,1,3,3,4,2,2,1,19980118
1998,01,19,0,0,1,1,2,1,2,1,19980119
1998,01,20,1,3,1,1,2,4,3,3,19980120
1998,01,21,3,2,4,1,1,1,1,1,19980121
1998,01,22,1,0,0,0,1,2,2,2,19980122
1998,01,23,0,1,1,2,2,1,1,1,19980123
1998,01,24,0,1,2,1,1,2,2,2,19980124
1998,01,25,1,4,1,0,2,3,3,1,19980125
1998,01,26,0,0,1,1,1,2,2,1,19980126
1998,01,27,1,1,3,3,2,2,2,1,19980127
1998,01,28,0,0,0,0,0,2,2,1,19980128
1998,01,29,1,2,2,1,3,3,2,3,19980129
1998,01,30,3,5,4,4,4,3,2,2,19980130
1998,01,31,1,1,1,1,1,3,4,3,19980131
1998,02,01,1,2,3,3,1,1,2,2,19980201
1998,02,02,1,0,1,0,1,1,0,1,19980202
1998,02,03,0,0,0,0,2,2,1,2,19980203
1998,02,04,3,3,2,2,3,2,1,1,19980204
1998,02,05,0,1,0,0,1,2,1,1,19980205
1998,02,06,1,1,0,0,1,2,1,0,19980206
1998,02,07,0,1,1,0,1,1,1,1,19980207
1998,02,08,0,0,0,1,2,2,3,3,19980208
1998,02,09,3,2,1,2,3,2,2,1,19980209
1998,02,10,3,1,3,3,2,2,1,2,19980210
1998,02,11,3,3,1,2,3,4,3,3,19980211
1998,02,12,4,1,2,3,2,2,2,1,19980212
1998,02,13,2,2,3,2,2,1,2,1,19980213
1998,02,14,1,0,2,1,1,1,2,3,19980214
1998,02,15,2,2,0,1,0,0,1,1,19980215
1998,02,16,0,0,1,0,1,1,1,1,19980216
1998,02,17,1,0,1,1,4,3,3,5,19980217
1998,02,18,5,4,4,4,3,4,3,3,19980218
1998,02,19,3,1,1,2,1,2,3,2,19980219
1998,02,20,4,1,2,2,1,1,2,2,19980220
1998,02,21,2,0,0,1,1,2,2,1,19980221
1998,02,22,1,2,1,3,2,2,2,0,19980222
1998,02,23,1,2,3,2,3,3,3,3,19980223
1998,02,24,1,0,1,2,0,1,1,1,19980224
1998,02,25,0,0,2,1,1,2,2,1,19980225
1998,02,26,1,0,0,0,1,1,1,1,19980226
1998,02,27,0,1,2,1,1,1,2,1,19980227
1998,02,28,2,2,2,3,3,3,2,4,19980228
1998,03,01,3,3,1,2,3,3,2,3,19980301
1998,03,02,3,3,4,3,3,2,3,3,19980302
1998,03,03,3,1,1,0,0,1,1,1,19980303
1998,03,04,2,2,1,1,3,3,2,2,19980304
1998,03,05,1,1,3,3,1,1,2,3,19980305
1998,03,06,3,2,1,1,3,2,0,0,19980306
1998,03,07,2,2,3,1,1,0,1,2,19980307
1998,03,08,1,0,0,0,1,1,1,1,19980308
1998,03,09,0,0,1,1,2,1,1,1,19980309
1998,03,10,1,2,4,5,4,5,5,5,19980310
1998,03,11,4,4,6,5,3,3,2,4,19980311
1998,03,12,3,3,4,3,2,2,3,2,19980312
1998,03,13,2,3,3,4,2,3,2,3,19980313
1998,03,14,2,1,2,2,3,3,3,3,19980314
1998,03,15,5,4,5,2,3,2,2,3,19980315
1998,03,16,3,3,3,2,3,3,3,1,19980316
1998,03,17,2,2,2,3,2,2,2,2,19980317
1998,03,18,2,2,1,0,1,2,2,2,19980318
1998,03,19,1,0,0,2,1,2,2,2,19980319
1998,03,20,2,0,2,2,2,3,2,2,19980320
1998,03,21,3,2,3,5,6,6,4,2,19980321
1998,03,22,2,2,3,4,3,3,2,1,19980322
1998,03,23,2,3,1,1,1,2,2,2,19980323
1998,03,24,0,0,3,2,3,2,2,3,19980324
1998,03,25,3,3,1,4,4,4,2,2,19980325
1998,03,26,1,1,0,2,4,4,3,3,19980326
1998,03,27,3,2,3,3,3,3,3,3,19980327
1998,03,28,2,3,2,4,4,3,2,3,19980328
1998,03,29,4,3,2,2,3,4,4,3,19980329
1998,03,30,1,1,4,3,3,3,2,2,19980330
1998,03,31,3,4,4,1,2,2,2,1,19980331
1998,04,01,1,2,2,1,1,2,2,1,19980401
1998,04,02,0,0,0,1,2,2,2,3,19980402
1998,04,03,2,1,2,1,2,3,2,1,19980403
1998,04,04,2,3,3,2,3,3,1,2,19980404
1998,04,05,1,0,1,1,1,2,2,0,19980405
1998,04,06,1,0,0,2,2,2,2,1,19980406
1998,04,07,2,2,2,1,2,3,3,3,19980407
1998,04,08,3,2,2,2,2,2,3,2,19980408
1998,04,09,2,2,3,2,3,3,3,2,19980409
1998,04,10,2,2,2,3,2,4,3,3,19980410
1998,04,11,3,2,3,4,3,3,2,3,19980411
1998,04,12,3,3,2,2,2,2,2,2,19980412
1998,04,13,1,1,0,1,1,1,2,3,19980413
1998,04,14,2,3,3,2,2,3,2,1,19980414
1998,04,15,1,1,1,1,2,2,1,1,19980415
1998,04,16,2,0,2,3,2,2,1,3,19980416
1998,04,17,2,3,3,4,4,3,3,2,19980417
1998,04,18,1,0,3,3,2,2,1,1,19980418
1998,04,19,0,0,0,1,1,2,2,2,19980419
1998,04,20,0,2,3,3,4,2,2,2,19980420
1998,04,21,2,3,1,2,2,2,2,2,19980421
1998,04,22,1,3,2,1,2,2,2,2,19980422
1998,04,23,2,3,3,2,2,2,4,4,19980423
1998,04,24,5,5,6,5,4,3,2,3,19980424
1998,04,25,5,4,4,3,3,3,4,3,19980425
1998,04,26,4,5,4,4,5,4,3,4,19980426
1998,04,27,5,4,3,3,3,2,2,2,19980427
1998,04,28,3,3,3,2,2,2,2,2,19980428
1998,04,29,2,1,1,2,2,2,2,2,19980429
1998,04,30,2,1,1,3,4,4,3,3,19980430
1998,05,01,2,2,2,1,2,2,1,4,19980501
1998,05,02,3,5,5,6,7,6,4,5,19980502
1998,05,03,6,7,5,5,5,4,5,5,19980503
1998,05,04,5,9,8,6,5,3,3,3,19980504
1998,05,05,3,6,5,3,5,5,4,2,19980505
1998,05,06,2,2,1,2,3,3,2,2,19980506
1998,05,07,3,3,2,4,2,3,3,3,19980507
1998,05,08,4,4,4,4,4,4,3,3,19980508
1998,05,09,2,3,3,3,2,3,3,2,19980509
1998,05,10,2,1,3,3,3,2,2,3,19980510
1998,05,11,3,3,3,3,1,3,3,4,19980511
1998,05,12,4,4,4,4,3,3,3,3,19980512
1998,05,13,2,1,3,1,2,2,1,1,19980513
1998,05,14,1,1,2,1,2,2,2,1,19980514
1998,05,15,1,0,1,1,3,3,3,3,19980515
1998,05,16,2,3,2,1,3,3,4,3,19980516
1998,05,17,4,2,2,1,3,3,2,3,19980517
1998,05,18,3,1,2,2,4,3,3,3,19980518
1998,05,19,2,3,2,3,2,3,1,2,19980519
1998,05,20,1,0,2,3,3,3,3,2,19980520
1998,05,21,3,4,3,3,3,3,3,3,19980521
1998,05,22,3,1,1,2,2,3,2,2,19980522
1998,05,23,3,3,4,3,3,2,3,3,19980523
1998,05,24,3,3,5,2,3,3,3,2,19980524
1998,05,25,2,1,4,3,3,4,3,3,19980525
1998,05,26,3,1,1,1,2,3,3,2,19980526
1998,05,27,2,2,1,2,2,3,2,2,19980527
1998,05,28,1,2,1,1,2,3,2,3,19980528
1998,05,29,3,3,2,2,3,6,4,3,19980529
1998,05,30,5,5,5,2,3,3,2,2,19980530
1998,05,31,3,2,1,2,2,2,2,1,19980531
1998,06,01,2,1,2,1,1,3,3,2,19980601
1998,06,02,2,1,1,3,2,2,2,3,19980602
1998,06,03,2,1,3,3,3,3,3,3,19980603
1998,06,04,3,3,3,3,3,2,2,2,19980604
1998,06,05,2,3,2,3,3,3,3,2,19980605
1998,06,06,2,2,1,4,3,4,3,3,19980606
1998,06,07,5,4,4,2,2,3,3,3,19980607
1998,06,08,3,2,3,3,3,3,3,3,19980608
1998,06,09,1,1,3,3,2,2,3,2,19980609
1998,06,10,2,2,3,3,4,3,3,4,19980610
1998,06,11,3,2,2,2,2,3,2,1,19980611
1998,06,12,2,4,2,2,2,2,2,2,19980612
1998,06,13,2,1,1,1,2,2,3,2,19980613
1998,06,14,3,5,3,3,3,3,2,2,19980614
1998,06,15,2,2,2,2,3,3,3,2,19980615
1998,06,16,2,2,2,2,2,3,3,2,19980616
1998,06,17,2,2,2,1,2,2,2,2,19980617
1998,06,18,1,1,1,2,2,2,2,4,19980618
1998,06,19,3,1,4,4,3,2,3,1,19980619
1998,06,20,2,3,3,3,3,3,3,4,19980620
1998,06,21,4,3,4,4,2,2,2,3,19980621
1998,06,22,4,2,2,2,2,2,3,3,19980622
1998,06,23,2,2,2,2,2,3,3,4,19980623
1998,06,24,3,3,2,3,3,3,2,4,19980624
1998,06,25,2,3,2,2,1,2,3,3,19980625
1998,06,26,7,7,5,4,3,2,3,2,19980626
1998,06,27,1,1,1,2,2,2,1,2,19980627
1998,06,28,1,1,1,2,2,2,1,2,19980628
1998,06,29,1,1,1,1,2,2,2,1,19980629
1998,06,30,2,1,1,1,2,2,2,1,19980630
1998,07,01,1,1,1,1,2,3,3,3,19980701
1998,07,02,4,1,3,2,2,2,2,3,19980702
1998,07,03,4,3,1,1,2,2,3,3,19980703
1998,07,04,2,3,3,1,3,3,3,3,19980704
1998,07,05,4,4,2,3,3,3,4,3,19980705
1998,07,06,3,4,4,4,4,3,2,2,19980706
1998,07,07,2,2,1,2,2,2,1,1,19980707
1998,07,08,1,2,1,1,1,2,2,2,19980708
1998,07,09,0,1,1,1,3,4,3,4,19980709
1998,07,10,3,1,0,1,2,3,2,2,19980710
1998,07,11,3,2,1,2,3,3,4,3,19980711
1998,07,12,2,1,4,4,2,2,2,2,19980712
1998,07,13,2,1,1,1,2,3,2,2,19980713
1998,07,14,1,0,0,0,2,2,2,1,19980714
1998,07,15,1,0,0,0,2,2,2,3,19980715
1998,07,16,4,6,4,5,4,5,4,3,19980716
1998,07,17,3,2,4,2,2,2,2,1,19980717
1998,07,18,1,1,0,2,2,2,2,3,19980718
1998,07,19,2,3,3,3,2,2,1,2,19980719
1998,07,20,2,1,1,1,2,2,2,3,19980720
1998,07,21,2,4,4,3,2,2,3,2,19980721
1998,07,22,2,1,1,2,2,3,2,4,19980722
1998,07,23,3,5,6,5,5,4,3,4,19980723
1998,07,24,3,4,4,5,3,4,3,3,19980724
1998,07,25,3,4,4,3,2,3,3,2,19980725
1998,07,26,2,3,1,2,2,2,1,1,19980726
1998,07,27,1,1,1,3,2,2,2,2,19980727
1998,07,28,1,1,1,1,2,2,2,3,19980728
1998,07,29,2,3,2,2,2,3,3,3,19980729
1998,07,30,2,2,1,2,2,3,3,5,19980730
1998,07,31,4,4,6,5,4,4,4,4,19980731
1998,08,01,2,1,2,2,4,4,5,3,19980801
1998,08,02,3,1,2,2,1,2,3,2,19980802
1998,08,03,1,1,2,2,2,2,2,2,19980803
1998,08,04,2,3,2,2,1,2,3,2,19980804
1998,08,05,1,2,1,3,3,3,3,2,19980805
1998,08,06,2,4,6,8,7,4,3,5,19980806
1998,08,07,4,6,5,4,4,3,2,3,19980807
1998,08,08,2,4,3,3,3,3,2,2,19980808
1998,08,09,1,0,1,1,2,2,2,1,19980809
1998,08,10,3,3,4,2,4,3,3,3,19980810
1998,08,11,3,1,1,2,3,3,3,3,19980811
1998,08,12,3,3,3,1,2,2,2,3,19980812
1998,08,13,3,3,3,3,2,2,2,1,19980813
1998,08,14,1,1,2,2,3,3,2,1,19980814
1998,08,15,1,1,1,2,2,3,3,2,19980815
1998,08,16,1,1,1,1,1,2,2,2,19980816
1998,08,17,1,1,2,1,1,2,2,2,19980817
1998,08,18,1,2,2,1,2,2,3,2,19980818
1998,08,19,2,0,1,1,2,2,3,4,19980819
1998,08,20,4,3,3,4,3,4,3,3,19980820
1998,08,21,3,1,1,1,2,2,2,2,19980821
1998,08,22,2,2,4,6,4,3,3,3,19980822
1998,08,23,4,4,5,4,3,3,3,3,19980823
1998,08,24,1,3,3,2,3,3,2,3,19980824
1998,08,25,3,3,1,2,2,3,3,3,19980825
1998,08,26,2,3,5,6,5,5,5,5,19980826
1998,08,27,7,7,8,7,7,6,6,5,19980827
1998,08,28,4,5,4,3,3,4,4,3,19980828
1998,08,29,4,4,3,3,3,4,4,2,19980829
1998,08,30,3,4,3,3,3,3,3,3,19980830
1998,08,31,3,2,5,5,4,4,3,2,19980831
1998,09,01,3,4,2,3,4,4,3,3,19980901
1998,09,02,2,1,1,2,2,3,3,3,19980902
1998,09,03,3,3,1,1,2,3,2,3,19980903
1998,09,04,2,2,2,2,2,2,2,2,19980904
1998,09,05,1,1,0,2,2,2,2,3,19980905
1998,09,06,2,2,1,2,2,2,1,2,19980906
1998,09,07,1,1,1,1,2,3,3,2,19980907
1998,09,08,4,4,1,1,2,3,2,2,19980908
1998,09,09,3,3,1,3,2,2,2,1,19980909
1998,09,10,2,2,0,1,2,1,2,2,19980910
1998,09,11,1,0,1,0,2,2,2,3,19980911
1998,09,12,2,2,3,3,3,3,3,2,19980912
1998,09,13,3,2,2,2,2,2,1,2,19980913
1998,09,14,1,0,2,2,2,3,3,2,19980914
1998,09,15,1,3,3,2,1,2,2,2,19980915
1998,09,16,0,0,2,2,2,2,2,2,19980916
1998,09,17,2,2,1,0,1,2,2,2,19980917
1998,09,18,2,2,2,3,6,3,4,3,19980918
1998,09,19,2,2,1,3,3,3,3,3,19980919
1998,09,20,2,1,1,2,3,3,3,2,19980920
1998,09,21,2,3,4,4,3,3,3,2,19980921
1998,09,22,1,1,4,2,2,3,3,2,19980922
1998,09,23,3,2,3,3,3,3,3,3,19980923
1998,09,24,3,5,5,5,3,3,3,5,19980924
1998,09,25,7,8,9,7,7,5,3,3,19980925
1998,09,26,2,1,2,2,4,4,3,3,19980926
1998,09,27,3,2,1,3,4,3,3,2,19980927
1998,09,28,1,1,1,2,2,3,3,2,19980928
1998,09,29,1,3,3,1,2,3,3,3,19980929
1998,09,30,1,2,1,1,2,2,3,4,19980930
1998,10,01,5,3,4,3,3,4,3,3,19981001
1998,10,02,4,3,4,3,4,4,4,4,19981002
1998,10,03,4,4,4,2,3,2,2,2,19981003
1998,10,04,1,1,2,1,1,2,2,2,19981004
1998,10,05,1,0,0,1,2,3,3,3,19981005
1998,10,06,0,0,0,1,2,3,3,3,19981006
1998,10,07,3,2,3,3,4,5,5,3,19981007
1998,10,08,4,3,3,4,3,3,3,3,19981008
1998,10,09,3,4,4,3,3,3,2,2,19981009
1998,10,10,2,4,2,2,2,2,3,3,19981010
1998,10,11,3,2,1,0,3,3,3,3,19981011
1998,10,12,2,2,1,2,2,2,2,2,19981012
1998,10,13,1,1,2,4,1,2,1,2,19981013
1998,10,14,1,2,1,0,0,1,2,2,19981014
1998,10,15,1,1,2,1,2,3,2,2,19981015
1998,10,16,1,0,0,1,1,1,2,2,19981016
1998,10,17,1,2,3,3,3,3,2,2,19981017
1998,10,18,1,2,3,3,2,2,3,3,19981018
1998,10,19,5,6,5,5,6,6,4,4,19981019
1998,10,20,3,3,3,3,2,3,4,4,19981020
1998,10,21,4,4,5,4,2,4,4,3,19981021
1998,10,22,2,3,4,4,4,3,3,4,19981022
1998,10,23,2,3,2,2,4,4,3,3,19981023
1998,10,24,3,4,3,2,2,2,3,3,19981024
1998,10,25,3,4,4,3,3,3,2,2,19981025
1998,10,26,1,2,2,3,2,2,2,3,19981026
1998,10,27,1,1,1,0,2,2,2,3,19981027
1998,10,28,2,3,3,3,2,3,3,3,19981028
1998,10,29,3,1,2,2,3,3,2,3,19981029
1998,10,30,2,2,2,1,1,1,1,2,19981030
1998,10,31,0,1,0,1,1,1,3,2,19981031
1998,11,01,1,1,0,0,0,1,2,2,19981101
1998,11,02,1,1,0,1,1,1,3,2,19981102
1998,11,03,1,1,0,2,0,2,2,3,19981103
1998,11,04,2,0,2,2,1,2,1,2,19981104
1998,11,05,1,1,2,2,3,3,3,3,19981105
1998,11,06,3,3,5,4,4,4,3,3,19981106
1998,11,07,2,3,2,4,5,5,3,3,19981107
1998,11,08,5,7,8,6,4,3,2,3,19981108
1998,11,09,4,5,7,7,6,6,5,4,19981109
1998,11,10,3,1,1,3,1,1,1,1,19981110
1998,11,11,0,0,1,1,1,1,2,2,19981111
1998,11,12,0,0,1,1,1,1,1,2,19981112
1998,11,13,5,5,6,6,5,5,5,5,19981113
1998,11,14,5,6,5,6,5,4,3,2,19981114
1998,11,15,1,1,1,3,3,2,3,3,19981115
1998,11,16,2,3,2,2,1,2,1,2,19981116
1998,11,17,2,1,1,1,1,1,1,1,19981117
1998,11,18,1,3,3,2,2,1,2,2,19981118
1998,11,19,2,1,1,3,2,2,2,2,19981119
1998,11,20,1,3,3,3,3,1,4,3,19981120
1998,11,21,2,3,2,2,2,2,2,2,19981121
1998,11,22,2,2,2,3,2,2,2,2,19981122
1998,11,23,3,2,2,2,3,3,3,3,19981123
1998,11,24,2,3,2,2,3,4,4,3,19981124
1998,11,25,0,3,2,2,2,3,3,3,19981125
1998,11,26,2,2,4,4,2,3,2,2,19981126
1998,11,27,3,2,2,2,3,3,2,1,19981127
1998,11,28,2,2,1,0,1,2,2,2,19981128
1998,11,29,2,2,1,1,1,1,3,2,19981129
1998,11,30,0,3,3,3,1,3,4,4,19981130
1998,12,01,3,2,1,3,3,2,2,4,19981201
1998,12,02,1,1,1,1,0,1,1,1,19981202
1998,12,03,1,1,3,1,2,3,2,1,19981203
1998,12,04,1,2,2,2,3,3,2,2,19981204
1998,12,05,2,3,3,3,4,3,3,1,19981205
1998,12,06,1,2,2,3,3,2,2,2,19981206
1998,12,07,2,0,2,1,2,2,1,2,19981207
1998,12,08,2,0,2,2,1,2,1,1,19981208
1998,12,09,1,1,2,1,2,3,2,0,19981209
1998,12,10,1,0,1,2,1,2,2,3,19981210
1998,12,11,4,4,5,5,4,4,3,3,19981211
1998,12,12,3,2,2,1,1,1,1,1,19981212
1998,12,13,0,0,0,0,0,1,2,1,19981213
1998,12,14,1,1,1,2,1,2,0,1,19981214
1998,12,15,2,1,2,1,1,2,1,2,19981215
1998,12,16,3,2,4,3,3,3,2,0,19981216
1998,12,17,0,0,0,0,0,1,1,0,19981217
1998,12,18,0,0,0,2,1,1,1,0,19981218
1998,12,19,1,1,0,1,2,3,2,3,19981219
1998,12,20,2,3,3,3,3,3,2,2,19981220
1998,12,21,0,0,1,1,1,2,1,1,19981221
1998,12,22,1,1,1,0,1,2,3,2,19981222
1998,12,23,1,0,3,2,3,3,3,1,19981223
1998,12,24,1,1,0,2,2,1,1,1,19981224
1998,12,25,2,1,3,4,2,2,2,3,19981225
1998,12,26,1,4,4,3,4,2,2,3,19981226
1998,12,27,2,0,0,0,1,2,1,1,19981227
1998,12,28,0,0,0,1,2,2,3,2,19981228
1998,12,29,1,1,3,4,4,3,4,3,19981229
1998,12,30,2,2,2,1,1,2,2,3,19981230
1998,12,31,1,1,0,1,1,1,2,0,19981231
1999,01,01,0,2,1,2,2,1,1,1,19990101
1999,01,02,1,2,2,3,3,2,2,1,19990102
1999,01,03,2,2,0,0,1,1,1,1,19990103
1999,01,04,1,2,3,2,3,2,1,2,19990104
1999,01,05,3,3,2,3,1,1,2,1,19990105
1999,01,06,1,0,3,1,3,3,3,2,19990106
1999,01,07,1,0,1,2,3,3,2,2,19990107
1999,01,08,3,2,3,4,3,3,3,3,19990108
1999,01,09,3,2,3,1,1,1,1,2,19990109
1999,01,10,2,0,2,3,1,1,1,1,19990110
1999,01,11,1,1,1,2,1,2,2,1,19990111
1999,01,12,1,0,1,1,3,1,3,2,19990112
1999,01,13,2,2,1,4,4,5,5,6,19990113
1999,01,14,2,2,5,4,5,4,3,4,19990114
1999,01,15,3,5,3,4,3,3,3,2,19990115
1999,01,16,2,2,3,3,1,2,1,1,19990116
1999,01,17,2,2,2,1,2,2,1,1,19990117
1999,01,18,0,0,0,1,1,2,3,3,19990118
1999,01,19,1,1,1,3,0,2,2,1,19990119
1999,01,20,1,0,0,1,2,3,3,2,19990120
1999,01,21,1,2,1,3,2,1,1,0,19990121
1999,01,22,1,1,0,1,3,4,3,3,19990122
1999,01,23,2,3,3,3,3,4,4,4,19990123
1999,01,24,4,3,3,3,2,3,3,1,19990124
1999,01,25,3,3,2,3,1,2,2,2,19990125
1999,01,26,2,0,1,2,1,1,1,2,19990126
1999,01,27,2,3,2,2,3,3,2,1,19990127
1999,01,28,1,1,3,2,3,3,2,2,19990128
1999,01,29,1,2,2,3,2,2,2,2,19990129
1999,01,30,2,1,2,2,1,1,1,1,19990130
1999,01,31,0,2,0,1,1,1,1,1,19990131
1999,02,01,0,0,0,0,0,1,1,0,19990201
1999,02,02,0,0,0,0,0,1,1,1,19990202
1999,02,03,0,0,2,2,2,2,2,2,19990203
1999,02,04,0,2,2,1,2,3,3,2,19990204
1999,02,05,2,1,1,2,3,3,3,2,19990205
1999,02,06,1,3,3,3,2,4,3,2,19990206
1999,02,07,1,3,3,4,3,3,2,3,19990207
1999,02,08,2,1,1,2,2,1,2,1,19990208
1999,02,09,1,1,1,0,1,1,1,1,19990209
1999,02,10,1,1,2,0,1,1,2,2,19990210
1999,02,11,3,2,3,3,4,4,4,3,19990211
1999,02,12,4,4,4,4,3,4,4,2,19990212
1999,02,13,1,2,3,2,1,2,2,2,19990213
1999,02,14,1,1,2,3,3,3,2,2,19990214
1999,02,15,3,3,3,3,3,3,3,2,19990215
1999,02,16,1,0,0,2,1,1,1,1,19990216
1999,02,17,0,2,3,4,5,3,2,2,19990217
1999,02,18,4,6,5,6,7,5,4,4,19990218
1999,02,19,5,5,5,5,5,4,3,3,19990219
1999,02,20,1,0,0,0,2,2,3,2,19990220
1999,02,21,0,1,0,1,2,2,2,3,19990221
1999,02,22,2,1,2,1,2,0,0,2,19990222
1999,02,23,2,2,2,3,3,2,2,0,19990223
1999,02,24,0,2,3,4,4,3,2,0,19990224
1999,02,25,0,4,1,3,1,2,1,1,19990225
1999,02,26,0,0,0,0,1,2,1,1,19990226
1999,02,27,1,0,3,3,2,1,1,1,19990227
1999,02,28,0,2,2,1,3,4,4,5,19990228
1999,03,01,5,5,4,3,5,5,4,4,19990301
1999,03,02,5,4,3,2,3,3,2,3,19990302
1999,03,03,2,3,3,3,3,4,4,3,19990303
1999,03,04,3,4,5,4,4,4,4,3,19990304
1999,03,05,4,3,5,3,3,4,2,2,19990305
1999,03,06,2,2,1,3,2,3,3,4,19990306
1999,03,07,3,4,6,4,2,4,3,3,19990307
1999,03,08,3,4,2,2,2,3,2,3,19990308
1999,03,09,4,4,4,5,5,3,3,3,19990309
1999,03,10,4,6,5,5,3,3,3,2,19990310
1999,03,11,3,3,3,3,4,3,3,1,19990311
1999,03,12,1,2,3,4,3,2,3,2,19990312
1999,03,13,1,1,1,1,4,2,2,3,19990313
1999,03,14,2,3,1,3,4,3,3,3,19990314
1999,03,15,3,4,4,3,3,3,3,2,19990315
1999,03,16,1,0,1,2,1,2,1,1,19990316
1999,03,17,1,0,1,2,1,2,2,2,19990317
1999,03,18,1,2,2,3,2,3,2,1,19990318
1999,03,19,1,1,2,2,2,3,2,2,19990319
1999,03,20,1,1,1,2,2,2,3,0,19990320
1999,03,21,0,1,1,3,3,2,2,0,19990321
1999,03,22,0,0,0,1,2,2,2,1,19990322
1999,03,23,1,0,1,1,2,2,2,3,19990323
1999,03,24,0,0,1,2,1,2,1,1,19990324
1999,03,25,0,0,0,2,1,3,4,3,19990325
1999,03,26,1,2,2,3,2,2,1,0,19990326
1999,03,27,0,1,2,0,1,1,1,2,19990327
1999,03,28,1,2,3,2,2,2,1,1,19990328
1999,03,29,3,3,5,3,5,4,3,3,19990329
1999,03,30,3,3,4,4,3,3,3,2,19990330
1999,03,31,3,3,3,3,3,2,2,4,19990331
1999,04,01,5,5,2,2,2,2,1,1,19990401
1999,04,02,1,3,3,2,3,3,3,2,19990402
1999,04,03,2,2,3,2,2,2,3,3,19990403
1999,04,04,3,2,4,2,3,2,3,3,19990404
1999,04,05,2,2,4,4,3,2,1,1,19990405
1999,04,06,3,4,2,1,1,2,2,2,19990406
1999,04,07,3,3,2,2,2,2,2,2,19990407
1999,04,08,1,1,2,2,2,4,3,2,19990408
1999,04,09,2,2,1,1,2,2,1,1,19990409
1999,04,10,2,2,3,2,3,3,3,3,19990410
1999,04,11,3,3,3,3,2,2,2,1,19990411
1999,04,12,3,1,2,3,3,3,1,1,19990412
1999,04,13,1,0,1,1,2,1,1,1,19990413
1999,04,14,2,0,3,3,1,2,2,2,19990414
1999,04,15,1,0,1,1,1,2,1,2,19990415
1999,04,16,1,1,0,2,3,4,3,5,19990416
1999,04,17,6,7,6,5,3,3,3,3,19990417
1999,04,18,2,2,1,2,3,2,2,1,19990418
1999,04,19,0,1,3,4,3,3,3,3,19990419
1999,04,20,4,4,4,4,4,4,3,2,19990420
1999,04,21,2,1,3,4,3,3,3,2,19990421
1999,04,22,1,1,1,0,0,2,2,1,19990422
1999,04,23,1,0,1,1,2,2,2,1,19990423
1999,04,24,3,2,2,2,1,3,2,1,19990424
1999,04,25,1,0,1,1,2,2,1,3,19990425
1999,04,26,1,0,1,2,3,3,2,2,19990426
1999,04,27,1,1,3,3,3,4,4,4,19990427
1999,04,28,3,3,3,4,3,3,3,4,19990428
1999,04,29,3,3,2,4,4,4,4,4,19990429
1999,04,30,4,4,5,4,2,3,3,3,19990430
1999,05,01,3,4,4,3,3,3,3,3,19990501
1999,05,02,2,3,4,3,3,2,3,2,19990502
1999,05,03,3,3,2,3,2,2,2,1,19990503
1999,05,04,1,2,3,1,2,2,2,1,19990504
1999,05,05,1,0,1,2,2,3,3,3,19990505
1999,05,06,3,2,3,4,3,2,1,3,19990506
1999,05,07,3,3,2,1,2,3,3,2,19990507
1999,05,08,2,2,1,2,2,2,2,2,19990508
1999,05,09,1,2,1,2,2,2,2,2,19990509
1999,05,10,2,2,0,1,2,2,2,1,19990510
1999,05,11,1,1,0,1,2,3,2,1,19990511
1999,05,12,1,2,2,2,2,3,3,2,19990512
1999,05,13,3,5,4,3,5,4,3,3,19990513
1999,05,14,3,3,3,1,2,2,2,2,19990514
1999,05,15,2,2,2,2,2,3,2,2,19990515
1999,05,16,2,2,2,1,2,2,2,2,19990516
1999,05,17,1,1,1,2,1,2,2,2,19990517
1999,05,18,3,4,5,4,4,4,4,3,19990518
1999,05,19,3,3,2,1,2,2,3,3,19990519
1999,05,20,2,3,2,3,3,2,1,3,19990520
1999,05,21,3,3,1,1,2,3,2,2,19990521
1999,05,22,1,1,1,0,2,2,2,2,19990522
1999,05,23,3,2,2,4,4,2,2,1,19990523
1999,05,24,3,3,2,3,2,2,2,4,19990524
1999,05,25,5,4,4,4,3,2,2,3,19990525
1999,05,26,2,2,2,1,2,3,3,2,19990526
1999,05,27,2,3,3,2,2,3,3,3,19990527
1999,05,28,3,1,3,3,2,2,2,3,19990528
1999,05,29,2,1,0,1,2,3,3,1,19990529
1999,05,30,0,0,0,1,2,2,2,2,19990530
1999,05,31,2,1,0,1,2,2,2,2,19990531
1999,06,01,1,2,2,1,2,3,2,3,19990601
1999,06,02,3,2,0,3,2,2,2,4,19990602
1999,06,03,4,1,1,2,2,2,2,2,19990603
1999,06,04,1,2,3,2,2,3,2,3,19990604
1999,06,05,2,1,0,1,2,1,2,2,19990605
1999,06,06,1,1,1,1,2,2,1,0,19990606
1999,06,07,1,1,1,1,1,2,2,2,19990607
1999,06,08,2,3,4,3,3,4,3,2,19990608
1999,06,09,3,4,1,1,3,4,3,3,19990609
1999,06,10,3,2,2,1,2,2,3,2,19990610
1999,06,11,1,1,1,2,2,2,2,3,19990611
1999,06,12,3,3,1,1,1,2,1,2,19990612
1999,06,13,3,2,2,1,2,1,2,2,19990613
1999,06,14,1,1,2,2,1,1,1,1,19990614
1999,06,15,2,2,0,2,3,4,2,2,19990615
1999,06,16,1,1,2,3,2,2,2,2,19990616
1999,06,17,2,2,3,1,2,2,2,2,19990617
1999,06,18,1,2,2,2,2,2,2,3,19990618
1999,06,19,2,1,1,1,2,3,2,3,19990619
1999,06,20,1,1,0,1,2,2,2,1,19990620
1999,06,21,0,0,0,1,2,2,2,1,19990621
1999,06,22,1,0,1,1,1,2,2,2,19990622
1999,06,23,1,1,2,2,2,2,2,3,19990623
1999,06,24,2,1,2,2,2,2,2,2,19990624
1999,06,25,2,1,0,1,1,3,2,2,19990625
1999,06,26,2,3,4,4,4,3,4,3,19990626
1999,06,27,2,3,3,3,5,4,5,4,19990627
1999,06,28,2,6,5,3,3,3,3,3,19990628
1999,06,29,2,2,2,3,3,3,3,1,19990629
1999,06,30,1,1,1,1,2,2,2,2,19990630
1999,07,01,2,1,2,2,3,3,3,3,19990701
1999,07,02,4,3,5,4,3,4,4,5,19990702
1999,07,03,3,3,4,3,2,2,3,2,19990703
1999,07,04,1,0,0,1,1,2,2,1,19990704
1999,07,05,0,0,0,0,1,2,2,2,19990705
1999,07,06,2,2,3,2,2,3,3,3,19990706
1999,07,07,2,1,1,0,1,2,2,3,19990707
1999,07,08,2,2,1,3,3,2,3,2,19990708
1999,07,09,3,2,1,1,1,2,1,2,19990709
1999,07,10,1,1,1,1,2,2,3,2,19990710
1999,07,11,1,1,2,1,2,2,2,3,19990711
1999,07,12,3,4,4,3,3,2,3,2,19990712
1999,07,13,1,2,0,1,1,3,3,2,19990713
1999,07,14,2,0,1,2,2,1,3,3,19990714
1999,07,15,3,2,3,2,2,2,3,2,19990715
1999,07,16,2,1,1,2,2,2,2,2,19990716
1999,07,17,1,0,1,1,2,2,2,2,19990717
1999,07,18,1,1,1,1,2,2,1,2,19990718
1999,07,19,2,1,1,1,1,1,1,1,19990719
1999,07,20,1,1,1,1,3,3,2,2,19990720
1999,07,21,2,1,3,2,2,4,4,3,19990721
1999,07,22,3,4,5,4,4,4,4,3,19990722
1999,07,23,3,3,1,3,3,3,3,2,19990723
1999,07,24,3,3,2,3,3,2,3,3,19990724
1999,07,25,2,3,2,1,2,2,2,3,19990725
1999,07,26,3,1,3,2,2,2,2,1,19990726
1999,07,27,2,2,2,1,2,2,2,1,19990727
1999,07,28,1,1,2,2,2,3,3,3,19990728
1999,07,29,3,3,2,2,2,2,2,3,19990729
1999,07,30,3,2,3,4,5,4,6,6,19990730
1999,07,31,5,4,4,2,2,2,4,4,19990731
1999,08,01,4,3,1,1,1,1,1,1,19990801
1999,08,02,2,2,3,2,2,3,3,2,19990802
1999,08,03,3,1,1,2,1,2,3,3,19990803
1999,08,04,3,4,3,2,2,3,2,2,19990804
1999,08,05,3,2,2,1,2,2,2,2,19990805
1999,08,06,2,2,2,3,3,4,4,3,19990806
1999,08,07,3,3,3,2,2,2,3,3,19990807
1999,08,08,2,1,1,2,2,2,3,3,19990808
1999,08,09,4,4,3,4,3,4,3,2,19990809
1999,08,10,2,1,0,1,2,3,3,3,19990810
1999,08,11,3,2,1,2,2,2,3,2,19990811
1999,08,12,2,2,3,3,3,3,2,3,19990812
1999,08,13,2,4,3,3,3,1,2,2,19990813
1999,08,14,2,1,1,2,1,2,2,2,19990814
1999,08,15,1,1,2,3,4,4,4,3,19990815
1999,08,16,3,2,4,5,5,4,4,4,19990816
1999,08,17,5,4,5,4,4,4,3,3,19990817
1999,08,18,4,5,5,4,4,4,3,3,19990818
1999,08,19,3,5,4,4,3,3,3,4,19990819
1999,08,20,3,5,5,5,5,4,3,3,19990820
1999,08,21,1,2,2,2,2,2,2,2,19990821
1999,08,22,1,1,3,2,3,3,3,3,19990822
1999,08,23,6,5,4,4,5,4,3,3,19990823
1999,08,24,3,4,4,5,5,4,3,3,19990824
1999,08,25,2,2,1,1,2,2,2,4,19990825
1999,08,26,2,3,1,2,4,4,3,3,19990826
1999,08,27,3,3,4,2,3,3,3,2,19990827
1999,08,28,3,2,3,3,3,3,3,3,19990828
1999,08,29,2,2,2,3,2,3,3,3,19990829
1999,08,30,2,2,5,5,3,3,3,3,19990830
1999,08,31,3,3,4,4,3,3,4,4,19990831
1999,09,01,3,4,5,4,4,3,3,2,19990901
1999,09,02,3,3,4,2,3,3,2,2,19990902
1999,09,03,2,3,5,5,3,3,2,2,19990903
1999,09,04,3,4,3,4,3,3,3,3,19990904
1999,09,05,2,3,1,2,3,2,2,2,19990905
1999,09,06,1,2,2,1,1,2,2,2,19990906
1999,09,07,2,1,4,4,3,3,4,4,19990907
1999,09,08,3,1,1,2,3,3,2,3,19990908
1999,09,09,3,1,2,2,3,3,2,2,19990909
1999,09,10,2,3,4,3,4,3,3,3,19990910
1999,09,11,4,3,2,2,2,2,2,2,19990911
1999,09,12,3,3,3,6,3,4,5,4,19990912
1999,09,13,5,5,5,5,4,4,4,4,19990913
1999,09,14,4,5,5,3,3,3,3,3,19990914
1999,09,15,4,3,5,7,4,3,3,2,19990915
1999,09,16,3,6,5,5,4,4,3,2,19990916
1999,09,17,3,2,2,3,4,4,1,2,19990917
1999,09,18,2,3,3,4,4,4,3,2,19990918
1999,09,19,2,3,2,3,3,3,2,2,19990919
1999,09,20,2,2,2,3,3,2,3,3,19990920
1999,09,21,1,1,2,3,3,3,3,3,19990921
1999,09,22,3,2,3,3,4,3,5,7,19990922
1999,09,23,6,6,3,1,2,3,2,2,19990923
1999,09,24,2,2,2,2,2,1,2,2,19990924
1999,09,25,1,0,1,1,2,2,2,1,19990925
1999,09,26,1,0,1,1,3,5,4,4,19990926
1999,09,27,4,4,5,5,5,5,4,4,19990927
1999,09,28,4,4,4,4,4,3,3,4,19990928
1999,09,29,4,3,4,5,3,2,3,3,19990929
1999,09,30,4,6,4,4,4,3,3,2,19990930
1999,10,01,2,3,2,3,3,3,3,3,19991001
1999,10,02,3,4,4,3,3,3,2,2,19991002
1999,10,03,2,1,3,3,3,3,2,2,19991003
1999,10,04,1,3,3,3,3,3,3,3,19991004
1999,10,05,3,3,3,3,4,3,3,3,19991005
1999,10,06,1,1,3,3,2,2,2,1,19991006
1999,10,07,2,2,2,1,2,2,2,1,19991007
1999,10,08,2,3,2,3,3,1,1,1,19991008
1999,10,09,0,1,2,1,2,2,3,3,19991009
1999,10,10,3,4,5,5,5,5,4,3,19991010
1999,10,11,4,2,4,4,4,4,3,4,19991011
1999,10,12,4,5,4,6,5,4,4,4,19991012
1999,10,13,4,3,5,4,4,3,3,3,19991013
1999,10,14,3,4,4,4,4,5,3,4,19991014
1999,10,15,4,4,5,4,4,4,3,3,19991015
1999,10,16,4,4,3,3,4,4,3,3,19991016
1999,10,17,4,3,5,5,5,3,1,2,19991017
1999,10,18,1,1,1,1,3,3,2,2,19991018
1999,10,19,2,2,4,1,1,2,2,1,19991019
1999,10,20,0,1,1,1,2,2,2,1,19991020
1999,10,21,3,4,2,2,2,3,3,4,19991021
1999,10,22,7,8,8,6,4,4,4,3,19991022
1999,10,23,3,4,4,3,5,5,4,3,19991023
1999,10,24,4,4,5,4,4,3,3,4,19991024
1999,10,25,3,3,4,4,4,3,3,1,19991025
1999,10,26,1,3,2,3,3,3,2,2,19991026
1999,10,27,2,3,3,4,4,4,2,2,19991027
1999,10,28,2,1,3,1,5,4,3,3,19991028
1999,10,29,3,2,3,3,3,2,2,2,19991029
1999,10,30,1,1,1,2,3,2,2,2,19991030
1999,10,31,2,2,3,3,3,3,2,3,19991031
1999,11,01,3,2,2,4,3,2,2,1,19991101
1999,11,02,2,1,2,2,2,2,2,2,19991102
1999,11,03,3,0,1,1,1,2,2,2,19991103
1999,11,04,1,2,1,1,1,2,2,2,19991104
1999,11,05,1,0,0,0,0,1,2,3,19991105
1999,11,06,2,1,1,1,1,2,3,2,19991106
1999,11,07,3,4,5,4,5,4,3,3,19991107
1999,11,08,3,4,5,5,6,4,4,4,19991108
1999,11,09,3,4,4,5,4,4,4,4,19991109
1999,11,10,3,3,2,3,3,3,3,3,19991110
1999,11,11,3,4,5,4,4,3,3,3,19991111
1999,11,12,2,1,2,1,3,2,3,3,19991112
1999,11,13,2,3,4,3,5,4,5,5,19991113
1999,11,14,2,2,4,3,1,2,1,3,19991114
1999,11,15,2,0,2,2,2,2,1,0,19991115
1999,11,16,1,1,2,4,4,3,3,3,19991116
1999,11,17,2,2,2,2,3,3,3,2,19991117
1999,11,18,2,2,3,3,3,3,3,3,19991118
1999,11,19,3,3,3,3,3,2,3,3,19991119
1999,11,20,3,3,2,2,2,2,2,2,19991120
1999,11,21,2,2,3,2,1,3,3,3,19991121
1999,11,22,3,2,2,3,4,2,1,1,19991122
1999,11,23,1,3,4,4,3,3,3,4,19991123
1999,11,24,2,3,4,5,3,3,3,1,19991124
1999,11,25,1,2,3,6,4,3,3,2,19991125
1999,11,26,1,0,2,2,2,1,1,1,19991126
1999,11,27,0,0,1,1,1,2,1,1,19991127
1999,11,28,2,2,3,2,1,3,2,2,19991128
1999,11,29,2,0,1,1,2,1,2,1,19991129
1999,11,30,2,2,2,3,3,2,2,2,19991130
1999,12,01,1,1,0,1,1,1,2,1,19991201
1999,12,02,2,0,0,1,1,1,2,2,19991202
1999,12,03,3,2,2,3,3,4,3,2,19991203
1999,12,04,4,3,4,6,5,4,3,3,19991204
1999,12,05,4,4,4,4,3,3,3,2,19991205
1999,12,06,2,4,4,4,4,3,3,2,19991206
1999,12,07,3,2,4,3,2,3,3,3,19991207
1999,12,08,3,2,4,3,2,3,3,3,19991208
1999,12,09,3,4,3,3,2,3,3,3,19991209
1999,12,10,2,3,2,2,2,2,3,2,19991210
1999,12,11,1,2,3,2,3,2,1,1,19991211
1999,12,12,1,3,1,3,2,3,3,2,19991212
1999,12,13,3,4,5,5,5,4,2,1,19991213
1999,12,14,1,0,0,0,2,1,1,1,19991214
1999,12,15,0,0,0,0,1,1,1,3,19991215
1999,12,16,1,1,2,1,1,2,2,2,19991216
1999,12,17,1,2,1,1,2,2,2,1,19991217
1999,12,18,2,0,1,1,1,2,2,2,19991218
1999,12,19,1,0,0,2,2,2,1,1,19991219
1999,12,20,0,0,1,1,0,2,1,1,19991220
1999,12,21,0,0,1,1,1,1,0,1,19991221
1999,12,22,0,0,0,0,1,1,1,1,19991222
1999,12,23,0,0,0,1,2,2,2,1,19991223
1999,12,24,2,3,3,4,2,2,1,2,19991224
1999,12,25,1,2,4,2,4,3,1,2,19991225
1999,12,26,1,0,0,0,0,1,1,1,19991226
1999,12,27,3,2,2,2,0,1,2,0,19991227
1999,12,28,0,3,1,1,2,2,2,2,19991228
1999,12,29,3,2,1,0,1,2,2,2,19991229
1999,12,30,2,0,2,2,2,2,3,3,19991230
1999,12,31,4,4,4,4,4,4,4,5,19991231
2000,01,01,4,5,4,4,5,3,3,2,20000101
2000,01,02,3,3,3,4,3,3,3,3,20000102
2000,01,03,4,3,3,3,2,2,3,2,20000103
2000,01,04,1,2,3,3,4,3,2,3,20000104
2000,01,05,3,3,3,3,3,3,3,4,20000105
2000,01,06,2,3,1,3,5,4,3,3,20000106
2000,01,07,3,2,1,3,2,2,2,2,20000107
2000,01,08,1,1,2,3,2,2,2,1,20000108
2000,01,09,1,0,0,0,1,1,1,2,20000109
2000,01,10,1,1,1,1,1,2,2,3,20000110
2000,01,11,2,1,1,2,3,4,5,4,20000111
2000,01,12,3,3,2,2,1,2,3,2,20000112
2000,01,13,2,2,3,3,2,3,2,2,20000113
2000,01,14,2,2,0,1,2,3,3,2,20000114
2000,01,15,2,1,1,1,2,2,2,2,20000115
2000,01,16,2,1,0,1,2,2,2,3,20000116
2000,01,17,1,0,1,1,1,2,2,1,20000117
2000,01,18,0,0,0,1,1,3,2,2,20000118
2000,01,19,0,0,0,0,0,2,2,3,20000119
2000,01,20,2,1,3,3,3,3,3,2,20000120
2000,01,21,1,0,0,0,1,1,1,1,20000121
2000,01,22,2,2,2,4,4,4,5,4,20000122
2000,01,23,5,5,2,4,4,3,2,2,20000123
2000,01,24,1,3,4,4,3,3,3,2,20000124
2000,01,25,2,3,2,2,1,2,2,2,20000125
2000,01,26,2,4,2,0,1,2,2,2,20000126
2000,01,27,2,2,2,3,3,3,4,4,20000127
2000,01,28,4,5,4,4,5,3,3,4,20000128
2000,01,29,3,4,4,4,5,4,4,3,20000129
2000,01,30,2,2,3,2,3,2,4,1,20000130
2000,01,31,3,2,2,2,3,3,2,2,20000131
2000,02,01,3,1,2,1,3,3,2,2,20000201
2000,02,02,3,1,0,2,3,3,2,1,20000202
2000,02,03,1,1,3,2,2,2,3,3,20000203
2000,02,04,2,0,2,0,2,1,2,1,20000204
2000,02,05,0,0,0,1,1,3,4,4,20000205
2000,02,06,4,4,4,5,4,4,3,4,20000206
2000,02,07,4,3,3,4,5,4,4,3,20000207
2000,02,08,3,3,1,3,2,3,3,3,20000208
2000,02,09,1,3,2,1,4,4,3,2,20000209
2000,02,10,2,2,2,1,2,2,2,3,20000210
2000,02,11,3,4,2,3,3,3,3,3,20000211
2000,02,12,5,4,5,7,6,5,4,2,20000212
2000,02,13,3,2,3,4,3,4,3,3,20000213
2000,02,14,3,4,4,5,6,4,3,3,20000214
2000,02,15,3,4,2,1,2,2,3,2,20000215
2000,02,16,2,2,0,1,2,2,2,0,20000216
2000,02,17,0,0,1,3,3,2,2,2,20000217
2000,02,18,0,0,1,0,1,1,1,1,20000218
2000,02,19,0,0,2,3,0,1,1,1,20000219
2000,02,20,1,0,3,1,0,0,2,3,20000220
2000,02,21,3,4,3,2,3,4,3,2,20000221
2000,02,22,1,2,0,1,2,2,2,1,20000222
2000,02,23,3,0,1,2,4,4,2,2,20000223
2000,02,24,2,4,4,5,4,4,4,4,20000224
2000,02,25,3,4,4,3,4,3,2,3,20000225
2000,02,26,3,2,4,3,2,3,3,3,20000226
2000,02,27,3,1,2,3,2,3,3,2,20000227
2000,02,28,3,3,3,2,4,3,2,2,20000228
2000,02,29,0,1,3,3,2,2,2,1,20000229
2000,03,01,2,3,4,4,4,4,3,3,20000301
2000,03,02,4,3,2,1,2,2,2,2,20000302
2000,03,03,1,0,0,1,2,3,2,2,20000303
2000,03,04,1,0,0,0,2,3,2,2,20000304
2000,03,05,2,2,1,2,2,2,2,3,20000305
2000,03,06,2,2,3,3,3,3,3,3,20000306
2000,03,07,3,3,4,4,3,3,3,3,20000307
2000,03,08,3,3,2,3,3,3,3,3,20000308
2000,03,09,2,0,0,2,3,2,2,2,20000309
2000,03,10,1,0,1,3,3,3,2,4,20000310
2000,03,11,3,3,4,2,4,2,2,2,20000311
2000,03,12,3,3,5,4,4,3,3,3,20000312
2000,03,13,2,1,1,0,1,2,2,2,20000313
2000,03,14,2,2,1,3,1,2,2,2,20000314
2000,03,15,1,0,0,0,1,2,1,2,20000315
2000,03,16,0,0,0,0,1,1,2,1,20000316
2000,03,17,2,1,2,2,2,2,2,2,20000317
2000,03,18,1,0,1,2,2,3,3,2,20000318
2000,03,19,2,2,2,2,2,3,3,2,20000319
2000,03,20,1,0,1,3,3,2,2,2,20000320
2000,03,21,1,0,1,1,3,2,2,2,20000321
2000,03,22,2,2,2,3,3,3,3,3,20000322
2000,03,23,2,2,2,3,3,3,3,2,20000323
2000,03,24,2,2,1,2,4,3,2,2,20000324
2000,03,25,2,2,2,2,1,3,3,1,20000325
2000,03,26,1,0,2,2,2,3,2,1,20000326
2000,03,27,2,1,0,1,2,2,2,1,20000327
2000,03,28,2,1,2,2,1,2,2,1,20000328
2000,03,29,1,0,1,2,2,2,4,4,20000329
2000,03,30,2,2,2,2,3,3,3,3,20000330
2000,03,31,3,4,4,4,4,3,3,3,20000331
2000,04,01,3,3,1,2,3,4,4,3,20000401
2000,04,02,4,3,4,3,3,3,3,3,20000402
2000,04,03,3,3,3,3,3,3,2,2,20000403
2000,04,04,5,4,2,1,4,3,4,4,20000404
2000,04,05,3,4,2,2,3,3,3,3,20000405
2000,04,06,3,3,3,3,3,6,7,8,20000406
2000,04,07,8,5,5,4,3,4,4,3,20000407
2000,04,08,2,2,4,4,3,3,3,3,20000408
2000,04,09,3,3,2,2,3,3,3,4,20000409
2000,04,10,4,4,4,4,3,2,3,4,20000410
2000,04,11,2,3,4,3,3,1,2,2,20000411
2000,04,12,3,2,2,2,2,1,2,2,20000412
2000,04,13,3,3,3,1,1,2,2,1,20000413
2000,04,14,1,1,1,2,1,2,2,2,20000414
2000,04,15,1,1,2,2,2,2,3,3,20000415
2000,04,16,4,4,4,5,5,3,3,2,20000416
2000,04,17,3,3,5,3,1,2,2,2,20000417
2000,04,18,2,3,1,1,2,3,3,1,20000418
2000,04,19,3,4,2,2,4,3,2,2,20000419
2000,04,20,3,3,4,2,3,3,3,2,20000420
2000,04,21,2,2,1,4,3,2,2,2,20000421
2000,04,22,2,2,3,2,2,2,2,2,20000422
2000,04,23,1,1,3,3,2,3,2,2,20000423
2000,04,24,2,3,4,4,5,3,3,3,20000424
2000,04,25,3,0,1,2,2,2,3,2,20000425
2000,04,26,1,0,1,2,1,2,2,2,20000426
2000,04,27,1,3,2,3,3,3,3,4,20000427
2000,04,28,4,3,4,3,3,3,3,3,20000428
2000,04,29,3,3,2,2,3,3,3,3,20000429
2000,04,30,3,4,2,1,3,3,3,2,20000430
2000,05,01,2,4,4,2,3,3,3,3,20000501
2000,05,02,3,2,3,4,4,3,3,4,20000502
2000,05,03,3,3,4,2,2,4,4,3,20000503
2000,05,04,2,1,2,3,3,3,2,2,20000504
2000,05,05,3,2,4,3,3,3,3,3,20000505
2000,05,06,3,3,3,2,3,2,2,2,20000506
2000,05,07,2,3,1,1,2,2,2,1,20000507
2000,05,08,2,0,1,2,2,2,1,3,20000508
2000,05,09,2,3,2,3,3,3,3,3,20000509
2000,05,10,3,2,1,2,2,2,2,2,20000510
2000,05,11,2,2,3,1,2,2,2,2,20000511
2000,05,12,3,4,5,4,3,2,4,4,20000512
2000,05,13,4,3,2,3,3,3,3,2,20000513
2000,05,14,4,4,2,2,3,2,3,3,20000514
2000,05,15,4,3,3,4,3,2,2,3,20000515
2000,05,16,3,4,3,4,3,3,3,3,20000516
2000,05,17,5,5,5,2,2,2,3,3,20000517
2000,05,18,3,3,3,2,2,2,3,2,20000518
2000,05,19,2,3,2,3,3,3,3,2,20000519
2000,05,20,2,2,1,2,2,2,2,2,20000520
2000,05,21,2,3,2,2,2,2,2,2,20000521
2000,05,22,2,3,2,3,3,2,3,2,20000522
2000,05,23,2,3,3,3,2,3,5,6,20000523
2000,05,24,7,7,6,6,4,4,5,4,20000524
2000,05,25,5,5,5,5,3,4,3,3,20000525
2000,05,26,3,4,5,5,3,3,3,2,20000526
2000,05,27,3,3,2,2,3,3,3,3,20000527
2000,05,28,2,3,3,2,3,3,3,3,20000528
2000,05,29,4,4,3,3,3,4,5,5,20000529
2000,05,30,4,2,4,4,4,3,3,3,20000530
2000,05,31,3,4,2,2,2,3,2,3,20000531
2000,06,01,3,3,3,2,2,3,2,3,20000601
2000,06,02,2,3,3,2,2,2,3,3,20000602
2000,06,03,3,2,2,3,3,3,3,3,20000603
2000,06,04,2,2,3,1,2,3,4,4,20000604
2000,06,05,4,3,4,4,5,3,4,4,20000605
2000,06,06,4,3,3,4,3,4,3,2,20000606
2000,06,07,2,2,4,3,3,3,3,4,20000607
2000,06,08,3,4,4,7,7,6,5,4,20000608
2000,06,09,2,2,2,2,3,3,2,3,20000609
2000,06,10,4,3,5,5,4,3,3,3,20000610
2000,06,11,3,3,3,6,5,5,5,3,20000611
2000,06,12,3,3,3,2,3,4,3,3,20000612
2000,06,13,3,3,4,4,4,3,3,3,20000613
2000,06,14,4,2,4,3,4,4,5,5,20000614
2000,06,15,5,2,3,3,3,4,3,3,20000615
2000,06,16,3,1,1,2,2,3,3,3,20000616
2000,06,17,3,1,2,2,3,3,3,3,20000617
2000,06,18,2,1,2,2,3,3,4,3,20000618
2000,06,19,3,3,1,2,2,3,3,2,20000619
2000,06,20,2,2,2,3,3,3,3,2,20000620
2000,06,21,2,1,1,2,2,3,3,3,20000621
2000,06,22,3,2,2,3,3,2,3,3,20000622
2000,06,23,3,4,2,2,4,5,5,4,20000623
2000,06,24,5,4,5,3,1,2,2,2,20000624
2000,06,25,3,1,1,1,2,2,3,4,20000625
2000,06,26,4,4,4,6,5,3,5,4,20000626
2000,06,27,4,3,3,3,3,3,4,4,20000627
2000,06,28,4,4,2,3,2,3,2,4,20000628
2000,06,29,4,2,4,2,2,2,3,3,20000629
2000,06,30,2,1,0,3,2,2,2,2,20000630
2000,07,01,3,2,3,2,2,2,3,2,20000701
2000,07,02,2,1,1,2,2,2,2,2,20000702
2000,07,03,2,2,2,3,3,3,3,3,20000703
2000,07,04,3,2,1,2,3,3,3,2,20000704
2000,07,05,2,1,3,4,3,4,2,1,20000705
2000,07,06,2,2,2,2,2,2,3,2,20000706
2000,07,07,2,2,1,3,3,3,2,3,20000707
2000,07,08,2,2,1,2,2,3,2,1,20000708
2000,07,09,1,1,2,2,2,2,2,3,20000709
2000,07,10,2,3,4,3,4,4,4,3,20000710
2000,07,11,4,5,4,5,5,4,4,5,20000711
2000,07,12,4,3,2,3,2,3,2,3,20000712
2000,07,13,2,2,3,5,7,5,2,3,20000713
2000,07,14,4,3,4,4,4,6,5,4,20000714
2000,07,15,4,4,5,5,6,9,9,9,20000715
2000,07,16,8,6,4,4,4,3,3,3,20000716
2000,07,17,3,3,2,3,2,2,2,2,20000717
2000,07,18,3,2,2,2,3,3,4,4,20000718
2000,07,19,3,1,1,2,3,4,4,5,20000719
2000,07,20,5,6,6,6,5,3,4,3,20000720
2000,07,21,3,2,1,2,3,3,2,3,20000721
2000,07,22,2,3,4,5,3,4,3,3,20000722
2000,07,23,3,3,2,2,3,4,5,4,20000723
2000,07,24,2,3,2,2,2,3,2,2,20000724
2000,07,25,2,2,1,2,2,3,2,3,20000725
2000,07,26,3,3,4,4,4,3,4,4,20000726
2000,07,27,4,2,1,2,1,2,2,3,20000727
2000,07,28,3,3,5,5,5,5,4,3,20000728
2000,07,29,3,3,4,6,5,3,3,3,20000729
2000,07,30,3,3,1,2,3,2,2,2,20000730
2000,07,31,3,3,4,4,2,3,4,5,20000731
2000,08,01,3,3,3,3,2,4,4,3,20000801
2000,08,02,4,3,3,3,2,3,3,3,20000802
2000,08,03,3,3,3,3,2,3,3,2,20000803
2000,08,04,3,3,4,3,3,4,3,3,20000804
2000,08,05,3,3,5,5,4,4,3,4,20000805
2000,08,06,4,4,3,3,3,3,3,3,20000806
2000,08,07,2,2,3,3,3,2,2,2,20000807
2000,08,08,2,2,3,2,2,2,3,2,20000808
2000,08,09,2,2,1,2,2,2,2,3,20000809
2000,08,10,2,3,4,4,5,3,3,5,20000810
2000,08,11,6,6,7,6,4,4,4,5,20000811
2000,08,12,5,7,8,7,7,7,5,4,20000812
2000,08,13,4,5,3,2,2,3,2,3,20000813
2000,08,14,2,2,2,2,3,3,3,4,20000814
2000,08,15,4,4,2,3,2,3,2,2,20000815
2000,08,16,2,3,3,2,3,3,2,3,20000816
2000,08,17,2,4,4,4,2,3,3,2,20000817
2000,08,18,2,2,2,2,2,2,2,2,20000818
2000,08,19,2,1,1,2,2,3,2,2,20000819
2000,08,20,2,1,1,2,2,3,2,2,20000820
2000,08,21,2,3,3,4,2,3,2,3,20000821
2000,08,22,2,2,1,1,1,2,2,2,20000822
2000,08,23,1,1,2,4,4,4,2,2,20000823
2000,08,24,3,3,2,2,2,2,2,2,20000824
2000,08,25,1,1,1,2,2,2,2,2,20000825
2000,08,26,1,2,3,2,3,3,3,1,20000826
2000,08,27,2,2,1,1,3,3,2,3,20000827
2000,08,28,2,2,2,4,4,4,4,5,20000828
2000,08,29,5,5,5,4,4,4,4,3,20000829
2000,08,30,3,3,3,3,3,3,2,3,20000830
2000,08,31,4,3,3,4,3,3,3,3,20000831
2000,09,01,3,3,4,4,3,3,3,3,20000901
2000,09,02,4,3,4,5,4,3,3,3,20000902
2000,09,03,2,3,1,2,2,2,3,3,20000903
2000,09,04,1,1,2,2,2,4,5,4,20000904
2000,09,05,2,2,2,2,2,3,3,3,20000905
2000,09,06,2,1,2,1,2,3,3,4,20000906
2000,09,07,3,3,4,3,3,3,3,3,20000907
2000,09,08,3,3,3,5,4,4,3,3,20000908
2000,09,09,3,2,2,2,2,2,1,2,20000909
2000,09,10,1,1,1,2,2,2,2,2,20000910
2000,09,11,1,0,1,2,2,2,2,2,20000911
2000,09,12,2,3,2,5,5,3,4,4,20000912
2000,09,13,3,4,2,2,2,3,2,2,20000913
2000,09,14,1,3,2,2,2,2,1,1,20000914
2000,09,15,1,3,1,1,2,2,3,4,20000915
2000,09,16,4,2,4,4,3,3,3,5,20000916
2000,09,17,4,4,2,3,4,4,5,7,20000917
2000,09,18,7,5,4,5,5,5,3,3,20000918
2000,09,19,3,3,3,5,6,4,3,4,20000919
2000,09,20,4,4,1,2,3,2,3,2,20000920
2000,09,21,2,2,2,3,3,3,2,2,20000921
2000,09,22,3,2,2,2,3,2,2,2,20000922
2000,09,23,2,3,1,1,2,2,2,2,20000923
2000,09,24,1,0,1,2,3,3,4,3,20000924
2000,09,25,2,2,3,4,4,3,3,4,20000925
2000,09,26,4,4,4,4,4,4,3,3,20000926
2000,09,27,3,3,3,3,3,2,2,2,20000927
2000,09,28,2,4,2,3,4,3,2,1,20000928
2000,09,29,3,2,1,2,2,2,2,2,20000929
2000,09,30,3,4,6,6,5,5,5,5,20000930
2000,10,01,4,4,3,3,2,3,2,2,20001001
2000,10,02,1,2,2,2,3,4,3,3,20001002
2000,10,03,4,5,5,5,6,4,1,3,20001003
2000,10,04,1,3,5,5,6,5,4,5,20001004
2000,10,05,5,7,7,7,7,6,4,4,20001005
2000,10,06,2,1,1,2,2,3,2,2,20001006
2000,10,07,2,1,1,2,2,3,2,2,20001007
2000,10,08,1,1,1,1,2,2,2,3,20001008
2000,10,09,1,1,1,1,2,2,2,2,20001009
2000,10,10,2,2,4,4,3,3,3,2,20001010
2000,10,11,3,4,3,2,4,2,2,2,20001011
2000,10,12,3,1,2,2,2,3,2,3,20001012
2000,10,13,5,6,3,3,3,4,3,3,20001013
2000,10,14,3,3,5,6,6,5,4,4,20001014
2000,10,15,2,2,1,1,2,3,3,3,20001015
2000,10,16,4,2,1,1,2,2,2,2,20001016
2000,10,17,3,3,1,3,2,2,3,2,20001017
2000,10,18,2,2,1,3,3,2,2,2,20001018
2000,10,19,3,3,3,2,3,2,2,2,20001019
2000,10,20,1,1,0,1,2,2,1,2,20001020
2000,10,21,1,0,0,1,2,2,2,1,20001021
2000,10,22,1,1,1,3,4,4,4,3,20001022
2000,10,23,4,3,4,4,3,2,2,2,20001023
2000,10,24,2,2,3,4,3,2,2,2,20001024
2000,10,25,1,0,2,3,3,2,2,2,20001025
2000,10,26,2,2,2,3,2,2,1,2,20001026
2000,10,27,2,0,2,2,2,2,1,1,20001027
2000,10,28,2,0,3,5,4,3,3,5,20001028
2000,10,29,5,5,4,4,4,3,3,2,20001029
2000,10,30,5,3,2,4,1,3,2,1,20001030
2000,10,31,3,2,2,3,2,4,3,3,20001031
2000,11,01,2,2,2,1,2,2,2,2,20001101
2000,11,02,2,1,0,1,1,2,2,1,20001102
2000,11,03,0,0,1,2,2,2,2,2,20001103
2000,11,04,2,5,4,4,4,4,4,3,20001104
2000,11,05,3,3,1,1,3,3,3,3,20001105
2000,11,06,3,4,3,6,6,5,6,4,20001106
2000,11,07,5,5,6,6,4,4,4,2,20001107
2000,11,08,2,3,4,4,3,3,1,3,20001108
2000,11,09,3,1,1,1,3,3,3,3,20001109
2000,11,10,4,3,6,6,6,4,3,3,20001110
2000,11,11,2,3,2,3,3,3,3,3,20001111
2000,11,12,3,5,4,4,3,4,2,2,20001112
2000,11,13,1,3,1,2,2,3,3,3,20001113
2000,11,14,1,2,0,1,2,2,2,2,20001114
2000,11,15,1,1,2,1,2,2,2,2,20001115
2000,11,16,1,0,1,1,2,1,2,3,20001116
2000,11,17,1,0,1,2,2,2,1,1,20001117
2000,11,18,0,0,1,1,2,2,3,3,20001118
2000,11,19,1,2,2,3,2,2,2,2,20001119
2000,11,20,1,1,3,2,3,3,3,1,20001120
2000,11,21,3,2,2,2,3,3,3,2,20001121
2000,11,22,2,1,1,2,3,3,2,2,20001122
2000,11,23,1,3,1,2,3,3,2,1,20001123
2000,11,24,1,2,2,2,1,3,3,3,20001124
2000,11,25,3,3,0,1,1,2,3,2,20001125
2000,11,26,1,1,3,2,4,4,5,5,20001126
2000,11,27,6,5,6,4,4,3,3,4,20001127
2000,11,28,3,3,6,5,6,6,4,4,20001128
2000,11,29,5,7,6,5,6,4,2,3,20001129
2000,11,30,1,1,2,2,2,3,2,2,20001130
2000,12,01,2,2,0,2,2,3,2,2,20001201
2000,12,02,1,0,1,2,2,2,2,2,20001202
2000,12,03,1,1,3,3,4,4,3,1,20001203
2000,12,04,2,3,3,3,2,2,3,2,20001204
2000,12,05,1,1,1,1,2,2,2,1,20001205
2000,12,06,0,1,3,2,2,3,2,2,20001206
2000,12,07,2,3,3,3,4,3,2,3,20001207
2000,12,08,4,4,3,3,4,4,3,2,20001208
2000,12,09,3,4,3,3,3,3,3,4,20001209
2000,12,10,3,3,2,3,2,3,2,2,20001210
2000,12,11,3,2,2,2,2,2,2,2,20001211
2000,12,12,1,1,1,2,2,2,2,1,20001212
2000,12,13,2,1,0,1,2,2,2,1,20001213
2000,12,14,1,0,0,1,2,2,2,2,20001214
2000,12,15,0,0,0,1,2,2,1,1,20001215
2000,12,16,0,0,0,1,2,3,1,2,20001216
2000,12,17,1,2,1,2,3,3,3,1,20001217
2000,12,18,2,3,3,3,2,3,2,3,20001218
2000,12,19,2,1,1,2,2,3,3,1,20001219
2000,12,20,1,0,1,2,2,2,2,1,20001220
2000,12,21,0,0,0,3,2,2,2,1,20001221
2000,12,22,1,1,1,2,1,3,2,3,20001222
2000,12,23,4,5,4,4,4,3,2,2,20001223
2000,12,24,1,2,1,1,2,2,2,2,20001224
2000,12,25,1,1,0,1,3,3,1,2,20001225
2000,12,26,1,1,0,1,1,2,2,2,20001226
2000,12,27,1,1,1,1,3,3,3,1,20001227
2000,12,28,2,1,1,2,3,1,1,0,20001228
2000,12,29,1,3,2,2,1,1,2,2,20001229
2000,12,30,1,0,0,1,1,1,1,1,20001230
2000,12,31,1,0,0,1,1,0,1,0,20001231
2001,01,01,0,0,1,1,1,0,1,1,20010101
2001,01,02,1,0,0,0,2,2,2,2,20010102
2001,01,03,2,4,2,3,3,2,2,2,20010103
2001,01,04,2,1,3,2,3,3,3,2,20010104
2001,01,05,1,1,1,1,1,3,2,3,20010105
2001,01,06,2,1,2,1,2,3,2,2,20010106
2001,01,07,2,2,1,1,1,2,2,2,20010107
2001,01,08,2,2,1,1,2,2,3,3,20010108
2001,01,09,1,1,0,1,2,2,2,1,20010109
2001,01,10,0,0,0,0,1,3,2,2,20010110
2001,01,11,1,0,0,1,2,2,3,2,20010111
2001,01,12,2,3,2,3,2,2,1,1,20010112
2001,01,13,1,0,1,2,3,2,2,1,20010113
2001,01,14,1,2,2,2,2,3,3,2,20010114
2001,01,15,0,0,2,3,3,2,2,3,20010115
2001,01,16,0,0,2,2,3,2,3,1,20010116
2001,01,17,3,1,0,1,2,3,3,2,20010117
2001,01,18,0,0,1,2,1,2,2,2,20010118
2001,01,19,1,1,0,0,2,2,2,2,20010119
2001,01,20,0,0,3,2,3,2,3,3,20010120
2001,01,21,2,2,3,5,4,3,3,4,20010121
2001,01,22,3,3,2,2,3,3,2,2,20010122
2001,01,23,1,1,0,3,3,3,4,3,20010123
2001,01,24,2,3,1,4,5,4,4,3,20010124
2001,01,25,1,0,0,1,1,2,2,2,20010125
2001,01,26,2,2,4,3,2,2,2,3,20010126
2001,01,27,2,2,1,0,1,2,2,1,20010127
2001,01,28,0,1,1,2,3,2,2,2,20010128
2001,01,29,4,4,3,1,1,2,2,3,20010129
2001,01,30,1,3,0,0,1,1,1,1,20010130
2001,01,31,0,0,4,5,4,4,3,3,20010131
2001,02,01,1,3,3,2,2,1,1,2,20010201
2001,02,02,3,2,0,2,1,2,2,1,20010202
2001,02,03,1,0,0,0,1,1,1,0,20010203
2001,02,04,0,0,0,0,1,1,1,0,20010204
2001,02,05,0,0,0,0,1,1,2,2,20010205
2001,02,06,2,1,4,3,2,3,2,3,20010206
2001,02,07,2,3,1,1,1,2,2,2,20010207
2001,02,08,1,2,2,3,0,2,2,3,20010208
2001,02,09,0,0,0,1,2,2,2,2,20010209
2001,02,10,1,2,1,2,2,3,2,1,20010210
2001,02,11,2,2,3,3,2,2,1,1,20010211
2001,02,12,1,0,2,0,1,2,2,2,20010212
2001,02,13,2,4,4,3,3,4,4,4,20010213
2001,02,14,4,4,3,4,4,3,3,3,20010214
2001,02,15,1,1,2,3,1,1,2,1,20010215
2001,02,16,0,0,0,1,1,1,2,2,20010216
2001,02,17,1,0,0,1,1,2,2,1,20010217
2001,02,18,1,0,0,0,1,2,2,2,20010218
2001,02,19,1,1,2,2,2,3,1,2,20010219
2001,02,20,1,1,2,3,3,2,2,2,20010220
2001,02,21,2,1,1,2,3,2,2,2,20010221
2001,02,22,0,0,3,2,1,2,2,3,20010222
2001,02,23,3,3,4,2,3,3,2,2,20010223
2001,02,24,1,2,0,2,2,3,1,0,20010224
2001,02,25,0,0,1,1,1,2,1,0,20010225
2001,02,26,2,0,3,2,2,4,3,3,20010226
2001,02,27,3,3,4,3,3,2,1,1,20010227
2001,02,28,1,0,1,2,3,3,3,2,20010228
2001,03,01,3,1,1,1,1,2,2,1,20010301
2001,03,02,1,1,2,2,2,3,3,3,20010302
2001,03,03,2,3,1,4,4,3,4,3,20010303
2001,03,04,3,3,4,3,3,3,4,4,20010304
2001,03,05,5,4,4,4,2,2,2,2,20010305
2001,03,06,1,1,2,2,2,2,3,2,20010306
2001,03,07,1,2,3,2,2,3,2,1,20010307
2001,03,08,1,0,2,3,1,2,2,2,20010308
2001,03,09,2,1,2,1,2,3,2,1,20010309
2001,03,10,1,2,1,1,2,2,3,1,20010310
2001,03,11,0,1,0,1,2,1,2,1,20010311
2001,03,12,1,0,2,3,3,3,3,3,20010312
2001,03,13,2,2,2,3,2,2,2,2,20010313
2001,03,14,2,2,3,3,2,1,2,1,20010314
2001,03,15,0,0,2,1,1,1,2,1,20010315
2001,03,16,0,0,0,0,1,2,2,1,20010316
2001,03,17,0,0,0,0,2,3,2,1,20010317
2001,03,18,3,3,2,2,1,2,2,2,20010318
2001,03,19,2,2,3,3,4,5,5,4,20010319
2001,03,20,5,5,6,6,7,6,4,3,20010320
2001,03,21,4,3,3,1,2,2,2,2,20010321
2001,03,22,1,0,1,1,3,4,2,3,20010322
2001,03,23,3,4,4,4,3,4,3,3,20010323
2001,03,24,1,3,4,3,3,3,3,2,20010324
2001,03,25,1,2,3,3,2,2,3,2,20010325
2001,03,26,0,0,1,1,3,2,3,2,20010326
2001,03,27,4,2,2,3,2,3,4,5,20010327
2001,03,28,2,2,4,6,6,4,3,4,20010328
2001,03,29,4,4,5,3,3,4,2,3,20010329
2001,03,30,1,2,2,3,3,3,3,3,20010330
2001,03,31,6,8,9,6,7,7,8,6,20010331
2001,04,01,4,5,6,3,3,3,4,4,20010401
2001,04,02,4,4,4,3,3,3,3,4,20010402
2001,04,03,2,1,1,1,2,3,2,2,20010403
2001,04,04,2,2,2,2,3,4,5,2,20010404
2001,04,05,2,2,4,5,3,4,4,4,20010405
2001,04,06,1,1,3,3,3,3,3,3,20010406
2001,04,07,3,4,3,2,2,4,4,3,20010407
2001,04,08,3,1,4,6,6,4,5,5,20010408
2001,04,09,2,4,4,4,3,5,3,2,20010409
2001,04,10,3,1,2,2,3,3,2,2,20010410
2001,04,11,3,3,3,2,4,8,6,7,20010411
2001,04,12,7,6,5,5,3,3,1,2,20010412
2001,04,13,1,1,3,7,6,4,5,4,20010413
2001,04,14,3,3,4,3,3,3,3,2,20010414
2001,04,15,3,4,3,2,4,3,2,3,20010415
2001,04,16,3,2,1,1,2,3,2,2,20010416
2001,04,17,2,3,2,2,2,3,2,2,20010417
2001,04,18,5,7,7,4,3,4,1,2,20010418
2001,04,19,3,2,3,1,2,2,1,2,20010419
2001,04,20,3,3,1,2,2,3,2,2,20010420
2001,04,21,1,2,1,2,2,3,2,3,20010421
2001,04,22,4,3,5,4,5,5,3,4,20010422
2001,04,23,4,4,5,4,3,3,3,2,20010423
2001,04,24,1,2,3,2,2,3,2,2,20010424
2001,04,25,1,1,1,2,3,3,2,2,20010425
2001,04,26,1,2,3,2,2,3,2,1,20010426
2001,04,27,2,1,0,2,3,3,2,1,20010427
2001,04,28,2,5,3,4,5,5,3,3,20010428
2001,04,29,4,4,2,2,3,2,2,1,20010429
2001,04,30,1,0,0,0,1,3,3,1,20010430
2001,05,01,1,0,1,1,2,2,2,2,20010501
2001,05,02,2,1,3,2,2,2,2,1,20010502
2001,05,03,1,1,2,3,2,2,3,2,20010503
2001,05,04,1,3,3,3,2,2,2,2,20010504
2001,05,05,1,0,1,2,2,2,2,2,20010505
2001,05,06,1,0,2,2,3,3,2,2,20010506
2001,05,07,4,5,4,3,3,3,3,2,20010507
2001,05,08,2,1,3,3,3,4,4,4,20010508
2001,05,09,5,5,4,4,4,4,4,4,20010509
2001,05,10,5,5,5,4,3,3,3,3,20010510
2001,05,11,3,1,2,2,2,3,3,3,20010511
2001,05,12,4,2,4,6,6,4,3,4,20010512
2001,05,13,5,4,2,3,3,4,4,4,20010513
2001,05,14,4,3,4,1,2,3,3,2,20010514
2001,05,15,2,2,4,4,2,4,4,3,20010515
2001,05,16,3,3,3,3,2,3,2,2,20010516
2001,05,17,2,3,1,3,2,3,2,3,20010517
2001,05,18,3,3,2,2,3,3,3,3,20010518
2001,05,19,4,4,2,2,3,3,3,2,20010519
2001,05,20,2,3,3,2,3,3,2,2,20010520
2001,05,21,2,1,1,2,3,3,3,2,20010521
2001,05,22,2,1,2,3,3,3,3,2,20010522
2001,05,23,3,2,2,2,3,4,3,3,20010523
2001,05,24,3,2,1,2,3,3,3,3,20010524
2001,05,25,2,1,2,2,3,3,3,2,20010525
2001,05,26,2,2,2,2,2,3,3,2,20010526
2001,05,27,1,0,0,2,3,4,3,3,20010527
2001,05,28,2,3,2,4,4,4,3,4,20010528
2001,05,29,4,2,2,1,3,3,2,2,20010529
2001,05,30,1,0,0,1,2,2,2,2,20010530
2001,05,31,1,0,0,1,3,3,2,2,20010531
2001,06,01,1,1,1,3,3,3,3,4,20010601
2001,06,02,5,4,3,3,4,3,3,3,20010602
2001,06,03,2,2,3,2,3,4,3,3,20010603
2001,06,04,4,1,2,2,3,3,3,3,20010604
2001,06,05,3,3,1,2,2,3,2,3,20010605
2001,06,06,2,2,2,2,3,3,3,3,20010606
2001,06,07,2,3,2,3,3,3,3,3,20010607
2001,06,08,2,2,2,2,2,2,3,3,20010608
2001,06,09,3,4,3,3,3,3,4,5,20010609
2001,06,10,5,3,4,4,3,4,3,3,20010610
2001,06,11,3,3,1,2,3,3,3,3,20010611
2001,06,12,2,2,2,2,2,2,3,2,20010612
2001,06,13,3,4,4,3,2,3,3,2,20010613
2001,06,14,2,1,1,2,2,3,3,4,20010614
2001,06,15,3,3,3,3,3,3,2,3,20010615
2001,06,16,2,2,2,2,2,3,3,2,20010616
2001,06,17,1,1,2,2,4,3,3,3,20010617
2001,06,18,2,5,5,6,5,3,4,4,20010618
2001,06,19,4,3,2,2,3,4,3,3,20010619
2001,06,20,3,3,4,4,3,3,2,3,20010620
2001,06,21,2,3,3,3,3,3,3,3,20010621
2001,06,22,2,2,1,2,3,2,2,3,20010622
2001,06,23,2,1,1,2,3,3,3,2,20010623
2001,06,24,3,2,2,3,3,3,3,3,20010624
2001,06,25,2,2,2,2,2,3,2,2,20010625
2001,06,26,1,2,2,3,3,4,3,3,20010626
2001,06,27,4,4,2,1,2,2,2,2,20010627
2001,06,28,0,0,1,2,2,3,2,2,20010628
2001,06,29,1,1,1,2,2,3,2,3,20010629
2001,06,30,1,2,2,3,3,3,3,3,20010630
2001,07,01,3,3,1,2,3,3,3,3,20010701
2001,07,02,3,2,1,2,2,3,3,2,20010702
2001,07,03,1,2,2,3,3,3,3,3,20010703
2001,07,04,2,2,1,2,3,3,2,3,20010704
2001,07,05,2,3,3,3,3,3,3,3,20010705
2001,07,06,2,2,1,3,3,3,3,3,20010706
2001,07,07,2,2,1,2,2,3,2,2,20010707
2001,07,08,2,3,3,3,3,3,4,4,20010708
2001,07,09,4,3,1,2,2,3,2,2,20010709
2001,07,10,1,2,3,3,3,3,3,3,20010710
2001,07,11,3,3,1,1,2,3,3,2,20010711
2001,07,12,2,2,3,2,3,3,2,3,20010712
2001,07,13,2,2,1,2,2,3,3,3,20010713
2001,07,14,4,4,2,2,3,3,2,2,20010714
2001,07,15,2,0,3,2,3,4,4,2,20010715
2001,07,16,3,4,3,3,3,4,3,4,20010716
2001,07,17,4,4,3,3,3,3,3,3,20010717
2001,07,18,2,3,3,2,2,3,3,3,20010718
2001,07,19,1,2,2,2,2,4,3,2,20010719
2001,07,20,2,2,2,3,3,3,2,2,20010720
2001,07,21,1,2,0,2,3,3,3,3,20010721
2001,07,22,2,3,2,3,3,3,3,3,20010722
2001,07,23,3,3,2,3,3,3,3,2,20010723
2001,07,24,3,3,3,2,4,3,3,3,20010724
2001,07,25,3,4,5,4,3,4,4,3,20010725
2001,07,26,4,4,2,3,3,3,2,3,20010726
2001,07,27,2,2,3,3,2,3,2,3,20010727
2001,07,28,2,0,0,2,2,2,2,2,20010728
2001,07,29,1,2,3,2,3,3,2,2,20010729
2001,07,30,2,1,2,2,2,3,3,4,20010730
2001,07,31,3,4,4,3,4,4,3,3,20010731
2001,08,01,3,2,3,3,3,3,2,2,20010801
2001,08,02,1,1,3,2,2,3,3,2,20010802
2001,08,03,2,2,4,3,3,3,3,3,20010803
2001,08,04,2,2,2,2,3,3,3,2,20010804
2001,08,05,2,1,4,5,5,4,3,3,20010805
2001,08,06,3,3,3,5,5,4,3,3,20010806
2001,08,07,3,3,2,3,3,3,3,3,20010807
2001,08,08,2,2,3,2,3,3,3,2,20010808
2001,08,09,1,3,2,2,3,3,3,3,20010809
2001,08,10,3,2,2,2,3,3,4,3,20010810
2001,08,11,3,0,1,2,2,2,2,2,20010811
2001,08,12,2,2,2,3,3,4,3,4,20010812
2001,08,13,4,5,3,3,3,3,3,3,20010813
2001,08,14,3,2,2,3,3,3,3,3,20010814
2001,08,15,2,3,3,2,2,3,3,2,20010815
2001,08,16,2,1,0,2,3,3,3,2,20010816
2001,08,17,1,1,2,4,5,5,6,5,20010817
2001,08,18,3,3,3,2,3,4,3,3,20010818
2001,08,19,1,3,3,3,3,3,3,3,20010819
2001,08,20,2,1,1,3,3,3,3,2,20010820
2001,08,21,2,1,2,3,3,4,4,2,20010821
2001,08,22,2,2,3,4,4,4,4,4,20010822
2001,08,23,3,2,4,2,3,3,3,2,20010823
2001,08,24,1,1,1,1,2,2,2,1,20010824
2001,08,25,1,1,1,2,3,4,4,3,20010825
2001,08,26,3,1,3,3,3,3,3,3,20010826
2001,08,27,2,3,1,1,3,3,4,4,20010827
2001,08,28,4,3,3,3,3,4,3,2,20010828
2001,08,29,2,2,3,3,2,3,2,2,20010829
2001,08,30,2,2,3,3,3,4,3,2,20010830
2001,08,31,3,3,4,4,3,4,3,3,20010831
2001,09,01,2,1,2,2,3,3,3,2,20010901
2001,09,02,1,0,0,2,3,3,3,3,20010902
2001,09,03,3,2,3,4,4,4,3,4,20010903
2001,09,04,3,4,4,3,4,4,3,3,20010904
2001,09,05,3,1,2,2,3,3,3,2,20010905
2001,09,06,2,0,2,2,3,3,3,3,20010906
2001,09,07,1,0,1,1,3,3,1,3,20010907
2001,09,08,3,2,2,2,2,3,2,2,20010908
2001,09,09,2,1,1,2,2,3,3,2,20010909
2001,09,10,2,1,1,1,2,3,2,2,20010910
2001,09,11,1,0,0,1,3,4,3,3,20010911
2001,09,12,2,3,4,3,3,3,3,2,20010912
2001,09,13,3,4,5,4,3,3,3,1,20010913
2001,09,14,3,1,1,2,3,3,2,4,20010914
2001,09,15,3,2,2,3,4,4,3,3,20010915
2001,09,16,2,1,1,1,3,3,3,2,20010916
2001,09,17,1,2,3,3,3,3,3,3,20010917
2001,09,18,2,2,1,1,2,2,4,2,20010918
2001,09,19,3,3,2,2,2,2,3,1,20010919
2001,09,20,1,1,1,2,2,2,2,2,20010920
2001,09,21,1,0,0,2,2,2,2,2,20010921
2001,09,22,2,1,3,4,4,3,2,1,20010922
2001,09,23,0,3,5,4,5,5,5,4,20010923
2001,09,24,3,1,1,2,2,2,2,1,20010924
2001,09,25,1,2,2,1,1,2,5,6,20010925
2001,09,26,5,4,5,4,3,3,2,2,20010926
2001,09,27,1,1,1,3,3,3,3,3,20010927
2001,09,28,2,2,3,3,3,3,3,3,20010928
2001,09,29,3,3,3,4,3,4,3,5,20010929
2001,09,30,4,3,2,2,3,4,4,4,20010930
2001,10,01,4,5,6,6,5,4,3,5,20011001
2001,10,02,4,5,5,5,4,4,5,5,20011002
2001,10,03,4,3,5,7,6,6,4,4,20011003
2001,10,04,4,1,5,4,3,4,3,2,20011004
2001,10,05,1,1,1,3,2,3,3,2,20011005
2001,10,06,2,2,2,2,3,2,2,2,20011006
2001,10,07,0,0,0,1,2,2,2,2,20011007
2001,10,08,2,3,3,3,4,4,2,4,20011008
2001,10,09,3,2,3,4,4,4,2,2,20011009
2001,10,10,1,3,2,2,3,2,2,1,20011010
2001,10,11,2,3,2,1,3,5,5,4,20011011
2001,10,12,5,6,3,4,4,3,3,3,20011012
2001,10,13,3,3,3,3,2,2,2,1,20011013
2001,10,14,1,2,3,2,2,2,3,3,20011014
2001,10,15,3,4,3,2,2,3,2,2,20011015
2001,10,16,3,2,2,2,3,3,2,1,20011016
2001,10,17,2,1,1,1,2,2,2,1,20011017
2001,10,18,0,0,0,1,2,3,2,1,20011018
2001,10,19,0,1,2,2,3,3,2,3,20011019
2001,10,20,1,3,2,4,3,3,2,2,20011020
2001,10,21,2,3,3,2,3,6,6,7,20011021
2001,10,22,6,5,4,6,5,7,6,5,20011022
2001,10,23,4,5,3,2,2,2,2,1,20011023
2001,10,24,1,0,0,1,1,2,1,1,20011024
2001,10,25,0,0,2,2,2,3,3,2,20011025
2001,10,26,1,0,2,2,1,2,2,2,20011026
2001,10,27,1,2,1,2,3,2,2,2,20011027
2001,10,28,2,6,6,6,5,4,4,3,20011028
2001,10,29,3,3,4,3,4,3,3,3,20011029
2001,10,30,2,3,3,2,2,2,2,2,20011030
2001,10,31,1,1,2,0,3,3,3,3,20011031
2001,11,01,4,4,5,4,5,4,3,2,20011101
2001,11,02,1,1,1,0,3,2,2,2,20011102
2001,11,03,0,0,0,0,1,2,2,1,20011103
2001,11,04,0,0,2,3,3,3,2,1,20011104
2001,11,05,0,0,1,2,3,4,5,4,20011105
2001,11,06,8,8,7,5,6,7,5,5,20011106
2001,11,07,5,4,1,3,2,2,2,3,20011107
2001,11,08,2,1,2,2,1,2,2,1,20011108
2001,11,09,1,0,0,0,1,2,2,2,20011109
2001,11,10,1,1,0,0,2,2,3,3,20011110
2001,11,11,2,1,0,2,1,2,2,1,20011111
2001,11,12,1,0,0,0,1,2,1,1,20011112
2001,11,13,1,0,0,0,1,2,2,2,20011113
2001,11,14,0,0,1,0,1,1,2,1,20011114
2001,11,15,0,0,0,1,1,4,4,2,20011115
2001,11,16,2,2,3,2,3,3,1,1,20011116
2001,11,17,2,3,3,3,4,3,3,3,20011117
2001,11,18,2,2,2,2,2,3,2,2,20011118
2001,11,19,3,2,2,3,3,3,4,4,20011119
2001,11,20,3,3,4,1,1,1,1,0,20011120
2001,11,21,1,1,3,1,1,2,2,1,20011121
2001,11,22,1,2,2,3,2,2,3,2,20011122
2001,11,23,3,2,2,2,3,3,3,3,20011123
2001,11,24,3,5,9,7,8,7,3,4,20011124
2001,11,25,3,2,2,3,2,3,2,2,20011125
2001,11,26,2,1,3,1,1,2,1,1,20011126
2001,11,27,1,0,0,0,0,2,1,1,20011127
2001,11,28,1,0,0,0,0,2,2,1,20011128
2001,11,29,2,1,1,1,1,1,1,0,20011129
2001,11,30,1,0,0,1,1,1,2,2,20011130
2001,12,01,1,1,3,2,3,2,1,3,20011201
2001,12,02,1,0,0,1,2,3,2,1,20011202
2001,12,03,1,1,0,1,2,2,3,3,20011203
2001,12,04,3,2,1,2,2,2,2,2,20011204
2001,12,05,3,2,2,3,2,2,3,2,20011205
2001,12,06,2,1,1,3,2,3,3,3,20011206
2001,12,07,2,1,0,1,2,2,2,2,20011207
2001,12,08,2,0,2,2,2,2,2,1,20011208
2001,12,09,2,0,0,1,1,1,2,1,20011209
2001,12,10,1,1,2,1,2,2,1,1,20011210
2001,12,11,1,1,0,1,1,2,2,2,20011211
2001,12,12,2,2,2,5,3,2,3,3,20011212
2001,12,13,2,1,1,0,2,1,1,1,20011213
2001,12,14,1,1,0,1,2,2,2,2,20011214
2001,12,15,3,3,3,3,3,2,2,2,20011215
2001,12,16,2,3,3,3,3,2,2,2,20011216
2001,12,17,2,3,3,4,4,4,3,2,20011217
2001,12,18,3,1,2,3,3,2,2,2,20011218
2001,12,19,3,1,3,3,2,3,2,2,20011219
2001,12,20,1,0,1,2,2,3,2,1,20011220
2001,12,21,1,2,2,2,3,4,4,3,20011221
2001,12,22,2,2,3,3,2,2,2,1,20011222
2001,12,23,2,1,2,3,2,2,2,3,20011223
2001,12,24,3,3,5,4,4,4,3,2,20011224
2001,12,25,3,2,1,3,2,2,1,3,20011225
2001,12,26,2,0,0,1,2,3,3,2,20011226
2001,12,27,2,1,1,2,2,3,3,1,20011227
2001,12,28,1,0,1,2,2,2,2,2,20011228
2001,12,29,2,4,2,2,2,3,3,2,20011229
2001,12,30,3,4,4,2,3,2,4,4,20011230
2001,12,31,3,3,2,2,2,3,3,4,20011231
2002,01,01,2,2,2,2,2,2,3,2,20020101
2002,01,02,1,1,1,1,3,3,2,2,20020102
2002,01,03,1,1,1,1,1,1,2,1,20020103
2002,01,04,1,1,0,1,1,1,2,1,20020104
2002,01,05,2,0,0,1,1,1,2,1,20020105
2002,01,06,1,0,0,1,1,2,2,2,20020106
2002,01,07,1,1,0,3,2,3,3,2,20020107
2002,01,08,2,1,3,2,2,2,2,1,20020108
2002,01,09,1,0,0,0,1,2,2,0,20020109
2002,01,10,2,1,2,3,4,5,4,3,20020110
2002,01,11,4,4,4,4,4,4,3,2,20020111
2002,01,12,3,3,4,4,3,3,3,2,20020112
2002,01,13,2,2,4,3,3,2,2,3,20020113
2002,01,14,3,2,1,2,3,3,2,2,20020114
2002,01,15,1,2,2,2,2,2,2,2,20020115
2002,01,16,1,1,3,1,1,2,1,1,20020116
2002,01,17,3,1,1,2,2,3,1,2,20020117
2002,01,18,2,1,0,3,2,2,1,1,20020118
2002,01,19,1,1,2,2,4,4,3,3,20020119
2002,01,20,3,2,1,2,2,3,2,2,20020120
2002,01,21,3,2,2,3,3,2,3,2,20020121
2002,01,22,1,1,3,2,2,2,2,2,20020122
2002,01,23,2,0,1,2,2,3,3,2,20020123
2002,01,24,1,2,0,0,1,2,2,2,20020124
2002,01,25,1,0,1,1,3,3,4,2,20020125
2002,01,26,2,2,2,2,2,2,2,2,20020126
2002,01,27,3,3,1,2,2,2,2,2,20020127
2002,01,28,2,1,1,2,3,2,2,2,20020128
2002,01,29,2,1,1,2,1,1,1,1,20020129
2002,01,30,1,0,1,0,1,1,1,2,20020130
2002,01,31,2,1,0,0,1,2,1,3,20020131
2002,02,01,3,2,2,2,3,4,2,2,20020201
2002,02,02,3,3,5,4,4,3,3,2,20020202
2002,02,03,1,2,0,2,2,2,2,0,20020203
2002,02,04,1,1,0,0,2,3,3,3,20020204
2002,02,05,4,3,2,2,3,4,4,3,20020205
2002,02,06,3,3,4,4,4,3,3,2,20020206
2002,02,07,2,3,4,3,4,2,3,3,20020207
2002,02,08,3,1,1,2,3,3,3,2,20020208
2002,02,09,2,3,2,3,2,2,2,3,20020209
2002,02,10,3,2,3,2,2,2,2,2,20020210
2002,02,11,2,2,3,4,3,3,3,3,20020211
2002,02,12,3,2,2,1,1,2,2,2,20020212
2002,02,13,2,1,3,3,3,3,2,1,20020213
2002,02,14,1,0,2,1,1,2,2,1,20020214
2002,02,15,1,0,0,1,1,2,2,1,20020215
2002,02,16,2,0,0,1,1,2,2,2,20020216
2002,02,17,1,3,4,2,2,2,2,2,20020217
2002,02,18,1,2,2,2,1,3,3,4,20020218
2002,02,19,2,1,1,1,1,2,2,1,20020219
2002,02,20,2,0,3,2,3,2,2,3,20020220
2002,02,21,1,1,2,1,2,2,3,3,20020221
2002,02,22,2,2,0,1,1,2,3,2,20020222
2002,02,23,2,1,1,0,1,2,2,1,20020223
2002,02,24,2,1,1,1,2,1,1,1,20020224
2002,02,25,1,0,2,2,3,3,2,2,20020225
2002,02,26,2,2,3,2,2,2,2,3,20020226
2002,02,27,2,0,1,1,2,2,2,2,20020227
2002,02,28,1,3,4,3,3,3,3,5,20020228
2002,03,01,4,3,3,2,2,2,2,1,20020301
2002,03,02,1,1,1,1,1,3,3,2,20020302
2002,03,03,1,1,3,2,3,3,3,4,20020303
2002,03,04,2,2,1,2,2,3,3,2,20020304
2002,03,05,3,4,2,3,3,4,3,3,20020305
2002,03,06,2,3,3,3,3,4,4,3,20020306
2002,03,07,2,1,3,3,4,2,2,2,20020307
2002,03,08,1,1,2,3,0,1,1,1,20020308
2002,03,09,1,0,0,2,3,3,2,1,20020309
2002,03,10,1,1,0,4,4,2,2,3,20020310
2002,03,11,3,3,2,2,3,2,3,2,20020311
2002,03,12,2,1,2,3,3,3,3,3,20020312
2002,03,13,2,1,2,2,2,2,2,1,20020313
2002,03,14,1,0,0,1,1,2,2,1,20020314
2002,03,15,1,0,1,1,2,3,3,2,20020315
2002,03,16,1,0,0,1,2,3,2,1,20020316
2002,03,17,1,0,0,1,2,2,2,1,20020317
2002,03,18,2,1,0,2,4,3,4,3,20020318
2002,03,19,5,5,3,3,1,2,3,2,20020319
2002,03,20,1,1,0,1,3,4,3,2,20020320
2002,03,21,2,1,3,3,1,2,3,2,20020321
2002,03,22,2,3,3,3,1,2,2,1,20020322
2002,03,23,1,0,0,2,3,3,3,3,20020323
2002,03,24,5,5,6,6,4,5,3,3,20020324
2002,03,25,2,2,1,2,2,3,2,2,20020325
2002,03,26,3,2,1,3,3,3,2,3,20020326
2002,03,27,2,1,2,2,2,2,2,1,20020327
2002,03,28,1,0,1,2,3,3,3,1,20020328
2002,03,29,1,0,0,2,2,3,2,3,20020329
2002,03,30,2,4,4,3,4,3,3,2,20020330
2002,03,31,2,3,3,3,3,3,4,3,20020331
2002,04,01,3,4,4,3,3,3,3,2,20020401
2002,04,02,2,4,4,4,2,2,3,2,20020402
2002,04,03,3,4,3,3,3,3,3,3,20020403
2002,04,04,2,1,2,3,3,3,2,2,20020404
2002,04,05,1,2,1,1,2,2,3,2,20020405
2002,04,06,2,1,0,2,2,2,2,2,20020406
2002,04,07,2,1,2,2,3,3,2,2,20020407
2002,04,08,1,0,1,1,2,3,2,1,20020408
2002,04,09,2,0,1,1,2,3,3,2,20020409
2002,04,10,1,0,1,3,3,3,3,2,20020410
2002,04,11,2,1,2,3,3,4,3,4,20020411
2002,04,12,4,2,2,2,3,3,3,3,20020412
2002,04,13,3,2,3,4,3,3,3,3,20020413
2002,04,14,3,3,2,2,4,3,3,2,20020414
2002,04,15,2,1,1,2,2,3,3,3,20020415
2002,04,16,2,3,3,1,2,3,3,2,20020416
2002,04,17,2,3,2,6,6,6,5,3,20020417
2002,04,18,6,7,6,5,4,4,4,3,20020418
2002,04,19,4,4,4,6,6,5,5,5,20020419
2002,04,20,7,7,7,6,4,4,4,2,20020420
2002,04,21,3,2,2,1,2,2,2,3,20020421
2002,04,22,3,4,2,3,3,3,2,2,20020422
2002,04,23,1,4,6,3,3,4,2,3,20020423
2002,04,24,3,1,1,2,2,3,2,2,20020424
2002,04,25,2,1,0,2,2,3,2,1,20020425
2002,04,26,2,1,1,2,2,2,2,2,20020426
2002,04,27,2,1,1,2,3,3,3,3,20020427
2002,04,28,3,4,4,4,4,3,3,2,20020428
2002,04,29,2,1,2,3,3,3,3,2,20020429
2002,04,30,2,2,2,2,3,3,3,1,20020430
2002,05,01,2,1,1,2,2,2,2,2,20020501
2002,05,02,2,2,0,2,3,3,2,2,20020502
2002,05,03,2,2,1,2,2,3,3,2,20020503
2002,05,04,1,2,3,2,3,3,3,2,20020504
2002,05,05,1,1,1,2,3,3,3,2,20020505
2002,05,06,2,1,1,3,3,4,3,3,20020506
2002,05,07,3,1,2,3,3,3,4,3,20020507
2002,05,08,3,3,3,2,3,3,3,2,20020508
2002,05,09,2,2,3,3,3,3,2,2,20020509
2002,05,10,2,2,3,4,4,4,3,4,20020510
2002,05,11,2,1,3,6,6,6,5,4,20020511
2002,05,12,4,3,5,2,4,3,3,2,20020512
2002,05,13,4,3,2,2,3,3,3,2,20020513
2002,05,14,4,5,6,4,4,4,4,4,20020514
2002,05,15,4,4,3,4,3,3,2,2,20020515
2002,05,16,3,3,2,3,3,3,3,3,20020516
2002,05,17,1,1,2,2,3,4,3,2,20020517
2002,05,18,2,1,1,2,3,3,5,5,20020518
2002,05,19,3,4,5,2,3,3,2,2,20020519
2002,05,20,1,3,2,3,3,4,3,3,20020520
2002,05,21,3,2,4,2,3,3,3,4,20020521
2002,05,22,2,2,3,4,3,3,3,3,20020522
2002,05,23,3,3,2,5,7,7,5,3,20020523
2002,05,24,2,1,1,2,2,3,3,2,20020524
2002,05,25,2,1,1,2,2,3,2,1,20020525
2002,05,26,2,1,2,2,2,3,3,4,20020526
2002,05,27,3,2,5,5,4,5,3,3,20020527
2002,05,28,2,3,3,3,3,3,3,3,20020528
2002,05,29,3,3,2,3,3,3,3,2,20020529
2002,05,30,2,1,3,3,3,3,2,2,20020530
2002,05,31,2,1,1,2,2,3,2,2,20020531
2002,06,01,1,0,2,2,2,3,3,3,20020601
2002,06,02,4,3,2,3,3,4,3,4,20020602
2002,06,03,3,3,3,2,3,3,3,3,20020603
2002,06,04,3,3,4,3,4,3,3,3,20020604
2002,06,05,3,2,2,2,3,3,2,2,20020605
2002,06,06,2,2,2,3,3,3,3,3,20020606
2002,06,07,1,2,2,2,3,3,3,3,20020607
2002,06,08,2,1,1,3,4,4,3,4,20020608
2002,06,09,3,3,3,3,3,3,4,3,20020609
2002,06,10,2,2,3,4,4,4,3,3,20020610
2002,06,11,3,2,3,3,3,3,3,3,20020611
2002,06,12,3,2,1,3,3,3,3,2,20020612
2002,06,13,2,3,2,3,3,3,3,3,20020613
2002,06,14,2,1,1,2,2,3,2,2,20020614
2002,06,15,2,1,1,2,2,2,3,3,20020615
2002,06,16,2,3,3,3,3,2,2,3,20020616
2002,06,17,2,2,1,2,2,3,2,2,20020617
2002,06,18,2,0,1,3,3,3,3,3,20020618
2002,06,19,4,3,3,3,3,3,3,4,20020619
2002,06,20,2,3,2,3,3,3,3,3,20020620
2002,06,21,2,3,1,2,2,3,3,2,20020621
2002,06,22,1,2,1,2,2,3,3,3,20020622
2002,06,23,2,3,3,3,3,3,3,3,20020623
2002,06,24,3,2,2,2,3,3,3,2,20020624
2002,06,25,3,2,2,3,3,3,2,3,20020625
2002,06,26,3,2,1,2,3,3,2,2,20020626
2002,06,27,2,1,1,2,3,3,2,1,20020627
2002,06,28,2,1,1,2,2,3,3,2,20020628
2002,06,29,2,1,1,2,3,3,3,3,20020629
2002,06,30,2,3,3,4,3,3,3,3,20020630
2002,07,01,3,4,2,4,3,4,3,2,20020701
2002,07,02,3,3,2,1,2,2,3,3,20020702
2002,07,03,3,2,2,2,2,2,3,2,20020703
2002,07,04,3,2,1,1,2,2,2,3,20020704
2002,07,05,3,2,3,3,3,3,4,3,20020705
2002,07,06,4,4,4,4,3,4,4,3,20020706
2002,07,07,3,3,3,2,3,3,3,2,20020707
2002,07,08,3,2,1,3,3,2,2,3,20020708
2002,07,09,4,3,3,3,2,4,3,3,20020709
2002,07,10,3,3,3,3,2,2,3,3,20020710
2002,07,11,2,2,2,2,2,2,3,3,20020711
2002,07,12,3,3,3,5,5,4,3,2,20020712
2002,07,13,3,3,2,2,2,2,3,2,20020713
2002,07,14,2,2,1,1,2,2,3,1,20020714
2002,07,15,2,2,1,1,2,3,4,2,20020715
2002,07,16,2,3,2,2,2,2,4,4,20020716
2002,07,17,3,3,4,3,3,4,4,3,20020717
2002,07,18,3,3,2,3,2,2,2,1,20020718
2002,07,19,2,2,1,3,2,3,2,4,20020719
2002,07,20,4,4,3,2,2,3,3,4,20020720
2002,07,21,4,4,4,2,3,3,3,1,20020721
2002,07,22,3,3,4,5,4,3,3,3,20020722
2002,07,23,4,3,3,3,2,3,4,4,20020723
2002,07,24,3,3,3,2,3,3,3,2,20020724
2002,07,25,3,3,2,3,3,3,4,3,20020725
2002,07,26,4,3,3,4,3,3,4,3,20020726
2002,07,27,4,3,3,4,4,3,4,3,20020727
2002,07,28,4,3,2,3,3,3,3,2,20020728
2002,07,29,2,3,2,2,4,3,3,2,20020729
2002,07,30,2,2,1,2,2,3,3,3,20020730
2002,07,31,3,2,1,2,3,3,3,2,20020731
2002,08,01,2,4,4,4,5,4,3,5,20020801
2002,08,02,6,6,4,2,3,4,4,5,20020802
2002,08,03,5,4,4,3,3,3,4,3,20020803
2002,08,04,4,5,4,3,2,2,3,1,20020804
2002,08,05,2,2,2,1,2,2,3,3,20020805
2002,08,06,3,3,1,2,2,3,3,1,20020806
2002,08,07,2,3,2,2,2,2,3,2,20020807
2002,08,08,2,3,1,2,3,3,3,3,20020808
2002,08,09,2,2,2,2,4,3,4,4,20020809
2002,08,10,4,5,2,2,3,3,3,3,20020810
2002,08,11,2,3,2,4,4,3,3,3,20020811
2002,08,12,3,3,3,4,3,3,3,3,20020812
2002,08,13,4,4,3,3,3,2,3,2,20020813
2002,08,14,3,3,3,3,4,3,3,3,20020814
2002,08,15,3,3,3,4,3,4,5,5,20020815
2002,08,16,4,3,5,3,3,3,3,2,20020816
2002,08,17,2,3,4,3,2,2,3,3,20020817
2002,08,18,4,3,2,3,3,2,4,5,20020818
2002,08,19,4,4,5,4,4,3,4,4,20020819
2002,08,20,4,4,2,3,2,4,5,5,20020820
2002,08,21,5,5,7,4,5,3,4,3,20020821
2002,08,22,4,3,3,2,2,2,3,3,20020822
2002,08,23,2,3,2,2,3,3,3,3,20020823
2002,08,24,3,2,2,2,3,3,3,3,20020824
2002,08,25,2,2,2,2,2,3,3,3,20020825
2002,08,26,3,3,2,3,4,5,3,3,20020826
2002,08,27,3,4,3,3,3,3,3,3,20020827
2002,08,28,3,3,2,2,2,3,3,3,20020828
2002,08,29,3,2,1,2,3,3,3,2,20020829
2002,08,30,1,3,3,2,3,2,3,2,20020830
2002,08,31,2,2,3,3,4,2,3,3,20020831
2002,09,01,4,3,3,2,2,3,3,4,20020901
2002,09,02,3,3,2,4,3,3,3,2,20020902
2002,09,03,2,2,1,3,3,3,3,3,20020903
2002,09,04,4,6,5,6,5,4,4,3,20020904
2002,09,05,3,3,2,2,3,2,3,2,20020905
2002,09,06,2,3,3,3,3,2,3,2,20020906
2002,09,07,3,3,3,3,3,7,7,6,20020907
2002,09,08,6,5,3,2,2,2,4,4,20020908
2002,09,09,2,2,1,1,2,3,4,3,20020909
2002,09,10,3,2,3,4,5,4,4,4,20020910
2002,09,11,2,3,5,6,4,4,4,4,20020911
2002,09,12,4,3,4,3,4,3,3,2,20020912
2002,09,13,3,3,4,4,3,2,3,2,20020913
2002,09,14,3,3,2,4,3,2,3,2,20020914
2002,09,15,2,2,3,3,2,2,3,2,20020915
2002,09,16,2,2,2,2,3,2,3,1,20020916
2002,09,17,2,3,3,3,4,3,3,3,20020917
2002,09,18,4,3,2,3,4,3,3,3,20020918
2002,09,19,3,2,1,2,4,4,3,3,20020919
2002,09,20,3,2,1,1,2,2,3,2,20020920
2002,09,21,2,2,2,3,3,3,2,2,20020921
2002,09,22,2,2,3,2,3,3,3,2,20020922
2002,09,23,2,2,1,2,2,2,2,1,20020923
2002,09,24,2,2,1,2,2,2,3,2,20020924
2002,09,25,2,2,1,1,2,2,3,2,20020925
2002,09,26,2,2,1,2,2,3,3,3,20020926
2002,09,27,3,2,1,2,2,2,3,2,20020927
2002,09,28,1,3,1,2,2,2,3,3,20020928
2002,09,29,2,2,1,1,2,3,3,1,20020929
2002,09,30,3,3,4,4,6,4,3,4,20020930
2002,10,01,2,3,5,7,7,6,4,6,20021001
2002,10,02,6,7,6,4,4,3,3,4,20021002
2002,10,03,6,3,4,3,4,5,5,5,20021003
2002,10,04,7,5,6,5,4,3,4,4,20021004
2002,10,05,4,4,3,5,5,5,3,3,20021005
2002,10,06,2,4,5,2,3,3,3,3,20021006
2002,10,07,3,5,6,4,5,4,4,4,20021007
2002,10,08,4,6,4,5,4,4,3,3,20021008
2002,10,09,2,4,5,5,4,4,3,3,20021009
2002,10,10,3,3,5,5,4,2,2,3,20021010
2002,10,11,2,2,2,3,3,2,2,2,20021011
2002,10,12,2,3,2,4,3,3,3,2,20021012
2002,10,13,2,3,3,3,3,3,2,2,20021013
2002,10,14,3,4,4,4,6,4,3,2,20021014
2002,10,15,3,3,2,4,3,4,4,2,20021015
2002,10,16,3,2,1,2,3,4,5,3,20021016
2002,10,17,4,3,2,2,3,3,3,3,20021017
2002,10,18,3,3,2,1,3,4,3,2,20021018
2002,10,19,3,3,2,2,2,3,3,3,20021019
2002,10,20,2,3,1,2,3,3,3,3,20021020
2002,10,21,2,3,3,2,3,3,3,3,20021021
2002,10,22,3,2,1,4,3,3,3,3,20021022
2002,10,23,2,2,2,2,3,3,3,3,20021023
2002,10,24,4,5,5,6,6,5,5,4,20021024
2002,10,25,6,5,5,4,5,6,3,3,20021025
2002,10,26,3,4,4,5,5,4,4,3,20021026
2002,10,27,2,4,4,3,4,4,4,4,20021027
2002,10,28,4,4,3,3,3,3,3,3,20021028
2002,10,29,4,3,3,4,3,3,2,3,20021029
2002,10,30,2,3,5,4,3,3,3,3,20021030
2002,10,31,4,3,3,3,4,4,3,3,20021031
2002,11,01,2,3,2,3,3,3,3,2,20021101
2002,11,02,3,2,4,5,4,4,4,3,20021102
2002,11,03,4,4,4,4,4,4,3,4,20021103
2002,11,04,4,4,4,4,4,4,3,4,20021104
2002,11,05,3,4,4,4,4,3,3,3,20021105
2002,11,06,4,3,3,4,4,4,4,3,20021106
2002,11,07,4,3,3,3,3,3,3,3,20021107
2002,11,08,2,2,2,2,3,2,3,2,20021108
2002,11,09,2,2,1,2,2,3,3,3,20021109
2002,11,10,3,4,5,2,3,3,2,2,20021110
2002,11,11,2,2,3,3,4,3,2,3,20021111
2002,11,12,2,2,3,3,4,3,3,4,20021112
2002,11,13,4,3,2,2,3,3,3,2,20021113
2002,11,14,3,2,2,2,3,3,2,3,20021114
2002,11,15,3,2,3,3,3,3,3,3,20021115
2002,11,16,3,2,1,2,3,3,2,3,20021116
2002,11,17,3,2,1,1,3,3,2,2,20021117
2002,11,18,3,2,3,2,3,3,3,3,20021118
2002,11,19,3,3,3,2,3,3,3,4,20021119
2002,11,20,3,3,1,3,2,4,4,4,20021120
2002,11,21,3,5,7,6,5,4,4,4,20021121
2002,11,22,5,4,3,4,4,4,3,3,20021122
2002,11,23,4,5,4,3,3,3,3,2,20021123
2002,11,24,3,4,3,3,4,4,3,3,20021124
2002,11,25,2,3,3,4,4,3,3,3,20021125
2002,11,26,3,3,2,2,3,3,2,5,20021126
2002,11,27,4,4,4,4,4,3,3,3,20021127
2002,11,28,3,4,3,3,3,3,3,2,20021128
2002,11,29,3,3,4,2,3,4,3,3,20021129
2002,11,30,3,4,4,3,3,3,3,3,20021130
2002,12,01,4,3,3,4,4,3,3,3,20021201
2002,12,02,2,3,3,3,3,3,3,2,20021202
2002,12,03,3,3,2,3,3,3,3,2,20021203
2002,12,04,2,2,3,3,3,4,3,2,20021204
2002,12,05,3,3,2,3,2,3,2,2,20021205
2002,12,06,2,2,2,2,3,3,3,3,20021206
2002,12,07,3,3,3,4,3,3,3,3,20021207
2002,12,08,2,4,2,2,3,4,3,2,20021208
2002,12,09,3,2,1,2,2,3,2,2,20021209
2002,12,10,2,2,1,2,2,3,2,2,20021210
2002,12,11,2,2,1,2,2,3,2,2,20021211
2002,12,12,2,2,1,2,2,3,2,2,20021212
2002,12,13,2,2,1,2,2,3,2,2,20021213
2002,12,14,2,2,2,2,3,3,3,3,20021214
2002,12,15,3,2,2,2,3,3,3,2,20021215
2002,12,16,2,2,2,2,3,3,2,2,20021216
2002,12,17,2,2,1,2,2,3,2,2,20021217
2002,12,18,2,2,0,1,2,3,2,1,20021218
2002,12,19,3,3,4,5,4,4,4,2,20021219
2002,12,20,3,4,2,3,3,3,3,4,20021220
2002,12,21,4,5,3,2,3,3,2,2,20021221
2002,12,22,2,2,2,3,3,3,4,2,20021222
2002,12,23,3,3,4,5,5,3,4,3,20021223
2002,12,24,3,2,3,3,4,4,3,3,20021224
2002,12,25,3,3,3,3,4,3,3,3,20021225
2002,12,26,2,2,2,4,4,4,3,4,20021226
2002,12,27,4,6,4,5,5,4,4,3,20021227
2002,12,28,4,4,4,4,3,4,3,2,20021228
2002,12,29,3,2,3,3,3,3,3,3,20021229
2002,12,30,4,3,3,3,3,4,3,3,20021230
2002,12,31,3,3,2,3,3,3,2,2,20021231
2003,01,01,2,2,3,3,3,3,2,2,20030101
2003,01,02,2,2,2,2,3,3,3,1,20030102
2003,01,03,2,2,2,2,3,4,3,4,20030103
2003,01,04,4,4,2,2,3,3,3,2,20030104
2003,01,05,2,2,2,2,3,3,3,2,20030105
2003,01,06,0,2,1,1,2,3,2,2,20030106
2003,01,07,2,3,2,3,2,2,3,2,20030107
2003,01,08,2,2,3,2,2,2,2,2,20030108
2003,01,09,2,2,1,1,2,3,3,3,20030109
2003,01,10,2,2,2,2,3,3,3,3,20030110
2003,01,11,3,3,1,1,2,3,3,3,20030111
2003,01,12,2,2,3,3,3,3,3,2,20030112
2003,01,13,3,2,1,2,3,3,2,2,20030113
2003,01,14,3,3,3,3,3,3,2,1,20030114
2003,01,15,3,2,2,2,3,3,2,2,20030115
2003,01,16,2,2,1,2,3,3,2,2,20030116
2003,01,17,2,2,2,3,3,3,2,1,20030117
2003,01,18,2,2,3,3,4,3,2,2,20030118
2003,01,19,2,2,3,4,4,4,3,3,20030119
2003,01,20,5,4,2,3,3,3,3,2,20030120
2003,01,21,3,3,3,4,3,3,3,3,20030121
2003,01,22,3,3,3,3,3,3,3,5,20030122
2003,01,23,5,4,1,3,3,3,3,3,20030123
2003,01,24,4,2,2,3,3,4,3,3,20030124
2003,01,25,4,4,5,5,4,3,2,2,20030125
2003,01,26,4,3,4,4,4,3,3,2,20030126
2003,01,27,3,2,1,1,2,3,2,3,20030127
2003,01,28,3,3,4,3,2,3,2,2,20030128
2003,01,29,2,2,2,3,3,4,4,4,20030129
2003,01,30,5,4,4,4,4,5,4,2,20030130
2003,01,31,3,2,4,5,4,3,2,1,20030131
2003,02,01,3,2,1,2,2,2,5,4,20030201
2003,02,02,5,5,5,5,6,5,4,4,20030202
2003,02,03,4,3,4,3,4,4,3,3,20030203
2003,02,04,3,4,5,5,3,3,3,3,20030204
2003,02,05,3,3,2,2,4,4,2,2,20030205
2003,02,06,2,3,3,3,4,3,4,3,20030206
2003,02,07,3,2,2,3,4,3,3,3,20030207
2003,02,08,3,2,3,3,4,3,3,3,20030208
2003,02,09,3,3,4,2,3,4,3,3,20030209
2003,02,10,3,4,4,3,3,3,3,3,20030210
2003,02,11,4,3,3,2,2,3,3,1,20030211
2003,02,12,2,2,2,3,3,4,3,3,20030212
2003,02,13,2,2,1,2,3,3,2,3,20030213
2003,02,14,4,3,2,3,4,4,4,3,20030214
2003,02,15,3,3,3,4,4,4,3,2,20030215
2003,02,16,2,3,4,3,4,3,3,4,20030216
2003,02,17,3,2,2,3,3,3,2,3,20030217
2003,02,18,2,4,3,4,3,3,2,3,20030218
2003,02,19,3,3,3,2,3,3,3,3,20030219
2003,02,20,3,3,4,4,3,4,3,3,20030220
2003,02,21,2,3,3,2,2,4,4,3,20030221
2003,02,22,2,3,2,3,3,4,2,1,20030222
2003,02,23,2,3,2,2,4,3,2,2,20030223
2003,02,24,2,1,0,3,2,2,2,2,20030224
2003,02,25,2,1,1,2,2,2,2,1,20030225
2003,02,26,1,2,4,4,3,3,3,4,20030226
2003,02,27,4,4,3,3,4,4,3,4,20030227
2003,02,28,3,2,3,4,3,4,3,4,20030228
2003,03,01,4,1,1,3,3,3,3,3,20030301
2003,03,02,2,3,3,3,4,3,3,3,20030302
2003,03,03,3,1,2,3,3,4,4,4,20030303
2003,03,04,4,4,5,4,5,4,3,3,20030304
2003,03,05,3,2,3,4,4,3,3,3,20030305
2003,03,06,4,4,4,4,5,3,3,3,20030306
2003,03,07,3,3,3,4,2,2,3,3,20030307
2003,03,08,1,1,2,1,3,3,3,2,20030308
2003,03,09,2,4,3,1,2,2,3,3,20030309
2003,03,10,2,3,3,3,4,3,3,4,20030310
2003,03,11,3,2,4,3,3,3,3,2,20030311
2003,03,12,2,2,2,2,3,3,3,3,20030312
2003,03,13,4,3,3,3,4,3,3,2,20030313
2003,03,14,2,2,4,4,6,3,4,3,20030314
2003,03,15,5,4,4,4,4,3,4,3,20030315
2003,03,16,3,3,2,5,4,4,5,4,20030316
2003,03,17,3,4,6,4,6,4,4,5,20030317
2003,03,18,4,4,4,5,4,3,3,3,20030318
2003,03,19,4,4,3,3,3,3,3,2,20030319
2003,03,20,1,3,3,5,4,4,4,4,20030320
2003,03,21,5,5,4,5,4,3,3,4,20030321
2003,03,22,3,4,4,4,3,3,2,3,20030322
2003,03,23,4,2,4,6,4,3,3,3,20030323
2003,03,24,3,2,4,3,2,2,2,2,20030324
2003,03,25,2,2,2,1,2,2,2,2,20030325
2003,03,26,1,3,2,3,2,2,2,3,20030326
2003,03,27,5,2,5,4,4,5,3,3,20030327
2003,03,28,4,4,3,2,3,4,4,5,20030328
2003,03,29,5,5,4,3,4,4,3,4,20030329
2003,03,30,4,5,3,3,3,3,4,5,20030330
2003,03,31,3,3,3,4,6,6,4,4,20030331
2003,04,01,5,4,1,3,2,3,3,3,20030401
2003,04,02,2,4,4,4,4,3,3,4,20030402
2003,04,03,3,2,3,3,3,3,3,4,20030403
2003,04,04,4,3,5,5,5,3,4,4,20030404
2003,04,05,5,4,3,3,4,4,4,4,20030405
2003,04,06,3,3,2,2,2,3,3,1,20030406
2003,04,07,2,1,1,2,3,3,1,1,20030407
2003,04,08,2,3,4,5,4,4,2,3,20030408
2003,04,09,4,3,5,4,5,3,3,2,20030409
2003,04,10,3,5,5,5,3,3,4,3,20030410
2003,04,11,3,3,2,3,3,3,3,3,20030411
2003,04,12,3,2,2,2,3,2,2,2,20030412
2003,04,13,3,3,2,2,3,2,2,2,20030413
2003,04,14,2,3,1,2,5,4,3,3,20030414
2003,04,15,4,4,4,5,4,2,2,3,20030415
2003,04,16,4,3,4,6,3,3,5,4,20030416
2003,04,17,3,5,5,5,4,5,3,3,20030417
2003,04,18,2,5,4,4,4,3,3,3,20030418
2003,04,19,3,3,3,0,3,3,2,3,20030419
2003,04,20,4,4,4,2,3,3,2,4,20030420
2003,04,21,4,4,5,4,3,3,3,3,20030421
2003,04,22,4,4,4,4,3,3,3,4,20030422
2003,04,23,2,4,5,4,3,3,3,3,20030423
2003,04,24,3,3,4,5,4,4,4,4,20030424
2003,04,25,4,5,5,5,3,4,3,5,20030425
2003,04,26,4,2,4,2,3,3,3,3,20030426
2003,04,27,3,4,3,3,3,4,3,3,20030427
2003,04,28,3,5,4,5,3,3,2,2,20030428
2003,04,29,2,3,2,1,4,4,5,5,20030429
2003,04,30,5,6,5,5,4,4,4,5,20030430
2003,05,01,6,5,5,5,4,4,4,3,20030501
2003,05,02,3,5,3,3,3,2,2,3,20030502
2003,05,03,2,3,3,3,2,2,2,2,20030503
2003,05,04,3,2,1,2,2,2,2,2,20030504
2003,05,05,2,2,1,2,2,4,4,4,20030505
2003,05,06,4,3,3,4,5,4,4,4,20030506
2003,05,07,5,5,6,5,4,4,3,3,20030507
2003,05,08,5,5,4,5,4,4,5,3,20030508
2003,05,09,4,4,5,5,5,3,3,3,20030509
2003,05,10,6,6,6,5,2,3,3,3,20030510
2003,05,11,5,3,6,5,5,3,3,3,20030511
2003,05,12,3,4,4,3,4,3,3,3,20030512
2003,05,13,4,3,4,5,4,4,4,4,20030513
2003,05,14,5,5,5,4,3,4,4,3,20030514
2003,05,15,4,4,4,4,4,4,3,3,20030515
2003,05,16,3,2,2,2,2,2,3,3,20030516
2003,05,17,3,3,3,2,3,2,1,1,20030517
2003,05,18,2,2,2,2,3,3,3,3,20030518
2003,05,19,3,2,2,3,2,3,3,4,20030519
2003,05,20,3,3,3,3,3,2,3,3,20030520
2003,05,21,3,4,2,2,3,4,4,5,20030521
2003,05,22,5,5,4,3,4,4,3,2,20030522
2003,05,23,3,4,4,5,3,4,3,3,20030523
2003,05,24,3,5,5,3,4,3,4,3,20030524
2003,05,25,5,5,4,3,2,4,3,4,20030525
2003,05,26,4,3,4,3,3,3,3,4,20030526
2003,05,27,4,4,3,3,4,3,4,5,20030527
2003,05,28,6,5,5,5,4,4,4,4,20030528
2003,05,29,5,4,4,3,6,7,8,8,20030529
2003,05,30,8,4,4,3,4,5,4,5,20030530
2003,05,31,5,5,3,1,3,3,2,2,20030531
2003,06,01,3,3,3,2,3,3,4,4,20030601
2003,06,02,5,4,6,6,4,4,3,4,20030602
2003,06,03,4,3,4,4,4,4,4,5,20030603
2003,06,04,4,3,3,4,4,4,4,3,20030604
2003,06,05,3,3,3,3,3,3,3,2,20030605
2003,06,06,3,2,3,3,3,3,3,3,20030606
2003,06,07,4,4,4,4,4,4,4,5,20030607
2003,06,08,4,5,4,3,3,4,4,4,20030608
2003,06,09,3,4,4,4,3,3,4,6,20030609
2003,06,10,4,3,6,4,4,4,4,3,20030610
2003,06,11,3,3,4,3,3,3,3,3,20030611
2003,06,12,2,2,3,2,3,3,3,3,20030612
2003,06,13,3,2,1,2,2,3,4,4,20030613
2003,06,14,3,4,5,5,4,5,5,4,20030614
2003,06,15,4,5,3,3,3,3,4,3,20030615
2003,06,16,4,5,2,5,4,3,5,6,20030616
2003,06,17,5,6,6,6,4,4,4,4,20030617
2003,06,18,5,6,7,6,4,4,4,4,20030618
2003,06,19,5,4,4,3,3,3,3,2,20030619
2003,06,20,3,2,3,3,3,3,3,3,20030620
2003,06,21,4,4,5,3,3,4,3,3,20030621
2003,06,22,3,3,4,3,3,3,3,3,20030622
2003,06,23,4,5,4,4,3,3,3,3,20030623
2003,06,24,4,5,5,5,5,3,3,3,20030624
2003,06,25,3,3,4,3,3,4,4,4,20030625
2003,06,26,4,3,4,4,4,3,3,3,20030626
2003,06,27,4,4,6,4,4,4,4,3,20030627
2003,06,28,3,5,3,6,5,4,4,4,20030628
2003,06,29,4,3,5,5,4,3,4,4,20030629
2003,06,30,4,4,5,4,3,3,3,3,20030630
2003,07,01,3,4,3,2,3,3,3,3,20030701
2003,07,02,1,3,3,4,3,3,4,3,20030702
2003,07,03,3,3,2,3,3,4,4,4,20030703
2003,07,04,4,5,3,5,4,4,3,4,20030704
2003,07,05,4,3,4,3,3,3,3,3,20030705
2003,07,06,3,3,2,3,3,3,3,3,20030706
2003,07,07,3,3,4,3,3,2,2,2,20030707
2003,07,08,1,1,1,1,2,2,3,2,20030708
2003,07,09,2,2,1,2,2,2,2,2,20030709
2003,07,10,2,2,2,2,3,2,3,3,20030710
2003,07,11,3,5,6,5,5,4,5,5,20030711
2003,07,12,6,7,6,4,3,3,4,3,20030712
2003,07,13,3,3,4,3,3,3,2,3,20030713
2003,07,14,3,3,4,2,3,3,3,4,20030714
2003,07,15,5,5,3,5,3,3,4,4,20030715
2003,07,16,4,5,6,6,6,4,4,5,20030716
2003,07,17,5,4,3,3,3,3,4,4,20030717
2003,07,18,3,3,2,2,2,3,3,4,20030718
2003,07,19,4,3,3,4,4,4,4,5,20030719
2003,07,20,5,4,4,3,3,3,3,3,20030720
2003,07,21,4,4,2,1,2,2,3,2,20030721
2003,07,22,3,1,2,3,2,2,3,2,20030722
2003,07,23,2,2,2,3,2,3,3,4,20030723
2003,07,24,3,2,1,0,2,3,3,4,20030724
2003,07,25,2,2,4,3,2,3,3,2,20030725
2003,07,26,3,3,3,3,4,5,5,5,20030726
2003,07,27,5,4,5,4,3,3,3,2,20030727
2003,07,28,2,2,3,4,5,4,3,3,20030728
2003,07,29,4,5,4,4,5,5,5,5,20030729
2003,07,30,4,4,5,5,4,4,4,4,20030730
2003,07,31,4,5,4,5,4,4,3,4,20030731
2003,08,01,5,5,5,5,5,3,3,5,20030801
2003,08,02,4,4,4,3,3,3,4,4,20030802
2003,08,03,3,4,3,3,3,3,3,3,20030803
2003,08,04,2,2,4,4,1,2,4,4,20030804
2003,08,05,3,2,1,1,2,3,3,3,20030805
2003,08,06,6,6,7,5,4,3,3,2,20030806
2003,08,07,2,2,1,2,3,4,5,4,20030807
2003,08,08,5,5,5,4,3,4,3,3,20030808
2003,08,09,3,3,4,4,3,3,3,3,20030809
2003,08,10,4,3,2,3,2,2,3,2,20030810
2003,08,11,2,2,2,2,2,2,3,4,20030811
2003,08,12,4,5,5,4,3,4,3,3,20030812
2003,08,13,3,5,3,2,3,2,4,3,20030813
2003,08,14,3,4,4,2,3,3,4,4,20030814
2003,08,15,3,2,3,2,3,4,4,3,20030815
2003,08,16,3,3,2,3,3,3,3,2,20030816
2003,08,17,2,1,0,1,4,4,4,5,20030817
2003,08,18,5,6,8,7,6,6,5,5,20030818
2003,08,19,6,4,3,3,2,3,3,3,20030819
2003,08,20,2,3,4,2,3,3,3,4,20030820
2003,08,21,4,5,7,5,6,5,5,5,20030821
2003,08,22,5,5,5,5,6,5,4,3,20030822
2003,08,23,4,5,7,5,5,3,4,4,20030823
2003,08,24,3,4,5,5,4,3,4,3,20030824
2003,08,25,4,4,5,3,3,3,3,3,20030825
2003,08,26,3,2,1,4,3,4,3,3,20030826
2003,08,27,2,2,3,4,3,3,3,3,20030827
2003,08,28,3,4,4,4,3,3,3,3,20030828
2003,08,29,1,2,2,4,3,4,4,3,20030829
2003,08,30,4,5,3,3,3,3,3,2,20030830
2003,08,31,2,2,2,2,3,2,2,2,20030831
2003,09,01,2,4,4,1,2,3,3,3,20030901
2003,09,02,3,2,1,2,4,3,3,3,20030902
2003,09,03,3,3,3,4,3,3,3,4,20030903
2003,09,04,3,3,4,4,3,3,3,4,20030904
2003,09,05,3,4,3,4,4,3,3,2,20030905
2003,09,06,3,2,3,3,3,3,3,2,20030906
2003,09,07,3,3,1,2,3,3,3,3,20030907
2003,09,08,2,1,2,2,3,3,3,3,20030908
2003,09,09,2,2,3,4,4,3,4,4,20030909
2003,09,10,4,2,3,4,3,3,4,3,20030910
2003,09,11,4,5,2,3,3,3,3,3,20030911
2003,09,12,3,3,3,3,3,3,2,2,20030912
2003,09,13,3,3,3,3,2,2,2,2,20030913
2003,09,14,2,1,2,2,2,3,2,2,20030914
2003,09,15,2,1,1,2,2,2,2,3,20030915
2003,09,16,4,3,5,5,6,5,4,2,20030916
2003,09,17,5,5,5,7,7,4,4,5,20030917
2003,09,18,4,6,5,6,4,4,4,5,20030918
2003,09,19,4,4,5,5,5,4,4,3,20030919
2003,09,20,4,4,5,4,4,4,3,2,20030920
2003,09,21,4,3,4,4,5,4,3,3,20030921
2003,09,22,3,4,4,4,4,3,4,2,20030922
2003,09,23,3,4,3,3,3,3,4,3,20030923
2003,09,24,5,5,5,4,4,4,4,4,20030924
2003,09,25,4,4,5,5,4,4,4,3,20030925
2003,09,26,3,3,4,4,3,3,3,3,20030926
2003,09,27,3,2,2,3,2,2,2,2,20030927
2003,09,28,2,1,2,3,2,2,2,1,20030928
2003,09,29,2,2,1,3,3,2,2,1,20030929
2003,09,30,2,2,2,3,3,2,2,2,20030930
2003,10,01,3,2,2,3,2,2,3,3,20031001
2003,10,02,2,3,2,2,2,3,3,3,20031002
2003,10,03,3,5,3,3,3,3,3,2,20031003
2003,10,04,1,2,4,2,3,2,2,2,20031004
2003,10,05,2,2,1,2,2,3,3,4,20031005
2003,10,06,2,2,2,2,3,3,3,3,20031006
2003,10,07,4,2,2,3,3,3,3,3,20031007
2003,10,08,2,2,2,2,3,3,3,3,20031008
2003,10,09,4,2,2,2,2,2,2,2,20031009
2003,10,10,2,1,1,2,2,2,1,2,20031010
2003,10,11,2,1,2,1,2,2,1,2,20031011
2003,10,12,1,2,1,3,2,2,2,2,20031012
2003,10,13,3,2,2,2,3,3,3,4,20031013
2003,10,14,3,4,6,6,6,4,5,6,20031014
2003,10,15,3,4,7,6,4,4,4,4,20031015
2003,10,16,5,3,4,5,4,4,4,4,20031016
2003,10,17,4,5,5,5,4,3,3,3,20031017
2003,10,18,4,5,4,4,4,3,4,4,20031018
2003,10,19,3,4,5,5,5,4,4,4,20031019
2003,10,20,3,4,5,5,4,4,4,5,20031020
2003,10,21,5,5,5,5,5,4,4,5,20031021
2003,10,22,4,5,6,5,4,4,3,2,20031022
2003,10,23,3,2,2,2,2,2,2,2,20031023
2003,10,24,2,2,2,4,5,7,4,5,20031024
2003,10,25,3,3,2,2,4,4,3,3,20031025
2003,10,26,2,2,2,3,2,3,3,3,20031026
2003,10,27,3,3,4,3,2,3,3,1,20031027
2003,10,28,3,4,4,4,3,4,3,4,20031028
2003,10,29,4,3,9,8,7,7,9,8,20031029
2003,10,30,8,7,6,5,5,8,9,9,20031030
2003,10,31,8,7,7,6,6,5,4,4,20031031
2003,11,01,4,5,4,3,3,3,3,3,20031101
2003,11,02,3,4,3,3,3,4,4,3,20031102
2003,11,03,3,3,2,3,2,3,2,3,20031103
2003,11,04,3,2,5,7,3,3,4,3,20031104
2003,11,05,2,1,2,2,2,3,3,3,20031105
2003,11,06,2,2,2,2,3,3,5,4,20031106
2003,11,07,3,2,1,2,3,3,2,2,20031107
2003,11,08,1,1,1,3,3,3,3,3,20031108
2003,11,09,2,3,4,4,6,4,4,3,20031109
2003,11,10,4,4,4,5,5,4,4,4,20031110
2003,11,11,5,6,5,6,5,5,5,4,20031111
2003,11,12,4,4,4,5,4,4,4,3,20031112
2003,11,13,3,5,4,5,6,5,5,4,20031113
2003,11,14,5,5,5,5,5,3,4,3,20031114
2003,11,15,3,4,6,5,5,5,4,4,20031115
2003,11,16,4,5,5,5,4,5,4,4,20031116
2003,11,17,5,4,4,5,5,5,4,4,20031117
2003,11,18,4,4,4,4,4,4,3,2,20031118
2003,11,19,2,3,4,4,3,3,3,2,20031119
2003,11,20,1,3,6,7,7,8,9,7,20031120
2003,11,21,7,6,6,4,3,3,3,2,20031121
2003,11,22,3,3,3,3,3,5,5,4,20031122
2003,11,23,3,5,4,3,3,3,4,4,20031123
2003,11,24,2,2,3,2,4,3,3,3,20031124
2003,11,25,3,3,3,3,3,3,3,2,20031125
2003,11,26,2,2,2,2,3,3,3,2,20031126
2003,11,27,2,2,2,2,3,3,3,3,20031127
2003,11,28,2,2,2,3,3,3,2,2,20031128
2003,11,29,2,2,2,3,3,3,2,2,20031129
2003,11,30,2,2,2,2,3,3,3,2,20031130
2003,12,01,2,3,3,3,3,3,2,2,20031201
2003,12,02,3,2,3,2,3,2,3,1,20031202
2003,12,03,1,2,2,2,2,3,2,2,20031203
2003,12,04,2,1,2,3,3,3,3,3,20031204
2003,12,05,2,5,6,5,5,5,4,4,20031205
2003,12,06,4,4,4,4,3,4,4,3,20031206
2003,12,07,2,2,3,3,3,4,4,3,20031207
2003,12,08,2,5,5,6,6,5,4,4,20031208
2003,12,09,3,4,5,5,5,5,4,4,20031209
2003,12,10,5,4,5,6,5,5,5,4,20031210
2003,12,11,5,5,6,5,4,5,3,4,20031211
2003,12,12,4,4,4,3,4,3,4,5,20031212
2003,12,13,5,4,4,4,5,5,4,3,20031213
2003,12,14,4,3,3,4,4,5,4,4,20031214
2003,12,15,4,4,4,5,4,4,3,3,20031215
2003,12,16,3,3,3,3,3,3,3,2,20031216
2003,12,17,2,3,3,3,3,3,3,1,20031217
2003,12,18,1,3,2,3,3,3,2,1,20031218
2003,12,19,2,1,1,2,3,3,2,2,20031219
2003,12,20,1,2,2,4,3,4,4,4,20031220
2003,12,21,4,3,4,4,3,4,4,3,20031221
2003,12,22,3,3,3,4,3,3,3,2,20031222
2003,12,23,2,2,1,3,3,3,3,2,20031223
2003,12,24,1,2,2,2,3,3,3,2,20031224
2003,12,25,2,1,1,2,2,3,2,2,20031225
2003,12,26,2,2,2,3,3,3,2,3,20031226
2003,12,27,3,3,2,3,3,3,3,4,20031227
2003,12,28,3,3,2,3,3,3,3,2,20031228
2003,12,29,1,1,2,3,2,2,2,1,20031229
2003,12,30,2,1,3,2,2,3,3,2,20031230
2003,12,31,3,2,2,3,4,5,4,3,20031231
2004,01,01,3,4,5,5,5,4,3,3,20040101
2004,01,02,3,2,2,2,3,4,3,3,20040102
2004,01,03,2,3,5,5,4,4,4,3,20040103
2004,01,04,3,3,4,4,4,4,4,3,20040104
2004,01,05,4,3,3,3,4,4,4,4,20040105
2004,01,06,3,3,4,3,3,3,3,5,20040106
2004,01,07,3,4,5,5,5,5,4,3,20040107
2004,01,08,2,1,1,3,3,3,2,3,20040108
2004,01,09,2,3,5,4,3,4,3,3,20040109
2004,01,10,3,5,5,4,3,3,4,2,20040110
2004,01,11,2,2,3,4,4,4,4,2,20040111
2004,01,12,2,2,1,2,3,3,3,3,20040112
2004,01,13,3,3,3,2,4,4,4,3,20040113
2004,01,14,3,3,2,3,3,3,2,2,20040114
2004,01,15,2,3,2,2,4,4,4,3,20040115
2004,01,16,4,4,3,5,4,4,5,4,20040116
2004,01,17,3,2,3,4,3,3,3,3,20040117
2004,01,18,2,4,4,3,3,3,4,4,20040118
2004,01,19,3,2,3,4,4,4,3,3,20040119
2004,01,20,3,3,3,2,4,4,3,3,20040120
2004,01,21,2,2,4,3,4,3,3,2,20040121
2004,01,22,5,5,6,7,7,4,5,4,20040122
2004,01,23,4,5,4,5,5,5,5,3,20040123
2004,01,24,4,2,2,4,3,3,3,3,20040124
2004,01,25,5,5,5,4,4,4,3,3,20040125
2004,01,26,3,1,4,3,4,4,4,3,20040126
2004,01,27,3,4,2,3,3,3,3,3,20040127
2004,01,28,5,4,4,3,3,3,3,2,20040128
2004,01,29,1,2,2,4,4,3,2,2,20040129
2004,01,30,2,3,3,5,4,3,3,3,20040130
2004,01,31,2,1,3,5,3,1,2,1,20040131
2004,02,01,2,3,2,2,3,3,3,3,20040201
2004,02,02,2,1,5,4,4,4,3,3,20040202
2004,02,03,4,3,4,3,3,3,3,2,20040203
2004,02,04,3,2,3,3,4,3,3,3,20040204
2004,02,05,3,3,3,4,3,3,3,2,20040205
2004,02,06,2,5,4,4,3,4,4,2,20040206
2004,02,07,2,2,3,3,3,3,2,0,20040207
2004,02,08,1,1,1,2,3,3,2,3,20040208
2004,02,09,2,1,1,2,3,3,3,2,20040209
2004,02,10,2,2,2,3,3,3,2,1,20040210
2004,02,11,2,1,1,4,5,6,5,2,20040211
2004,02,12,3,4,5,5,4,4,4,3,20040212
2004,02,13,4,4,4,4,4,3,3,3,20040213
2004,02,14,3,3,3,4,4,4,4,3,20040214
2004,02,15,4,4,3,5,3,3,3,2,20040215
2004,02,16,3,1,1,3,3,2,2,1,20040216
2004,02,17,2,2,1,2,2,1,1,2,20040217
2004,02,18,2,2,1,2,2,3,3,2,20040218
2004,02,19,2,1,1,1,2,3,2,1,20040219
2004,02,20,1,1,1,1,2,1,2,1,20040220
2004,02,21,2,1,1,2,3,3,2,2,20040221
2004,02,22,2,1,1,2,3,3,2,2,20040222
2004,02,23,2,1,2,2,3,3,3,2,20040223
2004,02,24,3,3,3,3,3,3,2,2,20040224
2004,02,25,2,1,2,3,3,3,2,2,20040225
2004,02,26,1,1,1,2,2,3,2,1,20040226
2004,02,27,2,3,1,3,2,3,4,3,20040227
2004,02,28,2,3,5,4,3,4,3,3,20040228
2004,02,29,2,3,3,5,5,4,3,3,20040229
2004,03,01,3,2,4,3,4,4,3,4,20040301
2004,03,02,4,3,4,3,4,3,3,3,20040302
2004,03,03,3,2,2,5,4,3,4,2,20040303
2004,03,04,2,2,1,3,2,3,2,2,20040304
2004,03,05,2,1,2,2,0,2,3,2,20040305
2004,03,06,2,2,1,2,2,2,2,1,20040306
2004,03,07,1,1,2,2,2,3,1,2,20040307
2004,03,08,1,1,2,2,2,3,2,1,20040308
2004,03,09,1,2,3,3,4,4,4,5,20040309
2004,03,10,5,6,6,4,5,3,3,4,20040310
2004,03,11,4,4,4,3,4,4,5,3,20040311
2004,03,12,5,5,4,3,3,4,2,3,20040312
2004,03,13,3,1,4,3,4,4,2,2,20040313
2004,03,14,3,3,4,4,4,3,3,2,20040314
2004,03,15,4,3,2,3,3,3,3,2,20040315
2004,03,16,3,2,1,3,2,3,2,2,20040316
2004,03,17,1,2,1,2,2,3,2,1,20040317
2004,03,18,3,3,3,3,3,2,2,2,20040318
2004,03,19,2,3,0,2,2,2,2,2,20040319
2004,03,20,3,3,1,2,2,3,2,2,20040320
2004,03,21,3,3,3,4,3,2,3,2,20040321
2004,03,22,3,3,3,2,2,3,3,3,20040322
2004,03,23,3,3,2,2,2,2,3,1,20040323
2004,03,24,1,1,1,2,2,2,1,0,20040324
2004,03,25,1,1,1,2,2,3,2,2,20040325
2004,03,26,1,0,2,1,3,3,3,3,20040326
2004,03,27,3,1,2,3,3,4,3,4,20040327
2004,03,28,3,5,3,3,3,3,2,2,20040328
2004,03,29,2,3,3,3,3,3,3,2,20040329
2004,03,30,1,2,4,4,4,3,2,1,20040330
2004,03,31,1,2,3,1,3,2,3,2,20040331
2004,04,01,0,0,1,1,2,1,2,1,20040401
2004,04,02,1,0,0,1,1,2,1,1,20040402
2004,04,03,2,3,4,3,4,4,5,5,20040403
2004,04,04,5,3,2,1,2,2,1,3,20040404
2004,04,05,1,1,0,1,3,4,5,4,20040405
2004,04,06,4,4,4,4,4,2,3,2,20040406
2004,04,07,3,3,3,2,2,2,2,3,20040407
2004,04,08,2,4,4,4,3,3,2,2,20040408
2004,04,09,3,5,4,3,2,2,2,2,20040409
2004,04,10,3,3,3,2,2,2,3,3,20040410
2004,04,11,3,2,3,2,2,2,2,2,20040411
2004,04,12,3,2,4,3,2,2,3,1,20040412
2004,04,13,2,2,2,2,2,2,2,2,20040413
2004,04,14,2,1,1,0,3,2,2,1,20040414
2004,04,15,1,1,1,1,2,2,2,3,20040415
2004,04,16,2,3,4,3,2,3,3,2,20040416
2004,04,17,2,3,2,1,2,3,3,2,20040417
2004,04,18,1,2,4,2,3,3,3,2,20040418
2004,04,19,2,2,2,2,2,2,2,1,20040419
2004,04,20,1,1,1,2,2,2,1,2,20040420
2004,04,21,1,3,1,2,2,2,2,1,20040421
2004,04,22,0,0,2,1,2,2,1,1,20040422
2004,04,23,2,3,4,4,5,4,2,3,20040423
2004,04,24,1,2,3,4,3,3,1,2,20040424
2004,04,25,1,3,4,3,3,3,2,2,20040425
2004,04,26,2,1,3,1,2,2,2,2,20040426
2004,04,27,1,1,1,1,2,2,2,2,20040427
2004,04,28,1,0,2,1,2,3,4,2,20040428
2004,04,29,1,2,1,1,2,2,1,2,20040429
2004,04,30,2,3,3,1,2,3,3,4,20040430
2004,05,01,3,3,3,3,3,3,3,3,20040501
2004,05,02,3,1,0,2,2,2,2,2,20040502
2004,05,03,2,1,2,2,2,2,2,2,20040503
2004,05,04,2,3,3,2,3,2,2,3,20040504
2004,05,05,2,3,3,3,3,3,3,3,20040505
2004,05,06,2,2,3,2,2,2,3,2,20040506
2004,05,07,3,4,4,2,3,4,3,2,20040507
2004,05,08,3,3,2,2,3,3,3,2,20040508
2004,05,09,2,3,2,1,2,3,2,1,20040509
2004,05,10,1,2,2,1,2,2,3,3,20040510
2004,05,11,3,3,1,1,2,2,3,4,20040511
2004,05,12,3,4,2,2,2,2,3,2,20040512
2004,05,13,2,3,4,3,3,3,3,3,20040513
2004,05,14,2,3,1,1,3,2,2,2,20040514
2004,05,15,4,2,2,2,2,2,2,2,20040515
2004,05,16,2,2,1,1,2,1,1,2,20040516
2004,05,17,2,1,0,1,2,3,2,2,20040517
2004,05,18,1,1,1,2,2,1,1,1,20040518
2004,05,19,1,2,1,1,3,2,2,2,20040519
2004,05,20,2,2,3,5,2,2,3,3,20040520
2004,05,21,3,3,3,2,3,3,2,2,20040521
2004,05,22,2,3,4,3,3,2,2,2,20040522
2004,05,23,3,3,2,3,3,2,3,3,20040523
2004,05,24,3,2,4,3,3,2,2,2,20040524
2004,05,25,2,1,3,3,3,2,2,2,20040525
2004,05,26,1,1,2,1,3,3,2,2,20040526
2004,05,27,1,1,3,2,2,2,2,1,20040527
2004,05,28,2,0,1,2,3,3,3,3,20040528
2004,05,29,3,3,3,4,3,3,2,3,20040529
2004,05,30,3,2,1,4,3,3,3,4,20040530
2004,05,31,4,2,3,3,3,3,3,2,20040531
2004,06,01,3,3,4,3,3,3,3,3,20040601
2004,06,02,3,2,2,3,3,2,3,3,20040602
2004,06,03,3,3,3,1,2,2,2,2,20040603
2004,06,04,3,3,2,3,3,3,2,3,20040604
2004,06,05,3,3,1,3,3,3,3,3,20040605
2004,06,06,3,3,3,3,3,2,3,2,20040606
2004,06,07,3,1,2,2,3,2,2,3,20040607
2004,06,08,3,2,1,3,2,3,2,1,20040608
2004,06,09,3,3,3,4,3,3,3,3,20040609
2004,06,10,3,3,2,2,3,3,3,3,20040610
2004,06,11,3,2,3,3,2,3,2,2,20040611
2004,06,12,1,2,3,1,3,2,2,2,20040612
2004,06,13,1,0,1,1,2,2,2,2,20040613
2004,06,14,2,1,3,3,4,3,3,2,20040614
2004,06,15,2,1,5,3,4,3,3,3,20040615
2004,06,16,2,2,3,2,2,2,1,1,20040616
2004,06,17,1,3,2,2,2,2,3,2,20040617
2004,06,18,1,2,2,3,2,3,2,2,20040618
2004,06,19,2,2,2,2,2,2,2,1,20040619
2004,06,20,1,1,1,1,2,2,1,1,20040620
2004,06,21,1,2,1,2,2,1,1,1,20040621
2004,06,22,1,0,0,1,2,2,2,1,20040622
2004,06,23,1,0,1,1,2,3,2,2,20040623
2004,06,24,2,1,3,1,2,2,2,1,20040624
2004,06,25,0,0,0,1,2,2,3,1,20040625
2004,06,26,1,1,0,1,3,3,3,3,20040626
2004,06,27,2,1,1,2,2,2,2,2,20040627
2004,06,28,3,3,1,2,2,2,4,4,20040628
2004,06,29,4,4,4,3,3,3,4,3,20040629
2004,06,30,3,2,3,3,3,2,3,2,20040630
2004,07,01,3,3,3,3,3,3,3,2,20040701
2004,07,02,2,3,2,2,3,2,2,3,20040702
2004,07,03,2,1,2,3,3,3,3,1,20040703
2004,07,04,2,2,2,2,1,2,2,2,20040704
2004,07,05,2,2,0,1,2,2,3,3,20040705
2004,07,06,2,3,2,2,2,3,2,1,20040706
2004,07,07,1,2,1,1,2,2,1,1,20040707
2004,07,08,2,1,0,1,2,2,2,2,20040708
2004,07,09,1,2,2,0,2,3,2,1,20040709
2004,07,10,1,2,3,2,2,3,3,2,20040710
2004,07,11,3,2,1,3,3,2,3,4,20040711
2004,07,12,4,3,2,2,3,3,3,4,20040712
2004,07,13,4,3,4,2,2,3,3,3,20040713
2004,07,14,2,3,3,2,2,2,3,2,20040714
2004,07,15,2,1,1,1,2,3,3,4,20040715
2004,07,16,2,0,2,2,3,3,3,4,20040716
2004,07,17,6,4,5,3,3,3,3,2,20040717
2004,07,18,1,3,3,2,2,3,2,2,20040718
2004,07,19,1,3,2,3,2,3,3,3,20040719
2004,07,20,1,2,3,2,2,3,3,3,20040720
2004,07,21,2,1,2,1,1,3,2,2,20040721
2004,07,22,2,0,0,3,3,3,5,6,20040722
2004,07,23,5,6,6,6,5,5,3,2,20040723
2004,07,24,3,4,5,3,5,4,4,5,20040724
2004,07,25,6,7,7,8,6,7,6,7,20040725
2004,07,26,6,4,3,3,3,2,3,6,20040726
2004,07,27,8,7,8,8,9,7,5,5,20040727
2004,07,28,3,3,3,3,3,3,2,3,20040728
2004,07,29,2,3,3,2,2,3,2,2,20040729
2004,07,30,2,1,1,2,3,2,2,3,20040730
2004,07,31,2,2,2,2,3,3,3,3,20040731
2004,08,01,3,2,1,1,2,3,2,2,20040801
2004,08,02,2,1,3,3,2,2,2,3,20040802
2004,08,03,2,2,1,1,2,2,1,2,20040803
2004,08,04,1,0,0,1,2,2,2,1,20040804
2004,08,05,1,1,0,2,2,2,3,3,20040805
2004,08,06,3,1,1,1,2,2,3,3,20040806
2004,08,07,3,3,5,4,4,3,2,3,20040807
2004,08,08,2,2,1,0,2,2,2,2,20040808
2004,08,09,2,2,4,3,2,3,3,4,20040809
2004,08,10,4,1,2,2,3,4,3,3,20040810
2004,08,11,2,2,3,4,3,3,3,3,20040811
2004,08,12,3,2,2,2,3,3,2,3,20040812
2004,08,13,2,2,2,1,3,2,3,3,20040813
2004,08,14,3,1,2,3,3,3,2,2,20040814
2004,08,15,2,1,1,2,3,3,2,2,20040815
2004,08,16,2,1,1,2,3,3,2,3,20040816
2004,08,17,3,1,1,2,3,3,4,3,20040817
2004,08,18,3,2,4,3,3,3,3,3,20040818
2004,08,19,3,1,0,2,2,3,2,2,20040819
2004,08,20,3,3,3,4,3,3,3,3,20040820
2004,08,21,3,4,4,3,3,3,3,3,20040821
2004,08,22,3,3,4,4,3,3,2,2,20040822
2004,08,23,2,2,2,2,2,3,2,2,20040823
2004,08,24,2,1,1,1,2,2,2,2,20040824
2004,08,25,1,2,1,2,3,2,2,2,20040825
2004,08,26,2,1,1,1,2,3,3,3,20040826
2004,08,27,3,1,1,2,2,3,2,3,20040827
2004,08,28,2,3,4,3,3,3,3,2,20040828
2004,08,29,2,2,0,2,2,3,3,3,20040829
2004,08,30,3,2,5,5,5,4,4,5,20040830
2004,08,31,6,4,5,4,3,3,4,3,20040831
2004,09,01,3,1,2,2,2,3,3,3,20040901
2004,09,02,2,2,3,3,2,2,2,3,20040902
2004,09,03,2,1,1,0,1,2,1,1,20040903
2004,09,04,1,1,0,1,2,1,2,1,20040904
2004,09,05,1,1,2,2,2,3,3,2,20040905
2004,09,06,2,2,4,4,3,3,2,3,20040906
2004,09,07,3,4,4,4,3,3,2,2,20040907
2004,09,08,2,3,4,2,3,2,2,2,20040908
2004,09,09,1,1,0,1,2,1,2,2,20040909
2004,09,10,2,1,1,2,2,2,2,2,20040910
2004,09,11,2,0,0,1,3,2,3,2,20040911
2004,09,12,1,1,0,0,2,2,2,2,20040912
2004,09,13,2,1,0,1,2,2,3,4,20040913
2004,09,14,4,4,4,5,4,3,4,4,20040914
2004,09,15,4,3,2,3,3,3,3,2,20040915
2004,09,16,3,3,4,4,4,3,3,3,20040916
2004,09,17,5,4,4,3,3,3,3,4,20040917
2004,09,18,5,5,1,3,3,2,1,2,20040918
2004,09,19,1,1,1,1,2,2,2,3,20040919
2004,09,20,3,1,4,3,3,2,2,2,20040920
2004,09,21,2,3,3,2,2,2,2,2,20040921
2004,09,22,1,1,3,3,5,4,4,3,20040922
2004,09,23,4,4,2,2,2,2,2,2,20040923
2004,09,24,3,2,1,2,2,2,2,2,20040924
2004,09,25,0,1,0,2,2,3,2,2,20040925
2004,09,26,1,1,2,1,1,2,2,2,20040926
2004,09,27,1,1,0,1,2,2,3,1,20040927
2004,09,28,2,2,3,2,1,1,2,3,20040928
2004,09,29,2,1,0,1,2,2,2,2,20040929
2004,09,30,2,1,0,0,1,2,2,2,20040930
2004,10,01,1,1,1,0,1,2,2,2,20041001
2004,10,02,2,3,3,3,4,3,2,2,20041002
2004,10,03,1,2,3,4,4,3,3,3,20041003
2004,10,04,3,3,2,2,2,2,3,3,20041004
2004,10,05,2,2,2,0,1,2,2,2,20041005
2004,10,06,1,2,2,2,2,2,2,2,20041006
2004,10,07,1,2,1,1,2,2,2,2,20041007
2004,10,08,1,3,2,1,2,2,1,3,20041008
2004,10,09,3,1,0,1,1,2,2,2,20041009
2004,10,10,3,3,0,3,2,2,2,2,20041010
2004,10,11,3,3,2,1,3,3,2,3,20041011
2004,10,12,3,3,3,3,2,2,2,3,20041012
2004,10,13,4,5,5,4,5,4,3,3,20041013
2004,10,14,3,4,4,5,5,3,3,2,20041014
2004,10,15,2,3,1,3,2,2,2,2,20041015
2004,10,16,3,1,1,1,1,1,1,1,20041016
2004,10,17,0,1,1,1,1,0,1,1,20041017
2004,10,18,0,0,0,1,1,2,2,2,20041018
2004,10,19,0,1,0,1,2,2,1,1,20041019
2004,10,20,1,3,3,1,4,4,1,2,20041020
2004,10,21,2,3,3,1,2,2,2,1,20041021
2004,10,22,2,2,1,1,2,2,2,1,20041022
2004,10,23,0,0,1,1,1,2,1,1,20041023
2004,10,24,2,0,0,1,2,3,4,2,20041024
2004,10,25,2,3,3,4,3,2,2,1,20041025
2004,10,26,1,0,0,0,1,1,1,0,20041026
2004,10,27,0,0,0,1,1,2,1,2,20041027
2004,10,28,1,1,0,0,1,1,1,1,20041028
2004,10,29,0,0,1,3,3,2,3,1,20041029
2004,10,30,4,3,3,4,3,3,2,3,20041030
2004,10,31,3,2,1,2,3,2,2,3,20041031
2004,11,01,2,1,1,1,2,2,1,1,20041101
2004,11,02,1,0,0,2,1,2,2,1,20041102
2004,11,03,0,0,0,3,2,3,3,4,20041103
2004,11,04,1,2,2,1,1,3,2,2,20041104
2004,11,05,3,1,0,0,1,1,1,0,20041105
2004,11,06,0,0,0,0,1,1,1,1,20041106
2004,11,07,1,2,1,3,3,5,6,7,20041107
2004,11,08,9,9,9,8,6,3,4,5,20041108
2004,11,09,6,6,5,7,6,7,8,7,20041109
2004,11,10,8,8,9,9,7,6,5,4,20041110
2004,11,11,4,5,4,4,2,3,2,4,20041111
2004,11,12,5,5,4,5,4,3,3,4,20041112
2004,11,13,2,2,4,2,2,2,1,1,20041113
2004,11,14,4,2,2,2,2,2,2,1,20041114
2004,11,15,0,0,1,0,1,1,1,0,20041115
2004,11,16,0,1,3,3,2,2,2,2,20041116
2004,11,17,1,1,3,2,1,1,1,1,20041117
2004,11,18,0,0,0,1,1,1,1,1,20041118
2004,11,19,0,2,0,0,1,2,2,2,20041119
2004,11,20,3,4,3,4,4,3,3,3,20041120
2004,11,21,2,1,3,5,4,3,2,2,20041121
2004,11,22,1,4,4,3,1,2,2,1,20041122
2004,11,23,2,1,1,1,1,2,1,2,20041123
2004,11,24,2,1,1,3,2,2,1,2,20041124
2004,11,25,4,5,3,4,4,3,2,2,20041125
2004,11,26,3,3,4,3,2,2,2,3,20041126
2004,11,27,1,2,3,2,3,3,3,2,20041127
2004,11,28,3,3,5,2,2,3,2,2,20041128
2004,11,29,3,3,3,3,3,3,3,4,20041129
2004,11,30,3,4,3,2,3,3,3,3,20041130
2004,12,01,1,3,5,2,1,2,1,2,20041201
2004,12,02,1,1,2,0,1,2,1,1,20041202
2004,12,03,0,1,1,0,1,1,1,1,20041203
2004,12,04,0,0,0,0,0,1,0,0,20041204
2004,12,05,0,1,4,2,1,2,2,1,20041205
2004,12,06,1,3,4,4,4,4,4,3,20041206
2004,12,07,2,5,2,3,3,3,3,2,20041207
2004,12,08,3,2,3,2,2,2,3,2,20041208
2004,12,09,2,1,1,4,2,2,2,1,20041209
2004,12,10,1,2,2,3,3,2,3,3,20041210
2004,12,11,1,1,3,2,4,3,4,4,20041211
2004,12,12,5,4,5,5,4,5,3,3,20041212
2004,12,13,4,3,3,1,1,2,1,1,20041213
2004,12,14,0,1,2,3,2,1,2,2,20041214
2004,12,15,1,1,2,1,1,2,2,2,20041215
2004,12,16,1,3,2,1,2,2,4,3,20041216
2004,12,17,3,4,4,3,2,3,2,3,20041217
2004,12,18,4,4,2,2,3,2,1,1,20041218
2004,12,19,1,0,1,1,1,2,1,1,20041219
2004,12,20,2,0,1,1,1,1,1,1,20041220
2004,12,21,2,1,3,5,2,3,2,2,20041221
2004,12,22,3,4,4,5,3,3,2,2,20041222
2004,12,23,1,2,1,1,1,2,2,2,20041223
2004,12,24,0,0,0,1,1,2,1,1,20041224
2004,12,25,3,4,4,2,1,1,2,2,20041225
2004,12,26,3,3,2,2,2,3,2,2,20041226
2004,12,27,1,1,3,1,1,1,3,2,20041227
2004,12,28,3,2,2,3,2,3,4,4,20041228
2004,12,29,4,4,3,4,4,2,2,2,20041229
2004,12,30,2,3,4,3,3,4,2,3,20041230
2004,12,31,3,1,3,2,3,2,1,1,20041231
2005,01,01,1,4,3,2,3,3,4,3,20050101
2005,01,02,4,4,5,4,3,5,3,5,20050102
2005,01,03,4,4,3,3,5,4,3,2,20050103
2005,01,04,4,4,3,4,4,4,3,3,20050104
2005,01,05,5,4,5,4,3,3,1,2,20050105
2005,01,06,2,0,0,0,0,1,3,1,20050106
2005,01,07,1,0,0,1,6,6,4,7,20050107
2005,01,08,6,6,3,4,3,3,2,2,20050108
2005,01,09,1,1,0,3,1,1,1,1,20050109
2005,01,10,1,1,1,1,2,2,2,2,20050110
2005,01,11,1,4,4,2,2,3,2,3,20050111
2005,01,12,4,5,3,5,5,3,3,3,20050112
2005,01,13,2,4,2,2,3,3,3,3,20050113
2005,01,14,2,2,2,1,1,1,4,4,20050114
2005,01,15,3,6,4,3,3,3,3,2,20050115
2005,01,16,2,2,2,2,3,3,2,3,20050116
2005,01,17,5,4,3,7,7,7,5,3,20050117
2005,01,18,6,5,7,5,6,6,4,5,20050118
2005,01,19,6,6,6,7,6,4,3,4,20050119
2005,01,20,2,1,1,2,4,4,3,3,20050120
2005,01,21,3,1,3,2,2,8,8,6,20050121
2005,01,22,5,6,3,3,3,3,4,3,20050122
2005,01,23,4,4,3,3,3,4,3,2,20050123
2005,01,24,2,1,1,2,2,2,2,1,20050124
2005,01,25,1,0,1,1,1,1,2,1,20050125
2005,01,26,1,1,0,1,1,1,1,1,20050126
2005,01,27,0,0,0,0,1,2,1,1,20050127
2005,01,28,2,2,1,0,1,1,3,2,20050128
2005,01,29,3,2,3,4,3,3,4,4,20050129
2005,01,30,3,4,3,4,3,2,2,2,20050130
2005,01,31,3,2,3,4,5,4,3,1,20050131
2005,02,01,3,0,1,2,1,2,2,2,20050201
2005,02,02,1,1,3,2,2,2,3,1,20050202
2005,02,03,1,4,3,1,1,2,1,1,20050203
2005,02,04,0,0,0,1,2,1,1,1,20050204
2005,02,05,1,1,1,0,1,0,1,1,20050205
2005,02,06,2,2,4,1,1,1,2,3,20050206
2005,02,07,3,3,2,3,5,4,5,5,20050207
2005,02,08,4,6,4,3,4,4,4,4,20050208
2005,02,09,3,4,5,4,4,3,3,3,20050209
2005,02,10,4,4,3,3,4,2,3,2,20050210
2005,02,11,2,3,3,3,2,1,3,2,20050211
2005,02,12,2,2,1,1,1,1,2,0,20050212
2005,02,13,1,1,1,1,0,1,2,1,20050213
2005,02,14,0,2,1,1,1,1,2,2,20050214
2005,02,15,1,1,2,0,1,1,2,2,20050215
2005,02,16,2,1,2,4,4,3,3,3,20050216
2005,02,17,1,2,0,1,2,2,2,3,20050217
2005,02,18,5,4,4,3,4,4,3,2,20050218
2005,02,19,1,2,3,4,4,3,3,2,20050219
2005,02,20,4,3,3,0,2,3,2,2,20050220
2005,02,21,3,3,1,2,1,2,1,2,20050221
2005,02,22,1,1,0,0,1,2,2,1,20050222
2005,02,23,1,1,2,1,1,2,1,1,20050223
2005,02,24,0,0,1,1,3,1,2,2,20050224
2005,02,25,1,1,2,2,2,3,3,2,20050225
2005,02,26,2,2,2,3,3,3,2,2,20050226
2005,02,27,0,2,3,1,3,2,2,1,20050227
2005,02,28,1,3,3,3,3,3,1,4,20050228
2005,03,01,2,1,3,3,2,2,2,4,20050301
2005,03,02,3,3,3,3,3,3,1,1,20050302
2005,03,03,1,1,0,1,1,2,2,1,20050303
2005,03,04,1,0,0,0,1,1,1,0,20050304
2005,03,05,1,3,2,2,2,2,3,3,20050305
2005,03,06,5,3,5,4,3,5,4,5,20050306
2005,03,07,5,5,6,4,4,4,5,4,20050307
2005,03,08,4,5,5,3,3,3,3,4,20050308
2005,03,09,3,4,4,3,3,3,4,4,20050309
2005,03,10,3,3,3,3,3,3,2,1,20050310
2005,03,11,2,2,2,1,2,1,1,1,20050311
2005,03,12,1,1,1,0,1,1,2,1,20050312
2005,03,13,1,0,0,1,2,2,2,3,20050313
2005,03,14,4,4,3,4,5,3,2,2,20050314
2005,03,15,2,1,1,1,1,1,1,1,20050315
2005,03,16,0,0,1,1,3,2,2,2,20050316
2005,03,17,3,3,2,4,2,3,2,2,20050317
2005,03,18,1,1,2,3,1,3,3,3,20050318
2005,03,19,5,4,2,2,2,1,1,1,20050319
2005,03,20,1,2,1,2,2,1,1,1,20050320
2005,03,21,1,1,1,3,4,2,1,1,20050321
2005,03,22,0,0,1,0,1,1,1,2,20050322
2005,03,23,1,0,0,0,1,1,2,2,20050323
2005,03,24,0,1,1,1,3,2,2,2,20050324
2005,03,25,1,4,5,3,3,3,2,3,20050325
2005,03,26,2,4,4,4,3,2,2,2,20050326
2005,03,27,2,1,4,3,3,3,3,2,20050327
2005,03,28,1,2,1,0,1,1,2,2,20050328
2005,03,29,0,1,1,0,1,2,2,3,20050329
2005,03,30,2,3,4,2,1,2,1,1,20050330
2005,03,31,1,3,3,2,1,2,3,2,20050331
2005,04,01,1,3,4,2,2,2,1,1,20050401
2005,04,02,1,0,1,1,1,2,1,1,20050402
2005,04,03,1,2,1,1,1,2,2,2,20050403
2005,04,04,1,2,2,2,2,4,4,5,20050404
2005,04,05,7,7,5,3,3,3,3,4,20050405
2005,04,06,3,2,2,3,2,3,3,3,20050406
2005,04,07,2,2,3,2,2,2,1,1,20050407
2005,04,08,2,0,1,1,1,1,2,1,20050408
2005,04,09,2,1,0,1,1,2,2,1,20050409
2005,04,10,1,0,0,1,2,2,1,1,20050410
2005,04,11,1,1,0,1,2,3,4,3,20050411
2005,04,12,6,5,3,4,4,3,4,4,20050412
2005,04,13,2,4,4,4,5,5,4,4,20050413
2005,04,14,4,5,3,3,3,2,3,2,20050414
2005,04,15,3,4,2,2,3,3,2,3,20050415
2005,04,16,3,2,1,1,2,2,2,2,20050416
2005,04,17,1,2,2,1,1,1,1,1,20050417
2005,04,18,1,3,2,1,2,2,2,2,20050418
2005,04,19,2,2,4,1,2,2,2,2,20050419
2005,04,20,2,5,4,4,4,3,2,2,20050420
2005,04,21,2,0,1,1,1,2,1,1,20050421
2005,04,22,2,2,1,1,3,2,3,2,20050422
2005,04,23,1,1,2,2,2,2,2,2,20050423
2005,04,24,3,4,2,2,2,2,2,2,20050424
2005,04,25,3,4,3,2,2,1,1,2,20050425
2005,04,26,1,0,1,1,2,2,2,1,20050426
2005,04,27,1,0,0,1,2,2,2,1,20050427
2005,04,28,0,0,1,1,2,1,2,1,20050428
2005,04,29,1,1,3,2,2,2,4,4,20050429
2005,04,30,5,4,3,3,4,3,3,3,20050430
2005,05,01,5,6,4,3,3,3,3,2,20050501
2005,05,02,2,2,2,1,2,2,2,2,20050502
2005,05,03,3,2,2,3,3,3,2,1,20050503
2005,05,04,3,3,1,1,1,2,2,1,20050504
2005,05,05,1,1,1,3,1,2,2,1,20050505
2005,05,06,1,0,0,1,2,2,2,2,20050506
2005,05,07,2,1,0,1,2,2,3,4,20050507
2005,05,08,6,6,4,5,7,6,4,4,20050508
2005,05,09,3,3,1,1,1,2,3,4,20050509
2005,05,10,3,3,3,2,2,2,2,2,20050510
2005,05,11,1,0,2,3,2,3,3,4,20050511
2005,05,12,3,4,3,4,2,3,3,3,20050512
2005,05,13,5,5,5,3,3,4,3,2,20050513
2005,05,14,2,1,3,2,2,2,2,2,20050514
2005,05,15,5,5,9,8,4,4,4,5,20050515
2005,05,16,4,6,5,3,4,5,2,2,20050516
2005,05,17,4,4,4,3,3,3,2,3,20050517
2005,05,18,3,3,4,3,4,3,2,2,20050518
2005,05,19,2,3,3,2,2,2,3,3,20050519
2005,05,20,3,6,6,4,4,3,2,3,20050520
2005,05,21,3,4,4,4,3,3,3,3,20050521
2005,05,22,4,2,3,4,3,2,3,2,20050522
2005,05,23,2,1,1,1,3,3,2,1,20050523
2005,05,24,1,1,1,1,1,1,2,2,20050524
2005,05,25,2,1,2,1,1,2,2,1,20050525
2005,05,26,1,1,0,1,1,1,1,1,20050526
2005,05,27,1,1,1,1,1,2,1,1,20050527
2005,05,28,1,3,2,2,2,4,4,4,20050528
2005,05,29,3,4,3,3,2,3,3,6,20050529
2005,05,30,4,3,6,7,6,7,5,4,20050530
2005,05,31,4,4,3,3,3,3,3,3,20050531
2005,06,01,3,3,1,2,1,2,2,1,20050601
2005,06,02,2,2,2,2,1,2,2,3,20050602
2005,06,03,2,3,3,2,2,2,2,2,20050603
2005,06,04,2,1,3,2,3,4,5,4,20050604
2005,06,05,4,3,5,3,2,3,3,3,20050605
2005,06,06,3,3,3,1,1,2,3,4,20050606
2005,06,07,4,5,4,2,3,2,3,3,20050607
2005,06,08,2,2,1,2,1,2,1,1,20050608
2005,06,09,1,1,0,2,2,2,2,1,20050609
2005,06,10,2,1,1,1,1,1,1,2,20050610
2005,06,11,2,1,1,1,1,2,2,3,20050611
2005,06,12,2,2,4,4,4,5,5,6,20050612
2005,06,13,5,6,4,4,4,3,3,2,20050613
2005,06,14,2,2,2,2,2,2,4,3,20050614
2005,06,15,3,5,5,3,4,3,3,2,20050615
2005,06,16,1,2,2,6,5,4,4,3,20050616
2005,06,17,4,4,3,2,2,3,3,2,20050617
2005,06,18,1,2,3,1,2,2,2,1,20050618
2005,06,19,2,1,2,2,2,2,2,2,20050619
2005,06,20,1,1,1,2,1,2,1,1,20050620
2005,06,21,1,0,0,0,1,1,2,1,20050621
2005,06,22,2,2,1,2,1,1,2,3,20050622
2005,06,23,4,4,7,5,5,4,4,3,20050623
2005,06,24,4,5,3,3,3,1,1,2,20050624
2005,06,25,3,3,1,2,2,3,2,3,20050625
2005,06,26,3,3,2,2,2,2,2,1,20050626
2005,06,27,1,0,0,1,2,2,2,1,20050627
2005,06,28,1,1,1,1,2,2,2,2,20050628
2005,06,29,2,1,1,2,2,2,2,2,20050629
2005,06,30,1,1,1,2,2,3,2,3,20050630
2005,07,01,2,2,2,1,3,4,4,4,20050701
2005,07,02,4,3,2,2,2,2,3,3,20050702
2005,07,03,4,3,2,3,3,2,2,2,20050703
2005,07,04,1,3,2,1,2,2,2,2,20050704
2005,07,05,1,1,1,2,2,1,1,1,20050705
2005,07,06,1,1,1,1,2,2,2,2,20050706
2005,07,07,2,1,2,1,2,2,2,3,20050707
2005,07,08,2,2,1,1,1,2,2,2,20050708
2005,07,09,3,3,3,3,4,4,3,4,20050709
2005,07,10,4,4,5,5,6,5,5,5,20050710
2005,07,11,4,3,5,3,4,3,4,3,20050711
2005,07,12,5,6,5,6,6,5,3,2,20050712
2005,07,13,3,4,5,5,5,4,3,4,20050713
2005,07,14,2,4,3,3,2,2,1,1,20050714
2005,07,15,1,2,2,1,1,2,2,2,20050715
2005,07,16,2,2,2,1,1,3,3,3,20050716
2005,07,17,3,2,3,5,3,3,3,5,20050717
2005,07,18,5,6,6,3,3,2,2,3,20050718
2005,07,19,3,2,3,1,2,2,2,3,20050719
2005,07,20,4,3,3,3,4,3,3,4,20050720
2005,07,21,5,5,4,5,2,3,2,3,20050721
2005,07,22,3,3,2,2,3,3,3,3,20050722
2005,07,23,2,1,1,1,1,1,2,1,20050723
2005,07,24,1,1,1,1,3,2,2,1,20050724
2005,07,25,2,2,1,1,1,2,2,2,20050725
2005,07,26,1,1,2,1,2,2,2,2,20050726
2005,07,27,2,2,3,2,3,3,4,5,20050727
2005,07,28,3,5,4,4,5,3,3,4,20050728
2005,07,29,3,4,3,4,3,4,3,3,20050729
2005,07,30,4,4,4,3,1,1,2,2,20050730
2005,07,31,2,3,2,1,3,2,2,3,20050731
2005,08,01,4,1,3,4,3,3,3,3,20050801
2005,08,02,3,3,2,3,3,2,2,2,20050802
2005,08,03,2,3,2,1,2,3,3,3,20050803
2005,08,04,3,3,4,3,2,2,2,3,20050804
2005,08,05,2,2,1,1,2,3,3,3,20050805
2005,08,06,5,5,5,5,4,3,4,3,20050806
2005,08,07,3,5,4,4,2,2,2,3,20050807
2005,08,08,2,2,3,1,2,2,1,3,20050808
2005,08,09,3,3,2,2,2,2,3,3,20050809
2005,08,10,3,2,4,5,5,3,2,2,20050810
2005,08,11,1,1,2,1,2,2,2,2,20050811
2005,08,12,1,1,1,1,2,2,2,3,20050812
2005,08,13,3,4,2,3,3,2,3,3,20050813
2005,08,14,4,4,2,2,2,2,2,2,20050814
2005,08,15,1,1,1,1,2,3,2,3,20050815
2005,08,16,3,4,4,4,3,3,3,3,20050816
2005,08,17,4,4,3,2,3,3,3,4,20050817
2005,08,18,3,3,4,4,3,2,3,3,20050818
2005,08,19,2,1,2,3,2,2,1,2,20050819
2005,08,20,2,1,1,0,2,2,2,2,20050820
2005,08,21,1,1,1,1,2,4,2,2,20050821
2005,08,22,3,4,1,2,2,3,3,3,20050822
2005,08,23,3,2,2,2,2,3,2,2,20050823
2005,08,24,3,3,7,9,8,5,6,5,20050824
2005,08,25,5,4,3,3,4,5,3,2,20050825
2005,08,26,3,4,4,2,2,2,2,2,20050826
2005,08,27,3,1,2,2,2,2,1,1,20050827
2005,08,28,2,2,0,1,1,1,2,3,20050828
2005,08,29,2,4,2,1,2,1,1,1,20050829
2005,08,30,1,0,0,0,1,1,3,2,20050830
2005,08,31,2,2,2,3,5,6,6,5,20050831
2005,09,01,5,5,3,3,4,2,2,2,20050901
2005,09,02,3,4,5,4,4,5,5,4,20050902
2005,09,03,6,6,4,5,3,3,2,4,20050903
2005,09,04,4,4,5,5,3,3,2,3,20050904
2005,09,05,4,2,3,4,2,3,3,2,20050905
2005,09,06,3,2,0,2,2,3,1,2,20050906
2005,09,07,4,3,2,3,2,4,4,1,20050907
2005,09,08,3,2,1,1,1,2,2,3,20050908
2005,09,09,1,2,0,1,4,4,4,4,20050909
2005,09,10,2,2,5,3,4,5,5,5,20050910
2005,09,11,5,7,9,7,6,5,5,4,20050911
2005,09,12,6,4,6,6,5,6,5,6,20050912
2005,09,13,6,5,6,6,5,3,4,4,20050913
2005,09,14,3,3,5,5,5,3,3,2,20050914
2005,09,15,3,2,3,5,6,7,5,4,20050915
2005,09,16,4,4,3,4,3,2,3,2,20050916
2005,09,17,2,2,1,3,3,3,3,3,20050917
2005,09,18,1,3,4,4,3,2,2,1,20050918
2005,09,19,2,2,2,2,2,2,2,1,20050919
2005,09,20,1,2,2,2,2,1,2,1,20050920
2005,09,21,1,1,2,2,2,1,1,1,20050921
2005,09,22,2,2,2,1,2,3,2,1,20050922
2005,09,23,1,3,3,1,2,2,2,2,20050923
2005,09,24,1,1,1,0,1,1,1,1,20050924
2005,09,25,1,0,0,2,3,2,0,2,20050925
2005,09,26,4,3,2,3,4,2,2,3,20050926
2005,09,27,3,4,2,3,2,2,1,3,20050927
2005,09,28,3,3,4,2,2,3,2,2,20050928
2005,09,29,2,1,1,2,2,2,1,1,20050929
2005,09,30,1,2,1,3,4,3,2,2,20050930
2005,10,01,3,4,3,3,3,2,3,3,20051001
2005,10,02,4,3,4,2,2,3,2,2,20051002
2005,10,03,2,3,2,2,1,1,2,1,20051003
2005,10,04,1,1,0,0,1,1,1,1,20051004
2005,10,05,0,1,1,0,1,1,2,1,20051005
2005,10,06,1,1,1,1,1,1,1,1,20051006
2005,10,07,1,2,2,2,2,2,3,4,20051007
2005,10,08,4,4,4,4,3,2,4,3,20051008
2005,10,09,3,2,1,2,2,1,3,3,20051009
2005,10,10,2,3,3,3,2,0,1,3,20051010
2005,10,11,3,2,0,0,1,1,1,2,20051011
2005,10,12,0,0,0,0,0,0,0,1,20051012
2005,10,13,1,0,2,1,1,0,2,1,20051013
2005,10,14,1,2,0,0,0,1,1,0,20051014
2005,10,15,0,1,0,0,1,0,0,1,20051015
2005,10,16,1,1,2,2,2,2,2,3,20051016
2005,10,17,3,4,3,2,3,3,1,1,20051017
2005,10,18,1,3,1,1,2,1,1,1,20051018
2005,10,19,2,2,2,2,2,3,0,1,20051019
2005,10,20,1,0,2,1,0,0,0,1,20051020
2005,10,21,0,0,0,0,0,1,1,3,20051021
2005,10,22,4,2,1,0,1,0,1,1,20051022
2005,10,23,0,0,0,0,1,1,1,1,20051023
2005,10,24,1,0,0,0,2,2,2,2,20051024
2005,10,25,4,3,4,4,2,3,3,3,20051025
2005,10,26,1,2,3,2,1,2,1,1,20051026
2005,10,27,3,0,0,1,3,2,1,1,20051027
2005,10,28,1,0,2,2,2,1,1,1,20051028
2005,10,29,1,0,1,0,0,1,0,1,20051029
2005,10,30,2,2,0,0,1,0,1,2,20051030
2005,10,31,1,1,1,2,3,4,3,4,20051031
2005,11,01,3,2,0,2,2,3,1,2,20051101
2005,11,02,1,1,0,0,0,1,3,3,20051102
2005,11,03,3,5,3,4,3,4,3,4,20051103
2005,11,04,4,4,3,3,3,3,4,2,20051104
2005,11,05,2,3,4,1,2,2,1,2,20051105
2005,11,06,3,3,2,2,2,2,3,2,20051106
2005,11,07,3,1,2,1,1,1,1,1,20051107
2005,11,08,1,0,1,1,1,1,0,1,20051108
2005,11,09,2,0,0,0,0,1,0,1,20051109
2005,11,10,0,0,1,0,0,0,1,1,20051110
2005,11,11,1,2,1,1,2,2,1,1,20051111
2005,11,12,2,3,2,2,3,3,2,1,20051112
2005,11,13,3,4,3,3,3,3,2,3,20051113
2005,11,14,4,3,2,2,2,1,2,2,20051114
2005,11,15,1,1,2,2,2,0,0,1,20051115
2005,11,16,0,2,0,0,1,1,1,1,20051116
2005,11,17,1,0,2,1,0,0,0,0,20051117
2005,11,18,0,0,1,1,2,1,1,1,20051118
2005,11,19,1,0,0,0,1,4,4,3,20051119
2005,11,20,1,2,3,2,1,2,1,2,20051120
2005,11,21,2,2,0,0,1,1,0,1,20051121
2005,11,22,0,1,2,2,2,2,2,2,20051122
2005,11,23,1,3,3,2,2,2,1,2,20051123
2005,11,24,1,1,2,3,2,2,3,3,20051124
2005,11,25,3,4,3,2,1,2,2,1,20051125
2005,11,26,2,0,2,2,2,1,0,1,20051126
2005,11,27,0,0,1,1,0,1,0,1,20051127
2005,11,28,0,1,2,2,4,2,2,3,20051128
2005,11,29,2,0,0,1,0,2,1,3,20051129
2005,11,30,3,2,2,4,3,1,2,3,20051130
2005,12,01,4,2,1,2,2,2,2,4,20051201
2005,12,02,3,4,3,3,2,1,3,2,20051202
2005,12,03,4,2,1,2,2,3,3,3,20051203
2005,12,04,1,0,1,1,2,1,2,1,20051204
2005,12,05,1,1,0,0,0,0,0,1,20051205
2005,12,06,0,0,1,1,1,0,1,1,20051206
2005,12,07,0,0,0,0,0,0,0,0,20051207
2005,12,08,0,0,0,0,0,1,0,1,20051208
2005,12,09,1,0,0,0,1,1,1,3,20051209
2005,12,10,3,4,3,1,2,2,4,2,20051210
2005,12,11,3,2,3,4,2,5,5,3,20051211
2005,12,12,2,3,1,0,1,2,3,2,20051212
2005,12,13,0,2,1,0,3,1,1,2,20051213
2005,12,14,0,1,2,1,0,0,0,1,20051214
2005,12,15,0,0,1,1,0,0,0,0,20051215
2005,12,16,1,3,1,1,1,1,1,1,20051216
2005,12,17,0,1,1,2,2,1,0,1,20051217
2005,12,18,1,0,0,1,1,0,0,1,20051218
2005,12,19,2,1,0,0,2,2,4,3,20051219
2005,12,20,4,3,3,2,3,2,4,3,20051220
2005,12,21,1,2,2,2,3,3,1,2,20051221
2005,12,22,2,1,1,1,1,1,1,1,20051222
2005,12,23,0,0,0,0,0,1,0,0,20051223
2005,12,24,0,0,0,1,2,1,1,1,20051224
2005,12,25,1,3,2,2,3,1,0,0,20051225
2005,12,26,1,0,1,0,2,2,3,3,20051226
2005,12,27,3,0,0,1,2,5,5,4,20051227
2005,12,28,3,3,3,3,3,3,3,3,20051228
2005,12,29,3,2,3,2,2,2,1,2,20051229
2005,12,30,2,3,1,2,1,2,1,2,20051230
2005,12,31,3,2,3,1,2,3,1,2,20051231
2006,01,01,2,1,0,0,2,1,1,1,20060101
2006,01,02,1,2,1,2,1,1,1,2,20060102
2006,01,03,2,0,0,0,1,1,1,1,20060103
2006,01,04,0,1,0,0,0,0,0,0,20060104
2006,01,05,0,0,1,2,2,0,0,1,20060105
2006,01,06,1,2,2,2,3,2,1,1,20060106
2006,01,07,1,1,2,2,1,2,1,0,20060107
2006,01,08,0,1,2,2,2,0,0,1,20060108
2006,01,09,0,1,0,0,0,0,1,0,20060109
2006,01,10,0,0,0,0,0,1,0,0,20060110
2006,01,11,0,0,0,0,1,1,1,1,20060111
2006,01,12,1,1,1,1,0,0,0,1,20060112
2006,01,13,1,0,0,0,1,1,0,1,20060113
2006,01,14,0,1,0,1,1,1,1,1,20060114
2006,01,15,2,1,0,0,0,2,2,2,20060115
2006,01,16,0,3,2,2,4,3,4,3,20060116
2006,01,17,2,3,2,2,2,2,1,1,20060117
2006,01,18,2,1,1,2,1,2,1,1,20060118
2006,01,19,2,1,2,2,3,2,1,2,20060119
2006,01,20,1,1,0,1,2,3,3,2,20060120
2006,01,21,1,2,1,1,1,0,0,1,20060121
2006,01,22,1,1,1,2,3,3,0,2,20060122
2006,01,23,1,4,3,4,3,2,2,3,20060123
2006,01,24,3,4,2,0,1,0,1,1,20060124
2006,01,25,1,1,0,1,1,1,3,3,20060125
2006,01,26,4,4,2,3,3,6,5,4,20060126
2006,01,27,3,1,2,2,2,2,2,2,20060127
2006,01,28,2,1,2,2,1,1,2,2,20060128
2006,01,29,1,1,1,0,1,1,0,0,20060129
2006,01,30,1,0,0,0,0,1,0,0,20060130
2006,01,31,0,0,0,0,1,1,0,1,20060131
2006,02,01,0,0,2,1,2,1,0,2,20060201
2006,02,02,1,0,0,1,1,0,1,2,20060202
2006,02,03,0,0,0,1,0,1,2,1,20060203
2006,02,04,1,2,2,1,1,0,0,1,20060204
2006,02,05,1,0,2,0,0,0,1,1,20060205
2006,02,06,1,4,2,2,3,2,3,3,20060206
2006,02,07,1,1,1,0,1,1,1,2,20060207
2006,02,08,2,0,2,1,1,0,0,0,20060208
2006,02,09,0,0,0,0,1,0,1,1,20060209
2006,02,10,1,0,0,0,0,0,1,2,20060210
2006,02,11,2,1,2,0,2,3,1,1,20060211
2006,02,12,2,2,1,0,1,0,0,0,20060212
2006,02,13,0,0,0,0,1,1,0,1,20060213
2006,02,14,0,0,0,0,0,0,0,1,20060214
2006,02,15,0,1,1,3,2,2,4,4,20060215
2006,02,16,3,2,3,3,1,0,1,2,20060216
2006,02,17,1,3,2,0,1,0,0,1,20060217
2006,02,18,0,0,0,0,1,0,0,1,20060218
2006,02,19,2,2,2,0,0,1,2,2,20060219
2006,02,20,2,2,3,4,4,6,2,2,20060220
2006,02,21,3,4,3,4,3,3,3,2,20060221
2006,02,22,4,3,3,3,3,2,1,2,20060222
2006,02,23,1,2,2,1,0,0,0,0,20060223
2006,02,24,2,2,0,3,3,0,0,0,20060224
2006,02,25,1,0,0,0,0,0,0,1,20060225
2006,02,26,0,2,1,0,1,2,1,2,20060226
2006,02,27,1,1,2,0,1,0,0,2,20060227
2006,02,28,0,0,0,3,2,1,1,2,20060228
2006,03,01,2,2,1,2,3,2,1,1,20060301
2006,03,02,0,1,1,1,1,1,2,1,20060302
2006,03,03,1,0,0,1,1,2,2,1,20060303
2006,03,04,0,0,1,0,0,1,0,1,20060304
2006,03,05,1,0,0,0,1,1,2,1,20060305
2006,03,06,0,0,1,1,3,3,3,3,20060306
2006,03,07,4,4,3,3,2,1,0,1,20060307
2006,03,08,2,1,0,0,1,1,1,2,20060308
2006,03,09,0,1,0,0,0,2,3,2,20060309
2006,03,10,1,3,2,3,3,2,2,4,20060310
2006,03,11,4,3,3,3,1,3,2,1,20060311
2006,03,12,0,1,2,1,1,2,2,1,20060312
2006,03,13,0,0,0,1,0,1,2,2,20060313
2006,03,14,0,0,0,1,2,2,2,2,20060314
2006,03,15,1,2,1,2,2,2,3,1,20060315
2006,03,16,1,2,2,2,1,2,1,2,20060316
2006,03,17,0,0,0,0,1,1,1,1,20060317
2006,03,18,1,1,4,4,3,5,5,5,20060318
2006,03,19,6,5,5,4,4,2,4,3,20060319
2006,03,20,5,4,4,4,2,2,4,3,20060320
2006,03,21,3,4,1,1,3,3,3,3,20060321
2006,03,22,3,4,3,1,1,1,2,3,20060322
2006,03,23,2,2,2,0,0,1,1,1,20060323
2006,03,24,1,0,0,0,1,1,2,2,20060324
2006,03,25,2,3,1,1,2,1,2,1,20060325
2006,03,26,1,1,0,1,2,2,3,3,20060326
2006,03,27,3,3,0,0,1,2,2,3,20060327
2006,03,28,1,3,1,0,1,1,2,1,20060328
2006,03,29,1,2,0,1,2,3,2,2,20060329
2006,03,30,1,1,0,0,1,2,2,2,20060330
2006,03,31,1,0,1,2,2,1,2,1,20060331
2006,04,01,1,0,0,0,1,0,0,1,20060401
2006,04,02,1,0,0,0,1,0,0,1,20060402
2006,04,03,0,0,0,0,0,1,0,1,20060403
2006,04,04,0,0,1,3,2,2,2,3,20060404
2006,04,05,3,4,4,5,5,4,3,2,20060405
2006,04,06,1,3,4,2,2,2,1,2,20060406
2006,04,07,1,0,1,0,0,0,1,1,20060407
2006,04,08,1,0,1,2,2,1,1,2,20060408
2006,04,09,4,5,6,4,4,4,5,5,20060409
2006,04,10,4,5,4,3,2,2,2,1,20060410
2006,04,11,2,3,0,1,1,1,0,2,20060411
2006,04,12,0,1,0,0,0,1,1,1,20060412
2006,04,13,2,2,3,2,4,4,2,3,20060413
2006,04,14,4,6,7,7,5,5,4,4,20060414
2006,04,15,3,5,4,4,3,5,4,3,20060415
2006,04,16,4,3,2,2,2,2,1,2,20060416
2006,04,17,2,1,1,0,1,2,1,3,20060417
2006,04,18,3,3,1,1,1,1,1,2,20060418
2006,04,19,2,0,1,2,0,2,1,1,20060419
2006,04,20,0,1,1,1,2,2,0,1,20060420
2006,04,21,1,2,2,1,2,4,2,2,20060421
2006,04,22,4,4,3,4,3,2,1,1,20060422
2006,04,23,1,3,3,1,1,2,1,2,20060423
2006,04,24,3,2,2,1,1,2,1,2,20060424
2006,04,25,3,0,0,0,2,2,2,1,20060425
2006,04,26,2,2,1,1,1,1,2,1,20060426
2006,04,27,2,2,1,1,1,2,1,2,20060427
2006,04,28,3,3,5,2,1,1,2,2,20060428
2006,04,29,1,0,0,0,1,2,1,1,20060429
2006,04,30,0,0,0,0,0,0,0,1,20060430
2006,05,01,0,0,1,1,0,1,0,1,20060501
2006,05,02,1,0,1,0,0,1,2,1,20060502
2006,05,03,1,0,0,0,0,1,1,2,20060503
2006,05,04,1,1,3,2,5,3,3,3,20060504
2006,05,05,4,3,4,3,2,2,0,1,20060505
2006,05,06,2,3,2,2,4,5,5,4,20060506
2006,05,07,3,4,5,4,3,2,2,3,20060507
2006,05,08,2,4,3,1,1,1,1,1,20060508
2006,05,09,0,0,1,2,1,1,1,2,20060509
2006,05,10,0,0,0,1,1,1,1,3,20060510
2006,05,11,3,4,4,4,3,2,3,4,20060511
2006,05,12,4,4,4,2,3,2,2,3,20060512
2006,05,13,3,4,3,2,2,1,2,2,20060513
2006,05,14,3,4,2,1,1,1,1,2,20060514
2006,05,15,1,1,1,1,1,1,1,2,20060515
2006,05,16,1,0,0,0,1,0,1,1,20060516
2006,05,17,1,2,1,1,1,1,1,3,20060517
2006,05,18,2,2,3,2,2,5,4,2,20060518
2006,05,19,2,2,3,0,1,2,2,3,20060519
2006,05,20,2,2,2,3,1,2,2,2,20060520
2006,05,21,3,0,1,2,1,1,3,2,20060521
2006,05,22,2,2,0,1,2,2,2,4,20060522
2006,05,23,3,3,2,1,1,1,2,1,20060523
2006,05,24,1,1,2,1,2,1,0,1,20060524
2006,05,25,1,1,1,0,1,1,2,2,20060525
2006,05,26,3,1,0,0,1,1,1,2,20060526
2006,05,27,2,0,0,0,1,1,1,2,20060527
2006,05,28,2,2,1,1,2,1,2,3,20060528
2006,05,29,1,1,0,0,0,1,0,1,20060529
2006,05,30,2,2,0,2,3,2,3,2,20060530
2006,05,31,3,2,1,1,1,1,1,2,20060531
2006,06,01,2,2,2,4,2,2,4,3,20060601
2006,06,02,3,3,2,1,1,2,2,1,20060602
2006,06,03,1,1,1,0,1,1,1,1,20060603
2006,06,04,1,0,0,0,1,1,1,1,20060604
2006,06,05,1,1,1,0,0,2,1,1,20060605
2006,06,06,2,2,4,4,3,4,5,4,20060606
2006,06,07,4,4,4,3,3,3,4,4,20060607
2006,06,08,4,5,4,2,3,3,3,3,20060608
2006,06,09,3,2,3,2,2,2,2,2,20060609
2006,06,10,3,3,2,2,2,2,2,2,20060610
2006,06,11,2,1,2,1,2,1,1,2,20060611
2006,06,12,1,0,1,0,1,1,1,1,20060612
2006,06,13,1,1,0,0,0,1,2,1,20060613
2006,06,14,2,1,1,1,1,2,2,3,20060614
2006,06,15,2,4,5,5,3,3,3,4,20060615
2006,06,16,3,3,2,1,2,2,3,3,20060616
2006,06,17,2,3,4,2,2,2,3,1,20060617
2006,06,18,1,2,3,3,1,1,1,2,20060618
2006,06,19,3,1,0,0,0,1,1,2,20060619
2006,06,20,2,1,0,0,1,1,2,2,20060620
2006,06,21,1,0,0,0,1,2,1,2,20060621
2006,06,22,1,2,2,1,1,2,1,1,20060622
2006,06,23,1,0,0,0,1,1,1,1,20060623
2006,06,24,1,0,0,1,1,2,2,2,20060624
2006,06,25,2,1,0,1,1,1,1,1,20060625
2006,06,26,1,0,0,0,1,1,1,1,20060626
2006,06,27,1,1,1,1,2,2,2,3,20060627
2006,06,28,3,2,4,4,4,2,3,3,20060628
2006,06,29,3,2,3,3,2,3,3,3,20060629
2006,06,30,2,2,2,2,3,1,1,2,20060630
2006,07,01,1,2,1,0,1,2,1,1,20060701
2006,07,02,1,0,0,0,1,2,0,1,20060702
2006,07,03,1,0,1,1,0,2,1,2,20060703
2006,07,04,1,1,1,2,4,3,3,4,20060704
2006,07,05,4,5,5,2,2,2,2,4,20060705
2006,07,06,4,3,3,3,1,1,2,2,20060706
2006,07,07,2,2,1,1,2,2,3,1,20060707
2006,07,08,1,0,2,0,1,1,1,2,20060708
2006,07,09,1,0,0,0,0,1,1,4,20060709
2006,07,10,3,2,1,2,3,3,3,3,20060710
2006,07,11,1,1,1,2,2,2,3,3,20060711
2006,07,12,3,2,3,4,4,2,1,2,20060712
2006,07,13,2,2,2,1,1,1,0,2,20060713
2006,07,14,1,1,0,2,3,4,4,3,20060714
2006,07,15,2,2,2,2,2,2,1,2,20060715
2006,07,16,1,2,1,0,1,1,0,1,20060716
2006,07,17,1,1,0,1,1,1,1,1,20060717
2006,07,18,1,1,0,0,1,1,1,1,20060718
2006,07,19,1,1,0,0,0,0,1,1,20060719
2006,07,20,1,1,0,0,1,1,1,1,20060720
2006,07,21,1,0,0,0,1,0,1,1,20060721
2006,07,22,1,2,1,1,1,1,1,2,20060722
2006,07,23,2,1,2,1,1,1,1,1,20060723
2006,07,24,1,0,1,1,2,2,1,2,20060724
2006,07,25,3,2,1,0,2,1,1,2,20060725
2006,07,26,3,1,1,1,1,2,1,1,20060726
2006,07,27,1,0,0,0,2,2,3,4,20060727
2006,07,28,6,6,4,3,2,2,1,2,20060728
2006,07,29,3,1,2,1,0,1,1,1,20060729
2006,07,30,2,2,1,0,0,1,1,2,20060730
2006,07,31,2,3,3,3,3,2,2,3,20060731
2006,08,01,2,4,4,3,2,2,1,2,20060801
2006,08,02,3,2,3,3,2,1,1,3,20060802
2006,08,03,3,2,0,1,0,1,2,2,20060803
2006,08,04,1,1,0,0,0,0,1,1,20060804
2006,08,05,2,1,1,0,1,1,1,1,20060805
2006,08,06,1,1,1,0,1,2,2,1,20060806
2006,08,07,3,3,6,6,5,3,3,2,20060807
2006,08,08,2,3,4,3,3,2,2,1,20060808
2006,08,09,2,3,1,3,2,1,1,3,20060809
2006,08,10,1,1,0,0,1,2,0,3,20060810
2006,08,11,2,1,2,1,2,2,2,2,20060811
2006,08,12,2,3,2,2,1,2,1,1,20060812
2006,08,13,0,0,0,0,1,1,1,1,20060813
2006,08,14,1,0,1,1,1,1,1,1,20060814
2006,08,15,1,0,0,0,0,1,1,1,20060815
2006,08,16,1,1,0,1,1,0,1,1,20060816
2006,08,17,1,0,2,1,1,1,2,2,20060817
2006,08,18,2,4,2,2,2,3,2,3,20060818
2006,08,19,2,1,1,2,6,6,6,5,20060819
2006,08,20,5,6,2,0,2,4,3,2,20060820
2006,08,21,2,4,2,2,2,3,3,4,20060821
2006,08,22,3,3,3,4,4,4,4,2,20060822
2006,08,23,2,3,3,0,1,1,1,2,20060823
2006,08,24,3,1,0,1,1,1,1,2,20060824
2006,08,25,1,1,0,1,1,1,0,1,20060825
2006,08,26,1,1,1,0,0,0,2,2,20060826
2006,08,27,2,1,1,3,4,5,4,3,20060827
2006,08,28,4,3,2,2,2,2,3,2,20060828
2006,08,29,2,2,3,4,1,2,2,2,20060829
2006,08,30,1,1,3,2,1,1,1,2,20060830
2006,08,31,1,1,2,1,1,3,3,3,20060831
2006,09,01,3,1,2,2,3,3,4,3,20060901
2006,09,02,3,1,1,1,1,1,3,3,20060902
2006,09,03,2,3,1,1,1,1,1,2,20060903
2006,09,04,4,6,4,3,3,3,3,2,20060904
2006,09,05,3,2,3,2,1,2,2,2,20060905
2006,09,06,2,2,1,2,2,2,2,2,20060906
2006,09,07,1,1,1,1,2,2,2,1,20060907
2006,09,08,1,2,1,0,1,1,0,2,20060908
2006,09,09,1,1,0,0,0,0,0,1,20060909
2006,09,10,1,2,1,1,1,2,1,2,20060910
2006,09,11,3,3,3,2,2,1,0,1,20060911
2006,09,12,1,0,2,1,1,1,1,1,20060912
2006,09,13,1,3,2,1,1,1,0,1,20060913
2006,09,14,1,3,2,2,1,1,1,1,20060914
2006,09,15,1,0,0,0,1,0,2,2,20060915
2006,09,16,0,0,0,0,1,1,2,2,20060916
2006,09,17,1,1,2,4,4,1,4,3,20060917
2006,09,18,5,5,3,3,3,2,5,3,20060918
2006,09,19,4,3,4,2,2,2,2,2,20060919
2006,09,20,2,2,1,1,1,1,1,1,20060920
2006,09,21,0,1,1,1,0,1,2,2,20060921
2006,09,22,0,1,0,0,1,2,2,1,20060922
2006,09,23,0,1,2,1,1,1,3,4,20060923
2006,09,24,5,5,4,5,3,2,2,2,20060924
2006,09,25,1,2,1,3,2,0,1,2,20060925
2006,09,26,2,3,2,0,1,1,1,2,20060926
2006,09,27,3,2,0,1,1,0,0,1,20060927
2006,09,28,0,0,1,1,1,0,0,1,20060928
2006,09,29,1,1,1,0,0,1,2,1,20060929
2006,09,30,0,3,3,4,2,2,1,3,20060930
2006,10,01,5,5,4,4,3,3,1,3,20061001
2006,10,02,2,2,2,2,2,2,1,2,20061002
2006,10,03,1,2,1,1,2,2,1,2,20061003
2006,10,04,1,2,1,0,0,1,1,1,20061004
2006,10,05,1,0,1,0,1,1,1,1,20061005
2006,10,06,0,0,2,1,1,1,0,1,20061006
2006,10,07,0,1,1,0,1,3,3,4,20061007
2006,10,08,3,0,0,2,2,2,1,1,20061008
2006,10,09,1,3,2,0,1,1,1,2,20061009
2006,10,10,1,0,0,0,0,1,0,1,20061010
2006,10,11,1,0,2,0,1,1,0,1,20061011
2006,10,12,2,1,1,1,1,2,0,3,20061012
2006,10,13,2,3,4,4,3,3,5,4,20061013
2006,10,14,4,4,3,3,2,3,3,4,20061014
2006,10,15,3,3,2,3,1,1,1,2,20061015
2006,10,16,3,2,2,1,1,1,2,3,20061016
2006,10,17,1,0,0,1,0,0,1,0,20061017
2006,10,18,1,2,1,0,0,0,1,1,20061018
2006,10,19,0,1,0,1,1,0,0,1,20061019
2006,10,20,2,0,1,2,3,3,3,3,20061020
2006,10,21,3,2,3,3,3,4,3,2,20061021
2006,10,22,2,5,3,1,2,2,3,3,20061022
2006,10,23,1,0,0,1,1,1,1,1,20061023
2006,10,24,0,1,2,1,1,1,1,1,20061024
2006,10,25,1,2,2,1,0,0,0,0,20061025
2006,10,26,0,0,1,0,1,0,0,0,20061026
2006,10,27,1,0,0,1,0,0,1,2,20061027
2006,10,28,1,2,3,4,2,3,3,4,20061028
2006,10,29,3,4,4,3,3,3,4,4,20061029
2006,10,30,3,2,2,3,2,2,1,2,20061030
2006,10,31,2,0,1,0,1,1,1,2,20061031
2006,11,01,2,1,1,1,2,1,2,2,20061101
2006,11,02,2,3,1,1,2,3,3,2,20061102
2006,11,03,1,3,1,3,3,1,1,1,20061103
2006,11,04,1,2,2,1,1,2,2,2,20061104
2006,11,05,0,1,2,3,1,1,0,1,20061105
2006,11,06,0,0,1,0,0,0,0,1,20061106
2006,11,07,0,0,0,0,0,0,0,0,20061107
2006,11,08,0,0,0,0,1,0,0,0,20061108
2006,11,09,0,0,0,0,1,3,4,4,20061109
2006,11,10,4,6,4,6,5,3,3,2,20061110
2006,11,11,3,4,4,4,4,3,3,2,20061111
2006,11,12,2,3,2,2,2,2,1,1,20061112
2006,11,13,0,0,1,0,0,0,0,1,20061113
2006,11,14,0,1,1,1,1,1,1,2,20061114
2006,11,15,2,2,0,1,1,0,0,2,20061115
2006,11,16,5,2,1,0,1,1,0,1,20061116
2006,11,17,2,2,1,1,2,1,0,1,20061117
2006,11,18,0,0,0,0,1,0,0,1,20061118
2006,11,19,1,1,1,1,1,0,0,0,20061119
2006,11,20,0,0,0,0,1,1,0,1,20061120
2006,11,21,0,0,0,0,0,0,0,1,20061121
2006,11,22,0,0,0,0,1,1,3,3,20061122
2006,11,23,1,1,4,5,4,3,3,3,20061123
2006,11,24,3,5,5,3,3,2,2,2,20061124
2006,11,25,2,4,2,2,3,4,4,3,20061125
2006,11,26,3,4,4,3,2,1,3,3,20061126
2006,11,27,2,1,2,2,1,1,2,1,20061127
2006,11,28,1,1,0,2,2,1,1,2,20061128
2006,11,29,2,3,2,1,0,1,2,2,20061129
2006,11,30,2,4,5,5,5,5,2,1,20061130
2006,12,01,0,1,0,1,1,1,1,2,20061201
2006,12,02,0,0,1,0,1,0,0,1,20061202
2006,12,03,1,1,0,0,0,1,1,1,20061203
2006,12,04,0,0,0,0,0,1,0,1,20061204
2006,12,05,0,0,0,0,0,1,1,2,20061205
2006,12,06,3,4,3,5,5,3,5,3,20061206
2006,12,07,5,4,5,4,4,3,3,3,20061207
2006,12,08,3,5,3,5,3,3,3,3,20061208
2006,12,09,1,1,1,0,0,1,2,4,20061209
2006,12,10,2,3,1,3,4,4,3,3,20061210
2006,12,11,3,4,3,1,1,1,2,5,20061211
2006,12,12,3,5,3,3,4,3,5,4,20061212
2006,12,13,3,3,0,0,0,0,0,2,20061213
2006,12,14,2,1,2,2,6,7,6,8,20061214
2006,12,15,8,8,7,6,7,4,4,3,20061215
2006,12,16,3,4,1,1,0,2,4,3,20061216
2006,12,17,2,1,0,0,0,1,1,1,20061217
2006,12,18,1,2,1,2,1,2,2,4,20061218
2006,12,19,3,4,2,4,3,1,2,2,20061219
2006,12,20,4,4,3,2,4,3,5,4,20061220
2006,12,21,4,3,4,3,3,2,2,1,20061221
2006,12,22,3,3,4,4,3,2,2,3,20061222
2006,12,23,2,2,3,2,3,4,4,2,20061223
2006,12,24,3,2,3,1,2,3,2,2,20061224
2006,12,25,3,2,2,1,2,1,0,1,20061225
2006,12,26,1,0,1,1,1,1,1,0,20061226
2006,12,27,1,0,0,0,0,1,0,0,20061227
2006,12,28,0,0,0,0,0,1,0,2,20061228
2006,12,29,0,0,0,0,1,1,1,1,20061229
2006,12,30,1,0,0,0,0,0,0,0,20061230
2006,12,31,0,0,0,0,0,0,0,0,20061231
2007,01,01,0,0,1,2,3,3,1,2,20070101
2007,01,02,4,4,2,4,5,3,2,3,20070102
2007,01,03,2,4,3,4,4,4,3,3,20070103
2007,01,04,3,4,4,4,2,3,2,2,20070104
2007,01,05,3,2,2,3,3,2,2,1,20070105
2007,01,06,1,1,0,0,1,2,1,1,20070106
2007,01,07,0,0,0,0,1,1,1,1,20070107
2007,01,08,0,2,0,0,1,1,2,1,20070108
2007,01,09,1,0,1,1,2,2,2,1,20070109
2007,01,10,1,2,2,2,2,3,1,1,20070110
2007,01,11,1,2,2,1,2,2,1,1,20070111
2007,01,12,3,0,0,0,0,0,0,1,20070112
2007,01,13,0,0,0,0,0,0,0,0,20070113
2007,01,14,0,0,0,0,1,1,1,1,20070114
2007,01,15,2,2,3,2,6,4,3,1,20070115
2007,01,16,1,5,1,1,2,2,3,3,20070116
2007,01,17,4,4,4,3,3,3,5,4,20070117
2007,01,18,3,3,3,3,3,3,3,4,20070118
2007,01,19,3,4,1,2,2,2,2,2,20070119
2007,01,20,3,1,2,2,1,1,2,2,20070120
2007,01,21,2,3,3,2,1,1,1,1,20070121
2007,01,22,1,0,1,1,1,0,1,1,20070122
2007,01,23,1,1,0,0,0,0,0,1,20070123
2007,01,24,0,0,0,0,1,1,0,1,20070124
2007,01,25,0,0,0,1,0,0,0,1,20070125
2007,01,26,0,0,1,0,1,0,0,1,20070126
2007,01,27,1,2,0,0,0,0,0,2,20070127
2007,01,28,1,1,0,1,1,1,2,2,20070128
2007,01,29,3,2,3,2,6,7,5,3,20070129
2007,01,30,4,5,4,3,3,3,3,3,20070130
2007,01,31,3,3,3,3,3,3,3,3,20070131
2007,02,01,3,2,3,3,1,1,2,2,20070201
2007,02,02,1,1,1,0,0,1,1,1,20070202
2007,02,03,1,2,0,0,1,0,0,1,20070203
2007,02,04,0,0,1,1,0,0,1,1,20070204
2007,02,05,1,1,1,1,2,2,2,2,20070205
2007,02,06,1,3,3,3,1,0,1,1,20070206
2007,02,07,3,2,3,3,2,2,3,2,20070207
2007,02,08,2,3,2,2,1,2,1,1,20070208
2007,02,09,1,2,2,1,0,0,1,1,20070209
2007,02,10,1,1,0,0,0,1,1,1,20070210
2007,02,11,0,1,0,0,0,0,2,2,20070211
2007,02,12,0,1,0,2,3,3,2,3,20070212
2007,02,13,2,2,2,1,1,4,4,5,20070213
2007,02,14,4,3,3,3,3,3,4,2,20070214
2007,02,15,2,4,1,2,2,2,3,2,20070215
2007,02,16,1,2,2,1,1,1,2,3,20070216
2007,02,17,2,3,1,1,1,2,1,3,20070217
2007,02,18,1,0,1,1,2,2,1,2,20070218
2007,02,19,0,0,0,0,2,2,1,1,20070219
2007,02,20,0,0,0,0,1,1,0,1,20070220
2007,02,21,0,1,0,0,0,0,0,0,20070221
2007,02,22,0,0,0,0,1,1,0,1,20070222
2007,02,23,1,1,0,0,1,1,0,1,20070223
2007,02,24,1,0,0,0,0,0,0,1,20070224
2007,02,25,1,1,0,0,0,1,2,1,20070225
2007,02,26,2,3,1,1,0,0,0,0,20070226
2007,02,27,0,0,3,2,1,3,4,3,20070227
2007,02,28,3,5,5,4,3,3,3,3,20070228
2007,03,01,4,3,3,2,3,2,1,2,20070301
2007,03,02,1,2,2,1,1,2,2,1,20070302
2007,03,03,0,0,0,0,1,1,1,1,20070303
2007,03,04,0,0,1,1,1,0,1,2,20070304
2007,03,05,3,0,0,3,2,2,3,2,20070305
2007,03,06,4,5,2,3,3,2,1,3,20070306
2007,03,07,3,3,4,3,2,3,3,3,20070307
2007,03,08,2,2,0,0,0,1,0,1,20070308
2007,03,09,0,0,0,0,0,0,1,2,20070309
2007,03,10,2,1,1,1,0,0,1,1,20070310
2007,03,11,1,0,1,3,2,2,3,2,20070311
2007,03,12,1,1,0,2,4,2,3,3,20070312
2007,03,13,5,5,4,3,3,3,3,3,20070313
2007,03,14,3,2,1,2,3,2,2,1,20070314
2007,03,15,1,2,3,2,2,2,2,3,20070315
2007,03,16,3,4,1,1,2,1,1,3,20070316
2007,03,17,3,3,2,2,2,1,1,1,20070317
2007,03,18,1,0,0,0,1,1,1,1,20070318
2007,03,19,0,1,0,0,0,1,1,1,20070319
2007,03,20,0,0,0,0,1,0,1,1,20070320
2007,03,21,0,0,0,0,0,1,1,0,20070321
2007,03,22,1,0,0,1,0,1,0,1,20070322
2007,03,23,1,1,1,2,3,3,3,3,20070323
2007,03,24,4,5,4,5,3,1,1,2,20070324
2007,03,25,2,1,2,4,4,2,1,2,20070325
2007,03,26,1,1,2,1,2,4,3,3,20070326
2007,03,27,1,3,3,3,2,2,3,2,20070327
2007,03,28,3,3,2,1,0,1,0,1,20070328
2007,03,29,1,1,0,0,1,0,0,1,20070329
2007,03,30,2,1,0,2,2,0,0,1,20070330
2007,03,31,1,0,0,1,1,1,0,3,20070331
2007,04,01,5,4,5,4,4,3,3,4,20070401
2007,04,02,4,5,5,3,2,2,3,3,20070402
2007,04,03,2,4,2,2,1,3,3,2,20070403
2007,04,04,3,3,2,2,1,1,1,2,20070404
2007,04,05,1,1,2,1,1,1,0,2,20070405
2007,04,06,1,2,1,1,0,1,1,1,20070406
2007,04,07,3,1,0,0,0,0,0,1,20070407
2007,04,08,0,0,0,0,0,0,0,3,20070408
2007,04,09,4,3,3,1,1,0,1,1,20070409
2007,04,10,2,0,0,1,2,3,2,3,20070410
2007,04,11,2,2,1,0,0,1,0,1,20070411
2007,04,12,2,2,1,3,3,2,2,1,20070412
2007,04,13,1,0,1,0,0,0,0,1,20070413
2007,04,14,0,1,0,0,1,2,1,3,20070414
2007,04,15,2,2,1,1,1,1,0,0,20070415
2007,04,16,0,0,0,0,0,0,0,1,20070416
2007,04,17,1,1,1,2,2,2,3,3,20070417
2007,04,18,4,3,1,1,1,1,2,3,20070418
2007,04,19,3,2,2,1,1,0,0,1,20070419
2007,04,20,1,1,1,1,1,0,0,2,20070420
2007,04,21,1,1,0,0,0,1,1,1,20070421
2007,04,22,2,2,2,2,2,3,3,3,20070422
2007,04,23,4,5,4,1,1,2,1,1,20070423
2007,04,24,2,1,1,0,1,2,2,2,20070424
2007,04,25,3,1,0,0,2,2,1,1,20070425
2007,04,26,2,0,0,0,2,3,2,2,20070426
2007,04,27,3,1,1,3,2,4,4,4,20070427
2007,04,28,5,5,4,4,3,4,4,3,20070428
2007,04,29,5,5,5,4,2,2,2,3,20070429
2007,04,30,5,5,4,2,3,2,2,1,20070430
2007,05,01,3,3,3,1,1,2,2,2,20070501
2007,05,02,1,1,0,0,0,1,0,1,20070502
2007,05,03,1,0,2,1,1,1,2,1,20070503
2007,05,04,1,0,0,1,0,0,1,0,20070504
2007,05,05,1,0,1,1,0,0,0,1,20070505
2007,05,06,1,0,0,0,0,1,1,1,20070506
2007,05,07,1,1,3,2,3,5,4,4,20070507
2007,05,08,2,4,4,2,2,2,3,3,20070508
2007,05,09,1,2,2,1,1,1,1,1,20070509
2007,05,10,1,0,0,0,1,1,1,2,20070510
2007,05,11,0,0,0,0,1,1,1,1,20070511
2007,05,12,1,1,0,0,0,0,0,1,20070512
2007,05,13,1,2,1,0,1,0,1,1,20070513
2007,05,14,0,0,0,0,1,1,2,1,20070514
2007,05,15,1,1,1,1,2,2,2,2,20070515
2007,05,16,1,1,1,1,1,1,1,2,20070516
2007,05,17,1,2,1,1,1,1,2,3,20070517
2007,05,18,3,2,4,4,4,3,3,3,20070518
2007,05,19,2,3,3,2,2,3,3,3,20070519
2007,05,20,3,2,1,1,1,1,1,2,20070520
2007,05,21,3,1,0,0,1,1,2,3,20070521
2007,05,22,1,2,1,2,2,3,4,3,20070522
2007,05,23,4,3,5,6,5,2,6,5,20070523
2007,05,24,6,5,4,2,3,4,4,4,20070524
2007,05,25,2,4,4,3,3,3,4,2,20070525
2007,05,26,4,4,3,3,3,3,3,2,20070526
2007,05,27,3,3,3,3,2,2,2,2,20070527
2007,05,28,3,2,1,1,1,0,0,1,20070528
2007,05,29,1,1,1,0,1,2,1,1,20070529
2007,05,30,2,1,1,0,1,1,1,1,20070530
2007,05,31,1,0,0,0,1,1,1,3,20070531
2007,06,01,2,2,1,1,1,2,2,2,20070601
2007,06,02,2,2,2,1,1,2,1,2,20070602
2007,06,03,2,2,1,1,1,3,4,3,20070603
2007,06,04,3,3,1,1,2,3,2,2,20070604
2007,06,05,1,0,0,0,1,1,0,1,20070605
2007,06,06,0,0,0,0,1,1,0,1,20070606
2007,06,07,1,0,0,0,1,1,2,1,20070607
2007,06,08,3,3,1,1,2,2,2,2,20070608
2007,06,09,1,1,2,2,3,1,2,2,20070609
2007,06,10,3,2,3,2,1,1,2,1,20070610
2007,06,11,1,0,0,0,0,1,1,1,20070611
2007,06,12,1,1,1,0,1,1,1,2,20070612
2007,06,13,1,0,1,1,1,2,2,2,20070613
2007,06,14,3,4,3,4,2,4,4,3,20070614
2007,06,15,2,3,2,1,2,2,1,2,20070615
2007,06,16,3,2,1,1,3,2,2,1,20070616
2007,06,17,1,1,1,1,2,2,1,1,20070617
2007,06,18,1,1,1,2,1,2,2,2,20070618
2007,06,19,2,3,2,2,1,2,1,1,20070619
2007,06,20,1,1,0,1,1,2,1,1,20070620
2007,06,21,1,2,3,3,3,3,3,4,20070621
2007,06,22,4,3,4,4,2,2,3,3,20070622
2007,06,23,3,3,3,1,1,2,3,2,20070623
2007,06,24,3,2,1,1,2,1,2,2,20070624
2007,06,25,2,1,0,0,2,2,2,2,20070625
2007,06,26,1,0,0,2,3,1,2,2,20070626
2007,06,27,2,2,2,0,1,1,2,2,20070627
2007,06,28,1,1,1,1,2,1,2,3,20070628
2007,06,29,2,1,2,1,3,2,5,3,20070629
2007,06,30,3,2,1,1,1,1,1,1,20070630
2007,07,01,2,2,1,1,1,1,1,2,20070701
2007,07,02,1,0,1,1,1,0,1,1,20070702
2007,07,03,1,1,1,1,2,3,2,4,20070703
2007,07,04,4,4,3,4,3,2,3,2,20070704
2007,07,05,1,1,2,1,2,1,1,2,20070705
2007,07,06,1,1,1,1,2,2,1,2,20070706
2007,07,07,2,1,1,1,1,2,2,2,20070707
2007,07,08,1,2,1,1,1,1,1,1,20070708
2007,07,09,1,1,0,0,1,1,1,1,20070709
2007,07,10,1,0,0,1,1,2,1,3,20070710
2007,07,11,5,5,5,4,2,2,2,2,20070711
2007,07,12,2,3,3,0,1,2,2,2,20070712
2007,07,13,1,1,0,0,0,1,1,3,20070713
2007,07,14,2,1,2,4,4,4,6,3,20070714
2007,07,15,4,4,3,2,2,2,1,2,20070715
2007,07,16,1,2,2,1,2,1,1,2,20070716
2007,07,17,1,1,1,1,1,2,2,2,20070717
2007,07,18,1,1,0,0,1,0,1,1,20070718
2007,07,19,1,0,0,0,2,1,1,1,20070719
2007,07,20,0,1,3,3,4,3,2,2,20070720
2007,07,21,2,5,2,2,2,2,3,2,20070721
2007,07,22,1,2,1,0,1,1,1,1,20070722
2007,07,23,1,1,1,1,0,0,1,2,20070723
2007,07,24,0,0,0,0,1,1,0,1,20070724
2007,07,25,0,0,0,1,1,1,1,0,20070725
2007,07,26,0,0,0,1,1,4,3,3,20070726
2007,07,27,3,3,2,2,2,1,0,1,20070727
2007,07,28,2,1,1,1,0,1,0,2,20070728
2007,07,29,3,4,2,3,3,2,3,3,20070729
2007,07,30,3,4,3,1,1,2,2,2,20070730
2007,07,31,1,1,2,2,1,1,1,2,20070731
2007,08,01,3,4,4,3,2,2,3,3,20070801
2007,08,02,1,2,2,0,2,2,1,2,20070802
2007,08,03,1,2,2,0,1,1,1,2,20070803
2007,08,04,1,0,1,0,0,0,0,1,20070804
2007,08,05,1,0,0,0,0,1,1,1,20070805
2007,08,06,1,0,2,2,1,2,4,5,20070806
2007,08,07,6,4,4,3,3,3,2,3,20070807
2007,08,08,2,3,2,1,1,1,0,1,20070808
2007,08,09,1,0,2,2,1,0,1,1,20070809
2007,08,10,1,1,2,2,4,4,4,3,20070810
2007,08,11,3,3,3,2,2,3,3,2,20070811
2007,08,12,2,1,1,3,2,1,1,1,20070812
2007,08,13,1,1,0,0,1,1,0,2,20070813
2007,08,14,1,1,1,1,1,2,1,3,20070814
2007,08,15,3,3,1,1,2,2,2,2,20070815
2007,08,16,2,2,2,3,1,1,1,2,20070816
2007,08,17,2,1,0,0,1,1,2,2,20070817
2007,08,18,2,0,0,0,1,1,1,2,20070818
2007,08,19,0,0,0,1,2,2,0,1,20070819
2007,08,20,1,0,0,0,1,0,1,1,20070820
2007,08,21,2,1,0,1,2,1,0,1,20070821
2007,08,22,0,1,0,1,2,1,1,1,20070822
2007,08,23,0,0,0,1,1,0,0,1,20070823
2007,08,24,0,1,0,0,0,0,1,1,20070824
2007,08,25,2,1,1,2,3,2,3,2,20070825
2007,08,26,1,1,1,1,2,2,4,3,20070826
2007,08,27,3,2,4,2,2,2,3,3,20070827
2007,08,28,3,2,3,4,2,2,2,2,20070828
2007,08,29,2,0,1,1,1,1,1,2,20070829
2007,08,30,2,2,1,1,2,2,1,2,20070830
2007,08,31,1,1,1,2,2,2,3,3,20070831
2007,09,01,2,2,3,3,2,2,2,3,20070901
2007,09,02,4,5,3,4,4,2,4,3,20070902
2007,09,03,3,3,2,3,3,2,2,3,20070903
2007,09,04,2,2,2,1,1,2,2,1,20070904
2007,09,05,2,4,4,2,3,1,2,2,20070905
2007,09,06,3,2,1,2,2,2,3,4,20070906
2007,09,07,4,4,1,1,2,2,1,2,20070907
2007,09,08,2,2,2,2,1,2,2,1,20070908
2007,09,09,0,0,0,0,1,0,1,1,20070909
2007,09,10,1,0,1,0,0,0,0,1,20070910
2007,09,11,0,0,1,1,1,0,0,1,20070911
2007,09,12,1,1,0,1,0,0,0,1,20070912
2007,09,13,1,0,0,0,0,1,1,1,20070913
2007,09,14,1,0,0,0,0,2,3,2,20070914
2007,09,15,2,1,0,1,1,1,1,2,20070915
2007,09,16,1,1,0,0,0,0,0,1,20070916
2007,09,17,0,0,0,0,1,1,1,2,20070917
2007,09,18,2,1,0,0,1,2,1,1,20070918
2007,09,19,0,2,0,1,1,1,1,1,20070919
2007,09,20,0,1,0,2,3,3,4,3,20070920
2007,09,21,2,2,1,2,2,2,2,4,20070921
2007,09,22,3,2,3,1,2,2,4,3,20070922
2007,09,23,3,4,4,2,2,1,2,3,20070923
2007,09,24,3,4,2,1,2,1,1,2,20070924
2007,09,25,3,0,1,1,1,1,3,2,20070925
2007,09,26,2,1,0,0,1,0,1,1,20070926
2007,09,27,0,0,0,2,1,6,5,4,20070927
2007,09,28,4,4,4,3,2,2,4,5,20070928
2007,09,29,5,5,5,4,3,2,4,3,20070929
2007,09,30,3,4,3,3,2,1,2,2,20070930
2007,10,01,2,2,3,2,2,2,1,2,20071001
2007,10,02,2,2,2,1,2,3,2,3,20071002
2007,10,03,3,4,3,3,4,3,3,3,20071003
2007,10,04,4,3,2,2,2,2,1,1,20071004
2007,10,05,2,3,2,1,1,2,2,2,20071005
2007,10,06,1,0,1,2,2,2,1,2,20071006
2007,10,07,1,0,0,1,2,2,1,1,20071007
2007,10,08,0,0,0,0,1,2,1,1,20071008
2007,10,09,1,0,0,0,2,1,1,1,20071009
2007,10,10,0,1,1,0,1,1,0,1,20071010
2007,10,11,0,0,0,0,0,0,0,1,20071011
2007,10,12,0,1,1,0,1,1,1,2,20071012
2007,10,13,0,0,0,0,1,1,0,1,20071013
2007,10,14,1,1,2,2,2,1,0,1,20071014
2007,10,15,1,0,0,0,0,1,0,1,20071015
2007,10,16,0,0,0,1,1,1,0,1,20071016
2007,10,17,1,0,0,0,0,0,0,1,20071017
2007,10,18,1,2,3,3,2,1,3,3,20071018
2007,10,19,3,2,2,2,5,3,3,3,20071019
2007,10,20,4,4,3,3,2,3,2,1,20071020
2007,10,21,0,1,1,1,1,1,1,2,20071021
2007,10,22,1,1,0,0,1,2,3,3,20071022
2007,10,23,3,3,2,1,1,1,1,1,20071023
2007,10,24,1,0,0,1,1,1,1,1,20071024
2007,10,25,1,1,0,2,3,6,5,3,20071025
2007,10,26,3,3,2,2,3,3,4,2,20071026
2007,10,27,2,3,2,4,2,2,2,2,20071027
2007,10,28,2,3,2,2,2,3,1,1,20071028
2007,10,29,2,0,1,2,2,2,5,4,20071029
2007,10,30,5,3,2,1,2,2,1,1,20071030
2007,10,31,1,1,2,1,1,0,1,0,20071031
2007,11,01,2,0,2,1,0,0,0,1,20071101
2007,11,02,0,1,1,1,0,0,0,1,20071102
2007,11,03,1,1,0,0,1,1,0,0,20071103
2007,11,04,1,0,0,0,1,1,2,2,20071104
2007,11,05,1,1,1,1,0,0,0,0,20071105
2007,11,06,0,0,0,0,0,0,0,1,20071106
2007,11,07,0,0,0,0,0,0,0,1,20071107
2007,11,08,0,2,1,0,0,0,1,1,20071108
2007,11,09,1,0,0,0,1,1,0,1,20071109
2007,11,10,1,0,1,2,1,1,0,0,20071110
2007,11,11,0,0,1,0,0,0,0,1,20071111
2007,11,12,1,0,0,0,0,1,1,2,20071112
2007,11,13,3,3,1,2,2,1,2,3,20071113
2007,11,14,3,3,1,2,2,3,1,1,20071114
2007,11,15,1,1,0,0,1,2,2,2,20071115
2007,11,16,1,0,1,2,2,1,1,3,20071116
2007,11,17,3,2,2,0,1,1,1,1,20071117
2007,11,18,1,2,0,0,0,0,0,1,20071118
2007,11,19,0,0,0,0,0,1,2,3,20071119
2007,11,20,2,2,3,4,6,5,3,3,20071120
2007,11,21,3,4,4,4,2,2,1,1,20071121
2007,11,22,1,3,2,1,2,4,4,4,20071122
2007,11,23,3,3,3,2,2,2,1,1,20071123
2007,11,24,3,2,3,2,2,4,3,2,20071124
2007,11,25,3,3,3,2,2,3,2,3,20071125
2007,11,26,3,3,2,2,1,1,1,2,20071126
2007,11,27,1,2,1,1,1,0,1,2,20071127
2007,11,28,2,0,0,1,1,2,0,1,20071128
2007,11,29,0,0,1,0,1,1,1,1,20071129
2007,11,30,0,0,0,1,1,1,1,1,20071130
2007,12,01,2,0,1,1,0,0,0,0,20071201
2007,12,02,0,1,0,0,0,0,0,1,20071202
2007,12,03,0,0,0,0,1,0,0,0,20071203
2007,12,04,0,0,0,0,1,1,0,1,20071204
2007,12,05,1,0,0,0,1,1,0,1,20071205
2007,12,06,0,1,0,0,0,0,0,0,20071206
2007,12,07,0,1,0,0,0,0,0,0,20071207
2007,12,08,0,0,0,0,0,0,0,0,20071208
2007,12,09,0,0,0,0,0,1,1,1,20071209
2007,12,10,0,2,2,2,2,1,2,4,20071210
2007,12,11,3,2,3,3,2,3,3,3,20071211
2007,12,12,2,3,3,3,1,0,0,2,20071212
2007,12,13,1,2,1,1,1,0,1,0,20071213
2007,12,14,0,1,0,2,0,0,1,0,20071214
2007,12,15,0,0,0,0,0,0,0,1,20071215
2007,12,16,1,0,0,0,0,0,0,2,20071216
2007,12,17,2,2,4,4,4,4,2,4,20071217
2007,12,18,3,4,3,4,4,2,3,3,20071218
2007,12,19,2,4,2,2,2,1,2,2,20071219
2007,12,20,3,3,2,2,2,4,3,2,20071220
2007,12,21,3,3,3,2,2,3,3,1,20071221
2007,12,22,1,2,2,1,2,2,3,2,20071222
2007,12,23,2,2,2,2,2,1,0,2,20071223
2007,12,24,0,1,1,0,0,0,0,1,20071224
2007,12,25,0,0,0,0,0,0,1,0,20071225
2007,12,26,0,0,1,1,0,0,0,1,20071226
2007,12,27,1,2,2,1,1,1,1,1,20071227
2007,12,28,2,2,0,0,0,0,0,0,20071228
2007,12,29,0,0,0,1,0,0,0,1,20071229
2007,12,30,1,1,0,0,0,1,0,0,20071230
2007,12,31,0,0,0,0,1,1,2,1,20071231
2008,01,01,1,1,0,0,1,1,0,1,20080101
2008,01,02,0,0,0,0,0,0,0,0,20080102
2008,01,03,0,0,0,0,0,0,0,0,20080103
2008,01,04,0,0,0,0,0,1,0,2,20080104
2008,01,05,2,2,4,4,4,4,3,4,20080105
2008,01,06,2,4,2,2,3,3,3,3,20080106
2008,01,07,4,4,2,3,3,0,1,2,20080107
2008,01,08,2,3,2,2,1,4,4,2,20080108
2008,01,09,3,2,2,1,1,0,1,1,20080109
2008,01,10,2,0,0,1,1,1,0,1,20080110
2008,01,11,1,0,1,1,0,0,1,1,20080111
2008,01,12,0,0,1,1,2,4,3,2,20080112
2008,01,13,3,2,2,1,3,3,3,2,20080113
2008,01,14,3,3,3,4,3,3,3,3,20080114
2008,01,15,3,2,2,2,3,2,0,2,20080115
2008,01,16,3,3,3,3,2,2,2,3,20080116
2008,01,17,3,1,1,2,2,2,2,3,20080117
2008,01,18,3,3,3,1,2,3,2,2,20080118
2008,01,19,1,1,3,3,3,3,1,2,20080119
2008,01,20,1,3,2,1,2,1,2,2,20080120
2008,01,21,1,1,1,1,1,1,1,1,20080121
2008,01,22,0,1,0,0,0,1,0,1,20080122
2008,01,23,0,0,1,0,0,1,1,2,20080123
2008,01,24,1,1,2,1,2,1,2,2,20080124
2008,01,25,2,4,3,2,1,1,3,2,20080125
2008,01,26,2,2,1,2,2,1,1,1,20080126
2008,01,27,1,0,0,0,0,1,1,2,20080127
2008,01,28,1,1,0,1,0,0,0,2,20080128
2008,01,29,1,2,1,2,1,0,0,0,20080129
2008,01,30,1,2,0,0,0,0,0,1,20080130
2008,01,31,0,0,0,0,1,2,3,3,20080131
2008,02,01,3,2,3,3,2,4,5,4,20080201
2008,02,02,4,5,3,2,3,2,3,3,20080202
2008,02,03,3,2,3,3,2,3,3,2,20080203
2008,02,04,3,2,1,2,1,1,1,1,20080204
2008,02,05,2,1,0,0,1,1,1,1,20080205
2008,02,06,0,0,0,0,1,1,3,2,20080206
2008,02,07,2,2,0,0,0,2,0,2,20080207
2008,02,08,2,0,1,1,1,0,1,2,20080208
2008,02,09,1,0,0,0,2,0,1,1,20080209
2008,02,10,0,2,3,2,4,5,3,3,20080210
2008,02,11,4,3,2,4,4,3,2,2,20080211
2008,02,12,2,3,3,3,3,3,2,2,20080212
2008,02,13,2,2,3,2,4,3,2,2,20080213
2008,02,14,2,1,2,1,3,1,5,4,20080214
2008,02,15,2,3,3,3,3,2,1,1,20080215
2008,02,16,3,3,2,2,3,2,2,1,20080216
2008,02,17,1,1,2,2,2,1,1,1,20080217
2008,02,18,1,1,2,4,3,3,3,3,20080218
2008,02,19,3,3,3,2,3,2,2,2,20080219
2008,02,20,2,3,3,1,1,1,1,1,20080220
2008,02,21,0,0,1,2,3,2,1,1,20080221
2008,02,22,0,2,2,1,1,1,0,1,20080222
2008,02,23,0,0,1,0,1,1,2,1,20080223
2008,02,24,1,0,0,1,1,1,2,1,20080224
2008,02,25,1,1,1,2,0,1,0,0,20080225
2008,02,26,0,1,1,0,2,1,0,1,20080226
2008,02,27,2,2,0,1,2,3,5,3,20080227
2008,02,28,4,3,3,3,3,4,4,4,20080228
2008,02,29,4,4,4,4,3,5,4,5,20080229
2008,03,01,5,4,3,3,3,3,3,2,20080301
2008,03,02,2,2,3,2,2,2,1,2,20080302
2008,03,03,3,2,1,2,1,1,1,0,20080303
2008,03,04,1,2,2,1,1,1,0,1,20080304
2008,03,05,1,1,2,3,3,2,1,2,20080305
2008,03,06,0,0,0,0,1,2,0,1,20080306
2008,03,07,1,1,1,0,1,1,1,1,20080307
2008,03,08,0,0,1,1,4,4,3,1,20080308
2008,03,09,4,5,5,3,3,2,2,4,20080309
2008,03,10,4,4,2,3,4,2,3,4,20080310
2008,03,11,3,1,4,2,4,3,1,2,20080311
2008,03,12,2,4,4,2,1,1,4,2,20080312
2008,03,13,2,3,2,4,4,3,3,2,20080313
2008,03,14,2,3,3,2,2,4,3,3,20080314
2008,03,15,3,3,1,4,3,2,1,1,20080315
2008,03,16,2,2,1,0,1,1,1,2,20080316
2008,03,17,2,0,0,0,1,2,2,1,20080317
2008,03,18,3,4,1,1,1,1,0,1,20080318
2008,03,19,0,1,1,1,3,3,1,2,20080319
2008,03,20,2,1,1,1,4,2,2,2,20080320
2008,03,21,2,1,0,1,1,2,2,2,20080321
2008,03,22,1,0,1,1,1,1,1,3,20080322
2008,03,23,3,3,3,2,1,1,1,1,20080323
2008,03,24,1,1,1,0,1,1,1,1,20080324
2008,03,25,0,0,0,1,1,2,2,2,20080325
2008,03,26,1,1,4,4,5,4,5,4,20080326
2008,03,27,6,5,4,3,3,2,4,5,20080327
2008,03,28,5,4,4,4,4,3,3,3,20080328
2008,03,29,2,3,2,2,2,1,2,3,20080329
2008,03,30,4,2,2,2,2,1,1,2,20080330
2008,03,31,2,0,0,2,1,1,1,2,20080331
2008,04,01,1,2,2,0,1,1,1,0,20080401
2008,04,02,0,0,0,0,0,1,0,0,20080402
2008,04,03,1,1,0,0,0,1,0,0,20080403
2008,04,04,0,0,0,1,2,3,5,3,20080404
2008,04,05,1,1,0,3,3,6,5,4,20080405
2008,04,06,3,5,4,3,3,2,2,2,20080406
2008,04,07,3,4,2,1,1,3,2,3,20080407
2008,04,08,1,1,2,3,3,2,2,3,20080408
2008,04,09,3,3,4,3,2,1,1,2,20080409
2008,04,10,3,2,2,1,2,1,2,3,20080410
2008,04,11,2,1,0,2,1,1,0,2,20080411
2008,04,12,2,4,3,2,3,1,2,2,20080412
2008,04,13,1,2,1,2,2,3,2,2,20080413
2008,04,14,1,1,0,0,0,0,1,1,20080414
2008,04,15,0,0,0,0,2,1,2,3,20080415
2008,04,16,3,2,4,2,3,3,4,3,20080416
2008,04,17,3,3,1,1,1,2,2,1,20080417
2008,04,18,2,3,2,1,1,1,1,1,20080418
2008,04,19,2,2,1,1,1,1,1,2,20080419
2008,04,20,2,0,0,0,1,2,1,2,20080420
2008,04,21,1,2,1,1,0,1,1,1,20080421
2008,04,22,0,0,0,1,1,3,2,3,20080422
2008,04,23,3,4,5,4,4,5,5,4,20080423
2008,04,24,3,4,4,3,3,2,2,3,20080424
2008,04,25,3,3,2,2,1,2,2,2,20080425
2008,04,26,2,2,2,3,2,3,3,2,20080426
2008,04,27,2,3,3,2,1,3,2,2,20080427
2008,04,28,2,1,2,3,3,3,3,3,20080428
2008,04,29,3,3,1,1,1,3,2,1,20080429
2008,04,30,1,0,0,1,1,3,4,2,20080430
2008,05,01,0,1,2,0,1,3,3,4,20080501
2008,05,02,4,4,3,0,3,2,0,2,20080502
2008,05,03,3,3,2,3,3,2,3,2,20080503
2008,05,04,1,2,3,3,1,2,2,2,20080504
2008,05,05,2,2,3,0,2,3,3,2,20080505
2008,05,06,4,3,3,2,1,1,1,1,20080506
2008,05,07,2,1,0,0,1,2,2,2,20080507
2008,05,08,2,1,2,2,1,0,1,1,20080508
2008,05,09,1,1,1,1,1,1,0,1,20080509
2008,05,10,1,2,1,1,1,1,1,2,20080510
2008,05,11,2,1,0,0,1,1,2,1,20080511
2008,05,12,1,0,1,0,1,1,1,2,20080512
2008,05,13,2,2,0,0,1,2,1,1,20080513
2008,05,14,1,1,0,0,1,0,1,1,20080514
2008,05,15,0,1,1,0,1,1,1,2,20080515
2008,05,16,2,1,1,1,2,1,1,1,20080516
2008,05,17,1,0,0,0,1,1,0,1,20080517
2008,05,18,1,1,0,1,2,1,0,1,20080518
2008,05,19,3,2,1,3,2,2,1,1,20080519
2008,05,20,2,2,3,1,2,3,2,3,20080520
2008,05,21,3,4,3,3,2,2,1,3,20080521
2008,05,22,3,2,1,1,2,3,3,3,20080522
2008,05,23,2,2,0,1,3,2,3,3,20080523
2008,05,24,3,1,1,2,2,2,1,2,20080524
2008,05,25,3,3,2,1,1,1,1,1,20080525
2008,05,26,1,1,1,2,1,0,1,1,20080526
2008,05,27,1,0,1,0,0,1,1,2,20080527
2008,05,28,3,2,3,2,3,3,2,3,20080528
2008,05,29,3,3,2,1,2,2,2,2,20080529
2008,05,30,4,1,0,1,2,3,4,2,20080530
2008,05,31,1,2,2,2,3,2,2,2,20080531
2008,06,01,2,2,1,1,2,3,2,3,20080601
2008,06,02,2,2,1,1,1,2,1,2,20080602
2008,06,03,1,2,1,1,1,1,1,2,20080603
2008,06,04,2,1,1,0,1,1,0,2,20080604
2008,06,05,1,0,0,1,0,1,1,1,20080605
2008,06,06,1,2,2,2,1,2,2,3,20080606
2008,06,07,2,2,3,3,2,3,3,3,20080607
2008,06,08,3,2,2,1,2,2,1,2,20080608
2008,06,09,2,1,0,1,1,1,2,1,20080609
2008,06,10,1,0,0,0,1,2,1,1,20080610
2008,06,11,1,1,1,1,1,2,1,1,20080611
2008,06,12,1,0,0,1,1,1,1,1,20080612
2008,06,13,1,0,0,0,0,1,1,1,20080613
2008,06,14,0,1,0,0,1,3,5,5,20080614
2008,06,15,4,5,4,3,3,2,3,3,20080615
2008,06,16,3,2,2,3,2,3,4,4,20080616
2008,06,17,3,2,3,2,2,2,2,2,20080617
2008,06,18,3,3,2,2,2,1,0,2,20080618
2008,06,19,2,1,1,1,2,1,2,3,20080619
2008,06,20,3,4,3,2,1,2,2,3,20080620
2008,06,21,2,1,1,1,1,1,1,2,20080621
2008,06,22,1,1,0,0,1,1,1,2,20080622
2008,06,23,1,2,0,0,1,1,0,1,20080623
2008,06,24,1,1,0,0,0,1,2,3,20080624
2008,06,25,4,3,3,1,1,2,3,3,20080625
2008,06,26,4,4,2,4,3,2,3,2,20080626
2008,06,27,3,2,2,2,2,2,2,2,20080627
2008,06,28,2,2,1,2,1,2,3,2,20080628
2008,06,29,2,3,1,2,1,1,2,3,20080629
2008,06,30,2,2,2,0,2,1,2,2,20080630
2008,07,01,2,2,2,1,2,1,0,2,20080701
2008,07,02,2,1,0,0,1,0,1,1,20080702
2008,07,03,1,1,0,0,1,2,1,1,20080703
2008,07,04,1,1,0,1,2,2,1,2,20080704
2008,07,05,2,1,0,2,2,2,2,2,20080705
2008,07,06,2,1,2,0,1,1,1,1,20080706
2008,07,07,1,1,0,0,1,0,0,2,20080707
2008,07,08,1,0,0,0,0,1,1,2,20080708
2008,07,09,1,1,0,1,1,0,1,2,20080709
2008,07,10,1,0,0,1,1,2,1,2,20080710
2008,07,11,1,1,1,1,2,1,2,3,20080711
2008,07,12,3,5,5,4,3,3,2,2,20080712
2008,07,13,2,2,3,3,3,3,3,3,20080713
2008,07,14,2,2,3,3,2,3,2,3,20080714
2008,07,15,3,2,2,2,1,2,2,2,20080715
2008,07,16,2,3,2,1,2,2,2,2,20080716
2008,07,17,2,2,1,1,1,1,2,1,20080717
2008,07,18,2,2,2,1,2,1,1,1,20080718
2008,07,19,1,0,0,0,1,2,1,2,20080719
2008,07,20,1,0,0,0,0,1,1,1,20080720
2008,07,21,1,1,2,2,2,1,2,2,20080721
2008,07,22,1,1,2,2,3,2,3,4,20080722
2008,07,23,3,4,3,2,3,3,3,3,20080723
2008,07,24,4,3,3,2,2,1,2,2,20080724
2008,07,25,1,2,0,2,0,0,0,1,20080725
2008,07,26,2,1,1,1,1,1,2,2,20080726
2008,07,27,0,0,0,2,1,2,2,4,20080727
2008,07,28,3,3,3,1,1,1,0,1,20080728
2008,07,29,0,1,0,1,0,1,1,1,20080729
2008,07,30,1,3,1,1,1,0,1,2,20080730
2008,07,31,1,1,0,2,1,1,1,1,20080731
2008,08,01,1,0,0,0,1,2,1,2,20080801
2008,08,02,1,0,0,0,1,1,1,2,20080802
2008,08,03,1,0,0,0,1,1,1,2,20080803
2008,08,04,1,0,0,1,1,2,1,1,20080804
2008,08,05,1,1,1,2,1,0,0,1,20080805
2008,08,06,1,1,1,1,1,1,1,2,20080806
2008,08,07,1,1,0,0,1,1,1,2,20080807
2008,08,08,1,1,0,0,0,2,1,3,20080808
2008,08,09,3,3,2,2,2,4,5,4,20080809
2008,08,10,4,4,3,1,2,2,2,2,20080810
2008,08,11,3,2,1,1,2,1,1,2,20080811
2008,08,12,3,2,2,1,1,1,1,1,20080812
2008,08,13,2,2,1,1,1,0,1,2,20080813
2008,08,14,2,3,1,0,1,1,1,1,20080814
2008,08,15,2,2,0,0,1,1,1,1,20080815
2008,08,16,1,0,1,1,1,1,1,3,20080816
2008,08,17,3,2,1,2,2,2,2,2,20080817
2008,08,18,3,4,3,4,5,4,3,3,20080818
2008,08,19,3,3,2,2,2,1,2,2,20080819
2008,08,20,3,3,2,1,1,1,0,1,20080820
2008,08,21,0,0,1,3,1,1,1,2,20080821
2008,08,22,1,1,1,1,1,1,1,2,20080822
2008,08,23,1,1,0,0,1,0,0,1,20080823
2008,08,24,0,1,1,0,1,0,1,1,20080824
2008,08,25,0,0,0,0,1,0,0,1,20080825
2008,08,26,1,0,0,0,2,1,1,2,20080826
2008,08,27,1,2,0,0,1,1,0,1,20080827
2008,08,28,1,1,0,0,0,1,1,1,20080828
2008,08,29,1,1,0,0,1,1,1,1,20080829
2008,08,30,1,0,0,1,1,1,1,2,20080830
2008,08,31,1,0,0,0,1,2,1,2,20080831
2008,09,01,1,1,0,0,1,2,2,2,20080901
2008,09,02,1,0,0,1,1,0,1,1,20080902
2008,09,03,1,2,2,2,1,2,2,3,20080903
2008,09,04,6,6,4,4,4,3,2,1,20080904
2008,09,05,2,3,0,0,2,1,1,2,20080905
2008,09,06,3,1,0,1,3,2,2,2,20080906
2008,09,07,3,2,0,0,2,1,3,1,20080907
2008,09,08,1,3,2,2,2,2,2,2,20080908
2008,09,09,1,2,2,1,0,1,1,3,20080909
2008,09,10,1,1,0,1,1,1,1,1,20080910
2008,09,11,0,1,0,0,0,0,1,2,20080911
2008,09,12,1,0,0,0,1,0,0,1,20080912
2008,09,13,0,0,0,0,0,0,0,0,20080913
2008,09,14,0,0,1,0,1,1,3,4,20080914
2008,09,15,2,3,3,4,4,3,3,2,20080915
2008,09,16,1,4,3,2,1,1,1,2,20080916
2008,09,17,2,3,0,0,0,0,0,1,20080917
2008,09,18,1,2,3,3,3,1,0,1,20080918
2008,09,19,0,1,2,2,2,1,1,2,20080919
2008,09,20,2,2,0,0,0,1,0,0,20080920
2008,09,21,1,0,0,0,1,1,0,2,20080921
2008,09,22,3,3,0,0,0,1,0,1,20080922
2008,09,23,0,0,1,1,1,1,1,1,20080923
2008,09,24,1,1,0,1,2,1,1,2,20080924
2008,09,25,0,0,0,0,1,1,3,3,20080925
2008,09,26,2,1,0,0,1,1,1,1,20080926
2008,09,27,0,0,0,0,1,1,2,1,20080927
2008,09,28,0,1,1,1,2,1,0,1,20080928
2008,09,29,0,0,2,1,1,0,0,1,20080929
2008,09,30,0,0,0,0,1,2,1,3,20080930
2008,10,01,1,1,2,1,2,2,2,2,20081001
2008,10,02,2,2,2,4,4,2,3,2,20081002
2008,10,03,3,3,3,3,3,2,2,3,20081003
2008,10,04,3,5,2,2,2,2,1,2,20081004
2008,10,05,1,2,2,1,1,1,0,1,20081005
2008,10,06,0,2,0,1,2,1,0,1,20081006
2008,10,07,0,0,0,0,2,2,1,1,20081007
2008,10,08,1,0,0,0,1,0,0,1,20081008
2008,10,09,0,0,0,0,1,1,1,1,20081009
2008,10,10,0,0,0,1,1,1,0,1,20081010
2008,10,11,1,2,3,4,6,7,5,2,20081011
2008,10,12,4,3,3,3,3,2,2,3,20081012
2008,10,13,3,3,2,2,1,3,1,2,20081013
2008,10,14,1,0,1,2,2,1,1,1,20081014
2008,10,15,2,3,3,2,1,2,1,2,20081015
2008,10,16,2,1,1,2,1,0,0,1,20081016
2008,10,17,0,1,0,0,2,1,0,0,20081017
2008,10,18,0,0,0,0,0,0,0,1,20081018
2008,10,19,1,1,0,1,2,2,3,2,20081019
2008,10,20,2,0,0,0,1,1,0,1,20081020
2008,10,21,1,2,0,1,1,1,0,1,20081021
2008,10,22,0,0,0,0,1,2,3,3,20081022
2008,10,23,1,1,2,0,0,1,0,0,20081023
2008,10,24,0,0,0,0,1,1,0,1,20081024
2008,10,25,0,0,0,0,1,0,0,1,20081025
2008,10,26,0,2,1,1,1,1,0,1,20081026
2008,10,27,1,0,0,0,0,0,0,0,20081027
2008,10,28,0,0,1,1,1,2,2,2,20081028
2008,10,29,2,2,4,1,2,2,3,3,20081029
2008,10,30,3,2,2,3,2,4,3,2,20081030
2008,10,31,1,3,2,1,1,1,1,2,20081031
2008,11,01,1,0,0,0,0,0,0,1,20081101
2008,11,02,0,0,0,1,1,0,0,1,20081102
2008,11,03,0,0,0,0,0,0,0,0,20081103
2008,11,04,1,0,0,0,0,0,0,0,20081104
2008,11,05,0,0,0,0,0,0,0,0,20081105
2008,11,06,0,0,0,0,0,1,0,1,20081106
2008,11,07,0,1,2,2,2,1,2,4,20081107
2008,11,08,4,3,3,4,3,1,1,1,20081108
2008,11,09,4,3,3,2,1,1,2,2,20081109
2008,11,10,1,2,1,1,1,1,0,0,20081110
2008,11,11,0,1,0,1,0,0,0,0,20081111
2008,11,12,0,0,1,1,1,0,0,1,20081112
2008,11,13,1,0,0,0,0,0,0,0,20081113
2008,11,14,0,0,0,0,0,0,0,1,20081114
2008,11,15,2,2,0,1,2,2,2,2,20081115
2008,11,16,4,4,1,0,1,0,0,1,20081116
2008,11,17,2,1,0,0,0,0,0,0,20081117
2008,11,18,0,0,0,0,0,0,0,0,20081118
2008,11,19,0,0,0,0,0,1,1,0,20081119
2008,11,20,0,1,0,0,0,1,1,1,20081120
2008,11,21,0,0,0,0,0,0,0,0,20081121
2008,11,22,0,0,0,0,0,1,0,0,20081122
2008,11,23,1,2,0,0,0,1,1,0,20081123
2008,11,24,0,0,0,0,0,0,0,0,20081124
2008,11,25,3,3,3,2,3,2,2,2,20081125
2008,11,26,2,3,2,1,1,1,1,2,20081126
2008,11,27,3,2,1,1,2,0,2,2,20081127
2008,11,28,1,2,0,0,0,0,1,2,20081128
2008,11,29,0,0,1,1,1,0,0,1,20081129
2008,11,30,1,0,0,0,0,0,0,0,20081130
2008,12,01,0,0,0,0,0,0,0,0,20081201
2008,12,02,0,0,0,0,0,0,0,0,20081202
2008,12,03,0,1,1,0,1,2,1,2,20081203
2008,12,04,1,3,1,2,2,1,0,1,20081204
2008,12,05,1,1,2,4,2,3,2,1,20081205
2008,12,06,2,3,3,3,0,2,1,0,20081206
2008,12,07,0,2,1,3,2,2,1,1,20081207
2008,12,08,0,1,1,1,2,3,2,0,20081208
2008,12,09,0,0,0,0,0,0,0,0,20081209
2008,12,10,0,0,0,0,1,1,0,2,20081210
2008,12,11,1,1,1,1,1,1,0,1,20081211
2008,12,12,1,0,0,1,1,1,0,1,20081212
2008,12,13,1,1,0,0,0,0,0,0,20081213
2008,12,14,1,0,0,0,0,0,0,0,20081214
2008,12,15,1,0,0,0,0,0,0,1,20081215
2008,12,16,0,1,1,0,1,0,1,2,20081216
2008,12,17,2,2,1,0,1,2,1,1,20081217
2008,12,18,0,0,0,0,0,0,1,1,20081218
2008,12,19,0,0,1,1,1,1,0,1,20081219
2008,12,20,1,0,0,0,1,0,0,1,20081220
2008,12,21,1,0,1,0,0,0,0,0,20081221
2008,12,22,0,1,0,0,0,3,2,1,20081222
2008,12,23,2,3,1,2,2,2,3,2,20081223
2008,12,24,2,3,1,2,1,1,1,1,20081224
2008,12,25,0,0,0,1,2,1,1,1,20081225
2008,12,26,1,0,0,0,0,0,0,0,20081226
2008,12,27,1,0,0,0,0,0,0,1,20081227
2008,12,28,1,0,0,0,1,1,0,0,20081228
2008,12,29,0,0,0,0,0,0,0,0,20081229
2008,12,30,0,0,0,0,0,0,0,2,20081230
2008,12,31,3,3,3,3,2,1,2,2,20081231
2009,01,01,1,2,3,3,2,1,0,1,20090101
2009,01,02,0,1,0,0,1,1,2,2,20090102
2009,01,03,3,3,2,4,2,2,0,1,20090103
2009,01,04,2,1,0,1,1,2,1,0,20090104
2009,01,05,1,1,1,1,1,1,1,2,20090105
2009,01,06,2,1,0,1,1,1,0,0,20090106
2009,01,07,0,0,1,0,0,1,1,1,20090107
2009,01,08,0,0,0,0,2,1,1,1,20090108
2009,01,09,1,1,1,0,2,1,1,1,20090109
2009,01,10,2,1,1,1,0,0,1,1,20090110
2009,01,11,1,0,0,0,0,1,1,1,20090111
2009,01,12,0,0,0,0,0,0,0,0,20090112
2009,01,13,1,1,1,0,1,1,0,1,20090113
2009,01,14,2,2,1,2,2,1,0,2,20090114
2009,01,15,1,1,2,1,0,1,2,2,20090115
2009,01,16,2,1,0,0,0,0,1,0,20090116
2009,01,17,0,1,1,0,0,1,1,1,20090117
2009,01,18,0,0,0,0,0,0,1,1,20090118
2009,01,19,4,2,2,0,1,1,2,2,20090119
2009,01,20,2,0,0,0,0,0,1,1,20090120
2009,01,21,0,0,0,1,0,1,1,1,20090121
2009,01,22,0,0,0,0,0,0,0,1,20090122
2009,01,23,0,0,0,0,0,0,0,1,20090123
2009,01,24,1,0,0,0,0,0,0,1,20090124
2009,01,25,0,0,0,0,0,0,0,2,20090125
2009,01,26,3,2,2,2,3,3,2,0,20090126
2009,01,27,0,1,0,0,1,1,2,2,20090127
2009,01,28,0,0,0,1,1,1,0,1,20090128
2009,01,29,0,2,2,1,1,1,0,1,20090129
2009,01,30,0,1,0,1,1,1,1,2,20090130
2009,01,31,1,1,2,2,2,2,1,2,20090131
2009,02,01,1,2,0,1,1,1,0,1,20090201
2009,02,02,0,0,0,0,1,1,1,1,20090202
2009,02,03,0,0,0,0,0,0,1,3,20090203
2009,02,04,4,1,2,4,3,3,4,2,20090204
2009,02,05,4,1,1,1,1,1,0,2,20090205
2009,02,06,1,0,0,0,0,0,1,1,20090206
2009,02,07,1,2,0,0,1,1,1,1,20090207
2009,02,08,0,0,0,0,1,2,2,1,20090208
2009,02,09,1,0,0,0,1,2,2,2,20090209
2009,02,10,1,0,0,0,0,2,1,1,20090210
2009,02,11,2,0,1,1,1,2,2,2,20090211
2009,02,12,1,0,0,1,2,2,1,1,20090212
2009,02,13,0,0,0,0,1,2,1,1,20090213
2009,02,14,1,2,3,3,4,3,2,3,20090214
2009,02,15,2,4,1,2,3,2,2,2,20090215
2009,02,16,1,0,0,1,1,1,0,1,20090216
2009,02,17,1,0,0,0,1,0,0,1,20090217
2009,02,18,2,0,0,0,0,0,1,1,20090218
2009,02,19,0,0,0,0,0,1,0,1,20090219
2009,02,20,1,1,0,0,1,0,1,2,20090220
2009,02,21,0,0,0,1,1,0,1,1,20090221
2009,02,22,0,0,2,2,1,0,0,1,20090222
2009,02,23,1,0,0,0,2,3,2,2,20090223
2009,02,24,2,3,2,1,1,1,0,1,20090224
2009,02,25,1,1,0,1,1,1,0,0,20090225
2009,02,26,1,1,0,0,0,0,1,2,20090226
2009,02,27,1,1,2,3,3,2,2,2,20090227
2009,02,28,3,2,2,0,0,0,1,2,20090228
2009,03,01,1,1,0,0,0,0,1,1,20090301
2009,03,02,0,0,0,0,0,0,1,1,20090302
2009,03,03,1,0,1,1,1,2,2,2,20090303
2009,03,04,2,3,2,1,1,1,2,3,20090304
2009,03,05,2,2,0,0,0,0,0,1,20090305
2009,03,06,1,0,0,0,0,1,0,1,20090306
2009,03,07,0,0,0,0,0,1,0,1,20090307
2009,03,08,2,1,3,3,3,2,1,1,20090308
2009,03,09,0,0,0,0,0,0,0,1,20090309
2009,03,10,1,0,0,0,1,2,1,1,20090310
2009,03,11,0,0,0,0,0,1,1,2,20090311
2009,03,12,3,2,0,0,0,0,1,2,20090312
2009,03,13,5,4,4,2,2,2,2,2,20090313
2009,03,14,3,2,2,2,1,2,2,3,20090314
2009,03,15,3,3,2,2,1,2,0,2,20090315
2009,03,16,2,1,1,1,1,2,2,0,20090316
2009,03,17,1,0,1,0,1,1,1,1,20090317
2009,03,18,0,0,0,0,0,0,0,1,20090318
2009,03,19,1,0,1,0,1,0,0,1,20090319
2009,03,20,2,0,0,0,0,2,1,2,20090320
2009,03,21,0,1,1,3,3,1,2,3,20090321
2009,03,22,2,3,0,0,0,0,0,2,20090322
2009,03,23,1,0,1,0,0,1,1,1,20090323
2009,03,24,0,3,2,3,3,2,1,2,20090324
2009,03,25,4,4,2,3,1,1,1,1,20090325
2009,03,26,2,3,3,0,2,1,1,1,20090326
2009,03,27,0,0,0,0,1,2,3,2,20090327
2009,03,28,1,0,0,0,1,2,2,2,20090328
2009,03,29,1,1,1,1,1,2,1,2,20090329
2009,03,30,1,1,0,0,2,1,1,1,20090330
2009,03,31,0,0,1,0,2,2,2,1,20090331
2009,04,01,1,0,0,1,1,2,2,2,20090401
2009,04,02,1,0,0,0,1,1,1,2,20090402
2009,04,03,0,0,0,0,1,1,1,1,20090403
2009,04,04,0,0,0,0,0,1,0,1,20090404
2009,04,05,1,1,1,1,1,1,1,1,20090405
2009,04,06,1,0,0,1,1,1,0,1,20090406
2009,04,07,0,0,1,1,1,0,0,1,20090407
2009,04,08,0,0,1,1,2,2,2,2,20090408
2009,04,09,3,4,3,2,1,3,2,2,20090409
2009,04,10,2,2,2,2,1,1,3,2,20090410
2009,04,11,3,2,2,2,2,2,1,3,20090411
2009,04,12,2,2,2,1,1,2,2,3,20090412
2009,04,13,2,2,2,0,0,0,0,1,20090413
2009,04,14,1,0,0,1,1,0,0,1,20090414
2009,04,15,2,1,0,0,1,1,1,1,20090415
2009,04,16,1,2,2,1,1,2,1,3,20090416
2009,04,17,2,0,0,1,2,1,1,2,20090417
2009,04,18,2,3,3,1,2,2,1,2,20090418
2009,04,19,2,2,1,0,1,0,1,2,20090419
2009,04,20,2,2,1,0,1,2,0,1,20090420
2009,04,21,1,1,2,1,1,1,1,1,20090421
2009,04,22,2,1,0,1,1,1,0,2,20090422
2009,04,23,0,0,0,1,1,1,2,1,20090423
2009,04,24,2,1,2,1,2,1,2,1,20090424
2009,04,25,1,1,0,1,1,2,1,2,20090425
2009,04,26,1,1,1,1,1,2,1,2,20090426
2009,04,27,2,2,0,1,1,1,1,1,20090427
2009,04,28,0,0,0,0,1,1,1,1,20090428
2009,04,29,0,0,0,0,1,1,1,1,20090429
2009,04,30,1,0,0,0,2,1,0,1,20090430
2009,05,01,1,0,1,1,1,2,1,2,20090501
2009,05,02,1,1,2,0,2,1,1,2,20090502
2009,05,03,2,0,0,1,1,2,2,2,20090503
2009,05,04,1,1,1,2,1,1,1,1,20090504
2009,05,05,0,0,0,0,1,2,1,2,20090505
2009,05,06,2,1,1,1,2,2,2,3,20090506
2009,05,07,2,4,1,2,2,2,1,3,20090507
2009,05,08,4,4,4,1,2,2,2,2,20090508
2009,05,09,1,2,1,2,2,2,1,2,20090509
2009,05,10,1,2,0,0,1,0,2,2,20090510
2009,05,11,2,1,1,1,1,1,1,1,20090511
2009,05,12,0,0,0,0,0,1,1,1,20090512
2009,05,13,1,0,0,0,1,1,1,1,20090513
2009,05,14,1,2,1,2,2,2,4,2,20090514
2009,05,15,1,0,0,0,1,1,0,2,20090515
2009,05,16,1,1,0,2,1,2,2,2,20090516
2009,05,17,1,1,0,0,0,1,1,2,20090517
2009,05,18,2,1,0,0,1,1,0,2,20090518
2009,05,19,2,2,1,1,1,1,1,2,20090519
2009,05,20,1,1,0,0,1,1,2,2,20090520
2009,05,21,2,1,1,1,1,1,2,2,20090521
2009,05,22,1,0,1,2,2,2,1,2,20090522
2009,05,23,0,0,1,1,0,2,2,2,20090523
2009,05,24,2,2,1,0,0,1,1,2,20090524
2009,05,25,1,0,0,1,1,1,0,2,20090525
2009,05,26,1,0,1,0,1,1,1,2,20090526
2009,05,27,1,0,0,0,0,2,1,2,20090527
2009,05,28,1,3,2,3,2,2,1,2,20090528
2009,05,29,1,2,1,1,2,2,2,2,20090529
2009,05,30,2,2,0,0,0,0,0,1,20090530
2009,05,31,1,0,1,0,1,1,1,1,20090531
2009,06,01,1,1,1,0,1,1,1,1,20090601
2009,06,02,1,0,0,1,1,0,0,1,20090602
2009,06,03,1,0,0,1,0,2,2,2,20090603
2009,06,04,1,3,2,1,2,2,1,2,20090604
2009,06,05,1,2,2,2,2,2,1,1,20090605
2009,06,06,1,2,1,0,1,1,2,1,20090606
2009,06,07,1,0,1,1,2,3,2,2,20090607
2009,06,08,2,1,1,1,1,1,1,1,20090608
2009,06,09,1,0,0,1,1,1,2,2,20090609
2009,06,10,1,1,2,0,2,1,2,1,20090610
2009,06,11,1,1,0,0,1,1,1,1,20090611
2009,06,12,0,0,0,0,1,1,1,1,20090612
2009,06,13,1,0,1,0,1,1,2,2,20090613
2009,06,14,3,0,0,1,1,1,2,2,20090614
2009,06,15,2,2,1,0,1,2,1,1,20090615
2009,06,16,1,0,0,1,2,1,1,1,20090616
2009,06,17,1,0,0,0,1,2,0,2,20090617
2009,06,18,1,0,0,1,1,1,1,2,20090618
2009,06,19,2,0,0,0,1,2,2,2,20090619
2009,06,20,1,2,2,1,2,2,2,2,20090620
2009,06,21,2,3,2,1,2,1,0,1,20090621
2009,06,22,1,1,0,0,1,1,1,1,20090622
2009,06,23,1,0,0,1,0,0,2,3,20090623
2009,06,24,3,3,4,2,2,2,5,3,20090624
2009,06,25,2,1,1,1,2,2,2,3,20090625
2009,06,26,2,1,0,0,1,0,1,1,20090626
2009,06,27,1,0,0,1,1,2,2,2,20090627
2009,06,28,2,2,1,0,1,3,4,3,20090628
2009,06,29,4,3,1,2,2,2,1,1,20090629
2009,06,30,1,2,1,1,0,2,2,1,20090630
2009,07,01,2,2,1,0,0,1,1,1,20090701
2009,07,02,1,1,1,0,0,0,1,2,20090702
2009,07,03,1,1,0,1,1,2,2,2,20090703
2009,07,04,2,0,0,0,1,1,1,1,20090704
2009,07,05,2,2,0,0,1,2,2,2,20090705
2009,07,06,1,2,1,0,2,1,2,1,20090706
2009,07,07,1,1,0,1,1,2,2,2,20090707
2009,07,08,1,1,2,2,1,2,2,1,20090708
2009,07,09,1,0,2,1,0,1,3,3,20090709
2009,07,10,3,3,1,1,1,1,1,2,20090710
2009,07,11,1,1,0,0,1,1,1,2,20090711
2009,07,12,1,1,1,1,1,2,1,2,20090712
2009,07,13,1,1,0,1,3,3,2,4,20090713
2009,07,14,4,3,2,1,2,1,1,2,20090714
2009,07,15,1,3,2,1,2,0,1,1,20090715
2009,07,16,1,0,1,0,2,1,1,1,20090716
2009,07,17,0,0,0,0,1,1,1,1,20090717
2009,07,18,0,1,1,0,1,1,1,1,20090718
2009,07,19,0,0,0,0,1,0,1,1,20090719
2009,07,20,1,1,1,2,2,1,1,1,20090720
2009,07,21,2,1,1,1,1,1,2,1,20090721
2009,07,22,3,6,5,4,2,2,2,2,20090722
2009,07,23,1,2,3,2,1,2,2,2,20090723
2009,07,24,2,1,2,2,1,2,2,2,20090724
2009,07,25,3,3,0,1,1,1,2,2,20090725
2009,07,26,1,0,0,0,1,1,1,1,20090726
2009,07,27,1,1,1,0,1,1,1,1,20090727
2009,07,28,1,2,1,1,1,1,1,1,20090728
2009,07,29,1,1,0,0,0,1,0,1,20090729
2009,07,30,0,0,0,1,1,2,1,1,20090730
2009,07,31,0,1,3,1,2,1,1,2,20090731
2009,08,01,1,1,1,1,2,2,0,2,20090801
2009,08,02,1,0,0,0,1,1,2,2,20090802
2009,08,03,3,3,3,2,2,2,2,1,20090803
2009,08,04,1,1,1,0,1,0,1,1,20090804
2009,08,05,2,2,2,2,2,2,2,2,20090805
2009,08,06,3,4,4,2,2,3,2,2,20090806
2009,08,07,2,2,1,2,1,2,3,3,20090807
2009,08,08,2,1,0,0,1,1,1,1,20090808
2009,08,09,2,3,3,2,1,1,2,2,20090809
2009,08,10,2,0,0,0,1,1,2,2,20090810
2009,08,11,1,1,0,0,0,1,2,2,20090811
2009,08,12,2,1,1,1,2,2,1,1,20090812
2009,08,13,2,2,1,1,2,2,1,1,20090813
2009,08,14,1,2,1,1,1,1,1,1,20090814
2009,08,15,1,0,1,0,1,2,1,1,20090815
2009,08,16,1,0,0,0,1,1,1,2,20090816
2009,08,17,1,0,0,0,1,1,1,2,20090817
2009,08,18,1,1,0,0,1,1,1,1,20090818
2009,08,19,1,0,1,3,3,2,3,4,20090819
2009,08,20,3,4,3,2,2,1,2,2,20090820
2009,08,21,2,1,3,2,3,2,1,2,20090821
2009,08,22,2,3,0,1,1,1,1,1,20090822
2009,08,23,1,3,2,0,0,1,0,1,20090823
2009,08,24,1,0,0,0,1,1,0,1,20090824
2009,08,25,1,1,0,0,1,1,0,2,20090825
2009,08,26,3,1,2,1,0,0,0,1,20090826
2009,08,27,1,1,0,0,2,2,2,2,20090827
2009,08,28,1,1,0,0,1,0,0,1,20090828
2009,08,29,0,1,1,0,1,0,0,1,20090829
2009,08,30,2,1,3,2,2,6,4,3,20090830
2009,08,31,2,1,1,1,2,2,1,1,20090831
2009,09,01,1,0,0,1,1,2,1,1,20090901
2009,09,02,2,1,0,0,1,0,1,1,20090902
2009,09,03,1,0,1,1,1,2,1,2,20090903
2009,09,04,2,2,1,2,1,1,1,1,20090904
2009,09,05,1,2,0,0,0,0,0,1,20090905
2009,09,06,0,2,0,1,0,0,1,1,20090906
2009,09,07,0,0,0,1,2,1,1,1,20090907
2009,09,08,1,0,0,0,0,0,0,1,20090908
2009,09,09,1,0,0,0,0,0,0,1,20090909
2009,09,10,0,0,0,0,1,1,1,1,20090910
2009,09,11,0,1,1,1,1,1,1,2,20090911
2009,09,12,0,1,1,1,1,1,2,2,20090912
2009,09,13,1,1,2,1,1,3,2,2,20090913
2009,09,14,3,2,1,0,1,2,2,1,20090914
2009,09,15,1,2,2,1,1,2,1,2,20090915
2009,09,16,2,2,2,1,1,1,2,1,20090916
2009,09,17,3,3,2,1,1,2,2,2,20090917
2009,09,18,2,1,0,0,1,1,1,1,20090918
2009,09,19,1,0,1,0,1,1,0,1,20090919
2009,09,20,0,1,0,0,1,0,2,3,20090920
2009,09,21,3,1,2,3,2,1,1,1,20090921
2009,09,22,1,0,1,1,2,1,0,1,20090922
2009,09,23,0,0,0,0,1,1,0,1,20090923
2009,09,24,0,0,0,0,0,1,0,1,20090924
2009,09,25,0,1,0,0,0,1,0,1,20090925
2009,09,26,0,0,0,0,1,1,1,2,20090926
2009,09,27,2,3,2,3,1,0,0,1,20090927
2009,09,28,2,2,4,1,1,1,2,2,20090928
2009,09,29,0,0,0,0,1,1,1,1,20090929
2009,09,30,1,1,1,1,1,0,2,1,20090930
2009,10,01,1,1,0,1,0,0,1,0,20091001
2009,10,02,1,1,0,0,1,1,0,1,20091002
2009,10,03,0,0,0,0,1,0,0,1,20091003
2009,10,04,1,2,1,1,1,0,1,1,20091004
2009,10,05,0,1,0,0,0,1,0,1,20091005
2009,10,06,0,1,0,0,0,0,0,0,20091006
2009,10,07,0,0,0,0,1,0,0,0,20091007
2009,10,08,1,1,0,0,0,0,1,1,20091008
2009,10,09,0,1,1,1,1,1,1,1,20091009
2009,10,10,0,0,0,1,1,0,1,1,20091010
2009,10,11,1,1,3,1,1,2,2,1,20091011
2009,10,12,0,0,1,0,0,0,1,1,20091012
2009,10,13,0,0,1,1,1,1,0,1,20091013
2009,10,14,0,0,0,0,1,1,2,1,20091014
2009,10,15,0,0,2,0,2,1,2,1,20091015
2009,10,16,2,2,1,0,0,1,1,0,20091016
2009,10,17,0,0,0,0,1,0,1,1,20091017
2009,10,18,0,0,0,0,1,1,0,1,20091018
2009,10,19,0,0,0,0,1,1,0,0,20091019
2009,10,20,1,0,0,0,0,0,0,0,20091020
2009,10,21,0,0,0,0,1,1,0,1,20091021
2009,10,22,3,3,2,4,2,1,4,4,20091022
2009,10,23,3,2,1,4,1,1,0,1,20091023
2009,10,24,0,0,1,1,1,2,4,2,20091024
2009,10,25,3,1,1,1,2,1,1,0,20091025
2009,10,26,0,0,1,1,0,1,1,1,20091026
2009,10,27,1,0,1,0,1,1,1,1,20091027
2009,10,28,1,0,1,2,0,0,0,1,20091028
2009,10,29,0,2,1,2,2,3,2,2,20091029
2009,10,30,3,4,4,3,1,1,0,2,20091030
2009,10,31,0,0,0,0,1,0,0,1,20091031
2009,11,01,0,1,0,0,0,1,0,0,20091101
2009,11,02,0,0,1,1,0,0,0,0,20091102
2009,11,03,0,0,0,0,0,0,0,0,20091103
2009,11,04,0,0,0,0,0,0,0,0,20091104
2009,11,05,0,0,1,0,0,0,0,0,20091105
2009,11,06,0,0,0,0,0,0,0,0,20091106
2009,11,07,0,0,0,0,0,1,0,1,20091107
2009,11,08,0,1,1,1,2,2,3,2,20091108
2009,11,09,1,2,2,1,0,1,0,0,20091109
2009,11,10,0,0,0,0,0,1,0,1,20091110
2009,11,11,0,0,0,0,0,0,0,0,20091111
2009,11,12,0,0,0,0,0,0,0,0,20091112
2009,11,13,0,0,0,0,0,0,0,1,20091113
2009,11,14,1,1,2,2,2,0,1,2,20091114
2009,11,15,1,1,2,0,2,2,1,0,20091115
2009,11,16,0,0,0,0,1,1,0,0,20091116
2009,11,17,0,0,0,0,0,1,0,0,20091117
2009,11,18,0,0,1,1,0,0,0,1,20091118
2009,11,19,0,1,0,0,0,0,0,2,20091119
2009,11,20,1,0,0,0,0,0,0,1,20091120
2009,11,21,3,1,2,2,1,0,3,2,20091121
2009,11,22,2,0,1,0,1,1,0,0,20091122
2009,11,23,0,0,0,0,0,0,0,0,20091123
2009,11,24,0,0,0,1,2,2,2,3,20091124
2009,11,25,3,2,2,1,1,0,0,1,20091125
2009,11,26,1,0,1,2,2,2,2,2,20091126
2009,11,27,0,1,1,1,0,0,0,0,20091127
2009,11,28,0,0,1,1,1,1,1,1,20091128
2009,11,29,0,0,0,0,0,1,0,1,20091129
2009,11,30,0,0,0,1,1,0,0,0,20091130
2009,12,01,0,0,0,0,0,0,0,0,20091201
2009,12,02,0,0,1,0,0,0,0,0,20091202
2009,12,03,0,0,0,0,0,0,0,0,20091203
2009,12,04,0,0,0,0,0,0,0,0,20091204
2009,12,05,0,0,1,0,1,0,2,1,20091205
2009,12,06,2,1,0,0,0,0,0,0,20091206
2009,12,07,1,0,0,0,1,0,1,1,20091207
2009,12,08,0,0,0,0,0,0,0,0,20091208
2009,12,09,0,0,0,0,0,0,0,0,20091209
2009,12,10,0,0,0,0,1,0,0,1,20091210
2009,12,11,0,0,0,0,0,0,0,0,20091211
2009,12,12,0,0,0,0,0,0,0,1,20091212
2009,12,13,0,0,1,1,1,0,0,0,20091213
2009,12,14,0,3,2,2,0,1,0,0,20091214
2009,12,15,0,0,0,0,0,0,0,1,20091215
2009,12,16,2,1,0,1,1,1,0,0,20091216
2009,12,17,0,0,0,1,0,1,0,0,20091217
2009,12,18,0,0,1,1,0,0,0,0,20091218
2009,12,19,0,0,0,0,0,0,0,0,20091219
2009,12,20,0,0,0,0,1,1,0,0,20091220
2009,12,21,0,0,0,0,0,0,2,1,20091221
2009,12,22,0,0,0,0,0,0,1,1,20091222
2009,12,23,0,1,1,0,0,0,0,1,20091223
2009,12,24,1,1,0,0,0,0,0,1,20091224
2009,12,25,0,0,0,0,0,1,2,2,20091225
2009,12,26,1,2,1,0,0,1,0,0,20091226
2009,12,27,0,0,1,1,1,1,0,0,20091227
2009,12,28,0,0,0,1,0,0,0,0,20091228
2009,12,29,0,0,0,0,0,0,0,0,20091229
2009,12,30,0,0,0,0,0,0,0,0,20091230
2009,12,31,0,0,0,0,0,0,0,0,20091231
2010,01,01,1,0,0,0,0,0,3,1,20100101
2010,01,02,0,0,0,0,0,0,0,1,20100102
2010,01,03,0,1,1,2,2,0,0,0,20100103
2010,01,04,0,0,2,1,0,0,0,0,20100104
2010,01,05,0,0,0,0,0,1,0,0,20100105
2010,01,06,0,1,0,0,0,0,0,0,20100106
2010,01,07,0,0,0,0,0,0,0,1,20100107
2010,01,08,0,0,1,0,0,1,0,0,20100108
2010,01,09,0,0,0,0,1,1,0,1,20100109
2010,01,10,0,0,0,1,1,1,0,1,20100110
2010,01,11,0,2,2,2,2,2,1,1,20100111
2010,01,12,1,2,0,0,0,0,1,2,20100112
2010,01,13,3,2,1,1,1,2,0,2,20100113
2010,01,14,2,1,0,1,1,1,1,1,20100114
2010,01,15,1,0,1,0,0,1,2,2,20100115
2010,01,16,0,0,0,0,0,0,0,0,20100116
2010,01,17,0,1,0,0,0,0,0,1,20100117
2010,01,18,0,1,1,0,1,1,1,1,20100118
2010,01,19,1,0,0,0,0,0,0,1,20100119
2010,01,20,1,0,1,0,2,5,4,4,20100120
2010,01,21,1,3,2,1,1,0,0,0,20100121
2010,01,22,1,1,0,0,0,0,0,1,20100122
2010,01,23,2,1,2,2,1,0,0,1,20100123
2010,01,24,1,1,2,2,1,0,0,1,20100124
2010,01,25,0,0,1,0,2,0,0,2,20100125
2010,01,26,2,1,1,0,0,0,1,1,20100126
2010,01,27,1,0,0,1,1,1,0,1,20100127
2010,01,28,1,0,0,0,1,1,2,1,20100128
2010,01,29,0,0,0,1,0,0,0,1,20100129
2010,01,30,1,1,1,0,1,1,1,2,20100130
2010,01,31,2,1,0,1,1,0,1,1,20100131
2010,02,01,1,1,1,1,2,2,1,3,20100201
2010,02,02,3,2,1,2,2,2,1,4,20100202
2010,02,03,3,1,3,3,3,2,2,1,20100203
2010,02,04,2,1,0,0,0,1,1,1,20100204
2010,02,05,0,0,0,0,1,2,1,1,20100205
2010,02,06,0,0,0,0,2,3,1,1,20100206
2010,02,07,1,0,0,0,0,1,1,2,20100207
2010,02,08,2,2,1,0,0,0,0,1,20100208
2010,02,09,1,0,1,0,1,2,0,1,20100209
2010,02,10,1,1,1,1,1,1,1,1,20100210
2010,02,11,2,2,2,1,2,2,1,1,20100211
2010,02,12,1,3,2,0,1,2,1,1,20100212
2010,02,13,1,1,0,0,0,2,1,2,20100213
2010,02,14,0,0,1,1,1,0,0,3,20100214
2010,02,15,3,3,1,2,1,2,4,4,20100215
2010,02,16,4,2,3,3,0,1,0,3,20100216
2010,02,17,2,2,0,0,0,0,0,2,20100217
2010,02,18,0,0,0,0,2,2,2,1,20100218
2010,02,19,1,0,0,0,1,1,1,2,20100219
2010,02,20,0,0,0,0,0,0,0,1,20100220
2010,02,21,0,0,0,0,1,0,0,1,20100221
2010,02,22,1,1,0,1,1,1,1,2,20100222
2010,02,23,2,1,0,0,0,0,1,0,20100223
2010,02,24,1,3,0,0,0,1,0,1,20100224
2010,02,25,1,0,0,0,0,0,1,2,20100225
2010,02,26,1,0,0,0,0,0,0,1,20100226
2010,02,27,0,0,0,0,0,1,1,1,20100227
2010,02,28,0,0,1,0,1,1,0,1,20100228
2010,03,01,1,1,1,1,2,2,1,2,20100301
2010,03,02,0,0,0,2,2,2,1,2,20100302
2010,03,03,1,2,0,2,2,2,2,2,20100303
2010,03,04,2,3,2,0,2,1,1,1,20100304
2010,03,05,0,0,1,1,1,1,0,1,20100305
2010,03,06,2,0,0,0,1,1,1,1,20100306
2010,03,07,2,3,2,0,0,0,0,1,20100307
2010,03,08,1,1,1,0,0,1,1,1,20100308
2010,03,09,0,0,0,0,1,1,0,1,20100309
2010,03,10,1,1,2,1,2,3,2,2,20100310
2010,03,11,3,3,3,2,1,1,1,1,20100311
2010,03,12,2,4,2,2,2,2,1,2,20100312
2010,03,13,1,0,0,0,0,2,2,1,20100313
2010,03,14,2,1,1,1,2,2,1,2,20100314
2010,03,15,1,0,0,0,0,2,2,1,20100315
2010,03,16,1,0,1,0,1,1,1,2,20100316
2010,03,17,1,4,2,1,0,0,1,3,20100317
2010,03,18,2,3,0,0,0,1,2,2,20100318
2010,03,19,0,0,1,1,0,2,2,2,20100319
2010,03,20,1,3,3,1,2,1,2,1,20100320
2010,03,21,0,0,1,1,0,1,1,1,20100321
2010,03,22,0,0,0,0,0,1,1,1,20100322
2010,03,23,0,0,0,0,1,1,1,1,20100323
2010,03,24,0,0,0,0,2,2,0,2,20100324
2010,03,25,1,1,0,1,2,2,2,1,20100325
2010,03,26,0,1,1,0,2,0,0,2,20100326
2010,03,27,2,2,0,0,1,1,1,1,20100327
2010,03,28,0,3,2,2,2,2,1,1,20100328
2010,03,29,2,0,1,1,1,2,0,2,20100329
2010,03,30,2,1,0,1,1,1,2,2,20100330
2010,03,31,1,2,0,1,1,1,0,2,20100331
2010,04,01,3,3,2,2,4,3,1,3,20100401
2010,04,02,3,2,3,3,2,2,2,3,20100402
2010,04,03,2,1,1,0,2,3,2,3,20100403
2010,04,04,3,3,4,1,2,2,3,4,20100404
2010,04,05,3,4,4,7,6,5,4,4,20100405
2010,04,06,6,6,4,5,4,5,5,4,20100406
2010,04,07,4,2,4,4,4,3,3,3,20100407
2010,04,08,4,2,2,2,2,1,2,3,20100408
2010,04,09,3,2,1,1,1,1,1,1,20100409
2010,04,10,1,1,0,0,0,1,1,1,20100410
2010,04,11,1,0,1,0,3,3,3,3,20100411
2010,04,12,6,4,3,1,1,3,2,1,20100412
2010,04,13,1,0,1,1,0,1,0,2,20100413
2010,04,14,1,1,0,0,1,1,2,5,20100414
2010,04,15,4,3,1,1,1,1,0,1,20100415
2010,04,16,2,1,0,0,0,1,1,1,20100416
2010,04,17,1,0,0,0,0,0,1,1,20100417
2010,04,18,1,1,0,1,0,1,0,1,20100418
2010,04,19,1,2,2,2,1,1,1,1,20100419
2010,04,20,1,1,1,1,2,1,1,2,20100420
2010,04,21,1,2,2,1,2,2,1,1,20100421
2010,04,22,1,1,1,0,1,2,3,3,20100422
2010,04,23,5,4,2,1,1,1,2,2,20100423
2010,04,24,3,4,0,1,1,1,2,1,20100424
2010,04,25,1,2,0,0,1,1,0,1,20100425
2010,04,26,0,1,1,0,1,0,0,1,20100426
2010,04,27,2,1,0,1,1,2,1,2,20100427
2010,04,28,1,0,1,0,2,1,1,2,20100428
2010,04,29,3,3,0,0,1,1,1,1,20100429
2010,04,30,2,1,1,0,1,1,0,1,20100430
2010,05,01,0,2,0,1,1,2,1,2,20100501
2010,05,02,1,1,2,4,6,6,6,5,20100502
2010,05,03,5,5,4,4,3,3,3,4,20100503
2010,05,04,4,1,3,2,2,3,2,2,20100504
2010,05,05,3,2,2,1,1,2,3,2,20100505
2010,05,06,1,3,3,2,2,2,2,3,20100506
2010,05,07,3,3,2,1,3,1,2,2,20100507
2010,05,08,2,2,2,1,2,2,2,2,20100508
2010,05,09,1,0,0,1,1,1,1,1,20100509
2010,05,10,1,1,0,1,1,2,2,2,20100510
2010,05,11,2,2,2,2,1,3,3,1,20100511
2010,05,12,2,1,1,2,2,1,1,1,20100512
2010,05,13,1,0,1,1,1,1,1,1,20100513
2010,05,14,1,0,0,0,0,2,1,1,20100514
2010,05,15,2,1,0,1,1,1,1,1,20100515
2010,05,16,1,1,0,0,1,1,2,2,20100516
2010,05,17,2,2,1,1,2,1,2,1,20100517
2010,05,18,2,2,2,2,2,1,1,1,20100518
2010,05,19,1,1,1,2,3,3,2,2,20100519
2010,05,20,4,1,2,1,2,2,1,3,20100520
2010,05,21,3,1,2,0,1,1,1,1,20100521
2010,05,22,0,2,1,1,1,1,0,1,20100522
2010,05,23,1,0,0,0,0,1,1,1,20100523
2010,05,24,1,0,0,0,0,1,1,1,20100524
2010,05,25,1,1,1,1,1,1,2,3,20100525
2010,05,26,2,2,1,1,1,1,2,2,20100526
2010,05,27,2,0,0,0,1,1,1,2,20100527
2010,05,28,1,3,2,2,3,2,3,3,20100528
2010,05,29,4,3,5,5,5,4,3,3,20100529
2010,05,30,3,3,4,2,2,4,5,4,20100530
2010,05,31,3,3,4,3,3,3,2,3,20100531
2010,06,01,4,3,2,1,2,2,4,2,20100601
2010,06,02,2,3,0,0,2,2,1,3,20100602
2010,06,03,1,2,2,4,3,1,3,3,20100603
2010,06,04,5,4,2,4,2,2,1,2,20100604
2010,06,05,2,2,2,0,0,1,1,3,20100605
2010,06,06,2,2,1,1,1,2,2,3,20100606
2010,06,07,3,1,0,1,2,2,2,1,20100607
2010,06,08,1,0,1,0,0,1,1,1,20100608
2010,06,09,1,1,1,1,1,2,1,2,20100609
2010,06,10,2,2,1,2,1,1,1,2,20100610
2010,06,11,2,2,1,1,1,1,1,1,20100611
2010,06,12,1,0,0,0,1,1,2,2,20100612
2010,06,13,1,2,2,2,2,2,2,2,20100613
2010,06,14,2,2,1,2,1,1,0,2,20100614
2010,06,15,1,2,2,3,2,3,3,3,20100615
2010,06,16,3,4,3,3,3,3,4,4,20100616
2010,06,17,2,3,3,2,1,2,3,2,20100617
2010,06,18,2,2,1,1,1,1,1,1,20100618
2010,06,19,2,1,0,1,0,1,1,2,20100619
2010,06,20,1,0,0,1,1,1,1,2,20100620
2010,06,21,2,0,3,0,1,1,2,2,20100621
2010,06,22,2,1,1,1,1,2,3,2,20100622
2010,06,23,1,1,1,1,1,1,2,1,20100623
2010,06,24,1,0,0,0,2,2,3,3,20100624
2010,06,25,3,1,1,1,2,2,2,3,20100625
2010,06,26,3,4,3,3,2,3,4,3,20100626
2010,06,27,3,4,3,2,2,2,3,3,20100627
2010,06,28,3,2,2,2,1,2,2,2,20100628
2010,06,29,2,3,2,2,1,1,3,4,20100629
2010,06,30,5,4,4,2,3,3,2,3,20100630
2010,07,01,3,4,2,2,2,3,3,3,20100701
2010,07,02,3,2,3,2,1,2,2,3,20100702
2010,07,03,2,3,0,2,2,2,2,2,20100703
2010,07,04,2,1,1,1,1,1,2,2,20100704
2010,07,05,2,1,1,1,1,1,1,2,20100705
2010,07,06,2,1,1,0,0,1,0,1,20100706
2010,07,07,1,1,0,0,1,1,1,2,20100707
2010,07,08,1,0,0,0,0,1,2,2,20100708
2010,07,09,2,2,2,1,1,1,1,1,20100709
2010,07,10,0,0,0,0,0,1,0,1,20100710
2010,07,11,1,0,0,1,2,2,1,3,20100711
2010,07,12,2,0,0,0,1,2,2,3,20100712
2010,07,13,2,0,0,0,0,2,1,2,20100713
2010,07,14,1,1,1,2,2,1,2,5,20100714
2010,07,15,4,3,1,2,2,2,1,2,20100715
2010,07,16,1,1,1,1,1,1,0,2,20100716
2010,07,17,1,0,0,0,1,1,0,1,20100717
2010,07,18,1,0,0,0,0,1,1,2,20100718
2010,07,19,1,0,0,1,1,2,1,2,20100719
2010,07,20,2,1,2,1,2,1,2,2,20100720
2010,07,21,2,2,0,1,1,2,2,1,20100721
2010,07,22,1,1,1,1,2,1,2,2,20100722
2010,07,23,2,2,2,1,2,2,2,3,20100723
2010,07,24,2,1,1,0,1,1,2,2,20100724
2010,07,25,3,1,1,1,2,1,1,2,20100725
2010,07,26,2,2,1,1,1,2,1,3,20100726
2010,07,27,3,3,4,4,3,3,4,3,20100727
2010,07,28,4,3,3,3,3,2,3,3,20100728
2010,07,29,2,3,2,2,2,1,1,2,20100729
2010,07,30,2,1,1,2,1,2,2,3,20100730
2010,07,31,2,1,1,1,2,2,2,2,20100731
2010,08,01,0,1,1,1,1,1,1,2,20100801
2010,08,02,1,2,1,1,1,2,1,2,20100802
2010,08,03,2,3,2,1,1,2,5,6,20100803
2010,08,04,6,5,3,5,4,4,6,4,20100804
2010,08,05,4,3,0,1,1,2,2,2,20100805
2010,08,06,2,3,2,1,2,1,3,2,20100806
2010,08,07,1,2,1,1,1,1,1,1,20100807
2010,08,08,1,0,0,1,1,1,2,2,20100808
2010,08,09,3,4,2,1,2,2,2,3,20100809
2010,08,10,2,2,2,1,1,1,2,3,20100810
2010,08,11,3,3,3,2,2,1,1,1,20100811
2010,08,12,2,2,1,1,1,0,0,1,20100812
2010,08,13,1,2,0,1,1,1,1,1,20100813
2010,08,14,1,0,0,1,1,1,1,2,20100814
2010,08,15,2,2,0,1,1,1,1,2,20100815
2010,08,16,2,3,1,2,2,2,2,2,20100816
2010,08,17,1,1,1,1,2,1,2,2,20100817
2010,08,18,2,2,1,1,2,1,2,1,20100818
2010,08,19,1,2,1,2,0,1,2,1,20100819
2010,08,20,1,0,0,0,2,2,2,2,20100820
2010,08,21,1,1,0,0,2,1,1,1,20100821
2010,08,22,1,0,0,0,1,2,2,2,20100822
2010,08,23,1,0,0,0,1,2,2,4,20100823
2010,08,24,4,4,3,3,4,3,2,4,20100824
2010,08,25,5,5,2,3,3,2,2,3,20100825
2010,08,26,3,4,3,2,2,2,2,2,20100826
2010,08,27,2,3,3,4,3,3,2,4,20100827
2010,08,28,3,2,3,1,2,1,1,2,20100828
2010,08,29,2,0,1,0,0,0,0,1,20100829
2010,08,30,1,0,0,0,0,0,0,1,20100830
2010,08,31,1,0,0,0,1,0,1,1,20100831
2010,09,01,1,0,0,0,0,2,2,2,20100901
2010,09,02,2,2,2,3,1,2,2,2,20100902
2010,09,03,1,0,0,0,1,2,3,2,20100903
2010,09,04,1,0,0,0,1,1,2,1,20100904
2010,09,05,0,0,0,0,0,1,1,3,20100905
2010,09,06,2,3,1,1,1,1,2,2,20100906
2010,09,07,2,2,1,3,2,3,2,2,20100907
2010,09,08,2,3,0,2,3,3,2,2,20100908
2010,09,09,1,0,0,1,2,2,0,2,20100909
2010,09,10,1,1,0,0,0,0,0,0,20100910
2010,09,11,0,0,0,0,1,0,1,1,20100911
2010,09,12,0,0,0,0,0,0,0,1,20100912
2010,09,13,0,0,0,0,1,2,0,1,20100913
2010,09,14,1,2,3,2,1,2,3,3,20100914
2010,09,15,4,1,2,2,1,1,1,1,20100915
2010,09,16,1,0,1,0,1,3,3,2,20100916
2010,09,17,2,3,3,2,2,2,2,1,20100917
2010,09,18,3,1,1,1,1,1,0,1,20100918
2010,09,19,1,1,0,1,1,1,1,1,20100919
2010,09,20,0,2,0,1,0,1,2,1,20100920
2010,09,21,2,2,2,1,1,1,2,1,20100921
2010,09,22,1,0,0,0,0,0,1,2,20100922
2010,09,23,2,1,1,1,1,1,1,1,20100923
2010,09,24,1,3,3,3,3,3,2,3,20100924
2010,09,25,3,3,2,1,1,1,1,1,20100925
2010,09,26,1,1,2,1,2,2,2,2,20100926
2010,09,27,1,0,0,0,2,2,3,2,20100927
2010,09,28,1,1,3,2,2,2,2,1,20100928
2010,09,29,1,3,1,0,2,1,1,1,20100929
2010,09,30,0,0,0,0,1,0,0,1,20100930
2010,10,01,1,0,0,0,2,1,1,1,20101001
2010,10,02,0,0,0,0,2,1,1,1,20101002
2010,10,03,1,0,0,1,1,1,0,1,20101003
2010,10,04,0,0,0,0,2,1,1,2,20101004
2010,10,05,1,2,3,2,1,2,1,1,20101005
2010,10,06,1,0,2,2,3,2,3,1,20101006
2010,10,07,1,2,1,1,1,1,0,1,20101007
2010,10,08,3,1,1,1,0,1,0,1,20101008
2010,10,09,1,1,1,1,1,1,0,1,20101009
2010,10,10,0,0,0,0,1,0,0,1,20101010
2010,10,11,1,2,3,4,5,4,3,2,20101011
2010,10,12,3,3,3,1,2,3,2,2,20101012
2010,10,13,2,1,2,1,1,1,1,1,20101013
2010,10,14,1,0,0,0,0,0,0,1,20101014
2010,10,15,0,1,0,1,1,1,3,1,20101015
2010,10,16,1,2,1,0,1,1,3,2,20101016
2010,10,17,2,3,4,3,1,0,2,3,20101017
2010,10,18,2,0,0,1,1,1,2,3,20101018
2010,10,19,2,2,2,1,1,0,0,2,20101019
2010,10,20,2,0,0,1,2,0,1,1,20101020
2010,10,21,1,0,0,0,2,1,1,1,20101021
2010,10,22,0,1,2,1,1,2,2,3,20101022
2010,10,23,3,2,4,4,5,4,2,4,20101023
2010,10,24,3,4,2,3,3,2,4,1,20101024
2010,10,25,2,1,1,1,2,1,3,1,20101025
2010,10,26,3,2,2,2,1,2,2,2,20101026
2010,10,27,1,1,1,0,1,0,2,2,20101027
2010,10,28,0,0,0,0,1,1,1,1,20101028
2010,10,29,1,1,0,0,1,2,0,0,20101029
2010,10,30,0,0,0,1,1,2,0,0,20101030
2010,10,31,0,2,0,1,2,0,0,1,20101031
2010,11,01,0,1,1,0,1,0,0,1,20101101
2010,11,02,0,0,1,1,1,1,0,0,20101102
2010,11,03,1,1,1,1,1,1,1,1,20101103
2010,11,04,1,1,0,1,2,0,0,1,20101104
2010,11,05,0,0,1,1,1,1,0,0,20101105
2010,11,06,0,0,0,0,0,1,0,1,20101106
2010,11,07,1,0,0,0,0,0,1,0,20101107
2010,11,08,0,0,1,0,2,2,1,1,20101108
2010,11,09,1,2,1,1,0,0,0,0,20101109
2010,11,10,0,0,0,0,0,1,2,3,20101110
2010,11,11,3,1,2,3,4,3,2,4,20101111
2010,11,12,4,3,3,4,3,2,2,2,20101112
2010,11,13,2,0,1,1,2,2,3,3,20101113
2010,11,14,1,2,0,0,1,3,3,3,20101114
2010,11,15,2,3,1,2,1,1,1,3,20101115
2010,11,16,3,1,0,1,2,3,1,1,20101116
2010,11,17,1,3,1,0,1,1,0,1,20101117
2010,11,18,1,2,1,1,1,1,2,1,20101118
2010,11,19,1,1,0,0,1,1,0,0,20101119
2010,11,20,0,0,1,0,0,0,0,0,20101120
2010,11,21,1,0,0,2,1,0,0,1,20101121
2010,11,22,1,1,1,2,2,1,0,1,20101122
2010,11,23,2,1,3,1,1,3,3,2,20101123
2010,11,24,1,1,1,1,1,1,2,2,20101124
2010,11,25,1,2,1,1,1,1,1,0,20101125
2010,11,26,0,0,0,0,1,1,1,1,20101126
2010,11,27,0,0,0,0,1,1,6,4,20101127
2010,11,28,2,2,1,0,1,2,3,1,20101128
2010,11,29,0,0,1,1,1,1,1,0,20101129
2010,11,30,0,1,0,1,1,1,1,0,20101130
2010,12,01,1,0,0,0,0,0,1,1,20101201
2010,12,02,2,1,0,0,1,0,0,0,20101202
2010,12,03,0,1,0,0,0,0,0,0,20101203
2010,12,04,0,0,1,0,0,0,0,0,20101204
2010,12,05,0,0,0,0,0,0,0,1,20101205
2010,12,06,0,0,0,1,1,1,1,1,20101206
2010,12,07,1,0,1,0,2,1,1,1,20101207
2010,12,08,1,1,0,0,1,0,3,1,20101208
2010,12,09,1,1,1,0,0,0,0,1,20101209
2010,12,10,0,0,0,0,0,0,0,0,20101210
2010,12,11,0,0,0,0,0,0,0,1,20101211
2010,12,12,0,0,0,0,1,3,1,2,20101212
2010,12,13,2,2,2,0,0,0,2,2,20101213
2010,12,14,1,2,2,3,3,3,2,3,20101214
2010,12,15,3,4,1,1,1,1,1,1,20101215
2010,12,16,2,1,2,1,0,1,1,1,20101216
2010,12,17,2,1,0,0,1,1,1,1,20101217
2010,12,18,1,1,0,0,1,0,0,1,20101218
2010,12,19,1,0,0,0,0,0,0,2,20101219
2010,12,20,1,3,2,2,2,2,2,3,20101220
2010,12,21,0,1,0,0,1,0,0,0,20101221
2010,12,22,0,0,0,0,0,0,0,0,20101222
2010,12,23,0,0,0,0,0,0,0,0,20101223
2010,12,24,1,2,1,0,1,1,0,0,20101224
2010,12,25,1,2,2,1,1,2,1,1,20101225
2010,12,26,1,0,1,0,0,0,0,1,20101226
2010,12,27,1,0,0,0,0,0,0,1,20101227
2010,12,28,0,0,0,1,5,4,3,1,20101228
2010,12,29,1,0,1,0,1,1,1,0,20101229
2010,12,30,0,0,1,1,1,3,2,1,20101230
2010,12,31,1,1,1,2,1,2,0,0,20101231
2011,01,01,0,0,0,1,1,1,1,2,20110101
2011,01,02,1,1,0,0,1,1,0,1,20110102
2011,01,03,0,0,0,0,1,2,2,2,20110103
2011,01,04,1,2,1,1,1,1,1,0,20110104
2011,01,05,0,0,0,1,1,0,0,0,20110105
2011,01,06,1,1,0,0,0,1,1,5,20110106
2011,01,07,4,2,2,2,2,1,2,3,20110107
2011,01,08,2,2,1,2,2,2,1,2,20110108
2011,01,09,1,2,0,0,1,2,2,2,20110109
2011,01,10,3,1,1,1,1,0,1,1,20110110
2011,01,11,1,2,0,0,2,2,2,3,20110111
2011,01,12,2,2,1,2,1,1,1,1,20110112
2011,01,13,2,1,0,0,1,2,2,3,20110113
2011,01,14,1,2,2,1,2,3,1,2,20110114
2011,01,15,1,2,1,1,2,1,1,1,20110115
2011,01,16,1,0,0,0,2,1,1,1,20110116
2011,01,17,2,2,1,1,1,1,1,1,20110117
2011,01,18,2,0,1,0,0,1,0,2,20110118
2011,01,19,1,2,2,2,2,1,1,1,20110119
2011,01,20,0,1,1,2,2,0,0,0,20110120
2011,01,21,0,0,0,0,2,2,1,1,20110121
2011,01,22,1,1,1,0,1,0,0,0,20110122
2011,01,23,1,0,1,0,1,0,0,0,20110123
2011,01,24,0,0,1,1,0,1,1,2,20110124
2011,01,25,2,1,1,0,1,1,1,2,20110125
2011,01,26,1,1,1,0,0,1,1,1,20110126
2011,01,27,1,0,1,1,1,1,2,0,20110127
2011,01,28,2,1,0,1,0,2,2,1,20110128
2011,01,29,3,1,0,1,1,1,0,1,20110129
2011,01,30,0,0,0,0,0,0,0,1,20110130
2011,01,31,0,0,0,0,0,3,3,2,20110131
2011,02,01,2,1,2,1,1,4,3,1,20110201
2011,02,02,3,1,1,1,2,1,1,0,20110202
2011,02,03,0,0,1,0,0,0,0,1,20110203
2011,02,04,1,3,2,1,1,2,6,5,20110204
2011,02,05,4,3,3,2,1,2,3,2,20110205
2011,02,06,2,3,3,3,3,2,2,2,20110206
2011,02,07,1,0,0,1,1,1,1,1,20110207
2011,02,08,2,3,0,1,0,0,1,1,20110208
2011,02,09,0,0,0,1,0,1,0,1,20110209
2011,02,10,0,0,2,1,1,0,0,1,20110210
2011,02,11,1,1,0,0,0,1,2,2,20110211
2011,02,12,1,2,2,1,1,1,0,1,20110212
2011,02,13,0,0,1,0,0,0,1,1,20110213
2011,02,14,0,0,0,0,0,3,4,4,20110214
2011,02,15,1,1,1,1,2,1,1,2,20110215
2011,02,16,0,2,0,0,0,0,0,1,20110216
2011,02,17,0,0,0,0,0,1,1,1,20110217
2011,02,18,3,4,5,3,3,3,2,1,20110218
2011,02,19,2,2,2,1,1,1,1,1,20110219
2011,02,20,1,1,2,3,1,2,2,2,20110220
2011,02,21,2,2,1,2,2,2,2,2,20110221
2011,02,22,1,0,0,1,0,0,0,0,20110222
2011,02,23,0,0,0,0,1,2,2,2,20110223
2011,02,24,0,1,0,0,0,1,1,1,20110224
2011,02,25,0,0,0,0,1,1,1,1,20110225
2011,02,26,0,1,1,1,1,1,1,1,20110226
2011,02,27,1,0,0,0,1,1,0,1,20110227
2011,02,28,0,0,1,0,1,0,1,1,20110228
2011,03,01,2,2,2,4,5,6,5,4,20110301
2011,03,02,4,4,3,2,3,3,3,3,20110302
2011,03,03,2,2,4,2,3,2,3,3,20110303
2011,03,04,2,3,3,2,2,2,2,3,20110304
2011,03,05,1,2,0,1,1,1,2,1,20110305
2011,03,06,1,1,0,0,3,1,2,2,20110306
2011,03,07,2,1,0,2,3,2,4,3,20110307
2011,03,08,2,1,1,1,2,1,1,2,20110308
2011,03,09,2,1,1,1,1,1,2,2,20110309
2011,03,10,2,2,4,4,3,2,4,5,20110310
2011,03,11,4,5,4,2,2,5,6,6,20110311
2011,03,12,5,2,2,2,2,1,3,3,20110312
2011,03,13,1,0,0,2,1,3,3,1,20110313
2011,03,14,1,1,1,0,0,0,1,1,20110314
2011,03,15,0,0,0,0,0,0,0,0,20110315
2011,03,16,0,0,0,0,0,0,0,1,20110316
2011,03,17,0,1,0,0,0,0,3,1,20110317
2011,03,18,0,0,1,0,0,1,1,1,20110318
2011,03,19,1,0,1,1,2,2,0,1,20110319
2011,03,20,0,1,1,1,2,2,0,2,20110320
2011,03,21,1,0,1,0,0,1,1,3,20110321
2011,03,22,3,3,1,1,2,1,0,1,20110322
2011,03,23,3,2,3,2,2,3,2,2,20110323
2011,03,24,1,0,1,1,2,1,1,1,20110324
2011,03,25,0,0,0,1,2,1,1,1,20110325
2011,03,26,1,1,0,0,0,0,0,1,20110326
2011,03,27,0,0,0,0,1,1,1,1,20110327
2011,03,28,1,0,0,0,1,1,1,1,20110328
2011,03,29,0,0,0,1,1,2,1,3,20110329
2011,03,30,4,1,0,0,1,1,0,0,20110330
2011,03,31,0,0,0,1,1,1,1,1,20110331
2011,04,01,1,1,1,2,3,4,4,3,20110401
2011,04,02,4,3,3,4,3,3,3,4,20110402
2011,04,03,4,3,3,3,3,3,4,3,20110403
2011,04,04,3,2,2,1,2,2,1,1,20110404
2011,04,05,2,1,1,2,1,2,2,3,20110405
2011,04,06,3,3,1,4,6,5,3,3,20110406
2011,04,07,3,2,1,1,1,2,1,1,20110407
2011,04,08,2,0,1,1,3,2,3,3,20110408
2011,04,09,3,3,3,1,2,3,1,1,20110409
2011,04,10,2,0,0,0,1,3,2,2,20110410
2011,04,11,2,0,1,2,3,4,3,2,20110411
2011,04,12,2,2,5,4,5,4,2,3,20110412
2011,04,13,4,3,4,3,2,3,2,1,20110413
2011,04,14,1,2,2,1,1,3,2,3,20110414
2011,04,15,2,2,0,1,2,2,2,1,20110415
2011,04,16,0,1,0,1,1,1,1,1,20110416
2011,04,17,0,1,1,1,2,2,2,2,20110417
2011,04,18,1,0,3,3,4,2,1,1,20110418
2011,04,19,1,2,1,1,2,2,1,3,20110419
2011,04,20,3,5,4,3,3,3,2,1,20110420
2011,04,21,1,2,1,1,1,2,1,2,20110421
2011,04,22,3,2,0,2,2,2,2,1,20110422
2011,04,23,2,1,0,3,1,2,1,1,20110423
2011,04,24,1,1,0,1,1,2,1,3,20110424
2011,04,25,2,3,1,0,1,2,2,1,20110425
2011,04,26,0,0,1,0,1,1,1,1,20110426
2011,04,27,0,0,0,0,1,1,1,1,20110427
2011,04,28,0,0,0,1,1,2,2,1,20110428
2011,04,29,1,3,1,1,2,3,4,4,20110429
2011,04,30,4,3,3,5,4,3,4,4,20110430
2011,05,01,3,3,3,3,4,4,3,3,20110501
2011,05,02,3,5,4,3,3,3,3,3,20110502
2011,05,03,4,4,2,2,2,3,2,2,20110503
2011,05,04,2,1,2,1,1,2,1,1,20110504
2011,05,05,3,3,2,1,1,1,2,2,20110505
2011,05,06,0,1,1,1,1,1,1,2,20110506
2011,05,07,1,1,1,0,2,2,1,2,20110507
2011,05,08,1,0,0,0,1,0,1,1,20110508
2011,05,09,1,1,0,0,1,1,1,1,20110509
2011,05,10,1,1,2,2,3,3,3,2,20110510
2011,05,11,1,3,1,0,1,1,1,1,20110511
2011,05,12,1,0,1,0,1,1,0,2,20110512
2011,05,13,1,1,1,1,2,1,1,1,20110513
2011,05,14,1,1,0,0,0,1,1,2,20110514
2011,05,15,2,1,1,2,3,4,3,3,20110515
2011,05,16,2,2,3,3,4,3,2,3,20110516
2011,05,17,2,2,3,3,2,3,3,3,20110517
2011,05,18,2,2,1,1,1,2,1,2,20110518
2011,05,19,1,0,1,1,1,1,0,1,20110519
2011,05,20,1,1,0,0,0,1,1,1,20110520
2011,05,21,0,1,1,0,1,1,1,3,20110521
2011,05,22,2,2,0,0,1,1,1,1,20110522
2011,05,23,1,0,0,1,2,1,1,2,20110523
2011,05,24,2,1,1,1,2,2,1,2,20110524
2011,05,25,1,1,1,0,1,1,1,2,20110525
2011,05,26,2,2,1,0,2,2,2,2,20110526
2011,05,27,1,2,2,2,3,3,3,3,20110527
2011,05,28,4,3,6,6,6,2,2,4,20110528
2011,05,29,4,6,5,4,3,5,4,3,20110529
2011,05,30,3,2,1,3,2,2,2,3,20110530
2011,05,31,3,3,3,3,2,2,3,3,20110531
2011,06,01,3,1,3,1,2,3,3,3,20110601
2011,06,02,2,2,3,2,2,1,2,2,20110602
2011,06,03,2,1,1,0,1,1,1,2,20110603
2011,06,04,0,1,1,0,0,1,5,6,20110604
2011,06,05,6,4,4,4,3,3,2,2,20110605
2011,06,06,3,2,2,1,2,1,2,2,20110606
2011,06,07,1,0,1,1,1,2,4,3,20110607
2011,06,08,5,4,2,2,3,2,1,2,20110608
2011,06,09,3,3,2,2,2,2,3,3,20110609
2011,06,10,2,0,1,3,2,1,2,3,20110610
2011,06,11,3,4,2,2,3,2,2,2,20110611
2011,06,12,1,1,1,2,3,3,3,2,20110612
2011,06,13,2,1,2,2,2,3,3,2,20110613
2011,06,14,2,2,2,3,1,1,1,2,20110614
2011,06,15,2,2,2,2,2,2,1,3,20110615
2011,06,16,1,1,1,1,1,2,1,2,20110616
2011,06,17,4,3,1,1,3,3,2,2,20110617
2011,06,18,2,1,2,1,1,1,1,1,20110618
2011,06,19,1,0,1,1,1,1,1,1,20110619
2011,06,20,2,2,3,1,2,2,1,2,20110620
2011,06,21,2,3,2,1,3,3,2,2,20110621
2011,06,22,3,2,1,2,2,3,4,3,20110622
2011,06,23,4,4,2,3,3,3,3,3,20110623
2011,06,24,3,2,2,2,2,2,3,3,20110624
2011,06,25,2,2,2,1,1,2,2,2,20110625
2011,06,26,3,3,1,1,1,1,1,1,20110626
2011,06,27,1,2,1,1,1,1,2,2,20110627
2011,06,28,2,2,0,0,1,1,0,1,20110628
2011,06,29,0,0,0,0,0,0,1,1,20110629
2011,06,30,2,2,1,0,2,2,3,2,20110630
2011,07,01,3,4,3,2,3,3,2,1,20110701
2011,07,02,0,0,0,1,1,2,2,3,20110702
2011,07,03,3,3,1,1,2,2,1,2,20110703
2011,07,04,1,2,2,1,2,3,4,4,20110704
2011,07,05,3,5,2,1,1,2,2,2,20110705
2011,07,06,2,3,3,1,1,2,2,2,20110706
2011,07,07,3,2,1,2,1,1,2,1,20110707
2011,07,08,2,1,3,2,1,2,2,3,20110708
2011,07,09,3,4,1,2,1,3,2,4,20110709
2011,07,10,3,4,3,1,2,3,2,2,20110710
2011,07,11,3,2,3,4,2,3,3,3,20110711
2011,07,12,3,3,0,1,2,2,2,2,20110712
2011,07,13,3,2,2,1,2,2,3,2,20110713
2011,07,14,2,3,2,3,2,2,1,2,20110714
2011,07,15,1,3,1,1,1,1,1,2,20110715
2011,07,16,1,1,1,1,1,2,2,2,20110716
2011,07,17,1,2,0,1,1,1,2,2,20110717
2011,07,18,2,3,2,2,2,2,1,2,20110718
2011,07,19,1,1,2,3,3,5,4,4,20110719
2011,07,20,3,4,3,4,4,3,4,3,20110720
2011,07,21,3,3,3,1,3,2,3,3,20110721
2011,07,22,2,3,3,1,2,3,2,2,20110722
2011,07,23,3,3,2,2,1,1,2,2,20110723
2011,07,24,2,0,0,1,1,1,2,2,20110724
2011,07,25,2,3,3,2,3,2,3,2,20110725
2011,07,26,2,2,2,1,1,1,1,1,20110726
2011,07,27,1,2,0,0,1,1,0,2,20110727
2011,07,28,1,2,0,0,0,0,1,2,20110728
2011,07,29,1,1,0,0,2,2,2,1,20110729
2011,07,30,1,1,1,2,3,4,5,4,20110730
2011,07,31,3,2,2,1,1,2,2,3,20110731
2011,08,01,3,3,3,1,1,2,1,3,20110801
2011,08,02,2,1,0,0,1,1,0,1,20110802
2011,08,03,1,0,0,0,1,1,1,1,20110803
2011,08,04,1,0,0,0,1,2,1,3,20110804
2011,08,05,3,2,0,0,1,2,8,7,20110805
2011,08,06,6,5,4,4,3,3,2,3,20110806
2011,08,07,3,2,2,1,1,1,1,2,20110807
2011,08,08,3,3,2,3,3,2,2,2,20110808
2011,08,09,3,3,3,2,1,1,2,2,20110809
2011,08,10,2,2,3,2,1,0,2,1,20110810
2011,08,11,1,1,1,1,1,1,2,3,20110811
2011,08,12,1,2,1,2,1,1,2,2,20110812
2011,08,13,1,2,1,0,1,1,1,3,20110813
2011,08,14,2,2,2,2,1,2,2,3,20110814
2011,08,15,4,3,1,2,2,3,3,3,20110815
2011,08,16,2,2,2,2,3,1,2,2,20110816
2011,08,17,3,1,2,1,2,1,1,1,20110817
2011,08,18,1,0,0,0,1,1,2,1,20110818
2011,08,19,0,0,0,0,0,0,0,1,20110819
2011,08,20,1,1,0,0,2,1,2,3,20110820
2011,08,21,1,0,0,0,2,1,2,1,20110821
2011,08,22,2,0,2,0,1,2,3,3,20110822
2011,08,23,3,0,1,1,2,2,4,3,20110823
2011,08,24,3,1,0,1,2,2,0,2,20110824
2011,08,25,2,0,0,1,2,1,2,2,20110825
2011,08,26,1,0,0,0,1,1,2,2,20110826
2011,08,27,2,0,0,0,2,2,2,2,20110827
2011,08,28,2,1,1,2,2,1,2,2,20110828
2011,08,29,3,0,3,3,2,2,3,2,20110829
2011,08,30,1,0,0,1,2,1,2,1,20110830
2011,08,31,0,0,1,0,1,1,0,1,20110831
2011,09,01,1,1,0,0,1,1,1,1,20110901
2011,09,02,0,2,0,0,1,1,1,1,20110902
2011,09,03,3,3,2,3,2,3,3,3,20110903
2011,09,04,2,3,2,1,2,2,3,2,20110904
2011,09,05,2,0,1,0,2,2,2,2,20110905
2011,09,06,1,2,2,2,2,1,1,2,20110906
2011,09,07,3,1,1,1,2,1,1,2,20110907
2011,09,08,1,2,0,0,0,1,1,1,20110908
2011,09,09,1,1,0,0,5,7,5,5,20110909
2011,09,10,5,5,4,4,3,4,3,5,20110910
2011,09,11,3,2,1,1,3,2,1,3,20110911
2011,09,12,4,4,4,4,3,4,4,5,20110912
2011,09,13,4,4,4,3,2,1,1,3,20110913
2011,09,14,2,1,1,1,1,1,1,2,20110914
2011,09,15,1,2,1,1,1,1,2,2,20110915
2011,09,16,1,0,0,0,1,1,0,1,20110916
2011,09,17,0,3,3,4,6,6,4,3,20110917
2011,09,18,2,1,0,1,2,1,1,3,20110918
2011,09,19,1,0,1,0,1,1,1,1,20110919
2011,09,20,1,3,2,2,2,0,2,2,20110920
2011,09,21,0,1,1,1,2,2,2,2,20110921
2011,09,22,1,0,0,0,1,0,1,2,20110922
2011,09,23,1,0,0,0,1,1,1,1,20110923
2011,09,24,0,0,0,1,2,1,2,2,20110924
2011,09,25,1,0,0,2,1,2,1,2,20110925
2011,09,26,1,0,0,1,5,8,8,4,20110926
2011,09,27,7,4,4,3,4,2,3,4,20110927
2011,09,28,3,4,5,5,5,3,1,2,20110928
2011,09,29,4,4,3,3,4,1,1,1,20110929
2011,09,30,1,0,0,0,1,1,4,4,20110930
2011,10,01,4,3,2,2,1,2,2,3,20111001
2011,10,02,1,2,3,2,1,3,0,1,20111002
2011,10,03,0,0,1,1,1,1,1,1,20111003
2011,10,04,1,0,2,1,2,2,0,0,20111004
2011,10,05,1,2,2,3,3,4,3,3,20111005
2011,10,06,1,2,1,1,1,2,2,2,20111006
2011,10,07,2,2,2,1,0,0,1,1,20111007
2011,10,08,1,1,2,0,1,1,3,2,20111008
2011,10,09,3,3,2,2,1,2,1,2,20111009
2011,10,10,1,2,0,0,0,0,0,0,20111010
2011,10,11,0,0,1,0,1,2,1,0,20111011
2011,10,12,1,2,2,0,0,1,1,1,20111012
2011,10,13,1,2,1,0,0,1,0,0,20111013
2011,10,14,0,0,0,0,0,0,1,0,20111014
2011,10,15,2,1,0,0,1,2,0,1,20111015
2011,10,16,2,3,1,0,2,1,1,2,20111016
2011,10,17,2,1,0,0,1,0,0,1,20111017
2011,10,18,2,1,2,0,1,1,1,0,20111018
2011,10,19,1,2,0,2,2,0,1,1,20111019
2011,10,20,2,1,1,1,1,1,2,0,20111020
2011,10,21,2,2,1,1,0,1,1,1,20111021
2011,10,22,1,1,0,1,1,0,0,0,20111022
2011,10,23,0,0,0,1,1,1,1,1,20111023
2011,10,24,2,1,2,1,0,1,5,7,20111024
2011,10,25,6,5,5,3,3,2,2,2,20111025
2011,10,26,1,1,1,0,1,2,1,1,20111026
2011,10,27,1,2,2,1,1,1,0,1,20111027
2011,10,28,0,0,0,0,0,0,0,0,20111028
2011,10,29,0,0,0,1,1,0,1,0,20111029
2011,10,30,0,1,1,2,2,3,1,2,20111030
2011,10,31,3,1,1,1,1,1,2,3,20111031
2011,11,01,3,2,3,4,3,3,2,2,20111101
2011,11,02,2,2,3,3,3,2,1,1,20111102
2011,11,03,1,1,0,1,0,1,2,0,20111103
2011,11,04,0,0,1,1,1,1,1,1,20111104
2011,11,05,1,1,1,1,1,0,1,0,20111105
2011,11,06,0,0,0,1,1,2,0,2,20111106
2011,11,07,0,2,1,1,1,2,1,1,20111107
2011,11,08,2,2,2,2,2,2,1,1,20111108
2011,11,09,0,0,0,0,1,1,1,0,20111109
2011,11,10,0,0,0,1,1,1,2,1,20111110
2011,11,11,0,1,1,2,1,1,1,0,20111111
2011,11,12,0,0,1,1,1,2,1,0,20111112
2011,11,13,0,0,1,1,1,1,0,1,20111113
2011,11,14,0,0,0,1,1,1,0,0,20111114
2011,11,15,0,1,2,2,2,2,1,1,20111115
2011,11,16,1,1,0,1,1,1,1,0,20111116
2011,11,17,1,1,2,1,1,1,1,1,20111117
2011,11,18,0,1,0,0,1,0,0,0,20111118
2011,11,19,0,0,0,0,0,0,0,0,20111119
2011,11,20,0,0,0,0,0,1,1,1,20111120
2011,11,21,0,1,1,1,0,1,1,3,20111121
2011,11,22,3,2,2,2,2,2,1,2,20111122
2011,11,23,2,2,1,1,1,1,1,2,20111123
2011,11,24,1,1,0,1,3,1,2,2,20111124
2011,11,25,2,2,1,0,0,1,1,1,20111125
2011,11,26,1,1,0,1,1,1,1,1,20111126
2011,11,27,1,1,2,2,1,2,1,0,20111127
2011,11,28,0,0,0,0,1,0,0,4,20111128
2011,11,29,3,3,3,2,1,2,3,2,20111129
2011,11,30,3,1,0,3,3,2,3,2,20111130
2011,12,01,3,2,2,2,1,1,1,1,20111201
2011,12,02,1,0,1,1,0,1,2,2,20111202
2011,12,03,2,1,2,3,1,1,3,2,20111203
2011,12,04,2,1,1,1,1,1,0,0,20111204
2011,12,05,0,1,0,0,1,0,1,1,20111205
2011,12,06,0,0,0,0,0,0,0,0,20111206
2011,12,07,0,0,0,1,0,0,0,1,20111207
2011,12,08,0,0,0,0,1,0,1,0,20111208
2011,12,09,0,0,1,1,1,1,1,1,20111209
2011,12,10,2,2,2,2,1,1,2,3,20111210
2011,12,11,2,1,1,2,2,2,2,1,20111211
2011,12,12,1,0,1,1,1,2,2,2,20111212
2011,12,13,1,1,1,1,2,0,1,1,20111213
2011,12,14,1,1,0,0,0,0,1,1,20111214
2011,12,15,0,1,0,0,0,0,1,0,20111215
2011,12,16,0,0,0,0,0,0,0,0,20111216
2011,12,17,0,0,0,0,0,0,1,0,20111217
2011,12,18,0,0,0,1,0,0,1,1,20111218
2011,12,19,1,2,1,1,1,2,3,2,20111219
2011,12,20,2,1,1,1,1,1,2,1,20111220
2011,12,21,1,1,0,1,1,2,2,2,20111221
2011,12,22,2,1,0,0,0,1,1,1,20111222
2011,12,23,1,1,0,1,0,0,1,0,20111223
2011,12,24,0,0,0,1,1,1,1,1,20111224
2011,12,25,1,1,1,0,0,0,1,0,20111225
2011,12,26,0,0,0,0,0,1,1,0,20111226
2011,12,27,0,0,0,0,0,1,1,1,20111227
2011,12,28,0,0,0,1,2,2,2,1,20111228
2011,12,29,1,2,2,3,1,1,2,2,20111229
2011,12,30,1,1,1,1,1,2,2,2,20111230
2011,12,31,1,1,1,2,1,1,1,1,20111231
2012,01,01,1,1,1,0,2,1,2,0,20120101
2012,01,02,1,0,1,0,1,1,2,2,20120102
2012,01,03,3,3,2,2,0,1,1,1,20120103
2012,01,04,1,0,0,0,1,1,1,1,20120104
2012,01,05,1,1,1,0,3,2,2,1,20120105
2012,01,06,1,1,0,1,1,2,2,2,20120106
2012,01,07,2,1,1,1,1,1,1,2,20120107
2012,01,08,1,2,1,0,1,1,2,1,20120108
2012,01,09,2,2,2,2,1,2,2,2,20120109
2012,01,10,0,1,0,2,2,1,1,1,20120110
2012,01,11,1,2,1,1,1,1,2,1,20120111
2012,01,12,2,1,0,2,1,1,2,2,20120112
2012,01,13,2,3,3,1,1,1,1,1,20120113
2012,01,14,1,1,1,0,1,1,0,1,20120114
2012,01,15,0,1,0,0,1,1,2,2,20120115
2012,01,16,2,1,1,2,3,2,3,2,20120116
2012,01,17,3,1,1,1,1,1,2,1,20120117
2012,01,18,2,1,0,1,1,1,1,1,20120118
2012,01,19,0,1,0,1,0,1,1,1,20120119
2012,01,20,1,1,1,0,0,1,1,0,20120120
2012,01,21,2,2,1,2,2,1,2,2,20120121
2012,01,22,1,1,4,3,4,3,5,4,20120122
2012,01,23,4,3,2,1,1,1,1,1,20120123
2012,01,24,3,2,1,1,1,4,5,3,20120124
2012,01,25,3,4,3,4,3,2,2,2,20120125
2012,01,26,2,1,2,2,1,2,2,1,20120126
2012,01,27,1,2,3,2,2,1,2,0,20120127
2012,01,28,2,2,1,0,1,1,2,2,20120128
2012,01,29,2,2,1,1,0,0,2,1,20120129
2012,01,30,0,0,1,0,0,3,3,3,20120130
2012,01,31,2,1,0,0,0,0,0,1,20120131
2012,02,01,2,2,2,2,2,0,1,1,20120201
2012,02,02,1,1,1,1,1,0,1,1,20120202
2012,02,03,2,2,1,2,2,1,1,0,20120203
2012,02,04,2,2,2,2,2,2,2,2,20120204
2012,02,05,3,1,1,1,2,2,2,2,20120205
2012,02,06,1,2,1,0,1,2,2,1,20120206
2012,02,07,1,2,1,3,3,2,4,3,20120207
2012,02,08,3,2,3,2,2,2,2,1,20120208
2012,02,09,1,1,0,1,2,2,2,1,20120209
2012,02,10,1,1,1,0,1,1,2,1,20120210
2012,02,11,2,1,1,0,0,1,1,1,20120211
2012,02,12,1,2,0,0,1,1,1,1,20120212
2012,02,13,1,1,3,2,3,3,2,2,20120213
2012,02,14,2,2,2,1,2,2,2,4,20120214
2012,02,15,2,5,4,3,3,2,3,4,20120215
2012,02,16,2,0,1,1,2,1,1,0,20120216
2012,02,17,0,1,2,1,0,0,0,0,20120217
2012,02,18,0,0,0,1,0,1,1,3,20120218
2012,02,19,4,5,3,2,1,2,2,2,20120219
2012,02,20,3,4,4,3,3,3,3,3,20120220
2012,02,21,3,2,2,2,1,1,1,2,20120221
2012,02,22,3,3,2,2,2,1,1,0,20120222
2012,02,23,0,0,1,1,1,1,1,2,20120223
2012,02,24,2,3,1,1,1,2,1,0,20120224
2012,02,25,0,0,2,2,3,1,2,2,20120225
2012,02,26,2,2,2,2,1,1,1,3,20120226
2012,02,27,4,3,2,2,3,3,5,2,20120227
2012,02,28,1,1,4,2,1,2,1,2,20120228
2012,02,29,2,2,2,0,0,1,1,1,20120229
2012,03,01,1,3,3,3,3,2,4,4,20120301
2012,03,02,3,3,3,1,3,2,2,2,20120302
2012,03,03,2,3,3,2,1,2,1,2,20120303
2012,03,04,4,3,3,2,2,2,3,2,20120304
2012,03,05,2,2,2,2,1,2,2,3,20120305
2012,03,06,2,2,3,1,2,2,2,2,20120306
2012,03,07,3,4,6,5,6,5,4,3,20120307
2012,03,08,2,1,1,5,5,5,4,4,20120308
2012,03,09,5,6,7,7,6,5,4,2,20120309
2012,03,10,4,5,3,2,2,3,3,2,20120310
2012,03,11,2,2,1,2,2,3,2,3,20120311
2012,03,12,2,1,2,6,6,4,4,3,20120312
2012,03,13,3,3,2,2,2,2,3,2,20120313
2012,03,14,3,2,1,1,2,2,2,2,20120314
2012,03,15,3,2,2,2,5,6,5,4,20120315
2012,03,16,4,3,3,3,3,4,3,3,20120316
2012,03,17,4,3,4,3,2,3,4,4,20120317
2012,03,18,4,3,2,3,2,1,2,2,20120318
2012,03,19,2,4,2,2,2,1,2,2,20120319
2012,03,20,2,1,1,1,1,1,1,2,20120320
2012,03,21,1,0,1,1,2,1,2,1,20120321
2012,03,22,1,1,0,1,1,1,3,3,20120322
2012,03,23,3,1,1,2,1,2,1,1,20120323
2012,03,24,1,3,4,2,2,2,2,2,20120324
2012,03,25,2,1,2,1,2,1,0,0,20120325
2012,03,26,1,2,1,1,1,1,1,1,20120326
2012,03,27,1,2,1,3,3,3,3,4,20120327
2012,03,28,4,4,3,2,2,1,2,1,20120328
2012,03,29,1,0,0,0,1,1,1,2,20120329
2012,03,30,2,2,1,1,1,1,1,1,20120330
2012,03,31,1,1,0,1,2,2,2,1,20120331
2012,04,01,1,2,1,2,2,2,2,2,20120401
2012,04,02,3,3,2,1,2,2,1,2,20120402
2012,04,03,2,2,1,0,1,1,1,2,20120403
2012,04,04,2,2,0,1,1,2,2,3,20120404
2012,04,05,3,3,3,4,3,3,2,2,20120405
2012,04,06,1,1,1,1,1,1,0,2,20120406
2012,04,07,2,3,2,3,3,1,0,2,20120407
2012,04,08,2,1,1,2,2,1,1,1,20120408
2012,04,09,0,1,1,0,1,1,2,2,20120409
2012,04,10,3,2,2,1,1,1,1,3,20120410
2012,04,11,2,1,2,2,1,1,1,2,20120411
2012,04,12,1,3,2,2,2,3,4,4,20120412
2012,04,13,5,5,4,4,2,2,2,2,20120413
2012,04,14,4,3,1,1,2,2,2,1,20120414
2012,04,15,1,2,2,2,1,1,2,1,20120415
2012,04,16,2,2,0,1,2,1,1,2,20120416
2012,04,17,1,0,2,2,2,2,3,2,20120417
2012,04,18,3,3,2,1,2,1,1,2,20120418
2012,04,19,1,1,1,1,1,1,2,2,20120419
2012,04,20,1,3,3,2,2,2,1,1,20120420
2012,04,21,2,1,1,1,1,1,3,3,20120421
2012,04,22,3,2,2,2,2,1,1,1,20120422
2012,04,23,1,4,4,2,2,4,5,5,20120423
2012,04,24,6,5,5,2,2,2,4,5,20120424
2012,04,25,4,3,4,3,2,4,4,4,20120425
2012,04,26,5,5,2,1,2,1,2,2,20120426
2012,04,27,3,2,2,1,1,1,2,3,20120427
2012,04,28,1,1,1,2,1,2,1,2,20120428
2012,04,29,2,2,1,1,1,1,1,0,20120429
2012,04,30,1,1,1,1,0,1,0,0,20120430
2012,05,01,0,1,1,1,1,1,1,1,20120501
2012,05,02,2,1,0,1,1,1,1,3,20120502
2012,05,03,3,2,2,2,1,1,1,3,20120503
2012,05,04,2,2,0,0,1,1,1,1,20120504
2012,05,05,0,1,1,1,2,1,1,1,20120505
2012,05,06,1,1,2,2,2,1,1,0,20120506
2012,05,07,0,1,1,2,1,1,1,1,20120507
2012,05,08,1,2,1,2,2,2,2,4,20120508
2012,05,09,4,4,3,3,4,3,4,4,20120509
2012,05,10,3,3,2,2,2,2,3,4,20120510
2012,05,11,4,3,2,2,2,2,2,2,20120511
2012,05,12,3,2,2,2,3,2,2,3,20120512
2012,05,13,3,3,3,2,2,2,3,3,20120513
2012,05,14,3,2,1,1,1,1,1,2,20120514
2012,05,15,2,2,2,1,1,1,0,2,20120515
2012,05,16,2,2,1,1,2,2,3,4,20120516
2012,05,17,2,2,2,1,1,1,1,1,20120517
2012,05,18,3,2,2,2,2,2,2,2,20120518
2012,05,19,2,2,1,1,1,1,1,1,20120519
2012,05,20,3,4,3,2,3,2,2,2,20120520
2012,05,21,1,1,1,1,1,1,4,2,20120521
2012,05,22,2,4,2,2,3,3,4,3,20120522
2012,05,23,4,5,4,3,2,2,2,2,20120523
2012,05,24,2,3,2,2,2,2,2,2,20120524
2012,05,25,2,2,1,2,2,2,1,1,20120525
2012,05,26,2,1,1,1,1,1,1,0,20120526
2012,05,27,1,2,1,1,1,1,1,0,20120527
2012,05,28,0,1,1,1,2,3,3,1,20120528
2012,05,29,1,2,1,1,2,2,2,2,20120529
2012,05,30,2,2,1,2,2,2,2,1,20120530
2012,05,31,3,2,2,2,2,3,3,1,20120531
2012,06,01,1,2,1,2,2,2,2,2,20120601
2012,06,02,1,1,1,1,2,3,2,4,20120602
2012,06,03,3,2,2,2,4,5,4,1,20120603
2012,06,04,2,3,3,4,4,3,3,3,20120604
2012,06,05,3,4,3,2,4,3,3,3,20120605
2012,06,06,3,4,2,3,3,3,4,3,20120606
2012,06,07,2,2,2,2,2,2,3,2,20120607
2012,06,08,2,2,3,3,1,1,2,1,20120608
2012,06,09,2,2,1,1,2,1,3,2,20120609
2012,06,10,1,1,1,1,2,2,2,2,20120610
2012,06,11,2,2,3,2,2,3,3,5,20120611
2012,06,12,5,4,1,1,1,1,1,1,20120612
2012,06,13,2,2,2,2,1,1,2,1,20120613
2012,06,14,1,1,1,1,1,1,1,0,20120614
2012,06,15,0,0,0,1,1,1,1,1,20120615
2012,06,16,1,1,1,2,3,3,4,6,20120616
2012,06,17,4,4,5,6,5,4,4,4,20120617
2012,06,18,4,5,3,2,2,2,1,1,20120618
2012,06,19,0,1,1,1,1,1,1,1,20120619
2012,06,20,2,2,1,1,1,1,1,1,20120620
2012,06,21,1,1,0,0,1,1,1,1,20120621
2012,06,22,1,1,1,2,2,2,1,1,20120622
2012,06,23,1,1,1,1,1,2,1,1,20120623
2012,06,24,2,1,1,1,1,2,1,1,20120624
2012,06,25,1,2,2,2,3,3,2,2,20120625
2012,06,26,2,3,2,2,2,1,1,2,20120626
2012,06,27,1,1,1,1,2,2,2,2,20120627
2012,06,28,2,2,3,2,1,1,1,1,20120628
2012,06,29,1,1,1,1,2,1,1,3,20120629
2012,06,30,3,3,4,4,4,4,3,4,20120630
2012,07,01,4,4,3,3,3,3,3,3,20120701
2012,07,02,4,4,4,3,3,3,3,2,20120702
2012,07,03,3,3,2,2,2,3,2,2,20120703
2012,07,04,3,3,2,3,2,2,1,2,20120704
2012,07,05,2,2,2,3,4,3,3,3,20120705
2012,07,06,2,3,2,2,2,3,3,5,20120706
2012,07,07,3,2,2,2,1,2,3,2,20120707
2012,07,08,2,3,2,3,2,3,3,4,20120708
2012,07,09,5,4,3,3,5,4,3,5,20120709
2012,07,10,4,2,3,3,2,2,2,2,20120710
2012,07,11,2,3,3,3,1,1,2,3,20120711
2012,07,12,3,3,4,3,2,2,1,1,20120712
2012,07,13,1,1,1,1,1,1,1,1,20120713
2012,07,14,1,1,1,1,2,2,5,5,20120714
2012,07,15,4,5,6,6,5,5,6,5,20120715
2012,07,16,6,5,4,4,4,3,3,3,20120716
2012,07,17,3,4,4,2,2,3,2,2,20120717
2012,07,18,2,1,1,1,1,2,1,1,20120718
2012,07,19,1,2,2,1,1,1,2,1,20120719
2012,07,20,2,3,2,3,2,3,2,3,20120720
2012,07,21,3,2,2,2,1,3,3,2,20120721
2012,07,22,1,3,3,2,2,1,2,2,20120722
2012,07,23,2,2,1,2,2,3,2,3,20120723
2012,07,24,3,3,2,2,2,2,2,2,20120724
2012,07,25,3,1,2,2,2,1,1,1,20120725
2012,07,26,1,1,1,1,2,1,1,0,20120726
2012,07,27,0,2,1,1,1,2,1,2,20120727
2012,07,28,1,1,2,2,3,3,3,4,20120728
2012,07,29,3,2,2,2,1,1,1,1,20120729
2012,07,30,2,2,3,2,3,4,3,2,20120730
2012,07,31,2,2,1,1,2,2,1,2,20120731
2012,08,01,2,2,1,1,1,2,1,2,20120801
2012,08,02,1,1,1,2,4,5,4,3,20120802
2012,08,03,3,3,2,1,2,2,1,1,20120803
2012,08,04,1,1,2,1,2,2,2,3,20120804
2012,08,05,1,1,1,2,2,2,2,2,20120805
2012,08,06,2,3,2,3,2,3,2,3,20120806
2012,08,07,2,1,1,2,2,2,2,3,20120807
2012,08,08,4,2,2,1,2,3,1,1,20120808
2012,08,09,3,2,1,2,1,1,1,1,20120809
2012,08,10,1,2,1,1,1,1,1,1,20120810
2012,08,11,0,0,0,1,2,2,1,2,20120811
2012,08,12,2,2,2,1,2,2,2,3,20120812
2012,08,13,1,2,2,2,2,3,3,2,20120813
2012,08,14,2,3,2,2,2,1,1,2,20120814
2012,08,15,2,1,1,1,1,2,2,2,20120815
2012,08,16,2,2,2,2,3,3,3,3,20120816
2012,08,17,4,3,2,1,2,2,1,1,20120817
2012,08,18,1,2,2,2,2,2,4,3,20120818
2012,08,19,2,2,2,3,3,2,2,4,20120819
2012,08,20,3,3,3,2,3,2,2,2,20120820
2012,08,21,2,1,1,2,2,2,1,3,20120821
2012,08,22,1,2,2,1,2,1,1,2,20120822
2012,08,23,3,2,3,2,3,2,3,1,20120823
2012,08,24,2,3,2,2,2,2,2,2,20120824
2012,08,25,2,2,3,2,2,2,2,3,20120825
2012,08,26,1,2,2,2,4,3,3,2,20120826
2012,08,27,2,3,2,1,1,1,1,2,20120827
2012,08,28,1,1,0,1,1,1,1,1,20120828
2012,08,29,1,2,1,1,1,1,1,1,20120829
2012,08,30,1,1,1,1,1,1,1,1,20120830
2012,08,31,0,0,1,1,1,1,1,1,20120831
2012,09,01,1,2,2,2,2,2,1,2,20120901
2012,09,02,2,3,3,2,2,3,3,4,20120902
2012,09,03,3,4,4,3,6,4,4,5,20120903
2012,09,04,3,3,4,2,2,2,2,3,20120904
2012,09,05,6,5,4,3,2,2,3,2,20120905
2012,09,06,4,3,1,1,1,3,3,1,20120906
2012,09,07,2,3,2,2,2,2,3,3,20120907
2012,09,08,2,2,2,2,2,2,2,2,20120908
2012,09,09,1,1,2,1,2,1,1,1,20120909
2012,09,10,1,1,1,1,2,2,1,0,20120910
2012,09,11,1,0,0,1,1,1,0,0,20120911
2012,09,12,1,1,1,2,2,1,1,2,20120912
2012,09,13,3,2,1,0,1,2,2,1,20120913
2012,09,14,1,1,0,1,2,2,1,3,20120914
2012,09,15,2,2,2,1,1,2,1,2,20120915
2012,09,16,2,2,1,2,2,1,3,2,20120916
2012,09,17,2,1,1,1,2,1,1,2,20120917
2012,09,18,2,3,2,3,2,2,1,1,20120918
2012,09,19,1,3,1,2,2,3,4,4,20120919
2012,09,20,3,2,3,2,2,2,2,2,20120920
2012,09,21,1,1,1,1,2,2,1,1,20120921
2012,09,22,1,1,1,2,1,0,0,1,20120922
2012,09,23,0,0,0,0,1,1,0,0,20120923
2012,09,24,0,0,0,0,1,1,1,1,20120924
2012,09,25,1,0,0,1,1,1,0,0,20120925
2012,09,26,1,1,1,1,2,1,3,2,20120926
2012,09,27,2,2,1,1,1,1,1,1,20120927
2012,09,28,1,0,0,1,1,1,0,0,20120928
2012,09,29,0,1,1,2,1,1,1,1,20120929
2012,09,30,1,1,1,3,3,3,2,4,20120930
2012,10,01,7,6,4,2,2,1,2,2,20121001
2012,10,02,2,0,1,2,2,2,2,2,20121002
2012,10,03,3,2,2,1,1,1,1,0,20121003
2012,10,04,0,0,1,1,1,1,0,0,20121004
2012,10,05,0,0,0,1,1,2,1,2,20121005
2012,10,06,2,1,1,2,2,2,1,2,20121006
2012,10,07,1,2,1,2,1,1,1,2,20121007
2012,10,08,3,4,6,6,4,2,4,4,20121008
2012,10,09,6,6,5,4,2,2,3,5,20121009
2012,10,10,3,2,2,2,2,2,3,2,20121010
2012,10,11,2,1,1,2,2,2,1,2,20121011
2012,10,12,3,4,3,2,2,3,3,1,20121012
2012,10,13,3,4,5,5,5,5,5,3,20121013
2012,10,14,5,3,3,4,3,2,3,3,20121014
2012,10,15,3,2,2,2,2,1,2,1,20121015
2012,10,16,1,1,2,1,2,1,1,1,20121016
2012,10,17,2,2,2,1,2,1,0,2,20121017
2012,10,18,2,1,0,1,1,2,1,1,20121018
2012,10,19,2,1,0,1,1,1,1,0,20121019
2012,10,20,0,0,0,1,1,1,1,0,20121020
2012,10,21,0,0,1,1,1,1,1,0,20121021
2012,10,22,1,0,0,1,0,1,1,0,20121022
2012,10,23,2,2,2,2,2,2,2,2,20121023
2012,10,24,1,2,1,1,1,1,0,0,20121024
2012,10,25,1,1,1,1,1,1,1,1,20121025
2012,10,26,0,0,2,1,1,2,1,1,20121026
2012,10,27,1,1,1,1,1,1,0,1,20121027
2012,10,28,0,0,2,1,1,1,1,0,20121028
2012,10,29,0,1,1,1,0,0,0,1,20121029
2012,10,30,1,0,0,0,1,0,0,0,20121030
2012,10,31,0,0,0,0,1,3,2,2,20121031
2012,11,01,3,2,3,4,3,4,3,3,20121101
2012,11,02,2,2,1,1,1,1,1,1,20121102
2012,11,03,0,0,0,0,1,1,1,0,20121103
2012,11,04,0,1,1,0,1,0,0,0,20121104
2012,11,05,0,0,1,0,1,1,1,0,20121105
2012,11,06,0,0,1,1,1,2,1,1,20121106
2012,11,07,2,3,1,1,2,3,4,2,20121107
2012,11,08,1,0,0,1,1,1,0,1,20121108
2012,11,09,0,0,0,0,1,1,0,0,20121109
2012,11,10,0,0,0,0,1,0,1,2,20121110
2012,11,11,1,1,0,1,1,1,0,1,20121111
2012,11,12,1,0,0,0,0,2,2,3,20121112
2012,11,13,4,3,2,3,3,4,3,3,20121113
2012,11,14,6,6,5,4,4,2,1,1,20121114
2012,11,15,1,1,0,1,0,0,1,1,20121115
2012,11,16,1,2,1,1,1,2,2,1,20121116
2012,11,17,1,2,1,2,2,2,3,1,20121117
2012,11,18,1,2,2,2,1,1,0,1,20121118
2012,11,19,1,0,2,1,2,2,0,1,20121119
2012,11,20,2,2,2,2,2,2,4,3,20121120
2012,11,21,3,2,2,2,1,1,1,1,20121121
2012,11,22,1,1,0,0,1,0,0,1,20121122
2012,11,23,0,1,1,1,0,0,1,4,20121123
2012,11,24,4,3,3,2,3,2,2,1,20121124
2012,11,25,1,1,1,0,1,1,1,1,20121125
2012,11,26,3,2,1,1,0,1,1,1,20121126
2012,11,27,1,1,1,1,1,1,1,1,20121127
2012,11,28,1,1,0,0,0,0,1,1,20121128
2012,11,29,0,1,1,1,0,1,1,1,20121129
2012,11,30,0,0,0,1,0,1,0,0,20121130
2012,12,01,1,1,0,0,0,1,2,2,20121201
2012,12,02,2,2,3,2,2,1,0,1,20121202
2012,12,03,1,1,1,1,1,1,1,2,20121203
2012,12,04,1,2,2,1,0,0,1,0,20121204
2012,12,05,1,0,0,1,0,0,1,1,20121205
2012,12,06,0,0,0,0,0,0,1,0,20121206
2012,12,07,0,0,0,0,0,0,0,0,20121207
2012,12,08,0,1,0,0,0,0,0,0,20121208
2012,12,09,0,1,0,0,0,1,1,2,20121209
2012,12,10,2,1,0,1,1,0,1,0,20121210
2012,12,11,1,1,0,0,0,0,1,1,20121211
2012,12,12,0,0,1,0,1,1,0,0,20121212
2012,12,13,1,1,0,0,0,1,0,0,20121213
2012,12,14,1,1,1,0,0,0,1,2,20121214
2012,12,15,2,2,1,2,2,2,2,2,20121215
2012,12,16,2,0,2,2,2,2,1,1,20121216
2012,12,17,2,2,3,3,4,2,1,0,20121217
2012,12,18,1,2,2,2,2,2,1,1,20121218
2012,12,19,1,2,1,1,1,0,1,1,20121219
2012,12,20,0,2,2,2,2,3,2,1,20121220
2012,12,21,2,1,1,1,1,1,0,0,20121221
2012,12,22,0,0,0,1,0,0,0,0,20121222
2012,12,23,0,0,0,0,0,1,0,0,20121223
2012,12,24,0,0,0,0,1,2,1,1,20121224
2012,12,25,1,1,0,1,1,0,0,1,20121225
2012,12,26,0,2,1,1,1,0,0,0,20121226
2012,12,27,0,0,0,0,0,0,0,0,20121227
2012,12,28,0,0,0,0,0,0,1,0,20121228
2012,12,29,0,1,1,1,0,0,0,1,20121229
2012,12,30,1,0,0,1,2,2,2,0,20121230
2012,12,31,0,0,0,0,0,0,1,1,20121231
2013,01,01,0,0,0,0,0,0,0,0,20130101
2013,01,02,0,0,1,1,1,1,1,1,20130102
2013,01,03,0,1,0,0,0,1,1,0,20130103
2013,01,04,1,0,0,0,0,1,1,1,20130104
2013,01,05,0,1,1,0,1,0,1,0,20130105
2013,01,06,0,0,0,0,1,1,2,1,20130106
2013,01,07,1,0,1,0,1,1,1,1,20130107
2013,01,08,0,1,0,0,1,1,1,2,20130108
2013,01,09,2,0,0,1,1,0,1,1,20130109
2013,01,10,1,0,0,1,0,1,1,0,20130110
2013,01,11,0,0,0,1,1,0,1,2,20130111
2013,01,12,1,1,0,1,1,0,1,0,20130112
2013,01,13,2,1,2,1,2,2,3,3,20130113
2013,01,14,3,2,2,2,2,2,2,1,20130114
2013,01,15,1,1,2,1,1,1,1,0,20130115
2013,01,16,0,1,1,1,1,1,3,2,20130116
2013,01,17,3,3,2,1,3,4,3,2,20130117
2013,01,18,2,3,1,1,3,2,2,3,20130118
2013,01,19,3,1,1,1,1,2,2,3,20130119
2013,01,20,3,3,3,2,3,1,0,0,20130120
2013,01,21,1,1,1,1,1,1,0,1,20130121
2013,01,22,0,0,0,0,0,0,0,0,20130122
2013,01,23,0,1,0,0,0,0,0,0,20130123
2013,01,24,1,1,0,0,0,0,0,0,20130124
2013,01,25,0,1,1,1,0,2,2,3,20130125
2013,01,26,4,2,3,3,3,3,4,4,20130126
2013,01,27,2,2,1,2,1,1,2,1,20130127
2013,01,28,1,1,1,0,1,1,2,2,20130128
2013,01,29,1,0,1,0,1,0,0,0,20130129
2013,01,30,0,0,1,0,0,0,0,0,20130130
2013,01,31,0,0,0,0,0,0,1,1,20130131
2013,02,01,1,0,0,1,1,1,1,2,20130201
2013,02,02,2,3,2,2,1,2,3,1,20130202
2013,02,03,2,1,1,1,1,1,1,1,20130203
2013,02,04,1,0,1,0,1,2,2,0,20130204
2013,02,05,1,1,1,0,0,0,0,0,20130205
2013,02,06,1,0,0,0,0,0,1,1,20130206
2013,02,07,1,1,2,2,2,1,1,1,20130207
2013,02,08,2,2,3,2,3,2,1,1,20130208
2013,02,09,2,2,1,1,0,0,1,0,20130209
2013,02,10,1,1,1,1,0,0,1,1,20130210
2013,02,11,1,1,0,0,0,1,2,1,20130211
2013,02,12,1,0,0,1,1,2,1,2,20130212
2013,02,13,2,2,1,1,1,1,3,4,20130213
2013,02,14,3,3,3,3,2,1,2,1,20130214
2013,02,15,0,1,1,1,1,1,1,1,20130215
2013,02,16,1,0,0,1,2,4,3,1,20130216
2013,02,17,1,2,2,2,3,2,3,2,20130217
2013,02,18,1,0,0,1,0,1,1,3,20130218
2013,02,19,1,2,1,1,2,2,2,1,20130219
2013,02,20,1,1,1,2,2,2,2,1,20130220
2013,02,21,2,2,2,1,1,1,2,2,20130221
2013,02,22,2,2,2,2,3,2,2,3,20130222
2013,02,23,3,1,0,1,2,1,2,2,20130223
2013,02,24,1,1,1,1,1,1,1,1,20130224
2013,02,25,0,0,0,1,1,1,1,2,20130225
2013,02,26,1,2,1,2,1,1,2,1,20130226
2013,02,27,1,1,1,1,1,1,0,1,20130227
2013,02,28,2,1,2,1,2,1,2,3,20130228
2013,03,01,4,4,3,5,4,4,4,4,20130301
2013,03,02,4,3,2,1,2,2,3,3,20130302
2013,03,03,3,3,2,2,1,2,1,2,20130303
2013,03,04,2,1,1,1,1,1,0,1,20130304
2013,03,05,3,1,0,1,1,0,1,1,20130305
2013,03,06,1,2,0,0,0,1,1,1,20130306
2013,03,07,1,1,1,1,1,1,1,1,20130307
2013,03,08,0,0,1,1,1,1,1,1,20130308
2013,03,09,2,1,1,2,2,1,2,1,20130309
2013,03,10,1,0,1,1,1,1,1,2,20130310
2013,03,11,2,2,2,1,1,1,1,1,20130311
2013,03,12,1,1,2,1,2,1,2,1,20130312
2013,03,13,1,1,1,1,1,1,1,1,20130313
2013,03,14,0,1,0,2,2,1,1,1,20130314
2013,03,15,0,3,2,2,1,1,0,1,20130315
2013,03,16,3,3,3,2,2,2,1,2,20130316
2013,03,17,2,1,6,5,5,6,6,5,20130317
2013,03,18,3,2,2,2,1,1,2,2,20130318
2013,03,19,2,1,1,0,0,1,2,2,20130319
2013,03,20,2,2,2,1,2,2,3,3,20130320
2013,03,21,4,4,4,1,1,1,1,1,20130321
2013,03,22,1,0,0,1,1,1,2,2,20130322
2013,03,23,2,1,2,2,3,2,3,4,20130323
2013,03,24,2,1,2,2,1,1,2,1,20130324
2013,03,25,0,0,1,1,1,1,2,1,20130325
2013,03,26,1,1,0,1,0,1,1,0,20130326
2013,03,27,1,2,2,3,3,4,3,4,20130327
2013,03,28,4,1,1,2,1,2,2,2,20130328
2013,03,29,3,3,4,4,3,5,3,3,20130329
2013,03,30,5,5,2,2,1,2,3,2,20130330
2013,03,31,1,0,1,1,1,2,1,1,20130331
2013,04,01,1,2,2,2,1,1,1,2,20130401
2013,04,02,2,1,0,1,1,1,1,2,20130402
2013,04,03,1,0,1,1,1,1,1,1,20130403
2013,04,04,1,2,1,1,1,1,0,1,20130404
2013,04,05,0,1,0,1,1,1,1,1,20130405
2013,04,06,1,1,2,1,1,1,1,1,20130406
2013,04,07,1,1,1,1,2,2,1,0,20130407
2013,04,08,0,0,1,1,1,1,1,1,20130408
2013,04,09,1,1,1,2,1,1,1,1,20130409
2013,04,10,1,1,1,1,1,1,1,2,20130410
2013,04,11,1,1,1,1,1,2,1,2,20130411
2013,04,12,2,2,1,1,1,1,1,1,20130412
2013,04,13,2,2,1,1,1,1,0,3,20130413
2013,04,14,2,3,3,3,2,3,2,2,20130414
2013,04,15,1,1,1,1,1,0,3,2,20130415
2013,04,16,2,0,0,0,0,1,1,1,20130416
2013,04,17,1,1,1,0,1,1,0,1,20130417
2013,04,18,1,0,0,1,1,1,1,0,20130418
2013,04,19,0,0,0,1,1,1,0,1,20130419
2013,04,20,0,0,1,2,2,1,0,1,20130420
2013,04,21,0,0,0,1,1,2,1,1,20130421
2013,04,22,1,2,0,1,1,1,1,1,20130422
2013,04,23,0,1,1,2,2,2,2,3,20130423
2013,04,24,4,3,2,3,4,3,4,3,20130424
2013,04,25,2,2,1,2,2,2,3,2,20130425
2013,04,26,3,5,3,3,3,2,3,3,20130426
2013,04,27,2,2,2,1,1,1,1,2,20130427
2013,04,28,0,0,0,2,2,1,2,2,20130428
2013,04,29,2,1,1,1,1,1,1,2,20130429
2013,04,30,2,1,1,2,2,2,1,3,20130430
2013,05,01,3,3,4,4,4,3,4,3,20130501
2013,05,02,4,4,2,2,2,2,2,2,20130502
2013,05,03,2,2,1,1,1,2,2,1,20130503
2013,05,04,1,1,2,1,1,2,1,1,20130504
2013,05,05,2,2,2,1,2,3,2,1,20130505
2013,05,06,1,1,3,2,2,2,2,3,20130506
2013,05,07,3,3,3,2,2,2,2,2,20130507
2013,05,08,3,2,2,1,1,2,1,2,20130508
2013,05,09,2,2,2,2,1,1,1,1,20130509
2013,05,10,1,1,1,1,2,1,1,1,20130510
2013,05,11,0,2,1,1,1,1,1,1,20130511
2013,05,12,2,2,1,1,1,2,1,1,20130512
2013,05,13,1,1,1,1,1,3,1,1,20130513
2013,05,14,2,1,2,3,3,2,2,2,20130514
2013,05,15,1,1,2,3,3,2,2,1,20130515
2013,05,16,3,4,2,2,3,4,2,3,20130516
2013,05,17,2,3,2,1,2,3,3,2,20130517
2013,05,18,5,5,4,3,2,2,3,2,20130518
2013,05,19,4,2,3,2,2,3,2,4,20130519
2013,05,20,3,2,1,1,2,2,2,2,20130520
2013,05,21,2,2,2,1,1,1,2,2,20130521
2013,05,22,4,2,2,2,3,3,2,3,20130522
2013,05,23,2,3,1,2,2,2,2,2,20130523
2013,05,24,2,3,3,2,3,2,5,4,20130524
2013,05,25,4,5,3,4,4,5,4,5,20130525
2013,05,26,4,4,4,2,2,3,3,3,20130526
2013,05,27,2,3,2,3,3,3,4,3,20130527
2013,05,28,3,3,2,2,2,1,1,1,20130528
2013,05,29,0,1,0,1,1,1,0,0,20130529
2013,05,30,1,1,0,1,1,1,1,1,20130530
2013,05,31,1,1,0,1,1,3,3,4,20130531
2013,06,01,6,6,6,5,6,4,4,3,20130601
2013,06,02,5,4,3,3,3,3,3,3,20130602
2013,06,03,3,2,2,2,2,2,2,3,20130603
2013,06,04,3,3,2,2,1,1,2,3,20130604
2013,06,05,3,2,1,1,2,1,2,1,20130605
2013,06,06,2,3,3,3,3,4,3,4,20130606
2013,06,07,5,6,5,4,3,2,2,2,20130607
2013,06,08,3,3,3,3,2,1,1,1,20130608
2013,06,09,1,2,2,2,3,3,2,3,20130609
2013,06,10,3,4,4,3,2,2,2,1,20130610
2013,06,11,1,1,1,1,3,2,2,2,20130611
2013,06,12,1,1,1,1,1,1,1,1,20130612
2013,06,13,2,2,0,1,1,1,1,1,20130613
2013,06,14,1,1,0,1,1,1,1,2,20130614
2013,06,15,2,1,1,1,1,1,1,1,20130615
2013,06,16,1,0,0,1,1,1,1,1,20130616
2013,06,17,1,2,2,1,1,1,1,1,20130617
2013,06,18,1,1,1,1,1,2,2,1,20130618
2013,06,19,2,1,0,1,1,2,1,2,20130619
2013,06,20,2,2,1,2,2,2,4,3,20130620
2013,06,21,4,4,3,3,2,3,3,3,20130621
2013,06,22,4,3,3,2,2,2,3,3,20130622
2013,06,23,4,4,4,3,2,3,3,3,20130623
2013,06,24,3,3,2,3,3,3,4,3,20130624
2013,06,25,3,3,2,2,1,2,2,2,20130625
2013,06,26,1,1,1,1,1,1,1,1,20130626
2013,06,27,1,1,1,1,3,2,3,3,20130627
2013,06,28,4,4,2,2,3,4,4,5,20130628
2013,06,29,6,7,5,6,4,3,4,4,20130629
2013,06,30,3,3,2,2,2,2,3,2,20130630
2013,07,01,3,3,3,2,1,1,1,1,20130701
2013,07,02,1,1,1,1,1,1,1,1,20130702
2013,07,03,1,1,1,1,1,1,1,2,20130703
2013,07,04,1,1,1,1,2,2,2,2,20130704
2013,07,05,2,2,2,2,2,2,3,2,20130705
2013,07,06,3,4,4,4,4,3,3,4,20130706
2013,07,07,4,2,1,1,1,2,1,1,20130707
2013,07,08,1,2,2,1,1,2,1,1,20130708
2013,07,09,0,1,1,1,2,3,3,4,20130709
2013,07,10,5,5,3,4,3,3,4,3,20130710
2013,07,11,2,3,5,3,3,3,4,2,20130711
2013,07,12,2,3,2,2,2,2,2,3,20130712
2013,07,13,4,3,2,1,1,2,2,2,20130713
2013,07,14,3,3,3,3,4,4,4,4,20130714
2013,07,15,5,5,4,3,3,3,2,2,20130715
2013,07,16,1,2,1,1,1,2,2,1,20130716
2013,07,17,1,1,2,1,1,1,1,2,20130717
2013,07,18,1,1,2,2,4,4,4,3,20130718
2013,07,19,3,2,3,2,3,3,3,3,20130719
2013,07,20,3,1,2,1,1,1,1,1,20130720
2013,07,21,1,1,1,1,1,2,1,2,20130721
2013,07,22,1,1,1,1,1,2,1,3,20130722
2013,07,23,2,2,1,1,1,2,1,2,20130723
2013,07,24,2,1,1,1,2,2,1,1,20130724
2013,07,25,1,2,1,1,2,3,4,4,20130725
2013,07,26,4,4,2,3,2,2,2,2,20130726
2013,07,27,3,2,1,3,3,3,3,2,20130727
2013,07,28,2,2,2,2,1,1,2,3,20130728
2013,07,29,2,2,2,1,2,2,1,1,20130729
2013,07,30,1,2,1,1,2,2,2,2,20130730
2013,07,31,2,1,1,1,2,1,2,1,20130731
2013,08,01,1,2,1,1,2,2,1,1,20130801
2013,08,02,1,1,0,1,1,1,1,1,20130802
2013,08,03,1,1,1,1,2,1,1,2,20130803
2013,08,04,1,2,3,2,2,5,3,4,20130804
2013,08,05,5,4,3,2,2,2,2,3,20130805
2013,08,06,2,2,2,1,1,1,2,2,20130806
2013,08,07,2,1,2,1,1,1,1,1,20130807
2013,08,08,1,1,1,1,1,1,1,2,20130808
2013,08,09,1,3,3,2,2,2,2,2,20130809
2013,08,10,2,2,2,2,2,2,2,1,20130810
2013,08,11,2,1,1,2,1,2,1,1,20130811
2013,08,12,2,1,0,1,1,1,2,3,20130812
2013,08,13,2,0,1,2,1,4,3,3,20130813
2013,08,14,3,3,2,1,1,2,2,3,20130814
2013,08,15,4,2,2,3,3,4,2,3,20130815
2013,08,16,4,5,4,2,3,4,4,3,20130816
2013,08,17,3,2,2,1,2,2,1,2,20130817
2013,08,18,2,1,2,2,2,2,2,1,20130818
2013,08,19,2,2,1,1,2,2,1,1,20130819
2013,08,20,1,0,1,1,1,1,1,3,20130820
2013,08,21,3,4,3,3,3,3,4,4,20130821
2013,08,22,4,3,2,2,2,2,4,3,20130822
2013,08,23,4,3,3,3,2,2,3,2,20130823
2013,08,24,2,2,2,2,2,2,2,1,20130824
2013,08,25,1,2,2,3,2,2,1,1,20130825
2013,08,26,2,1,1,1,2,1,2,1,20130826
2013,08,27,2,1,0,2,3,3,5,4,20130827
2013,08,28,4,3,2,1,1,1,1,1,20130828
2013,08,29,1,1,0,1,1,1,1,1,20130829
2013,08,30,0,0,1,2,2,2,2,4,20130830
2013,08,31,4,3,3,2,2,2,1,2,20130831
2013,09,01,3,2,3,2,2,2,2,2,20130901
2013,09,02,2,3,3,2,3,2,1,1,20130902
2013,09,03,2,1,1,1,2,1,2,3,20130903
2013,09,04,2,1,1,2,2,1,2,2,20130904
2013,09,05,1,1,0,2,1,1,2,1,20130905
2013,09,06,1,2,1,1,2,1,2,2,20130906
2013,09,07,1,1,1,1,1,1,1,1,20130907
2013,09,08,2,3,1,1,2,2,1,0,20130908
2013,09,09,0,1,1,1,1,1,1,1,20130909
2013,09,10,0,0,0,2,2,3,3,2,20130910
2013,09,11,2,1,1,2,2,2,2,2,20130911
2013,09,12,2,1,2,1,1,1,2,3,20130912
2013,09,13,3,1,2,1,2,4,2,1,20130913
2013,09,14,2,2,3,1,2,1,1,1,20130914
2013,09,15,1,0,0,0,0,1,0,1,20130915
2013,09,16,2,1,2,2,1,1,1,2,20130916
2013,09,17,1,2,2,1,2,2,3,2,20130917
2013,09,18,2,2,1,1,2,2,2,2,20130918
2013,09,19,2,3,3,3,2,2,3,2,20130919
2013,09,20,1,2,2,1,2,1,1,2,20130920
2013,09,21,1,2,2,3,2,2,2,2,20130921
2013,09,22,2,2,2,1,1,1,1,1,20130922
2013,09,23,1,2,1,1,1,1,2,1,20130923
2013,09,24,2,1,1,3,4,3,1,1,20130924
2013,09,25,2,2,2,1,1,1,0,1,20130925
2013,09,26,0,0,0,0,1,0,0,0,20130926
2013,09,27,0,0,0,0,0,0,1,0,20130927
2013,09,28,0,0,0,0,0,1,0,0,20130928
2013,09,29,0,0,0,0,1,1,2,2,20130929
2013,09,30,1,1,1,0,1,1,0,0,20130930
2013,10,01,0,0,1,1,2,1,2,2,20131001
2013,10,02,5,6,5,3,3,3,5,4,20131002
2013,10,03,4,1,0,1,1,2,2,0,20131003
2013,10,04,0,0,0,0,1,1,1,0,20131004
2013,10,05,0,0,0,1,1,1,0,0,20131005
2013,10,06,0,0,0,1,1,1,0,1,20131006
2013,10,07,1,3,2,1,1,1,1,1,20131007
2013,10,08,0,1,0,1,1,1,5,5,20131008
2013,10,09,5,4,5,4,3,3,2,3,20131009
2013,10,10,4,3,2,2,1,1,1,1,20131010
2013,10,11,1,2,2,1,2,1,1,1,20131011
2013,10,12,0,1,1,2,1,1,2,2,20131012
2013,10,13,1,0,0,0,0,1,0,0,20131013
2013,10,14,0,2,2,3,3,3,4,3,20131014
2013,10,15,4,4,3,3,2,1,1,3,20131015
2013,10,16,4,2,2,1,2,2,2,2,20131016
2013,10,17,2,3,3,2,2,2,1,1,20131017
2013,10,18,0,0,1,1,1,1,2,0,20131018
2013,10,19,0,0,0,1,1,1,0,0,20131019
2013,10,20,0,0,1,1,1,1,1,1,20131020
2013,10,21,0,0,0,0,1,1,0,0,20131021
2013,10,22,0,0,2,2,1,1,2,2,20131022
2013,10,23,1,2,1,1,1,1,1,0,20131023
2013,10,24,1,1,0,1,1,1,0,0,20131024
2013,10,25,0,0,1,0,1,2,1,1,20131025
2013,10,26,0,0,0,1,1,1,1,1,20131026
2013,10,27,0,0,1,1,1,1,1,0,20131027
2013,10,28,1,1,1,0,1,1,0,0,20131028
2013,10,29,0,0,0,3,2,1,2,2,20131029
2013,10,30,0,1,3,3,3,3,3,3,20131030
2013,10,31,2,1,0,2,2,2,2,2,20131031
2013,11,01,2,2,1,1,1,0,1,0,20131101
2013,11,02,1,1,0,1,0,1,0,1,20131102
2013,11,03,2,3,2,1,1,1,2,1,20131103
2013,11,04,0,1,1,2,1,2,2,1,20131104
2013,11,05,1,1,1,1,1,1,0,2,20131105
2013,11,06,0,0,1,1,1,1,1,1,20131106
2013,11,07,1,3,3,4,3,2,2,1,20131107
2013,11,08,2,1,1,1,0,1,0,0,20131108
2013,11,09,2,4,4,4,4,2,2,1,20131109
2013,11,10,2,2,2,2,2,2,3,3,20131110
2013,11,11,4,4,4,3,3,3,2,1,20131111
2013,11,12,1,1,0,0,1,0,0,0,20131112
2013,11,13,0,1,1,1,2,1,0,0,20131113
2013,11,14,0,0,0,1,1,1,0,1,20131114
2013,11,15,1,2,1,1,1,2,2,4,20131115
2013,11,16,3,3,2,3,3,2,1,2,20131116
2013,11,17,2,2,3,2,1,1,1,1,20131117
2013,11,18,1,0,1,1,1,1,1,1,20131118
2013,11,19,0,0,0,0,1,1,2,1,20131119
2013,11,20,1,1,1,1,2,0,1,0,20131120
2013,11,21,0,1,0,1,0,0,1,1,20131121
2013,11,22,1,1,0,0,0,0,1,2,20131122
2013,11,23,1,3,3,3,2,1,1,0,20131123
2013,11,24,0,0,0,1,0,0,1,0,20131124
2013,11,25,0,1,0,0,0,0,1,0,20131125
2013,11,26,0,0,0,0,0,1,1,1,20131126
2013,11,27,1,1,0,0,1,1,1,0,20131127
2013,11,28,0,0,0,0,0,1,0,1,20131128
2013,11,29,1,3,2,2,2,2,3,2,20131129
2013,11,30,1,1,2,2,2,2,2,4,20131130
2013,12,01,3,3,3,2,3,1,1,1,20131201
2013,12,02,0,0,0,0,0,0,0,0,20131202
2013,12,03,1,1,1,3,3,2,2,2,20131203
2013,12,04,2,2,1,0,0,1,1,1,20131204
2013,12,05,1,1,1,2,2,1,1,1,20131205
2013,12,06,1,1,1,1,0,0,1,1,20131206
2013,12,07,2,1,2,1,1,1,2,3,20131207
2013,12,08,6,5,4,2,2,4,3,2,20131208
2013,12,09,1,0,1,1,1,2,2,1,20131209
2013,12,10,1,3,2,2,1,1,1,1,20131210
2013,12,11,1,1,1,1,1,0,1,1,20131211
2013,12,12,0,1,1,1,0,0,0,1,20131212
2013,12,13,0,1,0,0,2,2,1,1,20131213
2013,12,14,3,4,2,1,1,3,4,3,20131214
2013,12,15,2,1,1,1,1,3,1,1,20131215
2013,12,16,3,3,2,1,1,1,2,2,20131216
2013,12,17,2,1,0,0,0,1,2,1,20131217
2013,12,18,1,1,2,1,0,1,1,2,20131218
2013,12,19,2,2,0,0,1,2,2,2,20131219
2013,12,20,2,3,0,1,1,2,2,1,20131220
2013,12,21,1,1,2,1,0,0,1,0,20131221
2013,12,22,0,1,1,1,0,0,1,0,20131222
2013,12,23,1,1,1,0,0,0,1,1,20131223
2013,12,24,0,0,0,0,0,1,1,1,20131224
2013,12,25,2,1,2,3,3,2,1,1,20131225
2013,12,26,1,1,1,1,1,0,0,0,20131226
2013,12,27,0,0,0,0,0,0,2,1,20131227
2013,12,28,0,0,0,1,1,1,1,1,20131228
2013,12,29,1,1,1,2,1,1,2,1,20131229
2013,12,30,0,0,1,1,1,1,1,1,20131230
2013,12,31,2,1,2,2,2,1,2,1,20131231
2014,01,01,1,2,2,3,4,3,3,3,20140101
2014,01,02,3,4,4,2,3,3,5,3,20140102
2014,01,03,3,2,2,3,3,3,3,2,20140103
2014,01,04,1,1,1,2,2,2,2,1,20140104
2014,01,05,1,1,2,1,1,1,1,0,20140105
2014,01,06,0,1,1,0,1,1,2,2,20140106
2014,01,07,1,2,0,1,1,3,3,3,20140107
2014,01,08,3,3,1,1,1,1,1,2,20140108
2014,01,09,3,3,2,2,1,1,3,2,20140109
2014,01,10,2,2,1,1,1,2,1,1,20140110
2014,01,11,0,0,0,0,1,1,3,2,20140111
2014,01,12,1,1,2,1,2,1,3,4,20140112
2014,01,13,3,3,2,1,1,1,0,1,20140113
2014,01,14,4,2,2,1,3,2,1,3,20140114
2014,01,15,2,1,1,1,0,1,1,1,20140115
2014,01,16,0,0,1,1,1,0,1,0,20140116
2014,01,17,1,1,1,0,1,1,1,2,20140117
2014,01,18,1,0,0,0,0,0,1,0,20140118
2014,01,19,1,0,0,0,1,1,1,0,20140119
2014,01,20,0,0,1,1,1,1,1,0,20140120
2014,01,21,3,1,2,2,2,2,2,2,20140121
2014,01,22,2,2,3,3,2,1,2,3,20140122
2014,01,23,3,2,2,1,1,1,2,1,20140123
2014,01,24,3,2,1,1,1,1,1,1,20140124
2014,01,25,3,2,2,1,1,2,2,3,20140125
2014,01,26,2,3,2,1,0,2,1,1,20140126
2014,01,27,1,1,1,0,1,1,1,1,20140127
2014,01,28,0,0,2,1,1,2,2,2,20140128
2014,01,29,2,2,2,2,2,2,2,2,20140129
2014,01,30,2,3,1,0,0,0,1,1,20140130
2014,01,31,0,0,1,1,1,0,1,1,20140131
2014,02,01,0,0,1,1,1,1,2,3,20140201
2014,02,02,1,2,1,0,1,1,2,1,20140202
2014,02,03,2,2,2,1,1,2,1,2,20140203
2014,02,04,2,2,1,1,1,1,1,1,20140204
2014,02,05,1,1,1,0,2,1,1,2,20140205
2014,02,06,2,3,2,2,3,2,2,1,20140206
2014,02,07,1,0,2,2,1,3,3,4,20140207
2014,02,08,4,4,4,2,2,2,4,5,20140208
2014,02,09,4,3,3,1,3,3,4,3,20140209
2014,02,10,3,2,2,2,1,1,4,4,20140210
2014,02,11,2,2,2,1,1,0,1,3,20140211
2014,02,12,3,3,2,1,1,2,2,1,20140212
2014,02,13,1,0,1,1,0,0,1,0,20140213
2014,02,14,0,0,1,1,2,1,1,1,20140214
2014,02,15,0,1,0,0,3,3,3,5,20140215
2014,02,16,5,3,2,2,3,4,4,3,20140216
2014,02,17,2,1,1,1,1,1,2,3,20140217
2014,02,18,1,0,2,2,1,2,3,3,20140218
2014,02,19,5,6,6,5,6,3,2,3,20140219
2014,02,20,2,6,6,6,5,3,3,3,20140220
2014,02,21,3,3,3,3,2,3,2,3,20140221
2014,02,22,4,3,2,3,2,3,2,2,20140222
2014,02,23,2,2,3,3,3,4,4,4,20140223
2014,02,24,2,2,2,3,2,2,2,1,20140224
2014,02,25,2,0,1,1,1,1,1,2,20140225
2014,02,26,2,0,1,1,0,1,1,1,20140226
2014,02,27,1,1,1,1,3,4,6,5,20140227
2014,02,28,4,3,4,3,2,3,1,1,20140228
2014,03,01,2,2,2,2,2,1,2,3,20140301
2014,03,02,3,2,1,1,1,0,1,1,20140302
2014,03,03,3,2,2,2,2,1,1,1,20140303
2014,03,04,2,1,0,2,3,2,2,3,20140304
2014,03,05,2,1,2,2,3,2,2,2,20140305
2014,03,06,1,1,1,2,2,2,3,1,20140306
2014,03,07,1,1,1,1,1,1,1,1,20140307
2014,03,08,1,1,1,1,1,1,1,1,20140308
2014,03,09,1,0,1,1,0,0,1,1,20140309
2014,03,10,1,1,1,3,2,0,1,1,20140310
2014,03,11,0,0,1,2,1,1,1,1,20140311
2014,03,12,2,1,1,1,1,1,2,3,20140312
2014,03,13,5,4,3,2,2,1,2,1,20140313
2014,03,14,1,2,2,1,2,2,1,1,20140314
2014,03,15,2,1,1,1,0,0,1,1,20140315
2014,03,16,1,1,1,0,0,0,1,0,20140316
2014,03,17,0,0,1,1,0,0,1,1,20140317
2014,03,18,1,1,2,2,2,1,2,1,20140318
2014,03,19,2,1,2,1,1,1,1,1,20140319
2014,03,20,1,2,2,2,1,0,1,1,20140320
2014,03,21,3,2,3,3,2,3,2,2,20140321
2014,03,22,2,1,1,2,2,1,1,2,20140322
2014,03,23,2,2,2,1,1,1,2,2,20140323
2014,03,24,2,1,1,2,1,1,1,1,20140324
2014,03,25,1,1,1,2,2,1,3,3,20140325
2014,03,26,4,1,4,2,1,1,2,1,20140326
2014,03,27,2,2,1,3,2,2,2,0,20140327
2014,03,28,1,1,1,2,2,1,3,3,20140328
2014,03,29,3,2,1,2,1,1,1,3,20140329
2014,03,30,2,1,1,2,1,1,1,1,20140330
2014,03,31,0,1,1,2,3,3,2,1,20140331
2014,04,01,1,1,1,1,2,2,1,3,20140401
2014,04,02,1,1,1,1,2,1,1,2,20140402
2014,04,03,1,2,1,2,2,1,1,2,20140403
2014,04,04,1,2,2,2,2,2,1,1,20140404
2014,04,05,2,1,2,4,4,3,3,3,20140405
2014,04,06,3,1,1,1,1,1,0,2,20140406
2014,04,07,3,2,2,1,3,4,2,2,20140407
2014,04,08,2,1,0,2,2,1,1,0,20140408
2014,04,09,1,1,2,2,2,2,2,1,20140409
2014,04,10,0,1,1,1,1,0,1,0,20140410
2014,04,11,1,2,2,2,1,2,2,3,20140411
2014,04,12,5,5,5,3,3,2,3,3,20140412
2014,04,13,4,4,3,3,2,2,3,2,20140413
2014,04,14,3,2,3,2,1,1,2,2,20140414
2014,04,15,2,3,2,2,1,1,1,1,20140415
2014,04,16,1,1,1,2,2,0,1,2,20140416
2014,04,17,3,3,2,2,2,3,2,1,20140417
2014,04,18,2,2,1,2,2,1,2,3,20140418
2014,04,19,4,4,3,3,2,3,3,2,20140419
2014,04,20,3,2,1,3,5,4,4,4,20140420
2014,04,21,4,4,3,4,3,4,2,2,20140421
2014,04,22,1,2,1,2,1,1,0,1,20140422
2014,04,23,1,1,1,2,2,2,2,2,20140423
2014,04,24,3,2,3,2,2,2,2,3,20140424
2014,04,25,3,3,1,2,2,2,2,1,20140425
2014,04,26,1,3,2,1,2,1,1,2,20140426
2014,04,27,1,1,1,0,1,1,1,2,20140427
2014,04,28,2,3,2,2,1,1,0,1,20140428
2014,04,29,2,1,1,1,1,1,1,4,20140429
2014,04,30,3,3,4,3,4,3,3,1,20140430
2014,05,01,2,3,2,1,1,1,1,1,20140501
2014,05,02,1,2,1,1,1,0,0,0,20140502
2014,05,03,1,1,1,1,1,2,3,3,20140503
2014,05,04,3,4,4,3,3,2,2,1,20140504
2014,05,05,2,3,3,2,2,2,2,2,20140505
2014,05,06,1,1,1,1,1,0,0,0,20140506
2014,05,07,0,1,1,1,2,1,1,2,20140507
2014,05,08,2,4,3,4,3,4,3,4,20140508
2014,05,09,3,2,3,2,1,1,1,1,20140509
2014,05,10,2,3,2,1,1,1,3,3,20140510
2014,05,11,4,3,2,3,2,2,2,3,20140511
2014,05,12,2,2,3,2,2,2,2,2,20140512
2014,05,13,1,2,1,1,1,1,1,2,20140513
2014,05,14,1,1,1,1,2,2,1,2,20140514
2014,05,15,2,2,1,1,1,1,1,1,20140515
2014,05,16,2,1,1,1,2,2,1,1,20140516
2014,05,17,1,1,1,1,1,1,0,1,20140517
2014,05,18,2,2,1,1,1,2,1,1,20140518
2014,05,19,1,1,1,1,1,1,1,2,20140519
2014,05,20,1,1,2,1,1,1,0,0,20140520
2014,05,21,1,1,1,1,1,0,0,1,20140521
2014,05,22,1,1,2,1,2,3,2,3,20140522
2014,05,23,3,2,1,1,2,4,4,5,20140523
2014,05,24,2,2,2,1,1,1,1,2,20140524
2014,05,25,2,2,1,0,1,1,0,1,20140525
2014,05,26,2,1,2,1,0,0,0,0,20140526
2014,05,27,1,1,1,1,1,1,1,2,20140527
2014,05,28,2,1,1,1,1,1,1,2,20140528
2014,05,29,1,1,1,3,2,2,2,1,20140529
2014,05,30,0,2,2,2,2,2,4,2,20140530
2014,05,31,1,2,1,1,1,1,1,1,20140531
2014,06,01,1,1,1,2,1,1,1,1,20140601
2014,06,02,1,1,1,1,1,1,1,3,20140602
2014,06,03,3,2,1,1,1,1,2,1,20140603
2014,06,04,1,2,2,1,1,2,1,2,20140604
2014,06,05,2,2,1,2,1,1,2,3,20140605
2014,06,06,2,2,0,1,1,2,2,2,20140606
2014,06,07,2,2,2,2,2,4,4,4,20140607
2014,06,08,3,6,6,5,5,4,3,2,20140608
2014,06,09,1,1,2,2,1,1,2,1,20140609
2014,06,10,1,1,2,2,2,2,2,2,20140610
2014,06,11,2,2,2,3,2,2,2,1,20140611
2014,06,12,1,2,1,1,1,1,1,1,20140612
2014,06,13,1,1,1,1,2,2,2,2,20140613
2014,06,14,3,2,3,2,1,1,2,2,20140614
2014,06,15,2,1,2,2,1,1,1,1,20140615
2014,06,16,1,1,1,1,2,2,1,1,20140616
2014,06,17,2,2,3,2,2,1,2,3,20140617
2014,06,18,3,2,2,2,2,3,4,5,20140618
2014,06,19,3,3,2,2,1,2,2,2,20140619
2014,06,20,1,2,2,2,3,3,2,3,20140620
2014,06,21,2,2,2,2,1,1,1,1,20140621
2014,06,22,1,2,1,1,1,1,1,2,20140622
2014,06,23,1,1,0,0,1,1,0,3,20140623
2014,06,24,3,3,2,1,1,1,2,1,20140624
2014,06,25,1,1,2,2,1,2,2,2,20140625
2014,06,26,1,1,1,2,2,1,1,1,20140626
2014,06,27,1,1,0,1,1,1,2,1,20140627
2014,06,28,1,2,1,2,3,2,2,1,20140628
2014,06,29,3,2,2,1,1,1,2,3,20140629
2014,06,30,3,1,1,1,1,1,2,1,20140630
2014,07,01,1,2,1,1,1,1,1,1,20140701
2014,07,02,1,1,1,2,1,2,1,1,20140702
2014,07,03,2,2,2,3,2,1,1,1,20140703
2014,07,04,2,1,2,2,2,0,0,1,20140704
2014,07,05,1,1,1,1,1,1,1,1,20140705
2014,07,06,1,1,1,2,1,1,1,1,20140706
2014,07,07,2,1,1,2,2,2,1,1,20140707
2014,07,08,1,1,2,1,2,2,2,2,20140708
2014,07,09,2,2,2,1,1,2,2,3,20140709
2014,07,10,3,2,2,1,2,2,2,2,20140710
2014,07,11,2,2,2,2,1,2,2,2,20140711
2014,07,12,2,2,2,2,2,1,1,1,20140712
2014,07,13,1,2,1,2,1,1,1,2,20140713
2014,07,14,2,1,1,2,3,3,3,2,20140714
2014,07,15,2,2,2,2,2,2,1,1,20140715
2014,07,16,1,1,2,1,1,1,1,1,20140716
2014,07,17,1,1,1,1,1,1,1,2,20140717
2014,07,18,1,1,1,1,1,0,0,1,20140718
2014,07,19,0,1,1,1,1,0,0,0,20140719
2014,07,20,1,1,1,0,1,1,0,1,20140720
2014,07,21,1,1,1,1,1,2,2,2,20140721
2014,07,22,2,1,1,1,2,1,1,2,20140722
2014,07,23,1,1,1,1,1,1,3,3,20140723
2014,07,24,1,2,1,2,2,1,1,1,20140724
2014,07,25,3,2,2,2,1,1,1,1,20140725
2014,07,26,2,2,2,2,2,2,2,1,20140726
2014,07,27,2,1,2,2,1,1,1,2,20140727
2014,07,28,2,2,3,2,2,3,2,1,20140728
2014,07,29,1,1,0,1,1,1,1,1,20140729
2014,07,30,3,1,1,1,1,1,1,1,20140730
2014,07,31,1,1,1,2,1,1,1,2,20140731
2014,08,01,2,2,1,2,2,2,3,4,20140801
2014,08,02,3,2,2,3,4,3,2,2,20140802
2014,08,03,1,3,1,2,1,1,2,2,20140803
2014,08,04,2,3,3,3,2,2,3,3,20140804
2014,08,05,3,2,3,2,3,2,3,2,20140805
2014,08,06,2,3,2,2,2,1,1,1,20140806
2014,08,07,2,2,1,2,2,1,2,2,20140807
2014,08,08,3,3,2,2,2,1,1,1,20140808
2014,08,09,1,1,2,1,1,1,0,0,20140809
2014,08,10,1,1,2,2,2,2,4,2,20140810
2014,08,11,1,1,1,1,2,2,1,3,20140811
2014,08,12,3,2,1,2,1,3,4,4,20140812
2014,08,13,2,2,2,2,2,1,1,1,20140813
2014,08,14,1,1,1,2,1,1,1,2,20140814
2014,08,15,1,1,1,1,2,2,0,1,20140815
2014,08,16,1,1,0,1,1,0,1,1,20140816
2014,08,17,2,1,1,3,3,2,1,2,20140817
2014,08,18,1,1,2,0,1,1,1,1,20140818
2014,08,19,1,1,2,3,2,2,4,6,20140819
2014,08,20,2,1,1,2,2,1,1,2,20140820
2014,08,21,3,3,2,2,2,1,3,2,20140821
2014,08,22,1,3,1,0,1,0,0,1,20140822
2014,08,23,1,2,2,1,1,1,1,1,20140823
2014,08,24,1,1,1,1,2,1,1,1,20140824
2014,08,25,0,1,1,1,1,1,1,1,20140825
2014,08,26,1,1,1,2,1,1,1,1,20140826
2014,08,27,1,3,4,4,4,4,3,4,20140827
2014,08,28,4,5,4,3,3,3,3,2,20140828
2014,08,29,3,4,3,5,3,2,3,4,20140829
2014,08,30,4,4,2,3,4,2,3,2,20140830
2014,08,31,2,2,3,4,3,2,4,4,20140831
2014,09,01,3,3,3,3,3,2,2,3,20140901
2014,09,02,2,3,2,2,3,2,2,3,20140902
2014,09,03,3,3,3,2,2,1,1,2,20140903
2014,09,04,3,2,2,3,2,1,1,2,20140904
2014,09,05,2,2,2,2,2,2,2,2,20140905
2014,09,06,1,2,3,2,2,3,2,2,20140906
2014,09,07,3,3,3,1,1,1,0,0,20140907
2014,09,08,1,2,2,1,1,1,2,2,20140908
2014,09,09,3,2,2,2,2,2,2,3,20140909
2014,09,10,2,1,1,2,1,3,3,3,20140910
2014,09,11,3,4,3,3,2,1,1,3,20140911
2014,09,12,5,5,2,3,2,6,5,7,20140912
2014,09,13,4,3,4,2,2,2,2,2,20140913
2014,09,14,1,1,1,1,1,1,0,0,20140914
2014,09,15,1,1,1,1,1,1,1,1,20140915
2014,09,16,2,2,2,2,1,1,2,2,20140916
2014,09,17,3,1,0,0,1,2,2,2,20140917
2014,09,18,3,1,1,1,1,2,3,3,20140918
2014,09,19,4,5,4,3,3,4,3,2,20140919
2014,09,20,2,2,1,1,2,1,1,1,20140920
2014,09,21,2,3,2,1,1,1,2,1,20140921
2014,09,22,2,3,2,2,3,2,2,2,20140922
2014,09,23,3,2,2,2,3,3,3,3,20140923
2014,09,24,4,4,3,4,4,3,3,4,20140924
2014,09,25,4,3,3,3,2,2,2,3,20140925
2014,09,26,3,3,3,2,3,3,2,3,20140926
2014,09,27,4,4,3,3,3,2,2,1,20140927
2014,09,28,2,2,2,3,3,2,2,1,20140928
2014,09,29,2,2,2,2,2,2,4,3,20140929
2014,09,30,3,4,3,4,3,2,2,3,20140930
2014,10,01,4,3,3,2,2,2,2,2,20141001
2014,10,02,2,2,2,2,2,2,1,3,20141002
2014,10,03,2,1,1,1,0,1,1,1,20141003
2014,10,04,1,2,2,2,1,1,1,2,20141004
2014,10,05,2,2,2,1,2,1,1,1,20141005
2014,10,06,3,2,1,1,1,1,1,2,20141006
2014,10,07,2,3,1,1,1,1,1,1,20141007
2014,10,08,1,1,2,3,2,2,2,3,20141008
2014,10,09,3,4,4,3,3,2,2,2,20141009
2014,10,10,3,3,1,1,1,1,2,1,20141010
2014,10,11,3,3,3,3,3,1,1,1,20141011
2014,10,12,1,1,1,2,2,1,1,1,20141012
2014,10,13,1,1,2,0,2,2,3,3,20141013
2014,10,14,1,1,1,1,3,4,5,5,20141014
2014,10,15,5,3,2,2,2,2,1,1,20141015
2014,10,16,2,1,1,2,2,2,1,3,20141016
2014,10,17,2,3,2,2,1,1,2,3,20141017
2014,10,18,4,3,2,2,3,4,2,3,20141018
2014,10,19,3,3,3,3,2,1,2,2,20141019
2014,10,20,3,3,4,4,4,5,4,4,20141020
2014,10,21,3,2,3,3,4,3,4,3,20141021
2014,10,22,4,3,3,2,3,3,3,2,20141022
2014,10,23,2,2,2,2,3,2,4,2,20141023
2014,10,24,3,1,2,2,2,4,2,2,20141024
2014,10,25,3,2,2,2,2,3,2,1,20141025
2014,10,26,3,3,3,3,3,2,2,1,20141026
2014,10,27,3,2,3,3,2,3,2,4,20141027
2014,10,28,4,3,3,3,3,3,2,1,20141028
2014,10,29,4,2,2,2,2,2,2,1,20141029
2014,10,30,1,1,2,2,1,1,1,2,20141030
2014,10,31,1,2,2,1,2,1,2,2,20141031
2014,11,01,1,1,2,2,3,2,1,1,20141101
2014,11,02,2,1,1,1,3,3,3,1,20141102
2014,11,03,3,2,2,2,1,1,0,2,20141103
2014,11,04,2,1,3,4,4,3,4,4,20141104
2014,11,05,4,4,3,4,3,2,3,3,20141105
2014,11,06,2,2,2,2,2,1,2,3,20141106
2014,11,07,3,3,2,3,2,2,2,3,20141107
2014,11,08,2,1,2,2,2,2,1,3,20141108
2014,11,09,3,2,2,1,1,2,2,3,20141109
2014,11,10,4,3,3,5,4,4,4,2,20141110
2014,11,11,3,2,2,2,2,2,2,5,20141111
2014,11,12,4,2,2,2,1,1,1,2,20141112
2014,11,13,1,2,1,2,2,1,1,1,20141113
2014,11,14,3,3,3,2,2,2,3,3,20141114
2014,11,15,3,3,3,3,3,2,2,4,20141115
2014,11,16,4,4,4,3,4,4,3,3,20141116
2014,11,17,3,2,1,2,3,3,3,3,20141117
2014,11,18,3,3,2,3,3,3,2,2,20141118
2014,11,19,4,1,2,2,2,1,2,1,20141119
2014,11,20,4,2,2,3,1,2,3,2,20141120
2014,11,21,4,4,2,3,3,3,3,3,20141121
2014,11,22,3,2,2,2,2,2,3,4,20141122
2014,11,23,2,2,3,3,3,2,3,2,20141123
2014,11,24,3,2,1,2,2,2,2,1,20141124
2014,11,25,1,2,1,2,1,2,2,1,20141125
2014,11,26,1,1,2,1,2,1,0,1,20141126
2014,11,27,2,3,2,1,2,2,2,2,20141127
2014,11,28,1,1,0,1,3,2,1,1,20141128
2014,11,29,1,1,2,1,2,2,2,1,20141129
2014,11,30,1,2,2,2,1,3,3,3,20141130
2014,12,01,2,2,2,1,2,2,2,4,20141201
2014,12,02,3,3,3,2,3,2,3,2,20141202
2014,12,03,3,2,1,2,2,2,3,2,20141203
2014,12,04,3,2,1,1,2,3,2,4,20141204
2014,12,05,2,3,2,3,3,2,2,2,20141205
2014,12,06,2,2,3,2,2,2,4,4,20141206
2014,12,07,5,3,3,3,5,4,4,4,20141207
2014,12,08,4,3,3,2,3,4,3,3,20141208
2014,12,09,4,3,3,2,3,2,4,3,20141209
2014,12,10,3,3,2,3,2,1,1,1,20141210
2014,12,11,2,1,1,1,1,1,2,3,20141211
2014,12,12,3,3,4,3,5,4,4,3,20141212
2014,12,13,2,3,2,2,2,3,3,3,20141213
2014,12,14,2,3,2,2,3,3,3,2,20141214
2014,12,15,2,3,3,3,3,3,3,3,20141215
2014,12,16,1,1,1,2,3,2,2,3,20141216
2014,12,17,3,3,2,1,1,2,2,1,20141217
2014,12,18,1,1,1,1,1,2,2,2,20141218
2014,12,19,3,2,2,2,1,2,2,2,20141219
2014,12,20,3,2,2,2,2,2,1,3,20141220
2014,12,21,3,3,3,2,3,2,4,4,20141221
2014,12,22,5,5,4,2,2,3,2,2,20141222
2014,12,23,1,0,1,4,2,2,3,4,20141223
2014,12,24,4,3,2,2,4,3,3,3,20141224
2014,12,25,2,2,2,1,3,3,4,4,20141225
2014,12,26,4,4,2,2,2,2,4,3,20141226
2014,12,27,3,2,2,2,2,1,1,1,20141227
2014,12,28,3,2,1,1,1,2,4,3,20141228
2014,12,29,2,3,2,3,4,5,4,5,20141229
2014,12,30,4,4,4,2,3,3,3,3,20141230
2014,12,31,2,2,2,2,2,3,2,2,20141231
2015,01,01,2,1,1,1,1,2,2,3,20150101
2015,01,02,3,1,2,2,3,2,3,4,20150102
2015,01,03,5,3,3,3,3,2,2,1,20150103
2015,01,04,1,1,2,4,4,5,4,5,20150104
2015,01,05,5,3,3,2,2,2,3,3,20150105
2015,01,06,2,3,3,4,2,3,3,2,20150106
2015,01,07,3,1,6,7,4,2,3,4,20150107
2015,01,08,4,4,3,2,2,3,2,3,20150108
2015,01,09,3,2,3,2,2,2,2,2,20150109
2015,01,10,2,3,2,2,3,3,1,0,20150110
2015,01,11,3,2,3,2,2,1,2,2,20150111
2015,01,12,0,1,1,2,3,2,3,2,20150112
2015,01,13,2,2,1,2,3,2,2,2,20150113
2015,01,14,2,1,2,2,3,1,2,1,20150114
2015,01,15,1,1,2,1,3,2,1,1,20150115
2015,01,16,1,3,2,2,2,1,2,2,20150116
2015,01,17,3,3,1,2,1,0,1,2,20150117
2015,01,18,0,1,0,1,2,1,2,2,20150118
2015,01,19,3,1,1,1,1,1,1,2,20150119
2015,01,20,1,1,2,1,1,0,1,1,20150120
2015,01,21,2,2,2,1,2,3,4,3,20150121
2015,01,22,4,3,2,3,3,2,2,2,20150122
2015,01,23,3,3,3,2,2,2,2,1,20150123
2015,01,24,1,2,1,2,2,2,2,2,20150124
2015,01,25,1,2,1,0,1,1,1,3,20150125
2015,01,26,3,3,3,4,3,3,2,2,20150126
2015,01,27,3,3,3,2,2,3,3,3,20150127
2015,01,28,3,2,3,2,1,1,1,1,20150128
2015,01,29,2,1,1,2,2,2,4,3,20150129
2015,01,30,3,3,2,1,1,2,3,3,20150130
2015,01,31,2,2,1,2,2,2,2,4,20150131
2015,02,01,4,3,3,2,2,3,4,5,20150201
2015,02,02,5,5,4,4,3,4,4,3,20150202
2015,02,03,4,4,3,2,2,3,3,3,20150203
2015,02,04,3,2,2,2,3,3,1,2,20150204
2015,02,05,2,3,1,3,3,4,3,2,20150205
2015,02,06,1,1,2,2,2,1,1,0,20150206
2015,02,07,1,0,3,3,2,3,2,2,20150207
2015,02,08,2,3,3,2,2,2,3,3,20150208
2015,02,09,3,1,1,1,3,2,2,3,20150209
2015,02,10,1,3,1,1,1,2,2,3,20150210
2015,02,11,2,3,1,1,2,1,0,1,20150211
2015,02,12,2,1,1,1,2,2,2,1,20150212
2015,02,13,0,0,0,1,1,1,1,1,20150213
2015,02,14,0,1,1,1,0,0,1,1,20150214
2015,02,15,1,2,2,2,3,1,1,1,20150215
2015,02,16,0,1,1,1,1,1,2,3,20150216
2015,02,17,3,3,3,4,3,3,4,5,20150217
2015,02,18,5,4,3,3,2,2,2,3,20150218
2015,02,19,3,3,2,1,1,2,2,2,20150219
2015,02,20,1,2,2,2,2,1,1,2,20150220
2015,02,21,3,3,1,1,2,1,1,2,20150221
2015,02,22,3,2,1,2,1,1,1,2,20150222
2015,02,23,3,3,3,3,3,4,3,4,20150223
2015,02,24,5,5,4,4,3,2,2,3,20150224
2015,02,25,1,1,3,2,3,2,1,1,20150225
2015,02,26,2,1,2,2,1,0,1,1,20150226
2015,02,27,1,0,1,1,1,1,1,2,20150227
2015,02,28,1,3,3,2,2,4,3,3,20150228
2015,03,01,5,5,5,4,2,2,2,3,20150301
2015,03,02,4,4,5,5,4,4,3,2,20150302
2015,03,03,3,3,2,2,2,1,2,3,20150303
2015,03,04,2,2,2,3,3,1,2,3,20150304
2015,03,05,1,1,1,2,2,2,2,2,20150305
2015,03,06,2,3,4,3,2,2,3,3,20150306
2015,03,07,4,4,3,3,2,4,3,4,20150307
2015,03,08,3,2,3,3,4,2,2,1,20150308
2015,03,09,3,2,1,0,1,1,1,1,20150309
2015,03,10,2,2,2,2,1,1,1,1,20150310
2015,03,11,1,3,2,2,2,3,2,1,20150311
2015,03,12,2,3,2,3,2,2,1,0,20150312
2015,03,13,1,1,1,1,3,2,1,1,20150313
2015,03,14,1,2,2,2,2,1,1,2,20150314
2015,03,15,2,2,3,2,1,2,2,1,20150315
2015,03,16,2,3,3,3,2,3,1,1,20150316
2015,03,17,2,5,6,6,8,8,7,8,20150317
2015,03,18,6,5,4,5,5,6,5,5,20150318
2015,03,19,4,4,4,5,5,3,3,4,20150319
2015,03,20,5,3,5,3,3,3,3,5,20150320
2015,03,21,4,3,4,3,2,2,2,2,20150321
2015,03,22,2,3,6,4,4,1,1,1,20150322
2015,03,23,4,5,3,3,4,3,2,3,20150323
2015,03,24,2,2,2,2,3,4,2,2,20150324
2015,03,25,2,2,3,4,3,2,3,2,20150325
2015,03,26,2,1,2,1,2,2,2,3,20150326
2015,03,27,3,3,2,2,3,1,1,2,20150327
2015,03,28,0,2,3,3,2,2,2,3,20150328
2015,03,29,4,3,3,3,3,1,2,2,20150329
2015,03,30,2,2,1,1,1,1,1,2,20150330
2015,03,31,1,1,2,2,3,2,3,2,20150331
2015,04,01,2,1,2,2,2,3,2,2,20150401
2015,04,02,1,2,2,2,3,2,3,4,20150402
2015,04,03,3,3,3,3,3,3,2,3,20150403
2015,04,04,3,3,2,2,3,3,2,2,20150404
2015,04,05,2,3,2,1,1,2,2,3,20150405
2015,04,06,3,3,2,1,2,1,1,1,20150406
2015,04,07,2,2,1,1,1,1,2,1,20150407
2015,04,08,1,1,0,1,1,1,1,1,20150408
2015,04,09,2,3,2,3,3,3,2,3,20150409
2015,04,10,5,6,5,4,4,3,3,2,20150410
2015,04,11,4,4,4,4,3,3,3,2,20150411
2015,04,12,1,1,1,1,1,1,1,1,20150412
2015,04,13,3,3,2,2,2,2,1,1,20150413
2015,04,14,1,1,2,2,3,4,4,4,20150414
2015,04,15,2,3,3,5,5,4,5,4,20150415
2015,04,16,5,5,5,4,3,4,5,6,20150416
2015,04,17,5,5,4,3,3,2,3,2,20150417
2015,04,18,3,2,3,3,2,3,3,3,20150418
2015,04,19,3,3,2,2,2,2,2,2,20150419
2015,04,20,3,3,1,2,2,1,2,3,20150420
2015,04,21,4,4,3,4,4,4,3,3,20150421
2015,04,22,3,2,3,3,2,2,2,3,20150422
2015,04,23,2,4,2,2,1,1,0,1,20150423
2015,04,24,2,3,1,1,1,0,0,0,20150424
2015,04,25,0,1,1,1,1,0,1,1,20150425
2015,04,26,1,1,1,1,1,1,0,1,20150426
2015,04,27,1,1,1,2,2,1,2,2,20150427
2015,04,28,2,1,2,2,2,1,1,1,20150428
2015,04,29,1,0,1,1,2,1,1,1,20150429
2015,04,30,2,1,1,1,1,0,2,1,20150430
2015,05,01,1,2,1,1,2,2,2,2,20150501
2015,05,02,2,2,2,2,2,1,3,3,20150502
2015,05,03,3,3,2,2,1,1,1,1,20150503
2015,05,04,2,1,2,2,2,2,1,1,20150504
2015,05,05,1,1,2,2,2,1,1,2,20150505
2015,05,06,4,3,3,4,5,4,3,2,20150506
2015,05,07,2,2,1,1,1,2,1,2,20150507
2015,05,08,3,2,2,2,1,1,1,1,20150508
2015,05,09,1,1,0,2,1,2,3,3,20150509
2015,05,10,2,2,3,4,3,1,2,2,20150510
2015,05,11,4,4,3,3,3,2,2,3,20150511
2015,05,12,3,3,3,3,3,2,3,3,20150512
2015,05,13,5,6,6,4,4,4,4,4,20150513
2015,05,14,2,3,3,2,2,1,2,3,20150514
2015,05,15,2,2,3,2,2,1,1,2,20150515
2015,05,16,2,1,2,2,2,1,1,2,20150516
2015,05,17,2,2,2,1,1,1,2,1,20150517
2015,05,18,2,2,2,3,3,1,3,5,20150518
2015,05,19,6,4,2,3,2,2,2,1,20150519
2015,05,20,3,3,2,2,2,1,1,0,20150520
2015,05,21,0,1,1,1,1,1,1,1,20150521
2015,05,22,2,1,0,1,1,0,1,0,20150522
2015,05,23,0,1,1,2,1,1,1,1,20150523
2015,05,24,1,2,1,1,1,1,1,2,20150524
2015,05,25,1,1,1,1,1,0,1,1,20150525
2015,05,26,2,2,2,1,1,2,2,0,20150526
2015,05,27,1,1,2,1,3,2,1,2,20150527
2015,05,28,2,2,1,2,2,1,1,2,20150528
2015,05,29,1,2,2,2,2,2,2,2,20150529
2015,05,30,1,1,2,1,2,1,1,2,20150530
2015,05,31,2,1,2,1,1,2,1,2,20150531
2015,06,01,3,3,2,2,1,1,2,1,20150601
2015,06,02,1,1,1,1,1,0,1,0,20150602
2015,06,03,1,1,1,2,2,1,1,0,20150603
2015,06,04,0,1,0,1,1,1,1,1,20150604
2015,06,05,0,1,1,1,1,1,1,1,20150605
2015,06,06,1,2,1,2,2,1,1,1,20150606
2015,06,07,1,1,1,2,2,1,2,3,20150607
2015,06,08,4,4,6,4,4,5,3,4,20150608
2015,06,09,4,3,3,2,3,3,3,2,20150609
2015,06,10,3,2,3,3,2,2,3,3,20150610
2015,06,11,2,3,3,2,2,2,1,1,20150611
2015,06,12,2,2,1,1,2,2,2,2,20150612
2015,06,13,3,2,2,3,2,2,2,3,20150613
2015,06,14,4,3,4,5,2,3,3,3,20150614
2015,06,15,2,2,3,3,4,3,3,2,20150615
2015,06,16,3,3,3,2,2,3,2,2,20150616
2015,06,17,3,3,3,3,4,3,1,1,20150617
2015,06,18,3,2,1,2,2,2,1,1,20150618
2015,06,19,3,1,1,1,1,0,0,1,20150619
2015,06,20,1,1,1,1,0,0,0,1,20150620
2015,06,21,1,1,1,1,1,4,2,3,20150621
2015,06,22,1,3,4,3,4,5,8,5,20150622
2015,06,23,7,8,6,5,6,3,4,3,20150623
2015,06,24,4,3,4,3,3,3,2,2,20150624
2015,06,25,2,2,6,5,5,4,4,4,20150625
2015,06,26,3,3,2,3,2,1,1,3,20150626
2015,06,27,2,2,3,2,2,1,2,3,20150627
2015,06,28,3,3,3,2,3,2,3,2,20150628
2015,06,29,2,2,2,2,2,1,1,1,20150629
2015,06,30,1,2,2,1,1,1,2,3,20150630
2015,07,01,2,1,1,2,2,2,1,1,20150701
2015,07,02,1,1,1,1,1,0,0,1,20150702
2015,07,03,0,1,1,1,1,0,0,1,20150703
2015,07,04,1,2,1,1,3,3,5,5,20150704
2015,07,05,6,5,3,3,3,2,3,3,20150705
2015,07,06,4,4,2,2,1,1,2,1,20150706
2015,07,07,3,1,1,1,1,1,1,1,20150707
2015,07,08,1,1,1,1,1,2,2,1,20150708
2015,07,09,1,3,1,1,2,1,1,1,20150709
2015,07,10,1,1,1,0,1,1,2,5,20150710
2015,07,11,4,5,4,3,3,3,4,3,20150711
2015,07,12,3,3,2,3,2,2,3,3,20150712
2015,07,13,3,5,5,5,4,4,5,3,20150713
2015,07,14,3,2,1,1,1,1,2,2,20150714
2015,07,15,1,2,1,2,2,2,2,3,20150715
2015,07,16,3,2,2,2,2,2,2,1,20150716
2015,07,17,2,1,2,1,2,1,1,0,20150717
2015,07,18,0,1,1,2,1,1,1,1,20150718
2015,07,19,0,1,1,2,1,1,1,0,20150719
2015,07,20,1,1,1,2,2,1,1,2,20150720
2015,07,21,3,3,3,3,2,2,2,3,20150721
2015,07,22,1,1,1,2,2,3,2,2,20150722
2015,07,23,3,4,5,3,3,3,4,3,20150723
2015,07,24,2,2,2,1,2,2,2,2,20150724
2015,07,25,3,2,3,3,2,1,2,3,20150725
2015,07,26,3,2,1,3,1,2,2,2,20150726
2015,07,27,2,2,3,4,3,2,2,2,20150727
2015,07,28,2,3,2,2,3,2,2,2,20150728
2015,07,29,2,2,1,1,2,1,2,1,20150729
2015,07,30,2,2,1,1,2,3,4,4,20150730
2015,07,31,3,3,2,2,3,4,3,3,20150731
2015,08,01,3,2,2,2,1,3,2,3,20150801
2015,08,02,4,2,3,1,3,2,2,2,20150802
2015,08,03,2,3,2,1,2,1,1,2,20150803
2015,08,04,2,2,1,1,2,1,1,3,20150804
2015,08,05,2,1,1,1,2,2,2,2,20150805
2015,08,06,2,2,2,4,3,2,2,3,20150806
2015,08,07,3,2,5,3,5,4,2,2,20150807
2015,08,08,2,2,3,3,3,2,3,3,20150808
2015,08,09,2,2,3,3,2,2,2,3,20150809
2015,08,10,3,3,3,2,2,1,2,2,20150810
2015,08,11,3,2,2,2,2,1,1,2,20150811
2015,08,12,2,3,3,1,2,3,3,3,20150812
2015,08,13,3,4,3,2,2,1,1,1,20150813
2015,08,14,1,1,1,1,1,1,1,1,20150814
2015,08,15,3,2,3,7,6,4,3,5,20150815
2015,08,16,5,5,6,4,3,3,4,4,20150816
2015,08,17,3,4,4,4,5,4,4,3,20150817
2015,08,18,3,3,3,2,1,2,1,2,20150818
2015,08,19,4,4,4,3,4,3,3,2,20150819
2015,08,20,2,3,2,2,4,2,3,3,20150820
2015,08,21,1,2,2,1,2,1,1,1,20150821
2015,08,22,2,1,2,3,3,2,2,2,20150822
2015,08,23,3,3,6,5,4,3,3,3,20150823
2015,08,24,3,2,2,2,2,1,2,1,20150824
2015,08,25,2,2,3,2,2,2,3,2,20150825
2015,08,26,3,3,4,4,4,4,4,5,20150826
2015,08,27,5,6,6,5,4,5,4,6,20150827
2015,08,28,6,4,4,3,5,5,6,4,20150828
2015,08,29,5,3,2,4,2,3,2,2,20150829
2015,08,30,2,1,2,1,1,1,1,1,20150830
2015,08,31,2,1,1,2,1,1,2,2,20150831
2015,09,01,2,2,1,2,2,1,1,2,20150901
2015,09,02,2,2,1,1,2,2,3,2,20150902
2015,09,03,2,3,2,2,2,2,2,3,20150903
2015,09,04,5,4,4,4,3,2,2,3,20150904
2015,09,05,2,3,3,2,2,3,4,2,20150905
2015,09,06,3,3,3,3,3,2,4,2,20150906
2015,09,07,2,3,4,3,5,6,6,6,20150907
2015,09,08,6,6,3,2,2,1,2,4,20150908
2015,09,09,4,6,6,5,6,4,6,6,20150909
2015,09,10,3,1,2,2,2,3,4,3,20150910
2015,09,11,3,4,7,6,5,6,4,4,20150911
2015,09,12,4,3,4,4,2,2,2,2,20150912
2015,09,13,1,2,2,3,2,3,3,3,20150913
2015,09,14,2,2,2,3,2,5,4,3,20150914
2015,09,15,4,4,3,3,3,3,3,3,20150915
2015,09,16,2,3,2,2,3,3,2,4,20150916
2015,09,17,4,3,3,3,2,1,0,3,20150917
2015,09,18,2,2,3,3,3,2,3,3,20150918
2015,09,19,3,4,5,3,2,0,1,3,20150919
2015,09,20,3,5,7,5,4,5,3,3,20150920
2015,09,21,3,3,2,2,2,2,1,2,20150921
2015,09,22,3,3,3,2,3,2,2,2,20150922
2015,09,23,2,2,3,3,3,4,3,2,20150923
2015,09,24,3,3,2,1,1,1,2,2,20150924
2015,09,25,2,2,1,2,3,1,1,1,20150925
2015,09,26,2,1,0,1,1,1,2,1,20150926
2015,09,27,1,1,1,1,1,1,2,2,20150927
2015,09,28,2,1,0,0,1,1,1,1,20150928
2015,09,29,2,3,2,2,1,0,1,1,20150929
2015,09,30,1,0,1,1,1,0,1,1,20150930
2015,10,01,2,1,2,1,3,4,3,3,20151001
2015,10,02,3,4,4,3,3,3,2,2,20151002
2015,10,03,2,4,3,2,2,3,2,1,20151003
2015,10,04,4,4,5,3,3,2,2,4,20151004
2015,10,05,4,3,4,5,3,1,2,2,20151005
2015,10,06,3,4,3,2,3,3,4,4,20151006
2015,10,07,4,6,6,5,5,6,7,6,20151007
2015,10,08,5,6,6,5,5,5,5,4,20151008
2015,10,09,4,4,3,4,4,4,4,4,20151009
2015,10,10,4,3,3,2,2,3,2,2,20151010
2015,10,11,4,3,2,2,2,2,3,3,20151011
2015,10,12,1,3,3,5,3,5,4,4,20151012
2015,10,13,3,4,4,4,2,4,4,4,20151013
2015,10,14,5,4,4,5,3,3,3,3,20151014
2015,10,15,3,3,3,2,2,1,2,3,20151015
2015,10,16,2,3,3,1,2,1,1,1,20151016
2015,10,17,2,3,2,2,3,2,4,2,20151017
2015,10,18,3,3,4,5,4,3,3,2,20151018
2015,10,19,1,2,1,1,1,0,1,1,20151019
2015,10,20,2,3,2,2,3,2,3,2,20151020
2015,10,21,1,3,1,4,4,2,2,2,20151021
2015,10,22,2,1,2,1,1,2,3,2,20151022
2015,10,23,3,1,1,1,2,2,2,3,20151023
2015,10,24,3,3,3,1,1,1,3,3,20151024
2015,10,25,2,2,3,2,3,2,1,1,20151025
2015,10,26,1,0,1,1,0,0,0,0,20151026
2015,10,27,0,1,1,1,2,0,1,2,20151027
2015,10,28,1,1,1,1,0,0,1,0,20151028
2015,10,29,1,1,1,2,1,1,1,2,20151029
2015,10,30,3,1,0,2,3,3,2,3,20151030
2015,10,31,1,1,1,1,2,2,2,3,20151031
2015,11,01,1,3,3,3,3,2,2,1,20151101
2015,11,02,1,1,1,1,3,3,1,2,20151102
2015,11,03,3,4,5,5,4,4,5,4,20151103
2015,11,04,5,5,5,5,5,3,3,2,20151104
2015,11,05,3,2,4,3,3,4,3,3,20151105
2015,11,06,4,2,2,2,2,2,4,4,20151106
2015,11,07,5,6,6,5,4,3,4,2,20151107
2015,11,08,2,1,1,2,3,3,4,4,20151108
2015,11,09,4,4,4,4,3,3,4,5,20151109
2015,11,10,4,4,5,5,6,4,4,4,20151110
2015,11,11,5,3,4,3,3,5,3,2,20151111
2015,11,12,2,1,2,2,1,1,1,1,20151112
2015,11,13,2,2,1,2,3,4,3,4,20151113
2015,11,14,3,3,2,2,2,2,1,2,20151114
2015,11,15,2,3,2,2,1,1,2,3,20151115
2015,11,16,4,3,3,3,3,3,3,3,20151116
2015,11,17,2,3,1,2,1,2,3,2,20151117
2015,11,18,1,3,2,3,2,3,3,5,20151118
2015,11,19,4,2,2,3,1,0,1,1,20151119
2015,11,20,1,2,3,3,1,0,1,1,20151120
2015,11,21,3,1,1,1,0,1,1,1,20151121
2015,11,22,1,1,1,0,0,0,1,1,20151122
2015,11,23,1,0,1,1,1,0,1,1,20151123
2015,11,24,0,0,0,1,0,0,0,0,20151124
2015,11,25,0,0,0,0,0,0,1,0,20151125
2015,11,26,0,0,0,1,0,1,1,1,20151126
2015,11,27,2,3,2,2,1,1,1,2,20151127
2015,11,28,1,1,1,2,3,1,2,3,20151128
2015,11,29,1,1,2,2,2,2,3,4,20151129
2015,11,30,3,4,5,4,2,2,2,2,20151130
2015,12,01,2,3,1,3,3,4,3,4,20151201
2015,12,02,3,2,3,2,3,2,2,1,20151202
2015,12,03,1,2,1,1,0,0,1,1,20151203
2015,12,04,1,3,2,1,1,0,1,2,20151204
2015,12,05,2,2,4,4,3,4,4,3,20151205
2015,12,06,3,4,3,5,4,4,4,4,20151206
2015,12,07,4,4,3,3,4,4,3,2,20151207
2015,12,08,4,3,2,2,3,1,2,2,20151208
2015,12,09,2,3,1,1,2,2,3,2,20151209
2015,12,10,3,5,4,3,3,3,4,4,20151210
2015,12,11,4,3,3,3,3,4,3,4,20151211
2015,12,12,3,4,3,2,2,3,2,2,20151212
2015,12,13,3,3,2,2,2,1,1,1,20151213
2015,12,14,2,2,1,2,3,5,4,5,20151214
2015,12,15,5,4,3,2,3,3,1,3,20151215
2015,12,16,4,3,1,0,1,0,1,1,20151216
2015,12,17,1,1,1,1,1,2,4,2,20151217
2015,12,18,2,1,1,1,1,1,1,3,20151218
2015,12,19,2,1,1,1,1,4,4,4,20151219
2015,12,20,4,6,5,5,5,6,6,6,20151220
2015,12,21,6,6,5,4,3,3,2,3,20151221
2015,12,22,3,3,3,4,2,1,2,2,20151222
2015,12,23,2,2,2,2,2,2,3,4,20151223
2015,12,24,3,3,3,2,3,2,3,3,20151224
2015,12,25,3,2,3,2,2,2,2,2,20151225
2015,12,26,3,2,2,2,3,3,3,5,20151226
2015,12,27,3,2,3,2,3,2,2,2,20151227
2015,12,28,1,1,1,2,2,1,1,1,20151228
2015,12,29,2,1,1,1,2,2,2,2,20151229
2015,12,30,1,0,1,1,1,1,1,2,20151230
2015,12,31,4,3,4,4,6,4,5,6,20151231
2016,01,01,6,5,5,3,2,1,2,2,20160101
2016,01,02,3,2,3,2,2,2,2,2,20160102
2016,01,03,1,2,2,1,2,2,1,3,20160103
2016,01,04,1,2,2,0,1,2,2,1,20160104
2016,01,05,1,1,1,2,1,2,3,2,20160105
2016,01,06,5,3,3,3,3,2,3,4,20160106
2016,01,07,4,3,3,4,3,3,2,1,20160107
2016,01,08,1,3,2,2,3,1,1,2,20160108
2016,01,09,2,1,2,1,2,1,2,1,20160109
2016,01,10,2,2,1,2,2,1,2,2,20160110
2016,01,11,2,3,3,2,2,3,4,4,20160111
2016,01,12,4,3,3,2,2,2,3,3,20160112
2016,01,13,4,4,2,2,2,2,3,2,20160113
2016,01,14,2,2,3,2,2,2,2,3,20160114
2016,01,15,2,2,2,1,1,1,1,1,20160115
2016,01,16,0,1,1,2,2,0,1,1,20160116
2016,01,17,0,0,2,1,1,1,1,1,20160117
2016,01,18,0,0,0,1,1,2,1,3,20160118
2016,01,19,4,3,3,3,1,1,0,1,20160119
2016,01,20,1,2,4,4,4,5,5,4,20160120
2016,01,21,4,6,5,3,3,4,4,4,20160121
2016,01,22,4,4,3,3,2,2,3,2,20160122
2016,01,23,2,3,4,2,3,3,2,1,20160123
2016,01,24,3,2,2,1,2,3,4,2,20160124
2016,01,25,1,1,1,1,1,0,0,0,20160125
2016,01,26,0,1,1,1,1,1,2,1,20160126
2016,01,27,1,3,1,2,1,1,0,1,20160127
2016,01,28,1,1,3,3,1,1,1,1,20160128
2016,01,29,0,1,1,1,1,1,1,1,20160129
2016,01,30,0,0,1,1,0,1,1,1,20160130
2016,01,31,2,2,3,2,2,2,2,4,20160131
2016,02,01,3,3,3,2,0,1,1,0,20160201
2016,02,02,0,1,2,1,1,2,2,3,20160202
2016,02,03,4,5,2,1,1,1,1,1,20160203
2016,02,04,0,1,2,2,3,2,2,1,20160204
2016,02,05,3,3,3,2,2,2,3,2,20160205
2016,02,06,2,3,2,2,1,2,2,3,20160206
2016,02,07,2,1,1,2,2,4,2,2,20160207
2016,02,08,5,4,4,2,2,1,1,1,20160208
2016,02,09,2,1,2,4,3,1,1,3,20160209
2016,02,10,3,2,2,1,1,0,1,1,20160210
2016,02,11,3,2,2,2,2,2,2,4,20160211
2016,02,12,4,3,2,4,3,2,2,2,20160212
2016,02,13,2,3,3,2,1,1,1,1,20160213
2016,02,14,3,3,3,2,2,3,2,1,20160214
2016,02,15,2,2,3,2,2,1,1,4,20160215
2016,02,16,4,3,3,5,5,5,6,5,20160216
2016,02,17,5,3,5,3,4,3,5,6,20160217
2016,02,18,4,5,4,4,3,3,5,4,20160218
2016,02,19,3,3,2,3,3,3,3,3,20160219
2016,02,20,3,2,2,1,1,1,1,1,20160220
2016,02,21,1,2,1,0,1,1,2,2,20160221
2016,02,22,1,0,0,1,1,1,1,1,20160222
2016,02,23,2,1,1,1,1,1,2,3,20160223
2016,02,24,3,2,2,1,2,1,1,2,20160224
2016,02,25,1,2,2,1,1,1,1,2,20160225
2016,02,26,3,3,1,1,2,1,1,0,20160226
2016,02,27,0,1,2,1,0,1,1,1,20160227
2016,02,28,1,1,2,1,1,0,1,1,20160228
2016,02,29,2,0,1,1,1,1,1,2,20160229
2016,03,01,3,2,2,2,2,2,1,3,20160301
2016,03,02,3,1,1,2,2,3,1,1,20160302
2016,03,03,2,3,2,3,2,1,1,2,20160303
2016,03,04,3,1,0,1,0,1,1,0,20160304
2016,03,05,0,0,2,2,2,1,1,1,20160305
2016,03,06,1,1,2,2,2,5,6,7,20160306
2016,03,07,5,5,4,2,3,3,4,4,20160307
2016,03,08,3,2,2,2,2,1,2,1,20160308
2016,03,09,2,2,2,2,2,2,2,2,20160309
2016,03,10,3,3,2,2,3,2,2,2,20160310
2016,03,11,2,3,3,3,6,4,4,3,20160311
2016,03,12,4,3,2,3,1,3,3,1,20160312
2016,03,13,1,2,1,1,1,0,0,1,20160313
2016,03,14,2,2,2,2,1,3,4,5,20160314
2016,03,15,4,4,4,4,2,3,5,4,20160315
2016,03,16,5,2,3,3,3,1,3,5,20160316
2016,03,17,5,5,3,4,2,3,3,3,20160317
2016,03,18,2,2,3,2,2,2,2,3,20160318
2016,03,19,2,3,4,4,3,4,2,1,20160319
2016,03,20,2,3,2,2,2,3,4,2,20160320
2016,03,21,2,2,2,2,2,2,1,3,20160321
2016,03,22,3,2,2,3,2,0,1,2,20160322
2016,03,23,2,3,4,2,2,1,2,3,20160323
2016,03,24,3,2,2,2,1,1,1,2,20160324
2016,03,25,3,2,1,1,1,1,1,0,20160325
2016,03,26,0,1,1,0,1,1,1,1,20160326
2016,03,27,3,2,3,3,2,3,3,2,20160327
2016,03,28,2,4,1,1,2,1,3,3,20160328
2016,03,29,3,3,3,3,2,2,1,1,20160329
2016,03,30,3,2,2,2,4,2,3,2,20160330
2016,03,31,3,3,2,1,1,1,0,1,20160331
2016,04,01,1,0,0,0,0,0,1,1,20160401
2016,04,02,2,1,0,1,3,5,4,6,20160402
2016,04,03,4,3,3,3,1,2,2,4,20160403
2016,04,04,3,3,1,2,2,0,1,1,20160404
2016,04,05,2,1,1,1,2,1,2,1,20160405
2016,04,06,2,1,2,3,2,2,1,1,20160406
2016,04,07,2,1,1,1,1,2,5,5,20160407
2016,04,08,5,3,2,1,0,1,1,1,20160408
2016,04,09,1,1,1,1,1,1,1,0,20160409
2016,04,10,1,2,3,2,2,1,0,3,20160410
2016,04,11,1,0,1,1,2,3,1,1,20160411
2016,04,12,3,3,2,2,3,3,4,5,20160412
2016,04,13,5,4,4,4,4,3,4,3,20160413
2016,04,14,4,3,2,5,4,4,3,3,20160414
2016,04,15,4,2,1,1,2,2,2,2,20160415
2016,04,16,1,1,3,2,2,3,4,4,20160416
2016,04,17,4,4,3,2,2,3,4,3,20160417
2016,04,18,3,1,2,1,1,0,1,1,20160418
2016,04,19,0,1,1,1,1,0,0,1,20160419
2016,04,20,0,2,2,2,1,0,0,1,20160420
2016,04,21,1,2,1,1,1,2,1,2,20160421
2016,04,22,3,2,2,2,3,3,3,4,20160422
2016,04,23,2,2,1,2,2,2,3,5,20160423
2016,04,24,2,2,2,2,3,4,3,1,20160424
2016,04,25,1,2,2,2,2,1,1,0,20160425
2016,04,26,1,1,1,1,2,1,2,3,20160426
2016,04,27,1,2,3,2,2,3,2,2,20160427
2016,04,28,2,1,2,2,1,1,1,1,20160428
2016,04,29,1,1,0,1,1,0,1,1,20160429
2016,04,30,1,1,2,2,2,2,2,3,20160430
2016,05,01,3,2,3,2,3,3,4,4,20160501
2016,05,02,5,6,3,3,3,3,4,5,20160502
2016,05,03,3,4,3,2,2,1,1,2,20160503
2016,05,04,2,2,0,2,1,1,1,1,20160504
2016,05,05,0,2,1,3,3,2,2,2,20160505
2016,05,06,2,2,2,2,3,3,5,3,20160506
2016,05,07,4,2,1,2,2,2,1,3,20160507
2016,05,08,6,7,6,5,5,5,5,6,20160508
2016,05,09,7,4,3,3,3,3,4,4,20160509
2016,05,10,3,4,3,3,3,2,3,3,20160510
2016,05,11,3,2,1,1,1,1,1,2,20160511
2016,05,12,1,2,1,2,1,0,1,2,20160512
2016,05,13,1,1,3,2,2,2,3,2,20160513
2016,05,14,3,2,3,3,2,1,2,3,20160514
2016,05,15,3,2,2,2,3,3,4,2,20160515
2016,05,16,2,3,3,3,3,2,2,2,20160516
2016,05,17,2,3,4,3,3,2,3,3,20160517
2016,05,18,2,3,2,3,3,1,1,1,20160518
2016,05,19,1,1,3,2,3,2,2,1,20160519
2016,05,20,3,2,2,1,1,0,1,2,20160520
2016,05,21,3,3,5,2,3,3,3,1,20160521
2016,05,22,2,3,2,3,2,1,1,0,20160522
2016,05,23,1,1,2,2,1,0,1,1,20160523
2016,05,24,2,2,1,3,2,1,1,1,20160524
2016,05,25,1,2,1,1,1,1,0,0,20160525
2016,05,26,1,1,1,1,1,1,1,1,20160526
2016,05,27,3,3,1,2,2,2,3,3,20160527
2016,05,28,3,2,4,2,2,3,3,3,20160528
2016,05,29,2,2,2,2,1,1,2,3,20160529
2016,05,30,4,3,3,2,1,2,1,2,20160530
2016,05,31,2,2,3,2,1,3,3,3,20160531
2016,06,01,2,1,2,1,2,2,2,2,20160601
2016,06,02,1,1,1,1,1,1,0,1,20160602
2016,06,03,1,1,0,1,1,1,1,1,20160603
2016,06,04,1,1,1,1,1,1,1,2,20160604
2016,06,05,2,2,2,4,5,5,5,5,20160605
2016,06,06,4,6,4,4,4,2,3,2,20160606
2016,06,07,2,1,1,3,2,2,3,3,20160607
2016,06,08,2,2,1,2,2,2,0,1,20160608
2016,06,09,2,1,0,1,1,1,1,1,20160609
2016,06,10,1,1,1,1,2,2,4,3,20160610
2016,06,11,3,2,2,2,2,2,2,4,20160611
2016,06,12,2,2,2,2,3,2,3,2,20160612
2016,06,13,3,4,2,2,2,1,2,1,20160613
2016,06,14,3,2,1,2,2,2,6,4,20160614
2016,06,15,5,3,2,3,3,2,1,1,20160615
2016,06,16,2,1,2,2,2,2,1,2,20160616
2016,06,17,2,2,2,2,3,2,2,1,20160617
2016,06,18,2,3,2,2,3,1,2,2,20160618
2016,06,19,2,2,2,1,2,1,1,1,20160619
2016,06,20,1,1,1,1,1,0,1,1,20160620
2016,06,21,1,1,1,1,1,1,1,1,20160621
2016,06,22,1,1,1,2,2,3,5,4,20160622
2016,06,23,2,3,1,1,1,3,3,4,20160623
2016,06,24,3,4,3,2,2,2,2,3,20160624
2016,06,25,3,2,2,1,1,1,2,2,20160625
2016,06,26,2,2,2,2,2,3,3,4,20160626
2016,06,27,3,3,3,1,2,2,2,2,20160627
2016,06,28,3,2,1,2,2,1,1,1,20160628
2016,06,29,2,1,1,1,1,1,1,1,20160629
2016,06,30,1,1,1,1,1,2,3,3,20160630
2016,07,01,3,2,3,3,1,1,0,1,20160701
2016,07,02,1,2,1,1,2,2,3,4,20160702
2016,07,03,3,2,2,2,1,2,2,3,20160703
2016,07,04,2,2,3,2,1,1,2,2,20160704
2016,07,05,2,2,1,1,1,1,1,1,20160705
2016,07,06,1,1,1,1,1,1,1,3,20160706
2016,07,07,3,3,3,3,3,5,5,4,20160707
2016,07,08,3,3,4,4,5,4,4,2,20160708
2016,07,09,3,2,4,3,3,3,3,2,20160709
2016,07,10,2,2,2,3,3,2,2,2,20160710
2016,07,11,2,3,1,2,3,2,3,3,20160711
2016,07,12,3,5,5,4,2,2,3,3,20160712
2016,07,13,3,3,2,2,2,1,1,2,20160713
2016,07,14,2,3,4,4,2,2,2,2,20160714
2016,07,15,2,3,3,3,1,2,2,3,20160715
2016,07,16,3,2,1,2,3,2,1,2,20160716
2016,07,17,2,2,1,2,2,1,1,2,20160717
2016,07,18,1,1,1,1,1,1,0,1,20160718
2016,07,19,1,1,0,1,1,1,1,5,20160719
2016,07,20,5,5,4,2,3,2,3,1,20160720
2016,07,21,1,1,1,1,1,2,1,2,20160721
2016,07,22,1,2,2,2,2,2,2,2,20160722
2016,07,23,2,3,3,2,2,1,1,2,20160723
2016,07,24,2,1,1,2,2,3,5,4,20160724
2016,07,25,4,4,3,3,4,4,2,2,20160725
2016,07,26,1,2,1,1,2,1,1,1,20160726
2016,07,27,1,1,0,0,1,0,1,2,20160727
2016,07,28,3,4,3,2,2,3,4,3,20160728
2016,07,29,3,4,3,3,2,3,3,1,20160729
2016,07,30,3,2,1,1,1,1,1,1,20160730
2016,07,31,2,0,1,1,1,1,1,0,20160731
2016,08,01,1,1,1,0,1,1,1,1,20160801
2016,08,02,1,2,2,2,3,3,4,5,20160802
2016,08,03,5,4,5,5,4,4,3,3,20160803
2016,08,04,4,4,3,3,3,4,3,2,20160804
2016,08,05,2,3,4,4,3,3,2,4,20160805
2016,08,06,3,2,3,4,3,2,2,3,20160806
2016,08,07,4,2,2,2,3,3,1,3,20160807
2016,08,08,4,2,2,2,3,4,3,1,20160808
2016,08,09,2,3,2,3,4,3,2,3,20160809
2016,08,10,3,3,4,4,2,3,3,3,20160810
2016,08,11,2,1,2,2,1,3,3,3,20160811
2016,08,12,4,4,2,2,2,2,1,1,20160812
2016,08,13,2,2,1,1,1,1,2,1,20160813
2016,08,14,2,1,1,1,2,0,1,1,20160814
2016,08,15,1,1,2,1,1,1,0,1,20160815
2016,08,16,1,0,1,1,2,1,1,3,20160816
2016,08,17,3,3,2,1,2,0,2,3,20160817
2016,08,18,2,3,2,2,2,1,1,2,20160818
2016,08,19,1,1,2,2,2,1,1,1,20160819
2016,08,20,2,2,2,1,1,0,0,1,20160820
2016,08,21,0,1,1,1,3,4,3,3,20160821
2016,08,22,2,1,2,1,1,1,1,1,20160822
2016,08,23,2,2,1,2,4,3,5,5,20160823
2016,08,24,5,3,3,3,4,2,2,3,20160824
2016,08,25,2,1,3,3,2,2,2,3,20160825
2016,08,26,3,2,1,1,1,2,2,2,20160826
2016,08,27,2,3,1,2,1,1,1,0,20160827
2016,08,28,1,1,1,1,1,0,1,0,20160828
2016,08,29,1,1,0,2,2,2,2,3,20160829
2016,08,30,3,2,2,2,3,4,4,4,20160830
2016,08,31,2,2,1,1,2,1,3,3,20160831
2016,09,01,4,4,5,4,4,3,5,6,20160901
2016,09,02,6,6,3,3,5,4,3,5,20160902
2016,09,03,4,6,5,4,4,4,4,5,20160903
2016,09,04,5,4,4,4,4,4,5,4,20160904
2016,09,05,3,4,3,2,2,3,5,3,20160905
2016,09,06,3,3,3,3,2,2,4,2,20160906
2016,09,07,3,3,1,3,3,3,2,2,20160907
2016,09,08,3,4,3,3,3,2,2,2,20160908
2016,09,09,2,1,1,1,1,1,1,2,20160909
2016,09,10,1,2,2,1,1,0,1,2,20160910
2016,09,11,1,0,1,1,2,1,1,1,20160911
2016,09,12,3,2,1,1,2,1,1,2,20160912
2016,09,13,2,2,2,2,1,1,0,1,20160913
2016,09,14,2,2,2,2,3,2,3,2,20160914
2016,09,15,3,3,2,2,1,1,0,1,20160915
2016,09,16,0,0,1,1,1,1,2,1,20160916
2016,09,17,2,1,1,2,1,0,0,1,20160917
2016,09,18,2,1,2,3,3,2,2,1,20160918
2016,09,19,2,1,3,2,3,2,2,3,20160919
2016,09,20,5,4,4,4,2,3,2,2,20160920
2016,09,21,4,3,2,3,1,0,1,1,20160921
2016,09,22,2,1,2,1,0,0,0,0,20160922
2016,09,23,1,1,2,1,0,1,1,1,20160923
2016,09,24,1,0,1,1,1,1,2,2,20160924
2016,09,25,4,5,1,3,3,3,5,4,20160925
2016,09,26,4,4,3,3,4,3,4,4,20160926
2016,09,27,5,4,5,5,4,6,3,4,20160927
2016,09,28,5,5,3,5,4,5,6,4,20160928
2016,09,29,4,5,5,5,4,5,4,3,20160929
2016,09,30,4,4,4,4,3,3,5,2,20160930
2016,10,01,3,4,2,3,2,4,4,3,20161001
2016,10,02,3,3,3,2,4,2,5,4,20161002
2016,10,03,3,4,3,2,2,2,3,3,20161003
2016,10,04,4,5,4,4,4,2,3,4,20161004
2016,10,05,4,4,3,3,2,2,2,3,20161005
2016,10,06,2,2,1,1,0,2,2,1,20161006
2016,10,07,3,2,1,1,1,2,2,1,20161007
2016,10,08,2,4,2,2,1,1,1,1,20161008
2016,10,09,2,1,2,1,2,1,2,1,20161009
2016,10,10,3,3,3,2,2,3,3,1,20161010
2016,10,11,1,1,1,1,0,0,1,1,20161011
2016,10,12,1,1,1,1,1,1,1,3,20161012
2016,10,13,3,3,5,4,5,6,6,5,20161013
2016,10,14,6,4,5,3,2,2,1,1,20161014
2016,10,15,3,3,2,2,2,3,2,3,20161015
2016,10,16,3,1,3,3,3,2,5,4,20161016
2016,10,17,4,3,4,4,2,3,3,4,20161017
2016,10,18,3,3,3,2,1,2,1,3,20161018
2016,10,19,3,2,2,2,1,2,2,1,20161019
2016,10,20,1,0,1,1,0,0,2,1,20161020
2016,10,21,1,1,1,0,0,0,0,0,20161021
2016,10,22,2,1,1,2,1,2,2,2,20161022
2016,10,23,1,2,3,2,2,2,3,3,20161023
2016,10,24,4,3,3,2,4,3,2,3,20161024
2016,10,25,4,5,4,5,7,6,5,6,20161025
2016,10,26,5,5,4,6,5,6,5,5,20161026
2016,10,27,5,5,4,3,3,5,4,3,20161027
2016,10,28,3,3,4,3,3,3,3,4,20161028
2016,10,29,5,5,4,3,4,3,3,3,20161029
2016,10,30,4,4,3,3,4,3,3,2,20161030
2016,10,31,3,3,3,3,2,2,2,1,20161031
2016,11,01,2,2,2,3,3,2,2,3,20161101
2016,11,02,4,2,1,2,3,3,2,4,20161102
2016,11,03,4,3,4,4,3,3,2,4,20161103
2016,11,04,3,2,1,1,0,0,1,1,20161104
2016,11,05,1,1,1,0,0,0,0,0,20161105
2016,11,06,1,1,2,1,2,1,1,1,20161106
2016,11,07,2,1,2,1,1,1,0,0,20161107
2016,11,08,0,0,1,1,2,1,1,1,20161108
2016,11,09,1,0,2,2,2,1,3,2,20161109
2016,11,10,2,2,2,3,3,4,3,3,20161110
2016,11,11,5,2,2,2,2,3,2,3,20161111
2016,11,12,3,4,2,4,4,3,3,4,20161112
2016,11,13,4,4,4,3,3,3,4,4,20161113
2016,11,14,2,3,3,3,3,3,2,3,20161114
2016,11,15,3,2,1,2,3,1,1,1,20161115
2016,11,16,1,1,1,1,0,1,2,2,20161116
2016,11,17,2,1,0,0,0,1,2,1,20161117
2016,11,18,2,1,0,0,0,2,1,0,20161118
2016,11,19,0,0,0,1,1,1,1,1,20161119
2016,11,20,0,1,1,1,1,1,1,1,20161120
2016,11,21,1,2,1,1,2,2,2,3,20161121
2016,11,22,1,1,1,2,3,3,3,4,20161122
2016,11,23,4,3,3,2,2,2,3,2,20161123
2016,11,24,4,3,3,4,5,3,4,4,20161124
2016,11,25,4,6,5,3,4,4,4,3,20161125
2016,11,26,3,3,2,2,2,3,3,2,20161126
2016,11,27,3,3,3,3,2,1,2,2,20161127
2016,11,28,2,2,2,1,2,3,2,3,20161128
2016,11,29,2,2,1,1,1,1,1,2,20161129
2016,11,30,1,1,2,1,0,1,0,0,20161130
2016,12,01,1,2,1,1,0,0,0,0,20161201
2016,12,02,1,2,1,1,1,1,1,1,20161202
2016,12,03,1,1,1,0,0,1,1,0,20161203
2016,12,04,0,1,0,0,0,0,0,1,20161204
2016,12,05,2,1,0,0,1,1,1,2,20161205
2016,12,06,1,1,1,2,3,2,1,3,20161206
2016,12,07,1,2,3,2,2,3,3,3,20161207
2016,12,08,4,4,3,3,3,4,4,4,20161208
2016,12,09,4,2,3,4,3,4,5,5,20161209
2016,12,10,4,3,3,3,3,3,3,3,20161210
2016,12,11,4,4,2,3,2,3,3,2,20161211
2016,12,12,3,3,2,1,0,2,1,2,20161212
2016,12,13,2,1,1,1,1,1,0,1,20161213
2016,12,14,2,1,0,1,1,0,1,1,20161214
2016,12,15,1,1,1,1,0,0,1,1,20161215
2016,12,16,1,1,0,0,0,0,0,1,20161216
2016,12,17,1,0,1,1,1,1,2,3,20161217
2016,12,18,3,3,3,2,2,2,1,1,20161218
2016,12,19,1,2,2,1,1,1,2,1,20161219
2016,12,20,1,1,1,2,1,2,1,3,20161220
2016,12,21,2,2,1,3,4,6,4,4,20161221
2016,12,22,5,4,4,3,3,3,4,3,20161222
2016,12,23,4,4,3,4,3,4,4,4,20161223
2016,12,24,3,3,3,2,3,3,2,2,20161224
2016,12,25,4,4,2,4,4,4,4,3,20161225
2016,12,26,5,3,3,3,4,4,3,3,20161226
2016,12,27,4,3,2,2,2,1,2,3,20161227
2016,12,28,2,3,1,1,1,2,1,2,20161228
2016,12,29,2,1,1,1,1,2,1,1,20161229
2016,12,30,1,2,0,1,1,1,1,1,20161230
2016,12,31,1,2,2,3,3,3,3,2,20161231
2017,01,01,4,4,3,2,2,3,2,2,20170101
2017,01,02,2,3,2,2,2,2,1,1,20170102
2017,01,03,1,2,2,4,3,3,3,3,20170103
2017,01,04,1,2,2,2,2,2,4,4,20170104
2017,01,05,3,3,2,2,3,4,4,4,20170105
2017,01,06,4,4,3,2,3,3,3,3,20170106
2017,01,07,4,3,3,2,4,4,3,3,20170107
2017,01,08,3,3,2,3,3,3,4,4,20170108
2017,01,09,4,2,2,2,4,3,2,3,20170109
2017,01,10,2,2,2,1,1,3,3,3,20170110
2017,01,11,3,2,2,1,1,2,2,2,20170111
2017,01,12,2,3,0,0,1,0,1,1,20170112
2017,01,13,1,1,1,1,1,2,2,1,20170113
2017,01,14,1,2,1,0,1,1,1,2,20170114
2017,01,15,2,1,2,1,1,1,2,1,20170115
2017,01,16,1,1,1,0,0,0,1,1,20170116
2017,01,17,1,1,0,1,1,2,1,1,20170117
2017,01,18,1,3,3,3,3,4,4,4,20170118
2017,01,19,4,3,3,3,2,2,1,2,20170119
2017,01,20,3,3,2,2,2,1,3,3,20170120
2017,01,21,3,1,2,2,1,2,3,4,20170121
2017,01,22,3,3,3,2,2,2,2,2,20170122
2017,01,23,1,1,1,0,1,2,2,2,20170123
2017,01,24,2,1,1,0,0,0,1,1,20170124
2017,01,25,2,3,1,2,0,0,0,1,20170125
2017,01,26,0,0,2,2,3,4,4,3,20170126
2017,01,27,4,4,4,3,4,3,2,2,20170127
2017,01,28,3,3,2,1,1,1,2,3,20170128
2017,01,29,3,3,2,1,2,2,2,1,20170129
2017,01,30,1,1,1,1,2,2,1,3,20170130
2017,01,31,3,3,3,4,3,4,4,5,20170131
2017,02,01,5,4,3,3,4,5,3,5,20170201
2017,02,02,4,4,4,3,3,3,4,4,20170202
2017,02,03,3,4,4,2,3,3,3,3,20170203
2017,02,04,3,3,3,2,2,2,2,3,20170204
2017,02,05,3,4,3,2,3,3,3,2,20170205
2017,02,06,3,3,2,2,2,3,3,4,20170206
2017,02,07,3,2,1,1,2,2,2,2,20170207
2017,02,08,1,0,1,1,2,2,1,2,20170208
2017,02,09,2,1,1,2,1,2,2,2,20170209
2017,02,10,2,1,2,2,2,3,2,3,20170210
2017,02,11,3,2,1,1,0,0,1,1,20170211
2017,02,12,1,0,1,0,1,1,1,1,20170212
2017,02,13,2,1,0,1,1,2,2,2,20170213
2017,02,14,0,0,0,0,0,1,1,1,20170214
2017,02,15,0,0,1,1,1,1,1,1,20170215
2017,02,16,1,2,2,0,3,3,2,2,20170216
2017,02,17,2,4,4,4,2,4,3,4,20170217
2017,02,18,4,4,2,2,1,2,3,3,20170218
2017,02,19,3,3,2,1,2,3,3,1,20170219
2017,02,20,1,3,2,2,2,3,3,2,20170220
2017,02,21,2,2,1,0,0,1,0,2,20170221
2017,02,22,4,3,3,2,1,1,2,1,20170222
2017,02,23,2,2,2,2,2,3,2,3,20170223
2017,02,24,5,4,3,4,4,3,2,3,20170224
2017,02,25,3,3,2,2,1,0,1,2,20170225
2017,02,26,1,1,0,0,1,0,0,0,20170226
2017,02,27,1,2,2,2,1,1,3,3,20170227
2017,02,28,3,2,2,1,1,1,2,3,20170228
2017,03,01,3,3,3,5,5,4,5,6,20170301
2017,03,02,5,4,4,5,5,3,4,3,20170302
2017,03,03,4,4,5,4,3,4,2,1,20170303
2017,03,04,5,5,3,3,3,3,2,4,20170304
2017,03,05,3,2,3,3,3,3,4,4,20170305
2017,03,06,4,3,2,4,4,4,5,4,20170306
2017,03,07,3,3,4,3,3,3,3,3,20170307
2017,03,08,3,1,1,2,3,2,3,4,20170308
2017,03,09,4,3,2,3,3,2,3,2,20170309
2017,03,10,2,3,4,4,3,1,1,2,20170310
2017,03,11,1,1,2,1,0,1,2,3,20170311
2017,03,12,3,4,2,1,2,1,1,1,20170312
2017,03,13,0,2,1,1,0,0,0,0,20170313
2017,03,14,1,2,0,0,2,2,1,1,20170314
2017,03,15,1,2,2,2,1,1,1,3,20170315
2017,03,16,3,2,0,1,1,0,1,1,20170316
2017,03,17,1,2,1,0,0,0,1,2,20170317
2017,03,18,1,0,0,0,0,0,1,1,20170318
2017,03,19,0,0,1,1,0,0,0,1,20170319
2017,03,20,1,0,1,1,0,1,0,0,20170320
2017,03,21,2,3,4,2,3,5,5,4,20170321
2017,03,22,4,4,3,4,4,4,4,5,20170322
2017,03,23,4,4,2,2,1,2,1,1,20170323
2017,03,24,2,3,2,0,2,2,1,0,20170324
2017,03,25,0,2,1,1,1,1,0,1,20170325
2017,03,26,2,0,1,1,1,0,1,1,20170326
2017,03,27,2,5,5,6,5,5,6,5,20170327
2017,03,28,5,5,3,4,3,3,3,3,20170328
2017,03,29,4,4,4,4,3,4,2,3,20170329
2017,03,30,3,5,3,3,3,4,4,5,20170330
2017,03,31,5,5,5,4,4,3,3,4,20170331
2017,04,01,3,3,3,3,2,4,3,3,20170401
2017,04,02,3,2,2,2,3,2,1,1,20170402
2017,04,03,1,1,0,2,2,1,0,1,20170403
2017,04,04,2,4,5,5,3,1,1,3,20170404
2017,04,05,2,1,3,2,1,2,2,4,20170405
2017,04,06,2,1,1,2,2,3,2,1,20170406
2017,04,07,3,2,2,2,1,1,3,4,20170407
2017,04,08,4,3,4,2,2,2,3,4,20170408
2017,04,09,4,5,4,3,3,2,1,1,20170409
2017,04,10,2,1,1,1,2,1,1,2,20170410
2017,04,11,1,2,3,4,3,2,3,2,20170411
2017,04,12,3,3,2,2,1,0,0,0,20170412
2017,04,13,1,2,1,0,1,1,2,2,20170413
2017,04,14,3,4,3,2,3,2,3,2,20170414
2017,04,15,3,2,2,1,1,1,1,1,20170415
2017,04,16,1,1,2,2,0,1,1,1,20170416
2017,04,17,0,1,2,1,1,1,0,1,20170417
2017,04,18,2,1,1,1,2,1,1,3,20170418
2017,04,19,3,5,3,2,0,2,3,3,20170419
2017,04,20,5,6,4,5,3,3,3,3,20170420
2017,04,21,1,2,1,1,2,4,5,5,20170421
2017,04,22,5,6,5,5,6,5,4,6,20170422
2017,04,23,4,4,6,5,5,5,4,4,20170423
2017,04,24,4,4,4,4,2,3,4,3,20170424
2017,04,25,4,3,3,3,3,2,3,2,20170425
2017,04,26,3,2,3,2,2,2,2,2,20170426
2017,04,27,2,3,3,1,1,1,2,2,20170427
2017,04,28,1,1,2,1,2,1,1,2,20170428
2017,04,29,2,1,2,2,1,1,2,2,20170429
2017,04,30,2,1,2,2,1,1,2,2,20170430
2017,05,01,2,2,0,0,1,1,1,2,20170501
2017,05,02,1,2,1,1,1,1,0,2,20170502
2017,05,03,1,1,1,1,2,1,0,0,20170503
2017,05,04,0,2,2,1,1,0,1,4,20170504
2017,05,05,3,2,1,1,2,0,0,1,20170505
2017,05,06,1,2,1,1,1,1,1,1,20170506
2017,05,07,2,3,3,1,1,1,3,2,20170507
2017,05,08,2,1,2,2,1,1,2,1,20170508
2017,05,09,1,1,2,1,2,2,1,2,20170509
2017,05,10,2,1,1,0,2,1,1,3,20170510
2017,05,11,1,3,2,1,1,1,1,2,20170511
2017,05,12,2,1,2,2,3,1,1,1,20170512
2017,05,13,1,2,1,1,1,1,1,1,20170513
2017,05,14,2,2,2,3,3,2,2,3,20170514
2017,05,15,1,2,2,4,2,3,4,3,20170515
2017,05,16,3,3,2,2,3,1,1,2,20170516
2017,05,17,2,2,3,3,2,1,2,2,20170517
2017,05,18,4,3,3,2,1,1,1,2,20170518
2017,05,19,2,3,2,1,2,3,3,3,20170519
2017,05,20,4,4,4,4,4,4,3,3,20170520
2017,05,21,3,3,3,2,2,2,2,2,20170521
2017,05,22,2,2,2,2,3,2,3,3,20170522
2017,05,23,2,3,2,1,2,1,2,2,20170523
2017,05,24,2,2,1,1,1,1,0,1,20170524
2017,05,25,0,1,0,1,1,1,1,2,20170525
2017,05,26,1,1,1,1,1,0,1,1,20170526
2017,05,27,1,1,0,1,1,3,2,6,20170527
2017,05,28,6,7,6,5,4,2,1,1,20170528
2017,05,29,1,1,2,2,4,3,3,1,20170529
2017,05,30,2,4,2,1,1,1,1,1,20170530
2017,05,31,1,2,1,0,2,0,1,2,20170531
2017,06,01,1,1,1,1,1,3,2,3,20170601
2017,06,02,2,2,1,1,1,1,1,1,20170602
2017,06,03,0,1,2,2,3,4,2,1,20170603
2017,06,04,1,1,1,0,1,0,0,1,20170604
2017,06,05,1,2,1,1,2,1,1,2,20170605
2017,06,06,2,2,1,1,2,1,1,1,20170606
2017,06,07,1,2,2,1,1,1,0,2,20170607
2017,06,08,1,0,1,1,2,1,1,1,20170608
2017,06,09,3,1,1,1,1,1,1,1,20170609
2017,06,10,1,1,1,1,1,1,1,1,20170610
2017,06,11,1,2,3,2,3,5,4,3,20170611
2017,06,12,2,2,2,1,2,2,2,3,20170612
2017,06,13,3,2,1,3,1,2,2,1,20170613
2017,06,14,0,1,2,2,2,2,1,1,20170614
2017,06,15,2,1,1,1,1,1,1,0,20170615
2017,06,16,1,2,4,3,5,4,3,5,20170616
2017,06,17,4,4,2,2,2,2,4,3,20170617
2017,06,18,3,3,2,2,3,2,2,2,20170618
2017,06,19,1,2,2,2,1,1,0,1,20170619
2017,06,20,1,1,1,1,1,1,0,0,20170620
2017,06,21,1,1,1,1,1,1,2,2,20170621
2017,06,22,3,2,1,1,1,1,3,2,20170622
2017,06,23,1,1,1,2,1,1,2,2,20170623
2017,06,24,2,1,2,3,2,2,3,3,20170624
2017,06,25,2,2,4,3,2,2,2,2,20170625
2017,06,26,3,2,1,2,2,1,2,2,20170626
2017,06,27,2,2,1,1,1,1,0,1,20170627
2017,06,28,1,2,2,2,1,1,0,1,20170628
2017,06,29,1,2,2,2,1,1,1,1,20170629
2017,06,30,0,1,1,1,2,1,1,2,20170630
2017,07,01,2,3,3,2,3,3,3,2,20170701
2017,07,02,3,2,5,4,3,2,3,4,20170702
2017,07,03,2,2,1,2,1,1,1,1,20170703
2017,07,04,1,1,1,1,1,1,1,2,20170704
2017,07,05,1,1,1,1,1,0,0,1,20170705
2017,07,06,1,1,2,2,2,2,2,3,20170706
2017,07,07,2,2,1,1,1,1,1,2,20170707
2017,07,08,1,1,1,1,1,0,1,1,20170708
2017,07,09,5,4,2,5,2,3,4,4,20170709
2017,07,10,3,4,2,1,1,2,1,2,20170710
2017,07,11,2,3,3,2,1,2,1,2,20170711
2017,07,12,1,1,1,1,1,1,0,1,20170712
2017,07,13,1,1,1,1,1,1,1,2,20170713
2017,07,14,1,1,1,1,1,1,0,1,20170714
2017,07,15,1,1,1,1,1,1,1,1,20170715
2017,07,16,2,1,4,5,6,5,6,5,20170716
2017,07,17,3,4,4,4,4,6,2,2,20170717
2017,07,18,3,3,2,1,2,1,0,1,20170718
2017,07,19,1,1,0,1,1,1,1,1,20170719
2017,07,20,1,2,1,1,1,2,3,3,20170720
2017,07,21,4,3,3,1,2,3,1,3,20170721
2017,07,22,3,2,4,5,2,2,2,3,20170722
2017,07,23,3,3,3,3,3,2,2,4,20170723
2017,07,24,3,3,3,2,2,2,2,4,20170724
2017,07,25,2,2,2,2,3,2,2,3,20170725
2017,07,26,3,2,4,2,2,2,1,1,20170726
2017,07,27,1,1,2,1,2,2,1,3,20170727
2017,07,28,2,1,1,2,2,3,3,2,20170728
2017,07,29,1,1,2,1,1,1,0,1,20170729
2017,07,30,1,2,1,1,1,0,1,0,20170730
2017,07,31,0,1,0,1,1,0,0,1,20170731
2017,08,01,1,1,2,2,3,1,1,1,20170801
2017,08,02,1,1,1,1,2,2,1,1,20170802
2017,08,03,1,1,1,1,2,4,4,4,20170803
2017,08,04,3,4,4,4,4,4,3,3,20170804
2017,08,05,3,4,3,2,3,3,3,3,20170805
2017,08,06,3,3,3,4,2,1,2,2,20170806
2017,08,07,1,2,2,2,2,1,0,1,20170807
2017,08,08,1,1,1,1,1,2,2,1,20170808
2017,08,09,1,1,2,1,1,1,1,2,20170809
2017,08,10,1,1,2,2,2,1,0,2,20170810
2017,08,11,2,2,1,1,1,2,3,2,20170811
2017,08,12,3,3,2,2,2,1,3,3,20170812
2017,08,13,2,2,2,2,2,2,2,2,20170813
2017,08,14,2,1,1,1,2,1,1,2,20170814
2017,08,15,1,1,1,1,1,0,1,1,20170815
2017,08,16,2,1,1,2,1,1,1,2,20170816
2017,08,17,3,2,5,5,5,3,4,4,20170817
2017,08,18,4,3,2,3,4,3,5,3,20170818
2017,08,19,5,4,5,4,4,5,3,4,20170819
2017,08,20,5,5,3,3,2,3,3,3,20170820
2017,08,21,3,2,3,3,2,1,2,3,20170821
2017,08,22,6,5,3,2,3,2,2,3,20170822
2017,08,23,3,4,4,3,5,4,5,3,20170823
2017,08,24,3,3,3,3,3,2,1,1,20170824
2017,08,25,1,1,2,2,2,1,1,2,20170825
2017,08,26,1,1,2,1,1,2,1,1,20170826
2017,08,27,3,1,1,3,2,3,3,3,20170827
2017,08,28,1,1,1,1,1,1,0,1,20170828
2017,08,29,1,2,2,1,1,2,4,3,20170829
2017,08,30,2,2,2,1,1,0,0,0,20170830
2017,08,31,2,3,5,5,5,4,4,3,20170831
2017,09,01,4,3,2,4,4,2,2,4,20170901
2017,09,02,4,5,5,3,2,3,3,3,20170902
2017,09,03,3,3,1,2,3,2,2,2,20170903
2017,09,04,4,3,2,2,2,2,4,5,20170904
2017,09,05,4,3,3,2,2,3,2,2,20170905
2017,09,06,2,2,2,3,3,2,0,4,20170906
2017,09,07,3,4,4,4,3,2,2,8,20170907
2017,09,08,8,5,4,5,8,7,6,5,20170908
2017,09,09,3,2,2,1,1,1,1,1,20170909
2017,09,10,1,0,1,1,1,3,2,4,20170910
2017,09,11,3,3,2,2,3,2,3,3,20170911
2017,09,12,3,2,3,2,3,2,4,5,20170912
2017,09,13,5,3,4,2,2,2,1,0,20170913
2017,09,14,2,2,1,2,4,6,5,4,20170914
2017,09,15,6,4,5,3,4,3,5,5,20170915
2017,09,16,5,6,3,3,4,4,3,4,20170916
2017,09,17,3,4,2,3,4,4,2,2,20170917
2017,09,18,4,4,5,4,3,3,2,3,20170918
2017,09,19,3,2,1,2,2,2,3,3,20170919
2017,09,20,3,3,2,2,2,1,2,1,20170920
2017,09,21,1,2,3,2,2,0,1,2,20170921
2017,09,22,1,1,1,1,1,1,2,2,20170922
2017,09,23,1,2,1,1,1,1,2,2,20170923
2017,09,24,1,2,1,1,1,1,2,3,20170924
2017,09,25,3,2,1,1,0,1,0,1,20170925
2017,09,26,1,1,2,1,1,0,0,2,20170926
2017,09,27,3,2,5,4,4,3,6,6,20170927
2017,09,28,6,7,7,5,4,4,4,5,20170928
2017,09,29,3,2,3,3,3,2,2,2,20170929
2017,09,30,2,3,4,2,3,4,2,3,20170930
2017,10,01,3,2,3,2,2,3,2,3,20171001
2017,10,02,2,4,2,2,2,1,0,0,20171002
2017,10,03,3,3,3,2,0,1,1,1,20171003
2017,10,04,2,3,1,1,1,0,1,2,20171004
2017,10,05,3,1,1,1,1,1,1,3,20171005
2017,10,06,3,3,2,2,2,2,1,2,20171006
2017,10,07,2,1,1,1,1,1,2,1,20171007
2017,10,08,1,2,1,0,1,1,1,1,20171008
2017,10,09,2,1,1,1,0,0,0,1,20171009
2017,10,10,0,0,0,1,1,0,1,3,20171010
2017,10,11,3,4,5,4,4,5,4,4,20171011
2017,10,12,5,4,4,4,5,4,3,4,20171012
2017,10,13,3,5,2,4,6,5,6,5,20171013
2017,10,14,5,4,5,5,4,4,3,3,20171014
2017,10,15,4,5,3,4,5,4,3,1,20171015
2017,10,16,2,3,2,2,2,1,3,2,20171016
2017,10,17,2,1,2,2,2,1,1,1,20171017
2017,10,18,1,2,1,1,1,0,1,2,20171018
2017,10,19,3,3,2,2,2,3,3,3,20171019
2017,10,20,4,2,2,2,2,1,1,2,20171020
2017,10,21,2,2,2,2,2,3,3,3,20171021
2017,10,22,3,2,1,1,1,1,1,2,20171022
2017,10,23,3,1,2,2,1,1,1,1,20171023
2017,10,24,2,1,2,3,4,5,3,4,20171024
2017,10,25,4,4,5,3,2,3,3,4,20171025
2017,10,26,4,2,4,4,4,4,3,1,20171026
2017,10,27,3,1,1,1,0,0,2,2,20171027
2017,10,28,2,2,2,2,1,1,1,1,20171028
2017,10,29,1,2,1,1,1,1,1,0,20171029
2017,10,30,1,1,0,0,1,0,0,1,20171030
2017,10,31,1,0,0,1,2,0,0,0,20171031
2017,11,01,1,0,1,1,1,1,1,1,20171101
2017,11,02,3,2,2,1,2,1,2,3,20171102
2017,11,03,4,2,2,2,3,1,1,1,20171103
2017,11,04,1,1,1,1,1,1,1,1,20171104
2017,11,05,1,1,0,0,0,0,1,1,20171105
2017,11,06,1,0,0,0,0,0,1,0,20171106
2017,11,07,1,3,4,5,4,4,6,6,20171107
2017,11,08,6,6,3,5,5,5,3,5,20171108
2017,11,09,4,4,3,3,3,4,3,4,20171109
2017,11,10,3,4,4,4,4,4,3,3,20171110
2017,11,11,3,2,2,2,2,1,1,1,20171111
2017,11,12,1,2,1,1,1,1,2,2,20171112
2017,11,13,2,2,2,2,1,2,1,1,20171113
2017,11,14,3,3,3,2,1,3,2,3,20171114
2017,11,15,2,3,3,4,2,4,3,2,20171115
2017,11,16,4,4,3,2,1,1,2,3,20171116
2017,11,17,1,2,2,3,2,0,0,1,20171117
2017,11,18,2,2,2,2,2,1,1,2,20171118
2017,11,19,1,2,3,1,0,0,1,1,20171119
2017,11,20,1,1,0,1,1,2,3,4,20171120
2017,11,21,4,5,5,4,3,3,4,4,20171121
2017,11,22,3,3,2,2,3,2,3,2,20171122
2017,11,23,2,1,3,3,2,2,2,3,20171123
2017,11,24,3,2,2,1,0,0,3,3,20171124
2017,11,25,4,3,2,1,0,1,1,0,20171125
2017,11,26,0,0,1,1,1,1,1,1,20171126
2017,11,27,2,1,1,1,2,1,2,1,20171127
2017,11,28,4,2,2,2,2,1,1,1,20171128
2017,11,29,1,1,2,1,0,1,1,2,20171129
2017,11,30,2,4,1,1,3,3,2,3,20171130
2017,12,01,2,3,2,1,1,3,2,1,20171201
2017,12,02,1,0,1,1,0,3,1,1,20171202
2017,12,03,0,0,0,1,0,0,0,1,20171203
2017,12,04,0,0,2,1,2,4,3,4,20171204
2017,12,05,4,3,4,5,5,4,4,4,20171205
2017,12,06,3,4,3,2,3,3,3,2,20171206
2017,12,07,2,3,2,1,3,3,2,2,20171207
2017,12,08,2,2,2,1,2,1,1,1,20171208
2017,12,09,1,1,1,1,1,1,1,0,20171209
2017,12,10,0,0,1,0,1,1,0,1,20171210
2017,12,11,1,3,3,2,3,2,3,1,20171211
2017,12,12,3,3,3,3,2,3,4,3,20171212
2017,12,13,1,1,2,1,2,2,3,3,20171213
2017,12,14,3,1,1,1,1,0,1,1,20171214
2017,12,15,1,1,1,1,2,1,1,2,20171215
2017,12,16,0,0,1,1,1,1,1,2,20171216
2017,12,17,3,3,5,3,3,4,5,4,20171217
2017,12,18,4,4,4,3,3,2,2,1,20171218
2017,12,19,1,1,1,1,1,2,2,3,20171219
2017,12,20,2,2,1,2,1,1,2,0,20171220
2017,12,21,1,1,1,1,1,1,0,0,20171221
2017,12,22,0,1,1,0,0,0,0,1,20171222
2017,12,23,1,3,2,2,1,0,1,1,20171223
2017,12,24,1,2,2,3,3,3,3,3,20171224
2017,12,25,3,1,2,3,1,2,3,2,20171225
2017,12,26,3,3,1,2,1,1,4,3,20171226
2017,12,27,2,3,2,1,1,2,2,2,20171227
2017,12,28,1,1,2,1,2,2,1,2,20171228
2017,12,29,1,1,0,1,1,1,2,1,20171229
2017,12,30,1,1,1,0,1,1,1,2,20171230
2017,12,31,1,0,0,0,0,1,2,2,20171231
2018,01,01,3,4,2,2,3,1,1,1,20180101
2018,01,02,2,1,1,1,2,1,2,1,20180102
2018,01,03,1,1,1,1,1,1,1,1,20180103
2018,01,04,1,1,1,0,1,0,2,1,20180104
2018,01,05,1,2,2,1,1,1,1,2,20180105
2018,01,06,2,0,1,0,0,0,1,0,20180106
2018,01,07,1,0,0,0,0,1,1,1,20180107
2018,01,08,0,0,3,1,4,3,2,2,20180108
2018,01,09,4,2,2,2,2,2,2,2,20180109
2018,01,10,2,2,1,1,1,1,1,0,20180110
2018,01,11,0,1,0,0,1,1,1,1,20180111
2018,01,12,1,1,1,1,1,2,1,0,20180112
2018,01,13,0,1,2,1,2,2,3,2,20180113
2018,01,14,5,4,2,2,2,2,1,2,20180114
2018,01,15,4,2,3,2,1,2,2,2,20180115
2018,01,16,2,0,1,2,1,1,1,1,20180116
2018,01,17,1,0,0,1,1,0,1,1,20180117
2018,01,18,0,1,0,0,0,1,1,1,20180118
2018,01,19,1,3,3,2,1,1,2,2,20180119
2018,01,20,3,3,3,1,1,1,2,1,20180120
2018,01,21,1,1,2,3,3,2,3,3,20180121
2018,01,22,3,3,2,2,1,2,3,3,20180122
2018,01,23,2,2,1,1,1,1,0,0,20180123
2018,01,24,0,1,0,1,3,3,1,4,20180124
2018,01,25,3,3,2,2,1,3,2,2,20180125
2018,01,26,3,2,3,1,0,1,2,2,20180126
2018,01,27,3,2,1,2,1,1,2,1,20180127
2018,01,28,1,1,0,1,2,1,1,2,20180128
2018,01,29,1,0,2,2,1,1,1,1,20180129
2018,01,30,1,3,2,1,1,0,1,1,20180130
2018,01,31,0,0,2,2,2,2,1,3,20180131
2018,02,01,2,1,0,1,0,0,1,1,20180201
2018,02,02,2,1,1,1,1,1,0,0,20180202
2018,02,03,0,0,1,1,0,1,2,1,20180203
2018,02,04,0,1,0,1,0,1,2,1,20180204
2018,02,05,3,2,2,2,3,2,1,1,20180205
2018,02,06,1,2,2,2,1,0,1,1,20180206
2018,02,07,1,1,1,2,2,0,0,0,20180207
2018,02,08,1,1,1,1,1,0,1,2,20180208
2018,02,09,1,3,1,0,0,0,1,2,20180209
2018,02,10,1,2,1,3,2,2,2,1,20180210
2018,02,11,1,0,0,1,0,1,1,1,20180211
2018,02,12,0,1,2,1,0,0,2,1,20180212
2018,02,13,0,1,1,1,1,1,1,1,20180213
2018,02,14,1,0,0,0,0,0,1,2,20180214
2018,02,15,1,0,2,1,2,4,3,3,20180215
2018,02,16,2,2,2,1,1,1,2,2,20180216
2018,02,17,3,4,3,2,3,2,1,2,20180217
2018,02,18,4,2,3,2,3,4,2,2,20180218
2018,02,19,5,4,2,2,2,2,4,3,20180219
2018,02,20,3,1,0,1,1,1,1,0,20180220
2018,02,21,0,0,1,2,1,1,1,1,20180221
2018,02,22,2,1,1,2,2,3,4,4,20180222
2018,02,23,2,4,3,5,2,2,3,2,20180223
2018,02,24,3,3,3,2,2,0,1,1,20180224
2018,02,25,1,0,1,0,0,2,2,2,20180225
2018,02,26,2,2,2,2,2,1,1,3,20180226
2018,02,27,4,5,2,2,4,2,1,1,20180227
2018,02,28,2,2,1,2,2,1,1,1,20180228
2018,03,01,1,2,1,1,1,1,2,2,20180301
2018,03,02,2,1,1,1,1,1,1,1,20180302
2018,03,03,1,0,2,2,2,1,2,3,20180303
2018,03,04,3,2,2,1,1,1,1,1,20180304
2018,03,05,2,1,1,1,1,2,1,1,20180305
2018,03,06,2,1,1,1,1,2,1,1,20180306
2018,03,07,1,0,1,0,0,0,2,1,20180307
2018,03,08,0,1,2,1,0,0,1,1,20180308
2018,03,09,3,3,1,1,1,1,3,4,20180309
2018,03,10,4,4,3,2,2,1,2,2,20180310
2018,03,11,3,2,2,1,1,1,1,1,20180311
2018,03,12,1,0,0,1,1,1,1,0,20180312
2018,03,13,0,1,2,1,1,1,1,0,20180313
2018,03,14,1,0,1,1,1,4,3,4,20180314
2018,03,15,4,3,2,3,1,3,3,4,20180315
2018,03,16,3,4,3,3,3,4,3,4,20180316
2018,03,17,4,3,3,2,2,1,2,3,20180317
2018,03,18,3,3,1,1,3,4,5,6,20180318
2018,03,19,5,4,3,1,2,2,2,3,20180319
2018,03,20,3,3,1,1,2,0,2,2,20180320
2018,03,21,2,2,1,0,1,0,2,1,20180321
2018,03,22,1,2,1,1,1,2,3,3,20180322
2018,03,23,4,3,2,3,2,2,4,4,20180323
2018,03,24,2,2,2,2,2,2,2,3,20180324
2018,03,25,4,4,3,3,2,2,2,4,20180325
2018,03,26,3,3,3,2,2,2,2,3,20180326
2018,03,27,3,3,3,2,2,1,0,1,20180327
2018,03,28,1,0,1,1,0,0,0,0,20180328
2018,03,29,0,0,1,2,1,2,1,1,20180329
2018,03,30,2,2,1,1,1,1,1,1,20180330
2018,03,31,3,2,2,2,2,1,1,1,20180331
2018,04,01,2,1,1,2,2,1,1,1,20180401
2018,04,02,2,1,1,1,2,2,1,1,20180402
2018,04,03,2,2,2,0,0,0,0,0,20180403
2018,04,04,0,1,1,2,2,2,1,2,20180404
2018,04,05,3,2,1,1,1,3,3,2,20180405
2018,04,06,1,1,1,1,1,2,1,1,20180406
2018,04,07,1,1,1,1,1,1,0,2,20180407
2018,04,08,1,2,0,1,1,2,2,2,20180408
2018,04,09,2,1,3,2,2,2,2,4,20180409
2018,04,10,2,4,4,3,3,3,2,3,20180410
2018,04,11,5,4,4,2,2,0,1,2,20180411
2018,04,12,2,2,3,2,2,2,2,3,20180412
2018,04,13,4,2,2,2,2,1,2,2,20180413
2018,04,14,2,2,0,1,2,2,2,2,20180414
2018,04,15,2,2,1,1,2,1,1,2,20180415
2018,04,16,1,1,0,1,1,0,0,1,20180416
2018,04,17,1,1,1,1,1,1,0,2,20180417
2018,04,18,1,2,1,2,2,2,1,1,20180418
2018,04,19,0,1,0,2,1,0,1,0,20180419
2018,04,20,4,5,6,6,4,4,5,3,20180420
2018,04,21,3,3,3,2,2,3,3,1,20180421
2018,04,22,2,2,2,1,2,1,1,2,20180422
2018,04,23,3,2,1,1,1,1,2,2,20180423
2018,04,24,1,0,2,1,2,1,2,2,20180424
2018,04,25,2,2,2,1,1,0,0,1,20180425
2018,04,26,2,1,1,1,1,0,1,2,20180426
2018,04,27,1,0,1,1,2,3,2,2,20180427
2018,04,28,2,1,1,1,1,1,1,1,20180428
2018,04,29,1,0,1,1,2,1,0,1,20180429
2018,04,30,3,2,1,1,2,2,2,1,20180430
2018,05,01,0,1,1,0,1,0,1,1,20180501
2018,05,02,1,2,1,1,1,1,1,0,20180502
2018,05,03,1,1,1,1,1,1,1,2,20180503
2018,05,04,1,1,1,1,1,1,1,1,20180504
2018,05,05,1,1,0,3,3,5,4,5,20180505
2018,05,06,6,4,3,3,3,3,4,5,20180506
2018,05,07,4,4,3,2,3,3,2,3,20180507
2018,05,08,3,3,3,3,2,4,4,2,20180508
2018,05,09,3,3,3,2,3,2,4,4,20180509
2018,05,10,3,3,3,3,2,3,1,2,20180510
2018,05,11,2,4,4,2,3,2,4,4,20180511
2018,05,12,3,4,2,2,1,1,2,2,20180512
2018,05,13,2,2,2,2,2,2,2,2,20180513
2018,05,14,2,1,2,1,1,1,1,2,20180514
2018,05,15,1,1,1,1,1,1,1,2,20180515
2018,05,16,0,0,1,1,1,1,2,2,20180516
2018,05,17,3,2,2,3,3,2,2,2,20180517
2018,05,18,2,1,1,1,1,1,1,1,20180518
2018,05,19,0,1,0,1,1,1,1,1,20180519
2018,05,20,1,1,2,1,1,1,0,0,20180520
2018,05,21,0,1,1,1,0,1,0,1,20180521
2018,05,22,1,1,2,1,1,1,2,2,20180522
2018,05,23,2,2,3,3,3,2,1,2,20180523
2018,05,24,2,2,1,1,1,1,1,1,20180524
2018,05,25,2,1,0,1,1,0,1,0,20180525
2018,05,26,0,1,1,1,2,1,1,2,20180526
2018,05,27,2,2,1,1,1,1,1,1,20180527
2018,05,28,1,1,1,1,2,1,1,1,20180528
2018,05,29,1,2,1,1,1,1,1,1,20180529
2018,05,30,1,1,1,1,1,1,2,2,20180530
2018,05,31,2,2,1,2,2,4,4,3,20180531
2018,06,01,3,4,4,4,5,4,3,3,20180601
2018,06,02,3,4,3,2,3,2,4,4,20180602
2018,06,03,3,2,1,2,3,3,2,2,20180603
2018,06,04,1,2,2,1,1,1,2,1,20180604
2018,06,05,2,2,2,2,2,2,2,1,20180605
2018,06,06,1,1,0,1,1,2,4,2,20180606
2018,06,07,3,2,1,1,1,1,1,2,20180607
2018,06,08,1,2,1,2,2,0,0,0,20180608
2018,06,09,1,1,1,2,1,1,1,1,20180609
2018,06,10,1,2,1,0,1,1,1,1,20180610
2018,06,11,1,1,1,0,1,1,0,2,20180611
2018,06,12,2,2,1,0,1,0,1,1,20180612
2018,06,13,1,1,2,1,1,1,1,2,20180613
2018,06,14,2,1,2,1,1,1,1,1,20180614
2018,06,15,1,1,1,1,1,1,1,1,20180615
2018,06,16,1,1,1,1,1,1,0,1,20180616
2018,06,17,1,1,1,1,1,1,2,2,20180617
2018,06,18,5,4,4,4,3,2,2,2,20180618
2018,06,19,2,2,3,2,2,1,1,1,20180619
2018,06,20,1,2,2,2,1,1,1,1,20180620
2018,06,21,1,1,1,1,1,0,1,0,20180621
2018,06,22,0,1,1,1,1,1,1,1,20180622
2018,06,23,2,3,2,4,4,3,2,4,20180623
2018,06,24,2,2,3,2,2,1,1,2,20180624
2018,06,25,1,1,1,2,2,2,3,5,20180625
2018,06,26,5,3,3,4,3,3,3,2,20180626
2018,06,27,1,2,2,2,2,1,1,3,20180627
2018,06,28,2,1,1,1,2,1,2,1,20180628
2018,06,29,1,2,1,1,1,1,0,0,20180629
2018,06,30,0,1,1,1,1,1,0,1,20180630
2018,07,01,0,1,1,1,1,0,0,1,20180701
2018,07,02,1,1,1,1,1,1,1,0,20180702
2018,07,03,0,1,1,1,1,2,1,1,20180703
2018,07,04,1,1,2,1,2,1,1,1,20180704
2018,07,05,2,1,1,2,3,4,5,4,20180705
2018,07,06,3,2,1,2,2,1,1,2,20180706
2018,07,07,2,2,1,2,1,1,2,0,20180707
2018,07,08,1,1,1,1,1,1,1,1,20180708
2018,07,09,1,1,0,1,0,0,0,1,20180709
2018,07,10,2,2,2,2,2,1,1,1,20180710
2018,07,11,0,2,3,3,3,2,2,2,20180711
2018,07,12,1,3,3,2,2,2,2,2,20180712
2018,07,13,2,2,2,1,1,2,1,1,20180713
2018,07,14,1,2,2,2,2,1,1,0,20180714
2018,07,15,1,1,1,1,1,0,1,1,20180715
2018,07,16,1,2,3,2,2,2,3,3,20180716
2018,07,17,1,3,3,2,1,2,1,2,20180717
2018,07,18,1,1,1,1,1,1,1,1,20180718
2018,07,19,1,1,1,1,1,1,1,1,20180719
2018,07,20,2,1,2,3,2,1,2,2,20180720
2018,07,21,2,2,3,3,3,2,2,2,20180721
2018,07,22,2,1,2,2,1,1,1,1,20180722
2018,07,23,0,1,1,1,1,0,1,1,20180723
2018,07,24,4,3,3,3,2,3,3,4,20180724
2018,07,25,3,3,2,2,1,1,1,2,20180725
2018,07,26,1,1,1,1,2,1,0,1,20180726
2018,07,27,1,1,1,1,1,1,1,2,20180727
2018,07,28,2,2,2,2,2,1,1,1,20180728
2018,07,29,2,1,1,1,1,1,2,1,20180729
2018,07,30,1,1,1,1,1,1,2,2,20180730
2018,07,31,2,1,1,1,1,1,2,3,20180731
2018,08,01,2,1,1,1,2,2,2,3,20180801
2018,08,02,3,2,2,1,1,0,0,1,20180802
2018,08,03,1,1,1,3,2,1,1,1,20180803
2018,08,04,2,2,1,2,1,1,1,2,20180804
2018,08,05,1,1,1,2,1,1,0,1,20180805
2018,08,06,0,1,1,1,2,1,1,1,20180806
2018,08,07,2,2,2,2,3,2,3,2,20180807
2018,08,08,1,1,2,1,2,1,1,1,20180808
2018,08,09,1,1,2,2,1,0,1,1,20180809
2018,08,10,1,1,1,0,1,1,1,1,20180810
2018,08,11,2,2,2,2,3,2,2,4,20180811
2018,08,12,1,1,1,2,2,1,2,2,20180812
2018,08,13,1,2,1,2,2,1,1,1,20180813
2018,08,14,2,1,1,1,1,0,0,2,20180814
2018,08,15,2,1,2,3,4,3,3,4,20180815
2018,08,16,4,2,3,2,2,2,2,3,20180816
2018,08,17,3,4,3,2,1,1,3,3,20180817
2018,08,18,2,3,4,3,3,3,1,2,20180818
2018,08,19,2,2,2,2,1,2,2,2,20180819
2018,08,20,4,3,2,2,3,3,4,2,20180820
2018,08,21,3,2,2,2,1,1,1,2,20180821
2018,08,22,2,3,2,1,2,1,0,2,20180822
2018,08,23,2,1,2,1,1,1,1,1,20180823
2018,08,24,0,1,2,2,3,1,1,1,20180824
2018,08,25,1,1,2,2,2,1,3,4,20180825
2018,08,26,6,7,7,5,5,6,5,3,20180826
2018,08,27,2,3,3,4,4,6,5,3,20180827
2018,08,28,4,3,2,3,2,1,0,1,20180828
2018,08,29,2,2,1,1,1,2,1,2,20180829
2018,08,30,2,1,1,1,1,0,1,2,20180830
2018,08,31,2,1,1,1,1,2,2,1,20180831
2018,09,01,1,1,1,1,2,1,2,1,20180901
2018,09,02,2,2,2,1,1,1,1,2,20180902
2018,09,03,2,2,1,1,1,1,1,1,20180903
2018,09,04,2,3,3,1,1,2,2,3,20180904
2018,09,05,4,3,2,3,3,2,2,1,20180905
2018,09,06,2,1,2,1,1,1,1,2,20180906
2018,09,07,2,2,1,1,1,1,1,1,20180907
2018,09,08,1,1,3,1,1,1,1,2,20180908
2018,09,09,2,2,1,1,2,1,2,3,20180909
2018,09,10,1,1,1,2,3,5,5,5,20180910
2018,09,11,4,5,6,6,4,3,3,2,20180911
2018,09,12,2,2,1,2,2,2,2,3,20180912
2018,09,13,4,4,3,3,3,3,2,3,20180913
2018,09,14,5,4,3,2,2,2,3,3,20180914
2018,09,15,3,3,2,2,2,1,1,2,20180915
2018,09,16,2,2,2,2,1,0,1,2,20180916
2018,09,17,3,3,2,2,2,2,3,3,20180917
2018,09,18,3,2,2,2,1,1,1,1,20180918
2018,09,19,1,3,2,1,0,1,0,0,20180919
2018,09,20,1,0,0,1,1,0,0,0,20180920
2018,09,21,1,1,1,1,1,1,2,5,20180921
2018,09,22,5,4,3,4,4,3,4,4,20180922
2018,09,23,4,3,2,3,3,2,2,2,20180923
2018,09,24,3,3,2,2,2,1,2,2,20180924
2018,09,25,2,3,1,3,3,2,3,3,20180925
2018,09,26,1,2,3,1,2,2,1,3,20180926
2018,09,27,2,2,3,2,2,1,1,2,20180927
2018,09,28,3,3,3,1,1,0,1,2,20180928
2018,09,29,2,3,2,3,2,2,1,3,20180929
2018,09,30,1,3,0,1,1,0,2,2,20180930
2018,10,01,0,2,1,2,4,2,2,2,20181001
2018,10,02,4,3,2,1,2,1,2,0,20181002
2018,10,03,1,1,1,2,1,1,2,3,20181003
2018,10,04,1,0,1,0,1,2,1,1,20181004
2018,10,05,3,3,2,2,3,1,1,2,20181005
2018,10,06,3,1,2,2,1,0,1,0,20181006
2018,10,07,0,1,1,3,4,5,5,5,20181007
2018,10,08,4,4,4,3,4,3,2,2,20181008
2018,10,09,3,3,3,4,3,4,3,3,20181009
2018,10,10,4,1,1,2,3,3,5,3,20181010
2018,10,11,3,3,3,2,2,2,2,1,20181011
2018,10,12,1,2,2,1,1,1,1,1,20181012
2018,10,13,1,3,1,1,2,5,4,4,20181013
2018,10,14,2,1,1,2,2,2,1,2,20181014
2018,10,15,3,2,2,2,2,3,3,3,20181015
2018,10,16,2,1,1,2,2,2,1,1,20181016
2018,10,17,0,1,2,0,0,0,0,1,20181017
2018,10,18,1,1,1,0,0,0,0,0,20181018
2018,10,19,0,0,0,0,0,0,0,1,20181019
2018,10,20,1,0,0,0,0,0,0,0,20181020
2018,10,21,0,0,0,2,2,2,1,1,20181021
2018,10,22,3,2,2,1,1,1,1,1,20181022
2018,10,23,1,2,1,1,1,1,0,0,20181023
2018,10,24,1,0,1,2,0,0,1,1,20181024
2018,10,25,0,2,1,2,1,2,2,2,20181025
2018,10,26,2,1,1,2,2,1,2,2,20181026
2018,10,27,1,2,2,2,0,0,1,0,20181027
2018,10,28,2,1,1,1,0,1,1,0,20181028
2018,10,29,1,1,1,1,1,1,1,0,20181029
2018,10,30,2,2,1,1,0,1,1,1,20181030
2018,10,31,1,0,0,1,1,1,1,2,20181031
2018,11,01,1,1,2,2,1,1,1,1,20181101
2018,11,02,2,1,1,2,1,1,1,0,20181102
2018,11,03,2,2,1,0,0,0,0,1,20181103
2018,11,04,1,1,1,1,1,3,5,5,20181104
2018,11,05,4,6,5,5,3,3,4,3,20181105
2018,11,06,2,4,2,2,2,1,1,3,20181106
2018,11,07,3,3,3,1,1,1,2,3,20181107
2018,11,08,3,4,2,3,1,1,2,1,20181108
2018,11,09,1,1,1,2,1,3,3,4,20181109
2018,11,10,2,2,2,4,2,1,3,4,20181110
2018,11,11,3,2,2,1,1,1,2,2,20181111
2018,11,12,2,3,3,1,2,1,2,2,20181112
2018,11,13,2,1,1,1,1,0,1,0,20181113
2018,11,14,0,1,1,1,1,1,1,0,20181114
2018,11,15,0,0,0,0,0,1,0,0,20181115
2018,11,16,0,0,1,0,0,1,0,0,20181116
2018,11,17,0,0,1,0,0,0,0,0,20181117
2018,11,18,0,1,0,1,1,1,0,1,20181118
2018,11,19,1,2,1,1,0,1,1,1,20181119
2018,11,20,2,3,1,1,0,1,1,1,20181120
2018,11,21,1,3,1,1,1,0,0,1,20181121
2018,11,22,1,1,1,1,1,1,1,0,20181122
2018,11,23,1,1,1,1,0,0,1,1,20181123
2018,11,24,1,0,1,1,1,2,1,1,20181124
2018,11,25,1,1,0,1,1,1,0,1,20181125
2018,11,26,1,1,0,0,0,0,0,1,20181126
2018,11,27,1,1,0,1,2,2,2,2,20181127
2018,11,28,1,1,0,0,0,1,1,1,20181128
2018,11,29,2,0,0,0,0,0,0,1,20181129
2018,11,30,1,0,0,0,1,0,0,0,20181130
2018,12,01,1,1,1,1,2,3,3,2,20181201
2018,12,02,2,2,3,2,2,3,3,4,20181202
2018,12,03,3,2,2,1,3,3,3,2,20181203
2018,12,04,3,3,2,2,1,2,1,2,20181204
2018,12,05,2,2,0,1,1,1,0,2,20181205
2018,12,06,2,2,1,1,2,1,1,1,20181206
2018,12,07,1,3,3,2,2,2,3,2,20181207
2018,12,08,2,3,3,2,2,3,2,2,20181208
2018,12,09,2,1,1,1,1,3,3,4,20181209
2018,12,10,3,3,3,3,2,2,2,2,20181210
2018,12,11,1,2,3,2,0,2,2,2,20181211
2018,12,12,2,1,1,1,1,1,2,1,20181212
2018,12,13,0,1,0,0,0,1,0,0,20181213
2018,12,14,1,1,0,1,0,1,1,1,20181214
2018,12,15,1,0,0,0,0,0,1,0,20181215
2018,12,16,1,0,1,0,0,1,0,1,20181216
2018,12,17,1,1,2,1,1,2,2,2,20181217
2018,12,18,3,1,1,1,2,2,3,1,20181218
2018,12,19,1,1,1,2,1,2,1,2,20181219
2018,12,20,3,3,3,2,1,2,3,3,20181220
2018,12,21,2,2,1,1,1,0,1,1,20181221
2018,12,22,1,1,0,1,0,0,1,1,20181222
2018,12,23,1,0,0,0,1,0,1,1,20181223
2018,12,24,1,0,0,1,1,1,1,1,20181224
2018,12,25,1,2,0,0,1,1,1,1,20181225
2018,12,26,1,0,0,1,1,1,1,0,20181226
2018,12,27,1,2,1,0,0,1,1,3,20181227
2018,12,28,4,4,5,3,4,3,4,3,20181228
2018,12,29,3,3,3,2,3,2,2,2,20181229
2018,12,30,1,3,3,2,2,3,2,2,20181230
2018,12,31,3,2,2,2,2,1,0,1,20181231
2018,01,01,3,4,2,2,3,1,1,1,20180101
2018,01,02,2,1,1,1,2,1,2,1,20180102
2018,01,03,1,1,1,1,1,1,1,1,20180103
2018,01,04,1,1,1,0,1,0,2,1,20180104
2018,01,05,1,2,2,1,1,1,1,2,20180105
2018,01,06,2,0,1,0,0,0,1,0,20180106
2018,01,07,1,0,0,0,0,1,1,1,20180107
2018,01,08,0,0,3,1,4,3,2,2,20180108
2018,01,09,4,2,2,2,2,2,2,2,20180109
2018,01,10,2,2,1,1,1,1,1,0,20180110
2018,01,11,0,1,0,0,1,1,1,1,20180111
2018,01,12,1,1,1,1,1,2,1,0,20180112
2018,01,13,0,1,2,1,2,2,3,2,20180113
2018,01,14,5,4,2,2,2,2,1,2,20180114
2018,01,15,4,2,3,2,1,2,2,2,20180115
2018,01,16,2,0,1,2,1,1,1,1,20180116
2018,01,17,1,0,0,1,1,0,1,1,20180117
2018,01,18,0,1,0,0,0,1,1,1,20180118
2018,01,19,1,3,3,2,1,1,2,2,20180119
2018,01,20,3,3,3,1,1,1,2,1,20180120
2018,01,21,1,1,2,3,3,2,3,3,20180121
2018,01,22,3,3,2,2,1,2,3,3,20180122
2018,01,23,2,2,1,1,1,1,0,0,20180123
2018,01,24,0,1,0,1,3,3,1,4,20180124
2018,01,25,3,3,2,2,1,3,2,2,20180125
2018,01,26,3,2,3,1,0,1,2,2,20180126
2018,01,27,3,2,1,2,1,1,2,1,20180127
2018,01,28,1,1,0,1,2,1,1,2,20180128
2018,01,29,1,0,2,2,1,1,1,1,20180129
2018,01,30,1,3,2,1,1,0,1,1,20180130
2018,01,31,0,0,2,2,2,2,1,3,20180131
2018,02,01,2,1,0,1,0,0,1,1,20180201
2018,02,02,2,1,1,1,1,1,0,0,20180202
2018,02,03,0,0,1,1,0,1,2,1,20180203
2018,02,04,0,1,0,1,0,1,2,1,20180204
2018,02,05,3,2,2,2,3,2,1,1,20180205
2018,02,06,1,2,2,2,1,0,1,1,20180206
2018,02,07,1,1,1,2,2,0,0,0,20180207
2018,02,08,1,1,1,1,1,0,1,2,20180208
2018,02,09,1,3,1,0,0,0,1,2,20180209
2018,02,10,1,2,1,3,2,2,2,1,20180210
2018,02,11,1,0,0,1,0,1,1,1,20180211
2018,02,12,0,1,2,1,0,0,2,1,20180212
2018,02,13,0,1,1,1,1,1,1,1,20180213
2018,02,14,1,0,0,0,0,0,1,2,20180214
2018,02,15,1,0,2,1,2,4,3,3,20180215
2018,02,16,2,2,2,1,1,1,2,2,20180216
2018,02,17,3,4,3,2,3,2,1,2,20180217
2018,02,18,4,2,3,2,3,4,2,2,20180218
2018,02,19,5,4,2,2,2,2,4,3,20180219
2018,02,20,3,1,0,1,1,1,1,0,20180220
2018,02,21,0,0,1,2,1,1,1,1,20180221
2018,02,22,2,1,1,2,2,3,4,4,20180222
2018,02,23,2,4,3,5,2,2,3,2,20180223
2018,02,24,3,3,3,2,2,0,1,1,20180224
2018,02,25,1,0,1,0,0,2,2,2,20180225
2018,02,26,2,2,2,2,2,1,1,3,20180226
2018,02,27,4,5,2,2,4,2,1,1,20180227
2018,02,28,2,2,1,2,2,1,1,1,20180228
2018,03,01,1,2,1,1,1,1,2,2,20180301
2018,03,02,2,1,1,1,1,1,1,1,20180302
2018,03,03,1,0,2,2,2,1,2,3,20180303
2018,03,04,3,2,2,1,1,1,1,1,20180304
2018,03,05,2,1,1,1,1,2,1,1,20180305
2018,03,06,2,1,1,1,1,2,1,1,20180306
2018,03,07,1,0,1,0,0,0,2,1,20180307
2018,03,08,0,1,2,1,0,0,1,1,20180308
2018,03,09,3,3,1,1,1,1,3,4,20180309
2018,03,10,4,4,3,2,2,1,2,2,20180310
2018,03,11,3,2,2,1,1,1,1,1,20180311
2018,03,12,1,0,0,1,1,1,1,0,20180312
2018,03,13,0,1,2,1,1,1,1,0,20180313
2018,03,14,1,0,1,1,1,4,3,4,20180314
2018,03,15,4,3,2,3,1,3,3,4,20180315
2018,03,16,3,4,3,3,3,4,3,4,20180316
2018,03,17,4,3,3,2,2,1,2,3,20180317
2018,03,18,3,3,1,1,3,4,5,6,20180318
2018,03,19,5,4,3,1,2,2,2,3,20180319
2018,03,20,3,3,1,1,2,0,2,2,20180320
2018,03,21,2,2,1,0,1,0,2,1,20180321
2018,03,22,1,2,1,1,1,2,3,3,20180322
2018,03,23,4,3,2,3,2,2,4,4,20180323
2018,03,24,2,2,2,2,2,2,2,3,20180324
2018,03,25,4,4,3,3,2,2,2,4,20180325
2018,03,26,3,3,3,2,2,2,2,3,20180326
2018,03,27,3,3,3,2,2,1,0,1,20180327
2018,03,28,1,0,1,1,0,0,0,0,20180328
2018,03,29,0,0,1,2,1,2,1,1,20180329
2018,03,30,2,2,1,1,1,1,1,1,20180330
2018,03,31,3,2,2,2,2,1,1,1,20180331
2018,04,01,2,1,1,2,2,1,1,1,20180401
2018,04,02,2,1,1,1,2,2,1,1,20180402
2018,04,03,2,2,2,0,0,0,0,0,20180403
2018,04,04,0,1,1,2,2,2,1,2,20180404
2018,04,05,3,2,1,1,1,3,3,2,20180405
2018,04,06,1,1,1,1,1,2,1,1,20180406
2018,04,07,1,1,1,1,1,1,0,2,20180407
2018,04,08,1,2,0,1,1,2,2,2,20180408
2018,04,09,2,1,3,2,2,2,2,4,20180409
2018,04,10,2,4,4,3,3,3,2,3,20180410
2018,04,11,5,4,4,2,2,0,1,2,20180411
2018,04,12,2,2,3,2,2,2,2,3,20180412
2018,04,13,4,2,2,2,2,1,2,2,20180413
2018,04,14,2,2,0,1,2,2,2,2,20180414
2018,04,15,2,2,1,1,2,1,1,2,20180415
2018,04,16,1,1,0,1,1,0,0,1,20180416
2018,04,17,1,1,1,1,1,1,0,2,20180417
2018,04,18,1,2,1,2,2,2,1,1,20180418
2018,04,19,0,1,0,2,1,0,1,0,20180419
2018,04,20,4,5,6,6,4,4,5,3,20180420
2018,04,21,3,3,3,2,2,3,3,1,20180421
2018,04,22,2,2,2,1,2,1,1,2,20180422
2018,04,23,3,2,1,1,1,1,2,2,20180423
2018,04,24,1,0,2,1,2,1,2,2,20180424
2018,04,25,2,2,2,1,1,0,0,1,20180425
2018,04,26,2,1,1,1,1,0,1,2,20180426
2018,04,27,1,0,1,1,2,3,2,2,20180427
2018,04,28,2,1,1,1,1,1,1,1,20180428
2018,04,29,1,0,1,1,2,1,0,1,20180429
2018,04,30,3,2,1,1,2,2,2,1,20180430
2018,05,01,0,1,1,0,1,0,1,1,20180501
2018,05,02,1,2,1,1,1,1,1,0,20180502
2018,05,03,1,1,1,1,1,1,1,2,20180503
2018,05,04,1,1,1,1,1,1,1,1,20180504
2018,05,05,1,1,0,3,3,5,4,5,20180505
2018,05,06,6,4,3,3,3,3,4,5,20180506
2018,05,07,4,4,3,2,3,3,2,3,20180507
2018,05,08,3,3,3,3,2,4,4,2,20180508
2018,05,09,3,3,3,2,3,2,4,4,20180509
2018,05,10,3,3,3,3,2,3,1,2,20180510
2018,05,11,2,4,4,2,3,2,4,4,20180511
2018,05,12,3,4,2,2,1,1,2,2,20180512
2018,05,13,2,2,2,2,2,2,2,2,20180513
2018,05,14,2,1,2,1,1,1,1,2,20180514
2018,05,15,1,1,1,1,1,1,1,2,20180515
2018,05,16,0,0,1,1,1,1,2,2,20180516
2018,05,17,3,2,2,3,3,2,2,2,20180517
2018,05,18,2,1,1,1,1,1,1,1,20180518
2018,05,19,0,1,0,1,1,1,1,1,20180519
2018,05,20,1,1,2,1,1,1,0,0,20180520
2018,05,21,0,1,1,1,0,1,0,1,20180521
2018,05,22,1,1,2,1,1,1,2,2,20180522
2018,05,23,2,2,3,3,3,2,1,2,20180523
2018,05,24,2,2,1,1,1,1,1,1,20180524
2018,05,25,2,1,0,1,1,0,1,0,20180525
2018,05,26,0,1,1,1,2,1,1,2,20180526
2018,05,27,2,2,1,1,1,1,1,1,20180527
2018,05,28,1,1,1,1,2,1,1,1,20180528
2018,05,29,1,2,1,1,1,1,1,1,20180529
2018,05,30,1,1,1,1,1,1,2,2,20180530
2018,05,31,2,2,1,2,2,4,4,3,20180531
2018,06,01,3,4,4,4,5,4,3,3,20180601
2018,06,02,3,4,3,2,3,2,4,4,20180602
2018,06,03,3,2,1,2,3,3,2,2,20180603
2018,06,04,1,2,2,1,1,1,2,1,20180604
2018,06,05,2,2,2,2,2,2,2,1,20180605
2018,06,06,1,1,0,1,1,2,4,2,20180606
2018,06,07,3,2,1,1,1,1,1,2,20180607
2018,06,08,1,2,1,2,2,0,0,0,20180608
2018,06,09,1,1,1,2,1,1,1,1,20180609
2018,06,10,1,2,1,0,1,1,1,1,20180610
2018,06,11,1,1,1,0,1,1,0,2,20180611
2018,06,12,2,2,1,0,1,0,1,1,20180612
2018,06,13,1,1,2,1,1,1,1,2,20180613
2018,06,14,2,1,2,1,1,1,1,1,20180614
2018,06,15,1,1,1,1,1,1,1,1,20180615
2018,06,16,1,1,1,1,1,1,0,1,20180616
2018,06,17,1,1,1,1,1,1,2,2,20180617
2018,06,18,5,4,4,4,3,2,2,2,20180618
2018,06,19,2,2,3,2,2,1,1,1,20180619
2018,06,20,1,2,2,2,1,1,1,1,20180620
2018,06,21,1,1,1,1,1,0,1,0,20180621
2018,06,22,0,1,1,1,1,1,1,1,20180622
2018,06,23,2,3,2,4,4,3,2,4,20180623
2018,06,24,2,2,3,2,2,1,1,2,20180624
2018,06,25,1,1,1,2,2,2,3,5,20180625
2018,06,26,5,3,3,4,3,3,3,2,20180626
2018,06,27,1,2,2,2,2,1,1,3,20180627
2018,06,28,2,1,1,1,2,1,2,1,20180628
2018,06,29,1,2,1,1,1,1,0,0,20180629
2018,06,30,0,1,1,1,1,1,0,1,20180630
2018,07,01,0,1,1,1,1,0,0,1,20180701
2018,07,02,1,1,1,1,1,1,1,0,20180702
2018,07,03,0,1,1,1,1,2,1,1,20180703
2018,07,04,1,1,2,1,2,1,1,1,20180704
2018,07,05,2,1,1,2,3,4,5,4,20180705
2018,07,06,3,2,1,2,2,1,1,2,20180706
2018,07,07,2,2,1,2,1,1,2,0,20180707
2018,07,08,1,1,1,1,1,1,1,1,20180708
2018,07,09,1,1,0,1,0,0,0,1,20180709
2018,07,10,2,2,2,2,2,1,1,1,20180710
2018,07,11,0,2,3,3,3,2,2,2,20180711
2018,07,12,1,3,3,2,2,2,2,2,20180712
2018,07,13,2,2,2,1,1,2,1,1,20180713
2018,07,14,1,2,2,2,2,1,1,0,20180714
2018,07,15,1,1,1,1,1,0,1,1,20180715
2018,07,16,1,2,3,2,2,2,3,3,20180716
2018,07,17,1,3,3,2,1,2,1,2,20180717
2018,07,18,1,1,1,1,1,1,1,1,20180718
2018,07,19,1,1,1,1,1,1,1,1,20180719
2018,07,20,2,1,2,3,2,1,2,2,20180720
2018,07,21,2,2,3,3,3,2,2,2,20180721
2018,07,22,2,1,2,2,1,1,1,1,20180722
2018,07,23,0,1,1,1,1,0,1,1,20180723
2018,07,24,4,3,3,3,2,3,3,4,20180724
2018,07,25,3,3,2,2,1,1,1,2,20180725
2018,07,26,1,1,1,1,2,1,0,1,20180726
2018,07,27,1,1,1,1,1,1,1,2,20180727
2018,07,28,2,2,2,2,2,1,1,1,20180728
2018,07,29,2,1,1,1,1,1,2,1,20180729
2018,07,30,1,1,1,1,1,1,2,2,20180730
2018,07,31,2,1,1,1,1,1,2,3,20180731
2018,08,01,2,1,1,1,2,2,2,3,20180801
2018,08,02,3,2,2,1,1,0,0,1,20180802
2018,08,03,1,1,1,3,2,1,1,1,20180803
2018,08,04,2,2,1,2,1,1,1,2,20180804
2018,08,05,1,1,1,2,1,1,0,1,20180805
2018,08,06,0,1,1,1,2,1,1,1,20180806
2018,08,07,2,2,2,2,3,2,3,2,20180807
2018,08,08,1,1,2,1,2,1,1,1,20180808
2018,08,09,1,1,2,2,1,0,1,1,20180809
2018,08,10,1,1,1,0,1,1,1,1,20180810
2018,08,11,2,2,2,2,3,2,2,4,20180811
2018,08,12,1,1,1,2,2,1,2,2,20180812
2018,08,13,1,2,1,2,2,1,1,1,20180813
2018,08,14,2,1,1,1,1,0,0,2,20180814
2018,08,15,2,1,2,3,4,3,3,4,20180815
2018,08,16,4,2,3,2,2,2,2,3,20180816
2018,08,17,3,4,3,2,1,1,3,3,20180817
2018,08,18,2,3,4,3,3,3,1,2,20180818
2018,08,19,2,2,2,2,1,2,2,2,20180819
2018,08,20,4,3,2,2,3,3,4,2,20180820
2018,08,21,3,2,2,2,1,1,1,2,20180821
2018,08,22,2,3,2,1,2,1,0,2,20180822
2018,08,23,2,1,2,1,1,1,1,1,20180823
2018,08,24,0,1,2,2,3,1,1,1,20180824
2018,08,25,1,1,2,2,2,1,3,4,20180825
2018,08,26,6,7,7,5,5,6,5,3,20180826
2018,08,27,2,3,3,4,4,6,5,3,20180827
2018,08,28,4,3,2,3,2,1,0,1,20180828
2018,08,29,2,2,1,1,1,2,1,2,20180829
2018,08,30,2,1,1,1,1,0,1,2,20180830
2018,08,31,2,1,1,1,1,2,2,1,20180831
2018,09,01,1,1,1,1,2,1,2,1,20180901
2018,09,02,2,2,2,1,1,1,1,2,20180902
2018,09,03,2,2,1,1,1,1,1,1,20180903
2018,09,04,2,3,3,1,1,2,2,3,20180904
2018,09,05,4,3,2,3,3,2,2,1,20180905
2018,09,06,2,1,2,1,1,1,1,2,20180906
2018,09,07,2,2,1,1,1,1,1,1,20180907
2018,09,08,1,1,3,1,1,1,1,2,20180908
2018,09,09,2,2,1,1,2,1,2,3,20180909
2018,09,10,1,1,1,2,3,5,5,5,20180910
2018,09,11,4,5,6,6,4,3,3,2,20180911
2018,09,12,2,2,1,2,2,2,2,3,20180912
2018,09,13,4,4,3,3,3,3,2,3,20180913
2018,09,14,5,4,3,2,2,2,3,3,20180914
2018,09,15,3,3,2,2,2,1,1,2,20180915
2018,09,16,2,2,2,2,1,0,1,2,20180916
2018,09,17,3,3,2,2,2,2,3,3,20180917
2018,09,18,3,2,2,2,1,1,1,1,20180918
2018,09,19,1,3,2,1,0,1,0,0,20180919
2018,09,20,1,0,0,1,1,0,0,0,20180920
2018,09,21,1,1,1,1,1,1,2,5,20180921
2018,09,22,5,4,3,4,4,3,4,4,20180922
2018,09,23,4,3,2,3,3,2,2,2,20180923
2018,09,24,3,3,2,2,2,1,2,2,20180924
2018,09,25,2,3,1,3,3,2,3,3,20180925
2018,09,26,1,2,3,1,2,2,1,3,20180926
2018,09,27,2,2,3,2,2,1,1,2,20180927
2018,09,28,3,3,3,1,1,0,1,2,20180928
2018,09,29,2,3,2,3,2,2,1,3,20180929
2018,09,30,1,3,0,1,1,0,2,2,20180930
2018,10,01,0,2,1,2,4,2,2,2,20181001
2018,10,02,4,3,2,1,2,1,2,0,20181002
2018,10,03,1,1,1,2,1,1,2,3,20181003
2018,10,04,1,0,1,0,1,2,1,1,20181004
2018,10,05,3,3,2,2,3,1,1,2,20181005
2018,10,06,3,1,2,2,1,0,1,0,20181006
2018,10,07,0,1,1,3,4,5,5,5,20181007
2018,10,08,4,4,4,3,4,3,2,2,20181008
2018,10,09,3,3,3,4,3,4,3,3,20181009
2018,10,10,4,1,1,2,3,3,5,3,20181010
2018,10,11,3,3,3,2,2,2,2,1,20181011
2018,10,12,1,2,2,1,1,1,1,1,20181012
2018,10,13,1,3,1,1,2,5,4,4,20181013
2018,10,14,2,1,1,2,2,2,1,2,20181014
2018,10,15,3,2,2,2,2,3,3,3,20181015
2018,10,16,2,1,1,2,2,2,1,1,20181016
2018,10,17,0,1,2,0,0,0,0,1,20181017
2018,10,18,1,1,1,0,0,0,0,0,20181018
2018,10,19,0,0,0,0,0,0,0,1,20181019
2018,10,20,1,0,0,0,0,0,0,0,20181020
2018,10,21,0,0,0,2,2,2,1,1,20181021
2018,10,22,3,2,2,1,1,1,1,1,20181022
2018,10,23,1,2,1,1,1,1,0,0,20181023
2018,10,24,1,0,1,2,0,0,1,1,20181024
2018,10,25,0,2,1,2,1,2,2,2,20181025
2018,10,26,2,1,1,2,2,1,2,2,20181026
2018,10,27,1,2,2,2,0,0,1,0,20181027
2018,10,28,2,1,1,1,0,1,1,0,20181028
2018,10,29,1,1,1,1,1,1,1,0,20181029
2018,10,30,2,2,1,1,0,1,1,1,20181030
2018,10,31,1,0,0,1,1,1,1,2,20181031
2018,11,01,1,1,2,2,1,1,1,1,20181101
2018,11,02,2,1,1,2,1,1,1,0,20181102
2018,11,03,2,2,1,0,0,0,0,1,20181103
2018,11,04,1,1,1,1,1,3,5,5,20181104
2018,11,05,4,6,5,5,3,3,4,3,20181105
2018,11,06,2,4,2,2,2,1,1,3,20181106
2018,11,07,3,3,3,1,1,1,2,3,20181107
2018,11,08,3,4,2,3,1,1,2,1,20181108
2018,11,09,1,1,1,2,1,3,3,4,20181109
2018,11,10,2,2,2,4,2,1,3,4,20181110
2018,11,11,3,2,2,1,1,1,2,2,20181111
2018,11,12,2,3,3,1,2,1,2,2,20181112
2018,11,13,2,1,1,1,1,0,1,0,20181113
2018,11,14,0,1,1,1,1,1,1,0,20181114
2018,11,15,0,0,0,0,0,1,0,0,20181115
2018,11,16,0,0,1,0,0,1,0,0,20181116
2018,11,17,0,0,1,0,0,0,0,0,20181117
2018,11,18,0,1,0,1,1,1,0,1,20181118
2018,11,19,1,2,1,1,0,1,1,1,20181119
2018,11,20,2,3,1,1,0,1,1,1,20181120
2018,11,21,1,3,1,1,1,0,0,1,20181121
2018,11,22,1,1,1,1,1,1,1,0,20181122
2018,11,23,1,1,1,1,0,0,1,1,20181123
2018,11,24,1,0,1,1,1,2,1,1,20181124
2018,11,25,1,1,0,1,1,1,0,1,20181125
2018,11,26,1,1,0,0,0,0,0,1,20181126
2018,11,27,1,1,0,1,2,2,2,2,20181127
2018,11,28,1,1,0,0,0,1,1,1,20181128
2018,11,29,2,0,0,0,0,0,0,1,20181129
2018,11,30,1,0,0,0,1,0,0,0,20181130
2018,12,01,1,1,1,1,2,3,3,2,20181201
2018,12,02,2,2,3,2,2,3,3,4,20181202
2018,12,03,3,2,2,1,3,3,3,2,20181203
2018,12,04,3,3,2,2,1,2,1,2,20181204
2018,12,05,2,2,0,1,1,1,0,2,20181205
2018,12,06,2,2,1,1,2,1,1,1,20181206
2018,12,07,1,3,3,2,2,2,3,2,20181207
2018,12,08,2,3,3,2,2,3,2,2,20181208
2018,12,09,2,1,1,1,1,3,3,4,20181209
2018,12,10,3,3,3,3,2,2,2,2,20181210
2018,12,11,1,2,3,2,0,2,2,2,20181211
2018,12,12,2,1,1,1,1,1,2,1,20181212
2018,12,13,0,1,0,0,0,1,0,0,20181213
2018,12,14,1,1,0,1,0,1,1,1,20181214
2018,12,15,1,0,0,0,0,0,1,0,20181215
2018,12,16,1,0,1,0,0,1,0,1,20181216
2018,12,17,1,1,2,1,1,2,2,2,20181217
2018,12,18,3,1,1,1,2,2,3,1,20181218
2018,12,19,1,1,1,2,1,2,1,2,20181219
2018,12,20,3,3,3,2,1,2,3,3,20181220
2018,12,21,2,2,1,1,1,0,1,1,20181221
2018,12,22,1,1,0,1,0,0,1,1,20181222
2018,12,23,1,0,0,0,1,0,1,1,20181223
2018,12,24,1,0,0,1,1,1,1,1,20181224
2018,12,25,1,2,0,0,1,1,1,1,20181225
2018,12,26,1,0,0,1,1,1,1,0,20181226
2018,12,27,1,2,1,0,0,1,1,3,20181227
2018,12,28,4,4,5,3,4,3,4,3,20181228
2018,12,29,3,3,3,2,3,2,2,2,20181229
2018,12,30,1,3,3,2,2,3,2,2,20181230
2018,12,31,3,2,2,2,2,1,0,1,20181231
2019,01,01,1,1,3,2,2,1,0,1,20190101
2019,01,02,0,0,0,0,0,1,0,1,20190102
2019,01,03,1,0,0,1,1,0,0,1,20190103
2019,01,04,1,1,1,2,2,3,3,3,20190104
2019,01,05,5,4,2,2,2,2,2,3,20190105
2019,01,06,2,3,2,2,2,2,3,2,20190106
2019,01,07,2,3,2,2,2,1,1,2,20190107
2019,01,08,2,2,2,2,2,1,1,1,20190108
2019,01,09,2,0,1,2,1,0,1,1,20190109
2019,01,10,1,1,1,1,2,0,0,1,20190110
2019,01,11,2,1,4,1,1,1,1,1,20190111
2019,01,12,1,1,0,0,1,1,1,1,20190112
2019,01,13,0,2,1,1,0,0,1,1,20190113
2019,01,14,2,2,2,2,1,2,1,2,20190114
2019,01,15,3,1,1,1,1,1,2,1,20190115
2019,01,16,1,2,2,1,0,1,2,3,20190116
2019,01,17,3,2,1,1,1,2,2,2,20190117
2019,01,18,2,2,1,2,2,1,1,1,20190118
2019,01,19,1,1,0,2,0,0,1,3,20190119
2019,01,20,2,1,1,1,1,1,1,1,20190120
2019,01,21,1,0,0,1,1,1,2,2,20190121
2019,01,22,1,1,0,0,1,1,2,2,20190122
2019,01,23,3,3,2,3,3,3,2,4,20190123
2019,01,24,4,3,4,2,1,3,4,5,20190124
2019,01,25,3,2,3,3,3,3,2,2,20190125
2019,01,26,1,2,2,1,3,3,1,0,20190126
2019,01,27,2,1,1,1,1,1,1,1,20190127
2019,01,28,1,0,0,0,0,0,0,0,20190128
2019,01,29,1,0,0,0,1,0,0,0,20190129
2019,01,30,0,0,0,0,0,0,1,1,20190130
2019,01,31,1,0,1,1,3,3,3,5,20190131
2019,02,01,3,4,3,2,3,3,3,4,20190201
2019,02,02,4,4,3,2,2,4,3,3,20190202
2019,02,03,4,3,3,1,1,2,2,3,20190203
2019,02,04,1,0,1,0,2,2,3,3,20190204
2019,02,05,3,1,1,0,0,1,1,1,20190205
2019,02,06,2,2,2,3,3,1,2,3,20190206
2019,02,07,2,1,1,0,0,1,2,1,20190207
2019,02,08,2,2,2,1,1,1,2,4,20190208
2019,02,09,3,2,2,2,2,3,3,1,20190209
2019,02,10,2,3,1,1,1,1,1,1,20190210
2019,02,11,1,1,2,1,3,3,2,3,20190211
2019,02,12,2,3,1,1,1,1,0,3,20190212
2019,02,13,2,3,3,4,3,3,2,2,20190213
2019,02,14,3,3,3,3,1,0,2,1,20190214
2019,02,15,3,1,1,0,1,0,1,0,20190215
2019,02,16,0,0,1,0,1,2,1,0,20190216
2019,02,17,1,0,1,1,0,0,2,2,20190217
2019,02,18,3,3,1,1,1,1,1,1,20190218
2019,02,19,1,1,1,0,1,0,1,1,20190219
2019,02,20,1,0,0,0,1,1,2,2,20190220
2019,02,21,3,1,4,2,3,2,1,3,20190221
2019,02,22,2,0,1,1,0,0,1,1,20190222
2019,02,23,1,0,0,0,0,1,1,0,20190223
2019,02,24,0,0,1,0,1,0,0,0,20190224
2019,02,25,1,0,1,1,0,0,0,1,20190225
2019,02,26,1,0,0,2,0,0,0,1,20190226
2019,02,27,1,0,1,1,3,3,3,4,20190227
2019,02,28,5,3,2,4,5,4,4,3,20190228
2019,03,01,4,5,3,3,3,4,4,4,20190301
2019,03,02,4,3,3,2,2,3,2,2,20190302
2019,03,03,2,3,1,1,2,1,1,2,20190303
2019,03,04,2,3,2,2,2,1,1,2,20190304
2019,03,05,2,2,1,1,1,1,1,2,20190305
2019,03,06,1,1,3,2,2,1,2,2,20190306
2019,03,07,1,1,1,1,3,2,3,3,20190307
2019,03,08,3,1,2,2,0,0,1,2,20190308
2019,03,09,1,0,1,2,2,1,1,2,20190309
2019,03,10,2,2,1,0,1,0,1,0,20190310
2019,03,11,0,0,1,2,1,0,1,0,20190311
2019,03,12,2,1,3,2,2,1,1,1,20190312
2019,03,13,1,2,2,1,0,0,2,1,20190313
2019,03,14,0,1,2,1,3,1,2,3,20190314
2019,03,15,3,3,2,1,0,1,2,1,20190315
2019,03,16,1,2,1,3,3,2,2,4,20190316
2019,03,17,5,4,4,3,2,2,1,1,20190317
2019,03,18,1,1,1,1,1,1,1,1,20190318
2019,03,19,1,1,1,2,2,1,3,3,20190319
2019,03,20,1,2,2,1,2,1,1,1,20190320
2019,03,21,0,1,1,1,1,0,0,0,20190321
2019,03,22,0,0,1,0,0,0,0,0,20190322
2019,03,23,0,0,0,1,0,0,0,0,20190323
2019,03,24,0,0,1,1,0,1,0,2,20190324
2019,03,25,2,2,1,1,1,2,1,2,20190325
2019,03,26,3,3,1,1,1,0,0,2,20190326
2019,03,27,2,2,3,3,2,1,2,1,20190327
2019,03,28,1,3,3,2,3,2,2,3,20190328
2019,03,29,2,2,2,2,1,2,2,1,20190329
2019,03,30,2,1,0,1,1,0,0,0,20190330
2019,03,31,3,4,3,2,2,2,3,1,20190331
2019,04,01,2,2,2,4,2,2,1,0,20190401
2019,04,02,1,1,1,1,1,1,3,3,20190402
2019,04,03,3,4,3,2,3,2,2,3,20190403
2019,04,04,3,2,2,3,2,3,2,1,20190404
2019,04,05,3,3,3,2,3,3,2,3,20190405
2019,04,06,2,3,2,2,1,1,2,1,20190406
2019,04,07,1,2,1,1,2,1,1,2,20190407
2019,04,08,3,4,3,2,3,3,2,2,20190408
2019,04,09,4,2,3,3,2,2,2,2,20190409
2019,04,10,4,4,3,1,2,3,3,2,20190410
2019,04,11,2,3,2,2,2,2,1,1,20190411
2019,04,12,3,2,2,1,2,1,2,3,20190412
2019,04,13,3,3,2,1,1,1,2,1,20190413
2019,04,14,0,2,2,1,0,1,0,1,20190414
2019,04,15,2,2,3,2,2,1,2,2,20190415
2019,04,16,2,2,3,2,2,1,1,1,20190416
2019,04,17,1,0,1,0,0,1,2,1,20190417
2019,04,18,0,0,0,0,1,0,1,0,20190418
2019,04,19,0,0,1,2,1,1,2,1,20190419
2019,04,20,1,1,1,1,1,1,1,1,20190420
2019,04,21,2,1,1,1,1,0,0,1,20190421
2019,04,22,1,1,1,1,1,1,1,1,20190422
2019,04,23,1,1,0,1,1,2,3,3,20190423
2019,04,24,3,1,0,2,2,2,1,2,20190424
2019,04,25,1,2,2,2,2,0,1,0,20190425
2019,04,26,1,0,1,1,1,1,1,2,20190426
2019,04,27,1,0,2,2,2,1,2,2,20190427
2019,04,28,1,1,2,1,1,1,2,2,20190428
2019,04,29,2,2,0,1,1,2,1,1,20190429
2019,04,30,2,1,0,1,2,1,2,1,20190430
2019,05,01,1,2,2,2,2,2,3,4,20190501
2019,05,02,4,4,3,2,2,2,2,2,20190502
2019,05,03,2,2,2,1,2,1,2,3,20190503
2019,05,04,1,2,3,3,3,2,2,2,20190504
2019,05,05,2,1,0,0,1,1,0,1,20190505
2019,05,06,1,1,0,2,2,1,2,2,20190506
2019,05,07,2,2,1,1,1,1,2,1,20190507
2019,05,08,0,1,0,0,1,0,0,1,20190508
2019,05,09,1,2,3,2,1,1,2,2,20190509
2019,05,10,2,2,1,1,1,2,3,3,20190510
2019,05,11,5,4,4,4,4,2,3,4,20190511
2019,05,12,2,1,1,0,0,0,1,2,20190512
2019,05,13,1,1,1,2,1,2,1,2,20190513
2019,05,14,3,6,7,4,2,3,4,2,20190514
2019,05,15,1,2,2,1,2,2,2,1,20190515
2019,05,16,2,2,2,1,2,1,3,3,20190516
2019,05,17,3,2,1,1,2,1,0,1,20190517
2019,05,18,1,1,2,2,1,0,1,0,20190518
2019,05,19,0,0,1,1,1,1,0,2,20190519
2019,05,20,3,2,1,1,1,1,1,1,20190520
2019,05,21,1,2,1,1,2,0,0,1,20190521
2019,05,22,0,1,2,1,1,1,1,1,20190522
2019,05,23,1,1,1,2,1,1,1,2,20190523
2019,05,24,1,2,1,1,1,1,2,2,20190524
2019,05,25,1,1,0,1,1,1,2,2,20190525
2019,05,26,1,1,1,0,1,1,1,3,20190526
2019,05,27,3,3,3,2,1,3,2,1,20190527
2019,05,28,1,1,2,2,2,2,3,3,20190528
2019,05,29,3,4,3,3,2,2,3,3,20190529
2019,05,30,3,2,2,2,2,1,2,2,20190530
2019,05,31,2,2,2,1,1,1,0,1,20190531
2019,06,01,1,0,1,0,1,1,1,1,20190601
2019,06,02,2,1,0,0,1,1,1,1,20190602
2019,06,03,1,1,0,2,1,1,1,1,20190603
2019,06,04,2,2,2,2,2,2,2,2,20190604
2019,06,05,2,1,1,0,1,1,1,1,20190605
2019,06,06,1,1,1,1,1,0,1,0,20190606
2019,06,07,1,1,1,1,2,1,1,1,20190607
2019,06,08,1,1,0,2,3,4,5,4,20190608
2019,06,09,3,2,2,1,1,1,1,1,20190609
2019,06,10,1,1,0,1,1,1,1,1,20190610
2019,06,11,1,1,1,1,1,0,1,1,20190611
2019,06,12,1,2,1,1,1,1,1,0,20190612
2019,06,13,1,2,2,2,3,2,2,4,20190613
2019,06,14,3,2,3,2,2,1,1,1,20190614
2019,06,15,1,2,2,2,1,1,0,1,20190615
2019,06,16,1,2,1,1,1,1,0,1,20190616
2019,06,17,0,1,1,1,1,1,0,1,20190617
2019,06,18,1,1,0,1,1,1,1,1,20190618
2019,06,19,1,1,1,1,1,1,1,1,20190619
2019,06,20,1,2,3,2,1,1,2,2,20190620
2019,06,21,1,2,2,2,2,1,2,2,20190621
2019,06,22,1,2,2,1,0,1,1,0,20190622
2019,06,23,0,1,1,1,1,1,1,1,20190623
2019,06,24,2,2,1,1,2,1,2,1,20190624
2019,06,25,1,0,1,1,1,0,1,1,20190625
2019,06,26,2,2,2,2,1,1,0,1,20190626
2019,06,27,1,1,0,1,1,1,1,1,20190627
2019,06,28,2,2,1,1,1,1,1,1,20190628
2019,06,29,1,1,1,0,1,1,1,1,20190629
2019,06,30,3,1,0,1,1,1,0,1,20190630
2019,07,01,3,3,3,2,2,1,1,2,20190701
2019,07,02,2,1,1,1,1,2,2,1,20190702
2019,07,03,0,1,2,2,1,2,1,1,20190703
2019,07,04,0,1,1,1,2,2,2,2,20190704
2019,07,05,2,1,1,2,2,1,0,1,20190705
2019,07,06,1,2,1,1,1,1,0,1,20190706
2019,07,07,1,1,2,1,1,1,1,2,20190707
2019,07,08,3,2,1,1,1,0,4,3,20190708
2019,07,09,3,2,2,2,2,3,5,4,20190709
2019,07,10,2,4,5,3,2,2,1,2,20190710
2019,07,11,3,2,3,2,1,1,1,1,20190711
2019,07,12,1,2,2,2,1,1,1,1,20190712
2019,07,13,0,1,1,2,2,2,2,2,20190713
2019,07,14,2,1,1,1,1,1,1,2,20190714
2019,07,15,3,2,1,3,2,1,2,0,20190715
2019,07,16,0,1,1,1,1,1,1,1,20190716
2019,07,17,1,2,2,2,2,1,1,2,20190717
2019,07,18,0,1,1,1,1,1,0,1,20190718
2019,07,19,1,1,0,2,1,1,1,1,20190719
2019,07,20,0,0,1,1,1,1,1,1,20190720
2019,07,21,1,1,1,2,1,2,3,3,20190721
2019,07,22,2,2,3,3,2,2,2,1,20190722
2019,07,23,1,2,2,2,2,1,1,2,20190723
2019,07,24,2,1,0,1,2,1,1,2,20190724
2019,07,25,1,0,0,1,1,1,0,1,20190725
2019,07,26,0,0,1,1,1,1,1,1,20190726
2019,07,27,1,1,0,2,1,1,2,1,20190727
2019,07,28,1,2,1,1,1,1,1,0,20190728
2019,07,29,2,2,2,1,1,1,0,1,20190729
2019,07,30,1,0,1,0,3,3,2,3,20190730
2019,07,31,3,2,3,2,2,1,1,2,20190731
2019,08,01,3,2,2,1,1,1,2,3,20190801
2019,08,02,1,2,1,1,1,1,1,1,20190802
2019,08,03,1,1,0,1,0,1,1,0,20190803
2019,08,04,1,1,2,1,1,1,0,2,20190804
2019,08,05,1,3,5,5,5,5,4,4,20190805
2019,08,06,3,3,2,3,2,2,1,3,20190806
2019,08,07,2,2,1,1,1,1,1,2,20190807
2019,08,08,2,2,2,1,3,2,1,1,20190808
2019,08,09,1,1,2,2,2,2,2,3,20190809
2019,08,10,3,2,2,2,1,1,2,2,20190810
2019,08,11,1,1,2,2,3,1,1,2,20190811
2019,08,12,1,1,1,2,2,1,1,2,20190812
2019,08,13,2,2,1,2,2,2,1,2,20190813
2019,08,14,2,1,1,2,1,1,1,1,20190814
2019,08,15,0,1,1,1,1,1,1,2,20190815
2019,08,16,1,1,2,3,1,1,1,1,20190816
2019,08,17,1,2,1,1,1,1,0,1,20190817
2019,08,18,3,2,2,1,1,1,1,1,20190818
2019,08,19,1,2,1,1,1,1,0,1,20190819
2019,08,20,2,2,1,1,2,1,0,1,20190820
2019,08,21,1,2,1,1,1,1,1,0,20190821
2019,08,22,2,1,2,2,1,1,2,2,20190822
2019,08,23,1,2,2,1,0,0,1,1,20190823
2019,08,24,2,2,1,2,1,1,1,0,20190824
2019,08,25,1,1,2,1,1,1,0,2,20190825
2019,08,26,2,1,1,2,1,1,1,2,20190826
2019,08,27,3,3,2,3,2,2,2,2,20190827
2019,08,28,2,2,2,1,1,1,0,1,20190828
2019,08,29,1,0,0,1,1,1,1,1,20190829
2019,08,30,2,1,1,1,3,3,3,3,20190830
2019,08,31,4,5,4,5,6,4,4,4,20190831
2019,09,01,5,5,5,5,6,4,5,5,20190901
2019,09,02,5,4,4,3,2,3,4,3,20190902
2019,09,03,3,3,3,3,2,1,1,2,20190903
2019,09,04,3,3,3,2,2,2,3,2,20190904
2019,09,05,4,4,3,3,2,1,2,2,20190905
2019,09,06,2,4,2,3,1,1,1,1,20190906
2019,09,07,1,1,3,2,2,2,2,2,20190907
2019,09,08,2,3,3,2,2,2,2,3,20190908
2019,09,09,3,2,3,4,3,3,0,3,20190909
2019,09,10,2,2,1,2,2,0,0,0,20190910
2019,09,11,1,1,2,2,1,1,1,1,20190911
2019,09,12,1,1,2,3,2,2,2,1,20190912
2019,09,13,2,3,3,1,2,1,2,1,20190913
2019,09,14,1,2,2,2,1,1,2,3,20190914
2019,09,15,2,3,2,2,1,2,2,3,20190915
2019,09,16,4,4,1,1,1,2,2,2,20190916
2019,09,17,4,1,1,1,1,1,2,4,20190917
2019,09,18,3,2,2,2,3,1,1,2,20190918
2019,09,19,1,1,1,1,1,1,1,1,20190919
2019,09,20,2,1,1,1,1,1,1,1,20190920
2019,09,21,2,2,3,2,2,1,1,1,20190921
2019,09,22,2,2,0,0,0,1,1,1,20190922
2019,09,23,0,0,0,1,1,1,1,1,20190923
2019,09,24,3,3,2,1,3,4,3,1,20190924
2019,09,25,1,1,2,2,1,1,1,1,20190925
2019,09,26,3,1,1,0,1,0,0,1,20190926
2019,09,27,1,2,2,1,3,4,5,5,20190927
2019,09,28,3,5,5,5,4,3,4,4,20190928
2019,09,29,2,3,2,2,1,3,3,4,20190929
2019,09,30,3,4,4,3,2,3,2,2,20190930
2019,10,01,4,4,3,3,1,0,1,1,20191001
2019,10,02,3,0,0,2,3,1,1,2,20191002
2019,10,03,2,1,2,1,1,1,2,1,20191003
2019,10,04,2,2,3,2,2,2,2,1,20191004
2019,10,05,1,2,2,2,2,2,2,3,20191005
2019,10,06,2,2,2,2,1,1,0,0,20191006
2019,10,07,1,1,1,1,2,2,2,2,20191007
2019,10,08,2,2,2,1,1,1,2,1,20191008
2019,10,09,2,3,2,4,2,1,1,2,20191009
2019,10,10,2,4,4,2,2,3,2,2,20191010
2019,10,11,1,1,2,2,2,3,2,2,20191011
2019,10,12,2,2,1,2,2,0,1,1,20191012
2019,10,13,1,0,0,0,0,0,1,0,20191013
2019,10,14,1,2,1,1,1,2,2,1,20191014
2019,10,15,3,1,1,1,0,1,2,2,20191015
2019,10,16,2,2,3,2,1,1,2,2,20191016
2019,10,17,2,2,2,2,1,1,1,1,20191017
2019,10,18,1,2,2,2,2,1,1,2,20191018
2019,10,19,1,1,1,2,2,2,2,1,20191019
2019,10,20,2,2,2,1,1,1,1,3,20191020
2019,10,21,3,1,1,2,1,0,1,1,20191021
2019,10,22,0,0,1,0,1,1,1,0,20191022
2019,10,23,1,0,0,0,0,1,1,0,20191023
2019,10,24,0,2,1,4,3,4,4,4,20191024
2019,10,25,5,4,6,5,3,3,3,3,20191025
2019,10,26,3,3,4,5,4,4,4,4,20191026
2019,10,27,4,3,3,2,2,3,3,3,20191027
2019,10,28,3,3,3,2,2,2,3,2,20191028
2019,10,29,3,3,1,1,1,2,2,1,20191029
2019,10,30,1,2,2,2,3,3,3,2,20191030
2019,10,31,4,1,0,1,1,1,3,1,20191031
2019,11,01,2,2,1,1,1,0,0,0,20191101
2019,11,02,0,0,0,0,0,0,0,1,20191102
2019,11,03,2,1,0,0,0,0,0,0,20191103
2019,11,04,1,1,2,1,1,1,1,1,20191104
2019,11,05,2,1,1,1,1,2,2,2,20191105
2019,11,06,2,1,0,1,2,1,1,3,20191106
2019,11,07,2,2,1,1,0,1,1,1,20191107
2019,11,08,1,0,0,1,1,1,1,1,20191108
2019,11,09,2,2,0,0,1,1,1,2,20191109
2019,11,10,1,1,2,1,1,0,0,0,20191110
2019,11,11,0,1,2,3,2,2,2,2,20191111
2019,11,12,2,1,1,1,1,1,1,0,20191112
2019,11,13,0,0,0,0,0,0,1,1,20191113
2019,11,14,2,1,1,1,1,0,1,0,20191114
2019,11,15,0,1,0,1,0,1,2,1,20191115
2019,11,16,2,2,1,1,1,2,2,2,20191116
2019,11,17,2,1,1,0,0,1,1,3,20191117
2019,11,18,0,0,0,0,0,0,1,0,20191118
2019,11,19,0,1,0,0,0,1,1,0,20191119
2019,11,20,0,1,0,0,0,0,0,1,20191120
2019,11,21,2,2,2,2,2,3,3,4,20191121
2019,11,22,4,2,2,2,3,3,3,2,20191122
2019,11,23,3,2,2,3,3,2,3,2,20191123
2019,11,24,3,3,3,2,2,3,1,3,20191124
2019,11,25,2,1,2,2,1,1,1,2,20191125
2019,11,26,2,2,0,0,0,1,1,1,20191126
2019,11,27,1,1,1,1,1,2,2,1,20191127
2019,11,28,2,0,1,0,1,1,2,1,20191128
2019,11,29,1,1,0,1,1,1,2,3,20191129
2019,11,30,2,1,1,0,1,1,2,2,20191130
2019,12,01,1,1,0,0,1,1,2,2,20191201
2019,12,02,0,1,1,0,0,0,0,0,20191202
2019,12,03,0,0,0,0,0,0,0,1,20191203
2019,12,04,1,2,1,1,1,0,1,0,20191204
2019,12,05,0,0,0,1,1,1,1,0,20191205
2019,12,06,0,2,1,1,1,1,1,1,20191206
2019,12,07,1,0,0,1,0,0,1,1,20191207
2019,12,08,0,0,0,0,1,1,1,1,20191208
2019,12,09,3,1,0,0,0,1,0,2,20191209
2019,12,10,1,2,1,1,0,0,1,1,20191210
2019,12,11,3,2,0,1,1,2,1,2,20191211
2019,12,12,1,1,2,1,0,0,1,2,20191212
2019,12,13,1,2,1,1,0,0,1,0,20191213
2019,12,14,1,0,1,0,0,0,0,2,20191214
2019,12,15,2,2,1,1,0,1,1,2,20191215
2019,12,16,0,0,0,0,1,1,0,0,20191216
2019,12,17,0,0,1,1,0,0,0,0,20191217
2019,12,18,1,2,1,3,4,4,3,2,20191218
2019,12,19,3,4,4,3,2,2,2,1,20191219
2019,12,20,2,1,1,0,2,2,1,2,20191220
2019,12,21,2,0,2,1,1,0,1,1,20191221
2019,12,22,1,0,2,0,0,0,1,1,20191222
2019,12,23,0,2,0,2,1,1,0,0,20191223
2019,12,24,2,0,1,1,0,0,0,0,20191224
2019,12,25,0,0,0,1,0,1,2,2,20191225
2019,12,26,3,1,1,1,0,1,1,1,20191226
2019,12,27,1,1,1,1,0,0,1,0,20191227
2019,12,28,1,0,0,0,0,0,0,1,20191228
2019,12,29,0,0,0,0,0,0,0,1,20191229
2019,12,30,1,1,0,1,0,1,1,1,20191230
2019,12,31,1,2,1,1,1,1,1,1,20191231
2020,01,01,0,0,0,1,1,1,1,1,20200101
2020,01,02,0,0,1,1,0,1,1,1,20200102
2020,01,03,1,1,3,2,1,1,1,2,20200103
2020,01,04,2,1,1,1,1,2,2,3,20200104
2020,01,05,2,1,2,1,2,2,4,3,20200105
2020,01,06,4,3,2,1,0,1,3,2,20200106
2020,01,07,1,2,1,1,1,1,2,2,20200107
2020,01,08,1,1,1,1,2,3,2,2,20200108
2020,01,09,3,3,4,2,2,3,2,2,20200109
2020,01,10,2,1,3,2,2,2,1,1,20200110
2020,01,11,2,2,2,1,1,2,1,1,20200111
2020,01,12,1,2,1,1,1,0,1,0,20200112
2020,01,13,1,1,1,0,1,0,1,1,20200113
2020,01,14,1,0,0,1,1,0,0,0,20200114
2020,01,15,1,0,0,2,1,1,1,1,20200115
2020,01,16,1,3,2,2,1,1,1,1,20200116
2020,01,17,1,1,1,0,0,1,1,1,20200117
2020,01,18,1,2,1,1,1,0,1,1,20200118
2020,01,19,0,1,0,1,1,1,1,1,20200119
2020,01,20,0,1,0,0,0,0,0,1,20200120
2020,01,21,0,0,1,1,1,2,3,2,20200121
2020,01,22,2,2,1,1,1,0,1,3,20200122
2020,01,23,2,3,1,0,0,0,1,1,20200123
2020,01,24,1,0,0,0,1,1,1,0,20200124
2020,01,25,0,2,1,0,1,0,1,0,20200125
2020,01,26,2,1,1,0,1,2,1,0,20200126
2020,01,27,1,1,1,0,0,0,0,0,20200127
2020,01,28,1,1,1,1,0,1,1,3,20200128
2020,01,29,3,3,2,2,1,1,2,2,20200129
2020,01,30,2,3,2,2,2,4,3,3,20200130
2020,01,31,3,4,2,2,1,1,1,1,20200131
2020,02,01,1,1,1,1,2,2,2,2,20200201
2020,02,02,2,1,1,1,0,1,3,2,20200202
2020,02,03,2,2,2,1,1,1,1,0,20200203
2020,02,04,3,2,1,1,1,1,0,2,20200204
2020,02,05,1,2,2,2,1,1,0,1,20200205
2020,02,06,1,2,4,3,3,2,4,3,20200206
2020,02,07,3,3,3,2,3,3,3,4,20200207
2020,02,08,3,2,1,1,2,2,2,1,20200208
2020,02,09,3,2,1,1,1,2,2,2,20200209
2020,02,10,2,1,2,2,1,1,1,2,20200210
2020,02,11,3,3,2,1,0,0,1,1,20200211
2020,02,12,2,2,1,2,1,0,0,1,20200212
2020,02,13,0,1,1,1,0,1,1,2,20200213
2020,02,14,2,1,0,0,0,0,0,1,20200214
2020,02,15,1,0,0,2,3,1,1,1,20200215
2020,02,16,2,1,0,1,1,0,1,0,20200216
2020,02,17,1,1,1,1,1,1,3,3,20200217
2020,02,18,1,3,4,2,3,3,3,3,20200218
2020,02,19,2,5,4,4,2,1,1,2,20200219
2020,02,20,2,3,2,1,2,1,2,3,20200220
2020,02,21,4,3,3,3,2,3,2,3,20200221
2020,02,22,3,3,2,2,2,2,3,2,20200222
2020,02,23,1,0,1,1,1,1,2,2,20200223
2020,02,24,2,2,0,0,1,1,1,1,20200224
2020,02,25,2,0,1,0,1,0,0,0,20200225
2020,02,26,1,1,1,0,1,1,2,1,20200226
2020,02,27,2,1,1,1,1,0,1,1,20200227
2020,02,28,2,2,1,1,1,1,1,2,20200228
2020,02,29,2,2,2,2,2,3,2,4,20200229
2020,03,01,4,1,2,2,1,1,1,2,20200301
2020,03,02,2,1,1,1,2,1,1,1,20200302
2020,03,03,2,1,1,2,2,2,1,2,20200303
2020,03,04,0,2,1,1,2,3,2,2,20200304
2020,03,05,1,1,1,1,2,1,1,0,20200305
2020,03,06,1,1,1,2,2,2,0,0,20200306
2020,03,07,1,2,2,2,2,1,0,0,20200307
2020,03,08,1,2,2,1,1,1,2,1,20200308
2020,03,09,1,2,2,1,1,1,2,1,20200309
2020,03,10,2,1,2,1,1,1,0,1,20200310
2020,03,11,1,1,1,1,1,0,0,1,20200311
2020,03,12,1,2,2,1,2,2,3,1,20200312
2020,03,13,2,3,2,2,1,1,1,1,20200313
2020,03,14,0,0,1,1,1,1,1,1,20200314
2020,03,15,0,1,1,2,2,1,2,2,20200315
2020,03,16,3,1,1,2,2,2,2,1,20200316
2020,03,17,2,1,2,2,1,2,1,2,20200317
2020,03,18,1,1,1,1,2,2,3,2,20200318
2020,03,19,4,3,3,2,3,2,1,1,20200319
2020,03,20,3,1,2,0,1,2,2,3,20200320
2020,03,21,2,2,3,2,2,2,1,2,20200321
2020,03,22,3,2,1,2,2,2,2,2,20200322
2020,03,23,3,3,1,3,3,2,3,2,20200323
2020,03,24,3,2,2,1,1,0,0,0,20200324
2020,03,25,2,0,0,1,1,0,0,2,20200325
2020,03,26,1,1,1,1,2,2,1,3,20200326
2020,03,27,2,2,1,1,1,2,2,0,20200327
2020,03,28,0,1,1,2,2,0,1,2,20200328
2020,03,29,1,0,2,2,3,2,1,1,20200329
2020,03,30,2,2,2,1,1,3,3,4,20200330
2020,03,31,4,4,4,2,3,2,2,2,20200331
2020,04,01,2,3,2,1,1,1,1,2,20200401
2020,04,02,1,2,2,2,1,0,2,3,20200402
2020,04,03,3,2,1,1,1,2,2,4,20200403
2020,04,04,2,1,0,2,0,0,2,2,20200404
2020,04,05,2,2,1,1,1,1,0,1,20200405
2020,04,06,1,1,1,1,1,0,0,0,20200406
2020,04,07,0,0,0,1,1,0,2,2,20200407
2020,04,08,2,3,3,2,3,3,2,3,20200408
2020,04,09,2,1,1,1,2,1,1,1,20200409
2020,04,10,0,1,1,2,1,2,1,1,20200410
2020,04,11,1,1,1,1,2,3,2,2,20200411
2020,04,12,1,2,2,1,3,2,2,1,20200412
2020,04,13,2,2,1,1,2,1,1,2,20200413
2020,04,14,3,3,3,2,1,0,1,3,20200414
2020,04,15,3,3,2,2,2,1,1,1,20200415
2020,04,16,2,2,1,1,1,2,1,0,20200416
2020,04,17,1,1,1,2,1,0,0,1,20200417
2020,04,18,1,2,2,1,1,1,0,0,20200418
2020,04,19,0,1,1,1,1,1,0,0,20200419
2020,04,20,2,3,4,5,5,2,1,1,20200420
2020,04,21,2,2,1,2,2,4,2,3,20200421
2020,04,22,3,3,2,1,2,1,1,2,20200422
2020,04,23,1,2,1,1,1,0,0,2,20200423
2020,04,24,3,1,1,1,1,2,2,3,20200424
2020,04,25,3,2,2,1,1,1,0,0,20200425
2020,04,26,1,2,1,2,2,2,2,2,20200426
2020,04,27,3,2,2,1,2,2,2,2,20200427
2020,04,28,3,1,1,2,2,1,1,1,20200428
2020,04,29,1,1,0,0,1,1,1,1,20200429
2020,04,30,1,0,0,0,0,0,0,0,20200430
2020,05,01,1,1,3,2,2,1,0,1,20200501
2020,05,02,1,2,2,1,1,1,0,1,20200502
2020,05,03,1,2,1,0,1,0,2,3,20200503
2020,05,04,2,1,1,1,2,1,0,2,20200504
2020,05,05,1,2,1,1,1,2,1,2,20200505
2020,05,06,3,2,1,0,1,1,1,1,20200506
2020,05,07,1,1,2,1,1,0,0,1,20200507
2020,05,08,1,1,1,1,1,0,1,1,20200508
2020,05,09,1,0,0,1,1,1,1,0,20200509
2020,05,10,0,0,1,1,1,1,2,3,20200510
2020,05,11,2,2,2,2,1,0,0,1,20200511
2020,05,12,1,1,1,0,1,1,1,3,20200512
2020,05,13,2,1,1,1,1,1,0,1,20200513
2020,05,14,1,1,1,1,1,1,0,1,20200514
2020,05,15,1,2,2,1,1,1,0,1,20200515
2020,05,16,1,1,1,1,2,1,0,1,20200516
2020,05,17,0,1,1,1,1,1,1,1,20200517
2020,05,18,0,1,0,1,1,2,1,1,20200518
2020,05,19,1,1,2,2,2,1,1,2,20200519
2020,05,20,2,0,0,1,1,1,1,1,20200520
2020,05,21,1,2,1,1,1,1,1,2,20200521
2020,05,22,2,1,2,1,2,2,2,1,20200522
2020,05,23,2,2,1,1,1,1,1,0,20200523
2020,05,24,1,1,1,1,2,3,2,1,20200524
2020,05,25,2,1,2,1,2,1,1,2,20200525
2020,05,26,2,1,1,1,1,0,0,2,20200526
2020,05,27,1,0,0,1,1,1,1,0,20200527
2020,05,28,1,1,1,1,1,1,1,1,20200528
2020,05,29,1,0,1,0,1,0,0,2,20200529
2020,05,30,2,3,3,3,3,2,3,3,20200530
2020,05,31,2,1,1,1,1,1,1,1,20200531
2020,06,01,1,2,0,1,1,1,3,3,20200601
2020,06,02,2,3,2,1,2,1,2,1,20200602
2020,06,03,1,1,1,1,1,1,1,1,20200603
2020,06,04,1,1,2,0,1,1,2,2,20200604
2020,06,05,1,1,1,1,1,1,0,1,20200605
2020,06,06,1,1,1,1,1,0,0,0,20200606
2020,06,07,1,2,1,1,1,2,4,3,20200607
2020,06,08,2,2,1,1,1,1,1,0,20200608
2020,06,09,1,1,0,1,1,1,2,3,20200609
2020,06,10,2,2,2,3,1,1,1,1,20200610
2020,06,11,1,2,1,1,1,1,0,0,20200611
2020,06,12,1,1,1,1,1,1,1,1,20200612
2020,06,13,0,1,1,0,1,1,0,0,20200613
2020,06,14,0,0,0,0,0,0,1,1,20200614
2020,06,15,1,1,1,2,1,1,1,0,20200615
2020,06,16,1,1,2,1,1,1,2,2,20200616
2020,06,17,2,1,1,2,2,1,0,0,20200617
2020,06,18,1,2,1,1,1,1,1,1,20200618
2020,06,19,1,2,0,1,1,1,2,2,20200619
2020,06,20,2,2,2,1,1,1,1,1,20200620
2020,06,21,1,1,1,1,1,1,1,1,20200621
2020,06,22,1,1,1,1,1,1,0,2,20200622
2020,06,23,1,1,1,1,1,1,1,2,20200623
2020,06,24,2,2,1,1,1,1,1,1,20200624
2020,06,25,1,1,1,0,1,1,0,2,20200625
2020,06,26,2,0,1,1,1,1,2,3,20200626
2020,06,27,2,1,2,2,3,1,1,2,20200627
2020,06,28,2,1,1,1,1,1,1,1,20200628
2020,06,29,1,1,0,0,1,1,1,0,20200629
2020,06,30,2,2,2,0,1,1,0,2,20200630
2020,07,01,1,1,1,1,1,0,2,3,20200701
2020,07,02,1,1,1,0,1,1,1,1,20200702
2020,07,03,1,1,1,1,1,1,1,1,20200703
2020,07,04,1,1,1,2,2,1,3,3,20200704
2020,07,05,2,3,3,3,2,1,2,3,20200705
2020,07,06,2,1,2,1,2,1,1,1,20200706
2020,07,07,1,1,2,1,1,1,0,1,20200707
2020,07,08,0,1,0,0,0,0,0,1,20200708
2020,07,09,1,1,1,1,1,1,1,1,20200709
2020,07,10,0,1,2,1,0,1,0,1,20200710
2020,07,11,1,0,0,1,0,0,1,1,20200711
2020,07,12,1,1,1,1,1,1,0,1,20200712
2020,07,13,1,2,2,2,1,1,1,3,20200713
2020,07,14,4,4,4,2,2,1,0,1,20200714
2020,07,15,0,2,2,2,2,2,1,0,20200715
2020,07,16,0,0,0,2,2,1,1,1,20200716
2020,07,17,1,1,1,1,1,2,1,1,20200717
2020,07,18,1,1,1,1,1,1,1,1,20200718
2020,07,19,0,1,1,1,2,1,1,1,20200719
2020,07,20,1,1,1,1,1,1,1,1,20200720
2020,07,21,1,1,1,1,1,1,0,1,20200721
2020,07,22,1,1,1,1,1,1,1,1,20200722
2020,07,23,1,1,1,1,2,1,0,1,20200723
2020,07,24,1,3,3,2,2,3,2,3,20200724
2020,07,25,4,3,3,2,2,2,2,4,20200725
2020,07,26,2,1,0,1,1,0,0,1,20200726
2020,07,27,1,1,1,1,1,1,1,1,20200727
2020,07,28,2,1,1,1,1,1,1,1,20200728
2020,07,29,2,1,2,1,1,1,1,1,20200729
2020,07,30,1,1,2,1,0,0,0,1,20200730
2020,07,31,1,1,1,1,2,1,1,1,20200731
2020,08,01,0,1,0,1,1,1,1,1,20200801
2020,08,02,1,1,1,3,3,3,2,3,20200802
2020,08,03,4,3,3,3,2,3,3,3,20200803
2020,08,04,2,4,2,2,2,1,2,2,20200804
2020,08,05,2,2,1,1,1,1,2,1,20200805
2020,08,06,1,2,1,1,2,2,0,2,20200806
2020,08,07,2,1,1,1,1,1,1,2,20200807
2020,08,08,2,2,2,1,1,1,1,0,20200808
2020,08,09,0,1,0,1,1,0,0,1,20200809
2020,08,10,1,1,1,1,1,1,0,1,20200810
2020,08,11,1,1,0,0,1,0,0,1,20200811
2020,08,12,0,1,1,1,1,1,1,0,20200812
2020,08,13,1,1,0,1,1,1,0,1,20200813
2020,08,14,1,2,1,0,1,1,1,1,20200814
2020,08,15,0,0,1,1,1,0,1,1,20200815
2020,08,16,1,2,1,1,1,1,1,1,20200816
2020,08,17,1,1,1,1,1,0,0,1,20200817
2020,08,18,2,2,2,2,2,1,1,3,20200818
2020,08,19,3,2,1,1,1,1,1,1,20200819
2020,08,20,1,1,0,1,1,0,1,1,20200820
2020,08,21,1,1,1,1,1,1,2,1,20200821
2020,08,22,1,2,2,2,2,2,2,3,20200822
2020,08,23,2,2,2,2,2,1,1,3,20200823
2020,08,24,1,1,0,1,1,0,0,0,20200824
2020,08,25,1,1,1,1,1,1,1,1,20200825
2020,08,26,2,2,1,2,1,2,2,2,20200826
2020,08,27,3,2,2,2,3,1,1,1,20200827
2020,08,28,0,0,1,2,2,5,2,3,20200828
2020,08,29,3,3,4,3,1,2,3,3,20200829
2020,08,30,2,4,2,2,2,2,1,3,20200830
2020,08,31,4,5,3,5,4,4,4,3,20200831
2020,09,01,3,4,3,3,3,3,2,3,20200901
2020,09,02,3,3,3,2,2,2,1,1,20200902
2020,09,03,1,0,1,1,1,1,0,2,20200903
2020,09,04,3,1,2,3,3,2,2,1,20200904
2020,09,05,2,2,2,2,2,1,1,0,20200905
2020,09,06,2,1,0,1,1,1,1,1,20200906
2020,09,07,1,1,1,1,1,1,0,0,20200907
2020,09,08,1,1,1,1,1,1,1,0,20200908
2020,09,09,1,0,0,0,0,0,0,0,20200909
2020,09,10,0,0,0,0,0,0,1,1,20200910
2020,09,11,1,0,1,0,0,1,1,1,20200911
2020,09,12,2,2,3,2,0,1,1,1,20200912
2020,09,13,1,2,2,1,0,2,1,3,20200913
2020,09,14,3,3,3,3,3,1,1,2,20200914
2020,09,15,3,3,2,2,1,1,1,1,20200915
2020,09,16,0,1,1,1,0,1,1,0,20200916
2020,09,17,1,1,2,1,1,0,0,1,20200917
2020,09,18,1,0,0,1,2,3,1,0,20200918
2020,09,19,0,2,1,0,0,1,1,0,20200919
2020,09,20,0,0,0,2,2,1,1,2,20200920
2020,09,21,1,0,0,1,0,1,1,1,20200921
2020,09,22,2,3,2,2,1,1,1,1,20200922
2020,09,23,2,1,2,2,4,2,4,3,20200923
2020,09,24,3,4,5,4,3,3,1,1,20200924
2020,09,25,3,4,3,3,2,5,3,4,20200925
2020,09,26,4,5,4,4,5,3,2,3,20200926
2020,09,27,2,4,2,2,2,3,5,6,20200927
2020,09,28,5,5,4,4,4,4,4,5,20200928
2020,09,29,4,3,3,3,3,2,3,3,20200929
2020,09,30,4,4,3,3,2,2,3,3,20200930
2020,10,01,3,2,2,4,3,3,2,2,20201001
2020,10,02,2,3,2,3,3,2,2,2,20201002
2020,10,03,2,2,2,2,1,1,1,1,20201003
2020,10,04,1,2,1,1,1,1,0,1,20201004
2020,10,05,0,1,1,1,2,3,4,2,20201005
2020,10,06,3,4,2,1,1,1,1,1,20201006
2020,10,07,1,1,1,1,2,2,1,1,20201007
2020,10,08,1,1,1,0,1,0,0,1,20201008
2020,10,09,1,0,1,0,0,0,0,0,20201009
2020,10,10,0,0,1,1,0,1,1,0,20201010
2020,10,11,0,0,1,1,0,1,1,1,20201011
2020,10,12,1,0,0,1,1,1,1,1,20201012
2020,10,13,1,1,1,1,0,1,1,1,20201013
2020,10,14,0,0,0,0,0,0,0,0,20201014
2020,10,15,0,0,0,0,0,1,1,1,20201015
2020,10,16,1,1,1,1,0,1,1,1,20201016
2020,10,17,1,2,2,1,1,0,1,2,20201017
2020,10,18,1,0,0,0,0,0,1,1,20201018
2020,10,19,1,1,1,2,3,2,2,1,20201019
2020,10,20,2,2,1,1,0,0,1,1,20201020
2020,10,21,3,2,4,3,1,1,1,1,20201021
2020,10,22,3,1,1,0,1,1,1,2,20201022
2020,10,23,1,1,1,1,2,3,4,4,20201023
2020,10,24,4,4,4,3,2,3,3,2,20201024
2020,10,25,3,2,3,3,4,3,4,2,20201025
2020,10,26,2,4,3,3,4,2,3,3,20201026
2020,10,27,2,2,4,3,1,0,2,2,20201027
2020,10,28,2,3,2,2,3,3,3,3,20201028
2020,10,29,2,3,3,3,3,4,2,2,20201029
2020,10,30,2,2,1,1,1,0,1,2,20201030
2020,10,31,1,1,3,2,2,2,0,1,20201031
2020,11,01,1,1,2,2,3,3,3,1,20201101
2020,11,02,0,0,1,1,1,0,1,1,20201102
2020,11,03,2,0,1,1,0,0,0,1,20201103
2020,11,04,1,1,1,1,0,0,1,0,20201104
2020,11,05,0,0,1,1,2,1,1,2,20201105
2020,11,06,2,2,2,2,2,3,2,2,20201106
2020,11,07,1,1,1,1,1,2,3,3,20201107
2020,11,08,2,2,2,1,1,1,1,0,20201108
2020,11,09,0,0,0,0,0,0,0,0,20201109
2020,11,10,0,0,0,1,0,0,0,0,20201110
2020,11,11,0,0,0,1,1,1,2,2,20201111
2020,11,12,1,0,2,1,1,0,1,0,20201112
2020,11,13,1,1,1,1,1,0,1,1,20201113
2020,11,14,0,1,1,0,1,0,2,1,20201114
2020,11,15,2,2,0,0,0,1,0,0,20201115
2020,11,16,0,0,0,0,1,0,0,0,20201116
2020,11,17,0,1,0,1,1,1,0,1,20201117
2020,11,18,2,1,1,0,0,0,1,1,20201118
2020,11,19,1,0,0,2,0,0,1,2,20201119
2020,11,20,3,3,2,2,1,0,2,1,20201120
2020,11,21,2,2,1,1,3,3,3,4,20201121
2020,11,22,3,4,4,4,5,4,4,3,20201122
2020,11,23,2,3,2,2,1,2,2,2,20201123
2020,11,24,2,1,0,1,1,1,1,1,20201124
2020,11,25,1,3,1,2,1,2,2,3,20201125
2020,11,26,2,1,1,1,2,2,3,2,20201126
2020,11,27,1,3,3,3,3,2,1,1,20201127
2020,11,28,3,3,3,2,2,2,2,2,20201128
2020,11,29,1,2,3,2,2,2,1,1,20201129
2020,11,30,1,3,3,2,1,1,0,1,20201130
2020,12,01,1,0,0,0,0,0,0,1,20201201
2020,12,02,1,1,2,1,0,1,1,1,20201202
2020,12,03,1,0,0,0,1,2,0,0,20201203
2020,12,04,0,0,0,0,0,0,0,1,20201204
2020,12,05,0,0,1,1,2,1,2,1,20201205
2020,12,06,2,1,1,1,2,1,2,2,20201206
2020,12,07,1,0,1,1,0,1,0,0,20201207
2020,12,08,1,2,2,1,1,0,1,1,20201208
2020,12,09,2,3,2,1,0,2,3,2,20201209
2020,12,10,4,3,1,1,1,1,1,2,20201210
2020,12,11,3,3,1,1,0,1,2,1,20201211
2020,12,12,2,1,1,1,1,1,1,2,20201212
2020,12,13,3,1,0,0,1,1,2,1,20201213
2020,12,14,0,0,0,1,0,1,2,1,20201214
2020,12,15,2,0,1,0,0,0,1,1,20201215
2020,12,16,1,1,0,0,0,1,1,1,20201216
2020,12,17,1,1,0,0,0,0,0,1,20201217
2020,12,18,0,0,1,1,1,1,1,0,20201218
2020,12,19,1,0,1,2,2,1,1,1,20201219
2020,12,20,1,1,2,1,1,1,0,1,20201220
2020,12,21,2,3,2,2,2,1,2,4,20201221
2020,12,22,3,3,3,3,2,3,3,2,20201222
2020,12,23,3,4,3,3,2,1,2,2,20201223
2020,12,24,1,3,2,2,3,3,1,2,20201224
2020,12,25,3,2,1,1,2,1,0,0,20201225
2020,12,26,0,2,1,0,1,1,2,2,20201226
2020,12,27,2,2,1,2,2,1,1,2,20201227
2020,12,28,2,2,2,2,2,1,1,2,20201228
2020,12,29,3,2,1,1,1,2,1,3,20201229
2020,12,30,3,3,2,2,2,1,1,3,20201230
2020,12,31,2,1,0,1,0,0,1,1,20201231
2021,01,01,0,0,1,1,0,1,1,1,20210101
2021,01,02,1,0,0,1,0,0,1,1,20210102
2021,01,03,0,1,0,0,0,1,0,1,20210103
2021,01,04,1,0,1,1,0,0,1,1,20210104
2021,01,05,2,1,1,1,4,3,2,3,20210105
2021,01,06,3,3,4,2,2,1,1,1,20210106
2021,01,07,1,2,1,1,1,1,1,3,20210107
2021,01,08,1,0,0,0,1,0,0,0,20210108
2021,01,09,1,1,1,1,0,0,0,0,20210109
2021,01,10,1,1,1,0,0,1,1,1,20210110
2021,01,11,1,0,0,2,4,4,4,4,20210111
2021,01,12,4,3,2,2,1,1,1,1,20210112
2021,01,13,1,1,1,1,1,1,1,1,20210113
2021,01,14,0,0,0,1,0,0,0,1,20210114
2021,01,15,2,0,0,0,0,1,1,0,20210115
2021,01,16,1,2,1,1,1,1,1,1,20210116
2021,01,17,1,2,0,0,1,0,0,1,20210117
2021,01,18,1,2,0,0,1,0,1,2,20210118
2021,01,19,3,2,1,1,2,1,1,1,20210119
2021,01,20,1,1,3,2,2,2,1,1,20210120
2021,01,21,0,1,0,1,0,0,0,1,20210121
2021,01,22,1,0,0,0,1,1,1,1,20210122
2021,01,23,1,0,1,2,0,1,1,2,20210123
2021,01,24,1,2,2,0,1,1,2,2,20210124
2021,01,25,2,1,4,4,2,3,3,5,20210125
2021,01,26,4,4,2,1,2,2,2,2,20210126
2021,01,27,3,3,2,2,2,3,1,3,20210127
2021,01,28,3,1,1,1,0,0,0,0,20210128
2021,01,29,1,2,1,0,1,0,0,1,20210129
2021,01,30,0,1,0,0,1,1,0,0,20210130
2021,01,31,1,0,0,0,0,0,0,1,20210131
2021,02,01,2,2,0,0,1,2,2,2,20210201
2021,02,02,4,4,4,3,4,3,2,2,20210202
2021,02,03,3,3,2,2,1,3,4,3,20210203
2021,02,04,2,3,3,2,2,0,1,2,20210204
2021,02,05,3,2,2,2,1,1,1,1,20210205
2021,02,06,1,0,0,0,2,3,4,2,20210206
2021,02,07,5,5,4,4,3,2,2,2,20210207
2021,02,08,1,2,1,2,1,1,1,3,20210208
2021,02,09,2,2,2,2,1,0,0,0,20210209
2021,02,10,1,0,1,1,1,0,0,0,20210210
2021,02,11,1,1,2,1,1,1,0,0,20210211
2021,02,12,0,1,0,0,1,2,2,3,20210212
2021,02,13,3,3,2,4,3,1,1,2,20210213
2021,02,14,2,1,2,1,1,1,1,0,20210214
2021,02,15,1,0,2,1,1,1,2,3,20210215
2021,02,16,2,4,4,4,2,3,2,1,20210216
2021,02,17,2,3,2,2,2,2,2,2,20210217
2021,02,18,3,2,1,1,1,0,0,1,20210218
2021,02,19,2,1,2,2,4,4,4,4,20210219
2021,02,20,3,3,4,3,3,4,4,4,20210220
2021,02,21,4,4,4,4,4,2,2,3,20210221
2021,02,22,4,4,3,3,3,2,3,3,20210222
2021,02,23,4,3,3,3,3,2,2,1,20210223
2021,02,24,3,3,4,3,2,4,4,4,20210224
2021,02,25,4,3,3,2,1,3,3,3,20210225
2021,02,26,3,3,1,3,2,2,3,2,20210226
2021,02,27,1,2,2,1,1,1,1,1,20210227
2021,02,28,1,2,1,0,1,1,2,3,20210228
2021,03,01,3,6,5,4,2,2,3,2,20210301
2021,03,02,2,3,3,2,3,4,5,4,20210302
2021,03,03,5,5,5,3,3,2,2,3,20210303
2021,03,04,4,3,1,1,2,2,2,3,20210304
2021,03,05,2,2,2,2,1,0,2,2,20210305
2021,03,06,4,4,3,3,3,1,2,2,20210306
2021,03,07,3,2,1,2,0,3,1,4,20210307
2021,03,08,1,1,1,1,1,1,3,2,20210308
2021,03,09,2,0,1,1,1,1,1,0,20210309
2021,03,10,0,0,0,0,0,0,2,1,20210310
2021,03,11,0,1,1,1,0,1,1,3,20210311
2021,03,12,3,2,3,2,2,3,3,3,20210312
2021,03,13,3,4,3,3,2,3,3,4,20210313
2021,03,14,4,5,4,4,3,3,3,4,20210314
2021,03,15,3,2,2,2,1,2,1,1,20210315
2021,03,16,1,2,0,1,1,1,1,1,20210316
2021,03,17,2,1,0,0,1,2,1,1,20210317
2021,03,18,2,2,1,2,0,0,0,1,20210318
2021,03,19,2,3,2,2,1,0,1,2,20210319
2021,03,20,2,3,6,5,4,4,3,4,20210320
2021,03,21,4,4,1,2,4,5,5,3,20210321
2021,03,22,3,3,2,2,1,1,1,1,20210322
2021,03,23,3,4,2,2,2,2,2,3,20210323
2021,03,24,3,3,3,2,2,1,2,3,20210324
2021,03,25,5,4,4,2,3,1,1,3,20210325
2021,03,26,4,3,3,3,1,2,2,2,20210326
2021,03,27,1,1,1,1,0,1,3,4,20210327
2021,03,28,3,1,1,1,1,0,1,1,20210328
2021,03,29,1,2,1,1,1,1,1,1,20210329
2021,03,30,0,1,1,1,1,1,1,2,20210330
2021,03,31,3,3,2,3,2,3,2,3,20210331
2021,04,01,3,3,2,2,0,1,2,2,20210401
2021,04,02,2,1,1,1,1,3,2,1,20210402
2021,04,03,2,2,1,1,1,0,1,1,20210403
2021,04,04,1,0,1,0,1,1,0,1,20210404
2021,04,05,1,1,1,1,3,1,0,1,20210405
2021,04,06,0,0,0,0,1,0,1,1,20210406
2021,04,07,1,2,3,4,4,5,3,2,20210407
2021,04,08,1,1,0,2,2,1,2,1,20210408
2021,04,09,0,2,0,1,1,1,0,0,20210409
2021,04,10,1,1,1,1,1,2,1,2,20210410
2021,04,11,2,2,2,1,1,1,2,2,20210411
2021,04,12,1,1,1,2,1,2,1,0,20210412
2021,04,13,0,2,1,2,2,2,1,2,20210413
2021,04,14,1,1,1,2,1,1,2,4,20210414
2021,04,15,3,3,5,1,2,2,1,2,20210415
2021,04,16,2,3,3,3,3,3,5,4,20210416
2021,04,17,5,5,5,4,4,3,3,4,20210417
2021,04,18,4,4,3,3,2,2,3,4,20210418
2021,04,19,4,4,3,3,3,3,4,3,20210419
2021,04,20,3,3,2,3,2,2,3,3,20210420
2021,04,21,2,3,2,2,2,0,1,1,20210421
2021,04,22,2,2,2,2,2,0,0,2,20210422
2021,04,23,3,3,3,2,1,3,3,5,20210423
2021,04,24,3,3,2,2,2,1,2,3,20210424
2021,04,25,5,4,3,3,3,2,3,2,20210425
2021,04,26,4,5,3,1,2,1,1,2,20210426
2021,04,27,3,3,2,2,1,1,0,1,20210427
2021,04,28,2,1,1,1,1,0,0,1,20210428
2021,04,29,2,2,2,2,2,1,2,1,20210429
2021,04,30,1,2,1,1,1,2,2,2,20210430
2021,05,01,2,1,1,2,1,1,1,2,20210501
2021,05,02,3,3,3,1,1,2,2,2,20210502
2021,05,03,2,1,2,2,1,1,1,1,20210503
2021,05,04,2,1,1,1,1,0,1,1,20210504
2021,05,05,1,1,0,0,1,0,1,1,20210505
2021,05,06,1,1,1,1,2,1,1,0,20210506
2021,05,07,0,1,0,0,1,1,1,1,20210507
2021,05,08,1,0,1,2,1,0,0,0,20210508
2021,05,09,0,1,1,0,1,1,0,2,20210509
2021,05,10,2,2,2,2,2,1,2,2,20210510
2021,05,11,2,1,1,1,1,1,0,0,20210511
2021,05,12,1,1,4,4,7,7,3,3,20210512
2021,05,13,2,2,2,2,2,1,2,2,20210513
2021,05,14,0,1,1,1,1,1,2,2,20210514
2021,05,15,3,1,3,2,1,1,1,1,20210515
2021,05,16,1,0,1,2,2,1,2,1,20210516
2021,05,17,1,1,2,1,1,2,2,2,20210517
2021,05,18,3,4,3,2,2,1,1,1,20210518
2021,05,19,2,1,1,1,1,1,1,3,20210519
2021,05,20,3,2,3,4,5,4,4,4,20210520
2021,05,21,3,2,2,2,1,1,1,1,20210521
2021,05,22,1,1,2,1,2,1,2,1,20210522
2021,05,23,1,2,1,1,1,1,1,2,20210523
2021,05,24,2,1,1,1,1,0,0,1,20210524
2021,05,25,0,1,0,1,1,1,0,2,20210525
2021,05,26,1,1,2,1,3,3,5,3,20210526
2021,05,27,4,3,4,3,2,3,2,2,20210527
2021,05,28,1,1,0,1,1,0,0,1,20210528
2021,05,29,1,1,1,2,2,1,3,2,20210529
2021,05,30,2,1,1,1,1,1,1,3,20210530
2021,05,31,1,1,1,1,1,1,0,0,20210531
2021,06,01,1,1,1,0,1,0,1,0,20210601
2021,06,02,1,1,1,1,3,2,1,1,20210602
2021,06,03,2,2,3,2,1,1,1,0,20210603
2021,06,04,2,1,1,1,1,1,1,1,20210604
2021,06,05,0,1,1,1,1,1,1,2,20210605
2021,06,06,2,1,1,1,1,1,1,2,20210606
2021,06,07,1,1,2,2,3,3,3,4,20210607
2021,06,08,2,2,2,1,1,1,1,1,20210608
2021,06,09,1,2,2,1,1,1,1,0,20210609
2021,06,10,1,1,0,1,1,2,2,2,20210610
2021,06,11,3,3,2,2,3,2,2,2,20210611
2021,06,12,3,4,2,2,2,2,1,2,20210612
2021,06,13,3,3,1,1,1,1,1,1,20210613
2021,06,14,1,1,1,1,1,1,1,2,20210614
2021,06,15,2,2,2,2,3,3,5,4,20210615
2021,06,16,4,3,3,3,2,3,2,3,20210616
2021,06,17,2,2,3,2,1,2,1,1,20210617
2021,06,18,2,2,2,2,2,1,1,2,20210618
2021,06,19,2,1,1,1,1,1,1,1,20210619
2021,06,20,1,1,1,1,1,0,1,3,20210620
2021,06,21,1,1,1,1,1,1,1,1,20210621
2021,06,22,1,3,2,2,2,1,1,2,20210622
2021,06,23,2,1,1,1,1,1,1,0,20210623
2021,06,24,0,1,2,1,1,1,2,3,20210624
2021,06,25,3,2,2,2,1,1,1,1,20210625
2021,06,26,1,0,1,2,1,1,1,0,20210626
2021,06,27,0,1,1,1,1,1,1,1,20210627
2021,06,28,1,0,1,1,1,1,1,1,20210628
2021,06,29,1,0,1,1,1,2,2,1,20210629
2021,06,30,0,2,3,3,2,3,4,4,20210630
2021,07,01,3,3,1,1,1,1,1,1,20210701
2021,07,02,1,1,2,1,1,2,1,1,20210702
2021,07,03,2,1,2,1,1,1,0,0,20210703
2021,07,04,1,1,1,1,1,1,0,1,20210704
2021,07,05,2,1,1,2,2,2,3,2,20210705
2021,07,06,2,2,3,2,3,1,2,1,20210706
2021,07,07,1,1,2,2,1,1,1,2,20210707
2021,07,08,2,1,2,1,1,1,1,1,20210708
2021,07,09,2,2,2,1,1,1,0,2,20210709
2021,07,10,3,2,1,1,1,1,2,2,20210710
2021,07,11,1,0,0,1,1,1,1,1,20210711
2021,07,12,1,1,1,1,2,2,2,3,20210712
2021,07,13,2,1,1,1,1,1,1,1,20210713
2021,07,14,1,1,1,2,3,4,4,3,20210714
2021,07,15,2,3,2,2,2,2,3,3,20210715
2021,07,16,2,1,1,0,1,1,2,1,20210716
2021,07,17,2,1,1,1,1,2,1,1,20210717
2021,07,18,1,1,1,1,1,1,0,2,20210718
2021,07,19,2,3,3,1,1,1,2,2,20210719
2021,07,20,3,2,3,2,1,2,3,3,20210720
2021,07,21,2,2,1,2,2,2,1,0,20210721
2021,07,22,2,2,4,4,3,1,1,1,20210722
2021,07,23,1,1,1,1,1,1,1,2,20210723
2021,07,24,1,2,1,2,1,1,0,1,20210724
2021,07,25,0,1,1,1,1,0,1,1,20210725
2021,07,26,1,1,1,1,1,0,1,1,20210726
2021,07,27,1,1,1,2,1,1,1,3,20210727
2021,07,28,4,3,3,3,2,3,3,2,20210728
2021,07,29,2,3,2,2,2,1,1,2,20210729
2021,07,30,1,2,2,2,2,1,1,2,20210730
2021,07,31,2,2,2,2,2,1,2,1,20210731
2021,08,01,2,1,0,1,1,1,1,1,20210801
2021,08,02,1,1,0,2,3,4,5,4,20210802
2021,08,03,4,2,3,3,2,1,1,2,20210803
2021,08,04,2,2,2,1,1,1,0,0,20210804
2021,08,05,0,0,0,0,1,1,1,0,20210805
2021,08,06,1,2,1,1,2,2,2,3,20210806
2021,08,07,3,3,2,3,3,2,2,2,20210807
2021,08,08,2,1,1,1,2,1,1,2,20210808
2021,08,09,1,1,2,2,1,0,1,1,20210809
2021,08,10,2,2,2,2,3,1,1,2,20210810
2021,08,11,3,2,2,1,1,1,1,1,20210811
2021,08,12,1,1,1,1,1,1,1,2,20210812
2021,08,13,2,2,2,3,1,1,1,1,20210813
2021,08,14,1,1,2,1,1,1,1,1,20210814
2021,08,15,3,2,3,2,2,2,2,3,20210815
2021,08,16,3,3,1,1,2,1,1,2,20210816
2021,08,17,1,1,1,3,2,1,0,2,20210817
2021,08,18,3,2,1,1,2,1,1,0,20210818
2021,08,19,0,1,1,2,2,1,1,1,20210819
2021,08,20,0,1,2,2,2,2,1,0,20210820
2021,08,21,0,0,1,1,2,1,1,0,20210821
2021,08,22,1,1,1,1,1,1,0,0,20210822
2021,08,23,0,1,1,1,1,1,1,2,20210823
2021,08,24,0,1,1,2,1,1,2,2,20210824
2021,08,25,2,3,3,2,2,2,1,1,20210825
2021,08,26,2,2,2,2,1,1,1,1,20210826
2021,08,27,3,1,3,3,4,4,4,4,20210827
2021,08,28,5,3,4,3,2,2,1,1,20210828
2021,08,29,2,2,1,1,1,2,3,3,20210829
2021,08,30,1,3,2,2,2,1,1,3,20210830
2021,08,31,3,3,2,1,1,1,0,2,20210831
2021,09,01,2,1,1,2,1,1,0,0,20210901
2021,09,02,1,1,1,1,2,1,1,0,20210902
2021,09,03,1,1,2,3,2,2,1,2,20210903
2021,09,04,2,1,2,2,1,1,1,2,20210904
2021,09,05,2,3,1,2,2,1,0,1,20210905
2021,09,06,2,3,1,2,1,1,1,2,20210906
2021,09,07,1,1,2,3,2,2,3,3,20210907
2021,09,08,4,2,3,4,3,2,2,1,20210908
2021,09,09,1,2,2,2,1,1,1,2,20210909
2021,09,10,1,2,2,1,1,1,3,4,20210910
2021,09,11,3,1,2,1,1,1,2,2,20210911
2021,09,12,1,1,2,2,2,2,1,2,20210912
2021,09,13,1,1,3,2,3,2,1,3,20210913
2021,09,14,2,0,2,2,2,2,2,1,20210914
2021,09,15,2,2,2,2,1,1,1,2,20210915
2021,09,16,1,2,1,0,1,1,1,1,20210916
2021,09,17,2,4,1,4,2,3,5,5,20210917
2021,09,18,3,4,3,3,2,1,0,1,20210918
2021,09,19,1,0,0,1,1,0,1,0,20210919
2021,09,20,1,1,0,1,1,1,0,1,20210920
2021,09,21,3,0,1,1,1,3,2,3,20210921
2021,09,22,4,2,4,3,1,1,1,2,20210922
2021,09,23,3,3,4,2,2,2,2,1,20210923
2021,09,24,3,2,2,1,1,3,1,1,20210924
2021,09,25,2,3,2,2,1,1,1,2,20210925
2021,09,26,1,0,0,1,0,0,1,1,20210926
2021,09,27,3,2,2,1,1,2,1,3,20210927
2021,09,28,2,2,2,3,2,2,3,3,20210928
2021,09,29,1,0,1,2,2,1,2,1,20210929
2021,09,30,2,1,1,1,1,2,4,3,20210930
2021,10,01,3,3,4,4,4,2,2,0,20211001
2021,10,02,0,0,2,4,3,2,1,0,20211002
2021,10,03,1,2,1,2,2,2,1,2,20211003
2021,10,04,3,2,1,1,1,1,1,2,20211004
2021,10,05,2,3,1,0,1,1,0,1,20211005
2021,10,06,2,2,1,3,2,3,2,1,20211006
2021,10,07,1,1,1,2,2,2,1,0,20211007
2021,10,08,2,1,1,1,1,0,1,1,20211008
2021,10,09,2,2,2,2,2,1,0,1,20211009
2021,10,10,1,2,1,2,3,2,2,4,20211010
2021,10,11,3,3,3,2,2,1,3,3,20211011
2021,10,12,5,6,4,6,4,4,3,3,20211012
2021,10,13,3,2,2,0,1,1,0,0,20211013
2021,10,14,2,2,1,2,1,2,2,2,20211014
2021,10,15,2,2,2,2,0,0,1,2,20211015
2021,10,16,3,2,1,2,0,2,1,1,20211016
2021,10,17,0,1,1,3,2,2,4,3,20211017
2021,10,18,4,3,2,1,2,2,2,3,20211018
2021,10,19,3,4,2,2,2,4,4,2,20211019
2021,10,20,1,3,1,1,2,2,1,2,20211020
2021,10,21,2,2,2,2,1,2,2,2,20211021
2021,10,22,1,0,1,1,2,1,1,2,20211022
2021,10,23,2,0,0,1,1,0,1,1,20211023
2021,10,24,1,1,1,1,1,2,1,1,20211024
2021,10,25,1,2,1,1,1,2,1,1,20211025
2021,10,26,2,2,1,1,1,1,0,2,20211026
2021,10,27,1,0,1,1,1,0,1,1,20211027
2021,10,28,0,1,0,0,0,2,0,0,20211028
2021,10,29,1,0,0,1,0,1,1,2,20211029
2021,10,30,2,2,2,1,1,2,2,4,20211030
2021,10,31,4,3,3,3,5,3,3,4,20211031
2021,11,01,2,3,2,2,1,1,3,4,20211101
2021,11,02,4,4,3,4,3,2,2,2,20211102
2021,11,03,3,1,2,1,1,0,4,7,20211103
2021,11,04,6,5,7,7,6,4,2,2,20211104
2021,11,05,2,4,3,1,3,4,3,3,20211105
2021,11,06,4,3,3,3,1,4,3,3,20211106
2021,11,07,4,1,0,1,1,1,1,0,20211107
2021,11,08,0,0,0,1,1,1,2,3,20211108
2021,11,09,2,2,2,1,1,1,2,3,20211109
2021,11,10,3,2,3,1,1,1,2,1,20211110
2021,11,11,1,0,1,1,2,1,1,1,20211111
2021,11,12,1,2,1,1,1,0,0,1,20211112
2021,11,13,0,1,1,1,0,0,1,1,20211113
2021,11,14,1,1,1,1,1,1,0,1,20211114
2021,11,15,0,1,1,1,1,2,4,4,20211115
2021,11,16,4,4,3,2,2,2,2,2,20211116
2021,11,17,4,2,3,3,2,2,2,3,20211117
2021,11,18,2,2,1,1,1,1,1,1,20211118
2021,11,19,1,1,1,1,2,1,2,2,20211119
2021,11,20,2,1,2,2,2,3,2,3,20211120
2021,11,21,3,2,2,3,3,3,2,3,20211121
2021,11,22,3,3,0,1,1,2,2,2,20211122
2021,11,23,2,2,2,3,2,2,2,2,20211123
2021,11,24,2,2,2,1,1,1,1,1,20211124
2021,11,25,2,2,1,1,1,1,1,1,20211125
2021,11,26,1,1,1,1,1,2,0,1,20211126
2021,11,27,0,0,1,1,1,1,1,3,20211127
2021,11,28,3,3,2,2,1,1,2,3,20211128
2021,11,29,4,4,1,1,1,1,2,1,20211129
2021,11,30,1,0,1,0,1,1,2,5,20211130
2021,12,01,4,4,3,2,3,3,3,4,20211201
2021,12,02,2,2,3,1,2,3,2,2,20211202
2021,12,03,1,1,1,2,3,3,3,2,20211203
2021,12,04,3,3,3,1,1,1,2,1,20211204
2021,12,05,2,2,1,1,1,3,3,3,20211205
2021,12,06,2,1,2,1,2,3,2,1,20211206
2021,12,07,3,1,1,1,1,1,1,1,20211207
2021,12,08,1,1,2,2,0,1,1,1,20211208
2021,12,09,1,1,0,0,1,1,0,0,20211209
2021,12,10,0,1,1,1,0,1,1,2,20211210
2021,12,11,2,3,1,0,0,0,1,1,20211211
2021,12,12,1,2,0,0,0,1,1,1,20211212
2021,12,13,0,3,3,2,1,0,1,1,20211213
2021,12,14,1,1,2,1,1,1,1,1,20211214
2021,12,15,1,2,2,3,2,3,2,2,20211215
2021,12,16,2,3,3,2,1,1,2,2,20211216
2021,12,17,2,1,1,0,1,1,0,0,20211217
2021,12,18,1,1,0,1,1,1,2,1,20211218
2021,12,19,0,0,0,0,2,4,4,5,20211219
2021,12,20,4,3,2,4,2,3,2,3,20211220
2021,12,21,4,2,2,1,2,2,3,1,20211221
2021,12,22,2,3,3,2,3,2,3,1,20211222
2021,12,23,2,1,0,1,0,1,2,1,20211223
2021,12,24,1,1,1,2,1,1,1,2,20211224
2021,12,25,2,1,3,2,2,2,2,1,20211225
2021,12,26,1,0,0,1,0,0,1,1,20211226
2021,12,27,2,1,2,2,4,3,2,1,20211227
2021,12,28,2,3,3,2,1,3,2,1,20211228
2021,12,29,1,2,1,2,2,2,2,3,20211229
2021,12,30,3,2,1,3,2,1,2,1,20211230
2021,12,31,0,1,1,1,1,2,1,1,20211231
2022,01,01,2,4,3,2,2,3,3,2,20220101
2022,01,02,3,2,1,2,1,3,2,3,20220102
2022,01,03,2,4,4,3,2,2,1,2,20220103
2022,01,04,3,3,1,2,1,0,0,1,20220104
2022,01,05,1,2,0,0,1,2,0,0,20220105
2022,01,06,0,0,0,0,0,0,1,0,20220106
2022,01,07,0,0,0,0,0,0,0,0,20220107
2022,01,08,0,0,1,1,1,2,5,5,20220108
2022,01,09,3,3,2,1,2,1,2,3,20220109
2022,01,10,3,2,1,0,1,2,2,2,20220110
2022,01,11,1,2,1,1,2,2,1,0,20220111
2022,01,12,1,1,1,0,1,1,1,1,20220112
2022,01,13,1,0,0,1,0,0,1,1,20220113
2022,01,14,0,0,1,1,1,3,4,6,20220114
2022,01,15,5,3,3,2,3,3,4,5,20220115
2022,01,16,5,3,3,2,3,3,4,3,20220116
2022,01,17,3,1,1,2,3,3,2,2,20220117
2022,01,18,5,3,3,2,3,3,3,3,20220118
2022,01,19,6,5,4,3,3,2,2,2,20220119
2022,01,20,3,1,1,0,1,1,1,1,20220120
2022,01,21,1,0,1,1,2,2,3,3,20220121
2022,01,22,3,3,2,2,2,2,2,3,20220122
2022,01,23,3,3,2,2,2,1,1,1,20220123
2022,01,24,1,0,1,1,1,1,1,2,20220124
2022,01,25,2,3,3,3,3,3,3,3,20220125
2022,01,26,2,2,3,3,2,2,2,3,20220126
2022,01,27,1,1,1,2,2,2,3,3,20220127
2022,01,28,2,2,2,1,1,1,2,4,20220128
2022,01,29,4,4,4,3,4,1,1,1,20220129
2022,01,30,3,3,3,2,2,2,1,3,20220130
2022,01,31,3,3,2,3,2,2,2,2,20220131
2022,02,01,2,2,1,1,2,1,1,4,20220201
2022,02,02,4,3,1,1,2,4,2,1,20220202
2022,02,03,2,4,5,5,4,3,3,3,20220203
2022,02,04,4,4,3,4,4,5,5,4,20220204
2022,02,05,3,3,2,3,3,3,3,2,20220205
2022,02,06,4,3,3,3,3,2,2,3,20220206
2022,02,07,2,2,1,1,1,3,2,2,20220207
2022,02,08,2,0,1,1,1,2,2,1,20220208
2022,02,09,1,0,1,1,0,0,1,2,20220209
2022,02,10,3,2,2,2,3,5,5,4,20220210
2022,02,11,4,3,2,4,1,3,5,4,20220211
2022,02,12,3,3,2,2,3,3,3,3,20220212
2022,02,13,4,3,2,3,3,3,3,3,20220213
2022,02,14,3,2,2,2,2,2,2,1,20220214
2022,02,15,2,2,1,1,1,0,1,1,20220215
2022,02,16,1,2,2,2,2,2,3,3,20220216
2022,02,17,2,2,1,1,1,0,1,1,20220217
2022,02,18,0,1,1,1,2,2,2,2,20220218
2022,02,19,3,3,2,2,2,2,2,2,20220219
2022,02,20,5,3,2,2,1,2,3,2,20220220
2022,02,21,1,1,2,3,4,3,3,3,20220221
2022,02,22,3,4,5,3,2,1,2,2,20220222
2022,02,23,1,0,2,2,2,2,1,2,20220223
2022,02,24,3,3,2,1,0,1,1,2,20220224
2022,02,25,2,2,3,3,2,0,0,1,20220225
2022,02,26,1,0,1,0,0,0,1,1,20220226
2022,02,27,1,2,4,4,3,3,2,2,20220227
2022,02,28,2,3,1,2,2,2,2,2,20220228
2022,03,01,2,2,3,2,2,1,2,2,20220301
2022,03,02,1,1,1,2,0,1,1,1,20220302
2022,03,03,1,1,0,1,1,1,2,3,20220303
2022,03,04,3,3,2,2,2,2,3,3,20220304
2022,03,05,4,2,2,4,5,4,5,5,20220305
2022,03,06,5,3,4,3,3,1,2,2,20220306
2022,03,07,3,3,1,2,3,2,2,2,20220307
2022,03,08,3,2,1,1,1,1,1,2,20220308
2022,03,09,3,1,1,1,1,0,1,2,20220309
2022,03,10,2,1,2,2,2,3,4,2,20220310
2022,03,11,4,3,4,2,3,3,3,5,20220311
2022,03,12,5,4,3,1,1,0,1,2,20220312
2022,03,13,2,1,0,4,6,5,6,6,20220313
2022,03,14,6,3,2,2,2,2,1,1,20220314
2022,03,15,1,2,1,1,2,2,1,3,20220315
2022,03,16,1,0,1,2,2,2,2,2,20220316
2022,03,17,2,2,2,2,1,1,0,1,20220317
2022,03,18,2,1,0,1,1,1,1,1,20220318
2022,03,19,1,0,2,2,1,0,1,2,20220319
2022,03,20,3,3,2,2,1,1,0,3,20220320
2022,03,21,2,0,0,1,1,1,1,1,20220321
2022,03,22,2,3,2,1,1,1,3,2,20220322
2022,03,23,2,1,2,2,1,2,2,1,20220323
2022,03,24,3,2,1,3,3,2,1,2,20220324
2022,03,25,3,3,2,3,2,2,2,1,20220325
2022,03,26,2,1,1,2,1,2,3,2,20220326
2022,03,27,2,2,2,3,3,4,4,4,20220327
2022,03,28,4,4,2,2,1,0,1,1,20220328
2022,03,29,2,2,2,2,2,2,2,2,20220329
2022,03,30,1,1,1,2,1,2,2,4,20220330
2022,03,31,5,5,4,4,4,4,2,3,20220331
2022,04,01,3,3,4,4,4,3,2,2,20220401
2022,04,02,4,5,4,2,2,3,4,3,20220402
2022,04,03,4,2,2,2,2,2,2,3,20220403
2022,04,04,4,4,3,2,2,2,2,1,20220404
2022,04,05,2,2,2,2,1,2,1,1,20220405
2022,04,06,3,2,2,3,1,2,1,2,20220406
2022,04,07,2,4,3,4,3,3,2,3,20220407
2022,04,08,4,3,2,1,1,1,2,2,20220408
2022,04,09,4,4,4,3,3,4,3,1,20220409
2022,04,10,3,7,5,4,2,2,2,3,20220410
2022,04,11,4,4,3,3,2,2,2,1,20220411
2022,04,12,2,1,1,2,3,4,3,3,20220412
2022,04,13,3,3,4,2,1,0,0,2,20220413
2022,04,14,3,3,4,5,4,6,5,4,20220414
2022,04,15,5,4,3,4,3,3,2,2,20220415
2022,04,16,2,2,2,1,3,2,2,3,20220416
2022,04,17,3,3,2,3,2,3,2,2,20220417
2022,04,18,2,2,2,2,1,2,3,1,20220418
2022,04,19,3,3,2,2,2,1,0,1,20220419
2022,04,20,3,2,2,2,1,2,2,3,20220420
2022,04,21,3,3,3,2,3,2,2,1,20220421
2022,04,22,1,3,1,2,1,2,2,2,20220422
2022,04,23,2,2,2,4,3,2,2,4,20220423
2022,04,24,2,2,2,1,1,1,1,0,20220424
2022,04,25,1,1,1,2,1,1,2,1,20220425
2022,04,26,0,0,1,1,1,1,1,1,20220426
2022,04,27,2,2,1,1,5,4,3,5,20220427
2022,04,28,3,3,4,2,2,2,3,3,20220428
2022,04,29,4,4,3,2,3,3,3,2,20220429
2022,04,30,4,5,3,3,2,3,2,2,20220430
2022,05,01,3,3,3,2,2,1,2,2,20220501
2022,05,02,3,2,1,1,1,1,2,1,20220502
2022,05,03,2,2,2,2,2,1,1,2,20220503
2022,05,04,2,2,2,2,2,0,1,2,20220504
2022,05,05,1,1,2,1,1,1,1,1,20220505
2022,05,06,0,1,2,1,2,2,1,1,20220506
2022,05,07,1,1,1,1,1,0,0,2,20220507
2022,05,08,2,1,1,2,2,2,1,2,20220508
2022,05,09,3,3,2,2,2,1,1,0,20220509
2022,05,10,0,1,0,1,2,1,1,1,20220510
2022,05,11,1,1,1,1,2,2,2,2,20220511
2022,05,12,2,2,2,1,2,2,2,2,20220512
2022,05,13,2,1,2,2,2,1,2,3,20220513
2022,05,14,2,1,2,2,1,3,2,2,20220514
2022,05,15,4,4,3,2,3,3,2,1,20220515
2022,05,16,2,3,3,3,2,2,2,1,20220516
2022,05,17,1,3,3,3,3,2,2,2,20220517
2022,05,18,3,2,1,2,1,1,2,2,20220518
2022,05,19,3,3,3,2,3,2,2,2,20220519
2022,05,20,2,3,2,3,2,3,2,4,20220520
2022,05,21,3,3,2,1,3,3,2,0,20220521
2022,05,22,4,3,3,2,3,2,1,1,20220522
2022,05,23,2,1,3,2,1,1,0,0,20220523
2022,05,24,1,2,1,1,2,1,0,1,20220524
2022,05,25,1,2,2,2,1,1,2,2,20220525
2022,05,26,1,1,1,1,2,1,1,0,20220526
2022,05,27,1,1,2,2,5,4,3,4,20220527
2022,05,28,5,5,5,3,2,2,1,2,20220528
2022,05,29,3,3,3,3,3,3,3,3,20220529
2022,05,30,3,3,2,2,1,2,2,2,20220530
2022,05,31,3,2,2,2,2,2,3,1,20220531
2022,06,01,2,2,2,2,1,1,0,1,20220601
2022,06,02,1,1,1,2,1,1,1,2,20220602
2022,06,03,1,1,2,1,1,1,1,1,20220603
2022,06,04,1,1,2,1,1,1,1,1,20220604
2022,06,05,1,1,1,1,1,1,1,1,20220605
2022,06,06,2,2,2,3,3,2,3,3,20220606
2022,06,07,2,2,2,3,2,2,1,2,20220607
2022,06,08,2,1,1,2,1,0,2,2,20220608
2022,06,09,1,2,1,1,2,1,1,2,20220609
2022,06,10,2,1,1,2,2,0,1,1,20220610
2022,06,11,2,2,3,1,2,2,1,2,20220611
2022,06,12,2,2,2,2,2,3,3,2,20220612
2022,06,13,3,5,2,2,2,3,2,2,20220613
2022,06,14,2,2,2,2,2,2,2,3,20220614
2022,06,15,2,4,3,4,5,4,2,2,20220615
2022,06,16,2,3,2,3,3,2,2,4,20220616
2022,06,17,3,2,2,3,3,2,4,3,20220617
2022,06,18,3,3,2,3,1,2,3,4,20220618
2022,06,19,4,3,2,3,2,3,2,1,20220619
2022,06,20,2,1,3,2,3,3,3,2,20220620
2022,06,21,2,2,1,3,2,1,2,3,20220621
2022,06,22,2,2,3,3,3,2,3,3,20220622
2022,06,23,3,3,2,2,2,2,3,2,20220623
2022,06,24,3,1,0,1,1,2,3,3,20220624
2022,06,25,3,2,2,2,2,3,4,5,20220625
2022,06,26,5,2,2,4,4,3,4,4,20220626
2022,06,27,4,4,3,1,1,1,2,2,20220627
2022,06,28,1,3,2,2,1,1,2,3,20220628
2022,06,29,2,2,2,2,2,1,1,1,20220629
2022,06,30,1,1,1,1,1,1,1,1,20220630
2022,07,01,2,1,1,1,1,2,3,3,20220701
2022,07,02,4,5,4,3,2,3,1,3,20220702
2022,07,03,2,0,1,2,2,1,2,4,20220703
2022,07,04,3,5,4,3,3,4,4,3,20220704
2022,07,05,1,1,1,1,1,1,1,1,20220705
2022,07,06,1,1,2,2,1,1,1,0,20220706
2022,07,07,0,1,2,2,5,4,4,5,20220707
2022,07,08,5,5,3,3,3,2,3,2,20220708
2022,07,09,1,1,0,1,3,2,1,2,20220709
2022,07,10,1,1,3,2,3,1,2,1,20220710
2022,07,11,1,1,1,2,2,3,4,3,20220711
2022,07,12,3,3,3,4,5,3,3,3,20220712
2022,07,13,2,2,2,1,2,1,1,1,20220713
2022,07,14,1,1,1,1,1,2,1,2,20220714
2022,07,15,2,2,0,2,2,2,3,3,20220715
2022,07,16,2,2,3,2,1,1,1,1,20220716
2022,07,17,1,1,1,2,1,1,2,1,20220717
2022,07,18,1,1,2,3,2,1,2,3,20220718
2022,07,19,3,4,5,4,4,4,4,4,20220719
2022,07,20,2,3,1,2,2,1,1,2,20220720
2022,07,21,2,1,2,3,3,5,5,4,20220721
2022,07,22,3,3,3,3,1,2,2,3,20220722
2022,07,23,3,5,4,2,2,1,1,3,20220723
2022,07,24,3,2,2,2,2,2,3,2,20220724
2022,07,25,3,2,1,1,1,1,1,2,20220725
2022,07,26,4,2,1,2,2,1,1,2,20220726
2022,07,27,3,2,2,2,2,2,2,3,20220727
2022,07,28,2,2,3,1,2,2,2,1,20220728
2022,07,29,1,1,1,1,1,1,1,2,20220729
2022,07,30,2,2,1,1,2,2,1,3,20220730
2022,07,31,2,2,2,2,3,4,2,3,20220731
2022,08,01,3,2,2,2,2,1,1,2,20220801
2022,08,02,2,2,3,2,1,2,3,3,20220802
2022,08,03,3,3,2,2,1,2,2,2,20220803
2022,08,04,2,1,1,2,2,2,2,2,20220804
2022,08,05,3,2,1,1,1,1,0,2,20220805
2022,08,06,1,1,1,1,1,1,1,2,20220806
2022,08,07,1,2,3,4,4,4,4,6,20220807
2022,08,08,5,5,5,4,3,3,4,4,20220808
2022,08,09,3,4,3,4,4,4,3,2,20220809
2022,08,10,2,3,2,2,3,3,3,3,20220810
2022,08,11,2,2,2,3,3,4,4,3,20220811
2022,08,12,3,1,2,3,2,1,1,1,20220812
2022,08,13,2,2,3,3,3,2,2,2,20220813
2022,08,14,3,2,2,2,2,1,1,1,20220814
2022,08,15,1,2,2,2,2,2,1,1,20220815
2022,08,16,1,2,1,2,1,1,0,2,20220816
2022,08,17,2,3,2,3,2,4,6,6,20220817
2022,08,18,3,2,3,3,5,5,4,5,20220818
2022,08,19,3,3,2,2,2,4,5,4,20220819
2022,08,20,4,3,3,2,1,1,3,4,20220820
2022,08,21,3,2,2,3,3,4,3,2,20220821
2022,08,22,3,3,2,2,2,1,2,1,20220822
2022,08,23,1,1,1,1,1,0,0,2,20220823
2022,08,24,1,0,1,1,1,1,0,1,20220824
2022,08,25,1,1,2,2,2,1,1,2,20220825
2022,08,26,1,2,1,1,1,1,1,2,20220826
2022,08,27,2,1,2,4,4,3,3,3,20220827
2022,08,28,2,1,2,3,2,2,2,1,20220828
2022,08,29,2,4,3,3,3,2,3,1,20220829
2022,08,30,2,4,2,3,2,2,2,3,20220830
2022,08,31,3,3,2,3,2,2,2,4,20220831
2022,09,01,2,4,2,2,2,2,1,1,20220901
2022,09,02,2,1,2,2,2,1,1,4,20220902
2022,09,03,5,3,4,4,4,3,3,4,20220903
2022,09,04,5,6,6,6,5,6,4,5,20220904
2022,09,05,5,5,4,5,3,4,4,4,20220905
2022,09,06,4,4,3,3,3,3,4,4,20220906
2022,09,07,3,2,3,3,3,4,3,1,20220907
2022,09,08,3,4,4,3,3,3,3,4,20220908
2022,09,09,4,2,3,4,3,2,1,2,20220909
2022,09,10,3,2,3,2,3,3,3,2,20220910
2022,09,11,3,2,1,2,2,3,2,1,20220911
2022,09,12,3,3,3,2,2,1,2,1,20220912
2022,09,13,0,0,2,1,1,1,0,1,20220913
2022,09,14,1,0,2,2,2,2,3,4,20220914
2022,09,15,4,1,1,1,1,2,1,1,20220915
2022,09,16,1,2,1,2,1,1,0,1,20220916
2022,09,17,1,1,1,1,2,1,0,2,20220917
2022,09,18,2,2,3,3,3,2,2,2,20220918
2022,09,19,3,1,1,3,3,3,2,3,20220919
2022,09,20,2,2,1,2,2,2,3,2,20220920
2022,09,21,2,1,2,2,1,1,0,2,20220921
2022,09,22,0,1,1,1,2,2,1,3,20220922
2022,09,23,3,1,3,3,3,3,2,3,20220923
2022,09,24,2,4,2,3,3,3,3,3,20220924
2022,09,25,2,2,2,2,2,1,0,2,20220925
2022,09,26,2,1,0,1,1,1,1,3,20220926
2022,09,27,6,4,2,4,3,3,3,3,20220927
2022,09,28,2,1,1,1,1,1,2,1,20220928
2022,09,29,1,1,3,2,2,2,1,1,20220929
2022,09,30,3,4,4,3,3,2,1,1,20220930
2022,10,01,0.67,0.33,0.33,0.67,0.00,1.33,1.00,0.67,20221001
2022,10,02,2.33,2.00,1.00,2.33,2.00,2.67,2.00,4.67,20221002
2022,10,03,4.00,3.33,3.00,1.67,4.33,3.67,5.33,3.33,20221003
2022,10,04,3.00,3.67,4.00,2.67,1.33,1.67,4.00,2.67,20221004
2022,10,05,2.67,3.33,3.00,2.00,2.33,2.67,3.67,3.33,20221005
2022,10,06,2.67,2.67,3.67,2.33,3.33,3.33,4.33,3.67,20221006
2022,10,07,3.67,4.00,3.33,2.67,3.00,3.33,1.33,1.00,20221007
2022,10,08,1.67,3.00,3.33,2.00,3.33,3.00,2.67,2.00,20221008
2022,10,09,4.33,3.67,4.00,3.67,3.67,4.00,3.67,3.67,20221009
2022,10,10,2.67,3.33,2.00,3.33,1.33,1.67,1.67,2.33,20221010
2022,10,11,3.33,2.00,1.33,1.67,1.33,1.33,1.33,2.00,20221011
2022,10,12,1.33,0.67,0.67,1.33,2.33,1.00,2.33,1.67,20221012
2022,10,13,1.67,1.00,1.33,0.67,1.33,0.67,1.33,1.67,20221013
2022,10,14,2.33,2.67,4.33,4.00,4.33,2.67,1.33,2.67,20221014
2022,10,15,5.00,3.00,2.00,3.33,1.67,3.00,4.00,2.00,20221015
2022,10,16,3.00,1.67,2.33,4.33,4.00,3.00,1.67,3.33,20221016
2022,10,17,1.67,1.00,0.67,1.00,1.67,3.00,0.67,1.00,20221017
2022,10,18,1.00,0.67,1.33,1.67,1.33,2.33,1.67,2.33,20221018
2022,10,19,1.67,1.67,1.33,1.33,1.00,0.33,1.00,1.33,20221019
2022,10,20,0.67,0.67,1.33,2.33,3.00,1.67,1.33,2.67,20221020
2022,10,21,1.33,1.00,1.33,1.67,0.33,1.00,1.67,1.33,20221021
2022,10,22,2.33,2.33,3.00,4.67,3.67,5.33,5.00,3.00,20221022
2022,10,23,3.00,2.33,2.33,1.33,1.67,4.00,4.33,4.00,20221023
2022,10,24,3.00,2.67,2.33,1.67,2.00,0.67,1.00,1.33,20221024
2022,10,25,1.33,1.00,1.33,1.67,1.00,2.00,0.33,0.67,20221025
2022,10,26,0.67,0.67,0.33,1.00,1.00,1.33,1.67,3.00,20221026
2022,10,27,2.33,1.67,2.00,2.67,3.00,2.67,2.00,2.00,20221027
2022,10,28,2.00,2.67,2.67,2.67,2.33,4.33,3.00,4.33,20221028
2022,10,29,4.00,3.67,5.00,4.67,3.67,3.33,3.00,3.33,20221029
2022,10,30,2.33,3.00,2.33,3.67,2.67,2.33,2.67,2.33,20221030
2022,10,31,2.33,3.00,2.67,2.67,2.00,3.33,2.33,1.67,20221031
2022,11,01,1.33,0.67,3.67,2.67,2.00,0.67,1.67,1.67,20221101
2022,11,02,2.67,3.67,2.67,2.33,2.67,3.67,3.00,2.00,20221102
2022,11,03,3.00,1.67,3.67,4.00,4.67,5.00,3.67,4.33,20221103
2022,11,04,4.00,3.67,3.33,3.33,2.67,2.67,2.00,2.33,20221104
2022,11,05,3.33,3.33,2.33,3.00,2.00,1.67,1.00,0.67,20221105
2022,11,06,1.00,0.67,1.67,1.00,0.33,0.67,0.67,1.00,20221106
2022,11,07,1.00,1.33,2.00,3.33,4.33,4.67,4.33,2.67,20221107
2022,11,08,2.33,3.00,3.67,3.00,3.00,1.67,1.33,1.33,20221108
2022,11,09,3.00,3.33,2.67,1.67,1.00,0.33,0.33,0.00,20221109
2022,11,10,0.33,0.33,0.33,0.67,0.33,0.33,0.67,0.33,20221110
2022,11,11,0.67,1.33,2.67,2.00,2.33,3.00,2.33,2.67,20221111
2022,11,12,3.00,2.33,2.00,1.33,0.33,0.67,0.33,0.00,20221112
2022,11,13,0.67,3.00,1.00,1.33,2.00,2.00,2.00,1.33,20221113
2022,11,14,1.00,0.33,1.67,2.00,1.33,0.67,1.00,0.00,20221114
2022,11,15,0.33,1.33,0.33,0.33,0.33,0.67,0.33,0.00,20221115
2022,11,16,0.33,0.00,0.00,0.33,0.33,1.00,1.33,0.67,20221116
2022,11,17,0.00,1.00,0.33,0.67,0.67,0.33,0.67,0.33,20221117
2022,11,18,0.33,0.33,0.67,1.00,1.67,1.67,3.00,3.00,20221118
2022,11,19,2.33,0.33,1.33,1.33,1.33,0.67,1.00,1.00,20221119
2022,11,20,1.00,0.33,0.33,0.67,1.00,2.00,3.00,2.33,20221120
2022,11,21,3.67,3.67,2.33,2.00,2.00,1.67,1.33,1.33,20221121
2022,11,22,1.00,0.67,1.00,0.67,0.67,1.33,0.67,0.00,20221122
2022,11,23,0.00,0.33,0.67,0.33,1.00,1.00,1.33,0.67,20221123
2022,11,24,1.67,2.00,2.00,0.67,1.67,1.00,1.67,2.67,20221124
2022,11,25,2.33,3.67,4.33,3.33,3.33,3.00,3.33,4.00,20221125
2022,11,26,3.67,3.00,3.67,2.33,3.33,3.00,3.00,3.00,20221126
2022,11,27,3.00,3.33,2.33,2.00,3.33,2.67,4.00,3.00,20221127
2022,11,28,4.67,5.33,3.33,2.67,1.33,1.33,4.33,4.00,20221128
2022,11,29,4.33,3.33,3.67,3.67,4.00,4.67,3.67,3.00,20221129
2022,11,30,3.33,3.33,2.67,4.33,4.00,3.00,5.00,3.33,20221130
2022,12,01,3.00,5.00,4.33,3.67,4.33,4.33,3.67,3.67,20221201
2022,12,02,3.33,3.67,3.33,2.67,3.00,3.33,2.67,2.67,20221202
2022,12,03,2.67,3.33,2.33,2.67,1.67,2.67,2.00,1.33,20221203
2022,12,04,2.00,2.00,1.33,2.33,3.33,4.33,4.00,4.00,20221204
2022,12,05,1.00,2.33,2.67,1.67,3.00,2.00,1.33,0.67,20221205
2022,12,06,0.67,1.67,1.00,1.00,1.00,1.00,0.67,0.67,20221206
2022,12,07,1.00,1.33,0.67,3.00,5.00,4.33,3.33,3.00,20221207
2022,12,08,2.00,3.00,2.33,1.67,1.33,1.33,2.67,4.00,20221208
2022,12,09,4.33,2.33,2.00,3.00,1.67,1.67,2.00,1.33,20221209
2022,12,10,3.33,2.00,1.00,2.67,1.00,2.00,2.33,1.67,20221210
2022,12,11,2.33,2.67,2.00,1.67,1.33,3.33,1.33,3.00,20221211
2022,12,12,2.67,1.67,0.67,0.67,0.67,1.33,1.33,2.00,20221212
2022,12,13,2.67,0.33,0.33,0.67,1.00,1.33,0.67,1.00,20221213
2022,12,14,0.33,1.00,0.67,0.33,0.67,1.67,2.00,2.00,20221214
2022,12,15,1.33,2.00,2.00,1.33,1.33,1.33,1.33,1.00,20221215
2022,12,16,2.33,2.33,2.33,2.33,2.67,3.00,2.67,2.33,20221216
2022,12,17,2.33,2.33,0.33,0.67,0.67,0.33,0.67,0.33,20221217
2022,12,18,0.67,0.00,0.33,1.33,1.00,0.67,1.33,2.00,20221218
2022,12,19,2.33,4.00,3.33,1.67,1.67,1.67,2.00,1.67,20221219
2022,12,20,1.67,1.00,1.33,1.00,0.67,1.67,2.00,2.67,20221220
2022,12,21,1.67,1.33,3.00,2.33,2.00,3.33,1.67,1.33,20221221
2022,12,22,1.00,0.33,1.67,2.00,3.00,3.67,3.67,3.00,20221222
2022,12,23,4.00,2.33,3.67,3.33,4.67,4.00,2.33,4.67,20221223
2022,12,24,3.33,4.33,4.00,3.67,3.00,4.33,3.67,3.33,20221224
2022,12,25,3.00,3.33,1.67,1.33,2.00,2.00,1.67,3.00,20221225
2022,12,26,3.00,2.33,3.00,4.33,5.00,4.67,2.00,2.33,20221226
2022,12,27,4.00,4.33,4.67,4.00,4.00,4.33,2.67,1.67,20221227
2022,12,28,2.67,2.00,1.67,0.67,1.00,0.67,0.67,1.33,20221228
2022,12,29,0.67,0.67,1.67,1.67,3.00,3.00,3.00,4.00,20221229
2022,12,30,5.00,3.67,3.67,3.67,5.00,4.67,4.33,3.33,20221230
2022,12,31,3.33,3.33,2.67,2.00,3.00,2.33,3.33,4.00,20221231
2023,01,01,2.33,2.67,2.33,3.00,2.00,3.00,3.33,4.00,20230101
2023,01,02,2.67,1.67,1.33,1.67,1.33,1.33,1.67,3.00,20230102
2023,01,03,1.67,0.67,1.33,1.00,0.67,2.00,2.33,3.00,20230103
2023,01,04,4.00,4.67,5.00,3.67,3.00,2.33,2.00,1.00,20230104
2023,01,05,0.33,1.00,1.33,1.00,3.00,2.67,2.33,2.67,20230105
2023,01,06,1.67,0.33,1.00,0.67,1.00,0.67,1.67,1.67,20230106
2023,01,07,1.33,2.67,1.00,0.67,0.67,2.67,2.00,1.33,20230107
2023,01,08,2.33,2.33,2.00,1.33,3.33,1.67,1.33,0.67,20230108
2023,01,09,2.00,0.67,1.00,1.00,1.00,2.00,2.33,1.33,20230109
2023,01,10,1.00,0.67,1.00,0.67,2.00,3.00,2.00,2.33,20230110
2023,01,11,2.00,2.67,2.33,2.33,2.00,2.33,2.33,2.67,20230111
2023,01,12,3.00,1.67,2.67,1.67,2.00,2.33,2.00,2.33,20230112
2023,01,13,2.67,2.00,2.33,2.33,2.00,1.67,3.33,4.00,20230113
2023,01,14,3.67,3.67,2.33,1.33,0.67,1.00,2.00,3.33,20230114
2023,01,15,5.00,4.00,4.00,3.67,3.67,3.33,4.00,5.00,20230115
2023,01,16,4.00,1.67,3.00,3.33,3.00,3.33,1.67,1.33,20230116
2023,01,17,0.67,1.67,1.67,1.00,1.00,0.33,0.33,3.67,20230117
2023,01,18,4.00,4.00,3.33,3.00,2.67,3.00,1.67,0.67,20230118
2023,01,19,0.33,1.33,3.00,2.67,2.67,0.67,0.67,1.00,20230119
2023,01,20,1.00,1.00,0.00,0.67,1.67,3.00,2.00,1.67,20230120
2023,01,21,3.00,4.33,3.67,2.00,2.67,2.67,3.33,3.00,20230121
2023,01,22,2.00,1.67,2.33,2.33,2.00,2.33,3.33,2.00,20230122
2023,01,23,0.67,2.00,1.00,0.67,3.00,2.00,2.00,2.67,20230123
2023,01,24,1.33,0.67,1.00,1.33,1.67,1.33,1.00,0.33,20230124
2023,01,25,0.67,0.67,0.33,2.33,3.00,2.67,2.00,1.33,20230125
2023,01,26,1.67,3.00,3.00,2.33,3.00,2.67,2.33,1.33,20230126
2023,01,27,1.00,0.67,1.67,2.67,2.67,3.00,2.00,2.67,20230127
2023,01,28,3.33,2.67,2.00,1.33,2.33,2.33,3.00,1.67,20230128
2023,01,29,1.00,0.33,2.00,1.67,1.00,2.00,1.33,1.33,20230129
2023,01,30,1.67,0.33,1.00,1.33,0.67,0.67,1.33,2.67,20230130
2023,01,31,0.67,2.33,3.00,2.00,0.67,3.33,2.33,2.00,20230131
2023,02,01,1.67,0.33,0.67,0.67,1.00,1.33,3.00,2.67,20230201
2023,02,02,3.67,1.67,0.67,1.00,0.67,0.33,1.00,1.00,20230202
2023,02,03,2.67,1.67,0.67,0.67,2.00,3.33,3.00,2.00,20230203
2023,02,04,2.67,3.00,1.00,0.67,1.00,1.00,0.67,1.33,20230204
2023,02,05,0.67,2.33,0.33,1.33,1.00,1.00,1.67,2.00,20230205
2023,02,06,3.67,3.67,2.67,3.33,3.00,2.00,3.67,3.67,20230206
2023,02,07,4.00,4.00,3.33,3.67,3.33,3.00,3.00,3.00,20230207
2023,02,08,3.33,3.67,2.67,3.67,3.33,2.67,3.33,3.33,20230208
2023,02,09,3.33,4.00,3.33,3.00,2.67,3.33,3.33,4.67,20230209
2023,02,10,4.00,2.67,2.67,2.67,3.00,2.00,3.00,4.00,20230210
2023,02,11,4.00,3.33,2.00,2.67,2.33,1.00,1.33,0.67,20230211
2023,02,12,2.00,2.67,2.00,2.00,1.67,1.33,2.33,1.67,20230212
2023,02,13,1.33,0.33,0.67,1.33,2.00,1.00,1.33,0.67,20230213
2023,02,14,2.67,0.67,3.00,2.33,1.00,1.33,1.00,2.33,20230214
2023,02,15,3.00,4.00,5.33,4.67,3.00,4.33,3.33,4.33,20230215
2023,02,16,3.00,3.00,5.00,4.33,4.33,4.67,1.67,2.00,20230216
2023,02,17,1.67,3.00,2.00,1.33,1.67,1.00,1.67,0.33,20230217
2023,02,18,1.00,2.33,0.67,1.33,2.00,1.33,2.33,2.33,20230218
2023,02,19,3.00,0.67,1.00,1.00,2.33,1.33,2.00,1.67,20230219
2023,02,20,1.00,0.67,2.00,2.67,2.33,2.33,2.67,2.00,20230220
2023,02,21,3.33,3.33,3.33,4.33,4.00,2.00,1.67,1.67,20230221
2023,02,22,1.67,0.67,1.33,2.00,2.00,2.00,2.00,2.33,20230222
2023,02,23,4.67,3.67,3.00,3.00,2.67,3.67,3.67,4.00,20230223
2023,02,24,3.00,1.33,2.00,1.00,1.67,0.33,0.67,0.67,20230224
2023,02,25,0.67,0.67,2.00,2.33,1.67,3.00,3.00,3.33,20230225
2023,02,26,3.33,2.67,3.33,3.67,3.00,1.33,5.00,5.67,20230226
2023,02,27,5.00,6.00,6.67,7.00,6.67,6.67,6.33,5.67,20230227
2023,02,28,5.67,4.67,3.33,3.33,2.00,2.00,4.33,4.33,20230228
2023,03,01,3.33,1.67,1.33,2.67,0.67,1.33,2.33,2.33,20230301
2023,03,02,1.33,1.67,2.33,2.33,1.33,1.67,2.67,3.67,20230302
2023,03,03,3.67,3.67,3.33,3.67,3.67,2.00,4.33,4.33,20230303
2023,03,04,3.67,3.00,3.00,3.00,2.00,2.67,3.00,3.67,20230304
2023,03,05,3.67,3.33,3.67,3.00,4.00,3.33,4.00,4.00,20230305
2023,03,06,4.00,3.00,2.33,2.33,2.67,3.00,2.67,3.67,20230306
2023,03,07,2.67,3.33,3.33,3.00,2.33,1.33,1.33,1.00,20230307
2023,03,08,1.33,2.00,2.00,2.00,1.33,1.33,3.00,2.67,20230308
2023,03,09,2.33,3.33,4.33,3.67,3.33,2.67,2.67,2.33,20230309
2023,03,10,4.00,2.00,2.33,1.00,1.33,2.67,2.33,2.67,20230310
2023,03,11,2.67,2.00,1.33,1.00,1.33,0.67,1.67,2.67,20230311
2023,03,12,2.67,2.00,3.00,2.67,1.33,0.67,1.00,1.00,20230312
2023,03,13,1.33,0.33,0.67,0.67,0.67,1.33,0.67,0.67,20230313
2023,03,14,3.00,3.33,3.00,3.67,3.33,3.00,2.33,4.00,20230314
2023,03,15,3.67,5.67,4.00,3.67,2.67,2.00,2.00,5.67,20230315
2023,03,16,4.33,2.67,1.33,1.33,0.67,0.67,1.00,0.67,20230316
2023,03,17,1.00,1.67,2.00,2.67,2.67,0.67,0.67,2.00,20230317
2023,03,18,2.67,2.67,2.00,2.33,2.33,1.00,2.33,1.33,20230318
2023,03,19,2.00,3.00,3.00,2.00,1.67,2.33,2.67,1.67,20230319
2023,03,20,3.00,1.00,1.00,3.00,3.67,4.00,1.67,2.67,20230320
2023,03,21,3.00,1.33,2.00,2.00,1.33,2.67,1.67,2.33,20230321
2023,03,22,4.00,3.33,3.67,3.67,2.67,2.67,3.33,0.67,20230322
2023,03,23,1.33,1.67,3.67,4.33,7.00,5.00,6.00,7.33,20230323
2023,03,24,6.67,7.67,6.67,4.33,2.33,3.33,4.67,4.33,20230324
2023,03,25,3.00,2.67,4.00,3.67,2.67,2.33,2.67,2.67,20230325
2023,03,26,3.00,2.67,2.00,1.00,1.00,1.33,2.67,1.67,20230326
2023,03,27,1.33,0.67,0.67,0.33,0.33,0.67,1.00,1.33,20230327
2023,03,28,2.33,0.33,1.33,1.00,1.67,1.00,1.00,1.33,20230328
2023,03,29,2.33,0.67,0.67,1.33,1.67,1.33,1.33,2.33,20230329
2023,03,30,3.33,2.33,2.67,3.33,3.00,3.67,4.33,2.67,20230330
2023,03,31,4.33,4.67,3.00,3.67,2.67,2.33,3.00,3.67,20230331
2023,04,01,2.33,1.33,2.00,3.33,3.00,3.00,3.00,3.67,20230401
2023,04,02,4.00,3.67,3.00,3.00,2.33,1.00,2.00,3.33,20230402
2023,04,03,3.67,2.00,2.00,3.00,3.00,2.67,3.67,3.33,20230403
2023,04,04,3.67,3.67,2.33,2.67,2.33,1.00,2.00,3.00,20230404
2023,04,05,3.33,2.67,2.00,2.67,3.00,2.00,2.67,2.00,20230405
2023,04,06,2.33,1.67,1.33,3.00,2.00,1.00,3.33,2.00,20230406
2023,04,07,3.00,2.67,2.00,1.67,2.00,1.00,1.67,1.67,20230407
2023,04,08,1.67,2.33,1.33,2.33,1.33,1.33,0.67,2.00,20230408
2023,04,09,3.00,0.67,1.33,1.33,1.33,1.33,1.00,2.00,20230409
2023,04,10,3.00,3.33,3.67,3.00,3.00,3.00,1.33,1.67,20230410
2023,04,11,1.00,1.33,3.00,1.33,1.33,1.33,1.33,0.67,20230411
2023,04,12,1.00,1.00,1.67,0.67,1.67,1.00,0.67,1.33,20230412
2023,04,13,2.67,2.00,1.00,0.33,1.00,2.00,1.67,1.67,20230413
2023,04,14,2.00,0.67,1.67,2.33,2.67,1.67,1.33,2.33,20230414
2023,04,15,2.67,1.67,2.67,2.33,2.67,1.67,1.33,2.00,20230415
2023,04,16,1.33,1.00,2.00,1.33,1.00,0.33,0.33,1.00,20230416
2023,04,17,1.67,1.33,2.00,2.00,1.33,1.67,0.67,1.33,20230417
2023,04,18,1.00,1.00,0.67,0.67,3.67,4.33,3.67,3.00,20230418
2023,04,19,2.67,1.33,2.00,3.67,4.00,3.00,1.67,1.00,20230419
2023,04,20,1.00,1.33,1.67,0.67,1.67,2.33,0.67,2.00,20230420
2023,04,21,2.67,1.33,1.67,2.00,1.67,2.67,3.00,2.33,20230421
2023,04,22,2.00,3.00,1.67,0.67,1.00,1.33,1.00,2.33,20230422
2023,04,23,2.33,1.67,1.67,3.67,5.00,5.00,8.00,7.67,20230423
2023,04,24,7.00,8.00,6.67,6.33,3.67,3.00,2.00,3.33,20230424
2023,04,25,2.67,1.67,1.33,1.33,2.67,2.33,3.33,2.33,20230425
2023,04,26,2.67,3.33,2.00,2.67,3.33,3.00,3.67,3.00,20230426
2023,04,27,4.33,4.33,3.33,3.33,3.67,4.33,3.00,3.33,20230427
2023,04,28,3.33,4.00,2.67,3.00,3.00,4.00,3.00,3.67,20230428
2023,04,29,3.33,3.33,4.00,4.00,3.67,3.33,3.00,2.67,20230429
2023,04,30,3.00,3.00,3.33,1.67,1.67,1.67,1.00,1.67,20230430
2023,05,01,2.67,1.33,2.67,1.67,1.67,2.00,2.33,3.67,20230501
2023,05,02,3.00,3.00,1.67,3.00,1.67,1.00,1.67,1.00,20230502
2023,05,03,0.33,0.67,0.67,1.00,1.33,1.00,0.67,1.67,20230503
2023,05,04,1.33,1.67,2.33,1.00,1.33,2.00,1.67,2.00,20230504
2023,05,05,2.00,1.33,1.00,1.00,1.00,1.00,0.67,1.33,20230505
2023,05,06,4.67,6.00,3.67,4.33,4.00,3.00,3.00,2.00,20230506
2023,05,07,1.33,2.00,2.00,2.00,2.00,3.67,1.67,2.67,20230507
2023,05,08,4.67,2.00,2.00,1.67,3.33,3.67,2.33,3.33,20230508
2023,05,09,3.67,3.00,1.33,1.67,2.33,2.00,1.33,4.67,20230509
2023,05,10,4.33,5.33,2.33,3.67,5.00,3.33,2.00,3.00,20230510
2023,05,11,3.00,3.00,2.33,1.67,1.67,1.67,1.67,2.67,20230511
2023,05,12,2.33,3.67,3.00,2.33,5.33,3.33,2.33,2.67,20230512
2023,05,13,2.67,2.00,2.33,1.00,1.67,2.33,3.67,4.33,20230513
2023,05,14,1.33,2.00,1.33,0.67,2.00,3.00,2.33,2.33,20230514
2023,05,15,1.00,1.00,1.00,0.33,1.33,1.67,2.67,2.00,20230515
2023,05,16,2.67,2.33,3.00,1.33,1.67,1.33,1.67,1.67,20230516
2023,05,17,1.33,1.33,0.67,1.00,1.00,1.00,1.00,1.00,20230517
2023,05,18,0.67,1.33,0.67,1.00,1.00,0.33,0.67,0.67,20230518
2023,05,19,0.67,0.33,1.00,1.00,1.67,1.67,3.00,4.33,20230519
2023,05,20,5.67,5.67,4.67,4.33,3.67,3.33,3.00,3.33,20230520
2023,05,21,2.67,2.67,2.00,2.00,2.67,4.00,5.67,6.00,20230521
2023,05,22,4.67,3.33,3.00,3.00,3.00,3.00,4.00,4.00,20230522
2023,05,23,2.67,3.00,3.00,2.33,1.00,1.33,3.00,3.67,20230523
2023,05,24,2.67,3.00,1.67,2.33,2.67,2.67,3.00,3.00,20230524
2023,05,25,3.00,2.67,3.00,3.00,2.00,1.67,2.67,2.00,20230525
2023,05,26,2.00,2.00,1.67,1.00,1.33,1.33,1.33,1.67,20230526
2023,05,27,1.00,1.33,1.00,1.00,1.00,1.00,0.67,2.00,20230527
2023,05,28,3.00,3.00,2.67,2.33,3.33,1.33,1.33,1.67,20230528
2023,05,29,0.67,1.00,1.33,1.00,1.00,1.00,1.00,1.67,20230529
2023,05,30,1.00,1.00,1.67,1.33,1.33,0.67,1.33,2.00,20230530
2023,05,31,2.33,1.67,3.00,2.00,1.67,2.67,2.67,3.00,20230531
2023,06,01,3.67,2.67,3.33,2.33,3.33,2.67,2.00,2.33,20230601
2023,06,02,2.00,1.67,2.00,1.00,1.00,0.67,1.00,1.67,20230602
2023,06,03,1.67,1.67,1.00,1.67,0.67,0.33,1.00,2.00,20230603
2023,06,04,2.33,1.67,2.33,2.67,1.67,1.67,4.00,2.33,20230604
2023,06,05,1.00,1.33,1.33,2.33,1.00,0.67,1.33,1.67,20230605
2023,06,06,2.67,2.33,1.33,2.33,2.00,1.00,1.00,1.00,20230606
2023,06,07,0.67,1.00,1.00,1.67,1.00,0.67,0.33,2.67,20230607
2023,06,08,2.00,1.67,1.33,1.67,1.67,1.00,1.00,0.67,20230608
2023,06,09,1.00,1.00,1.00,0.67,0.67,1.00,2.00,1.67,20230609
2023,06,10,1.33,0.67,1.33,1.67,1.00,1.33,1.67,1.33,20230610
2023,06,11,2.67,2.67,2.33,1.67,2.00,2.67,1.67,1.67,20230611
2023,06,12,2.00,1.33,1.33,1.33,2.67,1.67,1.67,1.33,20230612
2023,06,13,1.67,1.67,2.00,1.67,1.67,2.33,1.00,1.33,20230613
2023,06,14,2.67,1.33,1.33,1.00,1.00,0.67,0.67,1.00,20230614
2023,06,15,1.33,1.67,1.67,1.67,4.33,4.33,4.67,5.67,20230615
2023,06,16,5.00,6.33,4.67,5.00,4.00,3.00,3.33,3.33,20230616
2023,06,17,2.33,2.67,2.00,2.33,2.00,2.33,2.00,2.00,20230617
2023,06,18,2.67,2.67,1.67,2.67,1.67,2.00,3.00,2.33,20230618
2023,06,19,2.67,2.00,2.00,2.33,2.33,2.67,2.67,3.00,20230619
2023,06,20,3.00,2.67,1.67,2.33,2.33,2.67,1.67,2.67,20230620
2023,06,21,2.67,2.00,1.67,1.00,1.67,1.00,1.00,3.33,20230621
2023,06,22,1.00,1.33,2.67,2.67,2.33,1.67,2.00,2.33,20230622
2023,06,23,2.00,2.33,2.00,2.67,2.00,2.33,2.33,2.33,20230623
2023,06,24,1.67,3.00,2.67,2.67,2.67,3.00,4.00,4.33,20230624
2023,06,25,5.00,2.33,2.00,1.33,2.33,2.67,3.00,3.00,20230625
2023,06,26,2.67,2.33,2.33,2.67,2.67,3.00,1.67,3.00,20230626
2023,06,27,2.33,2.00,2.67,2.33,2.00,2.00,1.67,2.33,20230627
2023,06,28,2.33,2.33,2.00,2.33,1.67,1.33,1.67,2.33,20230628
2023,06,29,2.67,3.00,3.00,3.33,2.00,4.00,3.67,3.67,20230629
2023,06,30,3.33,1.67,2.33,2.00,2.67,1.67,0.67,0.33,20230630
2023,07,01,2.00,1.67,1.33,1.00,1.00,1.00,1.33,2.00,20230701
2023,07,02,1.33,1.33,1.67,2.00,2.00,1.33,0.67,1.00,20230702
2023,07,03,1.67,1.33,1.33,1.00,1.33,1.33,1.33,1.33,20230703
2023,07,04,1.33,1.33,1.33,1.00,1.00,0.67,1.00,1.00,20230704
2023,07,05,1.67,0.67,1.00,1.00,1.67,2.67,1.67,2.67,20230705
2023,07,06,2.33,2.33,2.00,3.00,3.00,2.33,2.33,3.00,20230706
2023,07,07,3.33,2.67,3.67,4.00,3.33,2.67,3.33,3.33,20230707
2023,07,08,4.00,2.33,1.33,1.33,1.00,1.00,1.00,1.00,20230708
2023,07,09,1.00,0.67,0.33,1.33,1.33,1.33,0.67,1.33,20230709
2023,07,10,1.67,1.67,1.00,1.67,1.00,1.33,1.00,1.00,20230710
2023,07,11,2.00,1.33,3.00,1.67,2.33,2.00,1.67,1.67,20230711
2023,07,12,2.33,1.33,1.33,1.67,1.67,2.00,2.00,1.33,20230712
2023,07,13,2.00,1.33,1.67,1.00,1.67,3.00,2.00,2.00,20230713
2023,07,14,3.33,3.67,3.33,2.00,3.00,4.00,4.33,3.67,20230714
2023,07,15,2.67,2.00,1.67,2.67,2.33,0.67,1.67,1.33,20230715
2023,07,16,1.00,0.67,1.00,1.00,1.33,1.00,3.00,4.67,20230716
2023,07,17,3.00,2.00,4.33,4.33,3.33,2.33,4.67,4.67,20230717
2023,07,18,4.67,3.00,2.33,2.00,3.33,1.33,3.67,2.67,20230718
2023,07,19,1.33,1.33,1.33,1.67,2.00,1.00,1.00,1.00,20230719
2023,07,20,1.00,1.33,0.67,1.33,1.67,4.00,3.67,2.00,20230720
2023,07,21,2.67,3.33,2.33,2.00,1.33,2.00,2.67,4.33,20230721
2023,07,22,3.33,2.67,2.33,2.33,2.00,0.67,1.00,1.67,20230722
2023,07,23,0.67,1.33,1.67,1.67,1.33,2.33,2.33,2.00,20230723
2023,07,24,2.33,1.33,1.00,1.33,2.33,1.00,1.67,2.67,20230724
2023,07,25,1.33,1.00,2.00,1.67,2.33,2.00,2.33,4.67,20230725
2023,07,26,3.67,4.67,4.33,3.67,3.33,2.67,2.33,2.67,20230726
2023,07,27,2.33,1.67,1.67,1.67,1.67,2.00,2.00,1.33,20230727
2023,07,28,0.67,0.67,0.67,0.67,2.33,1.33,2.67,2.67,20230728
2023,07,29,2.33,2.33,1.00,1.67,3.00,2.67,2.33,2.00,20230729
2023,07,30,1.00,2.67,2.00,2.33,3.00,2.00,2.67,2.00,20230730
2023,07,31,1.67,1.33,2.00,2.00,2.00,2.00,0.67,1.67,20230731
2023,08,01,2.33,1.67,1.00,1.67,3.33,2.67,2.33,2.00,20230801
2023,08,02,1.67,1.67,2.00,3.33,4.00,3.67,2.00,1.33,20230802
2023,08,03,2.00,2.00,1.33,2.67,2.00,1.67,0.67,0.00,20230803
2023,08,04,0.33,1.00,2.00,1.67,2.67,3.67,3.67,4.33,20230804
2023,08,05,4.67,6.67,5.33,5.00,3.00,2.00,1.67,1.33,20230805
2023,08,06,1.00,1.00,1.00,0.67,0.33,1.00,1.33,0.67,20230806
2023,08,07,3.33,2.33,1.33,1.33,2.67,1.33,3.00,4.00,20230807
2023,08,08,4.00,1.67,1.33,1.67,1.33,1.67,1.67,1.33,20230808
2023,08,09,2.00,1.33,2.00,1.33,2.33,1.67,1.67,2.67,20230809
2023,08,10,2.00,2.00,1.67,2.00,2.00,2.67,1.67,2.00,20230810
2023,08,11,2.00,1.00,1.33,1.33,1.33,1.33,1.33,1.33,20230811
2023,08,12,2.00,3.00,2.33,1.33,2.00,1.33,2.00,1.67,20230812
2023,08,13,2.00,1.67,0.67,1.33,1.33,0.67,1.00,2.33,20230813
2023,08,14,1.67,1.33,1.00,1.00,1.67,0.67,1.67,1.33,20230814
2023,08,15,1.00,1.33,0.67,1.00,1.67,0.67,1.00,1.67,20230815
2023,08,16,1.67,1.00,1.33,2.33,2.67,3.33,1.67,1.67,20230816
2023,08,17,2.67,1.67,2.67,1.00,2.00,1.67,2.00,2.00,20230817
2023,08,18,2.00,2.67,3.00,3.00,2.00,2.00,2.33,3.00,20230818
2023,08,19,2.33,1.33,1.33,2.00,2.00,1.33,3.33,2.33,20230819
2023,08,20,3.33,3.00,2.00,2.67,1.67,1.67,2.00,3.00,20230820
2023,08,21,2.33,2.00,3.00,2.33,2.67,1.67,2.00,1.67,20230821
2023,08,22,2.33,3.00,2.67,1.67,1.67,0.67,1.00,2.00,20230822
2023,08,23,1.67,1.00,0.33,0.67,1.00,0.33,1.00,1.67,20230823
2023,08,24,0.67,1.33,1.33,1.33,2.00,3.33,3.00,2.67,20230824
2023,08,25,2.33,1.33,1.00,1.33,1.67,1.33,1.67,0.67,20230825
2023,08,26,1.67,2.33,2.67,1.67,1.67,2.00,1.33,2.00,20230826
2023,08,27,3.67,3.33,2.67,1.33,1.67,1.67,2.67,1.00,20230827
2023,08,28,2.00,2.00,2.00,2.00,1.67,1.67,2.00,1.00,20230828
2023,08,29,0.67,0.67,0.67,2.00,2.33,0.67,1.00,2.00,20230829
2023,08,30,2.33,1.33,1.33,2.00,2.33,1.33,2.00,1.00,20230830
2023,08,31,1.00,1.67,2.00,2.33,1.00,1.33,1.67,1.67,20230831
2023,09,01,3.00,2.67,2.67,3.33,3.00,2.33,2.67,1.67,20230901
2023,09,02,3.33,4.33,5.33,5.00,4.67,4.33,4.33,5.00,20230902
2023,09,03,5.67,3.33,4.67,3.67,3.33,3.00,1.67,3.00,20230903
2023,09,04,2.67,2.67,2.00,1.33,1.67,2.00,1.67,1.33,20230904
2023,09,05,1.33,1.33,1.33,1.33,1.67,3.67,4.00,2.33,20230905
2023,09,06,2.00,1.00,2.33,1.33,3.00,2.67,1.00,1.00,20230906
2023,09,07,2.67,1.33,1.33,1.33,1.67,1.33,1.67,2.00,20230907
2023,09,08,3.00,1.33,0.33,0.67,1.33,2.00,1.33,1.00,20230908
2023,09,09,3.00,1.67,1.00,2.00,2.67,2.67,0.33,0.67,20230909
2023,09,10,2.00,0.67,0.67,0.67,0.67,1.33,1.00,1.33,20230910
2023,09,11,2.33,1.67,1.67,1.67,2.00,1.67,1.67,2.00,20230911
2023,09,12,1.67,1.00,1.33,3.00,5.33,5.67,3.33,4.00,20230912
2023,09,13,4.67,3.67,2.67,2.67,3.00,3.00,2.00,3.00,20230913
2023,09,14,4.33,2.67,3.00,2.00,1.67,2.33,4.00,4.33,20230914
2023,09,15,2.67,2.00,1.00,0.33,1.67,2.00,1.33,2.67,20230915
2023,09,16,2.00,0.67,1.00,1.00,0.67,1.33,3.00,2.67,20230916
2023,09,17,3.33,3.67,3.00,3.33,2.67,2.67,3.33,3.00,20230917
2023,09,18,4.67,4.00,2.67,2.00,4.33,4.67,5.00,4.33,20230918
2023,09,19,5.67,6.67,4.33,4.33,5.33,5.33,3.67,3.00,20230919
2023,09,20,3.67,3.33,3.67,3.00,2.33,2.00,3.00,3.67,20230920
2023,09,21,2.67,2.67,2.33,1.67,2.33,2.67,2.00,2.33,20230921
2023,09,22,2.00,1.33,2.67,2.33,2.00,2.67,2.00,2.00,20230922
2023,09,23,3.00,2.67,2.00,2.67,2.33,1.33,2.00,2.33,20230923
2023,09,24,2.00,2.00,2.00,2.00,1.00,0.33,5.67,5.67,20230924
2023,09,25,5.33,5.00,3.33,3.33,3.67,2.33,2.33,2.00,20230925
2023,09,26,3.33,4.33,4.67,5.33,5.33,3.67,3.33,3.33,20230926
2023,09,27,4.00,3.00,3.33,3.33,3.00,3.00,2.33,1.00,20230927
2023,09,28,1.67,3.00,0.67,1.67,0.67,0.67,0.67,2.33,20230928
2023,09,29,2.33,2.33,3.67,4.00,3.33,1.33,1.00,1.33,20230929
2023,09,30,1.67,2.33,3.00,2.33,2.33,2.00,2.33,3.00,20230930
2023,10,01,4.00,2.00,2.00,2.00,2.00,1.00,1.33,1.67,20231001
2023,10,02,3.00,3.33,1.00,2.33,1.67,1.67,1.67,2.33,20231002
2023,10,03,1.33,2.67,1.67,1.33,2.33,2.33,2.33,1.67,20231003
2023,10,04,2.67,2.33,2.67,2.67,2.00,1.67,2.00,3.33,20231004
2023,10,05,4.33,5.00,2.33,3.00,2.00,1.00,1.33,2.33,20231005
2023,10,06,2.33,2.67,2.33,1.67,1.33,1.67,1.00,3.33,20231006
2023,10,07,1.33,2.00,1.33,0.67,0.33,0.33,1.67,1.67,20231007
2023,10,08,2.00,2.00,2.33,1.67,0.67,1.00,1.67,2.67,20231008
2023,10,09,2.33,1.33,2.00,1.67,2.00,2.00,3.33,1.67,20231009
2023,10,10,1.00,2.00,1.67,1.67,0.33,0.67,0.67,0.33,20231010
2023,10,11,0.67,0.67,1.33,1.33,1.00,1.00,0.67,1.00,20231011
2023,10,12,1.33,1.00,1.33,1.00,0.67,1.00,0.67,1.00,20231012
2023,10,13,1.00,2.67,3.33,2.67,3.00,3.67,2.67,2.33,20231013
2023,10,14,2.00,1.67,2.00,3.00,1.67,1.00,2.67,1.00,20231014
2023,10,15,0.67,0.33,1.00,0.67,0.67,0.67,1.00,2.00,20231015
2023,10,16,2.00,0.33,0.67,1.00,1.33,0.67,0.33,0.33,20231016
2023,10,17,0.67,0.33,0.67,1.00,1.00,0.33,0.00,0.67,20231017
2023,10,18,0.33,2.00,1.33,2.33,3.00,3.00,2.33,2.33,20231018
2023,10,19,2.67,3.67,2.33,2.67,1.67,1.67,1.67,1.00,20231019
2023,10,20,1.33,2.33,2.33,2.33,2.00,1.00,2.33,2.67,20231020
2023,10,21,4.00,4.67,5.00,3.33,2.67,3.33,1.67,1.00,20231021
2023,10,22,2.33,1.67,2.33,2.33,1.33,1.67,3.00,1.67,20231022
2023,10,23,1.00,0.33,0.33,0.33,1.00,0.67,0.67,0.67,20231023
2023,10,24,0.33,0.33,0.67,1.33,0.67,1.00,1.33,1.33,20231024
2023,10,25,0.67,1.00,0.33,0.67,1.00,0.67,1.33,1.67,20231025
2023,10,26,2.67,2.67,2.00,4.67,4.00,3.33,4.33,4.67,20231026
2023,10,27,3.33,4.00,2.67,2.33,1.67,1.67,1.33,1.00,20231027
2023,10,28,1.00,3.00,3.33,4.00,4.33,3.33,3.00,3.67,20231028
2023,10,29,4.67,3.67,4.67,3.67,4.00,4.00,3.33,4.00,20231029
2023,10,30,4.00,2.00,1.33,3.33,3.33,1.67,2.33,2.33,20231030
2023,10,31,2.67,2.33,2.00,2.67,2.67,1.33,1.67,2.00,20231031
2023,11,01,2.33,2.67,2.33,2.67,2.33,2.00,1.33,1.67,20231101
2023,11,02,2.67,2.67,2.00,1.67,1.33,1.33,1.33,1.33,20231102
2023,11,03,1.00,1.00,1.67,1.33,1.00,0.33,0.67,0.67,20231103
2023,11,04,1.00,1.00,2.00,1.00,1.67,3.00,4.67,4.33,20231104
2023,11,05,3.00,2.33,1.33,6.00,6.00,7.00,6.33,4.67,20231105
2023,11,06,4.33,5.67,4.67,4.33,2.67,4.67,5.33,4.67,20231106
2023,11,07,4.67,4.33,2.33,2.33,2.67,3.33,3.00,2.67,20231107
2023,11,08,2.67,4.00,3.00,3.33,1.33,2.33,4.00,3.33,20231108
2023,11,09,2.67,2.33,3.33,2.67,2.00,2.00,2.67,3.00,20231109
2023,11,10,2.33,3.67,2.67,2.00,2.33,1.67,1.00,2.00,20231110
2023,11,11,2.00,1.33,1.67,1.00,1.00,1.00,1.00,0.67,20231111
2023,11,12,0.67,1.33,4.00,2.67,2.33,1.67,1.33,3.00,20231112
2023,11,13,5.00,3.67,1.67,1.67,3.00,3.00,2.00,1.33,20231113
2023,11,14,2.33,1.00,0.33,1.00,1.33,3.00,2.33,0.67,20231114
2023,11,15,2.33,1.67,2.33,2.00,3.33,3.33,3.33,2.67,20231115
2023,11,16,1.67,1.00,2.67,2.00,2.33,2.33,1.33,2.33,20231116
2023,11,17,0.67,0.33,0.33,0.67,0.67,1.67,1.33,0.33,20231117
2023,11,18,0.33,1.00,0.67,1.00,0.67,0.33,1.00,1.33,20231118
2023,11,19,0.67,0.33,1.67,1.67,0.67,0.67,1.33,1.00,20231119
2023,11,20,1.00,1.00,2.00,2.00,1.67,1.33,1.33,1.00,20231120
2023,11,21,1.33,2.33,4.33,3.33,3.67,3.67,3.00,3.67,20231121
2023,11,22,4.00,5.00,5.00,4.33,3.33,4.00,4.00,2.67,20231122
2023,11,23,2.67,2.33,2.67,1.33,1.67,0.67,0.67,0.67,20231123
2023,11,24,1.67,1.67,1.33,1.33,2.00,1.67,2.33,2.67,20231124
2023,11,25,3.00,3.00,4.67,4.67,5.00,4.67,6.00,4.00,20231125
2023,11,26,4.00,2.33,3.33,2.00,2.00,0.67,1.33,1.67,20231126
2023,11,27,1.33,1.67,2.33,1.33,2.00,2.33,1.33,2.00,20231127
2023,11,28,2.00,2.00,2.00,2.00,1.67,2.00,2.00,1.67,20231128
2023,11,29,1.00,2.00,2.00,1.33,1.67,1.00,2.00,0.67,20231129
2023,11,30,1.67,2.00,1.33,1.33,1.67,1.00,1.33,0.33,20231130
2023,12,01,4.33,4.00,4.00,7.00,6.33,4.67,5.00,5.00,20231201
2023,12,02,5.33,4.00,2.00,1.00,1.00,1.67,1.33,1.67,20231202
2023,12,03,2.67,3.00,3.00,1.67,2.33,3.33,2.00,2.33,20231203
2023,12,04,2.33,2.33,3.00,2.67,2.33,2.33,2.00,1.33,20231204
2023,12,05,3.33,3.33,2.67,3.33,3.00,3.00,2.33,3.00,20231205
2023,12,06,2.67,2.67,2.67,2.33,2.67,2.67,2.00,2.00,20231206
2023,12,07,1.33,0.67,1.33,1.00,0.67,0.67,2.00,2.33,20231207
2023,12,08,1.00,0.33,1.33,1.33,0.67,1.67,1.67,1.33,20231208
2023,12,09,0.33,0.33,1.00,0.67,0.33,0.67,0.67,0.33,20231209
2023,12,10,0.67,1.33,1.00,0.33,1.00,1.00,1.33,1.00,20231210
2023,12,11,0.67,1.33,1.00,0.33,0.67,0.67,0.33,0.33,20231211
2023,12,12,0.33,2.00,1.33,1.00,4.00,3.67,2.33,1.33,20231212
2023,12,13,0.67,2.00,1.67,1.67,2.00,2.67,2.33,3.00,20231213
2023,12,14,4.00,4.00,3.33,3.67,2.67,2.00,1.33,2.33,20231214
2023,12,15,2.00,1.33,1.33,2.67,3.33,3.00,3.33,3.33,20231215
2023,12,16,3.33,4.00,3.00,1.67,2.33,1.00,3.00,3.00,20231216
2023,12,17,3.67,4.33,4.33,4.67,5.33,5.33,3.33,4.33,20231217
2023,12,18,2.67,3.33,6.00,4.00,3.33,3.00,2.67,4.67,20231218
2023,12,19,3.67,3.67,2.67,1.67,1.67,2.33,2.00,2.67,20231219
2023,12,20,4.00,3.33,2.33,2.00,2.33,2.33,1.67,1.00,20231220
2023,12,21,2.67,0.67,0.67,2.33,0.67,1.00,0.67,0.33,20231221
2023,12,22,0.67,1.33,1.67,0.67,0.33,1.00,0.67,0.67,20231222
2023,12,23,0.67,1.00,2.67,1.33,2.00,2.67,1.00,1.33,20231223
2023,12,24,2.67,2.67,2.67,3.00,2.00,1.67,1.33,1.00,20231224
2023,12,25,0.33,1.00,1.00,0.67,0.33,1.33,1.67,0.67,20231225
2023,12,26,0.33,1.67,1.67,2.00,1.67,1.33,1.33,0.33,20231226
2023,12,27,1.67,1.33,1.33,1.67,0.67,1.00,0.67,0.67,20231227
2023,12,28,0.33,0.33,1.33,0.33,0.33,0.67,0.33,2.00,20231228
2023,12,29,1.00,1.67,1.67,2.33,1.67,1.00,1.67,2.33,20231229
2023,12,30,1.00,2.33,1.00,1.00,1.00,1.33,1.00,0.33,20231230
2023,12,31,0.33,1.00,0.67,0.67,0.67,1.00,1.33,1.33,20231231
2024,01,01,0.33,1.00,1.00,1.67,2.00,2.67,3.00,4.00,20240101
2024,01,02,2.67,2.67,1.00,2.00,2.33,2.67,1.33,1.00,20240102
2024,01,03,2.67,2.67,1.67,2.00,2.00,2.67,3.00,3.00,20240103
2024,01,04,2.33,0.67,1.67,1.00,0.67,1.33,1.00,2.67,20240104
2024,01,05,2.33,1.33,0.33,1.33,1.33,2.00,0.67,1.33,20240105
2024,01,06,0.67,1.33,0.00,0.33,0.33,0.33,0.67,1.00,20240106
2024,01,07,0.33,0.00,0.67,0.67,0.67,1.00,0.67,0.33,20240107
2024,01,08,0.33,0.67,0.33,0.67,2.00,1.33,1.67,1.67,20240108
2024,01,09,2.00,1.67,2.67,1.00,1.33,1.67,0.67,1.00,20240109
2024,01,10,1.67,2.00,1.33,2.33,2.33,1.67,2.33,2.00,20240110
2024,01,11,1.00,1.33,2.33,2.00,2.33,1.33,1.00,1.67,20240111
2024,01,12,0.67,1.33,1.33,1.33,0.67,1.33,1.00,1.00,20240112
2024,01,13,0.67,0.33,0.33,1.33,1.00,1.00,1.00,0.67,20240113
2024,01,14,1.00,1.33,1.67,2.00,1.67,2.00,2.00,2.33,20240114
2024,01,15,1.00,0.67,1.67,1.67,2.33,0.67,2.00,1.67,20240115
2024,01,16,3.00,2.33,1.00,0.67,1.00,1.00,1.33,0.67,20240116
2024,01,17,0.67,0.67,1.33,0.67,0.67,1.00,1.00,1.33,20240117
2024,01,18,1.00,1.00,2.00,2.00,1.67,1.33,2.00,2.00,20240118
2024,01,19,1.33,3.00,2.33,1.33,1.67,2.00,1.67,2.00,20240119
2024,01,20,1.33,2.33,1.33,1.33,2.33,2.00,1.00,1.67,20240120
2024,01,21,0.67,1.67,2.00,2.67,2.00,0.67,1.00,1.33,20240121
2024,01,22,0.67,0.67,1.33,1.00,2.00,2.33,3.33,3.67,20240122
2024,01,23,2.33,2.67,2.00,1.33,1.67,1.33,1.33,2.00,20240123
2024,01,24,3.67,3.00,3.33,1.67,1.67,1.00,0.67,1.00,20240124
2024,01,25,0.67,1.00,1.00,1.67,2.33,2.00,1.67,2.00,20240125
2024,01,26,1.00,1.33,0.33,0.67,2.67,2.00,1.67,2.33,20240126
2024,01,27,2.67,1.33,1.33,1.33,0.67,1.33,1.00,1.00,20240127
2024,01,28,1.33,1.00,2.00,2.00,2.00,1.67,3.00,3.00,20240128
2024,01,29,3.00,1.67,1.33,1.00,2.33,2.33,2.33,2.67,20240129
2024,01,30,2.33,3.00,2.33,1.67,1.33,1.00,2.33,2.00,20240130
2024,01,31,2.00,2.33,1.33,1.67,1.67,2.00,1.67,1.00,20240131
2024,02,01,1.00,1.33,2.00,2.00,1.00,1.67,1.67,0.67,20240201
2024,02,02,0.67,0.33,1.33,1.33,0.67,0.67,0.33,0.00,20240202
2024,02,03,0.33,1.33,1.00,0.67,0.00,0.67,0.67,0.67,20240203
2024,02,04,0.67,1.33,1.00,1.67,0.67,1.67,2.00,3.00,20240204
2024,02,05,0.67,0.67,2.33,1.67,2.00,2.33,2.00,2.67,20240205
2024,02,06,3.00,2.33,1.67,2.00,2.00,1.67,2.00,1.00,20240206
2024,02,07,0.33,0.67,1.33,1.33,1.67,1.00,1.00,1.33,20240207
2024,02,08,1.00,1.00,1.33,1.67,2.00,1.67,2.00,0.67,20240208
2024,02,09,1.00,0.33,1.33,1.67,1.67,0.67,1.00,3.00,20240209
2024,02,10,1.00,1.33,1.33,2.00,1.67,1.00,1.00,1.67,20240210
2024,02,11,4.33,3.33,3.67,3.00,2.00,2.33,1.67,2.00,20240211
2024,02,12,1.67,1.33,2.00,0.33,0.33,0.67,0.67,0.67,20240212
2024,02,13,1.67,2.33,1.67,2.33,2.00,3.67,2.00,3.00,20240213
2024,02,14,3.33,3.00,1.33,1.33,0.67,0.67,0.67,1.67,20240214
2024,02,15,1.33,0.67,1.00,1.00,1.00,0.67,1.67,1.00,20240215
2024,02,16,1.33,0.67,0.67,1.67,2.00,1.00,0.33,1.33,20240216
2024,02,17,1.00,0.67,0.00,1.33,1.67,1.00,1.33,2.00,20240217
2024,02,18,3.33,2.00,1.00,1.67,1.00,0.00,1.00,0.33,20240218
2024,02,19,1.67,0.33,0.67,1.67,0.33,0.00,0.00,0.67,20240219
2024,02,20,1.00,0.33,2.00,1.67,1.67,1.33,1.67,3.00,20240220
2024,02,21,1.00,0.33,0.67,1.00,0.67,1.67,1.67,1.00,20240221
2024,02,22,2.00,2.33,2.00,2.00,1.33,0.67,1.67,1.33,20240222
2024,02,23,0.33,0.33,0.67,1.33,1.33,0.33,0.67,1.00,20240223
2024,02,24,1.00,0.67,0.67,1.67,2.33,2.67,2.33,2.67,20240224
2024,02,25,1.67,3.00,3.00,2.67,3.33,2.00,3.00,3.33,20240225
2024,02,26,3.33,3.00,2.67,2.67,2.67,1.67,1.67,2.33,20240226
2024,02,27,3.67,4.67,3.00,1.33,0.67,1.33,2.67,1.00,20240227
2024,02,28,1.67,1.33,1.67,2.33,1.33,0.67,1.33,1.33,20240228
2024,02,29,1.00,0.33,1.67,1.33,1.67,1.00,0.67,1.33,20240229
2024,03,01,3.00,3.00,3.00,1.67,1.67,2.00,2.00,1.00,20240301
2024,03,02,2.33,1.67,1.00,1.33,1.33,0.33,1.00,0.67,20240302
2024,03,03,2.67,1.00,0.67,3.33,5.33,5.00,5.67,4.00,20240303
2024,03,04,4.00,2.33,2.33,1.67,1.67,1.33,1.33,2.33,20240304
2024,03,05,2.67,1.00,2.33,1.67,1.67,1.33,2.00,1.00,20240305
2024,03,06,1.00,3.00,2.00,2.00,2.00,1.00,0.33,0.67,20240306
2024,03,07,3.00,2.00,2.33,2.67,1.67,2.67,3.33,3.00,20240307
2024,03,08,3.00,3.33,2.00,1.33,2.00,1.00,2.00,3.67,20240308
2024,03,09,4.00,3.33,2.67,2.00,2.67,1.67,2.67,1.67,20240309
2024,03,10,1.33,1.33,2.00,3.00,1.67,1.33,2.00,0.33,20240310
2024,03,11,1.00,1.00,2.33,1.67,1.00,0.67,0.33,0.67,20240311
2024,03,12,3.00,1.00,1.00,2.00,1.33,1.67,1.00,0.33,20240312
2024,03,13,1.33,0.67,3.33,2.67,2.33,3.00,2.00,1.00,20240313
2024,03,14,1.33,2.67,2.00,2.00,1.67,2.33,1.67,3.00,20240314
2024,03,15,3.67,2.33,2.00,2.00,1.00,1.00,1.00,0.67,20240315
2024,03,16,0.33,0.33,0.67,0.67,1.00,0.33,0.33,0.67,20240316
2024,03,17,0.33,0.67,0.67,1.00,0.67,0.67,0.00,0.33,20240317
2024,03,18,0.33,0.33,0.67,2.00,1.00,1.00,2.33,3.00,20240318
2024,03,19,3.00,2.33,2.67,2.67,1.67,1.00,1.67,1.67,20240319
2024,03,20,1.67,0.67,1.67,1.33,0.67,0.33,0.67,2.00,20240320
2024,03,21,3.33,2.33,3.33,2.67,5.00,5.00,4.67,4.00,20240321
2024,03,22,3.67,3.33,3.00,3.33,1.33,1.33,0.67,0.67,20240322
2024,03,23,2.67,5.00,4.67,4.00,4.00,4.00,4.67,5.67,20240323
2024,03,24,4.67,3.33,3.67,3.67,6.00,8.00,6.33,4.00,20240324
2024,03,25,4.33,5.00,3.33,3.67,4.00,3.00,2.33,1.67,20240325
2024,03,26,3.33,2.67,1.00,3.00,2.00,2.00,2.67,3.00,20240326
2024,03,27,3.00,1.33,2.00,1.67,1.33,1.00,1.00,2.00,20240327
2024,03,28,2.00,1.33,2.00,1.67,2.33,1.67,2.00,2.67,20240328
2024,03,29,2.00,2.00,1.67,2.33,1.67,1.00,0.67,0.33,20240329
2024,03,30,0.67,1.00,1.00,1.33,1.33,1.67,1.00,2.00,20240330
2024,03,31,3.67,2.00,2.33,1.67,1.33,1.33,1.33,2.33,20240331
2024,04,01,2.00,3.33,3.67,2.00,1.67,2.33,2.33,1.67,20240401
2024,04,02,1.67,1.67,1.67,3.33,2.33,2.00,1.67,1.33,20240402
2024,04,03,3.00,2.33,1.67,1.33,1.67,1.33,0.67,1.33,20240403
2024,04,04,1.67,1.33,2.67,3.00,2.67,3.00,2.33,3.67,20240404
2024,04,05,2.33,3.33,3.00,3.33,2.67,2.00,2.00,2.33,20240405
2024,04,06,3.33,2.33,3.33,2.00,2.33,1.33,1.67,2.33,20240406
2024,04,07,1.67,2.00,1.00,2.00,1.67,1.33,1.33,1.67,20240407
2024,04,08,2.67,3.33,3.00,1.67,0.67,1.33,0.67,0.67,20240408
2024,04,09,0.67,2.67,3.00,3.00,2.67,1.67,2.00,3.00,20240409
2024,04,10,3.00,1.67,2.00,2.00,2.00,2.33,2.33,1.67,20240410
2024,04,11,2.33,2.67,0.67,1.00,1.33,1.33,1.33,1.00,20240411
2024,04,12,2.33,2.67,1.67,1.67,1.00,1.00,1.33,1.67,20240412
2024,04,13,2.00,2.33,0.67,1.00,1.33,1.67,0.67,1.33,20240413
2024,04,14,2.33,1.00,2.00,2.00,1.33,1.00,1.67,1.67,20240414
2024,04,15,2.33,2.00,0.67,1.67,1.00,2.00,2.33,3.00,20240415
2024,04,16,4.00,3.33,4.33,4.33,3.33,4.00,5.00,5.00,20240416
2024,04,17,3.00,1.33,1.33,1.67,1.67,1.67,1.67,2.00,20240417
2024,04,18,1.67,0.67,0.33,1.00,0.67,1.00,0.33,2.00,20240418
2024,04,19,2.33,1.33,4.33,4.33,4.67,5.00,7.00,4.33,20240419
2024,04,20,2.67,2.00,3.33,3.33,2.33,2.33,2.00,2.67,20240420
2024,04,21,3.00,3.00,3.33,3.33,4.00,3.67,3.67,3.00,20240421
2024,04,22,2.33,2.67,2.67,2.00,2.00,1.67,1.67,2.33,20240422
2024,04,23,2.00,1.00,2.33,2.00,2.00,1.67,2.67,2.33,20240423
2024,04,24,2.00,0.33,0.67,1.33,1.33,0.67,0.33,0.67,20240424
2024,04,25,0.67,0.33,0.00,1.33,1.00,1.00,0.67,1.33,20240425
2024,04,26,2.00,2.33,3.33,3.00,3.67,5.33,3.00,2.00,20240426
2024,04,27,3.00,3.00,2.00,1.33,3.33,2.67,3.00,2.67,20240427
2024,04,28,3.67,2.00,1.33,1.33,0.67,0.67,0.67,1.00,20240428
2024,04,29,2.00,1.33,2.00,1.33,1.33,1.33,2.33,1.33,20240429
2024,04,30,2.00,1.67,0.67,1.00,2.67,2.67,3.67,4.33,20240430
2024,05,01,3.67,2.33,1.67,0.67,1.00,1.33,2.67,1.67,20240501
2024,05,02,2.67,2.00,2.67,3.33,5.00,6.67,6.67,4.33,20240502
2024,05,03,4.33,3.33,1.33,1.67,1.33,1.00,1.67,2.00,20240503
2024,05,04,1.33,1.33,0.67,1.00,1.00,1.00,1.00,3.00,20240504
2024,05,05,2.00,1.33,2.33,2.33,1.67,1.67,3.33,4.33,20240505
2024,05,06,5.00,2.33,2.33,2.67,3.67,2.00,2.33,1.67,20240506
2024,05,07,2.00,2.00,1.33,2.00,2.33,2.33,1.67,1.67,20240507
2024,05,08,1.33,2.33,1.67,2.67,2.00,2.00,1.00,1.33,20240508
2024,05,09,1.00,2.00,1.00,2.33,1.33,1.33,2.33,2.33,20240509
2024,05,10,3.00,3.00,2.67,2.33,2.67,7.67,8.67,9.00,20240510
2024,05,11,9.00,8.33,8.67,9.00,8.67,8.33,7.33,7.33,20240511
2024,05,12,6.67,7.00,3.67,3.67,2.67,2.67,4.00,6.33,20240512
2024,05,13,5.67,6.00,4.00,2.67,3.33,2.67,2.67,3.00,20240513
2024,05,14,2.00,1.67,1.67,2.00,2.33,1.67,1.67,1.00,20240514
2024,05,15,1.67,2.00,2.67,2.33,2.33,1.67,3.00,2.67,20240515
2024,05,16,2.67,3.33,6.00,4.67,4.67,3.00,2.33,1.33,20240516
2024,05,17,2.00,2.67,2.00,2.00,3.33,5.00,6.00,5.33,20240517
2024,05,18,3.67,3.33,2.33,3.33,2.67,2.33,1.33,1.33,20240518
2024,05,19,1.33,2.67,1.67,2.33,3.00,2.00,2.33,1.67,20240519
2024,05,20,1.33,2.67,2.33,1.67,2.33,1.00,1.00,2.33,20240520
2024,05,21,2.00,1.67,1.33,2.67,3.00,2.67,1.67,1.67,20240521
2024,05,22,2.00,0.67,0.67,0.67,0.33,0.67,1.67,2.00,20240522
2024,05,23,1.00,2.00,1.67,2.33,2.67,2.00,2.33,4.00,20240523
2024,05,24,2.00,2.67,2.67,3.33,2.33,1.67,0.33,2.00,20240524
2024,05,25,1.67,1.67,1.33,0.67,1.33,2.00,1.33,2.67,20240525
2024,05,26,1.67,2.67,1.33,2.33,3.00,2.33,3.00,1.33,20240526
2024,05,27,1.33,1.00,2.33,3.00,2.33,1.33,1.00,2.67,20240527
2024,05,28,2.67,2.00,2.00,1.00,1.00,0.67,1.00,1.00,20240528
2024,05,29,0.67,1.33,2.00,1.67,1.33,2.00,2.33,2.00,20240529
2024,05,30,1.00,1.67,1.67,2.00,2.00,3.00,2.00,3.00,20240530
2024,05,31,2.67,4.67,2.67,1.67,2.33,2.00,1.67,1.67,20240531
2024,06,01,2.33,1.33,1.33,1.33,1.67,1.33,1.33,0.33,20240601
2024,06,02,1.00,1.00,1.00,1.33,1.33,1.00,1.67,2.33,20240602
2024,06,03,2.33,2.00,1.67,2.00,2.00,1.33,2.00,4.67,20240603
2024,06,04,2.67,3.00,2.67,2.00,1.67,1.00,0.33,0.67,20240604
2024,06,05,1.00,2.00,2.00,2.00,2.00,1.67,1.67,2.67,20240605
2024,06,06,2.00,2.00,2.67,1.67,1.67,1.00,0.33,1.00,20240606
2024,06,07,1.33,2.33,2.67,3.33,6.00,5.67,3.00,3.33,20240607
2024,06,08,4.33,3.33,3.00,2.67,2.00,3.00,1.67,1.67,20240608
2024,06,09,1.67,1.00,1.33,1.00,2.00,1.00,1.67,1.67,20240609
2024,06,10,1.67,1.00,1.33,1.33,1.00,3.67,4.33,2.00,20240610
2024,06,11,4.00,4.00,2.67,2.00,1.67,1.67,1.00,1.67,20240611
2024,06,12,1.33,0.67,1.33,1.33,1.67,1.67,1.33,1.67,20240612
2024,06,13,1.00,0.33,0.67,1.00,1.33,1.33,1.33,0.67,20240613
2024,06,14,1.00,1.33,2.00,2.00,1.33,0.67,1.67,2.33,20240614
2024,06,15,2.33,2.00,2.00,2.67,5.33,3.33,2.67,4.00,20240615
2024,06,16,3.00,1.33,0.00,3.33,3.33,2.67,4.00,2.00,20240616
2024,06,17,2.00,3.00,2.00,2.00,2.00,3.00,3.33,3.00,20240617
2024,06,18,2.00,2.67,2.67,2.67,3.00,2.67,1.67,1.67,20240618
2024,06,19,3.00,3.00,2.00,2.00,3.00,2.33,1.67,1.33,20240619
2024,06,20,2.00,1.67,1.67,1.67,2.00,1.33,2.00,2.33,20240620
2024,06,21,1.67,1.67,1.67,0.67,1.00,0.67,1.33,1.00,20240621
2024,06,22,1.67,1.00,0.67,0.67,1.33,1.00,0.67,1.67,20240622
2024,06,23,1.33,1.67,2.33,3.00,3.33,2.33,2.67,2.00,20240623
2024,06,24,1.67,1.33,0.67,1.33,1.33,1.00,1.00,2.00,20240624
2024,06,25,1.67,1.33,2.67,2.67,1.67,3.00,2.00,1.67,20240625
2024,06,26,1.67,1.67,2.67,3.00,2.67,2.33,2.33,1.67,20240626
2024,06,27,2.00,1.67,1.33,1.67,2.33,2.33,2.67,3.33,20240627
2024,06,28,4.33,4.33,3.67,6.00,7.67,5.33,5.00,3.67,20240628
2024,06,29,4.33,2.67,2.33,2.67,2.33,2.67,3.00,2.67,20240629
2024,06,30,2.67,2.67,1.67,2.33,3.00,3.33,2.00,2.00,20240630
2024,07,01,1.67,1.67,2.00,2.00,2.00,1.67,0.67,1.00,20240701
2024,07,02,1.33,1.67,1.33,1.33,1.67,0.67,1.33,1.33,20240702
2024,07,03,2.00,1.33,2.00,1.33,1.00,1.00,1.00,2.00,20240703
2024,07,04,2.00,2.33,1.67,1.33,2.00,3.00,3.00,2.67,20240704
2024,07,05,2.33,2.67,1.67,2.33,3.00,2.00,1.00,1.00,20240705
2024,07,06,1.00,1.00,0.67,0.67,0.67,0.67,0.33,1.00,20240706
2024,07,07,2.00,1.67,1.67,1.00,1.67,1.33,2.67,3.00,20240707
2024,07,08,2.33,2.33,2.00,3.00,3.33,2.00,1.67,2.00,20240708
2024,07,09,2.00,2.00,1.33,2.00,2.33,1.00,1.33,2.00,20240709
2024,07,10,2.00,1.67,1.33,1.67,1.33,1.67,1.33,2.33,20240710
2024,07,11,2.33,1.67,1.67,1.33,1.67,1.33,1.33,2.00,20240711
2024,07,12,2.33,1.67,2.00,1.33,1.00,1.00,1.00,1.00,20240712
2024,07,13,1.33,1.00,1.00,0.67,1.67,1.00,1.33,1.00,20240713
2024,07,14,1.00,1.00,1.00,2.00,1.67,0.67,1.67,2.00,20240714
2024,07,15,1.33,1.67,1.67,1.33,1.33,1.00,1.67,3.00,20240715
2024,07,16,3.33,2.00,2.33,1.67,2.00,2.67,2.33,2.33,20240716
2024,07,17,1.33,1.67,2.00,1.33,2.00,1.00,1.33,0.67,20240717
2024,07,18,1.00,1.00,1.67,1.67,1.33,1.33,1.00,1.00,20240718
2024,07,19,1.00,1.33,1.67,1.33,1.33,1.00,1.67,1.67,20240719
2024,07,20,2.33,2.00,2.00,2.00,1.33,2.00,2.33,1.33,20240720
2024,07,21,1.67,1.00,1.00,1.33,1.67,1.00,2.00,1.67,20240721
2024,07,22,2.00,1.33,2.33,3.00,2.67,1.33,2.67,2.00,20240722
2024,07,23,1.00,1.00,0.67,1.67,1.00,1.00,2.67,1.33,20240723
2024,07,24,2.00,1.67,1.67,2.00,1.67,1.33,1.33,2.00,20240724
2024,07,25,1.33,1.67,1.33,1.33,2.00,2.33,3.00,3.33,20240725
2024,07,26,3.67,4.67,4.00,3.00,3.67,4.33,3.00,2.67,20240726
2024,07,27,1.67,2.67,2.67,3.00,4.33,3.00,1.33,2.00,20240727
2024,07,28,1.67,1.33,2.00,1.67,2.00,1.33,2.67,2.00,20240728
2024,07,29,2.33,1.67,1.33,2.00,1.67,1.00,1.67,1.67,20240729
2024,07,30,4.33,5.00,4.00,4.33,3.00,3.33,1.67,2.00,20240730
2024,07,31,1.67,1.67,1.67,1.67,2.67,3.67,5.00,4.33,20240731
2024,08,01,5.00,4.67,3.67,3.00,3.33,3.00,2.67,2.00,20240801
2024,08,02,2.67,3.00,1.67,1.67,2.00,1.67,1.67,3.00,20240802
2024,08,03,1.67,2.67,1.00,2.33,2.67,2.33,2.33,3.00,20240803
2024,08,04,2.67,3.67,4.67,4.00,6.67,6.33,4.33,4.00,20240804
2024,08,05,2.33,3.00,3.33,2.33,2.33,1.67,1.67,2.00,20240805
2024,08,06,2.00,1.67,2.00,1.33,1.33,1.67,1.33,1.67,20240806
2024,08,07,1.33,2.00,1.33,2.33,2.33,1.33,1.33,2.33,20240807
2024,08,08,3.00,2.00,2.00,2.33,1.33,1.00,1.67,1.67,20240808
2024,08,09,2.33,2.33,1.33,2.00,2.00,1.67,1.33,1.67,20240809
2024,08,10,1.67,2.00,1.33,1.33,2.33,2.33,1.33,1.67,20240810
2024,08,11,2.33,2.33,4.67,4.00,4.67,4.33,4.00,4.67,20240811
2024,08,12,6.33,7.00,7.00,6.67,8.00,7.33,5.67,6.00,20240812
2024,08,13,4.67,3.33,2.33,1.67,1.67,1.33,3.33,4.33,20240813
2024,08,14,4.33,3.00,2.00,1.67,1.33,1.33,1.33,3.33,20240814
2024,08,15,2.33,1.00,0.67,1.00,2.00,0.67,1.67,2.67,20240815
2024,08,16,2.67,2.00,2.00,2.33,3.00,1.67,0.67,1.33,20240816
2024,08,17,1.33,1.00,1.33,1.67,3.33,6.67,4.67,5.33,20240817
2024,08,18,2.33,3.00,2.33,3.67,3.67,2.00,2.00,2.33,20240818
2024,08,19,1.33,1.67,1.00,2.00,3.33,2.33,3.00,3.33,20240819
2024,08,20,1.33,2.00,2.33,2.00,2.33,2.00,2.00,1.67,20240820
2024,08,21,3.33,1.67,2.33,2.00,2.33,2.00,1.67,1.33,20240821
2024,08,22,3.33,2.67,2.33,2.00,2.33,2.33,1.67,2.67,20240822
2024,08,23,2.33,1.67,2.67,1.67,2.00,1.00,1.67,1.67,20240823
2024,08,24,1.67,2.00,3.00,3.33,2.00,3.00,1.67,1.67,20240824
2024,08,25,2.33,2.33,2.67,1.67,1.33,0.67,1.00,1.67,20240825
2024,08,26,2.00,1.00,1.00,1.67,1.67,1.33,0.33,0.67,20240826
2024,08,27,1.00,1.00,2.67,2.00,2.67,2.67,2.67,3.67,20240827
2024,08,28,5.67,4.00,5.33,2.67,2.67,3.00,2.33,2.67,20240828
2024,08,29,2.00,1.33,1.33,0.67,2.00,0.67,0.33,1.33,20240829
2024,08,30,1.67,1.33,3.67,3.33,4.33,4.33,4.33,4.67,20240830
2024,08,31,4.33,4.00,4.67,2.00,3.00,4.67,4.00,3.33,20240831
2024,09,01,3.67,3.67,2.33,3.00,3.33,3.33,3.00,2.33,20240901
2024,09,02,2.33,2.00,2.00,1.67,2.00,2.67,2.00,1.33,20240902
2024,09,03,1.67,2.00,2.00,2.33,1.67,1.67,1.33,1.67,20240903
2024,09,04,1.33,1.00,2.00,4.00,4.33,3.00,1.67,2.33,20240904
2024,09,05,2.00,2.33,1.33,2.33,1.67,1.00,1.00,2.33,20240905
2024,09,06,1.33,0.67,2.00,3.00,3.00,1.00,1.33,2.00,20240906
2024,09,07,2.67,2.00,1.67,1.67,2.67,1.67,1.67,1.00,20240907
2024,09,08,2.67,2.33,1.33,2.00,2.67,2.00,2.67,2.33,20240908
2024,09,09,2.67,1.67,2.33,2.00,1.67,2.00,2.33,3.00,20240909
2024,09,10,2.67,2.00,1.67,1.67,1.33,1.00,2.67,1.67,20240910
2024,09,11,1.33,1.33,1.33,1.67,3.00,2.67,2.33,2.33,20240911
2024,09,12,2.00,4.00,5.33,5.67,7.00,6.33,6.67,4.67,20240912
2024,09,13,5.00,4.67,4.33,3.67,3.33,3.67,4.33,6.00,20240913
2024,09,14,4.00,3.67,2.67,4.33,4.33,2.33,3.00,3.33,20240914
2024,09,15,2.00,4.00,4.00,3.00,4.00,3.67,3.33,2.00,20240915
2024,09,16,3.67,4.00,4.00,4.33,4.00,2.33,1.67,4.33,20240916
2024,09,17,7.67,6.67,5.33,6.00,5.67,4.00,3.67,4.00,20240917
2024,09,18,4.00,2.33,1.67,2.00,2.00,2.00,1.00,4.00,20240918
2024,09,19,4.67,2.67,2.00,3.33,4.00,4.33,3.33,2.00,20240919
2024,09,20,1.33,1.33,1.00,1.67,2.00,1.00,1.33,3.33,20240920
2024,09,21,2.00,2.00,2.00,1.33,1.33,1.33,2.00,1.00,20240921
2024,09,22,1.33,0.67,0.33,2.00,1.33,2.00,1.67,1.00,20240922
2024,09,23,1.67,1.00,1.67,3.33,3.67,4.33,2.33,1.00,20240923
2024,09,24,3.67,2.67,2.33,3.00,2.67,2.33,3.33,4.67,20240924
2024,09,25,4.33,5.00,4.00,4.33,4.00,4.67,3.67,4.00,20240925
2024,09,26,4.33,3.67,2.33,2.33,3.00,1.67,1.67,0.67,20240926
2024,09,27,1.67,2.67,2.33,2.33,2.33,1.00,0.67,0.00,20240927
2024,09,28,0.33,0.33,1.33,2.00,2.00,3.00,1.67,2.33,20240928
2024,09,29,3.33,2.67,3.33,3.33,3.33,2.33,3.00,3.33,20240929
2024,09,30,4.33,2.00,1.33,1.00,1.67,2.00,2.67,2.67,20240930
2024,10,01,2.33,2.33,1.67,1.00,1.33,2.00,1.67,1.33,20241001
2024,10,02,2.67,2.33,1.67,2.33,2.00,0.67,1.67,1.33,20241002
2024,10,03,1.33,1.67,2.00,2.00,3.00,1.67,2.33,2.00,20241003
2024,10,04,2.33,1.67,1.67,1.33,1.33,2.33,2.33,3.33,20241004
2024,10,05,2.67,1.33,2.00,1.67,2.33,1.00,2.00,1.67,20241005
2024,10,06,1.67,1.00,2.33,1.67,3.00,3.33,3.67,5.00,20241006
2024,10,07,5.33,4.67,3.33,5.33,6.33,4.00,6.33,5.33,20241007
2024,10,08,6.67,7.33,5.67,4.33,3.67,4.00,3.67,4.33,20241008
2024,10,09,4.00,4.67,4.00,3.00,3.67,2.33,2.00,2.33,20241009
2024,10,10,2.00,2.67,1.67,2.00,3.33,7.67,8.33,8.67,20241010
2024,10,11,8.00,7.67,8.00,7.33,6.67,4.33,3.33,3.33,20241011
2024,10,12,3.67,2.00,2.67,5.00,4.00,2.67,3.67,2.67,20241012
2024,10,13,1.67,1.33,1.00,2.00,1.67,1.00,2.00,1.00,20241013
2024,10,14,1.00,1.00,2.00,1.33,1.33,1.00,2.33,3.67,20241014
2024,10,15,3.33,2.67,4.00,2.67,3.33,3.00,2.33,2.33,20241015
2024,10,16,2.33,3.00,3.33,3.00,3.00,3.33,3.33,3.00,20241016
2024,10,17,3.33,3.00,2.00,1.67,1.00,1.33,1.67,2.00,20241017
2024,10,18,3.33,2.67,1.33,2.00,3.00,3.00,3.00,4.00,20241018
2024,10,19,4.67,4.33,3.67,3.00,3.33,2.33,3.67,4.00,20241019
2024,10,20,3.00,2.33,2.00,1.33,1.33,1.00,1.00,1.67,20241020
2024,10,21,0.67,0.33,1.67,2.00,1.00,1.67,1.33,2.00,20241021
2024,10,22,1.67,2.33,2.33,2.67,2.00,2.33,1.67,2.00,20241022
2024,10,23,1.67,2.67,1.67,3.00,2.67,1.33,2.00,1.67,20241023
2024,10,24,3.00,4.33,3.67,2.00,1.00,2.00,2.00,1.67,20241024
2024,10,25,1.67,0.67,0.67,0.67,0.33,0.67,0.67,1.00,20241025
2024,10,26,1.67,1.00,1.67,1.67,2.67,3.33,4.00,4.33,20241026
2024,10,27,3.00,2.00,1.00,2.67,2.00,2.67,2.67,2.67,20241027
2024,10,28,3.00,4.67,4.00,2.67,3.00,2.67,2.00,2.33,20241028
2024,10,29,3.33,2.00,2.33,2.00,2.00,2.67,3.67,2.67,20241029
2024,10,30,4.00,3.00,3.33,4.00,3.00,2.33,1.67,1.33,20241030
2024,10,31,1.33,1.00,1.33,1.67,1.67,2.00,3.33,3.67,20241031
2024,11,01,3.00,1.33,1.33,2.33,2.67,0.67,1.33,0.33,20241101
2024,11,02,0.67,1.00,1.67,4.00,3.67,2.67,3.00,3.33,20241102
2024,11,03,2.67,1.00,1.00,1.33,0.67,3.33,3.33,4.00,20241103
2024,11,04,4.00,4.33,2.67,2.33,2.33,1.67,1.00,2.67,20241104
2024,11,05,2.67,1.67,3.00,2.67,2.67,2.67,2.33,2.67,20241105
2024,11,06,3.33,3.33,2.33,2.00,2.33,2.00,2.00,1.67,20241106
2024,11,07,1.33,1.00,2.00,2.33,0.67,3.00,2.67,3.00,20241107
2024,11,08,2.33,1.00,1.33,1.67,2.00,1.33,4.00,3.67,20241108
2024,11,09,4.00,4.00,3.67,5.00,5.00,4.33,4.33,3.67,20241109
2024,11,10,4.00,4.00,2.33,2.33,4.33,4.00,5.33,3.00,20241110
2024,11,11,2.33,2.00,3.67,2.67,2.00,2.67,1.67,1.33,20241111
2024,11,12,2.00,1.33,2.00,1.00,1.33,1.67,1.00,0.67,20241112
2024,11,13,3.00,2.33,0.33,1.33,2.67,1.33,1.67,1.00,20241113
2024,11,14,1.00,3.33,1.33,1.33,2.00,2.67,3.33,3.67,20241114
2024,11,15,3.00,3.67,2.67,2.33,2.67,2.67,2.67,2.33,20241115
2024,11,16,3.67,2.67,2.67,2.00,1.67,0.67,0.33,0.67,20241116
2024,11,17,1.00,3.00,2.00,2.33,2.67,1.00,1.33,1.33,20241117
2024,11,18,1.00,2.00,0.33,0.67,1.00,1.33,1.00,1.33,20241118
2024,11,19,1.00,1.00,1.67,2.00,3.00,3.00,2.67,1.33,20241119
2024,11,20,1.00,3.00,3.00,2.67,1.67,1.67,1.00,1.67,20241120
2024,11,21,0.67,1.33,1.67,1.67,1.00,1.67,3.00,3.00,20241121
2024,11,22,2.33,2.00,0.67,1.67,3.00,3.67,2.67,3.33,20241122
2024,11,23,2.00,1.67,1.67,1.67,3.00,1.67,2.33,1.67,20241123
2024,11,24,1.67,1.67,1.67,1.00,0.67,1.67,1.67,3.67,20241124
2024,11,25,3.33,2.33,2.00,2.33,2.67,3.00,2.33,2.33,20241125
2024,11,26,3.33,2.33,1.00,1.33,1.00,0.67,1.00,2.00,20241126
2024,11,27,1.00,0.67,1.67,2.00,0.67,1.00,1.00,2.33,20241127
2024,11,28,2.00,1.00,0.67,1.00,0.67,0.67,1.00,0.33,20241128
2024,11,29,1.67,2.33,1.67,2.33,2.00,1.33,2.67,2.67,20241129
2024,11,30,4.67,3.33,2.33,0.67,1.00,0.67,1.00,2.33,20241130
2024,12,01,1.33,1.00,2.33,1.33,1.00,1.67,2.33,3.00,20241201
2024,12,02,2.33,2.00,1.00,0.67,1.33,0.67,1.67,2.00,20241202
2024,12,03,3.67,3.00,2.33,2.00,2.00,3.00,3.33,2.00,20241203
2024,12,04,1.67,1.33,1.33,2.00,2.00,1.67,2.33,2.00,20241204
2024,12,05,2.33,2.33,1.33,1.33,0.67,1.00,1.00,1.00,20241205
2024,12,06,1.67,2.67,1.33,1.00,0.67,1.33,1.00,1.00,20241206
2024,12,07,1.33,1.67,1.00,2.00,1.33,1.33,2.00,1.67,20241207
2024,12,08,0.67,1.67,1.33,1.67,2.67,2.00,2.33,1.33,20241208
2024,12,09,4.00,3.00,2.33,2.67,2.67,3.33,3.00,3.67,20241209
2024,12,10,3.00,2.33,2.33,2.33,1.33,1.67,1.67,2.00,20241210
2024,12,11,2.00,2.33,2.00,1.00,1.00,1.33,1.00,1.33,20241211
2024,12,12,2.67,2.00,1.00,1.00,0.67,1.33,1.67,0.67,20241212
2024,12,13,0.33,0.33,1.67,1.67,1.00,1.67,0.67,0.67,20241213
2024,12,14,1.00,1.33,1.33,2.67,1.33,3.33,3.00,3.33,20241214
2024,12,15,3.00,3.00,2.00,2.67,3.33,2.00,2.67,2.33,20241215
2024,12,16,1.33,3.00,3.00,3.00,1.67,2.67,3.67,3.67,20241216
2024,12,17,4.00,5.33,4.67,4.00,3.67,4.33,2.33,3.33,20241217
2024,12,18,3.67,2.00,2.67,3.33,2.67,3.33,4.00,1.33,20241218
2024,12,19,4.00,3.00,1.67,1.33,2.00,2.00,2.00,2.67,20241219
2024,12,20,3.67,3.00,1.33,1.67,3.00,3.00,3.33,2.33,20241220
2024,12,21,3.33,3.33,2.00,3.00,2.67,3.00,3.67,3.33,20241221
2024,12,22,2.33,2.33,2.33,3.00,3.33,3.00,3.00,3.33,20241222
2024,12,23,3.67,2.00,2.00,1.00,2.33,3.33,2.67,3.33,20241223
2024,12,24,2.67,2.67,2.00,1.00,2.67,3.00,2.33,3.67,20241224
2024,12,25,2.33,2.00,1.67,2.00,1.33,0.67,1.00,0.33,20241225
2024,12,26,0.33,0.33,0.67,0.67,0.67,0.67,0.67,0.67,20241226
2024,12,27,1.00,0.33,0.67,0.67,1.00,1.33,1.33,0.67,20241227
2024,12,28,0.67,0.67,1.33,1.67,0.67,1.33,1.67,0.67,20241228
2024,12,29,1.33,0.67,1.33,2.00,1.67,1.33,1.00,1.33,20241229
2024,12,30,1.00,2.00,2.67,1.67,1.67,1.67,2.00,2.33,20241230
2024,12,31,0.33,0.67,2.33,1.33,1.00,4.33,4.00,4.00,20241231
2025,01,01,4.00,5.33,5.00,6.33,6.67,8.00,6.67,4.33,20250101
2025,01,02,3.67,2.67,3.33,4.67,4.00,4.00,3.33,3.00,20250102
2025,01,03,3.33,3.00,2.67,1.67,0.67,1.00,1.33,1.67,20250103
2025,01,04,2.67,4.67,5.00,4.33,3.33,4.67,5.00,3.67,20250104
2025,01,05,3.67,2.67,3.00,3.67,3.33,4.00,4.00,3.00,20250105
2025,01,06,3.33,4.00,3.00,2.67,2.67,3.00,2.33,2.33,20250106
2025,01,07,2.33,2.67,2.67,2.67,2.33,3.33,2.67,2.33,20250107
2025,01,08,3.67,2.33,1.67,0.67,1.67,2.33,1.33,1.00,20250108
2025,01,09,2.00,1.00,2.00,2.67,3.67,3.00,2.33,1.67,20250109
2025,01,10,1.33,3.33,1.67,3.00,3.00,1.67,2.67,3.67,20250110
2025,01,11,2.67,0.67,1.00,1.67,1.67,3.00,2.00,0.67,20250111
2025,01,12,1.33,2.00,2.00,1.67,2.00,1.33,1.67,2.33,20250112
2025,01,13,4.00,2.33,1.67,2.33,2.00,2.33,2.67,2.00,20250113
2025,01,14,2.67,2.33,2.67,2.00,2.00,2.67,3.33,3.00,20250114
2025,01,15,3.67,3.67,3.33,2.67,3.00,3.33,2.67,2.00,20250115
2025,01,16,3.00,3.33,2.00,2.33,3.00,3.00,3.33,3.00,20250116
2025,01,17,3.33,3.67,3.67,3.00,3.33,3.33,4.00,4.00,20250117
2025,01,18,2.67,2.00,2.67,2.00,2.67,2.33,2.33,2.33,20250118
2025,01,19,1.33,2.33,3.67,3.00,3.33,2.67,3.00,3.67,20250119
2025,01,20,4.00,3.33,3.00,3.00,4.33,3.33,3.00,3.33,20250120
2025,01,21,2.33,3.33,2.00,1.67,1.33,2.67,3.00,2.67,20250121
2025,01,22,3.33,2.33,3.00,2.33,2.00,1.33,1.00,3.00,20250122
2025,01,23,3.00,1.33,0.67,1.33,1.67,3.33,3.33,2.33,20250123
2025,01,24,1.00,1.67,2.67,1.33,2.00,1.33,1.67,2.33,20250124
2025,01,25,0.67,0.33,1.00,0.67,0.67,1.33,0.67,0.67,20250125
2025,01,26,0.67,1.00,0.33,0.67,0.67,0.67,0.67,0.67,20250126
2025,01,27,0.33,0.33,1.67,2.33,2.00,3.00,2.00,2.67,20250127
2025,01,28,2.33,1.67,0.67,2.33,3.00,3.00,3.67,3.00,20250128
2025,01,29,2.67,1.00,1.00,2.33,2.33,1.67,1.33,1.67,20250129
2025,01,30,1.33,1.00,0.67,1.00,1.00,1.33,2.00,2.67,20250130
2025,01,31,1.67,1.00,1.33,1.67,2.33,2.00,2.33,3.00,20250131
2025,02,01,4.00,3.67,3.67,3.00,4.33,4.00,4.33,4.00,20250201
2025,02,02,3.67,4.00,3.67,3.33,4.00,4.33,2.67,2.00,20250202
2025,02,03,1.67,0.67,1.00,1.33,0.67,0.67,0.33,1.00,20250203
2025,02,04,1.00,1.00,1.67,1.67,0.67,1.00,1.33,1.00,20250204
2025,02,05,1.00,2.00,1.00,1.67,1.67,2.67,1.33,2.00,20250205
2025,02,06,2.33,3.00,2.33,1.33,2.67,2.33,1.67,1.33,20250206
2025,02,07,0.67,0.33,0.67,1.33,0.67,1.33,1.00,0.67,20250207
2025,02,08,1.00,2.67,3.67,3.00,3.33,2.00,1.67,1.33,20250208
2025,02,09,1.33,2.00,2.00,2.33,3.00,4.00,4.67,4.33,20250209
2025,02,10,4.67,2.33,4.00,4.00,3.33,4.00,3.33,4.00,20250210
2025,02,11,4.00,3.00,3.33,3.33,2.33,3.33,3.00,3.00,20250211
2025,02,12,3.33,4.00,3.00,3.33,2.67,3.00,3.00,2.67,20250212
2025,02,13,3.33,4.33,3.67,4.00,3.67,2.67,3.67,4.33,20250213
2025,02,14,4.67,4.33,3.67,3.00,4.67,3.33,3.67,4.00,20250214
2025,02,15,3.67,3.67,3.33,5.00,3.33,4.67,3.67,4.33,20250215
2025,02,16,3.00,3.67,3.33,3.33,3.00,2.67,3.33,4.00,20250216
2025,02,17,3.00,3.33,2.00,2.33,3.33,4.00,2.33,3.33,20250217
2025,02,18,3.67,3.33,2.00,1.00,1.00,2.67,1.33,4.67,20250218
2025,02,19,5.00,3.33,4.33,1.67,1.67,2.33,3.67,3.33,20250219
2025,02,20,3.67,2.67,1.33,0.67,1.00,0.33,0.33,0.67,20250220
2025,02,21,3.00,0.67,1.00,1.33,1.67,0.67,0.67,2.00,20250221
2025,02,22,3.00,0.67,0.67,1.33,2.00,1.33,1.33,2.33,20250222
2025,02,23,3.00,1.67,1.00,1.00,0.33,1.00,1.33,3.00,20250223
2025,02,24,3.33,1.33,1.33,3.00,3.00,2.00,4.33,2.67,20250224
2025,02,25,1.67,2.00,1.67,1.67,1.00,1.67,3.00,3.33,20250225
2025,02,26,3.00,3.67,3.00,2.67,3.00,3.33,3.33,2.33,20250226
2025,02,27,4.00,4.33,3.33,5.67,4.00,4.67,3.33,4.33,20250227
2025,02,28,5.00,4.00,4.33,3.67,4.67,4.67,4.33,3.00,20250228
2025,03,01,2.33,4.00,4.00,4.00,3.67,2.00,3.33,3.00,20250301
2025,03,02,2.00,1.67,2.33,1.67,1.67,0.67,1.00,0.67,20250302
2025,03,03,1.67,1.00,1.00,1.67,0.67,1.00,1.33,1.33,20250303
2025,03,04,1.67,2.33,1.67,1.33,2.00,2.00,3.00,4.33,20250304
2025,03,05,3.67,3.33,2.67,2.67,2.00,3.00,2.00,2.33,20250305
2025,03,06,2.33,1.67,2.67,2.00,0.33,1.33,2.33,1.67,20250306
2025,03,07,1.00,2.67,2.67,3.33,2.33,2.67,2.67,1.33,20250307
2025,03,08,2.33,3.00,3.67,3.33,2.33,3.33,4.67,4.67,20250308
2025,03,09,4.67,5.67,4.00,5.67,4.33,3.00,1.00,1.00,20250309
