Sentence,Title,SourceTextType
threedayforecasttxt may utc prepared by the us dept,3DayForecast,emailAlert
of commerce noaa space weather prediction center noaa geomagnetic activity observation and forecast the greatest observed hr kp over the past hours was below noaa scale levels,3DayForecast,emailAlert
the greatest expected hr kp for may may is ,3DayForecast,emailAlert
noaa scale g,3DayForecast,emailAlert
noaa kp index breakdown may may g minormoderate geomagnetic storming is likely  may due to the arrival of cmes that left the sun over the course of  may,3DayForecast,emailAlert
noaa solar radiation activity observation and forecast solar radiation as observed by noaa goes over the past hours was below sscale storm level thresholds,3DayForecast,emailAlert
solar radiation storm forecast for may may a chance for s minor solar radiation storms will persist through the forecast period given the observed activity from ar in particular,3DayForecast,emailAlert
noaa radio blackout activity and forecast radio blackouts reaching the r levels were observed over the past hours,3DayForecast,emailAlert
the largest was at may utc,3DayForecast,emailAlert
radio blackout forecast for may may r strong radio blackouts due to xclass flares are likely through the forecast period primarily due to the magnetic complexity and stature of ar ,3DayForecast,emailAlert
threedayforecasttxt dec utc prepared by the us dept,3DayForecast,emailAlert
of commerce noaa space weather prediction center noaa geomagnetic activity observation and forecast the greatest observed hr kp over the past hours was below noaa scale levels,3DayForecast,emailAlert
the greatest expected hr kp for dec dec is ,3DayForecast,emailAlert
below noaa scale levels,3DayForecast,emailAlert
noaa kp index breakdown dec dec no g minor or greater geomagnetic storms are expected,3DayForecast,emailAlert
no significant transient or recurrent solar wind features are forecast,3DayForecast,emailAlert
noaa solar radiation activity observation and forecast solar radiation as observed by noaa goes over the past hours was below sscale storm level thresholds,3DayForecast,emailAlert
solar radiation storm forecast for dec dec no s minor or greater solar radiation storms are expected,3DayForecast,emailAlert
no significant active region activity favorable for radiation storm production is forecast,3DayForecast,emailAlert
noaa radio blackout activity and forecast radio blackouts reaching the r levels were observed over the past hours,3DayForecast,emailAlert
the largest was at dec utc,3DayForecast,emailAlert
radio blackout forecast for dec dec r minor or greater radio blackouts are likely on  dec threedayforecasttxt oct utc prepared by the us dept,3DayForecast,emailAlert
of commerce noaa space weather prediction center noaa geomagnetic activity observation and forecast the greatest observed hr kp over the past hours was noaa scale g,3DayForecast,emailAlert
the greatest expected hr kp for oct oct is ,3DayForecast,emailAlert
noaa scale g,3DayForecast,emailAlert
noaa kp index breakdown oct oct g severe levels occurred early on oct gg minorstrong levels are expected for the rest of the utc day due to persistent cme activity,3DayForecast,emailAlert
g minor levels are expected on oct due to residual cme activity and possible ch hss,3DayForecast,emailAlert
noaa solar radiation activity observation and forecast solar radiation as observed by noaa goes over the past hours was above sscale storm level thresholds,3DayForecast,emailAlert
solar radiation storm forecast for oct oct s minor solar radiation storms were observed early in the period but have since dropped below threshold,3DayForecast,emailAlert
noaa radio blackout activity and forecast radio blackouts reaching the r levels were observed over the past hours,3DayForecast,emailAlert
the largest was at oct utc,3DayForecast,emailAlert
radio blackout forecast for oct oct solar activity is likely to be moderate rr minormoderate with a chance for xclass flares r strong on  oct threedayforecasttxt correction jul utc prepared by the us dept,3DayForecast,emailAlert
of commerce noaa space weather prediction center noaa geomagnetic activity observation and forecast the greatest observed hr kp over the past hours was below noaa scale levels,3DayForecast,emailAlert
the greatest expected hr kp for jul jul is ,3DayForecast,emailAlert
noaa scale g,3DayForecast,emailAlert
noaa kp index breakdown jul jul g minor storms are likely on jul due to the arrival of the jul cmes,3DayForecast,emailAlert
noaa solar radiation activity observation and forecast solar radiation as observed by noaa goes over the past hours was below sscale storm level thresholds,3DayForecast,emailAlert
solar radiation storm forecast for jul jul there is a slight chance for s minor solar radiation storms through jul,3DayForecast,emailAlert
noaa radio blackout activity and forecast radio blackouts reaching the r levels were observed over the past hours,3DayForecast,emailAlert
the largest was at jul utc,3DayForecast,emailAlert
radio blackout forecast for jul jul rr minormoderate radio blackouts are likely through jul with a slight chance for an r strong event due to multiple complex regions on the visible disk,3DayForecast,emailAlert
threedayforecasttxt correction jul utc prepared by the us dept,3DayForecast,emailAlert
of commerce noaa space weather prediction center noaa geomagnetic activity observation and forecast the greatest observed hr kp over the past hours was below noaa scale levels,3DayForecast,emailAlert
the greatest expected hr kp for jul jul is ,3DayForecast,emailAlert
noaa scale g,3DayForecast,emailAlert
noaa kp index breakdown jul jul g minor storms are likely on jul due to the arrival of the jul cmes,3DayForecast,emailAlert
noaa solar radiation activity observation and forecast solar radiation as observed by noaa goes over the past hours was below sscale storm level thresholds,3DayForecast,emailAlert
solar radiation storm forecast for jul jul there is a chance for s minor solar radiation storms over  jul,3DayForecast,emailAlert
noaa radio blackout activity and forecast radio blackouts reaching the r levels were observed over the past hours,3DayForecast,emailAlert
the largest was at jul utc,3DayForecast,emailAlert
radio blackout forecast for jul jul rr minormoderate radio blackouts are likely over  jul with a slight chance for r strong due to multiple complex regions on the visible disk,3DayForecast,emailAlert
threedayforecasttxt nov utc prepared by the us dept,3DayForecast,emailAlert
of commerce noaa space weather prediction center noaa geomagnetic activity observation and forecast the greatest observed hr kp over the past hours was noaa scale g,3DayForecast,emailAlert
the greatest expected hr kp for nov nov is ,3DayForecast,emailAlert
below noaa scale levels,3DayForecast,emailAlert
noaa kp index breakdown nov nov no g minor or greater geomagnetic storms are expected,3DayForecast,emailAlert
noaa solar radiation activity observation and forecast solar radiation as observed by noaa goes over the past hours was below sscale storm level thresholds,3DayForecast,emailAlert
solar radiation storm forecast for nov nov there is a slight chance for s minor solar radiation storms over  nov noaa radio blackout activity and forecast radio blackouts reaching the r levels were observed over the past hours,3DayForecast,emailAlert
the largest was at nov utc,3DayForecast,emailAlert
radio blackout forecast for nov nov rr minormoderate radio blackouts are likely with a chance for r strong over  nov threedayforecasttxt may utc prepared by the us dept,3DayForecast,emailAlert
of commerce noaa space weather prediction center noaa geomagnetic activity observation and forecast the greatest observed hr kp over the past hours was below noaa scale levels,3DayForecast,emailAlert
the greatest expected hr kp for may may is ,3DayForecast,emailAlert
below noaa scale levels,3DayForecast,emailAlert
noaa kp index breakdown may may no g minor or greater geomagnetic storms are expected,3DayForecast,emailAlert
no significant transient or recurrent solar wind features are forecast,3DayForecast,emailAlert
noaa solar radiation activity observation and forecast solar radiation as observed by noaa goes over the past hours was below sscale storm level thresholds,3DayForecast,emailAlert
solar radiation storm forecast for may may there is a chance for s minor or greater solar radiation storms over the next three days,3DayForecast,emailAlert
primarily due to the potential from ars noaa radio blackout activity and forecast radio blackouts reaching the r levels were observed over the past hours,3DayForecast,emailAlert
the largest was at may utc,3DayForecast,emailAlert
radio blackout forecast for may may r minormoderate radio blackouts due to mclass flare activity are expected through may given the evolution of ars and as well as their recent flare history,3DayForecast,emailAlert
in addition a high chance for an isolated r strong radio blackout will persist through may as well given ar s history of xclass flares,3DayForecast,emailAlert
threedayforecasttxt aug utc prepared by the us dept,3DayForecast,emailAlert
of commerce noaa space weather prediction center noaa geomagnetic activity observation and forecast the greatest observed hr kp over the past hours was below noaa scale levels,3DayForecast,emailAlert
the greatest expected hr kp for aug aug is ,3DayForecast,emailAlert
below noaa scale levels,3DayForecast,emailAlert
noaa kp index breakdown aug aug no g minor or greater geomagnetic storms are expected,3DayForecast,emailAlert
no significant transient or recurrent solar wind features are forecast,3DayForecast,emailAlert
noaa solar radiation activity observation and forecast solar radiation as observed by noaa goes over the past hours was below sscale storm level thresholds,3DayForecast,emailAlert
solar radiation storm forecast for aug aug there is a slight but increasing chance for s minor conditions on aug following the x flare from near center disk,3DayForecast,emailAlert
noaa radio blackout activity and forecast radio blackouts reaching the r levels were observed over the past hours,3DayForecast,emailAlert
the largest was at aug utc,3DayForecast,emailAlert
radio blackout forecast for aug aug rr minormoderate radio blackouts are expected with a chance for rstrong radio blackouts through aug threedayforecasttxt apr utc prepared by the us dept,3DayForecast,emailAlert
of commerce noaa space weather prediction center noaa geomagnetic activity observation and forecast the greatest observed hr kp over the past hours was below noaa scale levels,3DayForecast,emailAlert
the greatest expected hr kp for apr apr is ,3DayForecast,emailAlert
below noaa scale levels,3DayForecast,emailAlert
noaa kp index breakdown apr apr no g minor or greater geomagnetic storms are expected,3DayForecast,emailAlert
no significant transient or recurrent solar wind features are forecast,3DayForecast,emailAlert
noaa solar radiation activity observation and forecast solar radiation as observed by noaa goes over the past hours was below sscale storm level thresholds,3DayForecast,emailAlert
solar radiation storm forecast for apr apr no s minor or greater solar radiation storms are expected,3DayForecast,emailAlert
no significant active region activity favorable for radiation storm production is forecast,3DayForecast,emailAlert
noaa radio blackout activity and forecast no radio blackouts were observed over the past hours,3DayForecast,emailAlert
radio blackout forecast for apr apr there is an increasing chance for rr minormoderate radio blackouts over the next three daysprimarily due to the return of old region ,3DayForecast,emailAlert
threedayforecasttxt oct utc prepared by the us dept,3DayForecast,emailAlert
of commerce noaa space weather prediction center noaa geomagnetic activity observation and forecast the greatest observed hr kp over the past hours was below noaa scale levels,3DayForecast,emailAlert
the greatest expected hr kp for oct oct is ,3DayForecast,emailAlert
below noaa scale levels,3DayForecast,emailAlert
noaa kp index breakdown oct oct no g minor or greater geomagnetic storms are expected,3DayForecast,emailAlert
no significant transient or recurrent solar wind features are forecast,3DayForecast,emailAlert
noaa solar radiation activity observation and forecast solar radiation as observed by noaa goes over the past hours was below sscale storm level thresholds,3DayForecast,emailAlert
solar radiation storm forecast for oct oct no s minor or greater solar radiation storms are expected,3DayForecast,emailAlert
no significant active region activity favorable for radiation storm production is forecast,3DayForecast,emailAlert
noaa radio blackout activity and forecast radio blackouts reaching the r levels were observed over the past hours,3DayForecast,emailAlert
the largest was at oct utc,3DayForecast,emailAlert
radio blackout forecast for oct oct solar flare activity is expected to be at minor to moderate rr levels  oct with a slight chance for rstrong levels as more magnetically complex regions emerge in the se part of the disk,3DayForecast,emailAlert
threedayforecasttxt nov utc prepared by the us dept,3DayForecast,emailAlert
of commerce noaa space weather prediction center noaa geomagnetic activity observation and forecast the greatest observed hr kp over the past hours was below noaa scale levels,3DayForecast,emailAlert
the greatest expected hr kp for nov nov is ,3DayForecast,emailAlert
below noaa scale levels,3DayForecast,emailAlert
noaa kp index breakdown nov nov no g minor or greater geomagnetic storms are expected,3DayForecast,emailAlert
no significant transient or recurrent solar wind features are forecast,3DayForecast,emailAlert
noaa solar radiation activity observation and forecast solar radiation as observed by noaa goes over the past hours was above sscale storm level thresholds,3DayForecast,emailAlert
solar radiation storm forecast for nov nov s minor or greater solar radiation storms are expected on nov decaying to a slight chance on nov no proton events are expected on nov noaa radio blackout activity and forecast no radio blackouts were observed over the past hours,3DayForecast,emailAlert
radio blackout forecast for nov nov solar activity is expected to be low with a chance for mclass flares rrminormoderate and a slight chance of xclass rstrong events  nov threedayforecasttxt nov utc prepared by the us dept,3DayForecast,emailAlert
of commerce noaa space weather prediction center noaa geomagnetic activity observation and forecast the greatest observed hr kp over the past hours was below noaa scale levels,3DayForecast,emailAlert
the greatest expected hr kp for nov nov is ,3DayForecast,emailAlert
below noaa scale levels,3DayForecast,emailAlert
noaa kp index breakdown nov nov no g minor or greater geomagnetic storms are expected,3DayForecast,emailAlert
no significant transient or recurrent solar wind features are forecast,3DayForecast,emailAlert
noaa solar radiation activity observation and forecast solar radiation as observed by noaa goes over the past hours was below sscale storm level thresholds,3DayForecast,emailAlert
solar radiation storm forecast for nov nov there is a slight chance for s minor solar radiation storms over  nov noaa radio blackout activity and forecast radio blackouts reaching the r levels were observed over the past hours,3DayForecast,emailAlert
the largest was at nov utc,3DayForecast,emailAlert
radio blackout forecast for nov nov rr minormoderate radio blackouts are likely with a chance for r strong over  nov threedayforecasttxt nov utc prepared by the us dept,3DayForecast,emailAlert
of commerce noaa space weather prediction center noaa geomagnetic activity observation and forecast the greatest observed hr kp over the past hours was below noaa scale levels,3DayForecast,emailAlert
the greatest expected hr kp for nov nov is ,3DayForecast,emailAlert
below noaa scale levels,3DayForecast,emailAlert
noaa kp index breakdown nov nov no g minor or greater geomagnetic storms are expected,3DayForecast,emailAlert
no significant transient or recurrent solar wind features are forecast,3DayForecast,emailAlert
noaa solar radiation activity observation and forecast solar radiation as observed by noaa goes over the past hours was above sscale storm level thresholds,3DayForecast,emailAlert
solar radiation storm forecast for nov nov there is a chance for the greater than mev proton flux to remain elevated but below threshold over  nov noaa radio blackout activity and forecast radio blackouts reaching the r levels were observed over the past hours,3DayForecast,emailAlert
the largest was at nov utc,3DayForecast,emailAlert
radio blackout forecast for nov nov mclass flares rminor are expected with a chance for xclass rstrong through nov threedayforecasttxt aug utc prepared by the us dept,3DayForecast,emailAlert
of commerce noaa space weather prediction center noaa geomagnetic activity observation and forecast the greatest observed hr kp over the past hours was below noaa scale levels,3DayForecast,emailAlert
the greatest expected hr kp for aug aug is ,3DayForecast,emailAlert
below noaa scale levels,3DayForecast,emailAlert
noaa kp index breakdown aug aug no g minor or greater geomagnetic storms are expected,3DayForecast,emailAlert
no significant transient or recurrent solar wind features are forecast,3DayForecast,emailAlert
noaa solar radiation activity observation and forecast solar radiation as observed by noaa goes over the past hours was below sscale storm level thresholds,3DayForecast,emailAlert
solar radiation storm forecast for aug aug there is a slight chance for s minor solar radiation storms over  aug noaa radio blackout activity and forecast radio blackouts reaching the r levels were observed over the past hours,3DayForecast,emailAlert
the largest was at aug utc,3DayForecast,emailAlert
radio blackout forecast for aug aug rr minormoderate radio blackouts are likely with a slight chance for r strong or greater events over  aug threedayforecasttxt mar utc prepared by the us dept,3DayForecast,emailAlert
of commerce noaa space weather prediction center noaa geomagnetic activity observation and forecast the greatest observed hr kp over the past hours was below noaa scale levels,3DayForecast,emailAlert
the greatest expected hr kp for mar mar is ,3DayForecast,emailAlert
below noaa scale levels,3DayForecast,emailAlert
noaa kp index breakdown mar mar no g minor or greater geomagnetic storms are expected,3DayForecast,emailAlert
no significant transient or recurrent solar wind features are forecast,3DayForecast,emailAlert
noaa solar radiation activity observation and forecast solar radiation as observed by noaa goes over the past hours was below sscale storm level thresholds,3DayForecast,emailAlert
solar radiation storm forecast for mar mar no s minor or greater solar radiation storms are expected,3DayForecast,emailAlert
no significant active region activity favorable for radiation storm production is forecast,3DayForecast,emailAlert
noaa radio blackout activity and forecast no radio blackouts were observed over the past hours,3DayForecast,emailAlert
radio blackout forecast for mar mar a slight chance for r minormoderate radio blackouts due to isolated mclass flare activity will persist through the forecast period as ar exits the western limb,3DayForecast,emailAlert
threedayforecasttxt dec utc prepared by the us dept,3DayForecast,emailAlert
of commerce noaa space weather prediction center noaa geomagnetic activity observation and forecast the greatest observed hr kp over the past hours was below noaa scale levels,3DayForecast,emailAlert
the greatest expected hr kp for dec dec is ,3DayForecast,emailAlert
below noaa scale levels,3DayForecast,emailAlert
noaa kp index breakdown dec dec no g minor or greater geomagnetic storms are expected,3DayForecast,emailAlert
no significant transient or recurrent solar wind features are forecast,3DayForecast,emailAlert
noaa solar radiation activity observation and forecast solar radiation as observed by noaa goes over the past hours was below sscale storm level thresholds,3DayForecast,emailAlert
solar radiation storm forecast for dec dec no s minor or greater solar radiation storms are expected,3DayForecast,emailAlert
no significant active region activity favorable for radiation storm production is forecast,3DayForecast,emailAlert
noaa radio blackout activity and forecast no radio blackouts were observed over the past hours,3DayForecast,emailAlert
radio blackout forecast for dec dec there is a chance for rr minormoderate events over  dec threedayforecasttxt oct utc prepared by the us dept,3DayForecast,emailAlert
of commerce noaa space weather prediction center noaa geomagnetic activity observation and forecast the greatest observed hr kp over the past hours was below noaa scale levels,3DayForecast,emailAlert
the greatest expected hr kp for oct oct is ,3DayForecast,emailAlert
below noaa scale levels,3DayForecast,emailAlert
noaa kp index breakdown oct oct there is a chance of g minor storm conditions on oct due to a potential glancing blow from an eruption on the western limb associated with the m flare from region on oct at utc,3DayForecast,emailAlert
noaa solar radiation activity observation and forecast solar radiation as observed by noaa goes over the past hours was below sscale storm level thresholds,3DayForecast,emailAlert
solar radiation storm forecast for oct oct the greater than mev proton flux is expected to remain at background levels with a slight chance for a solar radiation storm event through oct as regions and transit the western limb,3DayForecast,emailAlert
noaa radio blackout activity and forecast no radio blackouts were observed over the past hours,3DayForecast,emailAlert
radio blackout forecast for oct oct solar activity is expected to be at low levels with moderate levels rr minormoderate likely on  oct there is a slight chance for xclass flares r strong through oct threedayforecasttxt oct utc prepared by the us dept,3DayForecast,emailAlert
of commerce noaa space weather prediction center noaa geomagnetic activity observation and forecast the greatest observed hr kp over the past hours was noaa scale g,3DayForecast,emailAlert
the greatest expected hr kp for oct oct is ,3DayForecast,emailAlert
noaa scale g,3DayForecast,emailAlert
noaa kp index breakdown oct oct the geomagnetic field is expected to reach g minor geomagnetic storm levels with a chance for an isolated g moderate storm period on oct as effects from a cme that left the sun on oct continue to wane,3DayForecast,emailAlert
noaa solar radiation activity observation and forecast solar radiation as observed by noaa goes over the past hours was below sscale storm level thresholds,3DayForecast,emailAlert
solar radiation storm forecast for oct oct the greater than mev proton flux is expected to remain at background levels with a slight chance for a solar radiation storm event through oct as ar approaches the western limb,3DayForecast,emailAlert
noaa radio blackout activity and forecast radio blackouts reaching the r levels were observed over the past hours,3DayForecast,emailAlert
the largest was at oct utc,3DayForecast,emailAlert
radio blackout forecast for oct oct rr minormoderate radio blackouts are likely with a chance for r strong events through oct threedayforecasttxt mar utc prepared by the us dept,3DayForecast,emailAlert
of commerce noaa space weather prediction center noaa geomagnetic activity observation and forecast the greatest observed hr kp over the past hours was below noaa scale levels,3DayForecast,emailAlert
the greatest expected hr kp for mar mar is ,3DayForecast,emailAlert
noaa scale g,3DayForecast,emailAlert
noaa kp index breakdown mar mar g minor geomagnetic storms are likely on mar due to anticipated transient influence,3DayForecast,emailAlert
noaa solar radiation activity observation and forecast solar radiation as observed by noaa goes over the past hours was below sscale storm level thresholds,3DayForecast,emailAlert
solar radiation storm forecast for mar mar no s minor or greater solar radiation storms are expected,3DayForecast,emailAlert
no significant active region activity favorable for radiation storm production is forecast,3DayForecast,emailAlert
noaa radio blackout activity and forecast radio blackouts reaching the r levels were observed over the past hours,3DayForecast,emailAlert
the largest was at mar utc,3DayForecast,emailAlert
radio blackout forecast for mar mar there is a slight chance for r minor radio blackouts over the next three days,3DayForecast,emailAlert
threedayforecasttxt aug utc prepared by the us dept,3DayForecast,emailAlert
of commerce noaa space weather prediction center noaa geomagnetic activity observation and forecast the greatest observed hr kp over the past hours was below noaa scale levels,3DayForecast,emailAlert
the greatest expected hr kp for aug aug is ,3DayForecast,emailAlert
noaa scale g,3DayForecast,emailAlert
noaa kp index breakdown aug aug gg minormoderate geomagnetic storm levels are likely on  aug due to the arrival of two cmes from aug noaa solar radiation activity observation and forecast solar radiation as observed by noaa goes over the past hours was below sscale storm level thresholds,3DayForecast,emailAlert
solar radiation storm forecast for aug aug there is a slight chance for s minor solar radiation storms through aug noaa radio blackout activity and forecast radio blackouts reaching the r levels were observed over the past hours,3DayForecast,emailAlert
the largest was at aug utc,3DayForecast,emailAlert
radio blackout forecast for aug aug rr minormoderate radio blackouts are expected with a chance for r strong or greater events over  aug threedayforecasttxt oct utc prepared by the us dept,3DayForecast,emailAlert
of commerce noaa space weather prediction center noaa geomagnetic activity observation and forecast the greatest observed hr kp over the past hours was below noaa scale levels,3DayForecast,emailAlert
the greatest expected hr kp for oct oct is ,3DayForecast,emailAlert
below noaa scale levels,3DayForecast,emailAlert
noaa kp index breakdown oct oct no g minor or greater geomagnetic storms are expected,3DayForecast,emailAlert
no significant transient or recurrent solar wind features are forecast,3DayForecast,emailAlert
noaa solar radiation activity observation and forecast solar radiation as observed by noaa goes over the past hours was below sscale storm level thresholds,3DayForecast,emailAlert
solar radiation storm forecast for oct oct no s minor or greater solar radiation storms are expected,3DayForecast,emailAlert
no significant active region activity favorable for radiation storm production is forecast,3DayForecast,emailAlert
noaa radio blackout activity and forecast no radio blackouts were observed over the past hours,3DayForecast,emailAlert
radio blackout forecast for oct oct solar flare activity is expected to be at minor to moderate rr levels  oct with a slight chance for rstrong levels as more magnetically complex regions emerge in the se part of the disk,3DayForecast,emailAlert
threedayforecasttxt apr utc prepared by the us dept,3DayForecast,emailAlert
of commerce noaa space weather prediction center noaa geomagnetic activity observation and forecast the greatest observed hr kp over the past hours was below noaa scale levels,3DayForecast,emailAlert
the greatest expected hr kp for apr apr is ,3DayForecast,emailAlert
below noaa scale levels,3DayForecast,emailAlert
noaa kp index breakdown apr apr no g minor or greater geomagnetic storms are expected,3DayForecast,emailAlert
no significant transient or recurrent solar wind features are forecast,3DayForecast,emailAlert
noaa solar radiation activity observation and forecast solar radiation as observed by noaa goes over the past hours was below sscale storm level thresholds,3DayForecast,emailAlert
solar radiation storm forecast for apr apr no s minor or greater solar radiation storms are expected,3DayForecast,emailAlert
no significant active region activity favorable for radiation storm production is forecast,3DayForecast,emailAlert
noaa radio blackout activity and forecast no radio blackouts were observed over the past hours,3DayForecast,emailAlert
radio blackout forecast for apr apr there is an increasing chance for rr minormoderate radio blackouts over the next three days primarily due to the return of old region ,3DayForecast,emailAlert
threedayforecasttxt correction jul utc prepared by the us dept,3DayForecast,emailAlert
of commerce noaa space weather prediction center noaa geomagnetic activity observation and forecast the greatest observed hr kp over the past hours was below noaa scale levels,3DayForecast,emailAlert
the greatest expected hr kp for jul jul is ,3DayForecast,emailAlert
noaa scale g,3DayForecast,emailAlert
noaa kp index breakdown jul jul g minor geomagnetic storm levels are likely on jul due to the arrival of glancing effects from a cme that left the sun on jul,3DayForecast,emailAlert
noaa solar radiation activity observation and forecast solar radiation as observed by noaa goes over the past hours was below sscale storm level thresholds,3DayForecast,emailAlert
solar radiation storm forecast for jul jul there is a slight chance for s minor solar radiation storms through jul,3DayForecast,emailAlert
noaa radio blackout activity and forecast radio blackouts reaching the r levels were observed over the past hours,3DayForecast,emailAlert
the largest was at jul utc,3DayForecast,emailAlert
radio blackout forecast for jul jul rr minormoderate radio blackouts are likely through jul with a slight chance for an r strong event due to multiple complex regions on the visible disk,3DayForecast,emailAlert
threedayforecasttxt correction jul utc prepared by the us dept,3DayForecast,emailAlert
of commerce noaa space weather prediction center noaa geomagnetic activity observation and forecast the greatest observed hr kp over the past hours was below noaa scale levels,3DayForecast,emailAlert
the greatest expected hr kp for jul jul is ,3DayForecast,emailAlert
below noaa scale levels,3DayForecast,emailAlert
noaa kp index breakdown jul jul no g minor or greater geomagnetic storms are expected,3DayForecast,emailAlert
no significant transient or recurrent solar wind features are forecast,3DayForecast,emailAlert
noaa solar radiation activity observation and forecast solar radiation as observed by noaa goes over the past hours was below sscale storm level thresholds,3DayForecast,emailAlert
solar radiation storm forecast for jul jul no s minor or greater solar radiation storms are expected,3DayForecast,emailAlert
no significant active region activity favorable for radiation storm production is forecast,3DayForecast,emailAlert
noaa radio blackout activity and forecast radio blackouts reaching the r levels were observed over the past hours,3DayForecast,emailAlert
the largest was at jul utc,3DayForecast,emailAlert
radio blackout forecast for jul jul there is a chance for rr minormoderate radio blackouts over  jul,3DayForecast,emailAlert
threedayforecasttxt jun utc prepared by the us dept,3DayForecast,emailAlert
of commerce noaa space weather prediction center noaa geomagnetic activity observation and forecast the greatest observed hr kp over the past hours was below noaa scale levels,3DayForecast,emailAlert
the greatest expected hr kp for jun jun is ,3DayForecast,emailAlert
below noaa scale levels,3DayForecast,emailAlert
noaa kp index breakdown jun jun no g minor or greater geomagnetic storms are expected,3DayForecast,emailAlert
no significant transient or recurrent solar wind features are forecast,3DayForecast,emailAlert
noaa solar radiation activity observation and forecast solar radiation as observed by noaa goes over the past hours was below sscale storm level thresholds,3DayForecast,emailAlert
solar radiation storm forecast for jun jun no s minor or greater solar radiation storms are expected,3DayForecast,emailAlert
no significant active region activity favorable for radiation storm production is forecast,3DayForecast,emailAlert
noaa radio blackout activity and forecast no radio blackouts were observed over the past hours,3DayForecast,emailAlert
radio blackout forecast for jun jun rr minormoderate radio blackouts are likely over  jun with a slight chance for xclass flares r or greater due primarily to the flare potential of regions  and ,3DayForecast,emailAlert
threedayforecasttxt may utc prepared by the us dept,3DayForecast,emailAlert
of commerce noaa space weather prediction center noaa geomagnetic activity observation and forecast the greatest observed hr kp over the past hours was noaa scale g,3DayForecast,emailAlert
the greatest expected hr kp for may may is ,3DayForecast,emailAlert
noaa scale g,3DayForecast,emailAlert
noaa kp index breakdown may may g extreme storm levels are expected on may due to cme impacts,3DayForecast,emailAlert
g strong geomagnetic storming is likely to continue into the early hours of may,3DayForecast,emailAlert
isolated g minor geomagnetic storming is likely on may as conditions from the the previous days wane,3DayForecast,emailAlert
noaa solar radiation activity observation and forecast solar radiation as observed by noaa goes over the past hours was above sscale storm level thresholds,3DayForecast,emailAlert
solar radiation storm forecast for may may s minor solar radiation storms are expected through may due to activity originating from ar ,3DayForecast,emailAlert
noaa radio blackout activity and forecast radio blackouts reaching the r levels were observed over the past hours,3DayForecast,emailAlert
the largest was at may utc,3DayForecast,emailAlert
radio blackout forecast for may may r strong or greater radio blackouts are expected all three days,3DayForecast,emailAlert
threedayforecasttxt aug utc prepared by the us dept,3DayForecast,emailAlert
of commerce noaa space weather prediction center noaa geomagnetic activity observation and forecast the greatest observed hr kp over the past hours was below noaa scale levels,3DayForecast,emailAlert
the greatest expected hr kp for aug aug is ,3DayForecast,emailAlert
below noaa scale levels,3DayForecast,emailAlert
noaa kp index breakdown aug aug no g minor or greater geomagnetic storms are expected,3DayForecast,emailAlert
no significant transient or recurrent solar wind features are forecast,3DayForecast,emailAlert
noaa solar radiation activity observation and forecast solar radiation as observed by noaa goes over the past hours was below sscale storm level thresholds,3DayForecast,emailAlert
solar radiation storm forecast for aug aug there is a slight chance for s minor solar radiation storms through aug noaa radio blackout activity and forecast radio blackouts reaching the r levels were observed over the past hours,3DayForecast,emailAlert
the largest was at aug utc,3DayForecast,emailAlert
radio blackout forecast for aug aug rr minormoderate radio blackouts are expected with a chance for r strong or greater events over  aug threedayforecasttxt nov utc prepared by the us dept,3DayForecast,emailAlert
of commerce noaa space weather prediction center noaa geomagnetic activity observation and forecast the greatest observed hr kp over the past hours was below noaa scale levels,3DayForecast,emailAlert
the greatest expected hr kp for nov nov is ,3DayForecast,emailAlert
below noaa scale levels,3DayForecast,emailAlert
noaa kp index breakdown nov nov no g minor or greater geomagnetic storms are expected,3DayForecast,emailAlert
noaa solar radiation activity observation and forecast solar radiation as observed by noaa goes over the past hours was below sscale storm level thresholds,3DayForecast,emailAlert
solar radiation storm forecast for nov nov there is a chance for the greater than mev proton flux to remain elevated but below the threshold over  nov noaa radio blackout activity and forecast radio blackouts reaching the r levels were observed over the past hours,3DayForecast,emailAlert
the largest was at nov utc,3DayForecast,emailAlert
radio blackout forecast for nov nov mclass rminor are expected with a chance for xclass rstrong through nov threedayforecasttxt jan utc prepared by the us dept,3DayForecast,emailAlert
of commerce noaa space weather prediction center noaa geomagnetic activity observation and forecast the greatest observed hr kp over the past hours was noaa scale g,3DayForecast,emailAlert
the greatest expected hr kp for jan jan is ,3DayForecast,emailAlert
noaa scale g,3DayForecast,emailAlert
noaa kp index breakdown jan jan isolated periods of g minor geomagnetic storming are expected on jan first due to lingering cme effects then to positive polarity ch hss effects,3DayForecast,emailAlert
g conditions are likely to continue into jan as ch hss influence persists,3DayForecast,emailAlert
noaa solar radiation activity observation and forecast solar radiation as observed by noaa goes over the past hours was below sscale storm level thresholds,3DayForecast,emailAlert
solar radiation storm forecast for jan jan a slight chance for an s minor solar radiation storm event will persist through jan given the current total disk potential,3DayForecast,emailAlert
noaa radio blackout activity and forecast radio blackouts reaching the r levels were observed over the past hours,3DayForecast,emailAlert
the largest was at jan utc,3DayForecast,emailAlert
radio blackout forecast for jan jan rr minormoderate radio blackouts are likely with a chance for an isolated r strong event through jan as mflares continue and region continues to evolve,3DayForecast,emailAlert
threedayforecasttxt jan utc prepared by the us dept,3DayForecast,emailAlert
of commerce noaa space weather prediction center noaa geomagnetic activity observation and forecast the greatest observed hr kp over the past hours was noaa scale g,3DayForecast,emailAlert
the greatest expected hr kp for jan jan is ,3DayForecast,emailAlert
noaa scale g,3DayForecast,emailAlert
noaa kp index breakdown jan jan isolated g periods remain likely on jan as ch hss effects persist,3DayForecast,emailAlert
noaa solar radiation activity observation and forecast solar radiation as observed by noaa goes over the past hours was above sscale storm level thresholds,3DayForecast,emailAlert
solar radiation storm forecast for jan jan an s minor solar radiation storm is expected to continue on jan a return to backgroundlike conditions is expected by jan where a slight chance for an event will remain for jan noaa radio blackout activity and forecast radio blackouts reaching the r levels were observed over the past hours,3DayForecast,emailAlert
the largest was at jan utc,3DayForecast,emailAlert
radio blackout forecast for jan jan rr minormoderate radio blackouts are expected with a chance for isolated r strong or greater events through jan as ar continues to mature and a number of active regions approach the western limb,3DayForecast,emailAlert
threedayforecasttxt feb utc prepared by the us dept,3DayForecast,emailAlert
of commerce noaa space weather prediction center noaa geomagnetic activity observation and forecast the greatest observed hr kp over the past hours was below noaa scale levels,3DayForecast,emailAlert
the greatest expected hr kp for feb feb is ,3DayForecast,emailAlert
below noaa scale levels,3DayForecast,emailAlert
noaa kp index breakdown feb feb no g minor or greater geomagnetic storms are expected,3DayForecast,emailAlert
no significant transient or recurrent solar wind features are forecast,3DayForecast,emailAlert
noaa solar radiation activity observation and forecast solar radiation as observed by noaa goes over the past hours was below sscale storm level thresholds,3DayForecast,emailAlert
solar radiation storm forecast for feb feb no s minor or greater solar radiation storms are expected,3DayForecast,emailAlert
no significant active region activity favorable for radiation storm production is forecast,3DayForecast,emailAlert
noaa radio blackout activity and forecast radio blackouts reaching the r levels were observed over the past hours,3DayForecast,emailAlert
the largest was at feb utc,3DayForecast,emailAlert
radio blackout forecast for feb feb solar activity is expected to be low with a chance for mclass rr minormoderate activity and a slight chance for xclass r strong activity through feb threedayforecasttxt jan utc prepared by the us dept,3DayForecast,emailAlert
of commerce noaa space weather prediction center noaa geomagnetic activity observation and forecast the greatest observed hr kp over the past hours was below noaa scale levels,3DayForecast,emailAlert
the greatest expected hr kp for jan jan is ,3DayForecast,emailAlert
below noaa scale levels,3DayForecast,emailAlert
noaa kp index breakdown jan jan no g minor or greater geomagnetic storms are expected,3DayForecast,emailAlert
no significant transient or recurrent solar wind features are forecast,3DayForecast,emailAlert
noaa solar radiation activity observation and forecast solar radiation as observed by noaa goes over the past hours was below sscale storm level thresholds,3DayForecast,emailAlert
solar radiation storm forecast for jan jan no s minor or greater solar radiation storms are expected,3DayForecast,emailAlert
no significant active region activity favorable for radiation storm production is forecast,3DayForecast,emailAlert
noaa radio blackout activity and forecast no radio blackouts were observed over the past hours,3DayForecast,emailAlert
radio blackout forecast for jan jan there is a chance for rr minormoderate radio blackout events over  jan threedayforecasttxt jan utc prepared by the us dept,3DayForecast,emailAlert
of commerce noaa space weather prediction center noaa geomagnetic activity observation and forecast the greatest observed hr kp over the past hours was noaa scale g,3DayForecast,emailAlert
the greatest expected hr kp for jan jan is ,3DayForecast,emailAlert
noaa scale g,3DayForecast,emailAlert
noaa kp index breakdown jan jan active to g minor storm levels are expected on  jan due to cme effects on and jan and ch hss effects on jan noaa solar radiation activity observation and forecast solar radiation as observed by noaa goes over the past hours was below sscale storm level thresholds,3DayForecast,emailAlert
solar radiation storm forecast for jan jan a slight chance for an s minor solar radiation storm event will persist through jan given the current total disk potential,3DayForecast,emailAlert
noaa radio blackout activity and forecast radio blackouts reaching the r levels were observed over the past hours,3DayForecast,emailAlert
the largest was at jan utc,3DayForecast,emailAlert
radio blackout forecast for jan jan mclass flares rrminormoderate are likely with a slight chance for isolated xclass flares rstrong through jan primarily due to the flare potential of regions and ,3DayForecast,emailAlert
threedayforecasttxt jan utc prepared by the us dept,3DayForecast,emailAlert
of commerce noaa space weather prediction center noaa geomagnetic activity observation and forecast the greatest observed hr kp over the past hours was noaa scale g,3DayForecast,emailAlert
the greatest expected hr kp for jan jan is ,3DayForecast,emailAlert
noaa scale g,3DayForecast,emailAlert
noaa kp index breakdown jan jan isolated periods of g minor geomagnetic storming are expected on jan first due to lingering cme effects then to positive polarity ch hss effects,3DayForecast,emailAlert
more ambient conditions are likely on  jan as ch hss influence persists,3DayForecast,emailAlert
noaa solar radiation activity observation and forecast solar radiation as observed by noaa goes over the past hours was above sscale storm level thresholds,3DayForecast,emailAlert
solar radiation storm forecast for jan jan s minor or greater solar radiation storms are currently observed at the mev threshold,3DayForecast,emailAlert
radiation storms are expected to continue into jan and decay to a chance on jan and a slight chance on jan noaa radio blackout activity and forecast radio blackouts reaching the r levels were observed over the past hours,3DayForecast,emailAlert
the largest was at jan utc,3DayForecast,emailAlert
radio blackout forecast for jan jan rr minormoderate radio blackouts are expected with a chance for an isolated r strong event through jan as mflares continue and region continues to evolve,3DayForecast,emailAlert
threedayforecasttxt feb utc prepared by the us dept,3DayForecast,emailAlert
of commerce noaa space weather prediction center noaa geomagnetic activity observation and forecast the greatest observed hr kp over the past hours was below noaa scale levels,3DayForecast,emailAlert
the greatest expected hr kp for feb feb is ,3DayForecast,emailAlert
noaa scale g,3DayForecast,emailAlert
noaa kp index breakdown feb feb g minor geomagnetic storms are likely on feb due to influence from a ch hss,3DayForecast,emailAlert
noaa solar radiation activity observation and forecast solar radiation as observed by noaa goes over the past hours was below sscale storm level thresholds,3DayForecast,emailAlert
solar radiation storm forecast for feb feb there is a slight chance for s minor or greater solar radiation storms over  feb noaa radio blackout activity and forecast radio blackouts reaching the r levels were observed over the past hours,3DayForecast,emailAlert
the largest was at feb utc,3DayForecast,emailAlert
radio blackout forecast for feb feb solar activity is likely to reach moderate levels rrminormoderate radio blackouts with a slight chance for isolated xclass rstrong events over  feb primarily due to potential from an active region cluster in the ne quadrant,3DayForecast,emailAlert
threedayforecasttxt feb utc prepared by the us dept,3DayForecast,emailAlert
of commerce noaa space weather prediction center noaa geomagnetic activity observation and forecast the greatest observed hr kp over the past hours was below noaa scale levels,3DayForecast,emailAlert
the greatest expected hr kp for feb feb is ,3DayForecast,emailAlert
below noaa scale levels,3DayForecast,emailAlert
noaa kp index breakdown feb feb no g minor or greater geomagnetic storms are expected,3DayForecast,emailAlert
noaa solar radiation activity observation and forecast solar radiation as observed by noaa goes over the past hours was below sscale storm level thresholds,3DayForecast,emailAlert
solar radiation storm forecast for feb feb there is a slight chance for s minor or greater solar radiation storms over the next three days,3DayForecast,emailAlert
noaa radio blackout activity and forecast radio blackouts reaching the r levels were observed over the past hours,3DayForecast,emailAlert
the largest was at feb utc,3DayForecast,emailAlert
radio blackout forecast for feb feb solar activity is likely to reach moderate levels rrminormoderate radio blackouts with a slight chance for isolated xclass rstrong events over  feb primarily due to potential from an active region cluster in the suns ne quadrant,3DayForecast,emailAlert
threedayforecasttxt feb utc prepared by the us dept,3DayForecast,emailAlert
of commerce noaa space weather prediction center noaa geomagnetic activity observation and forecast the greatest observed hr kp over the past hours was below noaa scale levels,3DayForecast,emailAlert
the greatest expected hr kp for feb feb is ,3DayForecast,emailAlert
below noaa scale levels,3DayForecast,emailAlert
noaa kp index breakdown feb feb no g minor or greater geomagnetic storms are expected,3DayForecast,emailAlert
no significant transient or recurrent solar wind features are forecast,3DayForecast,emailAlert
noaa solar radiation activity observation and forecast solar radiation as observed by noaa goes over the past hours was below sscale storm level thresholds,3DayForecast,emailAlert
solar radiation storm forecast for feb feb there is a slight chance for the greater than mev protons to cross the s minor or greater solar radiation storm alert threshold,3DayForecast,emailAlert
noaa radio blackout activity and forecast radio blackouts reaching the r levels were observed over the past hours,3DayForecast,emailAlert
the largest was at feb utc,3DayForecast,emailAlert
radio blackout forecast for feb feb rr minormoderate radio blackout events are expected with a slight chance for r strong events,3DayForecast,emailAlert
threedayforecasttxt jan utc prepared by the us dept,3DayForecast,emailAlert
of commerce noaa space weather prediction center noaa geomagnetic activity observation and forecast the greatest observed hr kp over the past hours was below noaa scale levels,3DayForecast,emailAlert
the greatest expected hr kp for jan jan is ,3DayForecast,emailAlert
below noaa scale levels,3DayForecast,emailAlert
noaa kp index breakdown jan jan no g minor or greater geomagnetic storms are expected,3DayForecast,emailAlert
no significant transient or recurrent solar wind features are forecast,3DayForecast,emailAlert
noaa solar radiation activity observation and forecast solar radiation as observed by noaa goes over the past hours was below sscale storm level thresholds,3DayForecast,emailAlert
solar radiation storm forecast for jan jan no s minor or greater solar radiation storms are expected,3DayForecast,emailAlert
no significant active region activity favorable for radiation storm production is forecast,3DayForecast,emailAlert
noaa radio blackout activity and forecast no radio blackouts were observed over the past hours,3DayForecast,emailAlert
radio blackout forecast for jan jan there is a chance for rr minormoderate radio blackout events over  jan threedayforecasttxt jan utc prepared by the us dept,3DayForecast,emailAlert
of commerce noaa space weather prediction center noaa geomagnetic activity observation and forecast the greatest observed hr kp over the past hours was below noaa scale levels,3DayForecast,emailAlert
the greatest expected hr kp for jan jan is ,3DayForecast,emailAlert
noaa scale g,3DayForecast,emailAlert
noaa kp index breakdown jan jan g minor geomagnetic storming is likely  jan first due to possible glancing cme effects from an event that left the sun on jan and then to recurrent positive polarity ch hss effects,3DayForecast,emailAlert
noaa solar radiation activity observation and forecast solar radiation as observed by noaa goes over the past hours was below sscale storm level thresholds,3DayForecast,emailAlert
solar radiation storm forecast for jan jan a slight chance for an s minor solar radiation storm event will persist through jan given the current total disk potential and as ar approaches the western limb,3DayForecast,emailAlert
noaa radio blackout activity and forecast radio blackouts reaching the r levels were observed over the past hours,3DayForecast,emailAlert
the largest was at jan utc,3DayForecast,emailAlert
radio blackout forecast for jan jan r minormoderate radio blackouts due to mclass flare activity are likely through jan event probabilities increase slightly on days and  jan as ars nw caobeta s l and sw daobeta approach the western limb,3DayForecast,emailAlert
threedayforecasttxt jan utc prepared by the us dept,3DayForecast,emailAlert
of commerce noaa space weather prediction center noaa geomagnetic activity observation and forecast the greatest observed hr kp over the past hours was below noaa scale levels,3DayForecast,emailAlert
the greatest expected hr kp for jan feb is ,3DayForecast,emailAlert
noaa scale g,3DayForecast,emailAlert
noaa kp index breakdown jan feb g minor or greater geomagnetic storms are likely late on jan through feb due to possible transient effects,3DayForecast,emailAlert
no significant transient or recurrent solar wind features are forecast for feb noaa solar radiation activity observation and forecast solar radiation as observed by noaa goes over the past hours was below sscale storm level thresholds,3DayForecast,emailAlert
solar radiation storm forecast for jan feb no s minor or greater solar radiation storms are expected,3DayForecast,emailAlert
no significant active region activity favorable for radiation storm production is forecast,3DayForecast,emailAlert
noaa radio blackout activity and forecast no radio blackouts were observed over the past hours,3DayForecast,emailAlert
radio blackout forecast for jan feb there is a chance for rr minormoderate radio blackout events through feb increasing to likely on feb threedayforecasttxt feb utc prepared by the us dept,3DayForecast,emailAlert
of commerce noaa space weather prediction center noaa geomagnetic activity observation and forecast the greatest observed hr kp over the past hours was below noaa scale levels,3DayForecast,emailAlert
the greatest expected hr kp for feb feb is ,3DayForecast,emailAlert
below noaa scale levels,3DayForecast,emailAlert
noaa kp index breakdown feb feb no g minor or greater geomagnetic storms are expected,3DayForecast,emailAlert
no significant transient or recurrent solar wind features are forecast,3DayForecast,emailAlert
noaa solar radiation activity observation and forecast solar radiation as observed by noaa goes over the past hours was below sscale storm level thresholds,3DayForecast,emailAlert
solar radiation storm forecast for feb feb there is a slight chance for s minor or greater solar radiation storms  feb noaa radio blackout activity and forecast radio blackouts reaching the r levels were observed over the past hours,3DayForecast,emailAlert
the largest was at feb utc,3DayForecast,emailAlert
radio blackout forecast for feb feb rr minormoderate radio blackout events are expected  feb with a slight chance for r strong events,3DayForecast,emailAlert
threedayforecasttxt feb utc prepared by the us dept,3DayForecast,emailAlert
of commerce noaa space weather prediction center noaa geomagnetic activity observation and forecast the greatest observed hr kp over the past hours was below noaa scale levels,3DayForecast,emailAlert
the greatest expected hr kp for feb feb is ,3DayForecast,emailAlert
below noaa scale levels,3DayForecast,emailAlert
noaa kp index breakdown feb feb no g minor or greater geomagnetic storms are expected,3DayForecast,emailAlert
no significant transient or recurrent solar wind features are forecast,3DayForecast,emailAlert
noaa solar radiation activity observation and forecast solar radiation as observed by noaa goes over the past hours was below sscale storm level thresholds,3DayForecast,emailAlert
solar radiation storm forecast for feb feb there is a chance for s minor or greater solar radiation storms due to the complex cluster of sunspot groups in the nw quadrant rotating closer to the western limb and thus a better potential magnetic connection with earth,3DayForecast,emailAlert
noaa radio blackout activity and forecast radio blackouts reaching the r levels were observed over the past hours,3DayForecast,emailAlert
the largest was at feb utc,3DayForecast,emailAlert
radio blackout forecast for feb feb rr minormoderate radio blackouts are expected through feb with a chance for r strong events due to several magnetically complex sunspot groups,3DayForecast,emailAlert
threedayforecasttxt jan utc prepared by the us dept,3DayForecast,emailAlert
of commerce noaa space weather prediction center noaa geomagnetic activity observation and forecast the greatest observed hr kp over the past hours was below noaa scale levels,3DayForecast,emailAlert
the greatest expected hr kp for jan jan is ,3DayForecast,emailAlert
below noaa scale levels,3DayForecast,emailAlert
noaa kp index breakdown jan jan no g minor or greater geomagnetic storms are expected,3DayForecast,emailAlert
noaa solar radiation activity observation and forecast solar radiation as observed by noaa goes over the past hours was below sscale storm level thresholds,3DayForecast,emailAlert
solar radiation storm forecast for jan jan there is a slight chance for s minor or greater solar radiation storms over  jan due to multiple complex regions on the visible disk,3DayForecast,emailAlert
noaa radio blackout activity and forecast radio blackouts reaching the r levels were observed over the past hours,3DayForecast,emailAlert
the largest was at jan utc,3DayForecast,emailAlert
radio blackout forecast for jan jan rr minormoderate radio blackouts are likely with a chance for r strong over  jan due to the flare potential of multiple complex regions on the visible disk,3DayForecast,emailAlert
threedayforecasttxt jan utc prepared by the us dept,3DayForecast,emailAlert
of commerce noaa space weather prediction center noaa geomagnetic activity observation and forecast the greatest observed hr kp over the past hours was below noaa scale levels,3DayForecast,emailAlert
the greatest expected hr kp for jan jan is ,3DayForecast,emailAlert
below noaa scale levels,3DayForecast,emailAlert
noaa kp index breakdown jan jan no g minor or greater geomagnetic storms are expected,3DayForecast,emailAlert
no significant transient or recurrent solar wind features are forecast,3DayForecast,emailAlert
noaa solar radiation activity observation and forecast solar radiation as observed by noaa goes over the past hours was below sscale storm level thresholds,3DayForecast,emailAlert
solar radiation storm forecast for jan jan there is a slight chance for s minor or greater solar radiation storms over  jun,3DayForecast,emailAlert
noaa radio blackout activity and forecast no radio blackouts were observed over the past hours,3DayForecast,emailAlert
radio blackout forecast for jan jan there is a chance for rr minormoderate radio blackout events on  jan with slight chance for r strong events over  jan due to the flare potential of multiple regions on the visible disk,3DayForecast,emailAlert
threedayforecasttxt jan utc prepared by the us dept,3DayForecast,emailAlert
of commerce noaa space weather prediction center noaa geomagnetic activity observation and forecast the greatest observed hr kp over the past hours was below noaa scale levels,3DayForecast,emailAlert
the greatest expected hr kp for jan jan is ,3DayForecast,emailAlert
noaa scale g,3DayForecast,emailAlert
noaa kp index breakdown jan jan g minor geomagnetic storming is likely with a chance for an isolated g moderate period by late on jan due to glancing effects from the periphery of the jan cme,3DayForecast,emailAlert
noaa solar radiation activity observation and forecast solar radiation as observed by noaa goes over the past hours was above sscale storm level thresholds,3DayForecast,emailAlert
solar radiation storm forecast for jan jan a slight chance for s minor solar radiation storming will persist on jan and through jan as multiple cme producing regions transit and exit the western limb,3DayForecast,emailAlert
noaa radio blackout activity and forecast radio blackouts reaching the r levels were observed over the past hours,3DayForecast,emailAlert
the largest was at jan utc,3DayForecast,emailAlert
radio blackout forecast for jan jan rr minormoderate radio blackouts are expected with a chance for isolated r strong or greater events through jan as ar continues to mature and a number of active regions approach the western limb,3DayForecast,emailAlert
probabilities decrease slightly on jan as multiple regions transit and exit the western limb but ar remains,3DayForecast,emailAlert
threedayforecasttxt jan utc prepared by the us dept,3DayForecast,emailAlert
of commerce noaa space weather prediction center noaa geomagnetic activity observation and forecast the greatest observed hr kp over the past hours was below noaa scale levels,3DayForecast,emailAlert
the greatest expected hr kp for jan jan is ,3DayForecast,emailAlert
below noaa scale levels,3DayForecast,emailAlert
noaa kp index breakdown jan jan no g minor or greater geomagnetic storms are expected,3DayForecast,emailAlert
no significant transient or recurrent solar wind features are forecast,3DayForecast,emailAlert
noaa solar radiation activity observation and forecast solar radiation as observed by noaa goes over the past hours was below sscale storm level thresholds,3DayForecast,emailAlert
solar radiation storm forecast for jan jan no s minor or greater solar radiation storms are expected,3DayForecast,emailAlert
no significant active region activity favorable for radiation storm production is forecast,3DayForecast,emailAlert
noaa radio blackout activity and forecast no radio blackouts were observed over the past hours,3DayForecast,emailAlert
radio blackout forecast for jan jan there is a chance for rr minormoderate radio blackout events over  jan threedayforecasttxt feb utc prepared by the us dept,3DayForecast,emailAlert
of commerce noaa space weather prediction center noaa geomagnetic activity observation and forecast the greatest observed hr kp over the past hours was below noaa scale levels,3DayForecast,emailAlert
the greatest expected hr kp for feb feb is ,3DayForecast,emailAlert
below noaa scale levels,3DayForecast,emailAlert
noaa kp index breakdown feb feb no g minor or greater geomagnetic storms are expected,3DayForecast,emailAlert
no significant transient or recurrent solar wind features are forecast,3DayForecast,emailAlert
noaa solar radiation activity observation and forecast solar radiation as observed by noaa goes over the past hours was below sscale storm level thresholds,3DayForecast,emailAlert
solar radiation storm forecast for feb feb there is a slight chance for s minor or greater solar radiation storms over the next three days,3DayForecast,emailAlert
noaa radio blackout activity and forecast radio blackouts reaching the r levels were observed over the past hours,3DayForecast,emailAlert
the largest was at feb utc,3DayForecast,emailAlert
radio blackout forecast for feb feb solar activity is likely to reach moderate levels rrminormoderate radio blackouts with a slight chance for isolated xclass rstrong events over  feb primarily due to potential from an active region cluster in the suns ne quadrant,3DayForecast,emailAlert
threedayforecasttxt jan utc prepared by the us dept,3DayForecast,emailAlert
of commerce noaa space weather prediction center noaa geomagnetic activity observation and forecast the greatest observed hr kp over the past hours was below noaa scale levels,3DayForecast,emailAlert
the greatest expected hr kp for jan jan is ,3DayForecast,emailAlert
below noaa scale levels,3DayForecast,emailAlert
noaa kp index breakdown jan jan no g minor or greater geomagnetic storms are expected,3DayForecast,emailAlert
noaa solar radiation activity observation and forecast solar radiation as observed by noaa goes over the past hours was below sscale storm level thresholds,3DayForecast,emailAlert
solar radiation storm forecast for jan jan there is a slight chance for s minor or greater solar radiation storms over  jan due to multiple complex regions on the visible disk,3DayForecast,emailAlert
noaa radio blackout activity and forecast radio blackouts reaching the r levels were observed over the past hours,3DayForecast,emailAlert
the largest was at jan utc,3DayForecast,emailAlert
radio blackout forecast for jan jan rr minormoderate radio blackouts are likely with a chance for r strong over  jan due to multiple complex regions on the visible disk,3DayForecast,emailAlert
threedayforecasttxt feb utc prepared by the us dept,3DayForecast,emailAlert
of commerce noaa space weather prediction center noaa geomagnetic activity observation and forecast the greatest observed hr kp over the past hours was below noaa scale levels,3DayForecast,emailAlert
the greatest expected hr kp for feb feb is ,3DayForecast,emailAlert
noaa scale g,3DayForecast,emailAlert
noaa kp index breakdown feb feb g minor storm periods are likely on feb due to onset of a subsequent negative polarity ch hss,3DayForecast,emailAlert
noaa solar radiation activity observation and forecast solar radiation as observed by noaa goes over the past hours was below sscale storm level thresholds,3DayForecast,emailAlert
solar radiation storm forecast for feb feb no s minor or greater solar radiation storms are expected,3DayForecast,emailAlert
no significant active region activity favorable for radiation storm production is forecast,3DayForecast,emailAlert
noaa radio blackout activity and forecast radio blackouts reaching the r levels were observed over the past hours,3DayForecast,emailAlert
the largest was at feb utc,3DayForecast,emailAlert
radio blackout forecast for feb feb solar activity is expected to be low with a chance for rr minormoderate activity on  feb threedayforecasttxt jan utc prepared by the us dept,3DayForecast,emailAlert
of commerce noaa space weather prediction center noaa geomagnetic activity observation and forecast the greatest observed hr kp over the past hours was below noaa scale levels,3DayForecast,emailAlert
the greatest expected hr kp for jan jan is ,3DayForecast,emailAlert
below noaa scale levels,3DayForecast,emailAlert
noaa kp index breakdown jan jan no g minor or greater geomagnetic storms are expected,3DayForecast,emailAlert
no significant transient or recurrent solar wind features are forecast,3DayForecast,emailAlert
noaa solar radiation activity observation and forecast solar radiation as observed by noaa goes over the past hours was below sscale storm level thresholds,3DayForecast,emailAlert
solar radiation storm forecast for jan jan a slight chance for s minor solar radiation storming will persist through jan as multiple cme producing regions transit and exit the western limb,3DayForecast,emailAlert
noaa radio blackout activity and forecast no radio blackouts were observed over the past hours,3DayForecast,emailAlert
radio blackout forecast for jan jan rr minormoderate radio blackouts are likely with a slight chance for isolated r strong or greater events through jan this is based on the magnetic complexity and persistent activity of region ,3DayForecast,emailAlert
threedayforecasttxt jan utc prepared by the us dept,3DayForecast,emailAlert
of commerce noaa space weather prediction center noaa geomagnetic activity observation and forecast the greatest observed hr kp over the past hours was below noaa scale levels,3DayForecast,emailAlert
the greatest expected hr kp for jan jan is ,3DayForecast,emailAlert
below noaa scale levels,3DayForecast,emailAlert
noaa kp index breakdown jan jan no g minor or greater geomagnetic storms are expected,3DayForecast,emailAlert
no significant transient or recurrent solar wind features are forecast,3DayForecast,emailAlert
noaa solar radiation activity observation and forecast solar radiation as observed by noaa goes over the past hours was below sscale storm level thresholds,3DayForecast,emailAlert
solar radiation storm forecast for jan jan no s minor or greater solar radiation storms are expected,3DayForecast,emailAlert
no significant active region activity favorable for radiation storm production is forecast,3DayForecast,emailAlert
noaa radio blackout activity and forecast no radio blackouts were observed over the past hours,3DayForecast,emailAlert
radio blackout forecast for jan jan there is a chance for rr minormoderate events over  jan with a slight chance for an r or greater event on  jan threedayforecasttxt jan utc prepared by the us dept,3DayForecast,emailAlert
of commerce noaa space weather prediction center noaa geomagnetic activity observation and forecast the greatest observed hr kp over the past hours was below noaa scale levels,3DayForecast,emailAlert
the greatest expected hr kp for jan jan is ,3DayForecast,emailAlert
below noaa scale levels,3DayForecast,emailAlert
noaa kp index breakdown jan jan no g minor or greater geomagnetic storms are expected,3DayForecast,emailAlert
no significant transient or recurrent solar wind features are forecast,3DayForecast,emailAlert
noaa solar radiation activity observation and forecast solar radiation as observed by noaa goes over the past hours was below sscale storm level thresholds,3DayForecast,emailAlert
solar radiation storm forecast for jan jan a slight chance for s minor solar radiation storming will persist through jan as multiple cme producing regions transit and exit the western limb,3DayForecast,emailAlert
noaa radio blackout activity and forecast radio blackouts reaching the r levels were observed over the past hours,3DayForecast,emailAlert
the largest was at jan utc,3DayForecast,emailAlert
radio blackout forecast for jan jan rr minormoderate radio blackouts are likely with a slight chance for isolated r strong or greater events through jan this is based on the magnetic complexity and persistent activity of region ,3DayForecast,emailAlert
threedayforecasttxt feb utc prepared by the us dept,3DayForecast,emailAlert
of commerce noaa space weather prediction center noaa geomagnetic activity observation and forecast the greatest observed hr kp over the past hours was noaa scale g,3DayForecast,emailAlert
the greatest expected hr kp for feb feb is ,3DayForecast,emailAlert
noaa scale g,3DayForecast,emailAlert
noaa kp index breakdown feb feb g minor geomagnetic storming is likely on feb noaa solar radiation activity observation and forecast solar radiation as observed by noaa goes over the past hours was below sscale storm level thresholds,3DayForecast,emailAlert
solar radiation storm forecast for feb feb no s minor or greater solar radiation storms are expected,3DayForecast,emailAlert
no significant active region activity favorable for radiation storm production is forecast,3DayForecast,emailAlert
noaa radio blackout activity and forecast no radio blackouts were observed over the past hours,3DayForecast,emailAlert
radio blackout forecast for feb feb there is a chance for rr minormoderate radio blackouts over  feb threedayforecasttxt jan utc prepared by the us dept,3DayForecast,emailAlert
of commerce noaa space weather prediction center noaa geomagnetic activity observation and forecast the greatest observed hr kp over the past hours was below noaa scale levels,3DayForecast,emailAlert
the greatest expected hr kp for jan jan is ,3DayForecast,emailAlert
below noaa scale levels,3DayForecast,emailAlert
noaa kp index breakdown jan jan no g minor or greater geomagnetic storms are expected,3DayForecast,emailAlert
no significant transient or recurrent solar wind features are forecast,3DayForecast,emailAlert
noaa solar radiation activity observation and forecast solar radiation as observed by noaa goes over the past hours was below sscale storm level thresholds,3DayForecast,emailAlert
solar radiation storm forecast for jan jan no s minor or greater solar radiation storms are expected,3DayForecast,emailAlert
no significant active region activity favorable for radiation storm production is forecast,3DayForecast,emailAlert
noaa radio blackout activity and forecast no radio blackouts were observed over the past hours,3DayForecast,emailAlert
radio blackout forecast for jan jan there remains a chance for rr minormoderate radio blackouts with a slight chance for r strong over  jan threedayforecasttxt jan utc prepared by the us dept,3DayForecast,emailAlert
of commerce noaa space weather prediction center noaa geomagnetic activity observation and forecast the greatest observed hr kp over the past hours was below noaa scale levels,3DayForecast,emailAlert
the greatest expected hr kp for jan jan is ,3DayForecast,emailAlert
below noaa scale levels,3DayForecast,emailAlert
noaa kp index breakdown jan jan no g minor or greater geomagnetic storms are expected,3DayForecast,emailAlert
no significant transient or recurrent solar wind features are forecast,3DayForecast,emailAlert
noaa solar radiation activity observation and forecast solar radiation as observed by noaa goes over the past hours was below sscale storm level thresholds,3DayForecast,emailAlert
solar radiation storm forecast for jan jan there is a slight chance for s minor or greater solar radiation storms over  jan due to multiple complex regions on the visible disk,3DayForecast,emailAlert
noaa radio blackout activity and forecast no radio blackouts were observed over the past hours,3DayForecast,emailAlert
radio blackout forecast for jan jan rr minormoderate radio blackouts are likely with a chance for r strong over  jan due to the flare potential of multiple complex regions on the visible disk,3DayForecast,emailAlert
threedayforecasttxt feb utc prepared by the us dept,3DayForecast,emailAlert
of commerce noaa space weather prediction center noaa geomagnetic activity observation and forecast the greatest observed hr kp over the past hours was below noaa scale levels,3DayForecast,emailAlert
the greatest expected hr kp for feb feb is ,3DayForecast,emailAlert
below noaa scale levels,3DayForecast,emailAlert
noaa kp index breakdown feb feb no g minor or greater geomagnetic storms are expected,3DayForecast,emailAlert
no significant transient or recurrent solar wind features are forecast,3DayForecast,emailAlert
noaa solar radiation activity observation and forecast solar radiation as observed by noaa goes over the past hours was below sscale storm level thresholds,3DayForecast,emailAlert
solar radiation storm forecast for feb feb there is a slight chance for the greater than mev proton flux to reach s minor storm levels over  feb noaa radio blackout activity and forecast radio blackouts reaching the r levels were observed over the past hours,3DayForecast,emailAlert
the largest was at feb utc,3DayForecast,emailAlert
radio blackout forecast for feb feb rr minormoderate events are likely with a slight chance for r strong or greater events over  feb,3DayForecast,emailAlert
message space weather message code altkrnserial number rnissue time feb utcrnrnalert geomagnetic kindex of rn threshold reached feb utcrnsynoptic period  utcrn rnactive warning yesrnnoaa scale g  minorrnrnnoaa space weather scale descriptions can be found atrnwwwswpcnoaagovnoaascalesexplanationrnrnpotential impacts area of impact primarily poleward of degrees geomagnetic latituderninduced currents  weak power grid fluctuations can occurrnspacecraft  minor impact on satellite operations possiblernaurora  aurora may be visible at high latitudes ie northern tier of the us such as northern michigan and maine,AlertsWarningsWatch,emailAlert
message space weather message code warkrnserial number rnissue time feb utcrnrnextended warning geomagnetic kindex of expectedrnextension to serial number rnvalid from feb utcrnnow valid until feb utcrnwarning condition persistencernrnnoaa space weather scale descriptions can be found atrnwwwswpcnoaagovnoaascalesexplanationrnrnpotential impacts area of impact primarily poleward of degrees geomagnetic latituderninduced currents  weak power grid fluctuations can occurrnspacecraft  minor impact on satellite operations possiblernaurora  aurora may be visible at high latitudes ie northern tier of the us such as northern michigan and maine,AlertsWarningsWatch,emailAlert
message space weather message code warkrnserial number rnissue time feb utcrnrnextended warning geomagnetic kindex of expectedrnextension to serial number rnvalid from feb utcrnnow valid until feb utcrnwarning condition persistencernrnnoaa space weather scale descriptions can be found atrnwwwswpcnoaagovnoaascalesexplanationrnrnpotential impacts area of impact primarily poleward of degrees geomagnetic latituderninduced currents  weak power grid fluctuations can occurrnaurora  aurora may be visible at high latitudes such as canada and alaska,AlertsWarningsWatch,emailAlert
message space weather message code altkrnserial number rnissue time feb utcrnrnalert geomagnetic kindex of rn threshold reached feb utcrnsynoptic period  utcrn rnactive warning yesrnnoaa scale g  moderaternrnnoaa space weather scale descriptions can be found atrnwwwswpcnoaagovnoaascalesexplanationrnrnpotential impacts area of impact primarily poleward of degrees geomagnetic latituderninduced currents  power grid fluctuations can occur,AlertsWarningsWatch,emailAlert
highlatitude power systems may experience voltage alarmsrnspacecraft  satellite orientation irregularities may occur increased drag on low earthorbit satellites is possiblernradio  hf high frequency radio propagation can fade at higher latitudesrnaurora  aurora may be seen as low as new york to wisconsin to washington state,AlertsWarningsWatch,emailAlert
message space weather message code warkrnserial number rnissue time feb utcrnrnwarning geomagnetic kindex of expectedrnvalid from feb utcrnvalid to feb utcrnwarning condition onsetrnnoaa scale g  moderaternrnnoaa space weather scale descriptions can be found atrnwwwswpcnoaagovnoaascalesexplanationrnrnpotential impacts area of impact primarily poleward of degrees geomagnetic latituderninduced currents  power grid fluctuations can occur,AlertsWarningsWatch,emailAlert
highlatitude power systems may experience voltage alarmsrnspacecraft  satellite orientation irregularities may occur increased drag on low earthorbit satellites is possiblernradio  hf high frequency radio propagation can fade at higher latitudesrnaurora  aurora may be seen as low as new york to wisconsin to washington state,AlertsWarningsWatch,emailAlert
message space weather message code altkrnserial number rnissue time feb utcrnrnalert geomagnetic kindex of rn threshold reached feb utcrnsynoptic period  utcrn rnactive warning yesrnrnnoaa space weather scale descriptions can be found atrnwwwswpcnoaagovnoaascalesexplanationrnrnpotential impacts area of impact primarily poleward of degrees geomagnetic latituderninduced currents  weak power grid fluctuations can occurrnaurora  aurora may be visible at high latitudes such as canada and alaska,AlertsWarningsWatch,emailAlert
message space weather message code sumpxrnserial number rnissue time feb utcrnrnsummary proton event mev integral flux exceeded pfurnbegin time feb utcrnmaximum time feb utcrnend time feb utcrnmaximum mev flux pfurnnoaa scale s  minorrnrnnoaa space weather scale descriptions can be found atrnwwwswpcnoaagovnoaascalesexplanation message space weather message code warpxrnserial number rnissue time feb utcrnrnextended warning proton mev integral flux above pfu expectedrnextension to serial number rnvalid from feb utcrnnow valid until feb utcrnwarning condition persistencernpredicted noaa scale s  minorrnrnnoaa space weather scale descriptions can be found atrnwwwswpcnoaagovnoaascalesexplanationrnrnpotential impacts radio  minor impacts on polar hf high frequency radio propagation resulting in fades at lower frequencies,AlertsWarningsWatch,emailAlert
message space weather message code sumrrnserial number rnissue time feb utcrnrnsummary cm radio burstrnbegin time feb utcrnmaximum time feb utcrnend time feb utcrnduration minutesrnpeak flux sfurnlatest penticton noon flux sfurnrnrnrndescription a cm radio burst indicates that the electromagnetic burst associated with a solar flare at the cm wavelength was double or greater than the initial cm radio background,AlertsWarningsWatch,emailAlert
this can be indicative of significant radio noise in association with a solar flare,AlertsWarningsWatch,emailAlert
this noise is generally shortlived but can cause interference for sensitive receivers including radar gps and satellite communications,AlertsWarningsWatch,emailAlert
message space weather message code alttprnserial number rnissue time feb utcrnrnalert type iv radio emissionrnbegin time feb utcrnrnrnrndescription type iv emissions occur in association with major eruptions on the sun and are typically associated with strong coronal mass ejections and solar radiation storms,AlertsWarningsWatch,emailAlert
message space weather message code alttprnserial number rnissue time feb utcrnrnalert type ii radio emissionrnbegin time feb utcrnestimated velocity kmsrnrnrnrndescription type ii emissions occur in association with eruptions on the sun and typically indicate a coronal mass ejection is associated with a flare event,AlertsWarningsWatch,emailAlert
message space weather message code altpxrnserial number rnissue time feb utcrnrnalert proton event mev integral flux exceeded pfurnbegin time feb utcrnnoaa scale s  minorrnrnnoaa space weather scale descriptions can be found atrnwwwswpcnoaagovnoaascalesexplanationrnrnpotential impacts radio  minor impacts on polar hf high frequency radio propagation resulting in fades at lower frequencies,AlertsWarningsWatch,emailAlert
message space weather message code sumxrnserial number rnissue time feb utcrnrnsummary xray event exceeded xrnbegin time feb utcrnmaximum time feb utcrnend time feb utcrnxray class xrnlocation nwrnnoaa scale r  strongrnrnnoaa space weather scale descriptions can be found atrnwwwswpcnoaagovnoaascalesexplanationrnrnpotential impacts area of impact consists of large portions of the sunlit side of earth strongest at the subsolar pointrnradio  wide area blackout of hf high frequency radio communication for about an hour,AlertsWarningsWatch,emailAlert
message space weather message code altxmfrnserial number rnissue time feb utcrnrnalert xray flux exceeded mrnthreshold reached feb utcrnnoaa scale r  moderaternrnnoaa space weather scale descriptions can be found atrnwwwswpcnoaagovnoaascalesexplanationrnrnpotential impacts area of impact centered on subsolar point on the sunlit side of earth,AlertsWarningsWatch,emailAlert
extent of blackout of hf high frequency radio communication dependent upon current xray flux intensity,AlertsWarningsWatch,emailAlert
for realtime information on affected area and expected duration please see message space weather message code altefrnserial number rnissue time feb utcrnrncontinued alert electron mev integral flux exceeded pfurncontinuation of serial number rnbegin time feb utcrnyesterday maximum mev flux pfurnrnrnrnpotential impacts satellite systems may experience significant charging resulting in increased risk to satellite systems,AlertsWarningsWatch,emailAlert
message space weather message code watarnserial number rnissue time feb utcrnrnwatch geomagnetic storm category g predictedrnrnhighest storm level predicted by dayrnfeb  g minor feb  none below g feb  none below grnrnthis supersedes anyall prior watches in effectrnrnnoaa space weather scale descriptions can be found atrnwwwswpcnoaagovnoaascalesexplanationrnrnpotential impacts area of impact primarily poleward of degrees geomagnetic latituderninduced currents  weak power grid fluctuations can occurrnspacecraft  minor impact on satellite operations possiblernaurora  aurora may be visible at high latitudes ie northern tier of the us such as northern michigan and maine,AlertsWarningsWatch,emailAlert
message space weather message code sumxmrnserial number rnissue time feb utcrnrnsummary xray event exceeded mrnbegin time feb utcrnmaximum time feb utcrnend time feb utcrnxray class mrnlocation nwrnnoaa scale r  moderaternrncomment chance of an associated proton event later on the utc dayrnrnnoaa space weather scale descriptions can be found atrnwwwswpcnoaagovnoaascalesexplanationrnrnpotential impacts area of impact centered primarily on subsolar point on the sunlit side of earthrnradio  limited blackout of hf high frequency radio communication for tens of minutes,AlertsWarningsWatch,emailAlert
product forecastdiscussiontxt issued apr utc prepared by the us dept,ForecastDiscussion,emailAlert
of commerce noaa space weather prediction center solar activity ,ForecastDiscussion,emailAlert
hr summary solar activity reached low levels with numerous low level cclass flares observed,ForecastDiscussion,emailAlert
most of the flare activity was produced by regions beyond the east and west limbs,ForecastDiscussion,emailAlert
region nw hsxalpha exhibited decay and remained quiet,ForecastDiscussion,emailAlert
region se csobetagamma continued to decay while producing cclass activity,ForecastDiscussion,emailAlert
region ne csobeta was numbered this period but was otherwise unremarkable,ForecastDiscussion,emailAlert
from  utc an approximately degree long filament centered near nw was observed lifting off the solar disk,ForecastDiscussion,emailAlert
corresponding dimming was observed in suvi imagery and a filament eruption was observed lifting off to the east in suvi ,ForecastDiscussion,emailAlert
the resulting coronagraph imagery is being analyzed and modeled at the time of this summary,ForecastDiscussion,emailAlert
no other potentially earthdirected cmes were observed,ForecastDiscussion,emailAlert
forecast solar activity will likely to continue at low levels on apr with a slight chance for mclass flare activity,ForecastDiscussion,emailAlert
probabilities increase for  apr to a chance for isolated mclass flare activity with the anticipated return of old ar ,ForecastDiscussion,emailAlert
energetic particles ,ForecastDiscussion,emailAlert
hr summary the greater than mev proton flux was at background levels,ForecastDiscussion,emailAlert
the greater than mev electron flux was at normal to moderate levels,ForecastDiscussion,emailAlert
forecast the greater than mev proton flux is expected to remain at background levels,ForecastDiscussion,emailAlert
the greater than mev electron flux is expected to continue at normal to moderate levels through apr,ForecastDiscussion,emailAlert
solar wind ,ForecastDiscussion,emailAlert
hr summary solar wind parameters reflected weak positive polarity ch hss influences,ForecastDiscussion,emailAlert
total field ranged  nt the bz component was  nt with no significant sustained southward deflections and solar wind speeds averaged near kms,ForecastDiscussion,emailAlert
phi was predominantly positive,ForecastDiscussion,emailAlert
forecast weak enhancements in the solar wind environment are anticipated to wane over the course of apr with a return to nominal conditions on apr,ForecastDiscussion,emailAlert
disturbances are expected once again on apr due to negative polarity ch hss influences,ForecastDiscussion,emailAlert
geospace ,ForecastDiscussion,emailAlert
hr summary the geomagnetic field was at quiet to unsettled levels,ForecastDiscussion,emailAlert
forecast quiet to unsettled conditions with a chance for isolated active periods are expected on and apr due to ch hss effects,ForecastDiscussion,emailAlert
a primarily quiet environment is expected on apr,ForecastDiscussion,emailAlert
product forecastdiscussiontxt issued dec utc prepared by the us dept,ForecastDiscussion,emailAlert
of commerce noaa space weather prediction center solar activity ,ForecastDiscussion,emailAlert
hr summary solar flare activity reached moderate levels,ForecastDiscussion,emailAlert
region se bxobeta produced an m flare at utc the largest of the period and exhibited decay throughout the period,ForecastDiscussion,emailAlert
region sw daibetagamma exhibited moderate growth but remained quiet,ForecastDiscussion,emailAlert
the remaining regions were either stable or in decay,ForecastDiscussion,emailAlert
no earthdirected cmes were detected,ForecastDiscussion,emailAlert
forecast rr minormoderate radio blackouts are likely over  dec energetic particle ,ForecastDiscussion,emailAlert
hr summary the greater than mev electron flux reached moderate levels and the greater than mev proton flux remained at background levels,ForecastDiscussion,emailAlert
forecast the greater than mev electron flux is expected to remain at normal to moderate levels over  dec the greater than mev proton flux is expected to remain at background levels through dec solar wind ,ForecastDiscussion,emailAlert
hr summary solar wind parameters were at nominal levels,ForecastDiscussion,emailAlert
total field reached nt and the bz component varied between  nt,ForecastDiscussion,emailAlert
solar wind speeds ranged between  kms,ForecastDiscussion,emailAlert
phi was predominantly positive,ForecastDiscussion,emailAlert
forecast solar wind parameters are expected to remain at nominal levels on dec on dec an increase in solar wind parameters is likely due to influence from an equatorial positive polarity ch hss,ForecastDiscussion,emailAlert
geospace ,ForecastDiscussion,emailAlert
hr summary the geomagnetic field was quiet and unsettled,ForecastDiscussion,emailAlert
forecast the geomagnetic field is expected to be quiet and unsettled on dec unsettled conditions with a chance for isolated active periods are expected on  dec under positive polarity ch hss effects,ForecastDiscussion,emailAlert
product forecastdiscussiontxt issued dec utc prepared by the us dept,ForecastDiscussion,emailAlert
of commerce noaa space weather prediction center solar activity ,ForecastDiscussion,emailAlert
hr summary solar activity reached high levels this period,ForecastDiscussion,emailAlert
region se fkcbetagammadelta produced an impulsive m flare rmoderate at utc the largest event of the period,ForecastDiscussion,emailAlert
development continued among the cluster of active regions in the se quadrant with a few small delta spots emerging,ForecastDiscussion,emailAlert
a new spot region appeared near sw but has not been numbered at the time of this writing,ForecastDiscussion,emailAlert
model analysis of a large cme associated with the m flare at utc and visible in lasco c imagery beginning at utc off the south indicated a possible arrival at earth during the later half of dec forecast mclass flare activity is likely rrminormoderate with a slight chance for an isolated xclass flare rstrong over  dec energetic particle ,ForecastDiscussion,emailAlert
hr summary the greater than mev proton flux remained elevated above background but well below the s threshold mostly due to activity that erupted on the far side of the sun over dec the greater than mev electron flux crossed the alert threshold at utc with a peak flux of pfu at utc and decreasing below the threshold at utc,ForecastDiscussion,emailAlert
forecast there remains a slight chance for the greater than mev proton flux to reach s minor levels over  dec the greater than mev electron flux is expected to continue at normal to moderate levels through dec solar wind ,ForecastDiscussion,emailAlert
hr summary solar wind parameters were weakly enhanced this period,ForecastDiscussion,emailAlert
total field reached a peak of nt and bz varied between  nt solar wind speeds ranged from  kms and the phi angle was predominantly negative,ForecastDiscussion,emailAlert
forecast enhanced solar wind conditions are expected to prevail over  dec negative polarity ch hss influences are expected over  dec and there is a chance to see the glancing influences of a cme from dec on dec and more direct influence from a cme from dec on dec geospace ,ForecastDiscussion,emailAlert
hr summary the geomagnetic field ranged from quiet to active levels,ForecastDiscussion,emailAlert
forecast g minor storming conditions are expected on dec with a slight chance for isolated g moderate periods due to the arrival of a cme from dec waning influence may carry through dec where it could interact with a positive polarity coronal hole producing largely unsettled conditions with isolated active periods,ForecastDiscussion,emailAlert
the geomagnetic field is expected to be quiet and unsettled with a chance for isolated active periods on dec due to negative polarity ch hss influence plus additional enhancement from the glancing influences of a cme that left the sun on dec product forecastdiscussiontxt issued mar utc prepared by the us dept,ForecastDiscussion,emailAlert
of commerce noaa space weather prediction center solar activity ,ForecastDiscussion,emailAlert
hr summary solar activity was at low levels,ForecastDiscussion,emailAlert
only lowlevel cclass activity was observed,ForecastDiscussion,emailAlert
newly numbered region sw crobeta was simple and relatively quiet much like the remaining four spotted regions on the visible disk,ForecastDiscussion,emailAlert
other activity included a filament eruption just north of center disk beginning utc,ForecastDiscussion,emailAlert
further coronagraph imagery is required to identify and analyze any potential cme associated with the event,ForecastDiscussion,emailAlert
forecast solar activity is expected to be low on mar,ForecastDiscussion,emailAlert
very low to low levels are likely on  mar,ForecastDiscussion,emailAlert
energetic particle ,ForecastDiscussion,emailAlert
hr summary the greater than mev proton flux slowly became enhanced after utc following activity from region beyond the w limb and reached s minor levels beginning utc,ForecastDiscussion,emailAlert
the greater than mev electron flux was at normal to moderate levels,ForecastDiscussion,emailAlert
forecast the greater than mev proton flux is expected to continue at s minor levels on mar with a chance for s conditions to persist into mar,ForecastDiscussion,emailAlert
proton flux levels are expected to be well below s levels over mar,ForecastDiscussion,emailAlert
the greater than mev electron flux is expected to be at normal to moderate levels on  mar,ForecastDiscussion,emailAlert
solar wind ,ForecastDiscussion,emailAlert
hr summary solar wind conditions were weakly enhanced due to positive polarity ch hss influences,ForecastDiscussion,emailAlert
solar wind speeds near kms for most of the period,ForecastDiscussion,emailAlert
total magnetic field strength was at or below nt and the bz component was mostly positive,ForecastDiscussion,emailAlert
phi angle was predominantly positive,ForecastDiscussion,emailAlert
forecast weakly enhanced solar wind conditions are expected to prevail over  mar due to continued ch hss influences,ForecastDiscussion,emailAlert
background levels are expected to return by mar,ForecastDiscussion,emailAlert
geospace ,ForecastDiscussion,emailAlert
hr summary the geomagnetic field was at quiet,ForecastDiscussion,emailAlert
forecast the geomagnetic field is expected to range from quiet to unsettled over  mar due to continued ch hss influences,ForecastDiscussion,emailAlert
quiet conditions are expected on mar,ForecastDiscussion,emailAlert
product forecastdiscussiontxt issued apr utc prepared by the us dept,ForecastDiscussion,emailAlert
of commerce noaa space weather prediction center solar activity ,ForecastDiscussion,emailAlert
hr summary solar activity reached moderate rminor levels due to an impulsive msf at utc from region se crobeta,ForecastDiscussion,emailAlert
multiple cclass flares were also observed just beyond the se limb,ForecastDiscussion,emailAlert
slight growth was observed in region nw dkibeta,ForecastDiscussion,emailAlert
the rest of the spot groups were relatively stable or slightly decaying,ForecastDiscussion,emailAlert
a cme was observed off the n limb in soholasco c imagery beginning at utc likely associated with a c flare at utc from region ,ForecastDiscussion,emailAlert
analysis is in progress however given its northerly trajectory an earthdirected component is unlikely,ForecastDiscussion,emailAlert
forecast solar activity is expected to be low with a chance for mclass flares rrminormoderate on  apr,ForecastDiscussion,emailAlert
energetic particle ,ForecastDiscussion,emailAlert
hr summary the greater than mev proton flux was at background levels,ForecastDiscussion,emailAlert
the greater than mev electron flux was at normal to moderate levels,ForecastDiscussion,emailAlert
forecast the greater than mev proton flux is expected to remain at background levels,ForecastDiscussion,emailAlert
the greater than mev electron flux is expected to continue at normal to moderate levels through apr,ForecastDiscussion,emailAlert
solar wind ,ForecastDiscussion,emailAlert
hr summary solar wind parameters were at nominal levels with solar wind speed averaging around kms,ForecastDiscussion,emailAlert
total field ranged from  nt with the bz component between  nt,ForecastDiscussion,emailAlert
phi angle was predominately positive,ForecastDiscussion,emailAlert
forecast solar wind conditions are expected to become enhanced on apr and continuing through apr due to the anticipated arrival of cmes from and apr in addition to continued ch hss influences,ForecastDiscussion,emailAlert
solar wind parameters are expected to recover to nominal levels on apr,ForecastDiscussion,emailAlert
geospace ,ForecastDiscussion,emailAlert
hr summary the geomagnetic field was quiet,ForecastDiscussion,emailAlert
forecast unsettled to active levels are expected with periods of g minor storming likely beginning late on apr and continuing through apr due to the passage of cmes from and apr combined with ch hss influences,ForecastDiscussion,emailAlert
quiet to unsettled levels are expected on apr as conditions wane,ForecastDiscussion,emailAlert
product forecastdiscussiontxt issued aug utc prepared by the us dept,ForecastDiscussion,emailAlert
of commerce noaa space weather prediction center solar activity ,ForecastDiscussion,emailAlert
hr summary solar activity reached moderate levels,ForecastDiscussion,emailAlert
region sw dkibetagamma produced the strongest flare of the period an m flare rminor at utc,ForecastDiscussion,emailAlert
minor evolutions were seen mostly in the intermediate spots of regions  sw ekcbetagamma se ekibetagamma and sw ekibetagamma,ForecastDiscussion,emailAlert
the remaining regions were relatively stable,ForecastDiscussion,emailAlert
regions ne dsobeta and se hsxalpha were numbered as they further rotated onto visible disk from the e limb,ForecastDiscussion,emailAlert
no earthdirected cmes were observed in available coronagraph imagery,ForecastDiscussion,emailAlert
forecast mclass flares rr minormoderate are likely with a chance for xclass flares rstrong through aug due to the flare potential of multiple complex regions on the visible disk,ForecastDiscussion,emailAlert
energetic particle ,ForecastDiscussion,emailAlert
hr summary the greater than mev proton flux has remained at background levels,ForecastDiscussion,emailAlert
the greater than mev electron flux was at normal to moderate levels,ForecastDiscussion,emailAlert
forecast there is a slight chance for the greater than mev proton flux to reach s minor storm levels over  aug the greater than mev electron flux is expected to continue at normal to moderate levels throughout the period,ForecastDiscussion,emailAlert
solar wind ,ForecastDiscussion,emailAlert
hr summary the solar wind environment was at background levels,ForecastDiscussion,emailAlert
total field strength was steady at around nt and the bz component varied  nt,ForecastDiscussion,emailAlert
solar wind speed decreased from kms to kms over the course of the day,ForecastDiscussion,emailAlert
phi angle was positive,ForecastDiscussion,emailAlert
forecast solar wind parameters are expected to be at or near background levels on aug slightly enhanced solar wind conditions are possible over  aug due to the anticipated glancingblow arrival of a cme that left the sun on aug geospace ,ForecastDiscussion,emailAlert
hr summary the geomagnetic field was at quiet levels,ForecastDiscussion,emailAlert
forecast the geomagnetic field is likely to continue at mostly quiet levels on aug periods of active conditions are possible over  aug due to the anticipated influence of the periphery of a cme that left the sun on aug product forecastdiscussiontxt issued dec utc prepared by the us dept,ForecastDiscussion,emailAlert
of commerce noaa space weather prediction center solar activity ,ForecastDiscussion,emailAlert
hr summary solar activity increased to moderate levels rminor due to an impulsive mn flare,ForecastDiscussion,emailAlert
the largest event of the period this flare was observed at utc from region nw eaobeta,ForecastDiscussion,emailAlert
numerous cclass flares were also observed from this region as well as from regions sw dkobeta s l sw csobeta and sw dsibetagamma,ForecastDiscussion,emailAlert
little physical changes were observed from these five regions,ForecastDiscussion,emailAlert
region reemerged with new spots and new region se hsxalpha was numbered,ForecastDiscussion,emailAlert
a large filament centered roughly near sw lifted off beginning at around utc,ForecastDiscussion,emailAlert
the associated cme has been analyzed and is expected to miss upstream of earth,ForecastDiscussion,emailAlert
a fullhalo cme first observed off the se limb beginning at utc is believed to be a farside event as no clear source on the visible disk was discernable,ForecastDiscussion,emailAlert
possibly associated with this farside cme was a type ii radio sweep at utc with a speed of kms,ForecastDiscussion,emailAlert
no earthdirected cmes were detected in available data,ForecastDiscussion,emailAlert
forecast solar activity is expected to be at low levels with a chance for rr minormoderate events over  dec energetic particles ,ForecastDiscussion,emailAlert
hr summary the greater than mev electron flux was at normal to moderate levels and the greater than mev proton flux was at background levels,ForecastDiscussion,emailAlert
forecast the greater than mev electron flux is expected to continue at normal to moderate levels over  dec the greater than mev proton flux is expected to persist at background levels through dec solar wind ,ForecastDiscussion,emailAlert
hr summary the solar wind environment reflected positive polarity ch hss influences,ForecastDiscussion,emailAlert
total field strength reached nt and the bz component ranged  nt,ForecastDiscussion,emailAlert
solar wind speeds increased from about kms to kms,ForecastDiscussion,emailAlert
the phi angle was in a mostly positive orientation,ForecastDiscussion,emailAlert
forecast mildly enhanced solar wind conditions are expected over dec due to positive polarity ch hss influences,ForecastDiscussion,emailAlert
on dec further enhancements are possible due to persistent yet waning ch hss influences and the chance for a possible glancing blow from one or more nearmiss cmes from  dec a gradual return to nominal conditions are expected on dec geospace ,ForecastDiscussion,emailAlert
hr summary the geomagnetic field was at quiet and unsettled levels,ForecastDiscussion,emailAlert
forecast the geomagnetic field is expected to be at quiet and unsettled levels over dec due to positive polarity ch hss influences,ForecastDiscussion,emailAlert
periods of active conditions are likely on dec due to waning ch hss influences and a possible glancing blow arrival of one or more cmes from  dec that are expected to pass in close proximity to earth,ForecastDiscussion,emailAlert
quiet to unsettled levels are expected on dec as possible cme influence wanes,ForecastDiscussion,emailAlert
product forecastdiscussiontxt issued jul utc prepared by the us dept,ForecastDiscussion,emailAlert
of commerce noaa space weather prediction center solar activity ,ForecastDiscussion,emailAlert
hr summary solar activity was at moderate levels,ForecastDiscussion,emailAlert
region nw caobeta produced the strongest event of the period as it rotated closer to the limb an mn flare rminor at utc,ForecastDiscussion,emailAlert
this region also produced an additional m flare at with an associated cme off the nw limb,ForecastDiscussion,emailAlert
due to its close proximity to the limb that cme is expected to miss well west of earth,ForecastDiscussion,emailAlert
region sw ekcbetagammadelta remained the most complex on the visible disk and developed some trailer spots over the past hours,ForecastDiscussion,emailAlert
region sw daibetagamma also grew in area and spots,ForecastDiscussion,emailAlert
region se daobeta fully rotated onto the visible disk,ForecastDiscussion,emailAlert
only minor changes were observed in the remaining ten spotted numbered regions on the visible disk,ForecastDiscussion,emailAlert
beginning at approximately utc a dsf centered near ne was observed in gonghalpha imagery,ForecastDiscussion,emailAlert
no apparent cmes were identified in subsequent coronagraph imagery,ForecastDiscussion,emailAlert
forecast solar activity is likely to be moderate rr minormoderate with a slight chance for xclass flares r strong on  jul,ForecastDiscussion,emailAlert
energetic particle ,ForecastDiscussion,emailAlert
hr summary the greater than mev electron flux was at normal to moderate levels and the greater than mev proton flux was steady at background levels,ForecastDiscussion,emailAlert
forecast the greater than mev electron flux is expected to be at normal to moderate levels on  jul,ForecastDiscussion,emailAlert
there is a slight chance for s minor storm levels on  jul,ForecastDiscussion,emailAlert
solar wind ,ForecastDiscussion,emailAlert
hr summary solar wind parameters were at nominal levels,ForecastDiscussion,emailAlert
total field was between  nt and bz was between  nt,ForecastDiscussion,emailAlert
solar wind speeds were at or below kms for the majority of the period,ForecastDiscussion,emailAlert
phi was mostly in a negative orientation,ForecastDiscussion,emailAlert
forecast solar wind parameters are likely to experience cme influence over jul from activity that occurred on the sun late on jul,ForecastDiscussion,emailAlert
a return to ambient conditions is likely over  jul,ForecastDiscussion,emailAlert
geospace ,ForecastDiscussion,emailAlert
hr summary the geomagnetic field was quiet,ForecastDiscussion,emailAlert
forecast the geomagnetic field may see g minor geomagnetic storm levels jul due to the influence of a cme that left the sun late on jul,ForecastDiscussion,emailAlert
as cme influence wanes mostly quiet to unsettled levels are likely on  jul,ForecastDiscussion,emailAlert
product forecastdiscussiontxt issued mar utc prepared by the us dept,ForecastDiscussion,emailAlert
of commerce noaa space weather prediction center solar activity ,ForecastDiscussion,emailAlert
hr summary solar activity reached high levels,ForecastDiscussion,emailAlert
region sw fkcbetagammadelta was responsible for five mclass flares the largest of which was a m flare at utc,ForecastDiscussion,emailAlert
this ar continued to be the largest most complex region on the visible disk and was responsible for the majority of the activity,ForecastDiscussion,emailAlert
new spots were observed trailing ar nw dsobeta but remain unnumbered at this time as we await additional observatory reports,ForecastDiscussion,emailAlert
region sw hsxalpha exhibited signs of decay and region sw l decayed to plage,ForecastDiscussion,emailAlert
at approximately utc a filament eruption just north of ar se hrxalpha was observed in goes suvi angstroms,ForecastDiscussion,emailAlert
seemingly a subsequent easterly faint narrow cme can first be seen in lasco c coronagraph imagery around utc,ForecastDiscussion,emailAlert
modeling efforts suggest that a weak glancing blow at earth may be possible by early mar,ForecastDiscussion,emailAlert
additionally a more impressive westerly cme was observed in lasco c coronagraph imagery beginning near utc,ForecastDiscussion,emailAlert
however this event appears to have originated from beyond the western limb and is therefore not earthdirected,ForecastDiscussion,emailAlert
forecast solar activity is expected to continue at moderate rrminormoderate levels with a chance for an xclass flares rstrong over  mar due primarily to the flare potential of region ,ForecastDiscussion,emailAlert
energetic particle ,ForecastDiscussion,emailAlert
hr summary the greater than mev proton flux remained elevated but below the pfu threshold,ForecastDiscussion,emailAlert
the greater than mev electron flux was at normal to moderate levels,ForecastDiscussion,emailAlert
forecast a chance for s minor solar radiation storms will persist through mar primarily due to the potential and location of ar ,ForecastDiscussion,emailAlert
the greater than mev electron flux is expected to be at normal to moderate levels on mar with a chance to reach high levels beginning on mar,ForecastDiscussion,emailAlert
solar wind ,ForecastDiscussion,emailAlert
hr summary solar wind parameters reflected waning influence of a coronal mass ejection cme that left the sun on mar,ForecastDiscussion,emailAlert
total field was between  nt and the bz component was mostly northward or near neutral,ForecastDiscussion,emailAlert
solar wind speeds gradually decreased from kms to just above kms by the end of the period,ForecastDiscussion,emailAlert
phi was predominantly positive while taking a few brief excursions into a negative solar sector,ForecastDiscussion,emailAlert
forecast ambientlike solar wind conditions are expected to return by mar,ForecastDiscussion,emailAlert
geospace ,ForecastDiscussion,emailAlert
hr summary the geomagnetic field was quiet to unsettled,ForecastDiscussion,emailAlert
forecast quiet to unsettled periods are expected to continue for the remainder of mar as cme effects continue to wane,ForecastDiscussion,emailAlert
mostly quiet conditions are expected to prevail on mar with a return of isolated unsettled periods by late on mar under negative polarity ch hss effects,ForecastDiscussion,emailAlert
product forecastdiscussiontxt issued aug utc prepared by the us dept,ForecastDiscussion,emailAlert
of commerce noaa space weather prediction center solar activity ,ForecastDiscussion,emailAlert
hr summary solar activity has remained at moderate levels with two mclass flares over the period,ForecastDiscussion,emailAlert
region sw dkcbetagamma was responsible for an m flare at and region ne dkcbetadelta was responsible for an m at utc,ForecastDiscussion,emailAlert
there are eleven active regions on the visible disk with the majority of them experiencing minor growth,ForecastDiscussion,emailAlert
the trailing spot in region has sheared into two and has become more magnetically complex,ForecastDiscussion,emailAlert
region sw fkibetagammadelta remains the largest region but continues to produce mostly cclass flares,ForecastDiscussion,emailAlert
the other region of interest is region because of its area increasing fairly quickly from spots expanding out of the primary penumbra,ForecastDiscussion,emailAlert
the three aforementioned regions are the primary drivers for increased flare probabilities moving forward,ForecastDiscussion,emailAlert
other activity included a filament eruption centered near nw beginning at around utc though the bulk of material appeared to have been reabsorbed,ForecastDiscussion,emailAlert
there have been no earthdirected cmes detected in available coronagraph imagery,ForecastDiscussion,emailAlert
forecast solar activity is expected to be at moderate to high levels with mclass flares rr minormoderate expected and a slight chance for xclass flares rstrong through aug energetic particle ,ForecastDiscussion,emailAlert
hr summary the greater than mev proton flux has remained at background levels,ForecastDiscussion,emailAlert
the greater than mev electron flux was at normal to moderate levels,ForecastDiscussion,emailAlert
forecast there is a slight chance for s minor conditions through aug as a few magnetically complex regions remain in geoeffective locations,ForecastDiscussion,emailAlert
the greater than mev electron flux is expected to remain at normal to moderate levels over  aug solar wind ,ForecastDiscussion,emailAlert
hr summary the solar wind environment was enhanced throughout the period due to persistent cme effects,ForecastDiscussion,emailAlert
total field reached nt and the bz component was southward by as much as  nt for prolonged periods after utc,ForecastDiscussion,emailAlert
the bz component has been on a gradual rise since roughly utc but remains negative,ForecastDiscussion,emailAlert
solar wind speeds increased from around kms early in the period to a peak of kms it declined and has remained around kms,ForecastDiscussion,emailAlert
forecast solar wind parameters are expected to remain enhanced through aug with sustained but weakening cme influences,ForecastDiscussion,emailAlert
geospace ,ForecastDiscussion,emailAlert
hr summary geomagnetic field activity reached g severe storm levels at late in the  utc synoptic period,ForecastDiscussion,emailAlert
it has remained at g strong levels through much of the period,ForecastDiscussion,emailAlert
forecast g moderate geomagnetic storm levels are expected to continue into the early parts of aug from continued cme influences,ForecastDiscussion,emailAlert
active to unsettled levels are expected thereafter with quiet to unsettled levels on aug as cme effects diminish,ForecastDiscussion,emailAlert
bri product forecastdiscussiontxt issued nov utc prepared by the us dept,ForecastDiscussion,emailAlert
of commerce noaa space weather prediction center solar activity ,ForecastDiscussion,emailAlert
hr summary solar activity returned to low levels with only cclass flares observed,ForecastDiscussion,emailAlert
region se daibetagamma was responsible for nearly all of the flare activity throughout the period,ForecastDiscussion,emailAlert
this region exhibited growth in its trailing spot area and maintained its gamma configuration,ForecastDiscussion,emailAlert
new regions sw caibeta sw caobeta and se haxalpha developed and were numbered this period,ForecastDiscussion,emailAlert
the remaining regions were either stable or displayed slight decay,ForecastDiscussion,emailAlert
two large cmes were observed in coronagraph imagery,ForecastDiscussion,emailAlert
the first was observed in lasco c imagery at approximately utc,ForecastDiscussion,emailAlert
this cme was associated with a large prominence that lifted off the se limb,ForecastDiscussion,emailAlert
analysis indicated a miss well ahead of earth,ForecastDiscussion,emailAlert
the second was a large explosive eruption that occurred at approximately utc,ForecastDiscussion,emailAlert
this event was noted in suvi imagery from beyond the west limb likely from old region s l,ForecastDiscussion,emailAlert
the associated cme was first seen in lasco c imagery at utc,ForecastDiscussion,emailAlert
with this event originated well beyond the west limb it is not expected to have an earthdirected component,ForecastDiscussion,emailAlert
forecast solar activity is expected to be low with a chance for mclass flares rrminormoderate and a slight chance of xclass rstrong events  nov energetic particle ,ForecastDiscussion,emailAlert
hr summary the greater than mev electron flux was normal to moderate levels,ForecastDiscussion,emailAlert
the greater than mev proton flux reached s minor levels reaching a peak value of pfu thus far,ForecastDiscussion,emailAlert
the mev proton levels reached a peak value of pfu at utc,ForecastDiscussion,emailAlert
forecast the greater than mev electron flux is expected to continue at normal to moderate levels,ForecastDiscussion,emailAlert
the greater than mev proton flux is expected to continue at s minor levels for nov by nov levels are expected to diminish to a chance for s thresholds with conditions returning to near background levels by nov solar wind ,ForecastDiscussion,emailAlert
hr summary solar wind parameters were indicative of a likely ssbc as the anticipated negative polarity ch hss moved into a geoeffective position,ForecastDiscussion,emailAlert
solar wind speeds averaged near kms total field strength ranged between nt and the bz component fluctuated between  nt,ForecastDiscussion,emailAlert
the phi angle was predominantly in a negative position with occasional oscillations into a positive orientation,ForecastDiscussion,emailAlert
forecast solar wind conditions are anticipated to become elevated on  nov due to negative polarity ch hss influences,ForecastDiscussion,emailAlert
geospace ,ForecastDiscussion,emailAlert
hr summary the geomagnetic field was quiet to unsettled,ForecastDiscussion,emailAlert
forecast the geomagnetic field is expected to be mostly quiet to unsettled with a chance for an isolated active period on  nov due to anticipated ch hss effects,ForecastDiscussion,emailAlert
product forecastdiscussiontxt issued aug utc prepared by the us dept,ForecastDiscussion,emailAlert
of commerce noaa space weather prediction center solar activity ,ForecastDiscussion,emailAlert
hr summary solar activity continued at moderate levels,ForecastDiscussion,emailAlert
region se dacbetagamma exhibited slight growth and produced an msf rminor flare at utc and an m r at utc the largest of the period,ForecastDiscussion,emailAlert
region sw caibeta contributed an m flare rminor at utc as it edged towards the western limb,ForecastDiscussion,emailAlert
region se dkcbetagamma almost added to the mflare mix producing a csf flare at utc,ForecastDiscussion,emailAlert
this region developed additional intermediate spots and continued to evolve over the course of the day,ForecastDiscussion,emailAlert
multiple other regions produced lowlevel cclass flares too numerous to list,ForecastDiscussion,emailAlert
the majority of the spot groups displayed at least slight growth during the period though none appeared to be associated with any earthdirected cmes,ForecastDiscussion,emailAlert
forecast mclass flares rr minormoderate are likely with a slight chance for xclass flares rstrong through aug energetic particle ,ForecastDiscussion,emailAlert
hr summary the greater than mev proton flux has remained at background levels,ForecastDiscussion,emailAlert
the greater than mev electron flux was at normal to moderate levels,ForecastDiscussion,emailAlert
forecast there is a slight chance for the greater than mev proton flux to reach s minor storm levels over  aug the greater than mev electron flux is expected to continue at normal to moderate levels throughout the period,ForecastDiscussion,emailAlert
solar wind ,ForecastDiscussion,emailAlert
hr summary the solar wind environment was near background levels this period,ForecastDiscussion,emailAlert
total field strength averaged near nt the bz component saw minor southward deflections to  nt and the solar wind speed ranged between  kms,ForecastDiscussion,emailAlert
phi was in a mostly positive orientation forecast nominal solar wind conditions are expected to prevail on  aug on aug possible interaction with a ch hss could bring about weak enhancements in the imf,ForecastDiscussion,emailAlert
geospace ,ForecastDiscussion,emailAlert
hr summary the geomagnetic field was at quiet to unsettled levels,ForecastDiscussion,emailAlert
forecast mostly quiet conditions are expected on  aug by aug a weak ch hss could potentially move into a geoeffective position increasing the chances to of additional unsettled to active periods,ForecastDiscussion,emailAlert
product forecastdiscussiontxt issued nov utc prepared by the us dept,ForecastDiscussion,emailAlert
of commerce noaa space weather prediction center solar activity ,ForecastDiscussion,emailAlert
hr summary solar activity reached moderate levels,ForecastDiscussion,emailAlert
region se produced an impulsive m flare rminor at utc the largest event of the period,ForecastDiscussion,emailAlert
the region exhibited some growth around its leader spot,ForecastDiscussion,emailAlert
the remaining active regions on the visible disk were either stable or in decay,ForecastDiscussion,emailAlert
no earthdirected cmes were observed in available coronagraph imagery,ForecastDiscussion,emailAlert
forecast mclass flares rrminormoderate are likely with a slight chance for an xclass flare rstrong through nov energetic particle ,ForecastDiscussion,emailAlert
hr summary the greater than mev proton flux was at background levels and the greater than mev electron flux was at normal to moderate levels,ForecastDiscussion,emailAlert
forecast there is a slight chance for the greater than mev proton flux to reach s minor levels over  nov the greater than mev electron flux is expected to continue at normal to moderate levels through nov solar wind ,ForecastDiscussion,emailAlert
hr summary the solar wind environment remained enhanced this period,ForecastDiscussion,emailAlert
total field strength ranged from  nt and the bz reached as far south as  nt,ForecastDiscussion,emailAlert
solar wind speeds averaged around kms throughout the period,ForecastDiscussion,emailAlert
forecast enhanced solar wind conditions are expected to prevail over  nov due to ch hss influences,ForecastDiscussion,emailAlert
geospace ,ForecastDiscussion,emailAlert
hr summary the geomagnetic field reached g minor storm levels following a prolonged period of southward bz,ForecastDiscussion,emailAlert
forecast the geomagnetic field is expected to reach active levels on  nov and quiet to unsettled levels on nov due to ch hss influences,ForecastDiscussion,emailAlert
product forecastdiscussiontxt issued aug utc prepared by the us dept,ForecastDiscussion,emailAlert
of commerce noaa space weather prediction center solar activity ,ForecastDiscussion,emailAlert
hr summary solar activity was high due to a number of mclass flares to include three greater than m events,ForecastDiscussion,emailAlert
thirteen designated sunspot groups were present on the visible solar disk and background xray flux was solidly at upper cclass levels,ForecastDiscussion,emailAlert
the main regions of note today were sw fkcbetagammadelta sw ekcbetagammadelta se eaibeta and se ekibetagamma,ForecastDiscussion,emailAlert
region sw dacbetagamma rotated nearly beyond the limb,ForecastDiscussion,emailAlert
region underwent some growth in the leader but decreased intermediate spot coverage,ForecastDiscussion,emailAlert
it was the source of the largest flare of the day an m rmoderate at utc,ForecastDiscussion,emailAlert
it also produced an m r that peaked at utc,ForecastDiscussion,emailAlert
region underwent some growth in the trailer section and was the source of mclass flares to include an mn at utc,ForecastDiscussion,emailAlert
region produced an msf rminor at utc as it rotated further into earthview and revealed itself as a larger spot complex,ForecastDiscussion,emailAlert
new region ne csobeta was assigned to a recently emerged small group,ForecastDiscussion,emailAlert
plenty of radio burst activity was noted today but nothing prolific,ForecastDiscussion,emailAlert
one of the bursts equated to a tenflare on mhz which reached sfu solar flux units,ForecastDiscussion,emailAlert
later the m flare from region was associated with type ii est velocity of kms and iv radio sweeps indicative of cme movement,ForecastDiscussion,emailAlert
that same flare was associated with another tenflare  sfu,ForecastDiscussion,emailAlert
several new cmes were observed in available coronagraph imagery but initial analyses suggest none are likely to have earthdirected components,ForecastDiscussion,emailAlert
however the most recent m flare will likely have a cme associated with it based on the usaf observatory reported radio sweeps,ForecastDiscussion,emailAlert
that data will be analyzed to ensure no glancing blows are possible,ForecastDiscussion,emailAlert
forecast solar activity is expected to be moderate to high with continuing mclass flares rr minormoderate and a chance for xclass activity rstrong  aug due to the number of magnetically complex sunspot groups present on the visible solar disk,ForecastDiscussion,emailAlert
while will rotate out of view over the next few days a new region as indicated in nsogong helioseismology is likely to rotate into view on day three to four,ForecastDiscussion,emailAlert
energetic particle ,ForecastDiscussion,emailAlert
hr summary the greater than mev electron flux was normal while the greater than mev proton flux remained at background,ForecastDiscussion,emailAlert
forecast the greater than mev electron flux is anticipated to continue at normal to moderate levels on  aug with a chance for high levels on  aug due to possible cme related effects,ForecastDiscussion,emailAlert
a chance for the greater than mev proton flux to reach s minor solar radiation storm levels will persist through aug given ongoing limb activity primarily from ar and ar,ForecastDiscussion,emailAlert
in addition the complex of regions to include ar will be rotating into a more favorable location on the southwest limb,ForecastDiscussion,emailAlert
solar wind ,ForecastDiscussion,emailAlert
hr summary solar wind parameters were indicative of cme arrival and passage,ForecastDiscussion,emailAlert
while it is unknown with certainty we believe this to be an expected cme from july,ForecastDiscussion,emailAlert
total imf strength increased initially at utc and promptly again at utc and peaked at nt,ForecastDiscussion,emailAlert
the bz component varied notably upon cme arrival but eventually seemed to settle more into a southward orientation by utc and eventually reached a maximum deviation of  nt,ForecastDiscussion,emailAlert
solar wind speed only increased mildly from kms to between  kms with cme arrival and continued passage,ForecastDiscussion,emailAlert
the phi angle was firmly positive until the secondary imf enhancement when it varied between sectors,ForecastDiscussion,emailAlert
forecast solar wind conditions are expected to remain enhanced on aug as cme passage continues,ForecastDiscussion,emailAlert
additionally we are still anticipating another cme arrival from jul that will likely keep the solar wind field enhanced,ForecastDiscussion,emailAlert
conditions should begin weakening on aug with a return to a more ambientlike solar wind field by aug however cmes continue to occur so any future forecast changes should not be surprising,ForecastDiscussion,emailAlert
geospace ,ForecastDiscussion,emailAlert
hr summary the geomagnetic field was quiet to active with an isolated period of g minor storming during the  utc timeframe in varied response to cme arrival and passage,ForecastDiscussion,emailAlert
forecast g moderate storm levels remain likely on aug due to continuing cme passage and the anticipated arrival from the jul cme,ForecastDiscussion,emailAlert
conditions are anticipated to decrease to active levels on aug as cme influences wane with a return to mainly quiet conditions on aug  pending any new cme influences,ForecastDiscussion,emailAlert
product forecastdiscussiontxt issued aug utc prepared by the us dept,ForecastDiscussion,emailAlert
of commerce noaa space weather prediction center solar activity ,ForecastDiscussion,emailAlert
hr summary solar activity reached high levels following an xb flare at utc from region ne dkcbetagammadelta,ForecastDiscussion,emailAlert
discreet radio signatures associated with this flare included type ii est kms and type iv radio sweeps as well as a cm radio burst  sfu,ForecastDiscussion,emailAlert
region continued to evolve with the delta configuration area growing and the smaller leader spots starting to separate from the main spot,ForecastDiscussion,emailAlert
this region also produced an msf flare at utc and an mn flare at utc as well as several cclass flares,ForecastDiscussion,emailAlert
region sw dkcbetagamma added an m flare at utc and an m flare at utc as it made its way around the western limb,ForecastDiscussion,emailAlert
region sw ekcbetagammadelta exhibited signs of decay and slight magnetic simplification as it neared the western limb,ForecastDiscussion,emailAlert
the remaining regions were stable and inactive,ForecastDiscussion,emailAlert
currently no earthdirected cmes were visible in available coronagraph imagery,ForecastDiscussion,emailAlert
however analysis will be conducted on the halo cme associated with the x flare as more imagery becomes available,ForecastDiscussion,emailAlert
forecast solar activity is expected to be at moderate levels with mclass flares rr minormoderate expected and a chance for xclass flares rstrong through aug energetic particle ,ForecastDiscussion,emailAlert
hr summary the greater than mev proton flux has remained at background levels,ForecastDiscussion,emailAlert
the greater than mev electron flux was at normal to moderate levels,ForecastDiscussion,emailAlert
forecast there is a slight but increasing chance for s minor conditions on aug following the x flare from near center disk,ForecastDiscussion,emailAlert
the increased chances are likely to continue through aug as a few magnetically complex regions remain in geoeffective locations,ForecastDiscussion,emailAlert
the greater than mev electron flux is expected to remain at normal to moderate levels over  aug solar wind ,ForecastDiscussion,emailAlert
hr summary the solar wind environment returned to near nominal levels,ForecastDiscussion,emailAlert
total field decreased from near nt to average near nt the latter half of the period,ForecastDiscussion,emailAlert
the bz component varied between  nt and nt through utc then fluctuated slightly between  nt thereafter,ForecastDiscussion,emailAlert
solar wind speeds averaged near kms throughout the period,ForecastDiscussion,emailAlert
phi angle was mostly positive with isolated oscillations into a negative position,ForecastDiscussion,emailAlert
forecast near nominal values are expected through aug before potential ch hss influence from a northern latitude coronal hole are anticipated to become geoeffective starting aug weak enhancements in solar wind parameters are possible if the hss connects with earths magnetic field,ForecastDiscussion,emailAlert
however confidence remains low on its effects,ForecastDiscussion,emailAlert
geospace ,ForecastDiscussion,emailAlert
hr summary geomagnetic field activity was at quiet to unsettled levels with isolated active conditions due to residual cme activity,ForecastDiscussion,emailAlert
forecast quiet to unsettled levels are expected for the remainder of aug as residual cme activity diminishes,ForecastDiscussion,emailAlert
a northern latitude coronal hole is anticipated to become geoeffective aug which could lead to a slight enhancement of the geomagnetic field but confidence is low at this time,ForecastDiscussion,emailAlert
product forecastdiscussiontxt issued mar utc prepared by the us dept,ForecastDiscussion,emailAlert
of commerce noaa space weather prediction center solar activity ,ForecastDiscussion,emailAlert
hr summary solar activity was at low levels with a few cclass flares from region sw daibetagammadelta the largest a csf at utc,ForecastDiscussion,emailAlert
the region grew slightly this period and regained a delta configuration in its leader spots,ForecastDiscussion,emailAlert
the remaining five other active regions were mostly quiet and stable,ForecastDiscussion,emailAlert
at about utc an degree long ew oriented filament centered near se lifted off the disk,ForecastDiscussion,emailAlert
weak cme signatures were detected off the sse limb on soholasco imagery,ForecastDiscussion,emailAlert
analysis and model run output suggested no earthdirected component,ForecastDiscussion,emailAlert
no additional earthdirected cmes were observed in available coronagraph imagery,ForecastDiscussion,emailAlert
forecast solar activity is expected to be low with a slight chance for mclass r  minor flares on  mar,ForecastDiscussion,emailAlert
energetic particles ,ForecastDiscussion,emailAlert
hr summary the greater than mev electron flux was at normal to moderate levels and the greater than mev proton flux was at background levels,ForecastDiscussion,emailAlert
forecast the greater than mev electron flux is expected to be at normal to moderate levels  mar,ForecastDiscussion,emailAlert
proton flux is expected to remain at background levels,ForecastDiscussion,emailAlert
solar wind ,ForecastDiscussion,emailAlert
hr summary solar wind parameters reflected a slightly enhanced environment likely associated with a negative polarity ch hss and possible week cme influence,ForecastDiscussion,emailAlert
total field strength reached nt and the bz component reached as far south as  nt,ForecastDiscussion,emailAlert
solar wind speeds gradually declined from kms to kms over the past hours,ForecastDiscussion,emailAlert
phi angle was in a mostly negative orientation,ForecastDiscussion,emailAlert
forecast slowly diminishing conditions are expected on mar as ch hsscme influence eventually dissipates,ForecastDiscussion,emailAlert
on  mar enhancements are expected again under the influence of another negative polarity ch hss,ForecastDiscussion,emailAlert
geospace ,ForecastDiscussion,emailAlert
hr summary the geomagnetic field was at quiet to active levels,ForecastDiscussion,emailAlert
forecast quiet to unsettled conditions are expected on mar with combined ch hss influences and glancing cme effects,ForecastDiscussion,emailAlert
continued quiet to unsettled periods are expected on  mar as a new negative polarity ch hss becomes effective,ForecastDiscussion,emailAlert
product forecastdiscussiontxt issued nov utc prepared by the us dept,ForecastDiscussion,emailAlert
of commerce noaa space weather prediction center solar activity ,ForecastDiscussion,emailAlert
hr summary solar activity reached high levels,ForecastDiscussion,emailAlert
the largest event was an xb flare rstrong at utc from region ne ekibetagammadelta,ForecastDiscussion,emailAlert
in addition seven mclass flares rminor were observed from regions nw daibeta sw dkibetagamma and ,ForecastDiscussion,emailAlert
growth was observed in regions and  and new region se axxalpha was numbered,ForecastDiscussion,emailAlert
the remaining regions were either stable or in decay,ForecastDiscussion,emailAlert
analysis of a cme associated with flaring from region sw axxalpha at around utc resulted in a possible glancing blow on nov forecast mclass flares are expected with a chance for xclass flares through nov energetic particle ,ForecastDiscussion,emailAlert
hr summary the greater than mev proton flux persisted at s minor levels throughout the period,ForecastDiscussion,emailAlert
the greater than mev electron flux was at normal to moderate levels,ForecastDiscussion,emailAlert
forecast the greater than mev proton flux is expected to continue at s minor levels into early nov the greater than mev proton flux is expected to be elevated above background levels over  nov but remain below event threshold,ForecastDiscussion,emailAlert
the greater than mev electron flux is expected to continue at normal to moderate levels through nov solar wind ,ForecastDiscussion,emailAlert
hr summary enhanced solar wind conditions prevailed through much of the period with an increase in interplanetary magnetic field observed late in the day,ForecastDiscussion,emailAlert
total field strength reached nt and the bz component reached  nt,ForecastDiscussion,emailAlert
solar wind speeds ranged between  kms,ForecastDiscussion,emailAlert
the phi angle was predominately negative,ForecastDiscussion,emailAlert
forecast nominal solar wind conditions are expected to prevail on nov mildly enhanced solar wind parameters are likely on nov due to positive polarity ch hss influences,ForecastDiscussion,emailAlert
weakly enhanced conditions are expected on nov due to continued but waning ch hss influences and the possible glancing blow arrival of the oct cme,ForecastDiscussion,emailAlert
geospace ,ForecastDiscussion,emailAlert
hr summary the geomagnetic field was quiet and active,ForecastDiscussion,emailAlert
forecast the geomagnetic field is expected to be mostly quiet on nov quiet to active levels are likely on nov due to positive polarity ch hss influences,ForecastDiscussion,emailAlert
quiet to active levels are likely on nov due to continued but waning ch hss influences and the possible glancing blow arrival of a cme from oct product forecastdiscussiontxt issued dec utc prepared by the us dept,ForecastDiscussion,emailAlert
of commerce noaa space weather prediction center solar activity ,ForecastDiscussion,emailAlert
hr summary solar flare activity reached moderate levels due to a pair of impulsive mclass rminor flares from region se caobeta,ForecastDiscussion,emailAlert
the first was an m flare observed at utc and the second was an m flare observed at utc,ForecastDiscussion,emailAlert
region sw dkcbetagammadelta the largest region on the disk produced numerous cclass events this period,ForecastDiscussion,emailAlert
this region showed some penumbral growth,ForecastDiscussion,emailAlert
region nw ekibetadelta was quiet and stable this period,ForecastDiscussion,emailAlert
new region se crobeta was numbered,ForecastDiscussion,emailAlert
all other regions have been quiet and stable,ForecastDiscussion,emailAlert
a halo cme was observed in lasco c imagery beginning at utc,ForecastDiscussion,emailAlert
the ejecta was determined to have originated from behind the limb so no earthdirected component is expected,ForecastDiscussion,emailAlert
additionally a pair of small filaments lifted off in the nw and sw at about utc,ForecastDiscussion,emailAlert
a narrow cme was observed in lasco c imagery off the sw beginning at utc,ForecastDiscussion,emailAlert
analysis and model output of this cme suggested there was no earth directed component,ForecastDiscussion,emailAlert
beginning at utc ejecta could be seen lifting off associated with the m flare,ForecastDiscussion,emailAlert
analysis will be conducted as imagery becomes available,ForecastDiscussion,emailAlert
forecast rr minormoderate radio blackouts are likely on  dec based primarily on the flare potential of regions  and se csobeta,ForecastDiscussion,emailAlert
energetic particles ,ForecastDiscussion,emailAlert
hr summary the greater than mev electron flux increased to high levels with a maximum flux of  pfu observed at utc,ForecastDiscussion,emailAlert
the greater than mev proton flux remained at background levels,ForecastDiscussion,emailAlert
forecast the greater than mev electron flux is expected to reach high levels on dec and decrease back to normal to moderate levels on  dec the greater than mev proton flux is expected to remain at background levels over  dec solar wind ,ForecastDiscussion,emailAlert
hr summary solar wind parameters were at nominal levels,ForecastDiscussion,emailAlert
total field was mostly steady at around  nt with a variable bz component between  nt,ForecastDiscussion,emailAlert
solar wind speeds varied between about  kms,ForecastDiscussion,emailAlert
the phi angle remained mostly in the positive away from the sun orientation,ForecastDiscussion,emailAlert
forecast solar wind parameters are expected to remain at nominal levels on  dec on dec an increase in solar wind parameters is likely due to influence from an equatorial positive polarity ch hss,ForecastDiscussion,emailAlert
geospace ,ForecastDiscussion,emailAlert
hr summary the geomagnetic field has been at mostly quiet levels with an isolated unsettled period,ForecastDiscussion,emailAlert
forecast the geomagnetic field is likely to remain at mostly quiet levels on  dec increasing to isolated unsettled periods on dec due to positive polarity ch hss effects,ForecastDiscussion,emailAlert
product forecastdiscussiontxt issued mar utc prepared by the us dept,ForecastDiscussion,emailAlert
of commerce noaa space weather prediction center solar activity ,ForecastDiscussion,emailAlert
hr summary solar activity remained at low levels,ForecastDiscussion,emailAlert
region sw daobetagamma continued to produce most of the flare activity though it did exhibit signs of decay and lost its delta configuration,ForecastDiscussion,emailAlert
it was responsible for the largest flare of the period a c flare at utc,ForecastDiscussion,emailAlert
weak c class activity was also observed from region se daobeta and new region se hsxalpha,ForecastDiscussion,emailAlert
new region ne axxalpha and new region ne axxalpha were also numbered,ForecastDiscussion,emailAlert
the remaining two active regions showed further decay,ForecastDiscussion,emailAlert
no earthdirected cmes were observed in available coronagraph imagery,ForecastDiscussion,emailAlert
forecast solar activity is expected to be low with a slight chance for mclass r  minor flares on  mar,ForecastDiscussion,emailAlert
energetic particles ,ForecastDiscussion,emailAlert
hr summary the greater than mev electron flux reached moderate levels with a peak of pfu at utc,ForecastDiscussion,emailAlert
the greater than mev proton flux was near background levels,ForecastDiscussion,emailAlert
forecast the greater than mev electron flux is expected to be at normal to moderate levels on  mar,ForecastDiscussion,emailAlert
proton flux is expected to remain at background levels,ForecastDiscussion,emailAlert
solar wind ,ForecastDiscussion,emailAlert
hr summary solar wind parameters were indicative of a nearbackground solar wind regime through about utc,ForecastDiscussion,emailAlert
total field strength averaged near nt bz had a few minor southward deflections to near  nt while solar wind speeds varied between about kms to about kms,ForecastDiscussion,emailAlert
phi angle was in a mostly positive orientation,ForecastDiscussion,emailAlert
after utc bt increased to nt and the bz component indicated some southward deviations to  nt,ForecastDiscussion,emailAlert
the phi angle displayed some negative orientation,ForecastDiscussion,emailAlert
forecast solar wind parameters are expected to remain slightly enhanced on mar,ForecastDiscussion,emailAlert
on  mar the solar wind environment is expected to see slightly more enhanced conditions as a negative polarity ch hss moves into a geoeffective position,ForecastDiscussion,emailAlert
geospace ,ForecastDiscussion,emailAlert
hr summary the geomagnetic field was at quiet to unsettled levels,ForecastDiscussion,emailAlert
forecast quiet to isolated unsettled levels are expected on mar,ForecastDiscussion,emailAlert
by  mar a new negative polarity ch hss is expected to move into a geoeffective position bringing in quiet to unsettled conditions with a chance for isolated active periods,ForecastDiscussion,emailAlert
there is a slight chance for possible g minor storm levels on  mar if the cme from mar passes near enough to earth,ForecastDiscussion,emailAlert
this is a very low confidence forecast at this time,ForecastDiscussion,emailAlert
product forecastdiscussiontxt issued jul utc prepared by the us dept,ForecastDiscussion,emailAlert
of commerce noaa space weather prediction center solar activity ,ForecastDiscussion,emailAlert
hr summary solar activity was at low levels,ForecastDiscussion,emailAlert
a region just beyond the se limb near s produced an msf flare at utc,ForecastDiscussion,emailAlert
region n l decayed to plage and region nw axxalpha remerged as a single spot,ForecastDiscussion,emailAlert
region se ekibetagamma remained the largest most magnetically complex region on the visible disk,ForecastDiscussion,emailAlert
this ar was responsible for a majority of the cclass flare activity with a c flare at utc being the largest,ForecastDiscussion,emailAlert
regions se axxalpha and se caobeta were numbered this period and the remaining active regions were relatively stable,ForecastDiscussion,emailAlert
a westerly cme associated with a surge followed by field line movement near ar as observed by goes suvi imagery was first seen in c coronagraph imagery at approximately utc,ForecastDiscussion,emailAlert
modeling of this event suggests a miss well ahead of earths orbit,ForecastDiscussion,emailAlert
another cme associated with cclass flaring from ar was first observed by c coronagraph imagery just around utc,ForecastDiscussion,emailAlert
analysis and modeling of this event is currently underway,ForecastDiscussion,emailAlert
forecast solar activity is expected to be low over  jul with a chance for isolated mclass rrminormoderate flare activity,ForecastDiscussion,emailAlert
energetic particle ,ForecastDiscussion,emailAlert
hr summary the greater than mev electron flux was at normal to moderate levels and the greater than mev proton flux was steady at background levels,ForecastDiscussion,emailAlert
forecast the greater than mev electron flux is expected to continue at normal to moderate levels over  jul,ForecastDiscussion,emailAlert
the greater than mev proton flux is expected to persist at background levels through jul,ForecastDiscussion,emailAlert
solar wind ,ForecastDiscussion,emailAlert
hr summary solar wind parameters were mildly enhanced possibly due to weak cir activity,ForecastDiscussion,emailAlert
total field decreased from  nt to  nt over the course of the period,ForecastDiscussion,emailAlert
the bz component was benign ranging  nt,ForecastDiscussion,emailAlert
wind speeds decreased from  kms to kms and phi rotated between solar sectors,ForecastDiscussion,emailAlert
forecast slightly enhanced conditions are expected to continue over the course of jul due to weak positive polarity ch hss influence,ForecastDiscussion,emailAlert
another enhancement is expected mid to late on jul as a negative polarity ch hss is likely to become geoeffective,ForecastDiscussion,emailAlert
geospace ,ForecastDiscussion,emailAlert
hr summary the geomagnetic field was quiet to unsettled,ForecastDiscussion,emailAlert
forecast quiet to unsettled levels are expected on jul due to weak hss activity,ForecastDiscussion,emailAlert
mostly quiet conditions are expected on jul,ForecastDiscussion,emailAlert
by mid to late on jul unsettled to active levels are expected due to negative polarity ch hss onset,ForecastDiscussion,emailAlert
product forecastdiscussiontxt issued may utc prepared by the us dept,ForecastDiscussion,emailAlert
of commerce noaa space weather prediction center solar activity ,ForecastDiscussion,emailAlert
hr summary solar activity reached high levels,ForecastDiscussion,emailAlert
region nw ekcbetagammadelta produced an mb flare rmoderate at utc the strongest of the period,ForecastDiscussion,emailAlert
a type ii est,ForecastDiscussion,emailAlert
kms and type iv radio sweep along with a tenflare were observed with the event,ForecastDiscussion,emailAlert
a cme is suspected to be associated with the flare but additional coronagraph imagery is need for conformation and analysis,ForecastDiscussion,emailAlert
this region and region se ekcbetadelta continued to be most complex,ForecastDiscussion,emailAlert
region ne daibetagammadelta also exhibited notable growth,ForecastDiscussion,emailAlert
other eruptive activity included a c flare at utc from an unspotted area to the east of region ne daibetagammadelta,ForecastDiscussion,emailAlert
this event also produced a type ii est,ForecastDiscussion,emailAlert
kms and type iv radio sweep,ForecastDiscussion,emailAlert
an associated cme first seen in soholasco c imagery at utc was analyzed and modeled,ForecastDiscussion,emailAlert
the results suggested the slowmoving periphery should pass by earth around may,ForecastDiscussion,emailAlert
forecast solar activity is expected to be at moderate levels rrminormoderate with a chance for xclass flares rstrong or greater over  may,ForecastDiscussion,emailAlert
energetic particle ,ForecastDiscussion,emailAlert
hr summary the greater than mev electron flux was at normal to moderate levels and the greater than mev proton flux was steady at background levels,ForecastDiscussion,emailAlert
forecast the greater than mev electron flux is expected to continue at normal to moderate levels over  may,ForecastDiscussion,emailAlert
there is a slight chance for the greater than mev proton flux to reach s minor storm levels over  may due to the flare potential of regions and ,ForecastDiscussion,emailAlert
solar wind ,ForecastDiscussion,emailAlert
hr summary the solar wind parameters returned to nominal levels over the past hours,ForecastDiscussion,emailAlert
total magnetic field strength was at or below nt,ForecastDiscussion,emailAlert
solar wind speeds declined from the low s to near kms by the periods end,ForecastDiscussion,emailAlert
phi angle transitioned from negative to positive polarity after utc,ForecastDiscussion,emailAlert
forecast mildly enhanced solar wind conditions and positive polarity ch hss influences are likely to prevail over  may,ForecastDiscussion,emailAlert
a stronger disturbance is expected late on may and may due to the anticipated arrival of the may cme associated with the x flare from region ,ForecastDiscussion,emailAlert
geospace ,ForecastDiscussion,emailAlert
hr summary the geomagnetic field was quiet,ForecastDiscussion,emailAlert
forecast the geomagnetic field may reach unsettled and active levels on may due to positive polarity ch hss influences,ForecastDiscussion,emailAlert
active conditions and periods of g minor storming are likely on may due to continued positive polarity ch hss influences in addition to the anticipated arrival of the may cme late in the day,ForecastDiscussion,emailAlert
periods of gg minormoderate storming are likely on may due to continued cme activity and ch hss influences,ForecastDiscussion,emailAlert
product forecastdiscussiontxt issued jun utc prepared by the us dept,ForecastDiscussion,emailAlert
of commerce noaa space weather prediction center solar activity ,ForecastDiscussion,emailAlert
hr summary note goes xray flux electron flux and proton flux data went offline at utc due to a network outage,ForecastDiscussion,emailAlert
data began to come in around utc but has had a few intermittent gaps,ForecastDiscussion,emailAlert
work is in progress to restore services,ForecastDiscussion,emailAlert
solar activity reached moderate levels due to an isolated m flare at utc from region se faibetagammadelta,ForecastDiscussion,emailAlert
the region remained the most magnetically complex spot group however the region changed little over the last hours,ForecastDiscussion,emailAlert
region se daibetagamma showed some decay in its leader spots during the previous hours,ForecastDiscussion,emailAlert
new region se bxobeta was numbered,ForecastDiscussion,emailAlert
initial modeling of the cme associated with the degree filament eruption centered near sw that was observed lifting off at utc returned with flanking influences at earth by late on jun,ForecastDiscussion,emailAlert
additional analysis and modeling of this event is ongoing,ForecastDiscussion,emailAlert
a second filament erupted near sw with an associated cme visible off of the southeast limb,ForecastDiscussion,emailAlert
a model run for that event is also in progress,ForecastDiscussion,emailAlert
forecast mclass flares rrminormoderate are likely on  jun due primarily to the flare potential of regions and ,ForecastDiscussion,emailAlert
energetic particle ,ForecastDiscussion,emailAlert
hr summary the greater than mev electron flux was at normal to moderate levels and the greater than mev proton flux was near background levels,ForecastDiscussion,emailAlert
forecast the greater than mev electron flux is expected to be at normal to moderate levels on  jun,ForecastDiscussion,emailAlert
the greater than mev proton flux is expected to be at or near background levels on  jun,ForecastDiscussion,emailAlert
solar wind ,ForecastDiscussion,emailAlert
hr summary solar wind parameters reflected possible weak transient activity,ForecastDiscussion,emailAlert
the geomagnetic field increased from to near nt at the end of the period,ForecastDiscussion,emailAlert
a prolonged period of southward bz reaching  nt was observed between  utc,ForecastDiscussion,emailAlert
solar wind speed ranged from  kms,ForecastDiscussion,emailAlert
phi angle was mostly negative,ForecastDiscussion,emailAlert
forecast mostly ambientlike solar wind conditions are expected to prevail through jun,ForecastDiscussion,emailAlert
an enhancement from the large filament eruption from late on jun is likely by late jun,ForecastDiscussion,emailAlert
geospace ,ForecastDiscussion,emailAlert
hr summary the geomagnetic field was quiet to unsettled,ForecastDiscussion,emailAlert
forecast mostly quiet conditions are expected to prevail over  jun and through most of jun,ForecastDiscussion,emailAlert
active conditions are expected with a chance for g minor geomagnetic storming by late jun with the arrival of flanking effects from the jun filament eruption,ForecastDiscussion,emailAlert
product forecastdiscussiontxt issued nov utc prepared by the us dept,ForecastDiscussion,emailAlert
of commerce noaa space weather prediction center solar activity ,ForecastDiscussion,emailAlert
hr summary solar activity reached moderate levels,ForecastDiscussion,emailAlert
region sw produced an mn flare at utc the largest event of the period,ForecastDiscussion,emailAlert
minor growth was noted in region while the remaining regions were either stable or in decay,ForecastDiscussion,emailAlert
no earthdirected cmes were detected in available coronagraph data,ForecastDiscussion,emailAlert
forecast mclass flares are expected with a chance for xclass flares over  nov energetic particle ,ForecastDiscussion,emailAlert
hr summary the greater than mev proton flux was at background levels and the greater than mev electron flux was at normal to moderate levels,ForecastDiscussion,emailAlert
forecast there is a slight chance for the greater than mev proton flux to reach s minor levels over  nov the greater than mev electron flux is expected to continue at normal to moderate levels through nov solar wind ,ForecastDiscussion,emailAlert
hr summary the solar wind environment was mildly enhanced this period,ForecastDiscussion,emailAlert
total field strength values ranged between  nt and the bz component was sustained southward by as much as  nt after utc,ForecastDiscussion,emailAlert
solar wind speeds were steady between  kms,ForecastDiscussion,emailAlert
forecast enhanced solar wind conditions are expected to prevail over  nov due to ch hss influences,ForecastDiscussion,emailAlert
geospace ,ForecastDiscussion,emailAlert
hr summary the geomagnetic field ranged from quiet to active levels,ForecastDiscussion,emailAlert
forecast periods of active conditions are expected on  nov due to ch hss influences,ForecastDiscussion,emailAlert
product forecastdiscussiontxt issued dec utc prepared by the us dept,ForecastDiscussion,emailAlert
of commerce noaa space weather prediction center solar activity ,ForecastDiscussion,emailAlert
hr summary solar activity was reached moderate levels,ForecastDiscussion,emailAlert
region sw ekobetagamma produced an m flare at utc,ForecastDiscussion,emailAlert
region se daibeta produced several cclass flares,ForecastDiscussion,emailAlert
region sw daibeta increased in area but was inactive,ForecastDiscussion,emailAlert
the remaining regions were either stable or in decay,ForecastDiscussion,emailAlert
no earthdirected cmes were detected in available coronagraph imagery,ForecastDiscussion,emailAlert
forecast there is an increasing chance for rr minormoderate events over  dec as region rotates fully onto the visible disk,ForecastDiscussion,emailAlert
energetic particle ,ForecastDiscussion,emailAlert
hr summary the greater than mev electron flux was at normal to moderate levels and the greater than mev proton flux was at background levels,ForecastDiscussion,emailAlert
forecast the greater than mev electron flux is expected to continue at normal to moderate levels through dec the greater than mev proton flux is expected to persist at background levels over  dec solar wind ,ForecastDiscussion,emailAlert
hr summary the solar wind environment indicated continued but waning cme influence,ForecastDiscussion,emailAlert
total field gradually decreased from nt down to nt by the end of the period with variable bz,ForecastDiscussion,emailAlert
solar wind speeds decreased from kms to kms,ForecastDiscussion,emailAlert
phi was negative,ForecastDiscussion,emailAlert
forecast a gradual return to ambient conditions is likely on  dec geospace ,ForecastDiscussion,emailAlert
hr summary the geomagnetic field was quiet to active due to the aforementioned cme effects,ForecastDiscussion,emailAlert
forecast the geomagnetic field is expected to continue at quiet to active levels through on dec as cme effects wane,ForecastDiscussion,emailAlert
a return to mostly quiet conditions is expected on  dec product forecastdiscussiontxt issued aug utc prepared by the us dept,ForecastDiscussion,emailAlert
of commerce noaa space weather prediction center solar activity ,ForecastDiscussion,emailAlert
hr summary solar activity reached moderate levels,ForecastDiscussion,emailAlert
region ne csobeta produced the largest flare of the period an m at utc with an accompanying type ii sweep est kms,ForecastDiscussion,emailAlert
this region continued to exhibit slight growth,ForecastDiscussion,emailAlert
region se caobeta produced an m flare at utc as it also underwent slight growth,ForecastDiscussion,emailAlert
region sw dkcbetagamma remains the largest spot group on the visible disk but has been relatively quiet throughout the period,ForecastDiscussion,emailAlert
region se dkibetagamma developed additional intermediate spots,ForecastDiscussion,emailAlert
a cme was observed in lasco c imagery off the west starting near utc,ForecastDiscussion,emailAlert
this is possibly associated with a c flare from region nw daobeta at utc,ForecastDiscussion,emailAlert
a type ii sweep was associated with an estimated speed of kms,ForecastDiscussion,emailAlert
the bulk of this cme is expected to be far to the west but analysis is ongoing to determine if there is an earthdirected component,ForecastDiscussion,emailAlert
no other potentially earthdirected cmes were observed,ForecastDiscussion,emailAlert
forecast mclass flares rr minormoderate remain likely with a slight chance for xclass flares rstrong persisting through aug energetic particle ,ForecastDiscussion,emailAlert
hr summary the greater than mev proton flux has remained at background levels,ForecastDiscussion,emailAlert
the greater than mev electron flux was at normal to moderate levels,ForecastDiscussion,emailAlert
forecast there is a slight chance for the greater than mev proton flux to reach s minor storm levels over  aug the greater than mev electron flux is expected to continue at normal to moderate levels throughout the period,ForecastDiscussion,emailAlert
solar wind ,ForecastDiscussion,emailAlert
hr summary the solar wind environment continued to reflected an enhancement in the imf,ForecastDiscussion,emailAlert
total field strength reached nt the bz component deviated southward near to a maximum of  nt,ForecastDiscussion,emailAlert
solar wind speeds were between  kms,ForecastDiscussion,emailAlert
phi was in a mostly positive orientation,ForecastDiscussion,emailAlert
forecast weak interaction with the ch hss should diminish by late on aug decreasing the chances for any weak enhancements in the imf,ForecastDiscussion,emailAlert
a return to a mostly nominal solar regime is expected on  aug as the ch hss moves from its geoeffective position,ForecastDiscussion,emailAlert
geospace ,ForecastDiscussion,emailAlert
hr summary the geomagnetic field was at quiet to unsettled levels,ForecastDiscussion,emailAlert
forecast unsettled levels are still likely early on aug but diminishing weak ch hss influence should lead to mostly quiet conditions on  aug product forecastdiscussiontxt issued nov utc prepared by the us dept,ForecastDiscussion,emailAlert
of commerce noaa space weather prediction center solar activity ,ForecastDiscussion,emailAlert
hr summary solar activity continued at moderate levels with additional mclass flares observed,ForecastDiscussion,emailAlert
the first was an mn flare at utc produced by region sw caobetagamma,ForecastDiscussion,emailAlert
the second event was an m flare that originated from just beyond the ne limb at utc along with a few cclass flares,ForecastDiscussion,emailAlert
no obvious cmes were associated with either of these events,ForecastDiscussion,emailAlert
shortly following the second mflare region sw caobeta produced a c flare at utc,ForecastDiscussion,emailAlert
coronal dimming was observed in suvi imagery that correlates to a cme first observed in lasco c imagery at utc,ForecastDiscussion,emailAlert
limited imagery is available at this time but a thorough analysis will be conducted as information becomes available to determine if there is an earthdirected component,ForecastDiscussion,emailAlert
region was also responsible for several other cclass flares as it made its way towards the west limb,ForecastDiscussion,emailAlert
region se daibetagamma was the only region to show any development adding intermediate spots as well as additional peripheral spots near the large trailing spot,ForecastDiscussion,emailAlert
it was responsible for a few cclass flares early in the period the largest being a c flare at utc,ForecastDiscussion,emailAlert
new region se crobeta formed and was numbered with the remaining regions showing little change,ForecastDiscussion,emailAlert
pending results from the modeling of the aforementioned cme no earthdirected cmes were observed in available coronagraph imagery,ForecastDiscussion,emailAlert
forecast solar activity is expected to be low with mclass flares rrminormoderate likely and a slight chance for xclass rstrong events  nov energetic particle ,ForecastDiscussion,emailAlert
hr summary the greater than mev electron flux was at normal to moderate levels,ForecastDiscussion,emailAlert
the greater than mev proton flux returned to background levels,ForecastDiscussion,emailAlert
forecast the greater than mev electron flux is expected to continue at normal to moderate levels,ForecastDiscussion,emailAlert
the greater than mev proton flux levels are expected to remain at background conditions on  nov solar wind ,ForecastDiscussion,emailAlert
hr summary solar wind parameters reflected weak negative polarity ch hss influence,ForecastDiscussion,emailAlert
solar wind speeds ranged  kms of kms,ForecastDiscussion,emailAlert
total field was primarily  nt and the bz component underwent a handful of southward deflections reaching a minimum of  nt,ForecastDiscussion,emailAlert
phi was predominantly negative,ForecastDiscussion,emailAlert
forecast solar wind parameters are expected to remain slightly enhanced on nov as negative polarity ch hss influences persist,ForecastDiscussion,emailAlert
by nov conditions are expected to decrease to near background as the ch moves out of a geoeffective position,ForecastDiscussion,emailAlert
ambient levels are expected to return on nov geospace ,ForecastDiscussion,emailAlert
hr summary the geomagnetic field was quiet to unsettled,ForecastDiscussion,emailAlert
forecast the geomagnetic field is expected to be quiet to unsettled with a chance for isolated active periods on nov due to ch hss influence,ForecastDiscussion,emailAlert
by  nov mostly quiet conditions are expected to return as the ch moves out of a geoeffective position,ForecastDiscussion,emailAlert
product forecastdiscussiontxt issued oct utc prepared by the us dept,ForecastDiscussion,emailAlert
of commerce noaa space weather prediction center solar activity ,ForecastDiscussion,emailAlert
hr summary solar activity reached high levels,ForecastDiscussion,emailAlert
an xsf flare was observed at utc from region se ehibetagamma,ForecastDiscussion,emailAlert
associated type ii  kms and type iv radio emissions occurred as well as an asymmetric halo cme that was first visible off the sw in c imagery at utc,ForecastDiscussion,emailAlert
due to the location of the source region the bulk of the cme is expected to be to the s and e of earth,ForecastDiscussion,emailAlert
however some flanking influence is likely according to preliminary modelling efforts,ForecastDiscussion,emailAlert
analysis of this event for timing is ongoing at the time of this summary,ForecastDiscussion,emailAlert
this region was also responsible for an msf flare at utc and several cclass flares during the period,ForecastDiscussion,emailAlert
the other spotted regions were unremarkable,ForecastDiscussion,emailAlert
forecast solar flare activity is expected to be at minor to moderate rr levels  oct with a slight chance for rstrong levels as more magnetically complex regions emerge in the se part of the disk,ForecastDiscussion,emailAlert
region  formerly  was responsible for four xclass flares on its last transit,ForecastDiscussion,emailAlert
energetic particle ,ForecastDiscussion,emailAlert
hr summary the greater than mev electron flux remained at normal to moderate levels,ForecastDiscussion,emailAlert
the greater than mev proton flux remained near background levels,ForecastDiscussion,emailAlert
forecast the greater than mev electron flux is expected to be at normal to moderate levels and the greater than mev proton flux is expected to remain at background levels  oct solar wind ,ForecastDiscussion,emailAlert
hr summary solar wind parameters have become slightly enhanced over the period as a weak positive polarity ch became geoeffective,ForecastDiscussion,emailAlert
total magnetic field was  nt with the bz component fluctuating between  nt,ForecastDiscussion,emailAlert
wind speeds rose from around kms to kms before settling to near kms,ForecastDiscussion,emailAlert
the phi angle has remained in the positive sector,ForecastDiscussion,emailAlert
forecast solar wind parameters are expected to remain slightly enhanced  oct with weak ch influence,ForecastDiscussion,emailAlert
nominal conditions are expected on oct geospace ,ForecastDiscussion,emailAlert
hr summary the geomagnetic field was at quiet to active levels,ForecastDiscussion,emailAlert
forecast unsettled to active levels are expected on  oct due to weak ch influence,ForecastDiscussion,emailAlert
quiet conditions are expected on oct under a nominal solar wind,ForecastDiscussion,emailAlert
product forecastdiscussiontxt issued mar utc prepared by the us dept,ForecastDiscussion,emailAlert
of commerce noaa space weather prediction center solar activity ,ForecastDiscussion,emailAlert
hr summary solar activity was at low levels,ForecastDiscussion,emailAlert
multiple longduration cclass eruptions were associated with activity near region s l as it rotated beyond the w limb,ForecastDiscussion,emailAlert
the largest was a c flare at utc,ForecastDiscussion,emailAlert
associated with the flare activity were multiple cme signatures in soholasco c imagery,ForecastDiscussion,emailAlert
as the region is now on the farside of the sun the ejecta is expected to head westward and upstream of earth,ForecastDiscussion,emailAlert
region ne axxalpha was recently numbered but remained mostly quiet throughout the period,ForecastDiscussion,emailAlert
the remaining three spotted regions were stable and quiet,ForecastDiscussion,emailAlert
forecast solar activity is expected to be low with a slight chance for mclass flares over  mar primarily due to the eruptive potential of region as it rotates further beyond the w limb,ForecastDiscussion,emailAlert
energetic particle ,ForecastDiscussion,emailAlert
hr summary the greater than mev electron flux was at normal to moderate levels and the greater than mev proton flux was slight above background levels due to recent activity from old region ,ForecastDiscussion,emailAlert
forecast the greater than mev electron flux is expected to be at normal to moderate levels on  mar,ForecastDiscussion,emailAlert
the greater than mev proton flux is expected to remain elevated above background levels for the next few days,ForecastDiscussion,emailAlert
solar wind ,ForecastDiscussion,emailAlert
hr summary solar wind conditions were enhanced due to positive polarity ch hss influences,ForecastDiscussion,emailAlert
solar wind speeds were in gradual decline and ranged  kms,ForecastDiscussion,emailAlert
total magnetic field strength steadily decline from nt to nt by the end of the reporting period,ForecastDiscussion,emailAlert
phi angle was oriented in the positive sector,ForecastDiscussion,emailAlert
forecast enhanced solar wind conditions are expected to prevail over  mar due to continued ch hss influences,ForecastDiscussion,emailAlert
geospace ,ForecastDiscussion,emailAlert
hr summary the geomagnetic field was at quiet to active levels due to ch hss influences,ForecastDiscussion,emailAlert
forecast periods of active conditions are expected on mar and quiet to unsettled levels are expected over  mar due to continued ch hss influences,ForecastDiscussion,emailAlert
product forecastdiscussiontxt issued jan utc prepared by the us dept,ForecastDiscussion,emailAlert
of commerce noaa space weather prediction center solar activity ,ForecastDiscussion,emailAlert
hr summary solar activity was at moderate levels with mclass flares rminor observed,ForecastDiscussion,emailAlert
region nw ekibetagamma produced a m flare at utc which was the largest of the period,ForecastDiscussion,emailAlert
ar was responsible for the majority of the cclass flare activity as well as it maintained a gamma magnetic configuration,ForecastDiscussion,emailAlert
regions nw ckobeta and se ekcbetagamma tacked on cclass flares as well with the latter presenting mixed polarities in its intermediate penumbra,ForecastDiscussion,emailAlert
region sw bxobeta was numbered this period after producing a c flare at utc,ForecastDiscussion,emailAlert
new spots were noted near se but went unnumbered as we await observatory reports,ForecastDiscussion,emailAlert
no earthdirected cmes were observed in available coronagraph imagery,ForecastDiscussion,emailAlert
forecast rr minormoderate events are likely with a chance for r or greater events over  jan energetic particle ,ForecastDiscussion,emailAlert
hr summary the greater than mev electron flux was at normal to moderate levels and the greater than mev proton flux was at background levels,ForecastDiscussion,emailAlert
forecast the greater than mev electron flux is expected to continue at normal to moderate levels through jan there is a slight chance for the greater than mev proton flux to reach s minor levels over  jan solar wind ,ForecastDiscussion,emailAlert
hr summary negative polarity ch hss influences and mildly enhanced solar wind conditions prevailed this period,ForecastDiscussion,emailAlert
total field strength was between  nt,ForecastDiscussion,emailAlert
the bz component underwent several sustained southward deflections of  to  nt during the latter half of the period,ForecastDiscussion,emailAlert
solar wind speeds ranged kms to just above kms,ForecastDiscussion,emailAlert
phi was predominantly negative with a few excursions into a positive solar sector,ForecastDiscussion,emailAlert
forecast negative polarity ch hss influences are expected to continue over  jan geospace ,ForecastDiscussion,emailAlert
hr summary the geomagnetic field was quiet and unsettled with an isolated active period due to negative polarity ch hss influences,ForecastDiscussion,emailAlert
forecast the geomagnetic field is expected to be at unsettled to active levels for the remainder of jan quiet to unsettled levels are expected to prevail  jan as negative polarity ch hss effects continue,ForecastDiscussion,emailAlert
product forecastdiscussiontxt issued feb utc prepared by the us dept,ForecastDiscussion,emailAlert
of commerce noaa space weather prediction center solar activity ,ForecastDiscussion,emailAlert
hr summary solar flare activity has been at low levels with only cclass observed,ForecastDiscussion,emailAlert
the largest flare was a c at utc from the vicinity of plage region sw,ForecastDiscussion,emailAlert
this flare was accompanied by a type ii radio emission  kms and associated cme off the sw of the disk,ForecastDiscussion,emailAlert
modelling efforts determined the bulk of the cme to miss ahead of earths orbit,ForecastDiscussion,emailAlert
however a weak glancing influence can not be ruled out late on feb region se ekibetagamma is the largest and most complex region on the disk but was responsible for only one cclass flare,ForecastDiscussion,emailAlert
flux emergence and an increase in interior spots can be seen in region se daibetadelta but the region has been fairly quiet with a single cclass flare of c at utc,ForecastDiscussion,emailAlert
forecast solar activity is expected to be low with a chance for isolated mclass rr minormoderate activity and a slight chance for xclass r strong activity through feb energetic particle ,ForecastDiscussion,emailAlert
hr summary the mev electron flux at geostationary orbit has been at moderate  pfu levels for much of the period,ForecastDiscussion,emailAlert
the greater than mev proton flux was at background levels,ForecastDiscussion,emailAlert
forecast weak ch hss in the northern hemisphere could increase the mev electron flux into feb but its expected to remain below threshold,ForecastDiscussion,emailAlert
all active regions in the western hemisphere are simple in their magnetic complexity reducing the chances for impactful proton events,ForecastDiscussion,emailAlert
therefore the greater than mev proton flux is expected to remain below s minor levels through feb solar wind ,ForecastDiscussion,emailAlert
hr summary solar wind parameters remained enhanced throughout the day following a negative polarity ch hss andor a possible weak glancing blow from a cme that left the disk on the feb the total interplanetary magnetic field remained between  nt with the bz component sustaining the southward direction from  utc northward between  utc and then mostly south thereafter,ForecastDiscussion,emailAlert
solar wind speeds were between  kms and the phi angle remained in the negative towards the sun orientation,ForecastDiscussion,emailAlert
forecast a northern hemispheric positive polarity coronal hole is expected to become geoeffective feb with a slight enhancement possible at this time,ForecastDiscussion,emailAlert
waning influences towards nominal conditions are expected  feb geospace ,ForecastDiscussion,emailAlert
hr summary the geomagnetic field has been at quiet to active levels,ForecastDiscussion,emailAlert
forecast active conditions are expected to continue into the early parts of feb the geomagnetic field is expected to trend towards quiet to unsettled conditions as effects from the negative ch hss wane and there is a transition to a weak northern hemispheric ch hss late feb based on the next coronal holes position and polarity impacts are expected to be minimal,ForecastDiscussion,emailAlert
quiet conditions are expected thereafter through feb product forecastdiscussiontxt issued feb utc prepared by the us dept,ForecastDiscussion,emailAlert
of commerce noaa space weather prediction center solar activity ,ForecastDiscussion,emailAlert
hr summary solar activity increased to rminor levels due to an impulsive m flare at utc from region sw daibetagamma,ForecastDiscussion,emailAlert
this region also produced cclass activity,ForecastDiscussion,emailAlert
the region continued to develop quickly and increase in magnetic complexity,ForecastDiscussion,emailAlert
cclass activity was also observed from region se ckobeta,ForecastDiscussion,emailAlert
all other numbered regions were stable and quiet,ForecastDiscussion,emailAlert
no earth directed cmes were observed in available coronagraph imagery,ForecastDiscussion,emailAlert
forecast solar activity is expected to be low with a chance for rr minormoderate activity on  feb energetic particles ,ForecastDiscussion,emailAlert
hr summary the greater than mev electron flux reached high levels with a peak flux of  pfu observed at utc,ForecastDiscussion,emailAlert
the greater than mev proton flux was at background levels,ForecastDiscussion,emailAlert
forecast the greater than mev electron flux is likely to remain at moderate to high levels through feb the greater than mev proton flux is expected to remain below s minor levels through feb solar wind ,ForecastDiscussion,emailAlert
hr summary the solar wind environment was enhanced by negative polarity ch hss influences,ForecastDiscussion,emailAlert
total field bt remained mostly steady near nt while the bz component varied between  nt,ForecastDiscussion,emailAlert
wind speeds remained mostly steady between about  kms,ForecastDiscussion,emailAlert
the phi angle was predominantly negative,ForecastDiscussion,emailAlert
forecast the solar wind environment is expected to be enhanced on  feb due to onset and influence from the next negative polarity ch hss,ForecastDiscussion,emailAlert
geospace ,ForecastDiscussion,emailAlert
hr summary the geomagnetic field was at unsettled to active levels due to negative polarity ch hss influence,ForecastDiscussion,emailAlert
forecast g minor storm periods are likely on feb due to onset of a negative polarity ch hss,ForecastDiscussion,emailAlert
unsettled to active conditions are expected on  feb as ch influence continues,ForecastDiscussion,emailAlert
product forecastdiscussiontxt issued feb utc prepared by the us dept,ForecastDiscussion,emailAlert
of commerce noaa space weather prediction center solar activity ,ForecastDiscussion,emailAlert
hr summary solar activity reached moderate levels due to an m flare at utc from region sw eaibetagamma,ForecastDiscussion,emailAlert
the region looks to have lost much of its intermediate spots but is becoming too difficult to analyze as it rotates around the western limb,ForecastDiscussion,emailAlert
region se daibetadelta has been the greatest flare producer throughout the period with ten cclass flares,ForecastDiscussion,emailAlert
the region exhibited rapid flux emergence and magnetic shear across the intermediate area,ForecastDiscussion,emailAlert
region se ekobetagamma also experienced quite a bit of growth with its length increasing and both the leader and trailer spots increasing in size due to consolidation of interior spots,ForecastDiscussion,emailAlert
regardless of growth the region has been quiet,ForecastDiscussion,emailAlert
all other regions have been stable or in slight decay,ForecastDiscussion,emailAlert
no earthdirected cmes were observed in coronagraph imagery this period,ForecastDiscussion,emailAlert
forecast solar activity is expected to be low with a chance for mclass rr minormoderate activity and a slight chance for xclass r strong activity through feb energetic particle ,ForecastDiscussion,emailAlert
hr summary the greater than mev electron flux at geostationary orbit remains high following a ch hss electrons reached a peak flux of  pfu observed at utc,ForecastDiscussion,emailAlert
the greater than mev proton flux was at background levels,ForecastDiscussion,emailAlert
forecast the greater than mev electron flux is likely to remain at moderate to high levels through feb possibly into feb before returning to moderate levels thereafter,ForecastDiscussion,emailAlert
all active regions in the western hemisphere are simple in their magnetic complexity reducing the chances for impactful proton events,ForecastDiscussion,emailAlert
therefore the greater than mev proton flux is expected to remain below s minor levels through feb solar wind ,ForecastDiscussion,emailAlert
hr summary solar wind parameters continued to reflect influences from the negative polarity ch hss,ForecastDiscussion,emailAlert
total field averaged around nt with a mostly variable bz component between  nt,ForecastDiscussion,emailAlert
there was a sustained period of southward bz between  utc but shifted back to variable thereafter,ForecastDiscussion,emailAlert
solar wind speeds have been on the gradual decline from kms to kms,ForecastDiscussion,emailAlert
aside from a few oscillations the phi angle has remained mostly in the negative towards the sun orientation,ForecastDiscussion,emailAlert
forecast negative polarity ch hss influences are expected to diminish through feb there is a slight chance for a weak glancing blow from a cme that left the disk on feb but confidence is low,ForecastDiscussion,emailAlert
if the cme does arrive solar wind parameters will be disturbed into feb effects wane and a gradual return to nominal conditions is expected feb geospace ,ForecastDiscussion,emailAlert
hr summary the geomagnetic field was at quiet to active levels,ForecastDiscussion,emailAlert
forecast no changes from previous discussion,ForecastDiscussion,emailAlert
unsettled to active conditions are expected to continue through feb as negative polarity ch hss effects wane,ForecastDiscussion,emailAlert
there is a chance for g minor geomagnetic storming by early to mid feb with any glancing influences from a cme that left the sun on feb however this is low confidence,ForecastDiscussion,emailAlert
quiet to unsettled conditions are expected to prevail on feb as any remaining negative polarity ch hss effects end and a possible transition to a weak positive polarity ch hss regime begins,ForecastDiscussion,emailAlert
product forecastdiscussiontxt issued feb utc prepared by the us dept,ForecastDiscussion,emailAlert
of commerce noaa space weather prediction center solar activity ,ForecastDiscussion,emailAlert
hr summary solar activity reached moderate levels,ForecastDiscussion,emailAlert
region nw eacbetadelta maintained a weak delta in its intermediate spots while exhibiting signs of decay,ForecastDiscussion,emailAlert
ar was responsible for an m flare at utc which was the largest event of the period,ForecastDiscussion,emailAlert
region nw hsxalpha produced a c flare at utc as it began its transit of the western limb,ForecastDiscussion,emailAlert
region nw daobeta produced numerous cclass flares the largest of which included a c and c at utc and utc respectively,ForecastDiscussion,emailAlert
a slow faint cme associated with the aforementioned m flare from ar was first seen in coronagraph imagery at approximately utc,ForecastDiscussion,emailAlert
while a substantial earthdirected component is not anticipated analysis and modeling is currently underway,ForecastDiscussion,emailAlert
forecast solar activity will likely reach moderate levels rr minormoderate with a slight chance for isolated xclass rstrong events through feb due to the cluster of sunspot groups in the nw quadrant,ForecastDiscussion,emailAlert
energetic particles ,ForecastDiscussion,emailAlert
hr summary the greater than mev electron flux was at normal to moderate levels,ForecastDiscussion,emailAlert
the greater than mev proton flux was at background levels,ForecastDiscussion,emailAlert
forecast the greater than mev electron flux is likely to remain at moderate levels through feb the greater than mev proton flux has a slight chance of reaching s minor levels through feb primarily due to the flare potential of ar ,ForecastDiscussion,emailAlert
solar wind ,ForecastDiscussion,emailAlert
hr summary the solar wind environment was slightly enhanced from what was likely glancing influences from the feb cme event,ForecastDiscussion,emailAlert
total field gradually increased to peaks of  nt,ForecastDiscussion,emailAlert
the bz component underwent a few sustained southward deflections reaching  to  nt,ForecastDiscussion,emailAlert
solar wind speeds ranged kms to kms and phi was predominantly positive,ForecastDiscussion,emailAlert
forecast enhancements from a recurrent negative polarity ch hss are anticipated to begin on feb and continue through feb geospace ,ForecastDiscussion,emailAlert
hr summary the geomagnetic field was at quiet to unsettled levels with an isolated active period,ForecastDiscussion,emailAlert
forecast unsettled to active levels are expected on feb due to negative polarity ch hss effects,ForecastDiscussion,emailAlert
g minor geomagnetic storming is likely on feb as high speed stream effects continue with a return to primarily unsettled to active levels by feb product forecastdiscussiontxt issued jan utc prepared by the us dept,ForecastDiscussion,emailAlert
of commerce noaa space weather prediction center solar activity ,ForecastDiscussion,emailAlert
hr summary solar activity reached moderate levels,ForecastDiscussion,emailAlert
region nw ekibetagamma produced an m flare rminor at utc the largest event of the period and continued to slowly decayed,ForecastDiscussion,emailAlert
region se ekcbetagammadelta underwent minor overall growth but some decay was observed among the intermediate spots,ForecastDiscussion,emailAlert
new regions sw bxobeta and se bxobeta were numbered and the remaining regions were stable,ForecastDiscussion,emailAlert
no earthdirected cmes were detected in available imagery,ForecastDiscussion,emailAlert
forecast rr minormoderate events are likely with a slight chance for r or greater events over  jan energetic particle ,ForecastDiscussion,emailAlert
hr summary the greater than mev electron flux was at normal and moderate levels and the greater than mev proton flux was at background levels,ForecastDiscussion,emailAlert
forecast the greater than mev electron flux is expected to be at normal and moderate levels through jan there is a slight chance for the greater than mev proton flux to reach s minor levels over  jan solar wind ,ForecastDiscussion,emailAlert
hr summary negative polarity ch hss influences prevailed,ForecastDiscussion,emailAlert
total field strength slowly increased throughout the period to a peak of nt,ForecastDiscussion,emailAlert
the bz component was sustained southward by was much as  nt for brief intervals throughout the period,ForecastDiscussion,emailAlert
solar wind speeds ranged between  kms,ForecastDiscussion,emailAlert
forecast enhanced solar wind conditions and negative polarity ch hss influences are expected to persist through jan background levels are expected to return on jan geospace ,ForecastDiscussion,emailAlert
hr summary the geomagnetic field reached active levels due to negative polarity ch hss influences,ForecastDiscussion,emailAlert
forecast periods of active conditions are likely on jan followed by quiet and unsettled levels on jan due to negative polarity ch hss influences,ForecastDiscussion,emailAlert
quiet conditions are expected to prevail on jan product forecastdiscussiontxt issued jan utc prepared by the us dept,ForecastDiscussion,emailAlert
of commerce noaa space weather prediction center solar activity ,ForecastDiscussion,emailAlert
hr summary solar activity was low with only cclass flare activity observed,ForecastDiscussion,emailAlert
region nw dkobetagamma was responsible for the majority of the activity,ForecastDiscussion,emailAlert
region ne chobeta continued to rotate into view revealing possible small trailing spots,ForecastDiscussion,emailAlert
region se daobeta rotated onto the southeast limb and was numbered during the period,ForecastDiscussion,emailAlert
a narrow cme was observed off the southeast limb beginning around utc in association with a filament eruption,ForecastDiscussion,emailAlert
model runs suggest it is well ahead and south of the sunearth line,ForecastDiscussion,emailAlert
forecast there is a chance for rr minormoderate events over  jan with a slight chance for an r or greater event on  jan energetic particle ,ForecastDiscussion,emailAlert
hr summary the greater than mev electron flux was at normal to moderate levels and the greater than mev proton flux was steady at background levels,ForecastDiscussion,emailAlert
forecast the greater than mev electron flux is expected to continue at normal to moderate levels through jan the greater than mev proton flux is expected to persist at background levels over  jan solar wind ,ForecastDiscussion,emailAlert
hr summary solar wind parameters returned to near background levels,ForecastDiscussion,emailAlert
total field was steady between  nt and the bz component was variable,ForecastDiscussion,emailAlert
solar wind speeds decreased from kms to kms,ForecastDiscussion,emailAlert
phi was predominantly negative,ForecastDiscussion,emailAlert
forecast mildly enhanced solar wind conditions and negative polarity ch hss influences are expected on  jan with a return to nominal levels on jan geospace ,ForecastDiscussion,emailAlert
hr summary the geomagnetic field was quiet to unsettled,ForecastDiscussion,emailAlert
forecast quiet and unsettled conditions are expected to prevail over  jan with negative polarity ch hss influence,ForecastDiscussion,emailAlert
a return to mostly quiet conditions is expected on jan product forecastdiscussiontxt issued jan utc prepared by the us dept,ForecastDiscussion,emailAlert
of commerce noaa space weather prediction center solar activity ,ForecastDiscussion,emailAlert
hr summary solar activity was at low levels with no mclass activity observed,ForecastDiscussion,emailAlert
the notable event was a filament channel in the se quadrant that began to erupt utc,ForecastDiscussion,emailAlert
a cme signature was observed in subsequent soholasco c coronagraph imagery,ForecastDiscussion,emailAlert
analysis and modelling of the event is underway to determine if an earthdirected component was produced,ForecastDiscussion,emailAlert
a new region of flux was observed rotating onto the se limb,ForecastDiscussion,emailAlert
only minor changes were observed in the numbered active regions transiting the visible disk,ForecastDiscussion,emailAlert
forecast there is a chance of mclass flares rr minormoderate on  jan with a slight chance for an xclass flare r strong on  jan primarily due to flare potential from multiple regions nearing the w limb,ForecastDiscussion,emailAlert
energetic particle ,ForecastDiscussion,emailAlert
hr summary the greater than mev electron flux was at normal to moderate levels,ForecastDiscussion,emailAlert
the greater than mev proton flux was at background levels,ForecastDiscussion,emailAlert
forecast the greater than mev electron flux is expected to be normal to moderate levels on  jan with a chance to reach high levels on jan there is a slight chance for the greater than mev proton flux to reach s minor levels over  jan solar wind ,ForecastDiscussion,emailAlert
hr summary solar wind parameters were at nominal levels,ForecastDiscussion,emailAlert
solar wind speeds steadily declined from kms to kms over the reporting period,ForecastDiscussion,emailAlert
total magnetic field strength was below nt,ForecastDiscussion,emailAlert
phi angle was negatively oriented,ForecastDiscussion,emailAlert
forecast solar wind parameters are likely to continue at nominal levels over  jan geospace ,ForecastDiscussion,emailAlert
hr summary the geomagnetic field was quiet,ForecastDiscussion,emailAlert
forecast the geomagnetic field is likely to be at mostly quiet levels over  jan product forecastdiscussiontxt issued feb utc prepared by the us dept,ForecastDiscussion,emailAlert
of commerce noaa space weather prediction center solar activity ,ForecastDiscussion,emailAlert
hr summary solar activity was at low levels,ForecastDiscussion,emailAlert
region nw esibetagamma continued to show signs of decay in its intermediate spots while continuing its trek towards the western limb,ForecastDiscussion,emailAlert
ar produced a c flare and c flare at utc and utc respectively,ForecastDiscussion,emailAlert
region nw csobeta developed a simple trailing spot and region sw crobetagamma underwent evolution as its leading spot began to develop rudimentary penumbra as well as a gamma magnetic configuration in its intermediate area,ForecastDiscussion,emailAlert
new spots were noted near sw and se but remain unnumbered at this time as we await additional solar observatory reports,ForecastDiscussion,emailAlert
the remaining numbered regions were stable and relatively quiet,ForecastDiscussion,emailAlert
beginning at approximately utc a large filament centered near sw became unstable,ForecastDiscussion,emailAlert
goes imagery seems to suggest that this was a reabsorption event and is corroborated by a lack of ejecta visible in coronagraph imagery,ForecastDiscussion,emailAlert
no other earthdirected events were observed in available imagery,ForecastDiscussion,emailAlert
forecast solar activity will likely reach moderate levels rr minormoderate with a slight chance for isolated xclass rstrong events through feb due to the cluster of sunspot groups in the nw quadrant,ForecastDiscussion,emailAlert
activity will likely decrease further on feb to only a isolated chance for r events as ar rotates beyond the western limb,ForecastDiscussion,emailAlert
energetic particles ,ForecastDiscussion,emailAlert
hr summary the greater than mev electron flux was at normal to moderate levels,ForecastDiscussion,emailAlert
the greater than mev proton flux was at background levels,ForecastDiscussion,emailAlert
forecast the greater than mev electron flux is likely to remain at moderate levels through feb the greater than mev proton flux has a slight chance of reaching s minor levels through feb primarily due to the flare potential of ar ,ForecastDiscussion,emailAlert
probabilities decrease on feb as ar moves beyond the western limb,ForecastDiscussion,emailAlert
solar wind ,ForecastDiscussion,emailAlert
hr summary the solar wind environment was enhanced by negative polarity ch hss influences,ForecastDiscussion,emailAlert
total field increased from a range of to nt to peaks of nt,ForecastDiscussion,emailAlert
the bz component remained primarily northward until approximately utc when sustained southward deflections reaching  to  nt began,ForecastDiscussion,emailAlert
solar wind speeds increased from kms to  kms,ForecastDiscussion,emailAlert
phi became predominantly negative around utc,ForecastDiscussion,emailAlert
forecast an enhanced and disturbed solar wind environment is expected to continue through feb due to negative polarity ch hss influences,ForecastDiscussion,emailAlert
hss influences from this particular ch should begin to wane by feb however there is a chance for an additional enhancement by late feb due to any glancing influences from a slow faint cme that left the sun on feb confidence is low in this outcome,ForecastDiscussion,emailAlert
geospace ,ForecastDiscussion,emailAlert
hr summary the geomagnetic field reached g minor geomagnetic storming levels,ForecastDiscussion,emailAlert
forecast g minor geomagnetic storming is expected on feb under negative polarity ch hss effects,ForecastDiscussion,emailAlert
quiet to unsettled conditions with isolated active periods are expected  feb as ch hss effects continue along with a chance of glancing influences from the aforementioned feb cme,ForecastDiscussion,emailAlert
product forecastdiscussiontxt issued jan utc prepared by the us dept,ForecastDiscussion,emailAlert
of commerce noaa space weather prediction center solar activity ,ForecastDiscussion,emailAlert
hr summary solar activity reached moderate levels due to an m flare at utc from region sw ekibetagamma,ForecastDiscussion,emailAlert
region continued to exhibit decay in its intermediate and trailing spots,ForecastDiscussion,emailAlert
slight growth was observed in region nw daibetagamma,ForecastDiscussion,emailAlert
a new region of emerging flux was observed near ne but has not yet been assigned an active region number,ForecastDiscussion,emailAlert
no earthdirected cmes were observed,ForecastDiscussion,emailAlert
forecast there is a chance of mclass flares rr minormoderate with a slight chance for an xclass flare r strong on  jan energetic particle ,ForecastDiscussion,emailAlert
hr summary the greater than mev electron flux was at normal to moderate levels,ForecastDiscussion,emailAlert
the greater than mev proton flux was at background levels,ForecastDiscussion,emailAlert
forecast the greater than mev electron flux is expected to be normal to moderate on  jan there is a slight chance for the greater than mev proton flux to reach s minor levels over  jan solar wind ,ForecastDiscussion,emailAlert
hr summary solar wind parameters were near nominal levels,ForecastDiscussion,emailAlert
solar wind speeds gradually declined from kms to n kms by the end of the reporting period,ForecastDiscussion,emailAlert
total field ranged from  nt while the bz component briefly reached  nt,ForecastDiscussion,emailAlert
phi angle remained mostly negative,ForecastDiscussion,emailAlert
forecast an enhanced solar wind environment is likely on jan with the anticipated passing of a cme that left the sun on jan a transition back to nominal conditions is likely over jan geospace ,ForecastDiscussion,emailAlert
hr summary the geomagnetic field was quiet,ForecastDiscussion,emailAlert
forecast unsettled to g minor storming with a chance for g moderate is likely on jan with the anticipated arrival of a cme that left the sun on jan unsettled to active levels are expected to persist through jan as cme effects wane,ForecastDiscussion,emailAlert
mostly quiet conditions are expected over jan product forecastdiscussiontxt issued feb utc prepared by the us dept,ForecastDiscussion,emailAlert
of commerce noaa space weather prediction center solar activity ,ForecastDiscussion,emailAlert
hr summary solar activity increased to high levels as the cluster of regions in the ne churned out several mclass flares again this period,ForecastDiscussion,emailAlert
region nw caobetagamma produced an m flare the largest of the period at utc and an m at utc,ForecastDiscussion,emailAlert
region ne dsibetagammadelta added an m at utc and an m flare at utc,ForecastDiscussion,emailAlert
associated with the m flare was a type ii radio sweep est kms,ForecastDiscussion,emailAlert
this region also produced several cclass flares as it exhibited rapid growth in its intermediate and trailer spots,ForecastDiscussion,emailAlert
region ne caobeta developed in the ne and was numbered,ForecastDiscussion,emailAlert
the remaining active regions on the visible disk were either stable or in gradual decay,ForecastDiscussion,emailAlert
other activity included a type ii radio sweep est,ForecastDiscussion,emailAlert
kms beginning at utc,ForecastDiscussion,emailAlert
this was likely associated with a halo cme observed in soholasco c coronagraph imagery that originated from the suns far side,ForecastDiscussion,emailAlert
forecast solar activity is likely to reach minor levels rrminormoderate radio blackouts with a slight chance for isolated xclass rstrong events over  feb as the cluster of spot groups in the ne quadrant remains active,ForecastDiscussion,emailAlert
energetic particle ,ForecastDiscussion,emailAlert
hr summary the greater than mev electron flux reached high levels reaching a peak value of pfu at utc,ForecastDiscussion,emailAlert
the greater than mev proton flux was at background levels,ForecastDiscussion,emailAlert
forecast the mev electron flux is likely to reach high levels through feb feb as the positive polarity coronal hole high speed influence persists yet begins to diminish,ForecastDiscussion,emailAlert
the greater than mev proton levels have a slight chance of reaching s minor levels over feb  feb solar wind ,ForecastDiscussion,emailAlert
hr summary the solar wind environment continued under the influence of a positive polarity ch hss,ForecastDiscussion,emailAlert
total magnetic field strength averaged near nt for the first half of the period before seeing a slight increase to peak at nt at utc,ForecastDiscussion,emailAlert
the bz component was variable between  nt until approximately utc when it rotated mostly north,ForecastDiscussion,emailAlert
solar wind speeds as observed at the ace spacecraft began the period just under kms and then slowly declined through the period to end at just over kms,ForecastDiscussion,emailAlert
phi angle was predominantly oriented in the positive sector until just after utc when it rotated into a negative position,ForecastDiscussion,emailAlert
forecast enhancements in the solar wind parameters are expected to continue through  feb with persistent yet waning positive polarity coronal hole influence coupled with the possible interaction with the jan cme on feb parameters are then expected to return to near background levels on feb as chcme influences diminish,ForecastDiscussion,emailAlert
geospace ,ForecastDiscussion,emailAlert
hr summary the geomagnetic field was at quiet to active levels due to influence from a positive polarity ch hss,ForecastDiscussion,emailAlert
forecast the geomagnetic field is likely to see active levels with a slight chance for isolated g minor storm conditions early on feb as the positive polarity ch hss influence continues,ForecastDiscussion,emailAlert
late on feb active conditions are possible again if the cme from jan passes near enough to the earth,ForecastDiscussion,emailAlert
a return to quiet to unsettled conditions are then expected on feb as chcme influences subside,ForecastDiscussion,emailAlert
product forecastdiscussiontxt issued jan utc prepared by the us dept,ForecastDiscussion,emailAlert
of commerce noaa space weather prediction center solar activity ,ForecastDiscussion,emailAlert
hr summary solar activity remained at rminor levels due to an m flare at utc from region sw ekcbetagammadelta,ForecastDiscussion,emailAlert
associated with this flare was a type ii radio sweep with an estimated velocity of kms,ForecastDiscussion,emailAlert
this region also produced a c flare observed at utc,ForecastDiscussion,emailAlert
slight decay occurred in the intermediate area of region ,ForecastDiscussion,emailAlert
slight growth was observed in region se eaibetagamma,ForecastDiscussion,emailAlert
only minor changes were noted in the rest of the spotted regions,ForecastDiscussion,emailAlert
a cme directly mostly off the se limb began at utc observed in goesccor imagery,ForecastDiscussion,emailAlert
this cme was associated with the msf flare observed at utc from region ,ForecastDiscussion,emailAlert
modelling indicated a potential glancing blow mid to late on jan forecast mclass flares are likely rr minormoderate with a slight chance for an xclass flare r strong on  jan energetic particles ,ForecastDiscussion,emailAlert
hr summary the greater than mev electron flux was at normal to moderate levels,ForecastDiscussion,emailAlert
the greater than mev proton flux was at background levels,ForecastDiscussion,emailAlert
forecast the greater than mev electron flux is expected to be normal to moderate with a chance for high levels through jan there is a slight chance for the greater than mev proton flux to reach s minor levels over  jan solar wind ,ForecastDiscussion,emailAlert
hr summary solar wind speed continued to decline from approximately kms to near kms as ch hss influence waned,ForecastDiscussion,emailAlert
total field ranged from  nt while the bz component was between to  nt,ForecastDiscussion,emailAlert
phi angle was predominantly negative until utc when it became variable between positive and negative sectors,ForecastDiscussion,emailAlert
forecast a slow return to nominal levels is expected through jan as hss influence subsides,ForecastDiscussion,emailAlert
around mid to late on jan a glancing blow from the jan cme is likely to enhance solar wind parameters,ForecastDiscussion,emailAlert
geospace ,ForecastDiscussion,emailAlert
hr summary the geomagnetic field was quiet to unsettled,ForecastDiscussion,emailAlert
forecast quiet to unsettled levels are expected on jan followed by mostly quiet conditions on jan as hss influence diminishes,ForecastDiscussion,emailAlert
unsettled to active levels with a chance for g minor storm periods is likely mid to late on jan due to the arrival of a glancing blow from the jan cme,ForecastDiscussion,emailAlert
product forecastdiscussiontxt issued feb utc prepared by the us dept,ForecastDiscussion,emailAlert
of commerce noaa space weather prediction center solar activity ,ForecastDiscussion,emailAlert
hr summary solar activity reached high levels following an mn flare rmodereate at utc from region ne eacbetagammadelta,ForecastDiscussion,emailAlert
associated with this flare was a type ii radio sweep est,ForecastDiscussion,emailAlert
kms and a tenflare  sfu,ForecastDiscussion,emailAlert
only minor changes were observed among all numbered active regions on the visible disk,ForecastDiscussion,emailAlert
a cme associated with the mn flare was first observed in soholasco c coronagraph imagery at utc,ForecastDiscussion,emailAlert
analysis and modelling of the event suggested most of the ejecta would pass behind earth with influence from the periphery possible on feb forecast solar activity is likely to reach minor levels rrminormoderate radio blackouts with a slight chance for isolated xclass rstrong events over  feb primarily due to potential from an active region cluster in the ne quadrant,ForecastDiscussion,emailAlert
energetic particle ,ForecastDiscussion,emailAlert
hr summary the greater than mev electron flux has been at moderate levels,ForecastDiscussion,emailAlert
the greater than mev proton flux was at background levels,ForecastDiscussion,emailAlert
forecast the greater than mev electron flux at geostationary orbit is expected to remain at normal to moderate levels on feb a positive polarity coronal hole high speed stream on  feb will likely increase the chances for the mev electron flux to reach high levels on feb the greater than mev proton levels have a slight chance of reaching s minor levels over feb  feb solar wind ,ForecastDiscussion,emailAlert
hr summary the solar wind environment transitioned into the influence of a positive polarity ch hss over the past hours,ForecastDiscussion,emailAlert
total magnetic field strength was elevated with peak values reaching nt,ForecastDiscussion,emailAlert
the bz component rotated as far south as  nt around utc,ForecastDiscussion,emailAlert
solar wind speeds steadily increased from kms to kms by the end of the reporting period,ForecastDiscussion,emailAlert
phi angle transitioned to predominantly positive after utc,ForecastDiscussion,emailAlert
forecast enhancements in the solar wind parameters are expected to continue through  feb as the positive polarity coronal hole influence persists,ForecastDiscussion,emailAlert
geospace ,ForecastDiscussion,emailAlert
hr summary the geomagnetic field was at quiet to active levels due to influence from a positive polarity ch hss,ForecastDiscussion,emailAlert
forecast the geomagnetic field is likely to reach g minor levels on feb as the positive polarity ch hss influence continues,ForecastDiscussion,emailAlert
active conditions are likely over feb and unsettled conditions over feb as ch hss conditions wane,ForecastDiscussion,emailAlert
product forecastdiscussiontxt issued jan utc prepared by the us dept,ForecastDiscussion,emailAlert
of commerce noaa space weather prediction center solar activity ,ForecastDiscussion,emailAlert
hr summary solar flare activity was at moderate levels due to an m flare at utc likely from old region s l just beyond the sw limb,ForecastDiscussion,emailAlert
ar ne ekibetagammadelta ar sw cao eta and ar sw hsxalpha produced cclass activity,ForecastDiscussion,emailAlert
ar continues to be the largest region on the disk while being stable and showing separation between its leader and trailer portions,ForecastDiscussion,emailAlert
all other regions were stable or in decay,ForecastDiscussion,emailAlert
there were no earthdirected cmes observed in available coronagraph imagery,ForecastDiscussion,emailAlert
forecast rr minormoderate radio blackouts are likely with a slight chance for isolated r strong or greater events through jan this is based on the magnetic complexity and persistent activity of region ,ForecastDiscussion,emailAlert
energetic particles ,ForecastDiscussion,emailAlert
hr summary the greater than mev electron flux reached high levels with a peak flux of  pfu at utc,ForecastDiscussion,emailAlert
the greater than mev proton flux continues to trend towards background levels following an s minor solar radiation storm that ended on utc,ForecastDiscussion,emailAlert
forecast the greater than mev electron flux is expected to be at moderate to high levels on  jan the greater than mev proton flux will continue to trend towards background levels jan a slight chance for s minor solar radiation storming will persist through jan as multiple cme producing regions transit and exit the western limb,ForecastDiscussion,emailAlert
solar wind ,ForecastDiscussion,emailAlert
hr summary an enhanced solar wind environment continued due to the effects of positive polarity coronal holes in the western hemisphere,ForecastDiscussion,emailAlert
the total field was between  nt with a variable bz component between  nt,ForecastDiscussion,emailAlert
the phi angle remained primarily in the positive away from the sun orientation throughout the period,ForecastDiscussion,emailAlert
wind speed briefly increased near kms between  utc,ForecastDiscussion,emailAlert
forecast the enhanced solar wind environment will persist with gradual weakening through jan with a trend towards ambient levels jan there is a slight chance for a glancing blow due to a cme that left the disk on jan confidence is low in its arrival but an enhancement of the field for a brief period will follow if it does arrive,ForecastDiscussion,emailAlert
geospace ,ForecastDiscussion,emailAlert
hr summary the geomagnetic field was at quiet to unsettled levels,ForecastDiscussion,emailAlert
forecast quiet to unsettled conditions will continue into jan as the influence of the positive polarity ch hss decreases,ForecastDiscussion,emailAlert
mostly quiet conditions are expected thereafter into  jan product forecastdiscussiontxt issued jan utc prepared by the us dept,ForecastDiscussion,emailAlert
of commerce noaa space weather prediction center solar activity ,ForecastDiscussion,emailAlert
hr summary solar activity was low with only cclass flare activity observed,ForecastDiscussion,emailAlert
new region nw dribetagamma emerged and was numbered during the period,ForecastDiscussion,emailAlert
it has grown quickly and is developing magnetic complexity as well,ForecastDiscussion,emailAlert
the region produced the largest event of the period a c at utc,ForecastDiscussion,emailAlert
region se ekcbetagamma and region ne dkibetagammadelta both continued to show growth in aerial extent,ForecastDiscussion,emailAlert
new region ne hsxalpha was numbered as it rotated into view on the northeast limb and produced a c at utc,ForecastDiscussion,emailAlert
no earthdirected cmes were observed in available coronagraph imagery,ForecastDiscussion,emailAlert
forecast there is an increased chance for rr minormoderate radio blackouts with a slight chance for r strong radio blackouts over  jan as several regions continue to show growth and increased magnetic complexity,ForecastDiscussion,emailAlert
energetic particle ,ForecastDiscussion,emailAlert
hr summary the greater than mev electron flux was at normal to moderate levels reaching a peak of pfu at utc,ForecastDiscussion,emailAlert
the greater than mev proton flux was steady at background levels,ForecastDiscussion,emailAlert
forecast the greater than mev electron flux is expected to be at moderate to high levels on jan and normal to moderate levels on  jan the greater than mev proton flux is expected to persist at background levels through jan solar wind ,ForecastDiscussion,emailAlert
hr summary solar wind parameters were slightly enhanced during the period,ForecastDiscussion,emailAlert
total field varied between  nt while the bz component varied between  nt with several periods of sustained negativesouthward orientation,ForecastDiscussion,emailAlert
solar wind speed averaged kms,ForecastDiscussion,emailAlert
phi was predominantly negative throughout the period,ForecastDiscussion,emailAlert
forecast mildly enhanced solar wind conditions due to negative polarity ch hss influence are expected to wane through jan a new negative polarity ch hss is expected to enhance solar wind conditions again on  jan geospace ,ForecastDiscussion,emailAlert
hr summary the geomagnetic field was quiet to unsettled due to waning ch hss influence,ForecastDiscussion,emailAlert
forecast conditions are likely to dip to mostly quiet levels with a chance for isolated unsettled periods on jan before influence from a new negative polarity ch hss returns on jan mostly unsettled conditions are then expected with a slight chance for isolated active periods through jan product forecastdiscussiontxt issued jan utc prepared by the us dept,ForecastDiscussion,emailAlert
of commerce noaa space weather prediction center solar activity ,ForecastDiscussion,emailAlert
hr summary solar activity was low with only cclass flare activity observed,ForecastDiscussion,emailAlert
new regions nw bxobeta se axxalpha and ne hsxalpha were numbered this period while the remaining regions were stable,ForecastDiscussion,emailAlert
no earthdirected cmes were detected in available data,ForecastDiscussion,emailAlert
forecast there is a chance for rr minormoderate events and a slight chance for an r or greater event over  jan energetic particle ,ForecastDiscussion,emailAlert
hr summary the greater than mev electron flux was at normal to moderate levels and the greater than mev proton flux was steady at background levels,ForecastDiscussion,emailAlert
forecast the greater than mev electron flux is expected to continue at normal to moderate levels through jan the greater than mev proton flux is expected to persist at background levels over  jan solar wind ,ForecastDiscussion,emailAlert
hr summary solar wind parameters remained slightly enhanced this period as positive polarity ch hss influences waned,ForecastDiscussion,emailAlert
total field strength reached nt and the bz component varied between  nt,ForecastDiscussion,emailAlert
solar wind speeds decreased from a high of around kms early in the period to endofperiod values near  kms,ForecastDiscussion,emailAlert
forecast mildly enhanced solar wind conditions and negative polarity ch hss influences are expected on  jan geospace ,ForecastDiscussion,emailAlert
hr summary the geomagnetic field was quiet,ForecastDiscussion,emailAlert
forecast quiet and unsettled conditions are expected to prevail over  jan with negative polarity ch hss influences likely on  jan product forecastdiscussiontxt issued jan utc prepared by the us dept,ForecastDiscussion,emailAlert
of commerce noaa space weather prediction center solar activity ,ForecastDiscussion,emailAlert
hr summary solar activity reached active levels following an m rminor flare at utc from an area around the ne limb,ForecastDiscussion,emailAlert
the regions on the visible disk exhibited only minor changes mostly decay and were either quiet or associated with lowlevel cclass activity,ForecastDiscussion,emailAlert
other activity included a filament eruption near se beginning around utc and additional one near se beginning around utc,ForecastDiscussion,emailAlert
a cme was observed in soholasco c imagery following the first eruption but modelling suggested an earthdirected component was unlikely,ForecastDiscussion,emailAlert
no cme signatures were identified in coronagraph imagery following the second eruption,ForecastDiscussion,emailAlert
forecast there is a decreasing chance of mclass flares rr minormoderate on  jan with a slight chance for an isolated xclass flare r strong on jan probabilities continue to decrease as the larger more active spot groups rotate beyond the west limb over the next few days,ForecastDiscussion,emailAlert
energetic particle ,ForecastDiscussion,emailAlert
hr summary the greater than mev electron flux was at normal to moderate levels,ForecastDiscussion,emailAlert
the greater than mev proton flux was at background levels,ForecastDiscussion,emailAlert
forecast the greater than mev electron flux is expected to be at normal to moderate levels on  jan with a slight chance to reach high levels on jan the greater than mev proton flux is likely to remain below s minor levels through jan solar wind ,ForecastDiscussion,emailAlert
hr summary solar wind parameters indicated a minor enhancement in the total magnetic field strength bt above nt that was observed after utc,ForecastDiscussion,emailAlert
bt reached a peak of nt near utc,ForecastDiscussion,emailAlert
no significant periods of southward bz were observed,ForecastDiscussion,emailAlert
solar wind speeds remained low with peak speeds observed around kms,ForecastDiscussion,emailAlert
phi angle transitioned from predominantly negative to variable after utc,ForecastDiscussion,emailAlert
forecast solar wind parameters are likely to continue near nominal levels over  jan modelling of a filament that erupted from the sun on jan suggests a chance for enhancements in the solar wind environment late on jan to early on jan geospace ,ForecastDiscussion,emailAlert
hr summary the geomagnetic field was quiet,ForecastDiscussion,emailAlert
forecast the geomagnetic field is likely to be at mostly quiet levels over  jan active levels are possible on jan if the filament from jan passes close enough to earth,ForecastDiscussion,emailAlert
product forecastdiscussiontxt issued feb utc prepared by the us dept,ForecastDiscussion,emailAlert
of commerce noaa space weather prediction center solar activity ,ForecastDiscussion,emailAlert
hr summary solar activity reached high levels with eight r minor and two r moderate flares throughout the period,ForecastDiscussion,emailAlert
the largest flare was an m at utc from region ne ekcbetagammadelta,ForecastDiscussion,emailAlert
this region continues to grow and has been responsible for most of the flare activity throughout the period,ForecastDiscussion,emailAlert
the other flare producing region was nw daibetagamma,ForecastDiscussion,emailAlert
there is a lot of splitting and shearing occurring in much of the cluster in the ne,ForecastDiscussion,emailAlert
regions outside of this cluster have been stable or in decay,ForecastDiscussion,emailAlert
a filament eruption occurred around utc centered near sw a thin cme can be seen in lasco c coronagraph imagery around utc,ForecastDiscussion,emailAlert
the cme was modelled to be too far south to make an impact to earth,ForecastDiscussion,emailAlert
there have been no other cmes detected in imagery as of utc,ForecastDiscussion,emailAlert
forecast solar activity is expected to reach moderate levels rrminormoderate radio blackouts with a slight chance for isolated xclass rstrong events over  feb due to a complex cluster of sunspot groups in the northern hemisphere,ForecastDiscussion,emailAlert
energetic particle ,ForecastDiscussion,emailAlert
hr summary the greater than mev electrons at geostationary orbit have been at moderate  pfu levels,ForecastDiscussion,emailAlert
the injection of particles associated with the high speed stream reached a peak of pfu on utc but have not risen to high levels during the diurnal maxima throughout the period,ForecastDiscussion,emailAlert
the greater than mev proton flux was at background,ForecastDiscussion,emailAlert
forecast the greater than mev electron flux is likely to remain at moderate levels through feb the greater than mev proton levels have a slight chance of reaching s minor levels over  feb due to the magnetically complex regions moving into the western hemisphere,ForecastDiscussion,emailAlert
solar wind ,ForecastDiscussion,emailAlert
hr summary the coronal hole high speed stream looks to have been disrupted by the arrival of a cme between  utc,ForecastDiscussion,emailAlert
during this time the sheath and driver of what was most likely the cme that left the ne part of the sun around utc,ForecastDiscussion,emailAlert
a return to what is most likely the tail end of the high speed stream comes back after utc,ForecastDiscussion,emailAlert
total field has been between  nt with the bz component remaining in the northward direction between  nt,ForecastDiscussion,emailAlert
solar wind speeds were between  kms early in the period and have weakened to around kms,ForecastDiscussion,emailAlert
the phi angle remained in the positive away from the sun orientation,ForecastDiscussion,emailAlert
forecast waning influences from the coronal hole high speed stream and cme is expected feb a return to more nominal conditions expected  feb geospace ,ForecastDiscussion,emailAlert
hr summary the geomagnetic field has been at quiet levels,ForecastDiscussion,emailAlert
forecast the geomagnetic field may see another isolated period of active conditions as chhss influences wane but is expected to remain mostly at quiet to unsettled levels through feb bri product forecastdiscussiontxt issued feb utc prepared by the us dept,ForecastDiscussion,emailAlert
of commerce noaa space weather prediction center product forecast discussion issued feb utc prepared by the us dept,ForecastDiscussion,emailAlert
of commerce noaa space weather prediction center ,ForecastDiscussion,emailAlert
hr summary solar activity reached high levels,ForecastDiscussion,emailAlert
region nw ekcbetagamma produced an m flare at utc the largest event of the period and exhibited signs of decay in its intermediate area,ForecastDiscussion,emailAlert
ar also produced an m m and m flares this period,ForecastDiscussion,emailAlert
region nw ckobetagamma grew in overall extent while producing cclass flares,ForecastDiscussion,emailAlert
region sw bxobeta was numbered this period but was otherwise unremarkable,ForecastDiscussion,emailAlert
a faint westerly cme associated with the aforementioned mclass flares from ar was observed in c imagery beginning at utc,ForecastDiscussion,emailAlert
however this event is not anticipated to have a significant earthdirected component,ForecastDiscussion,emailAlert
forecast solar activity is expected to reach moderate levels rr minormoderate with a chance for isolated xclass rstrong events through feb due to the complex cluster of sunspot groups in the nw quadrant,ForecastDiscussion,emailAlert
energetic particle ,ForecastDiscussion,emailAlert
hr summary the greater than mev electron flux was at normal to moderate levels,ForecastDiscussion,emailAlert
the greater than mev proton flux was at background levels,ForecastDiscussion,emailAlert
forecast the greater than mev electron flux is likely to remain at moderate levels through feb the greater than mev proton flux has a chance of reaching s minor levels through feb due to the cluster of magnetically complex regions in the western hemisphere,ForecastDiscussion,emailAlert
solar wind ,ForecastDiscussion,emailAlert
hr summary solar wind parameters returned to an ambientlike state,ForecastDiscussion,emailAlert
total field gradually decreased to  nt and the bz component was primarily northward or neutral,ForecastDiscussion,emailAlert
solar wind speeds decreased to below kms and phi was predominantly positive,ForecastDiscussion,emailAlert
forecast the solar wind parameters may undergo a slight enhancement on feb due to the outside chance of glancing influences from a cme that left the sun on feb enhancements from a recurrent negative polarity ch hss are anticipated to begin on feb and continue through feb geospace ,ForecastDiscussion,emailAlert
hr summary the geomagnetic field was quiet,ForecastDiscussion,emailAlert
forecast quiet to unsettled conditions are expected on feb due to the possibility for glancing effects from the feb cme,ForecastDiscussion,emailAlert
unsettled to active levels are expected on feb due to negative polarity ch hss effects,ForecastDiscussion,emailAlert
g minor geomagnetic storming is likely on feb as high speed stream effects continue,ForecastDiscussion,emailAlert
product forecastdiscussiontxt issued jan utc prepared by the us dept,ForecastDiscussion,emailAlert
of commerce noaa space weather prediction center solar activity ,ForecastDiscussion,emailAlert
hr summary solar activity was at moderate levels,ForecastDiscussion,emailAlert
region sw csobeta exhibited decay primarily in its leading spots while producing an m flare at utc which was the largest of the period,ForecastDiscussion,emailAlert
region sw csobeta exhibited decay as well but was relatively quiet,ForecastDiscussion,emailAlert
regions se daobeta and se ekibetagamma underwent growth as they both gained additional spots,ForecastDiscussion,emailAlert
region ne daobetagamma was numbered this period as it rotated into view and produced c and c flares at and utc respectively,ForecastDiscussion,emailAlert
region ne axxalpha was numbered this period as well but was otherwise unremarkable,ForecastDiscussion,emailAlert
additionally new spots were noted near nw but remain unnumbered at this time as we await corroborating observatory reports,ForecastDiscussion,emailAlert
no earthdirected cmes were observed in available coronagraph imagery,ForecastDiscussion,emailAlert
forecast r minormoderate radio blackouts due to mclass flare activity are likely through jan event probabilities increase slightly on days and  jan as ars sw hsxalpha s l and sw daobeta approach the western limb,ForecastDiscussion,emailAlert
energetic particle ,ForecastDiscussion,emailAlert
hr summary the greater than mev electron flux was at normal to moderate levels,ForecastDiscussion,emailAlert
the greater than mev proton flux was at background levels,ForecastDiscussion,emailAlert
forecast there is a chance for the greater than mev electron flux to reach high levels on jan with post cme influences,ForecastDiscussion,emailAlert
moderate levels are expected thereafter,ForecastDiscussion,emailAlert
a slight chance for an s minor solar radiation storm event will persist through jan given the current total disk potential and as ar approaches the western limb,ForecastDiscussion,emailAlert
solar wind ,ForecastDiscussion,emailAlert
hr summary the solar wind environment reflected continued yet waning cme influences,ForecastDiscussion,emailAlert
total field reached peaks of  nt and the bz component underwent several southward deflections reaching  to  nt,ForecastDiscussion,emailAlert
solar wind speeds ranged from kms to kms and phi rotated between solar sectors indicating magnetic cloud passage,ForecastDiscussion,emailAlert
forecast additional enhancements are possible by jan due to glancing cme influences from an event that left the sun on jan a further disturbance is expected on jan due to positive polarity ch hss effects,ForecastDiscussion,emailAlert
geospace ,ForecastDiscussion,emailAlert
hr summary the geomagnetic field reached g minor geomagnetic storming levels due to cme effects,ForecastDiscussion,emailAlert
forecast unsettled to active levels are expected on jan due to waning cme effects,ForecastDiscussion,emailAlert
g minor geomagnetic storming is likely  jan first due to possible glancing cme effects from an event that left the sun on jan and then to recurrent positive polarity ch hss effects,ForecastDiscussion,emailAlert
product forecastdiscussiontxt issued feb utc prepared by the us dept,ForecastDiscussion,emailAlert
of commerce noaa space weather prediction center solar activity ,ForecastDiscussion,emailAlert
hr summary solar activity has been low with cclass flares throughout the period,ForecastDiscussion,emailAlert
the primary flare producer was region sw eaibetagamma which was responsible for six flares,ForecastDiscussion,emailAlert
the other flare producers were regions sw ckobetagamma and se daibetadelta,ForecastDiscussion,emailAlert
no earthdirected cmes were observed in coronagraph imagery this period,ForecastDiscussion,emailAlert
forecast solar activity is expected to be low with a chance for isolated mclass rr minormoderate activity and a slight chance for xclass r strong activity through feb energetic particle ,ForecastDiscussion,emailAlert
hr summary the greater than mev electron flux at geostationary orbit remains high following a ch hss electrons reached a peak flux of  pfu observed at utc,ForecastDiscussion,emailAlert
the greater than mev proton flux was at background levels,ForecastDiscussion,emailAlert
forecast as the ch hss comes to an end the greater than mev electron flux is expected to trend back towards normal to moderate levels feb there remains a slight chance that electrons could cross the pfu threshold during the diurnal maxima but the trend is decreasing and the time above threshold if it does occur should be shorter than previous days,ForecastDiscussion,emailAlert
all active regions in the western hemisphere are simple in their magnetic complexity reducing the chances for impactful proton events,ForecastDiscussion,emailAlert
therefore the greater than mev proton flux is expected to remain below s minor levels through feb solar wind ,ForecastDiscussion,emailAlert
hr summary for much of the period the solar wind regime reflected the tail end of the negative polarity ch hss whose source is moving beyond the western limb,ForecastDiscussion,emailAlert
the total field was around  nt with a variable bz component between  nt,ForecastDiscussion,emailAlert
solar wind speeds averaged around kms and the phi angle remained mostly in the negative component,ForecastDiscussion,emailAlert
recently around utc there was a shift in the imf with bz dropping to  to  nt a slight rise in the solar winds to kms and the phi angle becoming variable,ForecastDiscussion,emailAlert
total field increased to nt,ForecastDiscussion,emailAlert
forecast hss conditions are expected to persist through early to midday on feb there is a slight chance for a weak glancing blow from a cme that left the disk on feb but confidence is low,ForecastDiscussion,emailAlert
if the cme does arrive solar wind parameters will be disturbed into feb effects wane and a gradual return to nominal conditions is expected  feb geospace ,ForecastDiscussion,emailAlert
hr summary the geomagnetic field was at quiet to g minor storm levels,ForecastDiscussion,emailAlert
forecast unsettled to g minor storming is expected early on feb as any remaining negative polarity ch hss effects end and a possible transition to a weak positive polarity ch hss regime begins,ForecastDiscussion,emailAlert
quiet to unsettled levels are expected on feb followed by mostly quiet conditions on feb product forecastdiscussiontxt issued jan utc prepared by the us dept,ForecastDiscussion,emailAlert
of commerce noaa space weather prediction center solar activity ,ForecastDiscussion,emailAlert
hr summary solar activity was at moderate levels due to mclass flaring from regions nw ekcbetadelta and nw caibetagamma,ForecastDiscussion,emailAlert
the largest was an m flare at utc from region ,ForecastDiscussion,emailAlert
slight decay was observed in region and in the trailing spots of region ,ForecastDiscussion,emailAlert
growth was observed in region se daibeta and in newly numbered region se eaibeta,ForecastDiscussion,emailAlert
other activity included a cme observed off the sw limb at utc likely associated with a filament liftoff at utc near region sw caibeta,ForecastDiscussion,emailAlert
preliminary analysis indicated potential glancing influences around midday on jan forecast mclass flares are expected rrminormoderate with a slight chance for isolated xclass flares rstrong through jan primarily due to the flare potential of region ,ForecastDiscussion,emailAlert
mclass flares are likely with a slight chance for xclass flares on jan as region rotates further beyond the nw limb,ForecastDiscussion,emailAlert
energetic particle ,ForecastDiscussion,emailAlert
hr summary the greater than mev electron flux was at normal to moderate levels,ForecastDiscussion,emailAlert
the greater than mev proton flux was at background levels,ForecastDiscussion,emailAlert
forecast there is a chance for the greater than mev electron flux to reach high levels on  jan due to cme influence,ForecastDiscussion,emailAlert
a slight chance for an s minor solar radiation storm event will persist through jan given the current total disk potential,ForecastDiscussion,emailAlert
solar wind ,ForecastDiscussion,emailAlert
hr summary a shock arrival was observed in solar wind parameters at utc,ForecastDiscussion,emailAlert
total field increased to around nt bz deflected southward to  nt at utc briefly and solar wind speed increased to around kms,ForecastDiscussion,emailAlert
total field slowly diminished to nt at utc before increasing once again to  nt,ForecastDiscussion,emailAlert
the bz component reached a maximum of  nt at utc,ForecastDiscussion,emailAlert
solar wind speed increased around the same time to between  kms possibly associated with the influence of a second cme,ForecastDiscussion,emailAlert
phi angle was mostly positive until utc when it switched into a negative sector,ForecastDiscussion,emailAlert
forecast enhancements in solar wind parameters are expected to continue through jan as cme activity persists,ForecastDiscussion,emailAlert
a slow return to nominal levels is likely on jan by midday on jan a potential glancing blow from the jan cme is likely to cause another enhancement,ForecastDiscussion,emailAlert
geospace ,ForecastDiscussion,emailAlert
hr summary the geomagnetic field reached active to g moderate geomagnetic storm levels as cme activity progressed,ForecastDiscussion,emailAlert
forecast unsettled to gg moderatestrong storm levels are expected through the rest of the utc day on jan as cme activity persists,ForecastDiscussion,emailAlert
quiet to active levels are expected on jan as cme activity slowly wanes,ForecastDiscussion,emailAlert
by midday on jan a glancing blow from the jan cme is likely to cause unsettled to active periods,ForecastDiscussion,emailAlert
product forecastdiscussiontxt issued feb utc prepared by the us dept,ForecastDiscussion,emailAlert
of commerce noaa space weather prediction center solar activity ,ForecastDiscussion,emailAlert
hr summary solar activity reached high levels today with an isolated mb at utc from region nw ekcbetagammadelta,ForecastDiscussion,emailAlert
a possibly associated faint cme was observed off the w limb at utc in soholasco c imagery,ForecastDiscussion,emailAlert
coincident with the cme was a northerly eruption at utc which was determined to be far sided,ForecastDiscussion,emailAlert
the w limb cme could only be observed in a few frames before it dissipated so there will likely not be much of an effect in the solar wind,ForecastDiscussion,emailAlert
an additional mn flare occurred at utc and appears to have originated from region nw haxalpha,ForecastDiscussion,emailAlert
slight decay and separation occurred in the trailing spots of region  while new spot emergence was observed in the intermediate area,ForecastDiscussion,emailAlert
new spot emergence was also observed in region nw caibeta,ForecastDiscussion,emailAlert
the rest of the spot groups were relatively stable or in decay,ForecastDiscussion,emailAlert
region forecast solar activity is expected to reach moderate levels rr minormoderate with a chance for isolated xclass rstrong events through feb due to the complex cluster of sunspot groups in the nw quadrant,ForecastDiscussion,emailAlert
energetic particle ,ForecastDiscussion,emailAlert
hr summary the greater than mev electron flux was at normal to moderate levels,ForecastDiscussion,emailAlert
the greater than mev proton flux was at background levels,ForecastDiscussion,emailAlert
forecast the greater than mev electron flux is likely to remain at moderate levels through feb the greater than mev proton flux has a chance of reaching s minor levels through feb due to the cluster of magnetically complex regions moving into the western hemisphere,ForecastDiscussion,emailAlert
solar wind ,ForecastDiscussion,emailAlert
hr summary solar wind parameters were slightly elevated with solar wind speed increasing from approximately kms to near kms,ForecastDiscussion,emailAlert
total field ranged from  nt while the bz component was between  nt,ForecastDiscussion,emailAlert
phi angle was mostly positive,ForecastDiscussion,emailAlert
forecast the solar wind is expected to become more enhanced on feb due to a glancing blow from the feb cme,ForecastDiscussion,emailAlert
elevated conditions are expected to wane through feb geospace ,ForecastDiscussion,emailAlert
hr summary the geomagnetic field was quiet to unsettled,ForecastDiscussion,emailAlert
forecast quiet to active conditions are expected on feb followed by quiet to unsettled on feb with the arrival of the feb cme,ForecastDiscussion,emailAlert
a return to mostly quiet conditions is expected by feb product forecastdiscussiontxt issued feb utc prepared by the us dept,ForecastDiscussion,emailAlert
of commerce noaa space weather prediction center solar activity ,ForecastDiscussion,emailAlert
hr summary solar activity increased to moderate levels rminor,ForecastDiscussion,emailAlert
region nw esibetagamma produced a single m flare at utc,ForecastDiscussion,emailAlert
the region continued to show signs of decay in its intermediate spots while continuing its trek towards the western limb,ForecastDiscussion,emailAlert
region produced c flare at utc,ForecastDiscussion,emailAlert
region nw csobeta developed a simple trailing spot and region sw crobetagamma underwent evolution as its leading spot began to develop rudimentary penumbra as well as a gamma magnetic configuration in its intermediate area,ForecastDiscussion,emailAlert
new region se haxalpha was numbered near the se limb,ForecastDiscussion,emailAlert
the remaining numbered regions were stable and relatively quiet,ForecastDiscussion,emailAlert
beginning at approximately utc a large filament centered near sw became unstable,ForecastDiscussion,emailAlert
goes imagery seems to suggest that this was a reabsorption event and is corroborated by a lack of ejecta visible in coronagraph imagery,ForecastDiscussion,emailAlert
no other earthdirected events were observed in available imagery,ForecastDiscussion,emailAlert
forecast solar activity will likely reach moderate levels rr minormoderate with a slight chance for isolated xclass rstrong events through feb due to the cluster of sunspot groups in the nw quadrant,ForecastDiscussion,emailAlert
activity will likely decrease further on feb to only a isolated chance for r events as ar rotates beyond the western limb,ForecastDiscussion,emailAlert
energetic particles ,ForecastDiscussion,emailAlert
hr summary the greater than mev electron flux was at normal to moderate levels,ForecastDiscussion,emailAlert
the greater than mev proton flux was at background levels,ForecastDiscussion,emailAlert
forecast the greater than mev electron flux is likely to remain at moderate levels through feb the greater than mev proton flux has a slight chance of reaching s minor levels through feb primarily due to the flare potential of ar ,ForecastDiscussion,emailAlert
probabilities decrease on feb as ar moves beyond the western limb,ForecastDiscussion,emailAlert
solar wind ,ForecastDiscussion,emailAlert
hr summary the solar wind environment was enhanced by negative polarity ch hss influences,ForecastDiscussion,emailAlert
total field peaked at nt early in the period before declining to  nt late,ForecastDiscussion,emailAlert
the bz component remained primarily southward to  to  nt through about utc,ForecastDiscussion,emailAlert
thereafter the bz component varied between to  nt,ForecastDiscussion,emailAlert
solar wind speeds increased from kms to  kms through most of the period,ForecastDiscussion,emailAlert
phi was predominantly negative through the period,ForecastDiscussion,emailAlert
forecast an enhanced and disturbed solar wind environment is expected to continue through feb due to negative polarity ch hss influences,ForecastDiscussion,emailAlert
hss influences from this particular ch should begin to wane by feb however there is a chance for an additional enhancement by late feb due to any glancing influences from a slow faint cme that left the sun on feb confidence is low in this outcome,ForecastDiscussion,emailAlert
geospace ,ForecastDiscussion,emailAlert
hr summary the geomagnetic field reached g minor geomagnetic storming levels,ForecastDiscussion,emailAlert
forecast g minor geomagnetic storming is expected on feb under negative polarity ch hss effects,ForecastDiscussion,emailAlert
quiet to unsettled conditions with isolated active periods are expected  feb as ch hss effects continue along with a chance of glancing influences from the aforementioned feb cme,ForecastDiscussion,emailAlert
product forecastdiscussiontxt issued jan utc prepared by the us dept,ForecastDiscussion,emailAlert
of commerce noaa space weather prediction center solar activity ,ForecastDiscussion,emailAlert
hr summary solar activity was low,ForecastDiscussion,emailAlert
region nw dkobetagamma produced most of the cclass flare activity observed this period the largest of which was a c flare at utc,ForecastDiscussion,emailAlert
region nw hsxalpha produced a c flare at utc,ForecastDiscussion,emailAlert
this event was associated with a cme first seen in nasa coronagraph imagery at approximately utc,ForecastDiscussion,emailAlert
however given the source region an earthdirected is not expected,ForecastDiscussion,emailAlert
growth was noted in new region nedaobeta though the region remained quiet,ForecastDiscussion,emailAlert
the remaining regions were either stable or in decay,ForecastDiscussion,emailAlert
forecast there is a chance for rr minormoderate events and a slight chance for r or greater events over  jan energetic particle ,ForecastDiscussion,emailAlert
hr summary the greater than mev electron flux was at normal to moderate levels and the greater than mev proton flux was at background levels,ForecastDiscussion,emailAlert
forecast the greater than mev electron flux is expected to continue at normal and moderate levels through jan there is a slight chance for the greater than mev proton flux to reach s minor levels over  jan solar wind ,ForecastDiscussion,emailAlert
hr summary mildly enhanced solar wind conditions and positive polarity ch hss influences prevailed this period,ForecastDiscussion,emailAlert
total field ranged  nt,ForecastDiscussion,emailAlert
the bz component underwent a southward deflection that reached  nt near utc,ForecastDiscussion,emailAlert
solar wind speeds were to kms,ForecastDiscussion,emailAlert
phi was predominantly positive,ForecastDiscussion,emailAlert
forecast positive polarity ch hss influences are expected to continue but wane over jan ambient solar wind conditions are expected to prevail on  jan geospace ,ForecastDiscussion,emailAlert
hr summary the geomagnetic field was quiet to active due to positive polarity ch hss influences,ForecastDiscussion,emailAlert
forecast the geomagnetic field is expected to be quiet and unsettled on jan due to continued but waning positive polarity ch hss influences,ForecastDiscussion,emailAlert
mostly quiet conditions are expected to prevail over  jan with the return of an ambient solar wind environment,ForecastDiscussion,emailAlert
product forecastdiscussiontxt issued feb utc prepared by the us dept,ForecastDiscussion,emailAlert
of commerce noaa space weather prediction center solar activity ,ForecastDiscussion,emailAlert
hr summary solar activity remained at low levels with cclass activity from new region sw daibetagamma,ForecastDiscussion,emailAlert
the region continued to develop quickly and increase in magnetic complexity,ForecastDiscussion,emailAlert
all other numbered regions were stable and quiet,ForecastDiscussion,emailAlert
no earth directed cmes were observed in available coronagraph imagery,ForecastDiscussion,emailAlert
forecast solar activity is expected to be low with a chance for rr minormoderate activity on  feb energetic particles ,ForecastDiscussion,emailAlert
hr summary the greater than mev electron flux reached high levels with a peak flux of  pfu observed at utc,ForecastDiscussion,emailAlert
the greater than mev proton flux was at background levels,ForecastDiscussion,emailAlert
forecast the greater than mev electron flux is likely to remain at moderate to high levels through feb the greater than mev proton flux is expected to remain below s minor levels through feb solar wind ,ForecastDiscussion,emailAlert
hr summary the solar wind environment was enhanced by negative polarity ch hss influences,ForecastDiscussion,emailAlert
total field bt remained mostly steady near nt while the bz component varied between  nt,ForecastDiscussion,emailAlert
wind speeds remained mostly steady between about  kms,ForecastDiscussion,emailAlert
the phi angle was predominantly negative,ForecastDiscussion,emailAlert
forecast the solar wind environment is expected to be enhanced on  feb due to onset and influence from the next negative polarity ch hss,ForecastDiscussion,emailAlert
geospace ,ForecastDiscussion,emailAlert
hr summary the geomagnetic field was at unsettled to active levels due to negative polarity ch hss influence,ForecastDiscussion,emailAlert
forecast g minor storm periods are likely on feb due to onset of a negative polarity ch hss,ForecastDiscussion,emailAlert
unsettled to active conditions are expected on  feb as ch influence continues,ForecastDiscussion,emailAlert
product forecastdiscussiontxt issued feb utc prepared by the us dept,ForecastDiscussion,emailAlert
of commerce noaa space weather prediction center solar activity ,ForecastDiscussion,emailAlert
hr summary solar activity was moderate,ForecastDiscussion,emailAlert
both regions nw daibetagamma and nw ekcbetagammadelta produced low level mclass flares,ForecastDiscussion,emailAlert
the largest was an m at utc from region ,ForecastDiscussion,emailAlert
associated with this flare were multiple discreet radio bursts a type ii radio sweep  kms and a possible cme signature off the n limb at utc,ForecastDiscussion,emailAlert
based on the trajectory and lack of a clear signature in st a cor imagery it is unlikely to cause any significant enhancements in the solar wind,ForecastDiscussion,emailAlert
separation and decay was observed in the intermediate and trailing spots of region  while consolidation occurred in its leader spots,ForecastDiscussion,emailAlert
new flux emergence was observed in the northern part of the group,ForecastDiscussion,emailAlert
regions and nw caibeta decayed slightly in their southern spots while new spots emerged in their northernmost areas,ForecastDiscussion,emailAlert
an degree filament erupted in the southwest quadrant around utc,ForecastDiscussion,emailAlert
a subsequent cme was observed in lasco c at utc,ForecastDiscussion,emailAlert
model analysis suggests that the bulk of the plasma will pass below earths orbit,ForecastDiscussion,emailAlert
forecast solar activity is expected to reach moderate levels rr minormoderate with a chance for isolated xclass rstrong events through feb due to the complex cluster of sunspot groups in the nw quadrant,ForecastDiscussion,emailAlert
energetic particle ,ForecastDiscussion,emailAlert
hr summary the greater than mev electron flux was at normal to moderate levels,ForecastDiscussion,emailAlert
the greater than mev proton flux was at background levels,ForecastDiscussion,emailAlert
forecast the greater than mev electron flux is likely to remain at moderate levels through feb the greater than mev proton levels have a chance of reaching s minor levels through feb due to the cluster of magnetically complex regions moving into the western hemisphere,ForecastDiscussion,emailAlert
solar wind ,ForecastDiscussion,emailAlert
hr summary solar wind parameters were near nominal levels,ForecastDiscussion,emailAlert
total field ranged from  nt while the bz component was between  nt,ForecastDiscussion,emailAlert
solar wind speed was mostly between  kms,ForecastDiscussion,emailAlert
phi angle was predominantly positive,ForecastDiscussion,emailAlert
forecast the solar wind is expected to remain at or near nominal levels on feb solar wind parameters are expected to become enhanced on feb due to a glancing blow from the feb cme,ForecastDiscussion,emailAlert
geospace ,ForecastDiscussion,emailAlert
hr summary the geomagnetic field was quiet to unsettled,ForecastDiscussion,emailAlert
forecast quiet to unsettled conditions are expected to continue on feb unsettled to active levels are expected on feb followed by quiet to unsettled conditions on feb with the arrival of the feb cme,ForecastDiscussion,emailAlert
product forecastdiscussiontxt issued jan utc prepared by the us dept,ForecastDiscussion,emailAlert
of commerce noaa space weather prediction center solar activity ,ForecastDiscussion,emailAlert
hr summary solar activity has been at moderate levels due to an m at utc from region ne caobetagamma with multiple cclass flares throughout the period,ForecastDiscussion,emailAlert
region and region ne dacbeta have been the primary flare producers and continue to rotate around the ne limb into better view,ForecastDiscussion,emailAlert
most other regions that are in the west have been in decay or stable,ForecastDiscussion,emailAlert
a type ii radio sweep with a velocity of kms was observed at utc with no earthside flare detected,ForecastDiscussion,emailAlert
goes suvi imagery shows a break in the field lines in the sw part of the disk beyond the west limb,ForecastDiscussion,emailAlert
at about this same time solar orbiter observed a c flare this could be the culprit but its too difficult to tell,ForecastDiscussion,emailAlert
a cme was observed in soholasco imagery and modelled,ForecastDiscussion,emailAlert
analysis shows the bulk of the plasma passing ahead of earth with a weak ripple arriving for a weak glancing blow on jan forecast solar flare probabilities remain low but have increased slightly from to for mclass rr minormoderate and to for xclass rstrong over  jan due to enhanced activity coming from regions and ,ForecastDiscussion,emailAlert
energetic particle ,ForecastDiscussion,emailAlert
hr summary the greater than mev electron flux has been at moderate levels,ForecastDiscussion,emailAlert
the greater than mev proton flux was at background levels,ForecastDiscussion,emailAlert
forecast the greater than mev electron flux at geostationary orbit is expected to remain mostly at normal to moderate levels  jan with an elevated flux possible during diurnal maxima up to high levels,ForecastDiscussion,emailAlert
due to regions in the west moving beyond the limb the chances for reaching the s minor radiation storm levels is low and the greater than mev protons is expected to remain at background levels  jan solar wind ,ForecastDiscussion,emailAlert
hr summary solar wind parameters have remained enhanced throughout the period,ForecastDiscussion,emailAlert
this may be due to the arrival of the filament eruption that occurred jan that was projected to arrive late jan into jan the total field bt was between  nt with an extended period of the bz component being deflected southward between roughly through utc dropping as low as  nt,ForecastDiscussion,emailAlert
solar wind speeds remained low between  kms,ForecastDiscussion,emailAlert
the phi angle was mostly negative towards the sun prior to utc and became highly variable thereafter,ForecastDiscussion,emailAlert
forecast an enhanced solar wind regime will likely continue into jan as filament eruptions tend to last longer  if that is whats causing the current conditions,ForecastDiscussion,emailAlert
a return to nominal levels is likely jan with another enhancement expected jan from the glancing blow associated with the type ii radio sweep discussed in the solar activity section,ForecastDiscussion,emailAlert
geospace ,ForecastDiscussion,emailAlert
hr summary the geomagnetic field reached active levels for the  synoptic period and has been mostly quiet to unsettled otherwise,ForecastDiscussion,emailAlert
a kindex warning was issued and remains valid through utc,ForecastDiscussion,emailAlert
forecast the geomagnetic field is expected to remain below the g minor geomagnetic storm thresholds  jan however with two weak passing blows expected and multiple transients intermixed from small eruptions from the disk confidence is low over the coming days,ForecastDiscussion,emailAlert
the field will likely be unsettled kp with a slight chance for active kp conditions,ForecastDiscussion,emailAlert
confidence remains especially low for the second passing blow associated with the cme described in the solar activity section,ForecastDiscussion,emailAlert
modelling suggests an arrival on jan but this may be overrun by the high speed stream from the positive polarity coronal hole that is expected to arrive on feb bri,ForecastDiscussion,emailAlert
sdf number issued at z on sep ia,SolarGeophysicalActivity,emailAlert
analysis of solar active regions and activity from z to z solar activity has been at very low levels for the past hours,SolarGeophysicalActivity,emailAlert
there are currently numbered sunspot regions on the disk,SolarGeophysicalActivity,emailAlert
ib,SolarGeophysicalActivity,emailAlert
solar activity forecast solar activity is expected to be very low on days one two and three  sep sep sep,SolarGeophysicalActivity,emailAlert
iia,SolarGeophysicalActivity,emailAlert
geophysical activity summary z to z the geomagnetic field has been at quiet levels for the past hours,SolarGeophysicalActivity,emailAlert
solar wind speed reached a peak of kms at z total imf reached nt at z the maximum southward component of bz reached  nt at z electrons greater than mev at geosynchronous orbit reached a peak level of pfu,SolarGeophysicalActivity,emailAlert
iib,SolarGeophysicalActivity,emailAlert
geophysical activity forecast the geomagnetic field is expected to be at quiet levels on days one two and three  sep sep sep,SolarGeophysicalActivity,emailAlert
sdf number issued at z on oct ia,SolarGeophysicalActivity,emailAlert
analysis of solar active regions and activity from z to z solar activity has been at very low levels for the past hours,SolarGeophysicalActivity,emailAlert
there are currently numbered sunspot regions on the disk,SolarGeophysicalActivity,emailAlert
ib,SolarGeophysicalActivity,emailAlert
solar activity forecast solar activity is expected to be very low with a slight chance for a cclass flare on days one and two  oct oct and expected to be very low on day three  oct,SolarGeophysicalActivity,emailAlert
iia,SolarGeophysicalActivity,emailAlert
geophysical activity summary z to z the geomagnetic field has been at quiet to active levels for the past hours,SolarGeophysicalActivity,emailAlert
solar wind speed reached a peak of kms at z total imf reached nt at z the maximum southward component of bz reached  nt at z electrons greater than mev at geosynchronous orbit reached a peak level of pfu,SolarGeophysicalActivity,emailAlert
iib,SolarGeophysicalActivity,emailAlert
geophysical activity forecast the geomagnetic field is expected to be at quiet to active levels on day one  oct and quiet to unsettled levels on days two and three  oct oct,SolarGeophysicalActivity,emailAlert
sdf number issued at z on sep ia,SolarGeophysicalActivity,emailAlert
analysis of solar active regions and activity from z to z solar activity has been at very low levels for the past hours,SolarGeophysicalActivity,emailAlert
there are currently numbered sunspot regions on the disk,SolarGeophysicalActivity,emailAlert
ib,SolarGeophysicalActivity,emailAlert
solar activity forecast solar activity is expected to be very low on days one two and three  sep sep sep,SolarGeophysicalActivity,emailAlert
iia,SolarGeophysicalActivity,emailAlert
geophysical activity summary z to z the geomagnetic field has been at quiet levels for the past hours,SolarGeophysicalActivity,emailAlert
solar wind speed reached a peak of kms at z total imf reached nt at z the maximum southward component of bz reached  nt at z electrons greater than mev at geosynchronous orbit reached a peak level of pfu,SolarGeophysicalActivity,emailAlert
iib,SolarGeophysicalActivity,emailAlert
geophysical activity forecast the geomagnetic field is expected to be at quiet levels on days one two and three  sep sep sep,SolarGeophysicalActivity,emailAlert
sdf number issued at z on jul ia,SolarGeophysicalActivity,emailAlert
analysis of solar active regions and activity from z to z solar activity has been at very low levels for the past hours,SolarGeophysicalActivity,emailAlert
there are currently numbered sunspot regions on the disk,SolarGeophysicalActivity,emailAlert
ib,SolarGeophysicalActivity,emailAlert
solar activity forecast solar activity is expected to be very low on days one two and three  jul jul jul,SolarGeophysicalActivity,emailAlert
iia,SolarGeophysicalActivity,emailAlert
geophysical activity summary z to z the geomagnetic field has been at quiet levels for the past hours,SolarGeophysicalActivity,emailAlert
solar wind speed reached a peak of kms at z total imf reached nt at z the maximum southward component of bz reached  nt at z electrons greater than mev at geosynchronous orbit reached a peak level of pfu,SolarGeophysicalActivity,emailAlert
iib,SolarGeophysicalActivity,emailAlert
geophysical activity forecast the geomagnetic field is expected to be at quiet levels on day one  jul and quiet to unsettled levels on days two and three  jul jul,SolarGeophysicalActivity,emailAlert
sdf number issued at z on jul ia,SolarGeophysicalActivity,emailAlert
analysis of solar active regions and activity from z to z solar activity has been at very low levels for the past hours,SolarGeophysicalActivity,emailAlert
there are currently numbered sunspot regions on the disk,SolarGeophysicalActivity,emailAlert
ib,SolarGeophysicalActivity,emailAlert
solar activity forecast solar activity is expected to be very low on days one two and three  jul aug aug,SolarGeophysicalActivity,emailAlert
iia,SolarGeophysicalActivity,emailAlert
geophysical activity summary z to z the geomagnetic field has been at quiet levels for the past hours,SolarGeophysicalActivity,emailAlert
solar wind speed reached a peak of kms at z total imf reached nt at z the maximum southward component of bz reached  nt at z electrons greater than mev at geosynchronous orbit reached a peak level of pfu,SolarGeophysicalActivity,emailAlert
iib,SolarGeophysicalActivity,emailAlert
geophysical activity forecast the geomagnetic field is expected to be at quiet levels on day one  jul and quiet to unsettled levels on days two and three  aug aug,SolarGeophysicalActivity,emailAlert
sdf number issued at z on aug ia,SolarGeophysicalActivity,emailAlert
analysis of solar active regions and activity from z to z solar activity has been at very low levels for the past hours,SolarGeophysicalActivity,emailAlert
there are currently numbered sunspot regions on the disk,SolarGeophysicalActivity,emailAlert
ib,SolarGeophysicalActivity,emailAlert
solar activity forecast solar activity is expected to be very low on days one two and three  aug aug aug,SolarGeophysicalActivity,emailAlert
iia,SolarGeophysicalActivity,emailAlert
geophysical activity summary z to z the geomagnetic field has been at quiet to unsettled levels for the past hours,SolarGeophysicalActivity,emailAlert
solar wind speed reached a peak of kms at z total imf reached nt at z the maximum southward component of bz reached  nt at z electrons greater than mev at geosynchronous orbit reached a peak level of pfu,SolarGeophysicalActivity,emailAlert
iib,SolarGeophysicalActivity,emailAlert
geophysical activity forecast the geomagnetic field is expected to be at quiet levels on day one  aug quiet to active levels on day two  aug and quiet to unsettled levels on day three  aug,SolarGeophysicalActivity,emailAlert
sdf number issued at z on jul ia,SolarGeophysicalActivity,emailAlert
analysis of solar active regions and activity from z to z solar activity has been at very low levels for the past hours,SolarGeophysicalActivity,emailAlert
there are currently numbered sunspot regions on the disk,SolarGeophysicalActivity,emailAlert
ib,SolarGeophysicalActivity,emailAlert
solar activity forecast solar activity is expected to be very low on days one two and three  jul jul jul,SolarGeophysicalActivity,emailAlert
iia,SolarGeophysicalActivity,emailAlert
geophysical activity summary z to z the geomagnetic field has been at quiet levels for the past hours,SolarGeophysicalActivity,emailAlert
solar wind speed reached a peak of kms at z total imf reached nt at z the maximum southward component of bz reached  nt at z electrons greater than mev at geosynchronous orbit reached a peak level of pfu,SolarGeophysicalActivity,emailAlert
iib,SolarGeophysicalActivity,emailAlert
geophysical activity forecast the geomagnetic field is expected to be at quiet levels on days one two and three  jul jul jul,SolarGeophysicalActivity,emailAlert
sdf number issued at z on may ia,SolarGeophysicalActivity,emailAlert
analysis of solar active regions and activity from z to z solar activity has been at very low levels for the past hours,SolarGeophysicalActivity,emailAlert
there are currently numbered sunspot regions on the disk,SolarGeophysicalActivity,emailAlert
ib,SolarGeophysicalActivity,emailAlert
solar activity forecast solar activity is expected to be very low on days one two and three  may may may,SolarGeophysicalActivity,emailAlert
iia,SolarGeophysicalActivity,emailAlert
geophysical activity summary z to z the geomagnetic field has been at quiet levels for the past hours,SolarGeophysicalActivity,emailAlert
solar wind speed reached a peak of kms at z electrons greater than mev at geosynchronous orbit reached a peak level of pfu,SolarGeophysicalActivity,emailAlert
iib,SolarGeophysicalActivity,emailAlert
geophysical activity forecast the geomagnetic field is expected to be at quiet levels on days one and two  may may and quiet to unsettled levels on day three  may,SolarGeophysicalActivity,emailAlert
sdf number issued at z on sep ia,SolarGeophysicalActivity,emailAlert
analysis of solar active regions and activity from z to z solar activity has been at very low levels for the past hours,SolarGeophysicalActivity,emailAlert
there are currently numbered sunspot regions on the disk,SolarGeophysicalActivity,emailAlert
ib,SolarGeophysicalActivity,emailAlert
solar activity forecast solar activity is expected to be very low on days one two and three  sep sep sep,SolarGeophysicalActivity,emailAlert
iia,SolarGeophysicalActivity,emailAlert
geophysical activity summary z to z the geomagnetic field has been at quiet levels for the past hours,SolarGeophysicalActivity,emailAlert
solar wind speed reached a peak of kms at z total imf reached nt at z the maximum southward component of bz reached  nt at z electrons greater than mev at geosynchronous orbit reached a peak level of pfu,SolarGeophysicalActivity,emailAlert
iib,SolarGeophysicalActivity,emailAlert
geophysical activity forecast the geomagnetic field is expected to be at quiet levels on days one two and three  sep sep sep,SolarGeophysicalActivity,emailAlert
sdf number issued at z on may ia,SolarGeophysicalActivity,emailAlert
analysis of solar active regions and activity from z to z solar activity has been at very low levels for the past hours,SolarGeophysicalActivity,emailAlert
there are currently numbered sunspot regions on the disk,SolarGeophysicalActivity,emailAlert
ib,SolarGeophysicalActivity,emailAlert
solar activity forecast solar activity is expected to be very low on days one two and three  may may may,SolarGeophysicalActivity,emailAlert
iia,SolarGeophysicalActivity,emailAlert
geophysical activity summary z to z the geomagnetic field has been at quiet to unsettled levels for the past hours,SolarGeophysicalActivity,emailAlert
solar wind speed reached a peak of kms at z total imf reached nt at z the maximum southward component of bz reached  nt at z electrons greater than mev at geosynchronous orbit reached a peak level of pfu,SolarGeophysicalActivity,emailAlert
iib,SolarGeophysicalActivity,emailAlert
geophysical activity forecast the geomagnetic field is expected to be at quiet to active levels on days one and two  may may and quiet to unsettled levels on day three  may,SolarGeophysicalActivity,emailAlert
sdf number issued at z on nov ia,SolarGeophysicalActivity,emailAlert
analysis of solar active regions and activity from z to z solar activity has been at very low levels for the past hours,SolarGeophysicalActivity,emailAlert
there are currently numbered sunspot regions on the disk,SolarGeophysicalActivity,emailAlert
ib,SolarGeophysicalActivity,emailAlert
solar activity forecast solar activity is expected to be very low with a slight chance for a cclass flare on days one two and three  nov nov nov,SolarGeophysicalActivity,emailAlert
iia,SolarGeophysicalActivity,emailAlert
geophysical activity summary z to z the geomagnetic field has been at quiet to active levels for the past hours,SolarGeophysicalActivity,emailAlert
solar wind speed reached a peak of kms at z total imf reached nt at z the maximum southward component of bz reached  nt at z electrons greater than mev at geosynchronous orbit reached a peak level of pfu,SolarGeophysicalActivity,emailAlert
iib,SolarGeophysicalActivity,emailAlert
geophysical activity forecast the geomagnetic field is expected to be at quiet to active levels on days one and two  nov nov and quiet levels on day three  nov,SolarGeophysicalActivity,emailAlert
sdf number issued at z on sep ia,SolarGeophysicalActivity,emailAlert
analysis of solar active regions and activity from z to z solar activity has been at very low levels for the past hours,SolarGeophysicalActivity,emailAlert
there are currently numbered sunspot regions on the disk,SolarGeophysicalActivity,emailAlert
ib,SolarGeophysicalActivity,emailAlert
solar activity forecast solar activity is likely to be low with a slight chance for an mclass flare on days one and two  sep sep and expected to be very low with a chance for a cclass flares and a slight chance for an mclass flare on day three  sep,SolarGeophysicalActivity,emailAlert
iia,SolarGeophysicalActivity,emailAlert
geophysical activity summary z to z the geomagnetic field has been at quiet levels for the past hours,SolarGeophysicalActivity,emailAlert
solar wind speed reached a peak of kms at z total imf reached nt at z the maximum southward component of bz reached  nt at z electrons greater than mev at geosynchronous orbit reached a peak level of pfu,SolarGeophysicalActivity,emailAlert
iib,SolarGeophysicalActivity,emailAlert
geophysical activity forecast the geomagnetic field is expected to be at quiet levels on days one two and three  sep sep sep,SolarGeophysicalActivity,emailAlert
sdf number issued at z on feb ia,SolarGeophysicalActivity,emailAlert
analysis of solar active regions and activity from z to z solar activity has been at very low levels for the past hours,SolarGeophysicalActivity,emailAlert
there are currently numbered sunspot regions on the disk,SolarGeophysicalActivity,emailAlert
ib,SolarGeophysicalActivity,emailAlert
solar activity forecast solar activity is expected to be very low on days one two and three  feb feb feb,SolarGeophysicalActivity,emailAlert
iia,SolarGeophysicalActivity,emailAlert
geophysical activity summary z to z the geomagnetic field has been at quiet to unsettled levels for the past hours,SolarGeophysicalActivity,emailAlert
solar wind speed reached a peak of kms at z electrons greater than mev at geosynchronous orbit reached a peak level of pfu,SolarGeophysicalActivity,emailAlert
iib,SolarGeophysicalActivity,emailAlert
geophysical activity forecast the geomagnetic field is expected to be at quiet to unsettled levels on day one  feb and quiet to active levels on days two and three  feb feb,SolarGeophysicalActivity,emailAlert
sdf number issued at z on aug ia,SolarGeophysicalActivity,emailAlert
analysis of solar active regions and activity from z to z solar activity has been at very low levels for the past hours,SolarGeophysicalActivity,emailAlert
the largest solar event of the period was a b event observed at z there are currently numbered sunspot regions on the disk,SolarGeophysicalActivity,emailAlert
ib,SolarGeophysicalActivity,emailAlert
solar activity forecast solar activity is expected to be very low with a chance for a cclass flares on days one two and three  aug aug aug,SolarGeophysicalActivity,emailAlert
iia,SolarGeophysicalActivity,emailAlert
geophysical activity summary z to z the geomagnetic field has been at quiet levels for the past hours,SolarGeophysicalActivity,emailAlert
solar wind speed reached a peak of kms at z electrons greater than mev at geosynchronous orbit reached a peak level of pfu,SolarGeophysicalActivity,emailAlert
iib,SolarGeophysicalActivity,emailAlert
geophysical activity forecast the geomagnetic field is expected to be at quiet to unsettled levels on day one  aug and quiet to active levels on days two and three  aug and aug,SolarGeophysicalActivity,emailAlert
sdf number issued at z on nov ia,SolarGeophysicalActivity,emailAlert
analysis of solar active regions and activity from z to z solar activity has been at low levels for the past hours,SolarGeophysicalActivity,emailAlert
the largest solar event of the period was a c event observed at z from region se,SolarGeophysicalActivity,emailAlert
there are currently numbered sunspot regions on the disk,SolarGeophysicalActivity,emailAlert
ib,SolarGeophysicalActivity,emailAlert
solar activity forecast solar activity is expected to be very low with a chance for a cclass flares on days one two and three  nov nov nov,SolarGeophysicalActivity,emailAlert
iia,SolarGeophysicalActivity,emailAlert
geophysical activity summary z to z the geomagnetic field has been at quiet to active levels for the past hours,SolarGeophysicalActivity,emailAlert
solar wind speed reached a peak of kms at z total imf reached nt at z the maximum southward component of bz reached  nt at z electrons greater than mev at geosynchronous orbit reached a peak level of pfu,SolarGeophysicalActivity,emailAlert
iib,SolarGeophysicalActivity,emailAlert
geophysical activity forecast the geomagnetic field is expected to be at quiet to unsettled levels on days one and two  nov nov and quiet levels on day three  nov,SolarGeophysicalActivity,emailAlert
sdf number issued at z on sep ia,SolarGeophysicalActivity,emailAlert
analysis of solar active regions and activity from z to z solar activity has been at low levels for the past hours,SolarGeophysicalActivity,emailAlert
the largest solar event of the period was a c event observed at z from region sw,SolarGeophysicalActivity,emailAlert
there are currently numbered sunspot regions on the disk,SolarGeophysicalActivity,emailAlert
ib,SolarGeophysicalActivity,emailAlert
solar activity forecast solar activity is likely to be low on days one two and three  sep sep sep,SolarGeophysicalActivity,emailAlert
iia,SolarGeophysicalActivity,emailAlert
geophysical activity summary z to z the geomagnetic field has been at quiet levels for the past hours,SolarGeophysicalActivity,emailAlert
solar wind speed reached a peak of kms at z electrons greater than mev at geosynchronous orbit reached a peak level of pfu,SolarGeophysicalActivity,emailAlert
iib,SolarGeophysicalActivity,emailAlert
geophysical activity forecast the geomagnetic field is expected to be at quiet to major storm levels on day one  sep and quiet to active levels on days two and three  sep sep,SolarGeophysicalActivity,emailAlert
sdf number issued at z on dec ia,SolarGeophysicalActivity,emailAlert
analysis of solar active regions and activity from z to z solar activity has been at moderate levels for the past hours,SolarGeophysicalActivity,emailAlert
the largest solar event of the period was a m event observed at z from region se,SolarGeophysicalActivity,emailAlert
there are currently numbered sunspot regions on the disk,SolarGeophysicalActivity,emailAlert
ib,SolarGeophysicalActivity,emailAlert
solar activity forecast solar activity is expected to be low with a chance for mclass flares on days one two and three  dec dec dec,SolarGeophysicalActivity,emailAlert
iia,SolarGeophysicalActivity,emailAlert
geophysical activity summary z to z the geomagnetic field has been at quiet to active levels for the past hours,SolarGeophysicalActivity,emailAlert
solar wind speed reached a peak of kms at z total imf reached nt at z the maximum southward component of bz reached  nt at z electrons greater than mev at geosynchronous orbit reached a peak level of pfu,SolarGeophysicalActivity,emailAlert
iib,SolarGeophysicalActivity,emailAlert
geophysical activity forecast the geomagnetic field is expected to be at quiet to unsettled levels on day one  dec and quiet to active levels on days two and three  dec dec,SolarGeophysicalActivity,emailAlert
sdf number issued at z on apr ia,SolarGeophysicalActivity,emailAlert
analysis of solar active regions and activity from z to z solar activity has been at low levels for the past hours,SolarGeophysicalActivity,emailAlert
the largest solar event of the period was a c event observed at z from region nw,SolarGeophysicalActivity,emailAlert
there are currently numbered sunspot regions on the disk,SolarGeophysicalActivity,emailAlert
ib,SolarGeophysicalActivity,emailAlert
solar activity forecast solar activity is likely to be low with a slight chance for an mclass flare on days one two and three  apr apr apr,SolarGeophysicalActivity,emailAlert
iia,SolarGeophysicalActivity,emailAlert
geophysical activity summary z to z the geomagnetic field has been at quiet levels for the past hours,SolarGeophysicalActivity,emailAlert
solar wind speed reached a peak of kms at z electrons greater than mev at geosynchronous orbit reached a peak level of pfu,SolarGeophysicalActivity,emailAlert
iib,SolarGeophysicalActivity,emailAlert
geophysical activity forecast the geomagnetic field is expected to be at quiet to active levels on day one  apr quiet to unsettled levels on day two  apr and quiet to major storm levels on day three  apr,SolarGeophysicalActivity,emailAlert
sdf number issued at z on mar ia,SolarGeophysicalActivity,emailAlert
analysis of solar active regions and activity from z to z solar activity has been at moderate levels for the past hours,SolarGeophysicalActivity,emailAlert
the largest solar event of the period was a m event observed at z from region nw,SolarGeophysicalActivity,emailAlert
there are currently numbered sunspot regions on the disk,SolarGeophysicalActivity,emailAlert
ib,SolarGeophysicalActivity,emailAlert
solar activity forecast solar activity is likely to be low with a slight chance for an mclass flare on days one two and three  mar mar mar,SolarGeophysicalActivity,emailAlert
iia,SolarGeophysicalActivity,emailAlert
geophysical activity summary z to z the geomagnetic field has been at quiet to unsettled levels for the past hours,SolarGeophysicalActivity,emailAlert
solar wind speed reached a peak of kms at z electrons greater than mev at geosynchronous orbit reached a peak level of pfu,SolarGeophysicalActivity,emailAlert
iib,SolarGeophysicalActivity,emailAlert
geophysical activity forecast the geomagnetic field is expected to be at quiet to unsettled levels on days one and two  mar mar and quiet levels on day three  mar,SolarGeophysicalActivity,emailAlert
sdf number issued at z on jan ia,SolarGeophysicalActivity,emailAlert
analysis of solar active regions and activity from z to z solar activity has been at low levels for the past hours,SolarGeophysicalActivity,emailAlert
the largest solar event of the period was a c event observed at z there are currently numbered sunspot regions on the disk,SolarGeophysicalActivity,emailAlert
ib,SolarGeophysicalActivity,emailAlert
solar activity forecast solar activity is expected to be very low with a chance for a cclass flares on days one two and three  jan jan jan,SolarGeophysicalActivity,emailAlert
iia,SolarGeophysicalActivity,emailAlert
geophysical activity summary z to z the geomagnetic field has been at quiet levels for the past hours,SolarGeophysicalActivity,emailAlert
solar wind speed reached a peak of kms at z total imf reached nt at z the maximum southward component of bz reached  nt at z electrons greater than mev at geosynchronous orbit reached a peak level of pfu,SolarGeophysicalActivity,emailAlert
iib,SolarGeophysicalActivity,emailAlert
geophysical activity forecast the geomagnetic field is expected to be at quiet to unsettled levels on days one and three  jan jan and quiet to active levels on day two  jan,SolarGeophysicalActivity,emailAlert
sdf number issued at z on jun ia,SolarGeophysicalActivity,emailAlert
analysis of solar active regions and activity from z to z solar activity has been at low levels for the past hours,SolarGeophysicalActivity,emailAlert
the largest solar event of the period was a c event observed at z from region se,SolarGeophysicalActivity,emailAlert
there are currently numbered sunspot regions on the disk,SolarGeophysicalActivity,emailAlert
ib,SolarGeophysicalActivity,emailAlert
solar activity forecast solar activity is likely to be low with a slight chance for an mclass flare on days one and two  jun jun and expected to be very low with a slight chance for a cclass flare on day three  jun,SolarGeophysicalActivity,emailAlert
iia,SolarGeophysicalActivity,emailAlert
geophysical activity summary z to z the geomagnetic field has been at quiet to unsettled levels for the past hours,SolarGeophysicalActivity,emailAlert
solar wind speed reached a peak of kms at z total imf reached nt at z the maximum southward component of bz reached  nt at z electrons greater than mev at geosynchronous orbit reached a peak level of pfu,SolarGeophysicalActivity,emailAlert
iib,SolarGeophysicalActivity,emailAlert
geophysical activity forecast the geomagnetic field is expected to be at quiet to minor storm levels on day one  jun quiet to unsettled levels on day two  jun and quiet to active levels on day three  jun,SolarGeophysicalActivity,emailAlert
sdf number issued at z on nov ia,SolarGeophysicalActivity,emailAlert
analysis of solar active regions and activity from z to z solar activity has been at very low levels for the past hours,SolarGeophysicalActivity,emailAlert
there are currently numbered sunspot regions on the disk,SolarGeophysicalActivity,emailAlert
ib,SolarGeophysicalActivity,emailAlert
solar activity forecast solar activity is likely to be low with a slight chance for an mclass flare on days one two and three  nov nov nov,SolarGeophysicalActivity,emailAlert
iia,SolarGeophysicalActivity,emailAlert
geophysical activity summary z to z the geomagnetic field has been at quiet levels for the past hours,SolarGeophysicalActivity,emailAlert
solar wind speed reached a peak of kms at z total imf reached nt at z the maximum southward component of bz reached  nt at z electrons greater than mev at geosynchronous orbit reached a peak level of pfu,SolarGeophysicalActivity,emailAlert
iib,SolarGeophysicalActivity,emailAlert
geophysical activity forecast the geomagnetic field is expected to be at quiet to unsettled levels on days one and two  nov nov and quiet levels on day three  nov,SolarGeophysicalActivity,emailAlert
sdf number issued at z on jan ia,SolarGeophysicalActivity,emailAlert
analysis of solar active regions and activity from z to z solar activity has been at moderate levels for the past hours,SolarGeophysicalActivity,emailAlert
the largest solar event of the period was a m event observed at z from region ne,SolarGeophysicalActivity,emailAlert
there are currently numbered sunspot regions on the disk,SolarGeophysicalActivity,emailAlert
ib,SolarGeophysicalActivity,emailAlert
solar activity forecast solar activity is expected to be low with a chance for mclass flares and a slight chance for an xclass flare on days one two and three  jan feb feb,SolarGeophysicalActivity,emailAlert
iia,SolarGeophysicalActivity,emailAlert
geophysical activity summary z to z the geomagnetic field has been at quiet to unsettled levels for the past hours,SolarGeophysicalActivity,emailAlert
solar wind speed reached a peak of kms at z total imf reached nt at z the maximum southward component of bz reached  nt at z electrons greater than mev at geosynchronous orbit reached a peak level of pfu,SolarGeophysicalActivity,emailAlert
iib,SolarGeophysicalActivity,emailAlert
geophysical activity forecast the geomagnetic field is expected to be at quiet levels on day one  jan quiet to minor storm levels on day two  feb and unsettled to major storm levels on day three  feb,SolarGeophysicalActivity,emailAlert
protons have a slight chance of crossing threshold on days one two and three  jan feb feb,SolarGeophysicalActivity,emailAlert
sdf number issued at z on jan ia,SolarGeophysicalActivity,emailAlert
analysis of solar active regions and activity from z to z solar activity has been at low levels for the past hours,SolarGeophysicalActivity,emailAlert
the largest solar event of the period was a c event observed at z from region ne,SolarGeophysicalActivity,emailAlert
there are currently numbered sunspot regions on the disk,SolarGeophysicalActivity,emailAlert
ib,SolarGeophysicalActivity,emailAlert
solar activity forecast solar activity is expected to be low with a chance for mclass flares and a slight chance for an xclass flare on days one two and three  feb feb feb,SolarGeophysicalActivity,emailAlert
iia,SolarGeophysicalActivity,emailAlert
geophysical activity summary z to z the geomagnetic field has been at quiet to unsettled levels for the past hours,SolarGeophysicalActivity,emailAlert
solar wind speed reached a peak of kms at z total imf reached nt at z the maximum southward component of bz reached  nt at z electrons greater than mev at geosynchronous orbit reached a peak level of pfu,SolarGeophysicalActivity,emailAlert
iib,SolarGeophysicalActivity,emailAlert
geophysical activity forecast the geomagnetic field is expected to be at quiet to unsettled levels on day one  feb active to major storm levels on day two  feb and quiet to minor storm levels on day three  feb,SolarGeophysicalActivity,emailAlert
protons have a slight chance of crossing threshold on days one two and three  feb feb feb,SolarGeophysicalActivity,emailAlert
sdf number issued at z on may ia,SolarGeophysicalActivity,emailAlert
analysis of solar active regions and activity from z to z solar activity has been at low levels for the past hours,SolarGeophysicalActivity,emailAlert
the largest solar event of the period was a c event observed at z from region ne,SolarGeophysicalActivity,emailAlert
there are currently numbered sunspot regions on the disk,SolarGeophysicalActivity,emailAlert
ib,SolarGeophysicalActivity,emailAlert
solar activity forecast solar activity is expected to be very low with a chance for a cclass flares and a slight chance for an mclass flare on day one  may and expected to be very low with a chance for a cclass flares on days two and three  may may,SolarGeophysicalActivity,emailAlert
iia,SolarGeophysicalActivity,emailAlert
geophysical activity summary z to z the geomagnetic field has been at quiet to minor storm levels for the past hours,SolarGeophysicalActivity,emailAlert
solar wind speed reached a peak of kms at z total imf reached nt at z the maximum southward component of bz reached  nt at z electrons greater than mev at geosynchronous orbit reached a peak level of pfu,SolarGeophysicalActivity,emailAlert
iib,SolarGeophysicalActivity,emailAlert
geophysical activity forecast the geomagnetic field is expected to be at quiet to minor storm levels on day one  may quiet to active levels on day two  may and unsettled levels on day three  may,SolarGeophysicalActivity,emailAlert
sdf number issued at z on may ia,SolarGeophysicalActivity,emailAlert
analysis of solar active regions and activity from z to z solar activity has been at high levels for the past hours,SolarGeophysicalActivity,emailAlert
the largest solar event of the period was a m event observed at z from region sw,SolarGeophysicalActivity,emailAlert
there are currently numbered sunspot regions on the disk,SolarGeophysicalActivity,emailAlert
ib,SolarGeophysicalActivity,emailAlert
solar activity forecast solar activity is likely to be moderate with a chance for xclass flares on days one two and three  may may may,SolarGeophysicalActivity,emailAlert
iia,SolarGeophysicalActivity,emailAlert
geophysical activity summary z to z the geomagnetic field has been at quiet levels for the past hours,SolarGeophysicalActivity,emailAlert
solar wind speed reached a peak of kms at z electrons greater than mev at geosynchronous orbit reached a peak level of pfu,SolarGeophysicalActivity,emailAlert
iib,SolarGeophysicalActivity,emailAlert
geophysical activity forecast the geomagnetic field is expected to be at quiet levels on days one two and three  may may may,SolarGeophysicalActivity,emailAlert
sdf number issued at z on dec ia,SolarGeophysicalActivity,emailAlert
analysis of solar active regions and activity from z to z solar activity has been at low levels for the past hours,SolarGeophysicalActivity,emailAlert
the largest solar event of the period was a c event observed at z from region nw,SolarGeophysicalActivity,emailAlert
there are currently numbered sunspot regions on the disk,SolarGeophysicalActivity,emailAlert
ib,SolarGeophysicalActivity,emailAlert
solar activity forecast solar activity is likely to be low with a slight chance for an mclass flare on days one two and three  dec dec dec,SolarGeophysicalActivity,emailAlert
iia,SolarGeophysicalActivity,emailAlert
geophysical activity summary z to z the geomagnetic field has been at unsettled to minor storm levels for the past hours,SolarGeophysicalActivity,emailAlert
solar wind speed reached a peak of kms at z total imf reached nt at z the maximum southward component of bz reached  nt at z electrons greater than mev at geosynchronous orbit reached a peak level of pfu,SolarGeophysicalActivity,emailAlert
iib,SolarGeophysicalActivity,emailAlert
geophysical activity forecast the geomagnetic field is expected to be at quiet to active levels on days one and two  dec dec and unsettled to minor storm levels on day three  dec,SolarGeophysicalActivity,emailAlert
sdf number issued at z on apr ia,SolarGeophysicalActivity,emailAlert
analysis of solar active regions and activity from z to z solar activity has been at moderate levels for the past hours,SolarGeophysicalActivity,emailAlert
the largest solar event of the period was a m event observed at z from region ne,SolarGeophysicalActivity,emailAlert
there are currently numbered sunspot regions on the disk,SolarGeophysicalActivity,emailAlert
ib,SolarGeophysicalActivity,emailAlert
solar activity forecast solar activity is expected to be low with a chance for mclass flares on days one two and three  may may may,SolarGeophysicalActivity,emailAlert
iia,SolarGeophysicalActivity,emailAlert
geophysical activity summary z to z the geomagnetic field has been at quiet to unsettled levels for the past hours,SolarGeophysicalActivity,emailAlert
solar wind speed reached a peak of kms at z total imf reached nt at z the maximum southward component of bz reached  nt at z electrons greater than mev at geosynchronous orbit reached a peak level of pfu,SolarGeophysicalActivity,emailAlert
iib,SolarGeophysicalActivity,emailAlert
geophysical activity forecast the geomagnetic field is expected to be at quiet to active levels on days one two and three  may may may,SolarGeophysicalActivity,emailAlert
sdf number issued at z on may ia,SolarGeophysicalActivity,emailAlert
analysis of solar active regions and activity from z to z solar activity has been at low levels for the past hours,SolarGeophysicalActivity,emailAlert
the largest solar event of the period was a c event observed at z from region se,SolarGeophysicalActivity,emailAlert
there are currently numbered sunspot regions on the disk,SolarGeophysicalActivity,emailAlert
ib,SolarGeophysicalActivity,emailAlert
solar activity forecast solar activity is likely to be moderate with a slight chance for an xclass flare on days one two and three  may may may,SolarGeophysicalActivity,emailAlert
iia,SolarGeophysicalActivity,emailAlert
geophysical activity summary z to z the geomagnetic field has been at quiet to active levels for the past hours,SolarGeophysicalActivity,emailAlert
solar wind speed reached a peak of kms at z total imf reached nt at z the maximum southward component of bz reached  nt at z electrons greater than mev at geosynchronous orbit reached a peak level of pfu,SolarGeophysicalActivity,emailAlert
iib,SolarGeophysicalActivity,emailAlert
geophysical activity forecast the geomagnetic field is expected to be at active to severe storm levels on day one  may unsettled to minor storm levels on day two  may and quiet to active levels on day three  may,SolarGeophysicalActivity,emailAlert
protons have a slight chance of crossing threshold on days one two and three  may may may,SolarGeophysicalActivity,emailAlert
sdf number issued at z on apr ia,SolarGeophysicalActivity,emailAlert
analysis of solar active regions and activity from z to z solar activity has been at low levels for the past hours,SolarGeophysicalActivity,emailAlert
the largest solar event of the period was a c event observed at z from region sw,SolarGeophysicalActivity,emailAlert
there are currently numbered sunspot regions on the disk,SolarGeophysicalActivity,emailAlert
ib,SolarGeophysicalActivity,emailAlert
solar activity forecast solar activity is expected to be low with a chance for mclass flares and a slight chance for an xclass flare on days one two and three  apr apr apr,SolarGeophysicalActivity,emailAlert
iia,SolarGeophysicalActivity,emailAlert
geophysical activity summary z to z the geomagnetic field has been at quiet to active levels for the past hours,SolarGeophysicalActivity,emailAlert
solar wind speed reached a peak of kms at z total imf reached nt at z the maximum southward component of bz reached  nt at z electrons greater than mev at geosynchronous orbit reached a peak level of pfu,SolarGeophysicalActivity,emailAlert
iib,SolarGeophysicalActivity,emailAlert
geophysical activity forecast the geomagnetic field is expected to be at quiet to minor storm levels on day one  apr unsettled to minor storm levels on day two  apr and quiet to active levels on day three  apr,SolarGeophysicalActivity,emailAlert
sdf number issued at z on dec ia,SolarGeophysicalActivity,emailAlert
analysis of solar active regions and activity from z to z solar activity has been at low levels for the past hours,SolarGeophysicalActivity,emailAlert
the largest solar event of the period was a c event observed at z from region nw,SolarGeophysicalActivity,emailAlert
there are currently numbered sunspot regions on the disk,SolarGeophysicalActivity,emailAlert
ib,SolarGeophysicalActivity,emailAlert
solar activity forecast solar activity is likely to be moderate with a chance for xclass flares on day one  dec and expected to be low with a chance for mclass flares on days two and three  dec dec,SolarGeophysicalActivity,emailAlert
iia,SolarGeophysicalActivity,emailAlert
geophysical activity summary z to z the geomagnetic field has been at quiet to active levels for the past hours,SolarGeophysicalActivity,emailAlert
solar wind speed reached a peak of kms at z total imf reached nt at z the maximum southward component of bz reached  nt at z protons greater than mev at geosynchronous orbit reached a peak level of pfu at z electrons greater than mev at geosynchronous orbit reached a peak level of pfu,SolarGeophysicalActivity,emailAlert
iib,SolarGeophysicalActivity,emailAlert
geophysical activity forecast the geomagnetic field is expected to be at unsettled to major storm levels on day one  dec quiet to minor storm levels on day two  dec and quiet to active levels on day three  dec,SolarGeophysicalActivity,emailAlert
protons greater than mev have a chance of crossing threshold on day one  dec,SolarGeophysicalActivity,emailAlert
sdf number issued at z on jul ia,SolarGeophysicalActivity,emailAlert
analysis of solar active regions and activity from z to z solar activity has been at low levels for the past hours,SolarGeophysicalActivity,emailAlert
the largest solar event of the period was a c event observed at z there are currently numbered sunspot regions on the disk,SolarGeophysicalActivity,emailAlert
ib,SolarGeophysicalActivity,emailAlert
solar activity forecast solar activity is expected to be low with a chance for mclass flares and a slight chance for an xclass flare on days one two and three  jul jul jul,SolarGeophysicalActivity,emailAlert
iia,SolarGeophysicalActivity,emailAlert
geophysical activity summary z to z the geomagnetic field has been at quiet levels for the past hours,SolarGeophysicalActivity,emailAlert
solar wind speed reached a peak of kms at z total imf reached nt at z the maximum southward component of bz reached  nt at z electrons greater than mev at geosynchronous orbit reached a peak level of pfu,SolarGeophysicalActivity,emailAlert
iib,SolarGeophysicalActivity,emailAlert
geophysical activity forecast the geomagnetic field is expected to be at quiet to unsettled levels on days one and three  jul jul and quiet levels on day two  jul,SolarGeophysicalActivity,emailAlert
protons have a slight chance of crossing threshold on days one two and three  jul jul jul,SolarGeophysicalActivity,emailAlert
sdf number issued at z on dec ia,SolarGeophysicalActivity,emailAlert
analysis of solar active regions and activity from z to z solar activity has been at high levels for the past hours,SolarGeophysicalActivity,emailAlert
the largest solar event of the period was a x event observed at z from region nw,SolarGeophysicalActivity,emailAlert
there are currently numbered sunspot regions on the disk,SolarGeophysicalActivity,emailAlert
ib,SolarGeophysicalActivity,emailAlert
solar activity forecast solar activity is likely to be moderate with a chance for xclass flares on days one and two  dec dec and expected to be low with a chance for mclass flares and a slight chance for an xclass flare on day three  dec,SolarGeophysicalActivity,emailAlert
iia,SolarGeophysicalActivity,emailAlert
geophysical activity summary z to z the geomagnetic field has been at quiet to active levels for the past hours,SolarGeophysicalActivity,emailAlert
solar wind speed reached a peak of kms at z total imf reached nt at z the maximum southward component of bz reached  nt at z electrons greater than mev at geosynchronous orbit reached a peak level of pfu,SolarGeophysicalActivity,emailAlert
iib,SolarGeophysicalActivity,emailAlert
geophysical activity forecast the geomagnetic field is expected to be at quiet to minor storm levels on days one and two  dec dec and quiet to unsettled levels on day three  dec,SolarGeophysicalActivity,emailAlert
protons have a chance of crossing threshold on days one and two  dec dec and have a slight chance of crossing threshold on day three  dec,SolarGeophysicalActivity,emailAlert
sdf number issued at z on jan ia,SolarGeophysicalActivity,emailAlert
analysis of solar active regions and activity from z to z solar activity has been at moderate levels for the past hours,SolarGeophysicalActivity,emailAlert
the largest solar event of the period was a m event observed at z there are currently numbered sunspot regions on the disk,SolarGeophysicalActivity,emailAlert
ib,SolarGeophysicalActivity,emailAlert
solar activity forecast solar activity is expected to be low with a chance for mclass flares and a slight chance for an xclass flare on days one and two  jan jan and expected to be low with a chance for mclass flares on day three  jan,SolarGeophysicalActivity,emailAlert
iia,SolarGeophysicalActivity,emailAlert
geophysical activity summary z to z the geomagnetic field has been at quiet to unsettled levels for the past hours,SolarGeophysicalActivity,emailAlert
solar wind speed reached a peak of kms at z total imf reached nt at z the maximum southward component of bz reached  nt at z electrons greater than mev at geosynchronous orbit reached a peak level of pfu,SolarGeophysicalActivity,emailAlert
iib,SolarGeophysicalActivity,emailAlert
geophysical activity forecast the geomagnetic field is expected to be at quiet to unsettled levels on days one and two  jan jan and quiet levels on day three  jan,SolarGeophysicalActivity,emailAlert
sdf number issued at z on mar ia,SolarGeophysicalActivity,emailAlert
analysis of solar active regions and activity from z to z solar activity has been at low levels for the past hours,SolarGeophysicalActivity,emailAlert
the largest solar event of the period was a c event observed at z from region sw,SolarGeophysicalActivity,emailAlert
there are currently numbered sunspot regions on the disk,SolarGeophysicalActivity,emailAlert
ib,SolarGeophysicalActivity,emailAlert
solar activity forecast solar activity is expected to be low with a slight chance for an mclass flare on days one two and three  mar mar mar,SolarGeophysicalActivity,emailAlert
iia,SolarGeophysicalActivity,emailAlert
geophysical activity summary z to z the geomagnetic field has been at quiet to unsettled levels for the past hours,SolarGeophysicalActivity,emailAlert
solar wind speed reached a peak of kms at z total imf reached nt at z the maximum southward component of bz reached  nt at z electrons greater than mev at geosynchronous orbit reached a peak level of pfu,SolarGeophysicalActivity,emailAlert
iib,SolarGeophysicalActivity,emailAlert
geophysical activity forecast the geomagnetic field is expected to be at quiet levels on day one  mar quiet to unsettled levels on day two  mar and unsettled to minor storm levels on day three  mar,SolarGeophysicalActivity,emailAlert
sdf number issued at z on jul ia,SolarGeophysicalActivity,emailAlert
analysis of solar active regions and activity from z to z solar activity has been at moderate levels for the past hours,SolarGeophysicalActivity,emailAlert
the largest solar event of the period was a m event observed at z from region se,SolarGeophysicalActivity,emailAlert
there are currently numbered sunspot regions on the disk,SolarGeophysicalActivity,emailAlert
ib,SolarGeophysicalActivity,emailAlert
solar activity forecast solar activity is likely to be moderate with a slight chance for an xclass flare on days one two and three  jul jul jul,SolarGeophysicalActivity,emailAlert
iia,SolarGeophysicalActivity,emailAlert
geophysical activity summary z to z the geomagnetic field has been at quiet levels for the past hours,SolarGeophysicalActivity,emailAlert
solar wind speed reached a peak of kms at z total imf reached nt at z the maximum southward component of bz reached  nt at z electrons greater than mev at geosynchronous orbit reached a peak level of pfu,SolarGeophysicalActivity,emailAlert
iib,SolarGeophysicalActivity,emailAlert
geophysical activity forecast the geomagnetic field is expected to be at quiet levels on day one  jul and quiet to unsettled levels on days two and three  jul jul,SolarGeophysicalActivity,emailAlert
protons have a slight chance of crossing threshold on days one two and three  jul jul jul,SolarGeophysicalActivity,emailAlert
sdf number issued at z on aug ia,SolarGeophysicalActivity,emailAlert
analysis of solar active regions and activity from z to z solar activity has been at moderate levels for the past hours,SolarGeophysicalActivity,emailAlert
the largest solar event of the period was a m event observed at z from region se,SolarGeophysicalActivity,emailAlert
there are currently numbered sunspot regions on the disk,SolarGeophysicalActivity,emailAlert
ib,SolarGeophysicalActivity,emailAlert
solar activity forecast solar activity is likely to be moderate with a slight chance for an xclass flare on days one two and three  aug aug aug,SolarGeophysicalActivity,emailAlert
iia,SolarGeophysicalActivity,emailAlert
geophysical activity summary z to z the geomagnetic field has been at quiet to unsettled levels for the past hours,SolarGeophysicalActivity,emailAlert
solar wind speed reached a peak of kms at z total imf reached nt at z the maximum southward component of bz reached  nt at z electrons greater than mev at geosynchronous orbit reached a peak level of pfu,SolarGeophysicalActivity,emailAlert
iib,SolarGeophysicalActivity,emailAlert
geophysical activity forecast the geomagnetic field is expected to be at quiet to active levels on day one  aug quiet to unsettled levels on day two  aug and quiet levels on day three  aug,SolarGeophysicalActivity,emailAlert
protons have a slight chance of crossing threshold on days one two and three  aug aug aug,SolarGeophysicalActivity,emailAlert
sdf number issued at z on may ia,SolarGeophysicalActivity,emailAlert
analysis of solar active regions and activity from z to z solar activity has been at low levels for the past hours,SolarGeophysicalActivity,emailAlert
the largest solar event of the period was a m event that was in progress as of this report from region se dsbetagamma,SolarGeophysicalActivity,emailAlert
there are currently numbered sunspot regions on the disk,SolarGeophysicalActivity,emailAlert
ib,SolarGeophysicalActivity,emailAlert
solar activity forecast solar activity is expected to be low with a chance for mclass flares and a slight chance for an xclass flare on days one two and three  may may may,SolarGeophysicalActivity,emailAlert
iia,SolarGeophysicalActivity,emailAlert
geophysical activity summary z to z the geomagnetic field has been at quiet to major storm levels for the past hours,SolarGeophysicalActivity,emailAlert
solar wind speed reached a peak of kms at z total imf reached nt at z the maximum southward component of bz reached  nt at z protons greater than mev at geosynchronous orbit reached a peak level of pfu at z electrons greater than mev at geosynchronous orbit reached a peak level of pfu,SolarGeophysicalActivity,emailAlert
iib,SolarGeophysicalActivity,emailAlert
geophysical activity forecast the geomagnetic field is expected to be at quiet to minor storm levels on day one  may and quiet to active levels on days two and three  may may,SolarGeophysicalActivity,emailAlert
protons greater than mev have a slight chance of crossing threshold on day one  may,SolarGeophysicalActivity,emailAlert
sdf number issued at z on dec ia,SolarGeophysicalActivity,emailAlert
analysis of solar active regions and activity from z to z solar activity has been at moderate levels for the past hours,SolarGeophysicalActivity,emailAlert
the largest solar event of the period was a m event observed at z there are currently numbered sunspot regions on the disk,SolarGeophysicalActivity,emailAlert
ib,SolarGeophysicalActivity,emailAlert
solar activity forecast solar activity is expected to be low with a chance for mclass flares on days one two and three  dec dec dec,SolarGeophysicalActivity,emailAlert
iia,SolarGeophysicalActivity,emailAlert
geophysical activity summary z to z the geomagnetic field has been at quiet levels for the past hours,SolarGeophysicalActivity,emailAlert
solar wind speed reached a peak of kms at z total imf reached nt at z the maximum southward component of bz reached  nt at z iib,SolarGeophysicalActivity,emailAlert
geophysical activity forecast the geomagnetic field is expected to be at quiet levels on day one  dec and quiet to unsettled levels on days two and three  dec dec,SolarGeophysicalActivity,emailAlert
sdf number issued at z on dec ia,SolarGeophysicalActivity,emailAlert
analysis of solar active regions and activity from z to z solar activity has been at high levels for the past hours,SolarGeophysicalActivity,emailAlert
the largest solar event of the period was a x event observed at z from region nw,SolarGeophysicalActivity,emailAlert
there are currently numbered sunspot regions on the disk,SolarGeophysicalActivity,emailAlert
ib,SolarGeophysicalActivity,emailAlert
solar activity forecast solar activity is expected to be moderate with a chance for xclass flares on days one two and three  dec jan jan,SolarGeophysicalActivity,emailAlert
iia,SolarGeophysicalActivity,emailAlert
geophysical activity summary z to z the geomagnetic field has been at quiet to unsettled levels for the past hours,SolarGeophysicalActivity,emailAlert
solar wind speed reached a peak of kms at z total imf reached nt at z the maximum southward component of bz reached  nt at z electrons greater than mev at geosynchronous orbit reached a peak level of pfu,SolarGeophysicalActivity,emailAlert
iib,SolarGeophysicalActivity,emailAlert
geophysical activity forecast the geomagnetic field is expected to be at quiet to severe storm levels on day one  dec quiet to minor storm levels on day two  jan and quiet to unsettled levels on day three  jan,SolarGeophysicalActivity,emailAlert
protons have a slight chance of crossing threshold on days one and two  dec jan and have a slight chance of crossing threshold on day three  jan,SolarGeophysicalActivity,emailAlert
sdf number issued at z on mar ia,SolarGeophysicalActivity,emailAlert
analysis of solar active regions and activity from z to z solar activity has been at moderate levels for the past hours,SolarGeophysicalActivity,emailAlert
the largest solar event of the period was a m event observed at z from region sw,SolarGeophysicalActivity,emailAlert
there are currently numbered sunspot regions on the disk,SolarGeophysicalActivity,emailAlert
ib,SolarGeophysicalActivity,emailAlert
solar activity forecast solar activity is expected to be low with a slight chance for an mclass flare on days one two and three  mar mar mar,SolarGeophysicalActivity,emailAlert
iia,SolarGeophysicalActivity,emailAlert
geophysical activity summary z to z the geomagnetic field has been at quiet to unsettled levels for the past hours,SolarGeophysicalActivity,emailAlert
solar wind speed reached a peak of kms at z total imf reached nt at z the maximum southward component of bz reached  nt at z electrons greater than mev at geosynchronous orbit reached a peak level of pfu,SolarGeophysicalActivity,emailAlert
iib,SolarGeophysicalActivity,emailAlert
geophysical activity forecast the geomagnetic field is expected to be at quiet to active levels on day one  mar and quiet to unsettled levels on days two and three  mar mar,SolarGeophysicalActivity,emailAlert
sdf number issued at z on may ia,SolarGeophysicalActivity,emailAlert
analysis of solar active regions and activity from z to z solar activity has been at high levels for the past hours,SolarGeophysicalActivity,emailAlert
the largest solar event of the period was a x event observed at z from region se,SolarGeophysicalActivity,emailAlert
there are currently numbered sunspot regions on the disk,SolarGeophysicalActivity,emailAlert
ib,SolarGeophysicalActivity,emailAlert
solar activity forecast solar activity is expected to be moderate with a chance for xclass flares on days one two and three  may may jun,SolarGeophysicalActivity,emailAlert
iia,SolarGeophysicalActivity,emailAlert
geophysical activity summary z to z the geomagnetic field has been at quiet levels for the past hours,SolarGeophysicalActivity,emailAlert
solar wind speed reached a peak of kms at z total imf reached nt at z the maximum southward component of bz reached  nt at z electrons greater than mev at geosynchronous orbit reached a peak level of pfu,SolarGeophysicalActivity,emailAlert
iib,SolarGeophysicalActivity,emailAlert
geophysical activity forecast the geomagnetic field is expected to be at quiet to unsettled levels on day one  may and quiet to major storm levels on days two and three  may jun,SolarGeophysicalActivity,emailAlert
protons have a slight chance of crossing threshold on days one two and three  may may jun,SolarGeophysicalActivity,emailAlert
sdf number issued at z on dec ia,SolarGeophysicalActivity,emailAlert
analysis of solar active regions and activity from z to z solar activity has been at high levels for the past hours,SolarGeophysicalActivity,emailAlert
the largest solar event of the period was a m event observed at z from region ne,SolarGeophysicalActivity,emailAlert
there are currently numbered sunspot regions on the disk,SolarGeophysicalActivity,emailAlert
ib,SolarGeophysicalActivity,emailAlert
solar activity forecast solar activity is expected to be moderate with a slight chance for an xclass flare on days one two and three  dec dec dec,SolarGeophysicalActivity,emailAlert
iia,SolarGeophysicalActivity,emailAlert
geophysical activity summary z to z the geomagnetic field has been at quiet levels for the past hours,SolarGeophysicalActivity,emailAlert
solar wind speed reached a peak of kms at z electrons greater than mev at geosynchronous orbit reached a peak level of pfu,SolarGeophysicalActivity,emailAlert
iib,SolarGeophysicalActivity,emailAlert
geophysical activity forecast the geomagnetic field is expected to be at quiet to active levels on day one  dec quiet to unsettled levels on day two  dec and quiet levels on day three  dec,SolarGeophysicalActivity,emailAlert
protons have a slight chance of crossing threshold on days one two and three  dec dec dec,SolarGeophysicalActivity,emailAlert
sdf number issued at z on sep ia,SolarGeophysicalActivity,emailAlert
analysis of solar active regions and activity from z to z solar activity has been at high levels for the past hours,SolarGeophysicalActivity,emailAlert
the largest solar event of the period was a m event observed at z there are currently numbered sunspot regions on the disk,SolarGeophysicalActivity,emailAlert
ib,SolarGeophysicalActivity,emailAlert
solar activity forecast solar activity is likely to be moderate with a slight chance for an xclass flare on days one two and three  sep sep sep,SolarGeophysicalActivity,emailAlert
iia,SolarGeophysicalActivity,emailAlert
geophysical activity summary z to z the geomagnetic field has been at quiet to active levels for the past hours,SolarGeophysicalActivity,emailAlert
solar wind speed reached a peak of kms at z total imf reached nt at z the maximum southward component of bz reached  nt at z electrons greater than mev at geosynchronous orbit reached a peak level of pfu,SolarGeophysicalActivity,emailAlert
iib,SolarGeophysicalActivity,emailAlert
geophysical activity forecast the geomagnetic field is expected to be at quiet to unsettled levels on day one  sep and quiet levels on days two and three  sep sep,SolarGeophysicalActivity,emailAlert
protons have a slight chance of crossing threshold on days one two and three  sep sep sep,SolarGeophysicalActivity,emailAlert
sdf number issued at z on oct ia,SolarGeophysicalActivity,emailAlert
analysis of solar active regions and activity from z to z solar activity has been at high levels for the past hours,SolarGeophysicalActivity,emailAlert
the largest solar event of the period was a m event observed at z from region sw,SolarGeophysicalActivity,emailAlert
there are currently numbered sunspot regions on the disk,SolarGeophysicalActivity,emailAlert
ib,SolarGeophysicalActivity,emailAlert
solar activity forecast solar activity is expected to be moderate with a chance for xclass flares on days one two and three  oct oct oct,SolarGeophysicalActivity,emailAlert
iia,SolarGeophysicalActivity,emailAlert
geophysical activity summary z to z the geomagnetic field has been at quiet levels for the past hours,SolarGeophysicalActivity,emailAlert
solar wind speed reached a peak of kms at z total imf reached nt at z the maximum southward component of bz reached  nt at z electrons greater than mev at geosynchronous orbit reached a peak level of pfu,SolarGeophysicalActivity,emailAlert
iib,SolarGeophysicalActivity,emailAlert
geophysical activity forecast the geomagnetic field is expected to be at active to severe storm levels on days one and two  oct oct and unsettled to minor storm levels on day three  oct,SolarGeophysicalActivity,emailAlert
protons have a chance of crossing threshold on days one two and three  oct oct oct,SolarGeophysicalActivity,emailAlert
sdf number issued at z on jan ia,SolarGeophysicalActivity,emailAlert
analysis of solar active regions and activity from z to z solar activity has been at moderate levels for the past hours,SolarGeophysicalActivity,emailAlert
the largest solar event of the period was a m event observed at z there are currently numbered sunspot regions on the disk,SolarGeophysicalActivity,emailAlert
ib,SolarGeophysicalActivity,emailAlert
solar activity forecast solar activity is expected to be low with a chance for mclass flares on day one  jan and expected to be low with a slight chance for an mclass flare on days two and three  jan jan,SolarGeophysicalActivity,emailAlert
iia,SolarGeophysicalActivity,emailAlert
geophysical activity summary z to z the geomagnetic field has been at quiet to unsettled levels for the past hours,SolarGeophysicalActivity,emailAlert
solar wind speed reached a peak of kms at z total imf reached nt at z the maximum southward component of bz reached  nt at z electrons greater than mev at geosynchronous orbit reached a peak level of pfu,SolarGeophysicalActivity,emailAlert
iib,SolarGeophysicalActivity,emailAlert
geophysical activity forecast the geomagnetic field is expected to be at quiet levels on days one and three  jan jan and quiet to unsettled levels on day two  jan,SolarGeophysicalActivity,emailAlert
sdf number issued at z on jan ia,SolarGeophysicalActivity,emailAlert
analysis of solar active regions and activity from z to z solar activity has been at low levels for the past hours,SolarGeophysicalActivity,emailAlert
the largest solar event of the period was a c event observed at z from region ne,SolarGeophysicalActivity,emailAlert
there are currently numbered sunspot regions on the disk,SolarGeophysicalActivity,emailAlert
ib,SolarGeophysicalActivity,emailAlert
solar activity forecast solar activity is expected to be low with a chance for mclass flares on days one two and three  jan jan jan,SolarGeophysicalActivity,emailAlert
iia,SolarGeophysicalActivity,emailAlert
geophysical activity summary z to z the geomagnetic field has been at quiet to unsettled levels for the past hours,SolarGeophysicalActivity,emailAlert
solar wind speed reached a peak of kms at z total imf reached nt at z the maximum southward component of bz reached  nt at z electrons greater than mev at geosynchronous orbit reached a peak level of pfu,SolarGeophysicalActivity,emailAlert
iib,SolarGeophysicalActivity,emailAlert
geophysical activity forecast the geomagnetic field is expected to be at quiet to unsettled levels on days one and three  jan jan and quiet levels on day two  jan,SolarGeophysicalActivity,emailAlert
sdf number issued at z on jan ia,SolarGeophysicalActivity,emailAlert
analysis of solar active regions and activity from z to z solar activity has been at low levels for the past hours,SolarGeophysicalActivity,emailAlert
the largest solar event of the period was a c event observed at z from region sw,SolarGeophysicalActivity,emailAlert
there are currently numbered sunspot regions on the disk,SolarGeophysicalActivity,emailAlert
ib,SolarGeophysicalActivity,emailAlert
solar activity forecast solar activity is expected to be low with a chance for mclass flares and a slight chance for an xclass flare on day one  jan and expected to be low with a chance for mclass flares on days two and three  jan jan,SolarGeophysicalActivity,emailAlert
iia,SolarGeophysicalActivity,emailAlert
geophysical activity summary z to z the geomagnetic field has been at quiet levels for the past hours,SolarGeophysicalActivity,emailAlert
solar wind speed reached a peak of kms at z electrons greater than mev at geosynchronous orbit reached a peak level of pfu,SolarGeophysicalActivity,emailAlert
iib,SolarGeophysicalActivity,emailAlert
geophysical activity forecast the geomagnetic field is expected to be at quiet levels on days one and two  jan jan and quiet to unsettled levels on day three  jan,SolarGeophysicalActivity,emailAlert
protons greater than mev have a slight chance of crossing threshold on day one  jan,SolarGeophysicalActivity,emailAlert
sdf number issued at z on jan ia,SolarGeophysicalActivity,emailAlert
analysis of solar active regions and activity from z to z solar activity has been at high levels for the past hours,SolarGeophysicalActivity,emailAlert
the largest solar event of the period was a m event observed at z from region ne,SolarGeophysicalActivity,emailAlert
there are currently numbered sunspot regions on the disk,SolarGeophysicalActivity,emailAlert
ib,SolarGeophysicalActivity,emailAlert
solar activity forecast solar activity is expected to be moderate with a chance for xclass flares on days one and two  jan jan and likely to be moderate with a slight chance for an xclass flare on day three  jan,SolarGeophysicalActivity,emailAlert
iia,SolarGeophysicalActivity,emailAlert
geophysical activity summary z to z the geomagnetic field has been at unsettled to active levels for the past hours,SolarGeophysicalActivity,emailAlert
solar wind speed reached a peak of kms at z total imf reached nt at z the maximum southward component of bz reached  nt at z protons greater than mev at geosynchronous orbit reached a peak level of pfu at z electrons greater than mev at geosynchronous orbit reached a peak level of pfu,SolarGeophysicalActivity,emailAlert
iib,SolarGeophysicalActivity,emailAlert
geophysical activity forecast the geomagnetic field is expected to be at quiet to minor storm levels on day one  jan quiet to active levels on day two  jan and quiet to unsettled levels on day three  jan,SolarGeophysicalActivity,emailAlert
protons have a chance of crossing threshold on day one  jan and have a slight chance of crossing threshold on days two and three  jan jan,SolarGeophysicalActivity,emailAlert
sdf number issued at z on jan ia,SolarGeophysicalActivity,emailAlert
analysis of solar active regions and activity from z to z solar activity has been at low levels for the past hours,SolarGeophysicalActivity,emailAlert
the largest solar event of the period was a c event observed at z from region sw,SolarGeophysicalActivity,emailAlert
there are currently numbered sunspot regions on the disk,SolarGeophysicalActivity,emailAlert
ib,SolarGeophysicalActivity,emailAlert
solar activity forecast solar activity is likely to be moderate with a slight chance for an xclass flare on days one two and three  jan jan jan,SolarGeophysicalActivity,emailAlert
iia,SolarGeophysicalActivity,emailAlert
geophysical activity summary z to z the geomagnetic field has been at quiet to unsettled levels for the past hours,SolarGeophysicalActivity,emailAlert
solar wind speed reached a peak of kms at z total imf reached nt at z the maximum southward component of bz reached  nt at z electrons greater than mev at geosynchronous orbit reached a peak level of pfu,SolarGeophysicalActivity,emailAlert
iib,SolarGeophysicalActivity,emailAlert
geophysical activity forecast the geomagnetic field is expected to be at quiet to active levels on day one  jan unsettled to minor storm levels on day two  jan and quiet to unsettled levels on day three  jan,SolarGeophysicalActivity,emailAlert
protons have a slight chance of crossing threshold on days one two and three  jan jan jan,SolarGeophysicalActivity,emailAlert
sdf number issued at z on jan ia,SolarGeophysicalActivity,emailAlert
analysis of solar active regions and activity from z to z solar activity has been at high levels for the past hours,SolarGeophysicalActivity,emailAlert
the largest solar event of the period was a x event observed at z from region ne,SolarGeophysicalActivity,emailAlert
there are currently numbered sunspot regions on the disk,SolarGeophysicalActivity,emailAlert
ib,SolarGeophysicalActivity,emailAlert
solar activity forecast solar activity is likely to be moderate with a slight chance for an xclass flare on days one and two  jan jan and expected to be low with a chance for mclass flares and a slight chance for an xclass flare on day three  jan,SolarGeophysicalActivity,emailAlert
iia,SolarGeophysicalActivity,emailAlert
geophysical activity summary z to z the geomagnetic field has been at quiet to unsettled levels for the past hours,SolarGeophysicalActivity,emailAlert
solar wind speed reached a peak of kms at z total imf reached nt at z the maximum southward component of bz reached  nt at z electrons greater than mev at geosynchronous orbit reached a peak level of pfu,SolarGeophysicalActivity,emailAlert
iib,SolarGeophysicalActivity,emailAlert
geophysical activity forecast the geomagnetic field is expected to be at quiet to minor storm levels on days one and two  jan jan and quiet to active levels on day three  jan,SolarGeophysicalActivity,emailAlert
protons have a slight chance of crossing threshold on days one two and three  jan jan jan,SolarGeophysicalActivity,emailAlert
sdf number issued at z on jan ia,SolarGeophysicalActivity,emailAlert
analysis of solar active regions and activity from z to z solar activity has been at moderate levels for the past hours,SolarGeophysicalActivity,emailAlert
the largest solar event of the period was a m event observed at z from region nw,SolarGeophysicalActivity,emailAlert
there are currently numbered sunspot regions on the disk,SolarGeophysicalActivity,emailAlert
ib,SolarGeophysicalActivity,emailAlert
solar activity forecast solar activity is likely to be moderate with a slight chance for an xclass flare on days one two and three  jan jan jan,SolarGeophysicalActivity,emailAlert
iia,SolarGeophysicalActivity,emailAlert
geophysical activity summary z to z the geomagnetic field has been at unsettled to minor storm levels for the past hours,SolarGeophysicalActivity,emailAlert
solar wind speed reached a peak of kms at z total imf reached nt at z the maximum southward component of bz reached  nt at z electrons greater than mev at geosynchronous orbit reached a peak level of pfu,SolarGeophysicalActivity,emailAlert
iib,SolarGeophysicalActivity,emailAlert
geophysical activity forecast the geomagnetic field is expected to be at quiet to active levels on day one  jan and quiet to minor storm levels on days two and three  jan jan,SolarGeophysicalActivity,emailAlert
protons have a slight chance of crossing threshold on day one  jan and have a slight chance of crossing threshold on days two and three  jan jan,SolarGeophysicalActivity,emailAlert
sdf number issued at z on feb ia,SolarGeophysicalActivity,emailAlert
analysis of solar active regions and activity from z to z solar activity has been at low levels for the past hours,SolarGeophysicalActivity,emailAlert
the largest solar event of the period was a c event observed at z from region nw,SolarGeophysicalActivity,emailAlert
there are currently numbered sunspot regions on the disk,SolarGeophysicalActivity,emailAlert
ib,SolarGeophysicalActivity,emailAlert
solar activity forecast solar activity is likely to be moderate with a slight chance for an xclass flare on days one and two  feb feb and expected to be low with a chance for mclass flares on day three  feb,SolarGeophysicalActivity,emailAlert
iia,SolarGeophysicalActivity,emailAlert
geophysical activity summary z to z the geomagnetic field has been at quiet to minor storm levels for the past hours,SolarGeophysicalActivity,emailAlert
solar wind speed reached a peak of kms at z total imf reached nt at z the maximum southward component of bz reached  nt at z electrons greater than mev at geosynchronous orbit reached a peak level of pfu,SolarGeophysicalActivity,emailAlert
iib,SolarGeophysicalActivity,emailAlert
geophysical activity forecast the geomagnetic field is expected to be at unsettled to minor storm levels on day one  feb unsettled to active levels on day two  feb and quiet to active levels on day three  feb,SolarGeophysicalActivity,emailAlert
protons greater than mev have a slight chance of crossing threshold on days one and two  feb feb,SolarGeophysicalActivity,emailAlert
sdf number issued at z on feb ia,SolarGeophysicalActivity,emailAlert
analysis of solar active regions and activity from z to z solar activity has been at moderate levels for the past hours,SolarGeophysicalActivity,emailAlert
the largest solar event of the period was a m event observed at z there are currently numbered sunspot regions on the disk,SolarGeophysicalActivity,emailAlert
ib,SolarGeophysicalActivity,emailAlert
solar activity forecast solar activity is expected to be low with a chance for mclass flares and a slight chance for an xclass flare on days one two and three  feb feb feb,SolarGeophysicalActivity,emailAlert
iia,SolarGeophysicalActivity,emailAlert
geophysical activity summary z to z the geomagnetic field has been at unsettled to minor storm levels for the past hours,SolarGeophysicalActivity,emailAlert
solar wind speed reached a peak of kms at z total imf reached nt at z the maximum southward component of bz reached  nt at z electrons greater than mev at geosynchronous orbit reached a peak level of pfu,SolarGeophysicalActivity,emailAlert
iib,SolarGeophysicalActivity,emailAlert
geophysical activity forecast the geomagnetic field is expected to be at quiet to minor storm levels on day one  feb quiet to active levels on day two  feb and quiet to unsettled levels on day three  feb,SolarGeophysicalActivity,emailAlert
solar activity was very low throughout the period,Weekly,emailAlert
three spotted regions populated the disk at various times during the summary period,Weekly,emailAlert
region s l classarea hsx on jul maintained an htype configuration through the period and was quiet and stable,Weekly,emailAlert
region n l classarea hsx on jul formed on the disk on jul and decayed to plage by aug it was quiet and stable,Weekly,emailAlert
region n l classarea axx on aug quietly rotated onto the disk,Weekly,emailAlert
an eruptive prominence was observed off the se limb about midday on jul,Weekly,emailAlert
a slowmoving cme was subsequently observed but was determined to not have an earthdirected component,Weekly,emailAlert
no other cmes or activity of note was observed during the summary period,Weekly,emailAlert
no proton events were observed at geosynchronous orbit,Weekly,emailAlert
the greater than mev electron flux at geosynchronous orbit was at normal to moderate levels through the period,Weekly,emailAlert
geomagnetic field activity was at quiet levels through midday on aug when unsettled activity was observed due to positive polarity ch hss influence,Weekly,emailAlert
solar wind observations indicated nominal conditions through about utc when a cir in advance of a positive polalarity ch hss became evident in the data,Weekly,emailAlert
wind speeds increased from about kms to near kms total field increased to nt and the bz component reached  nt,Weekly,emailAlert
the geomagnetic field reacted with mostly unsettled conditions,Weekly,emailAlert
space weather outlook august  august solar activity is expected to be at very low levels throughout the outlook period,Weekly,emailAlert
no proton events are expected at geosynchronous orbit,Weekly,emailAlert
the greater than mev electron flux at geosynchronous orbit is expected to be at normal to moderate levels throughout the outlook period,Weekly,emailAlert
geomagnetic field activity is expected to be at unsettled to active levels through aug with a chance for g minor geomagnetic storm levels due to recurrent ch hss effects,Weekly,emailAlert
quiet to unsettled levels are expected on aug as hss effects persist,Weekly,emailAlert
unsettled levels are expected once again on aug quiet levels are expected to prevail for the remainder of the period  aug solar activity was very low,Weekly,emailAlert
no active regions with sunspots were observed and no apparent earthdirected cmes were detected this period,Weekly,emailAlert
no proton events were observed at geosynchronous orbit,Weekly,emailAlert
the greater than mev electron flux at geosynchronous orbit reached moderate levels on  feb and high levels on  feb geomagnetic field activity reached active levels on feb and active to g minor geomagnetic storm levels on feb the enhanced geomagnetic field activity on  feb were attributed to the passage of a transient solar wind feature,Weekly,emailAlert
active conditions were once again observed on feb due to negative polarity ch hss influence,Weekly,emailAlert
generally quiet or quiet to unsettled conditions were observed throughout the remainder of the week,Weekly,emailAlert
space weather outlook february  march solar activity is expected to be very low throughout the outlook period,Weekly,emailAlert
no proton events are expected at geosynchronous orbit,Weekly,emailAlert
the greater than mev electron flux at geosynchronous orbit is expected to reach high levels on feb mar  mar and  mar,Weekly,emailAlert
normal or normal to moderate levels are expected to prevail throughout the remainder of the outlook period,Weekly,emailAlert
geomagnetic field activity is expected to reach active levels on feb  mar and mar due to the infuences of multiple recurrent ch hsss,Weekly,emailAlert
generally quiet or quiet to unsettled conditions are expected to prevail throughout the rest of the outlook period under a nominal solar wind regime,Weekly,emailAlert
solar activity reached moderate levels,Weekly,emailAlert
the largest event was an m xray flare from a region just around the se limb,Weekly,emailAlert
associated with the flare was a type ii radio sweep  kms a tenflare  sfu and a cme signature first observed in soholasco c imagery at utc,Weekly,emailAlert
modeling and analysis of the event suggested only the far periphery had the potential to interact with earth around dec of the numbered regions currently on the visible disk s l classarea cko on nov was the largest,Weekly,emailAlert
it produced several cclass xray flares as it rotated across the disk the strongest being a csf at utc,Weekly,emailAlert
the leader spot remained stable throughout the reporting period while the intermediate and trailer spots exhibited frequent but shortlived new spot emergence,Weekly,emailAlert
no proton events were observed at geosynchronous orbit,Weekly,emailAlert
the greater than mev electron flux at geosynchronous orbit was at normal to high levels throughout the reporting period with the highest flux of  pfu observed at utc,Weekly,emailAlert
geomagnetic field activity ranged from quiet to unsettled,Weekly,emailAlert
numerous periods of weakly enhanced bt combined with frequent sustained periods of southward bz produced periods of unsettled conditions on nov and  nov nov remained quiet,Weekly,emailAlert
space weather outlook november  december solar activity is expected to be at low levels with a chance for rr minor  moderate radio blackouts on nov  dec due primarily to the flare potential from a region just around the se limb,Weekly,emailAlert
very low levels are expected on  dec and low levels are expected from  dec no proton events are expected at geosynchronous orbit,Weekly,emailAlert
the greater than mev electron flux at geosynchronous orbit is expected range from moderate to high levels,Weekly,emailAlert
high levels are expected on  dec while moderate levels are anticipated for the remainder of the outlook period,Weekly,emailAlert
all enhancements in electron flux are due to anticipated influence from multiple recurrent ch hsss,Weekly,emailAlert
geomagnetic field activity is expected to be at quiet to g minor geomagnetic storm levels,Weekly,emailAlert
potential influence from the periphery of the nov cme may cause periods of active conditions around  dec coronal hole influence is expected to produce active conditions on dec g minor storm conditions on dec and unsettled conditions as influence wanes on dec weak interaction with the current sheet is likely to produce unsettled conditions on  dec the remainder of the outlook period is expected to be quiet,Weekly,emailAlert
solar activity was very low,Weekly,emailAlert
regions s l classarea axx on oct and s l classarea cro on oct were absent of significant flare activity and unremarkable throughout the period,Weekly,emailAlert
no earthdirected cmes were observed,Weekly,emailAlert
no proton events were observed at geosynchronous orbit,Weekly,emailAlert
the greater than mev electron flux at geosynchronous orbit reached high levels on   and oct with a peak flux of  pfu on utc,Weekly,emailAlert
moderate flux levels were observed throughout the remainder of the period,Weekly,emailAlert
geomagnetic field activity reached isolated active levels on and oct due to a slightly enhanced interplanetary magnetic field,Weekly,emailAlert
quiet conditions were observed on  oct under a background solar wind regime,Weekly,emailAlert
space weather outlook october  november solar activity is expected to be very low throughout the outlook period,Weekly,emailAlert
no proton events are expected at geosynchronous orbit,Weekly,emailAlert
the greater than mev electron flux at geosynchronous orbit is expected to reach high levels on  oct and   nov normal to moderate levels are expected during the remainder of the outlook period,Weekly,emailAlert
geomagnetic field activity is likely to reach g moderate geomagnetic storm levels on oct with g minor geomagnetic storms likely on  oct due to recurrent positive polarity ch hss influence,Weekly,emailAlert
active conditions are expected on   oct quiet to unsettled levels are expected throughout the remainder of the outlook period,Weekly,emailAlert
solar activity was very low throughout the highlight period with only bclass flare activity,Weekly,emailAlert
no earthdirected cmes were observed in available imagery,Weekly,emailAlert
no proton events were observed at geosynchronous orbit,Weekly,emailAlert
the greater than mev electron flux at geosynchronous orbit reached high levels on april due to ch hss influence,Weekly,emailAlert
normal to moderate levels were observed during the rest of the highlight period,Weekly,emailAlert
geomagnetic field activity was at quiet to unsettled levels during the highlight period with only weak ch hss influence,Weekly,emailAlert
space weather outlook april  may solar activity is expected to be very low during the outlook period,Weekly,emailAlert
no proton events are expected at geosynchronous orbit,Weekly,emailAlert
the greater than mev electron flux at geosynchronous orbit is expected to reach high levels on  and  april due to recurrent ch hss effects,Weekly,emailAlert
normal to moderate levels are expected to prevail throughout the remainder of the outlook period,Weekly,emailAlert
geomagnetic field activity is likely to reach g minor geomagnetic storm levels on april with active conditions on april due to recurrent negativepolarity ch hss influence,Weekly,emailAlert
quiet to unsettled conditions are expected throughout the remainder of the outlook period,Weekly,emailAlert
solar activity was at very low levels on  and may while an increase to low levels occurred on  may,Weekly,emailAlert
the majority of the flare activity was from regions n l classarea dho on may and n l classarea dko on may,Weekly,emailAlert
the largest flare of the period was a cf at utc from region ,Weekly,emailAlert
associated with this flare were type ii and type iv radio sweeps along with a cme observed off the west limb in soholasco c imagery beginning at utc,Weekly,emailAlert
wsaenlil modelling of the cme showed the bulk of the plasma directed off the sunearth line however there was potential for a glancing blow late on jun to early on jun,Weekly,emailAlert
a greater than mev proton event sminor began at utc reached a peak flux of pfu at utc and ended at utc associated with the aforementioned c flare on may,Weekly,emailAlert
the greater than mev electron flux at geosynchronous orbit reached high levels on  may and decreased to normalmoderate levels on  may,Weekly,emailAlert
the largest flux of the period was  pfu observed at utc,Weekly,emailAlert
geomagnetic field activity ranged from quiet to g minor geomagnetic storm levels,Weekly,emailAlert
the period began with nominal solar wind conditions and quiet levels through early on may,Weekly,emailAlert
at utc an impulsive increase in solar wind speed from approximately  kms was observed with a simultaneous increase in total field from  nt marking the arrival of a possible conglomeration of cmes from  may,Weekly,emailAlert
total field continued to increase to nt through early on may while solar wind speed increased to  kms,Weekly,emailAlert
the geomagnetic field responded with unsettled to g minor storm levels the second half on may followed by quiet to active levels on may,Weekly,emailAlert
solar wind speed continued between  kms through the end of the period,Weekly,emailAlert
quiet conditions were once again observed on may followed by quiet to unsettled levels on  may,Weekly,emailAlert
space weather outlook may  june solar activity is expected to be at very low to low levels on may  jun and again on jun,Weekly,emailAlert
a slight chance for moderate rminor flares exist on  jun with the return of region to the visible disk,Weekly,emailAlert
no proton events are expected at geosynchronous orbit,Weekly,emailAlert
the greater than mev electron flux at geosynchronous orbit is expected to reach high levels on  jun due to coronal hole high speed stream ch hss influence,Weekly,emailAlert
geomagnetic field activity is expected to reach unsettled to active levels on  jun due to a solar activity was at very low levels,Weekly,emailAlert
an isolated c flare peaked at utc just after the reporting period from new region n l classarea axx on aug,Weekly,emailAlert
the single spot just appeared late on aug but was preceded by an area of active plage which rotated onto the visible disk on aug no earthdirected cmes were observed,Weekly,emailAlert
no proton events were observed at geosynchronous orbit,Weekly,emailAlert
the greater than mev electron flux at geosynchronous orbit reached high levels on  aug with a peak flux of  pfu observed at utc,Weekly,emailAlert
geomagnetic field activity ranged from quiet to g minor geomagnetic storming,Weekly,emailAlert
an enhancement in the imf field began at utc likely from a glancing blow from the jul cme,Weekly,emailAlert
total field reached a peak of nt at utc while the bz component was mostly negative for ,Weekly,emailAlert
days reaching  nt briefly utc,Weekly,emailAlert
solar wind speed at this time was between  kms,Weekly,emailAlert
the geomagnetic field responded with quiet to g storm levels on aug and quiet to active levels on aug quiet conditions were observed on aug through late on aug by the middle of aug a likely cir preceding a weak positive polarity coronal hole high speed stream ch hss was observed causing total field to increase to a maximum of nt at utc along with a prolonged period of southward bz to  nt,Weekly,emailAlert
solar wind speed briefly increased to near kms on aug before declining to below kms by midday on aug the geomagnetic field reached unsettled periods late on aug through aug followed by quiet levels on aug space weather outlook august  september solar activity is expected to be at very low levels with a chance for further cclass flares through aug if region continues to develop and show activity,Weekly,emailAlert
no proton events are expected at geosynchronous orbit,Weekly,emailAlert
the greater than mev electron flux at geosynchronous orbit is expected to be at normal to moderate levels,Weekly,emailAlert
geomagnetic field activity is expected to reach unsettled levels on  aug  aug  aug and  sep and reach active levels on aug and sep due to ch hss activity,Weekly,emailAlert
solar activity was very low under a mostly spotless disk,Weekly,emailAlert
no earthdirected cmes were observed,Weekly,emailAlert
no proton events were observed at geosynchronous orbit,Weekly,emailAlert
the greater than mev electron flux at geosynchronous orbit was at normal to moderate levels with a peak flux of pfu observed at utc,Weekly,emailAlert
geomagnetic field activity ranged from quiet to active levels,Weekly,emailAlert
the period began with nominal solar wind parameters on jul through late on jul,Weekly,emailAlert
at approximately utc total field began to increase to a peak of nt at utc followed by an increase in solar wind speed to near kms as a positive polarity coronal hole high speed stream ch hss became geoeffective,Weekly,emailAlert
solar wind speed slowly diminished to nominal levels through aug the geomagnetic field responded with quiet to unsettled levels on and jul and quiet to active levels on jul,Weekly,emailAlert
the rest of the period was at quiet levels,Weekly,emailAlert
space weather outlook august  august solar activity is expected to be at very low levels with a chance for low levels on  aug with the return of old regions n l and s l,Weekly,emailAlert
no proton events are expected at geosynchronous orbit,Weekly,emailAlert
the greater than mev electron flux at geosynchronous orbit is expected to be at normal to moderate levels on  aug geomagnetic field activity is expected to reach unsettled levels on     aug and active levels on  aug due to ch hss activity,Weekly,emailAlert
solar activity was at low to high levels,Weekly,emailAlert
low levels were observed on  nov and again on nov moderate levels occurred on  nov due to m flare activity from region n l classarea eki on nov,Weekly,emailAlert
these flares were an mf at utc an msn at utc and an msf at utc as well as a total of cflares,Weekly,emailAlert
high levels occurred on nov reported on previous weekly due to an m flare from region at utc along with an associated type ii radio sweep and a sfu tenflare,Weekly,emailAlert
region continued to exhibit growth through nov and developed into a betagammadelta magnetic class on  nov before slowly decaying to near millionths by nov region n l classarea dai on nov began to exhibit growth and development of trailing spots beginning on nov and was responsible for cflares,Weekly,emailAlert
no earthdirected cmes were observed during the reporting period,Weekly,emailAlert
no proton events were observed at geosynchronous orbit,Weekly,emailAlert
the greater than mev electron flux at geosynchronous orbit reached high levels on and  nov due to weak transient activity,Weekly,emailAlert
the peak flux was  pfu at utc,Weekly,emailAlert
geomagnetic field activity ranged from quiet to g minor storm levels,Weekly,emailAlert
solar wind parameters indicated a possible weak transient on  nov total field increased to near nt while the bz component deflected southward from approximately  reaching a maximum of  nt,Weekly,emailAlert
the geomagnetic field responded with quiet to g minor storming on nov followed by quiet to active levels on nov and quiet to unsettled levels on nov quiet conditions were observed on nov under a nominal solar wind regime,Weekly,emailAlert
on  nov a weak negative polarity ch hss became geoeffective,Weekly,emailAlert
solar wind speed increased to near kms by midday on nov total field increased to near nt late on nov before declining to near  nt,Weekly,emailAlert
the geomagnetic field responded with quiet to unsettled levels on  nov space weather outlook november  december solar activity is expected to be very low to low throughout the outlook period  nov dec,Weekly,emailAlert
there is a chance for mclass flares rr minormoderate and a slight chance for xclass flares rstrong on  nov and again on nov dec due to the flare potential of regions and ,Weekly,emailAlert
there is a slight chance for an s minor solar radiation storm on  nov due to potential significant flare activity from regions and ,Weekly,emailAlert
the greater than mev electron flux at geosynchronous orbit is expected to reach high levels on  nov and again on  dec due to recurrent ch hss influence,Weekly,emailAlert
geomagnetic field activity is expected to reach unsettled to active levels on  nov  solar activity reached moderate levels this week with three mclass flares observed during the period,Weekly,emailAlert
region s l classarea eki on sep produced an mn flare at utc,Weekly,emailAlert
region s l classarea fai on sep produced an m at utc,Weekly,emailAlert
this was followed by the largest event of the period an msf at utc from region n l classarea dhi on sep,Weekly,emailAlert
associated with this event were type ii est,Weekly,emailAlert
kms sv,Weekly,emailAlert
and type iv signatures,Weekly,emailAlert
during the period a total of cclass and mclass flares were recorded,Weekly,emailAlert
in addition to regions  and  cclass activity was also observed from regions s l classarea dki on sep and n l classarea dro on sep,Weekly,emailAlert
numerous cme signatures off of both limbs were observed in coronagraph imagery throughout the week but none were determined to have earthdirected components,Weekly,emailAlert
no proton events were observed at geosynchronous orbit although the mev proton flux was slightly elevated above background levels,Weekly,emailAlert
the greater than mev electron flux at geosynchronous orbit was at normal to moderate levels on  sep and high levels on sep with a peak flux of  pfu observed at utc,Weekly,emailAlert
geomagnetic field activity mostly ranged from quiet to unsettled levels with an isolated active period early on september,Weekly,emailAlert
quiet to unsettled periods were observed on  september under weak diminishing negative polarity coronal hole high stream influence,Weekly,emailAlert
quiet levels were observed on and september with the exception of an isolated unsettled period late on september,Weekly,emailAlert
unsettled to isolated active conditions persisted on and september under weak positive polarity coronal hole high speed stream influence,Weekly,emailAlert
space weather outlook september  october solar activity is expected to be low with a chance for mclass rr minor to moderate flare activity on september to october and from  october due to current active regions on the visible disk and returning active regions,Weekly,emailAlert
no proton events are expected at geosynchronous orbit,Weekly,emailAlert
the greater than mev electron flux at geosynchronous orbit is expected to reach high levels on  september  october and october in response to ch hss influences,Weekly,emailAlert
geomagnetic field activity is expected to be at unsettled levels on  september  october  october with active levels possible on  october and  october,Weekly,emailAlert
gg minormoderate levels are possible on  october as well,Weekly,emailAlert
this enhanced activity is due to ch hss influences,Weekly,emailAlert
solar activity ranged from very low to low levels on  aug with a majority of the flare activity originating from region s l classarea dko on aug,Weekly,emailAlert
activity levels picked up on aug with weak mclass rminor activity recorded from regions s l classarea dkc on aug and s l classarea eki on aug,Weekly,emailAlert
a further increase in activity was observed on aug with moderate flaring rmoderate from region in the form of an mb flare at utc,Weekly,emailAlert
aug saw mclass flares from reg  the largest an msf at utc with associated type ii  kms and type iv sweeps and a sfu cm burst,Weekly,emailAlert
rmoderate flare activity was then observed on aug in the form of an msf at utc,Weekly,emailAlert
associated with this event was a type iv sweep and a sfu cm burst,Weekly,emailAlert
throughout the later half of the highlight period a variety of cmes were seen lifting off the sw limb as observed in lasco and stereo coronagraph imagery,Weekly,emailAlert
initial analysis and model output all suggested weak glancing blow effects if any on  aug the greater than mev at pfu protons reached event levels sminor this period as a result of a long duration msn flare from rgn observed at utc,Weekly,emailAlert
the proton event started at utc peaked at utc ,Weekly,emailAlert
pfu and ended at utc,Weekly,emailAlert
proton background levels remained elevated at the the end of the highlight period,Weekly,emailAlert
the greater than mev electron flux at geosynchronous orbit was at high levels on  aug with a maximum flux reading of  pfu at utc,Weekly,emailAlert
normal to moderate levels were observed on aug geomagnetic field activity was at quiet to unsettled levels through midday on aug under a nominal wind environment,Weekly,emailAlert
unsettled to active levels were observed from midday on the th through midday on the th due to an enhanced total field to nt and increased wind speeds to about kms all due to a weak negative polarity ch hss,Weekly,emailAlert
space weather outlook august  september solar activity is expected to be at mostly very low to low levels with a chance for rr minormoderate flare activity through sep after rgn departs and again from  sep due to the return of old rgns and ,Weekly,emailAlert
mostly very low to low flare activity is expected on  sep the is a slight chance for a proton event on aug and from  sep after the return of old rgn ,Weekly,emailAlert
the greater than mev electron flux at geosynchronous orbit is expected to be at moderate to solar activity reached moderate levels due to a long duration m flare observed at utc from region n l classarea ekc on jan,Weekly,emailAlert
associated with this event was a cm  sfu radio event and assymetric full halo cme first visible in lasco c imagery at utc,Weekly,emailAlert
forecaster analysiswsa enlil modeling determined this cme to arrive at earth late on feb region also produced numerous  cclass flares,Weekly,emailAlert
regions s l classarea cso on jan and n l classarea are unkown due to foreshortening at the east limb also produced cclass activity during the period,Weekly,emailAlert
no proton events were observed at geosynchronous orbit during the highlight period,Weekly,emailAlert
the greater than mev electron flux at geosynchronous orbit reached high levels on jan due to recurrent ch hss influences,Weekly,emailAlert
normal to moderate levels were observed on  jan geomagnetic field activity reached active levels on  jan due to influences from a positive polarity ch hss,Weekly,emailAlert
quiet to unsettled levels were observed on  and jan space weather outlook january  february solar activity is expected to be at very low to low levels with a chance for islolated mclass flares on jan  feb due to the flare potential from region n l classarea ekc on jan,Weekly,emailAlert
very low to low levels are expected on  feb as region rotates to the far side of the disk,Weekly,emailAlert
there is a slight chance for a proton event at geosynchronous orbit while region is on the visible disk  jan  feb,Weekly,emailAlert
no proton events are otherwise expected during the outlook period,Weekly,emailAlert
the greater than mev electron flux at geosynchronous orbit is expected to reach high levels on  feb  feb and  feb all due to influences from recurrent ch hss activity,Weekly,emailAlert
normal to moderate levels are expected for the remainder of the outlook period,Weekly,emailAlert
geomagnetic field activity is expected to reach gg minormoderate storm levels on feb due to the anticipated arrival of the full halo cme from jan active to g levels are expected on feb due to influences from a recurrent ch hss,Weekly,emailAlert
active levels are expected on    and feb all due to recurrent ch hss activity,Weekly,emailAlert
quiet to unsettled levels are expected on the remaining days of the period,Weekly,emailAlert
solar activity was at low to high levels during the period,Weekly,emailAlert
numerous cclass flares were observed from regions s l classarea dao on feb n l classarea fki on feb and n l classarea dki on feb,Weekly,emailAlert
feb experienced rr minormoderate activity with mclass activity from region to include an m observed at utc,Weekly,emailAlert
r minor levels occurred on feb from region and s l classarea dki on feb,Weekly,emailAlert
feb witnessed six total r minor flares from regions and ,Weekly,emailAlert
of note was an msf at utc from region with associated type ii  kms and type iv radio emissions and an m from region at utc with associated type ii  kms and type iv radio emissions,Weekly,emailAlert
feb saw five total r minor flares from regions n l classarea dao on feb s l class area cso on feb and ,Weekly,emailAlert
at utc region produced an mn with associated type ii  kms and type iv radio emissions,Weekly,emailAlert
r minor levels were reached on feb from regions   and n l classarea dao on feb,Weekly,emailAlert
r strong levels were observed at utc from region when the region produced an xb flare,Weekly,emailAlert
the highlight period ended on feb with r minor flare activity from regions and ,Weekly,emailAlert
the flare and dsf activity during the week produced numrous cmes but most were detected to be earth misses,Weekly,emailAlert
the lone exception was from cme activity from events that took place on the sun over  feb no proton events were observed at geosynchronous orbit,Weekly,emailAlert
the greater than mev electron flux at geosynchronous orbit was at normal to moderate levels on  and feb high levels were observed on  feb and feb with a peak flux of  pfu observed at utc,Weekly,emailAlert
geomagnetic field activity was at primarly unsettled to active levels with a single g minor minor storm reading late on feb activity was mostly associated with negative polarity ch hss influence,Weekly,emailAlert
space weather outlook february  march solar activity is expected to be at low to mclass flare activity rr minormoderate levels throughout the outlook period,Weekly,emailAlert
no proton events are expected at geosynchronous orbit,Weekly,emailAlert
however a chance for a proton event exists throughout the period from the more complex magnetically active regions,Weekly,emailAlert
the greater than mev electron flux at geosynchronous orbit is expected to be at high levels on  feb and  mar,Weekly,emailAlert
normal to moderate levels are expected on feb  mar,Weekly,emailAlert
solar activity was at low to high levels during the period,Weekly,emailAlert
mclass rminor activity was predominate during  feb with weak mclass flares observed from regions n l classarea fki on feb n l classarea dki on feb and n l classarea dko on feb,Weekly,emailAlert
the largest of these events was a long duration m from region at utc,Weekly,emailAlert
this region also produced an m at utc wth an associated type ii radio sweep  kms and a projected glancing blow cme,Weekly,emailAlert
x flare activity was present on feb when region produced a long duration xb rstrong event at utc,Weekly,emailAlert
associated with this flare was a fast type ii sweep  kms and an associated assumetric halo cme,Weekly,emailAlert
 feb witnessed cclass activity during those two days,Weekly,emailAlert
no proton events were observed at geosynchronous orbit,Weekly,emailAlert
the greater than mev electron flux at geosynchronous orbit was at high levels on  feb with a maximum flux of  pfu observed at utc,Weekly,emailAlert
normal to moderate levels were present on  feb geomagnetic field activity generally ranged from quiet to active levels with some isolated minor storm periods gminor,Weekly,emailAlert
quiet conditions persisted through feb quiet to unsettled levels were observed on feb increasing to unsettled to gminor levels on  feb all due to cme effects,Weekly,emailAlert
quiet to unsettled levels were present on feb due to weak positive polarity ch hss effects,Weekly,emailAlert
mostly quiet levels persisted on  feb space weather outlook february  march solar activity is expected to be at low to mclass flare activity rr minormoderate levels throughout the outlook period,Weekly,emailAlert
no proton events are expected at geosynchronous orbit,Weekly,emailAlert
however a chance for a proton event exists throughout the period from the more complex magnetically active regions,Weekly,emailAlert
the greater than mev electron flux at geosynchronous orbit is expected to be at high levels on  mar,Weekly,emailAlert
normal to moderate levels are expected on feb mar and  mar,Weekly,emailAlert
geomagnetic field activity is expected to range from quiet to minor storm levels gminor,Weekly,emailAlert
active to gminor levels are expected on  feb due to cme effects,Weekly,emailAlert
unsettled to active conditions are expected on  and  feb   and  mar due to ch hss effects,Weekly,emailAlert
solar activity ranged from low to moderate,Weekly,emailAlert
region s l classareadko on aug produced the strongest flare of the period a longduration mn at utc,Weekly,emailAlert
lower mclass xray flares r  minor were observed from region n l classareaeso on aug and an area around the e limb,Weekly,emailAlert
the remaining active regions were relatively simple,Weekly,emailAlert
other activity included a type ii radio sweep on aug which was associated with activity just past the suns visible disk,Weekly,emailAlert
none of the cmes observed in available coronagraph imagery appeared to on the sunearth line,Weekly,emailAlert
no proton events were observed at geosynchronous orbit,Weekly,emailAlert
the greater than mev electron flux at geosynchronous orbit was low to moderate levels over the reporting period,Weekly,emailAlert
geomagnetic field activity ranged from quiet to active conditions,Weekly,emailAlert
a single period of active conditions were observed aug due to a period of sustained bz south that reached  nt,Weekly,emailAlert
only quiet to unsettled conditions were observed for the remainder of the reporting period,Weekly,emailAlert
space weather outlook august  september solar activity is expected to be at low levels with a slight chance for mclass rr minormoderate activity throughout the outlook period,Weekly,emailAlert
no proton events are expected at geosynchronous orbit,Weekly,emailAlert
the greater than mev electron flux at geosynchronous orbit is expected reach high levels on  sep due to recurrent ch hss influence,Weekly,emailAlert
the remaining days are likely to be at background to moderate levels,Weekly,emailAlert
geomagnetic field activity is expected to range from quiet to active levels,Weekly,emailAlert
active conditions are likely on sep with unsettled conditions likely on  aug  sep  sep and sep all elevations in geomagnetic activity are anticipated due to recurrent ch hss features,Weekly,emailAlert
the remainder of the outlook period is expected to be at quiet levels,Weekly,emailAlert
solar activity ranged from low to high levels this period with regions s l classareafsi on dec and n l classareaeai on dec being the primary sources of flare activity,Weekly,emailAlert
the largest event observed was an mb flare rmoderate at utc from region ,Weekly,emailAlert
in addition to the m event region produced four r minor events over  dec region produced five r minor events over  dec despite the flare activity and a number of filament eruptions observed throughout the week no earthdirected cmes were detected,Weekly,emailAlert
no proton events were observed at geosynchronous orbit,Weekly,emailAlert
the greater than mev electron flux at geosynchronous orbit reached high levels  dec with normal to moderate levels observed on  and dec geomagnetic field activity was at quiet to unsettled levels over  dec due to a combination of weak cme from dec influences on  dec and negative polarity ch hss influences on  dec quiet conditions and a background solar wind environment prevailed over  dec space weather outlook december  january solar activity is likely to reach moderate to high levels on  dec due to the flare potential of regions and ,Weekly,emailAlert
solar activity is expected to be low with a chance for rr minormoderate flare events throughout the remainder of the outlook period,Weekly,emailAlert
no proton events are expected at geosynchronous orbit,Weekly,emailAlert
the greater than mev electron flux at geosynchronous orbit is expected to be at normal to moderate levels throughout the period,Weekly,emailAlert
geomagnetic field activity is expected to be quiet and unsettled over  dec due to positive polarity ch hss influences,Weekly,emailAlert
quiet to unsettled levels are expected over  dec with active conditions likely on dec and g minor storms likely on dec due to positive polarity ch hss influences,Weekly,emailAlert
g minor storms are likely on dec with active conditions likely on dec due to positive polarity ch hss effects,Weekly,emailAlert
quiet to unsettled levels are expected on dec jan with active conditions likely on jan due to negative polarity ch hss influences,Weekly,emailAlert
quiet levels and background solar wind conditions are expected to prevail throughout the remainder of the period,Weekly,emailAlert
solar activity was at low to moderate levels,Weekly,emailAlert
moderate activity rminor was observed from region n l classarea eko on jan on  and jan the largest of these m flares was an m observed at utc,Weekly,emailAlert
this region also produced a total of cclass flares,Weekly,emailAlert
region n l classarea dai on jan produced a total of cclass flares the largest a cn at utc,Weekly,emailAlert
cclass activity was also produced by regions s l classarea dao on dec s l classarea bxo on dec n l classarea dsi on jan and s l classarea dki on jan,Weekly,emailAlert
numerous cme signatures were detected during the period but none were determined to have an earthdirected component,Weekly,emailAlert
the mev protons at geosynchronous orbit was above threshold during this period,Weekly,emailAlert
the event began at utc reached a maximum of pfu at utc and ended at utc,Weekly,emailAlert
this event was related to the x event observed from region on dec ,Weekly,emailAlert
the greater than mev electron flux at geosynchronous orbit was at low to moderate levels,Weekly,emailAlert
geomagnetic field activity was at unsettled to isolated active levels on  jan due to negative polarity ch hss influence and weak cme influence the last half of jan mostly quiet levels were observed on  jan the solar wind field was at slightly enhanced levels on  jan during this period total field readings peaked at nt the bz component varied between  nt and wind speeds reached maximum speeds of near kms,Weekly,emailAlert
from  jan wind parameters were at mostly background levels,Weekly,emailAlert
the phi orientation was in a mostly negative orientation through about utc when the field oriented into a mostly positive direction,Weekly,emailAlert
space weather outlook january  february solar activity is expected to be low with a chance for mclass rrminormoderate flares and a slight chance for xclass rstrong flares from  jan  jan and  feb low activity is expected on jan a slight chance for proton events exists at geosynchronous orbit through the period,Weekly,emailAlert
the greater than mev electron flux at geosynchronous orbit is expected to be at moderate to high levels on  jan low to moderate levels are expected on jan  jan and  feb geomagnetic field activity is expected to be at unsettled periods on  jan and  jan due to geoeffective ch hss flow,Weekly,emailAlert
the remainder of the outlook period is likely to be mostly quiet,Weekly,emailAlert
solar activity reached moderate levels on  jun,Weekly,emailAlert
the largest flare was an m flare from region s l classareaeao at utc,Weekly,emailAlert
other m flares were observed from regions s l classareaekc s l classareadai and s l classareafai,Weekly,emailAlert
solar activity was at low levels for  jun with only cclass flares observed,Weekly,emailAlert
other notable activity included an approximately degree filament erupted late on jun centered near sw no proton events were observed at geosynchronous orbit,Weekly,emailAlert
the greater than mev electron flux at geosynchronous orbit was at normal to moderate levels,Weekly,emailAlert
geomagnetic field activity was reached g severe storm levels on jun due to the arrival of a cme that lifted off the sun on jun,Weekly,emailAlert
total field strengeth reached nt and the bz component reached  nt,Weekly,emailAlert
solar wind speeds increased steadily from near kms to approximately kms,Weekly,emailAlert
active levels were reached early on jun due to continued cme influences,Weekly,emailAlert
quiet to unsettled levels were observed on  jun and jun,Weekly,emailAlert
space weather outlook july  july solar activity is expected to be low levels with occasional mclass flares for the duration of the period,Weekly,emailAlert
no proton events are expected at geosynchronous orbit,Weekly,emailAlert
the greater than mev electron flux at geosynchronous orbit is expected to be at moderate levels from  jul,Weekly,emailAlert
geomagnetic field activity is expected to be at unsettled to active levels on  jul due to possible glancing influences from multiple cmes,Weekly,emailAlert
unsettled to active levels are expected on  jul due to influence from a recurrent positive polarity coronal hole high speed stream ch hss,Weekly,emailAlert
quiet to unsettled levels are expected on  jul and  jul,Weekly,emailAlert
solar activity ranged from low to high levels,Weekly,emailAlert
region s l classareadao on jun produced the strongest event of the period an impulsive mb flare rmoderate at utc,Weekly,emailAlert
region s l classareadao on jun also produced an r event with an impulsive mb flare at utc,Weekly,emailAlert
other lowlevel mclass rminor events were observed from various regions throughout the week,Weekly,emailAlert
no earthdirected cmes were identified with any of the flare events,Weekly,emailAlert
other activity included a typeii radio sweep on jun and an additional typeii radio sweep on jun,Weekly,emailAlert
both radio sweeps were associated with eruptive activity that was not on the sunearth line,Weekly,emailAlert
no proton events were observed at geosynchronous orbit,Weekly,emailAlert
the greater than mev electron flux at geosynchronous orbit was at normal to moderate levels throughout the summary period,Weekly,emailAlert
no significant geomagnetic field activity was observed during the summary period,Weekly,emailAlert
quiet to unsettled levels throughout week,Weekly,emailAlert
solar wind conditions were influenced by the onset of a postive polarity ch hss which increased wind speeds to peak near kms on jun,Weekly,emailAlert
wind speeds then steadily decreased to a low of kms late on jun,Weekly,emailAlert
a weak transient feature was observed on jun with a southward bz of  nt observed but combined with the slow wind speeds only unsettled levels were observed,Weekly,emailAlert
space weather outlook june  july solar activity is likely to reach moderate on  jun due primarily to the flare potential from active regions near the west limb,Weekly,emailAlert
a decrease to low levels with a slight chance for mclass activity rrminormoderate is likely from jun  july,Weekly,emailAlert
no proton events are expected at geosynchronous orbit,Weekly,emailAlert
the greater than mev electron flux at geosynchronous orbit is expected to be at low to moderate levels throughout the outlook period,Weekly,emailAlert
geomagnetic field activity is expected to reach unsettled levels on jun  jul and jul due to anticipated influence from multiple recurrent ch hsss,Weekly,emailAlert
the remainder of the outlook period is likely to be at mostly quiet levels,Weekly,emailAlert
solar activity was at high levels throughout the period,Weekly,emailAlert
a total of mflares  rminor events rmoderate events and one xflare rstrong event were observed during the course of the week from unique regions,Weekly,emailAlert
the largest event was an impulsive xb flare at utc with associated sfu tenflare and kms typeii sweep from region ,Weekly,emailAlert
no proton events were observed at geosynchronous orbit,Weekly,emailAlert
the greater than mev electron flux at geosynchronous orbit was at normal to moderate levels,Weekly,emailAlert
geomagnetic field activity reached g minor storm levels on jul aug due to the arrival and passage of multiple cmes that left the sun over  jul,Weekly,emailAlert
gg minorstrong storm periods were observed on aug following the arrival of a cme that left the sun on aug quiet and quiet to unsettled levels were observed throughout the remainder of the period,Weekly,emailAlert
space weather outlook august  august solar activity is expected to be at moderate to high levels throughout the outlook period,Weekly,emailAlert
mclass flares are expected with a chance for xclass flares through aug there is a slight chance for s minor solar radiation storms throughout the outlook period,Weekly,emailAlert
the greater than mev electron flux at geosynchronous orbit is expected to be at normal to moderate levels,Weekly,emailAlert
an isolated period of g minor storms are possible on aug due to waning cme influences,Weekly,emailAlert
geomagnetic field activity is expected to be mostly quiet and quiet to unsettled over  aug solar activity ranged from low to moderate levels rminor,Weekly,emailAlert
moderate levels were observed on jan from region s l classarea eai on jan with an msf observed at utc,Weekly,emailAlert
this flare also produced a type ii sweep with an estimated shock velocity of kms,Weekly,emailAlert
region s l classarea fkc on jan produced an mf at utc with a type ii sweep with an estimated shock velocity of kms,Weekly,emailAlert
this region also produced an mf flare at utc,Weekly,emailAlert
all other active regions were either quiet or contributed only cclass events,Weekly,emailAlert
potential earthdirected cmes were observed on and jan no proton events were observed at geosynchronous orbits,Weekly,emailAlert
the greater than mev electron flux at geosynchronous orbit reached high levels on  anmd jan normal to moderate levels were observed on and  jan geomagnetic field activity was at quiet to active levels,Weekly,emailAlert
isolated active period were reached on jan with unsettled levels observed on  jan quiet levels were observed on  jan all elevations in geomagnetic activity were attributed to influence from multiple negative polarity ch hsss,Weekly,emailAlert
space weather outlook january  february solar activity ranged from low to moderate levels rminor,Weekly,emailAlert
moderate levels were observed on jan from region s l classarea eai on jan with an msf observed at utc,Weekly,emailAlert
this flare also produced a type ii sweep with an estimated shock velocity of kms,Weekly,emailAlert
region s l classarea fkc on jan produced an mf at utc with a type ii sweep with an estimated shock velocity of kms,Weekly,emailAlert
this region also produced an mf flare at utc,Weekly,emailAlert
all other active regions were either quiet or contributed only cclass events,Weekly,emailAlert
potential earthdirected cmes were observed on and jan no proton events were observed at geosynchronous orbits,Weekly,emailAlert
the greater than mev electron flux at geosynchronous orbit reached high levels on  anmd jan normal to moderate levels were observed on and  jan geomagnetic field activity was at quiet to active levels,Weekly,emailAlert
isolated active period were reached on jan with unsettled levels observed on  jan quiet levels were observed on  jan all elevations in geomagnetic activity were attributed to influence from multiple negative polarity ch hsss,Weekly,emailAlert
pre stylecolor rgb   overflowwrap breakword textwrapmode wrap pre solar activity reached high levels,Weekly,emailAlert
region n l classareaekc on feb was the most active region on the disk,Weekly,emailAlert
ar produced an m flare at utc the largest event of the period in addition to several r and r events throughout the course of the week,Weekly,emailAlert
no earthdirected cmes were observed,Weekly,emailAlert
no proton events were observed at geosynchronous orbit,Weekly,emailAlert
the greater than mev electron flux at geosynchronous orbit was at normal to moderate levels throughout the week,Weekly,emailAlert
geomagnetic field activity reached active levels on feb and g minor levels on feb due to a ssbc followed by the onset of negative polarity ch hss influences,Weekly,emailAlert
quiet and quiet to unsettled conditions were observed throughout the remainder of the period,Weekly,emailAlert
space weather outlook february  march solar activity is likely to reach moderate to high levels throughout the period,Weekly,emailAlert
rr minormoderate events are likely with a slight chance for r or greater events,Weekly,emailAlert
no proton events are expected at geosynchronous orbit barring significant flare activity,Weekly,emailAlert
the greater than mev electron flux at geosynchronous orbit is expected to be at normal to moderate levels,Weekly,emailAlert
geomagnetic field activity is expected to reach g minor storm levels on   and feb and active levels are expected on  feb and mar due to ch hss influences,Weekly,emailAlert
quiet and quiet to unsettled conditions are likely to prevail throughout the remainder of the period,Weekly,emailAlert
solar activity ranged from low to moderate levels rmoderate,Weekly,emailAlert
minor rminor levels were observed on  jan jan and  feb moderate rmoderate levels were observed on jan and feb region n l classarea ekc on feb produced cclass flares and mclass flares the largest an m at utc,Weekly,emailAlert
region n l classarea cao on feb produced cclass flares and mclass flares the largest an m at utc,Weekly,emailAlert
region n l classarea dai on feb produced cclass flares and mclass flare the largest an mn at utc,Weekly,emailAlert
associated with this event was a pfu cm burst and a kms type ii sweep,Weekly,emailAlert
region n l classarea dsi on feb produced cclass flares and mclass flares the largest an m at utc,Weekly,emailAlert
all other active regions were either quiet or contributed cclass events,Weekly,emailAlert
potential earthdirected cmes were observed on and jan no proton events were observed at geosynchronous orbit,Weekly,emailAlert
the greater than mev electron flux at geosynchronous orbit was at high levels on feb with a maximum flux of  pfu at utc,Weekly,emailAlert
normal to moderate levels were observed on  jan and feb geomagnetic field activity was at quiet to active levels,Weekly,emailAlert
unsettled to active levels were observed on  jan due to weak cme effects,Weekly,emailAlert
mostly quiet levels were observed on  jan unsettled to active levels were observed on  feb due to positive polarity ch hss effects,Weekly,emailAlert
solar wind parameters were slightly enhanced on  jan due to weak cme effects,Weekly,emailAlert
greater enhancements were observed on  feb with total field at highs of nt and the bz component reaching  nt at times,Weekly,emailAlert
wind speeds increased from about kms to about kms late on feb space weather outlook february  march solar activity is expected to be at rr minormoderate levels throughout a majority of the outlook period all due to numerous significant solar regions expected on the solar disk,Weekly,emailAlert
no proton events are expected at geosynchronous orbit,Weekly,emailAlert
the greater than mev electron flux at geosynchronous orbit is expected to be at high levels on  feb  feb  feb and mar all due to ch hss effects,Weekly,emailAlert
normal to moderate levels are expected on  feb and  feb geomagnetic field activity is expected to be at unsettled to active levels on  feb due to a combination of positive polarity ch hss and weak cme effects,Weekly,emailAlert
unsettled to active levels are solar activity ranged from low to high levels rrminormoderate,Weekly,emailAlert
high levels were observed on jan following an m r flare at utc from region n l classareadki on jan,Weekly,emailAlert
the region also produced ten r minor events over  jan region s l classareaeki also produced an m r flare at utc,Weekly,emailAlert
all other active regions were either quiet to contributed only cclass events,Weekly,emailAlert
no earthdirected cmes were observed in available coronagraph imagery,Weekly,emailAlert
no proton events were observed at geosynchronous orbit,Weekly,emailAlert
the greater than mev electron flux at geosynchronous orbit was normal to moderate levels,Weekly,emailAlert
geomagnetic field activity was at quiet to active levels,Weekly,emailAlert
active conditions were reached on jan jan jan and jan unsettled to quiet conditions were observed for the remainder of the summary period,Weekly,emailAlert
all elevations in geomagnetic activity were attributed to influence from multiple negative polarity ch hsss,Weekly,emailAlert
space weather outlook january  february solar activity is likely to reach moderate levels rrminormoderate with a chance for high levels of activity up to rstrong throughout the outlook period,Weekly,emailAlert
this potential is driven primarily by regions n l classareadki on jan and s l classareaeki on jan on the earthfacing side of the sun as well as multiple regions on the suns farside that are due to rotated back onto the visible disk later during the outlook period,Weekly,emailAlert
there is a slight chance for proton events of s or greater at geosynchronous orbit due primarily to the flare potential from regions and over  jan the greater than mev electron flux at geosynchronous orbit is likely to be at high levels on  feb due to recurrent ch hss activity,Weekly,emailAlert
the remainder of the outlook period is expected to be at normal to moderate levels,Weekly,emailAlert
geomagnetic field activity is expected to be at quiet to g minor geomagnetic storm levels,Weekly,emailAlert
g conditions are likely on jan  feb feb and feb active conditions are likely on jan  feb feb feb and  feb unsettle levels are likely over jan feb and feb all elevations in geomagnetic activity are anticipated due to multiple recurrent ch hsss,Weekly,emailAlert
the remainder of the outlook period is expected to be at mostly quiet levels,Weekly,emailAlert
