Document,Word,DocumentIndex,WordIndex,TfidfValue
Academic Articles,future space,0,5433,0.334420146669123
Academic Articles,space weather,0,12586,0.6557978714396121
Academic Articles,weather research,0,14831,0.29256852863789257
Academic Articles,research infrastructure,0,11264,0.3475346622247749
Academic Articles,infrastructure national,0,6540,0.22294676444608202
Academic Articles,national reserved,0,8381,0.21420375407564743
Academic Articles,reserved preface,0,11327,0.004371505185217294
Academic Articles,preface space,0,10137,0.004371505185217294
Academic Articles,weather solar,0,14848,0.006649284741770285
Academic Articles,solar space,0,12389,0.009973927112655427
Academic Articles,space upper,0,12585,0.006557257777825942
Academic Articles,upper atmosphere,0,14281,0.01496089066898314
Academic Articles,atmosphere affect,0,1006,0.004371505185217294
Academic Articles,affect technological,0,433,0.002185752592608647
Academic Articles,technological human,0,13552,0.002185752592608647
Academic Articles,human life,0,6115,0.002185752592608647
Academic Articles,life endeavor,0,7279,0.002185752592608647
Academic Articles,endeavor affecting,0,3986,0.002185752592608647
Academic Articles,affecting technological,0,443,0.002185752592608647
Academic Articles,technological space,0,13555,0.0016623211854425713
Academic Articles,weather disrupt,0,14684,0.0016623211854425713
Academic Articles,disrupt radio,0,3466,0.0016623211854425713
Academic Articles,radio navigational,0,10727,0.002185752592608647
Academic Articles,navigational satellite,0,8415,0.002185752592608647
Academic Articles,satellite timing,0,11599,0.002185752592608647
Academic Articles,timing electric,0,13841,0.002185752592608647
Academic Articles,electric power,0,3859,0.011636248298098001
Academic Articles,power delivery,0,10042,0.002185752592608647
Academic Articles,delivery socioeconomic,0,3161,0.002185752592608647
Academic Articles,socioeconomic effect,0,12267,0.002185752592608647
Academic Articles,effect resulting,0,3766,0.002185752592608647
Academic Articles,resulting space,0,11405,0.002185752592608647
Academic Articles,weather health,0,14733,0.002185752592608647
Academic Articles,health risk,0,5915,0.002185752592608647
Academic Articles,risk flight,0,11458,0.002185752592608647
Academic Articles,flight recent,0,5029,0.002185752592608647
Academic Articles,recent executive,0,10887,0.002185752592608647
Academic Articles,executive legislative,0,4457,0.002185752592608647
Academic Articles,legislative worked,0,7248,0.002185752592608647
Academic Articles,worked toward,0,15225,0.002185752592608647
Academic Articles,toward space,0,13910,0.002185752592608647
Academic Articles,weather strengthening,0,14861,0.002185752592608647
Academic Articles,strengthening infrastructure,0,13017,0.002185752592608647
Academic Articles,infrastructure security,0,6558,0.0016623211854425713
Academic Articles,security economy,0,11841,0.002185752592608647
Academic Articles,economy white,0,3705,0.002185752592608647
Academic Articles,white house,0,15015,0.004371505185217294
Academic Articles,house national,0,6055,0.002185752592608647
Academic Articles,national space,0,8387,0.018285533039868285
Academic Articles,weather strategy,0,14860,0.008311605927212857
Academic Articles,strategy action,0,12977,0.008311605927212857
Academic Articles,action plan,0,138,0.009973927112655427
Academic Articles,plan strategic,0,9758,0.002185752592608647
Academic Articles,strategic nation,0,12969,0.002185752592608647
Academic Articles,nation provided,0,8365,0.002185752592608647
Academic Articles,provided guidance,0,10509,0.002185752592608647
Academic Articles,guidance space,0,5877,0.002185752592608647
Academic Articles,research mitigation,0,11275,0.017486020740869176
Academic Articles,mitigation law,0,8094,0.002185752592608647
Academic Articles,law research,0,7177,0.002185752592608647
Academic Articles,research act,0,11217,0.008743010370434588
Academic Articles,act act,0,123,0.002185752592608647
Academic Articles,act sap,0,131,0.002185752592608647
Academic Articles,sap relevant,0,11548,0.002185752592608647
Academic Articles,relevant federal,0,11084,0.004371505185217294
Academic Articles,federal directed,0,4655,0.002185752592608647
Academic Articles,directed transition,0,3368,0.002185752592608647
Academic Articles,transition accurate,0,13979,0.002185752592608647
Academic Articles,accurate space,0,64,0.008311605927212857
Academic Articles,weather national,0,14779,0.01329856948354057
Academic Articles,national national,0,8377,0.006557257777825942
Academic Articles,national aeronautics,0,8367,0.024043278518695116
Academic Articles,aeronautics space,0,414,0.024043278518695116
Academic Articles,space national,0,12544,0.008743010370434588
Academic Articles,national oceanic,0,8378,0.019947854225310854
Academic Articles,oceanic atmospheric,0,9008,0.019947854225310854
Academic Articles,atmospheric administration,0,1050,0.01496089066898314
Academic Articles,administration national,0,378,0.008743010370434588
Academic Articles,national science,0,8384,0.028259460152523713
Academic Articles,science foundation,0,11711,0.01496089066898314
Academic Articles,foundation examine,0,5290,0.004371505185217294
Academic Articles,examine operational,0,4413,0.004371505185217294
Academic Articles,operational research,0,9121,0.004371505185217294
Academic Articles,space administration,0,12494,0.017486020740869176
Academic Articles,administration storm,0,382,0.002185752592608647
Academic Articles,storm space,0,12941,0.004371505185217294
Academic Articles,weather frequently,0,14723,0.002185752592608647
Academic Articles,frequently meteorological,0,5343,0.002185752592608647
Academic Articles,meteorological society,0,7948,0.002185752592608647
Academic Articles,society space,0,12266,0.004371505185217294
Academic Articles,weather order,0,14794,0.002185752592608647
Academic Articles,order subcommittee,0,9209,0.002185752592608647
Academic Articles,subcommittee national,0,13076,0.006557257777825942
Academic Articles,science technology,0,11760,0.010928762963043237
Academic Articles,technology council,0,13560,0.008743010370434588
Academic Articles,council white,0,2554,0.002185752592608647
Academic Articles,house technology,0,6056,0.002185752592608647
Academic Articles,technology policy,0,13567,0.004371505185217294
Academic Articles,policy across,0,9893,0.002185752592608647
Academic Articles,across federal,0,98,0.002185752592608647
Academic Articles,federal government,0,4658,0.0033246423708851425
Academic Articles,government regarding,0,5733,0.002185752592608647
Academic Articles,regarding space,0,10965,0.002185752592608647
Academic Articles,space future,0,12526,0.004371505185217294
Academic Articles,weather enterprise,0,14697,0.008743010370434588
Academic Articles,enterprise potential,0,4118,0.004371505185217294
Academic Articles,potential future,0,10001,0.004371505185217294
Academic Articles,future measure,0,5422,0.002185752592608647
Academic Articles,measure future,0,7865,0.002185752592608647
Academic Articles,future request,0,5428,0.002185752592608647
Academic Articles,request subsequently,0,11168,0.002185752592608647
Academic Articles,subsequently first,0,13084,0.002185752592608647
Academic Articles,first workshop,0,4929,0.002185752592608647
Academic Articles,workshop task,0,15257,0.004371505185217294
Academic Articles,task state,0,13521,0.002185752592608647
Academic Articles,state workshop,0,12793,0.002185752592608647
Academic Articles,workshop weather,0,15260,0.004371505185217294
Academic Articles,weather measurement,0,14772,0.006557257777825942
Academic Articles,measurement continuity,0,7885,0.002185752592608647
Academic Articles,continuity need,0,2383,0.004371505185217294
Academic Articles,need following,0,8481,0.004371505185217294
Academic Articles,following workshop,0,5135,0.002185752592608647
Academic Articles,workshop workshop,0,15261,0.004371505185217294
Academic Articles,workshop research,0,15252,0.004371505185217294
Academic Articles,research agenda,0,11218,0.004371505185217294
Academic Articles,agenda cause,0,467,0.002185752592608647
Academic Articles,cause space,0,1641,0.004371505185217294
Academic Articles,weather specifically,0,14855,0.004371505185217294
Academic Articles,specifically committee,0,12639,0.002185752592608647
Academic Articles,committee examine,0,2021,0.002185752592608647
Academic Articles,examine international,0,4412,0.008743010370434588
Academic Articles,international data,0,6764,0.008743010370434588
Academic Articles,data future,0,2873,0.013114515555651884
Academic Articles,weather review,0,14834,0.008743010370434588
Academic Articles,review research,0,11418,0.008743010370434588
Academic Articles,research consider,0,11235,0.006557257777825942
Academic Articles,consider adequacy,0,2299,0.008743010370434588
Academic Articles,adequacy relevant,0,364,0.008743010370434588
Academic Articles,relevant across,0,11080,0.008743010370434588
Academic Articles,across living,0,104,0.008743010370434588
Academic Articles,living program,0,7444,0.008743010370434588
Academic Articles,program space,0,10379,0.010928762963043237
Academic Articles,weather science,0,14837,0.0459008044447816
Academic Articles,science application,0,11685,0.026229031111303768
Academic Articles,application initiative,0,726,0.008743010370434588
Academic Articles,initiative research,0,6607,0.002185752592608647
Academic Articles,research reaching,0,11293,0.008743010370434588
Academic Articles,reaching consider,0,10840,0.008743010370434588
Academic Articles,consider need,0,2303,0.004371505185217294
Academic Articles,need weather,0,8526,0.006557257777825942
Academic Articles,weather modeling,0,14777,0.010928762963043237
Academic Articles,modeling validation,0,8207,0.03497204148173835
Academic Articles,validation assimilation,0,14375,0.004371505185217294
Academic Articles,assimilation ensemble,0,922,0.006557257777825942
Academic Articles,ensemble consider,0,4094,0.002185752592608647
Academic Articles,consider data,0,2300,0.008743010370434588
Academic Articles,data operational,0,2933,0.006557257777825942
Academic Articles,operational assess,0,9085,0.008743010370434588
Academic Articles,assess value,0,891,0.008743010370434588
Academic Articles,value need,0,14403,0.008743010370434588
Academic Articles,need providing,0,8506,0.002185752592608647
Academic Articles,providing research,0,10525,0.004371505185217294
Academic Articles,research forecasting,0,11253,0.008743010370434588
Academic Articles,forecasting take,0,5252,0.002185752592608647
Academic Articles,take account,0,13483,0.004371505185217294
Academic Articles,account space,0,44,0.004371505185217294
Academic Articles,science gap,0,11714,0.004371505185217294
Academic Articles,gap analysis,0,5448,0.032786288889129704
Academic Articles,analysis space,0,649,0.004986963556327714
Academic Articles,application program,0,729,0.013114515555651884
Academic Articles,program report,0,10376,0.002185752592608647
Academic Articles,report science,0,11152,0.002185752592608647
Academic Articles,science identify,0,11718,0.004371505185217294
Academic Articles,identify key,0,6133,0.004371505185217294
Academic Articles,key research,0,6992,0.006557257777825942
Academic Articles,infrastructure virtually,0,6570,0.002185752592608647
Academic Articles,virtually travel,0,14529,0.002185752592608647
Academic Articles,travel research,0,14004,0.002185752592608647
Academic Articles,research need,0,11279,0.028414783703912417
Academic Articles,need data,0,8472,0.015300268148260531
Academic Articles,data science,0,2980,0.04808655703739023
Academic Articles,science observational,0,11736,0.002185752592608647
Academic Articles,observational modeling,0,8927,0.008743010370434588
Academic Articles,modeling need,0,8189,0.04371505185217295
Academic Articles,need space,0,8515,0.016623211854425713
Academic Articles,research community,0,11232,0.010928762963043237
Academic Articles,community need,0,2093,0.004371505185217294
Academic Articles,need project,0,8505,0.002185752592608647
Academic Articles,project space,0,10391,0.002185752592608647
Academic Articles,weather opera,0,14790,0.004371505185217294
Academic Articles,opera research,0,9073,0.004371505185217294
Academic Articles,infrastructure workshop,0,6574,0.010928762963043237
Academic Articles,workshop pool,0,15246,0.002185752592608647
Academic Articles,pool workshop,0,9905,0.002185752592608647
Academic Articles,workshop provided,0,15249,0.002185752592608647
Academic Articles,provided committee,0,10505,0.002185752592608647
Academic Articles,committee workshop,0,2030,0.002185752592608647
Academic Articles,workshop committee,0,15234,0.002185752592608647
Academic Articles,committee guide,0,2023,0.002185752592608647
Academic Articles,guide workshop,0,5878,0.002185752592608647
Academic Articles,task statement,0,13522,0.002185752592608647
Academic Articles,statement session,0,12796,0.002185752592608647
Academic Articles,session committee,0,11935,0.002185752592608647
Academic Articles,committee present,0,2028,0.002185752592608647
Academic Articles,present around,0,10148,0.002185752592608647
Academic Articles,around workshop,0,861,0.002185752592608647
Academic Articles,workshop agenda,0,15230,0.002185752592608647
Academic Articles,agenda clarity,0,468,0.002185752592608647
Academic Articles,clarity conciseness,0,1834,0.002185752592608647
Academic Articles,conciseness chapter,0,2246,0.002185752592608647
Academic Articles,chapter workshop,0,1797,0.002185752592608647
Academic Articles,workshop provide,0,15248,0.002185752592608647
Academic Articles,provide direct,0,10476,0.002185752592608647
Academic Articles,direct task,0,3361,0.002185752592608647
Academic Articles,task national,0,13517,0.002185752592608647
Academic Articles,national engineering,0,8370,0.019671773333477825
Academic Articles,engineering medicine,0,4041,0.019671773333477825
Academic Articles,medicine future,0,7911,0.006557257777825942
Academic Articles,workshop national,0,15244,0.006557257777825942
Academic Articles,national press,0,8379,0.013114515555651884
Academic Articles,press national,0,10181,0.004371505185217294
Academic Articles,medicine space,0,7913,0.004371505185217294
Academic Articles,workshop future,0,15240,0.004371505185217294
Academic Articles,reserved space,0,11331,0.019671773333477825
Academic Articles,weather operation,0,14791,0.002185752592608647
Academic Articles,operation however,0,9081,0.002185752592608647
Academic Articles,however several,0,6095,0.002185752592608647
Academic Articles,several expressed,0,11965,0.002185752592608647
Academic Articles,expressed need,0,4518,0.002185752592608647
Academic Articles,need advance,0,8460,0.002185752592608647
Academic Articles,advance international,0,385,0.002185752592608647
Academic Articles,international infrastructure,0,6766,0.002185752592608647
Academic Articles,infrastructure finally,0,6521,0.004371505185217294
Academic Articles,finally development,0,4868,0.002185752592608647
Academic Articles,development explicitly,0,3282,0.002185752592608647
Academic Articles,explicitly infrastructure,0,4497,0.002185752592608647
Academic Articles,infrastructure need,0,6541,0.004371505185217294
Academic Articles,need chapter,0,8467,0.002185752592608647
Academic Articles,chapter context,0,1789,0.002185752592608647
Academic Articles,context background,0,2360,0.002185752592608647
Academic Articles,background work,0,1224,0.002185752592608647
Academic Articles,work shop,0,15219,0.002185752592608647
Academic Articles,shop different,0,12034,0.002185752592608647
Academic Articles,different observation,0,3325,0.002185752592608647
Academic Articles,observation key,0,8908,0.002185752592608647
Academic Articles,research sun,0,11304,0.004371505185217294
Academic Articles,sun system,0,13237,0.002185752592608647
Academic Articles,system ground,0,13415,0.004371505185217294
Academic Articles,ground effect,0,5816,0.015300268148260531
Academic Articles,effect respectively,0,3765,0.002185752592608647
Academic Articles,respectively separately,0,11372,0.002185752592608647
Academic Articles,separately final,0,11906,0.002185752592608647
Academic Articles,final cover,0,4854,0.002185752592608647
Academic Articles,cover entire,0,2596,0.002185752592608647
Academic Articles,entire modeling,0,4124,0.002185752592608647
Academic Articles,validation space,0,14392,0.002185752592608647
Academic Articles,community chapter,0,2064,0.002185752592608647
Academic Articles,chapter future,0,1791,0.004371505185217294
Academic Articles,future research,0,5429,0.002185752592608647
Academic Articles,infrastructure chapter,0,6505,0.002185752592608647
Academic Articles,future scale,0,5430,0.002185752592608647
Academic Articles,scale workshop,0,11672,0.002185752592608647
Academic Articles,workshop upcoming,0,15259,0.002185752592608647
Academic Articles,upcoming technological,0,14273,0.002185752592608647
Academic Articles,technological increasingly,0,13553,0.002185752592608647
Academic Articles,increasingly navigation,0,6363,0.002185752592608647
Academic Articles,navigation timing,0,8413,0.002185752592608647
Academic Articles,timing given,0,13842,0.002185752592608647
Academic Articles,given next,0,5607,0.002185752592608647
Academic Articles,next noted,0,8724,0.002185752592608647
Academic Articles,noted following,0,8834,0.002185752592608647
Academic Articles,following national,0,5122,0.002185752592608647
Academic Articles,national workshop,0,8391,0.006557257777825942
Academic Articles,workshop include,0,15241,0.002185752592608647
Academic Articles,include workshop,0,6306,0.002185752592608647
Academic Articles,workshop representation,0,15251,0.002185752592608647
Academic Articles,representation future,0,11163,0.002185752592608647
Academic Articles,national future,0,8372,0.006557257777825942
Academic Articles,workshop chosen,0,15233,0.002185752592608647
Academic Articles,chosen diverse,0,1824,0.002185752592608647
Academic Articles,diverse technical,0,3502,0.002185752592608647
Academic Articles,technical independent,0,13542,0.002185752592608647
Academic Articles,independent provide,0,6365,0.002185752592608647
Academic Articles,provide candid,0,10467,0.002185752592608647
Academic Articles,candid cal,0,1547,0.002185752592608647
Academic Articles,cal assist,0,1532,0.002185752592608647
Academic Articles,assist national,0,939,0.002185752592608647
Academic Articles,engineering institutional,0,4039,0.002185752592608647
Academic Articles,institutional quality,0,6642,0.002185752592608647
Academic Articles,quality objectivity,0,10569,0.002185752592608647
Academic Articles,objectivity evidence,0,8901,0.002185752592608647
Academic Articles,evidence charge,0,4386,0.002185752592608647
Academic Articles,charge review,0,1803,0.002185752592608647
Academic Articles,review draft,0,11417,0.002185752592608647
Academic Articles,draft manuscript,0,3548,0.002185752592608647
Academic Articles,manuscript remain,0,7735,0.002185752592608647
Academic Articles,remain following,0,11106,0.002185752592608647
Academic Articles,following corporation,0,5113,0.002185752592608647
Academic Articles,corporation joe,0,2470,0.002185752592608647
Academic Articles,joe university,0,6939,0.002185752592608647
Academic Articles,university spence,0,14222,0.002185752592608647
Academic Articles,spence although,0,12682,0.002185752592608647
Academic Articles,although listed,0,561,0.002185752592608647
Academic Articles,listed provided,0,7434,0.002185752592608647
Academic Articles,provided many,0,10510,0.002185752592608647
Academic Articles,many constructive,0,7741,0.002185752592608647
Academic Articles,constructive see,0,2348,0.002185752592608647
Academic Articles,see final,0,11854,0.002185752592608647
Academic Articles,final draft,0,4855,0.002185752592608647
Academic Articles,draft release,0,3549,0.002185752592608647
Academic Articles,release nae,0,11074,0.002185752592608647
Academic Articles,nae new,0,8359,0.002185752592608647
Academic Articles,new jersey,0,8652,0.008743010370434588
Academic Articles,jersey responsible,0,6932,0.002185752592608647
Academic Articles,responsible making,0,11387,0.002185752592608647
Academic Articles,making certain,0,7701,0.002185752592608647
Academic Articles,certain carried,0,1724,0.002185752592608647
Academic Articles,carried national,0,1594,0.002185752592608647
Academic Articles,national review,0,8382,0.002185752592608647
Academic Articles,review care,0,11416,0.002185752592608647
Academic Articles,care fully,0,1587,0.002185752592608647
Academic Articles,fully considered,0,5368,0.002185752592608647
Academic Articles,considered responsibility,0,2312,0.002185752592608647
Academic Articles,responsibility final,0,11379,0.002185752592608647
Academic Articles,final content,0,4853,0.002185752592608647
Academic Articles,content entirely,0,2355,0.002185752592608647
Academic Articles,entirely committee,0,4132,0.002185752592608647
Academic Articles,committee national,0,2026,0.002185752592608647
Academic Articles,reserved content,0,11322,0.004371505185217294
Academic Articles,content summary,0,2358,0.002185752592608647
Academic Articles,summary space,0,13159,0.002185752592608647
Academic Articles,weather community,0,14665,0.04152929925956429
Academic Articles,community agency,0,2062,0.002185752592608647
Academic Articles,agency interagency,0,458,0.002185752592608647
Academic Articles,interagency new,0,6717,0.002185752592608647
Academic Articles,new user,0,8701,0.002185752592608647
Academic Articles,user community,0,14356,0.010928762963043237
Academic Articles,community research,0,2104,0.004371505185217294
Academic Articles,research observation,0,11284,0.024043278518695116
Academic Articles,observation modeling,0,8910,0.04152929925956429
Academic Articles,need sun,0,8520,0.015300268148260531
Academic Articles,sun sun,0,13236,0.0033246423708851425
Academic Articles,sun solar,0,13231,0.01496089066898314
Academic Articles,solar wind,0,12407,0.11876654364654393
Academic Articles,wind research,0,15157,0.002185752592608647
Academic Articles,need ionosphere,0,8490,0.008743010370434588
Academic Articles,ionosphere ionosphere,0,6839,0.002185752592608647
Academic Articles,ionosphere coupling,0,6825,0.006557257777825942
Academic Articles,coupling research,0,2584,0.002185752592608647
Academic Articles,need ground,0,8484,0.006557257777825942
Academic Articles,effect research,0,3764,0.002185752592608647
Academic Articles,need observation,0,8499,0.002185752592608647
Academic Articles,need future,0,8482,0.006557257777825942
Academic Articles,content modeling,0,2357,0.002185752592608647
Academic Articles,validation data,0,14381,0.028414783703912417
Academic Articles,science data,0,11700,0.013114515555651884
Academic Articles,data assimilation,0,2805,0.04371505185217295
Academic Articles,assimilation machine,0,927,0.015300268148260531
Academic Articles,machine learning,0,7551,0.04808655703739023
Academic Articles,learning machine,0,7220,0.002185752592608647
Academic Articles,learning validation,0,7227,0.006557257777825942
Academic Articles,data fusion,0,2872,0.024043278518695116
Academic Articles,fusion assimilation,0,5401,0.006557257777825942
Academic Articles,ensemble modeling,0,4104,0.017486020740869176
Academic Articles,modeling data,0,8168,0.021857525926086474
Academic Articles,data model,0,2918,0.015300268148260531
Academic Articles,model curation,0,8115,0.006557257777825942
Academic Articles,curation research,0,2675,0.004371505185217294
Academic Articles,infrastructure sun,0,6565,0.002185752592608647
Academic Articles,sun ionosphere,0,13205,0.004371505185217294
Academic Articles,ionosphere reference,0,6854,0.002185752592608647
Academic Articles,reference staff,0,10946,0.002185752592608647
Academic Articles,staff future,0,12751,0.002185752592608647
Academic Articles,reserved summary,0,11332,0.008743010370434588
Academic Articles,summary national,0,13150,0.002185752592608647
Academic Articles,medicine national,0,7912,0.004371505185217294
Academic Articles,national environmental,0,8371,0.013114515555651884
Academic Articles,environmental satellite,0,4192,0.017486020740869176
Academic Articles,satellite data,0,11558,0.010928762963043237
Academic Articles,data information,0,2888,0.006557257777825942
Academic Articles,information service,0,6481,0.006557257777825942
Academic Articles,service national,0,11927,0.004371505185217294
Academic Articles,infrastructure space,0,6562,0.010928762963043237
Academic Articles,future measurement,0,5423,0.002185752592608647
Academic Articles,measurement future,0,7888,0.002185752592608647
Academic Articles,future workshop,0,5438,0.002185752592608647
Academic Articles,weather measure,0,14771,0.002185752592608647
Academic Articles,measure continuity,0,7864,0.002185752592608647
Academic Articles,need workshop,0,8527,0.004371505185217294
Academic Articles,workshop subsequently,0,15255,0.002185752592608647
Academic Articles,subsequently workshop,0,13087,0.002185752592608647
Academic Articles,agenda scientific,0,469,0.002185752592608647
Academic Articles,scientific cause,0,11771,0.002185752592608647
Academic Articles,space current,0,12506,0.002185752592608647
Academic Articles,current space,0,2722,0.015300268148260531
Academic Articles,weather weather,0,14887,0.0016623211854425713
Academic Articles,community outside,0,2097,0.002185752592608647
Academic Articles,outside federal,0,9271,0.002185752592608647
Academic Articles,government weather,0,5736,0.006557257777825942
Academic Articles,weather program,0,14821,0.017486020740869176
Academic Articles,program division,0,10360,0.008743010370434588
Academic Articles,division newly,0,3511,0.002185752592608647
Academic Articles,newly process,0,8704,0.002185752592608647
Academic Articles,process providing,0,10298,0.002185752592608647
Academic Articles,providing space,0,10527,0.004371505185217294
Academic Articles,weather planetary,0,14802,0.002185752592608647
Academic Articles,planetary ing,0,9775,0.002185752592608647
Academic Articles,ing new,0,6585,0.002185752592608647
Academic Articles,new impact,0,8644,0.002185752592608647
Academic Articles,impact mitigation,0,6179,0.002185752592608647
Academic Articles,mitigation example,0,8088,0.002185752592608647
Academic Articles,example instrument,0,4430,0.002185752592608647
Academic Articles,instrument gateway,0,6648,0.004371505185217294
Academic Articles,gateway make,0,5463,0.004371505185217294
Academic Articles,make space,0,7695,0.006557257777825942
Academic Articles,weather lunar,0,14764,0.002185752592608647
Academic Articles,lunar system,0,7546,0.002185752592608647
Academic Articles,system observatory,0,13429,0.010928762963043237
Academic Articles,observatory basic,0,8943,0.002185752592608647
Academic Articles,basic weather,0,1259,0.002185752592608647
Academic Articles,weather exam,0,14702,0.002185752592608647
Academic Articles,exam coupling,0,4411,0.002185752592608647
Academic Articles,coupling energetics,0,2570,0.002185752592608647
Academic Articles,energetics national,0,4004,0.002185752592608647
Academic Articles,press future,0,10180,0.004371505185217294
Academic Articles,reserved future,0,11323,0.0918016088895632
Academic Articles,infrastructure cedar,0,6504,0.002185752592608647
Academic Articles,cedar environment,0,1652,0.004371505185217294
Academic Articles,environment modeling,0,4155,0.002185752592608647
Academic Articles,modeling gem,0,8179,0.002185752592608647
Academic Articles,gem solar,0,5466,0.004371505185217294
Academic Articles,solar interplanetary,0,12336,0.004371505185217294
Academic Articles,interplanetary environment,0,6776,0.004371505185217294
Academic Articles,environment shine,0,4170,0.004371505185217294
Academic Articles,shine national,0,12018,0.004371505185217294
Academic Articles,national center,0,8368,0.004371505185217294
Academic Articles,center atmospheric,0,1664,0.004371505185217294
Academic Articles,atmospheric research,0,1063,0.017486020740869176
Academic Articles,research directorate,0,11241,0.004371505185217294
Academic Articles,directorate mathematical,0,3388,0.004371505185217294
Academic Articles,mathematical physical,0,7829,0.004371505185217294
Academic Articles,physical national,0,9719,0.002185752592608647
Academic Articles,national solar,0,8386,0.006557257777825942
Academic Articles,solar observatory,0,12357,0.0077456441508615605
Academic Articles,observatory plasma,0,8955,0.002185752592608647
Academic Articles,plasma physic,0,9810,0.008743010370434588
Academic Articles,physic research,0,9699,0.006557257777825942
Academic Articles,research ing,0,11265,0.002185752592608647
Academic Articles,ing solar,0,6588,0.004371505185217294
Academic Articles,solar magnetometer,0,12345,0.004371505185217294
Academic Articles,magnetometer neutron,0,7648,0.002185752592608647
Academic Articles,neutron although,0,8602,0.002185752592608647
Academic Articles,although observing,0,563,0.002185752592608647
Academic Articles,observing space,0,8978,0.002185752592608647
Academic Articles,space priority,0,12557,0.002185752592608647
Academic Articles,priority space,0,10236,0.002185752592608647
Academic Articles,space science,0,12564,0.024043278518695116
Academic Articles,science space,0,11757,0.013114515555651884
Academic Articles,program recently,0,10374,0.004371505185217294
Academic Articles,recently force,0,10902,0.004371505185217294
Academic Articles,force space,0,5143,0.004371505185217294
Academic Articles,space domain,0,12512,0.013114515555651884
Academic Articles,domain awareness,0,3527,0.015300268148260531
Academic Articles,awareness environment,0,1182,0.002185752592608647
Academic Articles,environment system,0,4178,0.004371505185217294
Academic Articles,system reaching,0,13437,0.002185752592608647
Academic Articles,reaching goal,0,10842,0.002185752592608647
Academic Articles,goal involve,0,5698,0.002185752592608647
Academic Articles,involve suite,0,6799,0.002185752592608647
Academic Articles,suite open,0,13135,0.002185752592608647
Academic Articles,open concerning,0,9063,0.002185752592608647
Academic Articles,concerning commercial,0,2237,0.002185752592608647
Academic Articles,commercial space,0,2015,0.010928762963043237
Academic Articles,space traffic,0,12584,0.01496089066898314
Academic Articles,traffic management,0,13939,0.013114515555651884
Academic Articles,management space,0,7724,0.002185752592608647
Academic Articles,weather charter,0,14659,0.004371505185217294
Academic Articles,charter space,0,1810,0.004371505185217294
Academic Articles,weather policy,0,14805,0.006557257777825942
Academic Articles,policy research,0,9903,0.002185752592608647
Academic Articles,research improve,0,11262,0.002185752592608647
Academic Articles,improve weather,0,6251,0.0016623211854425713
Academic Articles,weather sustaining,0,14865,0.002185752592608647
Academic Articles,sustaining fundamental,0,13352,0.002185752592608647
Academic Articles,fundamental providing,0,5378,0.004371505185217294
Academic Articles,providing accurate,0,10517,0.004371505185217294
Academic Articles,accurate forecast,0,56,0.004371505185217294
Academic Articles,forecast scientific,0,5200,0.004371505185217294
Academic Articles,scientific technological,0,11783,0.004371505185217294
Academic Articles,technological supporting,0,13556,0.004371505185217294
Academic Articles,supporting private,0,13289,0.004371505185217294
Academic Articles,private data,0,10237,0.004371505185217294
Academic Articles,data technology,0,3011,0.004371505185217294
Academic Articles,technology new,0,13566,0.002185752592608647
Academic Articles,new paradigm,0,8669,0.004371505185217294
Academic Articles,paradigm operational,0,9356,0.004371505185217294
Academic Articles,operational observing,0,9112,0.004371505185217294
Academic Articles,observing modeling,0,8973,0.004371505185217294
Academic Articles,modeling service,0,8198,0.004371505185217294
Academic Articles,service data,0,11922,0.004371505185217294
Academic Articles,data furthermore,0,2871,0.002185752592608647
Academic Articles,furthermore space,0,5396,0.006557257777825942
Academic Articles,weather recently,0,14829,0.002185752592608647
Academic Articles,recently structure,0,10914,0.002185752592608647
Academic Articles,structure digital,0,13042,0.002185752592608647
Academic Articles,digital environment,0,3347,0.002185752592608647
Academic Articles,environment support,0,4176,0.006557257777825942
Academic Articles,support recently,0,13278,0.002185752592608647
Academic Articles,recently interagency,0,10904,0.002185752592608647
Academic Articles,interagency space,0,6719,0.008743010370434588
Academic Articles,space radiation,0,12559,0.006649284741770285
Academic Articles,radiation environment,0,10659,0.019671773333477825
Academic Articles,environment human,0,4148,0.002185752592608647
Academic Articles,human international,0,6113,0.002185752592608647
Academic Articles,international space,0,6772,0.011636248298098001
Academic Articles,space station,0,12573,0.004986963556327714
Academic Articles,station lunar,0,12797,0.004371505185217294
Academic Articles,lunar data,0,7542,0.002185752592608647
Academic Articles,data repository,0,2969,0.008743010370434588
Academic Articles,repository traffic,0,11162,0.002185752592608647
Academic Articles,traffic space,0,13940,0.002185752592608647
Academic Articles,plan weather,0,9763,0.002185752592608647
Academic Articles,weather space,0,14850,0.028259460152523713
Academic Articles,mitigation policy,0,8095,0.002185752592608647
Academic Articles,policy act,0,9894,0.004371505185217294
Academic Articles,act protect,0,129,0.002185752592608647
Academic Articles,protect social,0,10433,0.002185752592608647
Academic Articles,social economic,0,12255,0.002185752592608647
Academic Articles,economic space,0,3702,0.002185752592608647
Academic Articles,weather interagency,0,14747,0.006557257777825942
Academic Articles,interagency working,0,6722,0.006557257777825942
Academic Articles,working executive,0,15226,0.002185752592608647
Academic Articles,executive branch,0,4456,0.004371505185217294
Academic Articles,branch understanding,0,1467,0.002185752592608647
Academic Articles,understanding weather,0,14154,0.004371505185217294
Academic Articles,weather phenomenon,0,14801,0.010928762963043237
Academic Articles,phenomenon weather,0,9654,0.004371505185217294
Academic Articles,weather advisory,0,14635,0.010928762963043237
Academic Articles,advisory advice,0,407,0.002185752592608647
Academic Articles,advice commercial,0,406,0.006557257777825942
Academic Articles,commercial sector,0,2012,0.006557257777825942
Academic Articles,sector space,0,11838,0.006557257777825942
Academic Articles,weather end,0,14694,0.004371505185217294
Academic Articles,end national,0,3979,0.002185752592608647
Academic Articles,weather council,0,14671,0.004371505185217294
Academic Articles,council help,0,2549,0.002185752592608647
Academic Articles,help support,0,5943,0.002185752592608647
Academic Articles,support communication,0,13261,0.002185752592608647
Academic Articles,communication among,0,2045,0.002185752592608647
Academic Articles,among space,0,604,0.002185752592608647
Academic Articles,weather effort,0,14692,0.004371505185217294
Academic Articles,effort include,0,3809,0.002185752592608647
Academic Articles,include framework,0,6286,0.002185752592608647
Academic Articles,framework activity,0,5316,0.002185752592608647
Academic Articles,activity scale,0,275,0.004371505185217294
Academic Articles,scale hazard,0,11636,0.004371505185217294
Academic Articles,hazard human,0,5907,0.004371505185217294
Academic Articles,human exploration,0,6112,0.004371505185217294
Academic Articles,exploration space,0,4502,0.002185752592608647
Academic Articles,space situational,0,12567,0.006557257777825942
Academic Articles,situational awareness,0,12179,0.004371505185217294
Academic Articles,awareness aviation,0,1180,0.002185752592608647
Academic Articles,aviation intent,0,1162,0.002185752592608647
Academic Articles,intent interagency,0,6689,0.002185752592608647
Academic Articles,weather process,0,14819,0.004371505185217294
Academic Articles,process report,0,10299,0.002185752592608647
Academic Articles,report frequently,0,11148,0.002185752592608647
Academic Articles,frequently term,0,5344,0.002185752592608647
Academic Articles,term space,0,13607,0.004371505185217294
Academic Articles,management however,0,7718,0.002185752592608647
Academic Articles,however use,0,6103,0.002185752592608647
Academic Articles,use space,0,14323,0.006557257777825942
Academic Articles,traffic awareness,0,13932,0.002185752592608647
Academic Articles,awareness space,0,1187,0.004371505185217294
Academic Articles,traffic future,0,13937,0.002185752592608647
Academic Articles,summary sector,0,13157,0.002185752592608647
Academic Articles,sector particularly,0,11836,0.002185752592608647
Academic Articles,particularly electric,0,9423,0.002185752592608647
Academic Articles,power aviation,0,10038,0.004371505185217294
Academic Articles,aviation space,0,1168,0.002185752592608647
Academic Articles,weather making,0,14768,0.002185752592608647
Academic Articles,making example,0,7705,0.002185752592608647
Academic Articles,example north,0,4434,0.002185752592608647
Academic Articles,north electric,0,8778,0.013114515555651884
Academic Articles,electric reliability,0,3860,0.010928762963043237
Academic Articles,reliability corporation,0,11094,0.010928762963043237
Academic Articles,corporation mandatory,0,2472,0.002185752592608647
Academic Articles,mandatory grid,0,7727,0.002185752592608647
Academic Articles,grid risk,0,5802,0.002185752592608647
Academic Articles,risk assessment,0,11456,0.002185752592608647
Academic Articles,assessment mitigation,0,895,0.002185752592608647
Academic Articles,mitigation especially,0,8087,0.002185752592608647
Academic Articles,especially concerning,0,4241,0.002185752592608647
Academic Articles,concerning extreme,0,2239,0.004371505185217294
Academic Articles,extreme thus,0,4553,0.002185752592608647
Academic Articles,thus old,0,13741,0.002185752592608647
Academic Articles,old new,0,9043,0.002185752592608647
Academic Articles,new field,0,8633,0.006557257777825942
Academic Articles,field space,0,4754,0.00129094069181026
Academic Articles,space new,0,12548,0.002185752592608647
Academic Articles,field new,0,4722,0.004371505185217294
Academic Articles,new satellite,0,8687,0.002185752592608647
Academic Articles,satellite mitigate,0,11581,0.002185752592608647
Academic Articles,mitigate space,0,8086,0.004371505185217294
Academic Articles,weather possible,0,14807,0.004371505185217294
Academic Articles,possible forecast,0,9960,0.0016623211854425713
Academic Articles,forecast lead,0,5178,0.006557257777825942
Academic Articles,lead time,0,7189,0.026229031111303768
Academic Articles,time ideally,0,13786,0.002185752592608647
Academic Articles,ideally key,0,6128,0.002185752592608647
Academic Articles,key importance,0,6972,0.002185752592608647
Academic Articles,importance however,0,6199,0.002185752592608647
Academic Articles,however significant,0,6097,0.004371505185217294
Academic Articles,significant objective,0,12093,0.002185752592608647
Academic Articles,objective understand,0,8900,0.002185752592608647
Academic Articles,understand underlie,0,14126,0.002185752592608647
Academic Articles,underlie space,0,14106,0.002185752592608647
Academic Articles,phenomenon intrinsic,0,9645,0.002185752592608647
Academic Articles,intrinsic time,0,6787,0.002185752592608647
Academic Articles,time research,0,13815,0.002185752592608647
Academic Articles,weather natural,0,14780,0.002185752592608647
Academic Articles,natural space,0,8396,0.004371505185217294
Academic Articles,space environment,0,12515,0.006649284741770285
Academic Articles,environment research,0,4168,0.002185752592608647
Academic Articles,research technology,0,11307,0.004371505185217294
Academic Articles,technology risk,0,13571,0.002185752592608647
Academic Articles,risk mitigation,0,11461,0.002185752592608647
Academic Articles,mitigation intersection,0,8093,0.002185752592608647
Academic Articles,intersection applied,0,6785,0.002185752592608647
Academic Articles,applied science,0,735,0.004371505185217294
Academic Articles,weather five,0,14714,0.002185752592608647
Academic Articles,five affecting,0,4932,0.002185752592608647
Academic Articles,affecting radio,0,441,0.002185752592608647
Academic Articles,radio radiation,0,10737,0.004371505185217294
Academic Articles,radiation technology,0,10692,0.002185752592608647
Academic Articles,technology aboard,0,13557,0.002185752592608647
Academic Articles,aboard aircraft,0,7,0.002185752592608647
Academic Articles,aircraft ionospheric,0,495,0.002185752592608647
Academic Articles,ionospheric satellite,0,6888,0.002185752592608647
Academic Articles,satellite communication,0,11555,0.0033246423708851425
Academic Articles,communication navigation,0,2054,0.004371505185217294
Academic Articles,navigation expansion,0,8406,0.002185752592608647
Academic Articles,expansion orbital,0,4474,0.002185752592608647
Academic Articles,orbital collision,0,9204,0.002185752592608647
Academic Articles,collision induced,0,1932,0.002185752592608647
Academic Articles,induced ground,0,6390,0.002185752592608647
Academic Articles,ground reaching,0,5829,0.002185752592608647
Academic Articles,reaching system,0,10847,0.002185752592608647
Academic Articles,system behavior,0,13389,0.002185752592608647
Academic Articles,behavior approach,0,1293,0.002185752592608647
Academic Articles,approach concurrent,0,739,0.004371505185217294
Academic Articles,concurrent combined,0,2248,0.002185752592608647
Academic Articles,combined advanced,0,1938,0.002185752592608647
Academic Articles,advanced data,0,393,0.004371505185217294
Academic Articles,data infrastructure,0,2889,0.010928762963043237
Academic Articles,infrastructure modeling,0,6539,0.002185752592608647
Academic Articles,modeling understand,0,8206,0.002185752592608647
Academic Articles,understand mass,0,14119,0.002185752592608647
Academic Articles,mass key,0,7799,0.002185752592608647
Academic Articles,key time,0,7002,0.002185752592608647
Academic Articles,time travel,0,13827,0.002185752592608647
Academic Articles,travel toward,0,14006,0.004371505185217294
Academic Articles,toward impact,0,13906,0.002185752592608647
Academic Articles,impact earth,0,6173,0.002185752592608647
Academic Articles,earth however,0,3657,0.0016623211854425713
Academic Articles,however current,0,6066,0.004371505185217294
Academic Articles,current infrastructure,0,2698,0.002185752592608647
Academic Articles,infrastructure past,0,6548,0.002185752592608647
Academic Articles,past current,0,9452,0.004371505185217294
Academic Articles,space combined,0,12503,0.002185752592608647
Academic Articles,combined system,0,1952,0.002185752592608647
Academic Articles,observatory system,0,8963,0.002185752592608647
Academic Articles,system strategically,0,13451,0.002185752592608647
Academic Articles,strategically new,0,12974,0.002185752592608647
Academic Articles,new individual,0,8645,0.002185752592608647
Academic Articles,individual science,0,6383,0.004371505185217294
Academic Articles,science science,0,11750,0.006557257777825942
Academic Articles,science basis,0,11687,0.002185752592608647
Academic Articles,basis furthermore,0,1262,0.002185752592608647
Academic Articles,furthermore suffer,0,5397,0.002185752592608647
Academic Articles,suffer since,0,13110,0.002185752592608647
Academic Articles,since science,0,12150,0.002185752592608647
Academic Articles,science simultaneously,0,11754,0.002185752592608647
Academic Articles,simultaneously operational,0,12136,0.002185752592608647
Academic Articles,operational greatly,0,9102,0.002185752592608647
Academic Articles,greatly benefit,0,5785,0.004371505185217294
Academic Articles,benefit international,0,1322,0.002185752592608647
Academic Articles,international collaboration,0,6763,0.002185752592608647
Academic Articles,collaboration necessary,0,1903,0.002185752592608647
Academic Articles,necessary understanding,0,8457,0.002185752592608647
Academic Articles,understanding take,0,14149,0.002185752592608647
Academic Articles,take place,0,13490,0.006557257777825942
Academic Articles,place vast,0,9751,0.002185752592608647
Academic Articles,vast different,0,14474,0.002185752592608647
Academic Articles,different scale,0,3331,0.002185752592608647
Academic Articles,scale technological,0,11667,0.002185752592608647
Academic Articles,technological enable,0,13549,0.004371505185217294
Academic Articles,enable entire,0,3966,0.002185752592608647
Academic Articles,entire system,0,4130,0.004371505185217294
Academic Articles,system however,0,13417,0.002185752592608647
Academic Articles,however require,0,6091,0.004371505185217294
Academic Articles,require substantial,0,11207,0.002185752592608647
Academic Articles,substantial observing,0,13091,0.002185752592608647
Academic Articles,observing robust,0,8975,0.006557257777825942
Academic Articles,robust data,0,11471,0.006557257777825942
Academic Articles,data interpretive,0,2895,0.002185752592608647
Academic Articles,interpretive important,0,6784,0.002185752592608647
Academic Articles,important understanding,0,6230,0.004371505185217294
Academic Articles,understanding extend,0,14132,0.002185752592608647
Academic Articles,extend solar,0,4522,0.002185752592608647
Academic Articles,weather terrestrial,0,14870,0.002185752592608647
Academic Articles,terrestrial perspective,0,13617,0.002185752592608647
Academic Articles,perspective living,0,9621,0.002185752592608647
Academic Articles,living solar,0,7445,0.002185752592608647
Academic Articles,solar physic,0,12365,0.002185752592608647
Academic Articles,physic note,0,9695,0.002185752592608647
Academic Articles,note small,0,8824,0.002185752592608647
Academic Articles,small scale,0,12241,0.004371505185217294
Academic Articles,scale ionospheric,0,11640,0.004371505185217294
Academic Articles,ionospheric scale,0,6889,0.002185752592608647
Academic Articles,scale ranging,0,11655,0.002185752592608647
Academic Articles,ranging earth,0,10791,0.002185752592608647
Academic Articles,earth future,0,3653,0.004371505185217294
Academic Articles,infrastructure inner,0,6529,0.002185752592608647
Academic Articles,inner space,0,6615,0.002185752592608647
Academic Articles,environment geophysical,0,4147,0.002185752592608647
Academic Articles,geophysical private,0,5565,0.004371505185217294
Academic Articles,private sector,0,10242,0.006557257777825942
Academic Articles,sector long,0,11835,0.002185752592608647
Academic Articles,long technological,0,7467,0.002185752592608647
Academic Articles,technological asset,0,13546,0.002185752592608647
Academic Articles,asset extreme,0,901,0.002185752592608647
Academic Articles,extreme rare,0,4548,0.002185752592608647
Academic Articles,rare neither,0,10810,0.002185752592608647
Academic Articles,neither well,0,8561,0.004371505185217294
Academic Articles,well understood,0,14958,0.006557257777825942
Academic Articles,understood well,0,14160,0.002185752592608647
Academic Articles,well currently,0,14930,0.002185752592608647
Academic Articles,currently available,0,2730,0.010928762963043237
Academic Articles,available data,0,1139,0.010928762963043237
Academic Articles,data space,0,2994,0.032786288889129704
Academic Articles,weather pose,0,14806,0.004371505185217294
Academic Articles,pose machine,0,9915,0.002185752592608647
Academic Articles,learning high,0,7216,0.002185752592608647
Academic Articles,high activity,0,5962,0.0016623211854425713
Academic Articles,activity continuous,0,204,0.002185752592608647
Academic Articles,continuous rare,0,2394,0.002185752592608647
Academic Articles,rare space,0,10813,0.004371505185217294
Academic Articles,weather however,0,14735,0.008743010370434588
Academic Articles,however space,0,6099,0.002185752592608647
Academic Articles,atmosphere ground,0,1021,0.004371505185217294
Academic Articles,ground technological,0,5834,0.002185752592608647
Academic Articles,technological following,0,13551,0.002185752592608647
Academic Articles,following detailed,0,5114,0.002185752592608647
Academic Articles,detailed research,0,3255,0.002185752592608647
Academic Articles,need entire,0,8478,0.002185752592608647
Academic Articles,system gap,0,13414,0.002185752592608647
Academic Articles,analysis report,0,644,0.004371505185217294
Academic Articles,report top,0,11155,0.002185752592608647
Academic Articles,top observational,0,13874,0.002185752592608647
Academic Articles,observational solar,0,8935,0.004371505185217294
Academic Articles,solar solar,0,12387,0.0077456441508615605
Academic Articles,wind line,0,15112,0.006557257777825942
Academic Articles,line solar,0,7422,0.002185752592608647
Academic Articles,wind near,0,15123,0.0016623211854425713
Academic Articles,near earth,0,8425,0.004371505185217294
Academic Articles,earth plasma,0,3666,0.002185752592608647
Academic Articles,plasma sheet,0,9818,0.013114515555651884
Academic Articles,sheet electron,0,12003,0.002185752592608647
Academic Articles,electron ion,0,3902,0.002185752592608647
Academic Articles,ion orbit,0,6808,0.002185752592608647
Academic Articles,orbit medium,0,9179,0.002185752592608647
Academic Articles,medium earth,0,7915,0.006557257777825942
Academic Articles,earth orbit,0,3665,0.03497204148173835
Academic Articles,orbit ring,0,9191,0.002185752592608647
Academic Articles,ring current,0,11449,0.024043278518695116
Academic Articles,current radiation,0,2713,0.010928762963043237
Academic Articles,radiation belt,0,10647,0.030600536296521062
Academic Articles,belt electron,0,1308,0.004371505185217294
Academic Articles,electron acceleration,0,3889,0.002185752592608647
Academic Articles,acceleration pro,0,29,0.002185752592608647
Academic Articles,pro ionospheric,0,10249,0.002185752592608647
Academic Articles,ionospheric key,0,6882,0.004371505185217294
Academic Articles,key energetic,0,6969,0.004371505185217294
Academic Articles,energetic particle,0,3997,0.018285533039868285
Academic Articles,particle cusp,0,9382,0.002185752592608647
Academic Articles,cusp auroral,0,2752,0.004371505185217294
Academic Articles,auroral region,0,1106,0.002185752592608647
Academic Articles,region precipitation,0,11018,0.002185752592608647
Academic Articles,precipitation understanding,0,10089,0.002185752592608647
Academic Articles,understanding global,0,14134,0.008743010370434588
Academic Articles,global significant,0,5666,0.002185752592608647
Academic Articles,significant physical,0,12095,0.002185752592608647
Academic Articles,physical versus,0,9733,0.002185752592608647
Academic Articles,versus high,0,14498,0.002185752592608647
Academic Articles,high versus,0,6002,0.002185752592608647
Academic Articles,versus low,0,14500,0.002185752592608647
Academic Articles,low speed,0,7522,0.002185752592608647
Academic Articles,speed collisional,0,12664,0.002185752592608647
Academic Articles,collisional versus,0,1933,0.002185752592608647
Academic Articles,versus spatial,0,14505,0.002185752592608647
Academic Articles,spatial versus,0,12618,0.002185752592608647
Academic Articles,versus kinetic,0,14499,0.002185752592608647
Academic Articles,kinetic weather,0,7019,0.002185752592608647
Academic Articles,weather well,0,14888,0.006557257777825942
Academic Articles,well true,0,14957,0.002185752592608647
Academic Articles,true ionosphere,0,14027,0.002185752592608647
Academic Articles,ionosphere solar,0,6861,0.002185752592608647
Academic Articles,wind even,0,15081,0.002185752592608647
Academic Articles,even stratosphere,0,4299,0.002185752592608647
Academic Articles,stratosphere forcing,0,12985,0.002185752592608647
Academic Articles,forcing important,0,5150,0.004371505185217294
Academic Articles,important often,0,6223,0.002185752592608647
Academic Articles,often weather,0,9036,0.002185752592608647
Academic Articles,weather forecasting,0,14720,0.016623211854425713
Academic Articles,forecasting extra,0,5234,0.002185752592608647
Academic Articles,extra data,0,4537,0.002185752592608647
Academic Articles,data capacity,0,2818,0.002185752592608647
Academic Articles,capacity additional,0,1572,0.002185752592608647
Academic Articles,additional generally,0,335,0.002185752592608647
Academic Articles,generally concerned,0,5474,0.002185752592608647
Academic Articles,concerned observing,0,2235,0.002185752592608647
Academic Articles,observing system,0,8979,0.013114515555651884
Academic Articles,system simulation,0,13443,0.010928762963043237
Academic Articles,simulation ing,0,12129,0.002185752592608647
Academic Articles,ing additional,0,6575,0.002185752592608647
Academic Articles,additional model,0,339,0.002185752592608647
Academic Articles,model missing,0,8133,0.002185752592608647
Academic Articles,missing physic,0,8039,0.004371505185217294
Academic Articles,physic error,0,9683,0.002185752592608647
Academic Articles,error reaching,0,4215,0.002185752592608647
Academic Articles,reaching example,0,10841,0.002185752592608647
Academic Articles,example collaboration,0,4416,0.002185752592608647
Academic Articles,collaboration plasma,0,1904,0.004371505185217294
Academic Articles,physic data,0,9678,0.013114515555651884
Academic Articles,data earth,0,2853,0.002185752592608647
Academic Articles,earth gaining,0,3654,0.002185752592608647
Academic Articles,gaining new,0,5441,0.002185752592608647
Academic Articles,new numerical,0,8666,0.002185752592608647
Academic Articles,numerical weather,0,8887,0.002185752592608647
Academic Articles,science modeling,0,11732,0.002185752592608647
Academic Articles,validation current,0,14380,0.002185752592608647
Academic Articles,current operational,0,2708,0.004371505185217294
Academic Articles,operational space,0,9125,0.024043278518695116
Academic Articles,weather include,0,14740,0.004371505185217294
Academic Articles,include large,0,6288,0.002185752592608647
Academic Articles,large treat,0,7101,0.002185752592608647
Academic Articles,treat system,0,14011,0.002185752592608647
Academic Articles,system upper,0,13455,0.002185752592608647
Academic Articles,ground terrestrial,0,5835,0.002185752592608647
Academic Articles,terrestrial weather,0,13622,0.017486020740869176
Academic Articles,community indicate,0,2085,0.002185752592608647
Academic Articles,indicate increase,0,6376,0.002185752592608647
Academic Articles,increase model,0,6338,0.002185752592608647
Academic Articles,model resolution,0,8145,0.004371505185217294
Academic Articles,resolution computational,0,11344,0.002185752592608647
Academic Articles,computational power,0,2215,0.002185752592608647
Academic Articles,power improve,0,10048,0.002185752592608647
Academic Articles,improve scientific,0,6247,0.002185752592608647
Academic Articles,scientific understanding,0,11784,0.002185752592608647
Academic Articles,understanding use,0,14152,0.002185752592608647
Academic Articles,use advanced,0,14298,0.002185752592608647
Academic Articles,assimilation new,0,929,0.002185752592608647
Academic Articles,new analysis,0,8612,0.002185752592608647
Academic Articles,analysis future,0,629,0.002185752592608647
Academic Articles,summary data,0,13143,0.002185752592608647
Academic Articles,data need,0,2922,0.006557257777825942
Academic Articles,need still,0,8518,0.002185752592608647
Academic Articles,still pressing,0,12854,0.002185752592608647
Academic Articles,pressing large,0,10184,0.002185752592608647
Academic Articles,large data,0,7082,0.015300268148260531
Academic Articles,data already,0,2796,0.002185752592608647
Academic Articles,already data,0,541,0.006557257777825942
Academic Articles,data often,0,2931,0.004371505185217294
Academic Articles,often well,0,9037,0.004371505185217294
Academic Articles,well need,0,14942,0.002185752592608647
Academic Articles,data either,0,2857,0.002185752592608647
Academic Articles,either need,0,3826,0.002185752592608647
Academic Articles,need right,0,8510,0.002185752592608647
Academic Articles,right cadence,0,11424,0.002185752592608647
Academic Articles,cadence since,0,1531,0.002185752592608647
Academic Articles,since even,0,12140,0.0016623211854425713
Academic Articles,even large,0,4291,0.002185752592608647
Academic Articles,data contain,0,2836,0.002185752592608647
Academic Articles,contain new,0,2353,0.002185752592608647
Academic Articles,new data,0,8630,0.017486020740869176
Academic Articles,data analysis,0,2798,0.008743010370434588
Academic Articles,community yet,0,2116,0.006557257777825942
Academic Articles,yet data,0,15290,0.006557257777825942
Academic Articles,data standardized,0,3001,0.004371505185217294
Academic Articles,standardized data,0,12768,0.004371505185217294
Academic Articles,data machine,0,2909,0.008743010370434588
Academic Articles,learning acquire,0,7207,0.002185752592608647
Academic Articles,acquire simultaneous,0,73,0.002185752592608647
Academic Articles,simultaneous data,0,12134,0.002185752592608647
Academic Articles,data private,0,2948,0.002185752592608647
Academic Articles,private operating,0,10240,0.002185752592608647
Academic Articles,operating commercial,0,9079,0.002185752592608647
Academic Articles,commercial solution,0,2014,0.002185752592608647
Academic Articles,solution data,0,12416,0.002185752592608647
Academic Articles,data sparsity,0,2997,0.002185752592608647
Academic Articles,sparsity assuming,0,12605,0.002185752592608647
Academic Articles,assuming data,0,987,0.002185752592608647
Academic Articles,weather increasingly,0,14741,0.002185752592608647
Academic Articles,increasingly modeling,0,6362,0.002185752592608647
Academic Articles,data learning,0,2902,0.002185752592608647
Academic Articles,learning computer,0,7211,0.002185752592608647
Academic Articles,computer science,0,2221,0.002185752592608647
Academic Articles,science earth,0,11702,0.002185752592608647
Academic Articles,earth space,0,3673,0.004986963556327714
Academic Articles,space technology,0,12580,0.0016623211854425713
Academic Articles,technology data,0,13561,0.002185752592608647
Academic Articles,data weather,0,3035,0.006557257777825942
Academic Articles,weather prediction,0,14810,0.02065505106896416
Academic Articles,prediction data,0,10106,0.002185752592608647
Academic Articles,data specific,0,2998,0.002185752592608647
Academic Articles,specific cross,0,12631,0.002185752592608647
Academic Articles,cross disciplinary,0,2647,0.002185752592608647
Academic Articles,disciplinary learning,0,3392,0.002185752592608647
Academic Articles,learning discipline,0,7214,0.002185752592608647
Academic Articles,discipline methodology,0,3394,0.002185752592608647
Academic Articles,methodology furthermore,0,7951,0.002185752592608647
Academic Articles,furthermore large,0,5389,0.002185752592608647
Academic Articles,large system,0,7099,0.004371505185217294
Academic Articles,system size,0,13446,0.004371505185217294
Academic Articles,size ensemble,0,12194,0.002185752592608647
Academic Articles,ensemble data,0,4097,0.006557257777825942
Academic Articles,learning often,0,7221,0.002185752592608647
Academic Articles,often need,0,9030,0.002185752592608647
Academic Articles,data storage,0,3006,0.006557257777825942
Academic Articles,storage push,0,12863,0.002185752592608647
Academic Articles,push current,0,10556,0.002185752592608647
Academic Articles,weather must,0,14778,0.002185752592608647
Academic Articles,must address,0,8353,0.002185752592608647
Academic Articles,address following,0,356,0.002185752592608647
Academic Articles,following modeling,0,5121,0.002185752592608647
Academic Articles,validation ensemble,0,14382,0.002185752592608647
Academic Articles,learning improve,0,7218,0.004371505185217294
Academic Articles,improve space,0,6248,0.006649284741770285
Academic Articles,however application,0,6059,0.002185752592608647
Academic Articles,application ensemble,0,723,0.002185752592608647
Academic Articles,storage data,0,12861,0.002185752592608647
Academic Articles,assimilation require,0,931,0.002185752592608647
Academic Articles,require sparse,0,11206,0.002185752592608647
Academic Articles,sparse space,0,12602,0.004371505185217294
Academic Articles,space physic,0,12554,0.01496089066898314
Academic Articles,machine limited,0,7552,0.002185752592608647
Academic Articles,limited quality,0,7398,0.002185752592608647
Academic Articles,quality data,0,10567,0.006557257777825942
Academic Articles,data quantity,0,2958,0.004371505185217294
Academic Articles,quantity particularly,0,10579,0.002185752592608647
Academic Articles,particularly concerning,0,9421,0.002185752592608647
Academic Articles,extreme machine,0,4546,0.002185752592608647
Academic Articles,learning space,0,7225,0.004371505185217294
Academic Articles,weather produce,0,14820,0.0016623211854425713
Academic Articles,produce best,0,10307,0.002185752592608647
Academic Articles,best understanding,0,1345,0.002185752592608647
Academic Articles,understanding underlying,0,14151,0.004371505185217294
Academic Articles,underlying physical,0,14110,0.006557257777825942
Academic Articles,physical phenomenon,0,9721,0.002185752592608647
Academic Articles,phenomenon typical,0,9652,0.002185752592608647
Academic Articles,typical machine,0,14058,0.002185752592608647
Academic Articles,learning black,0,7209,0.002185752592608647
Academic Articles,black box,0,1408,0.004371505185217294
Academic Articles,box data,0,1461,0.002185752592608647
Academic Articles,data real,0,2962,0.002185752592608647
Academic Articles,real issue,0,10861,0.002185752592608647
Academic Articles,issue often,0,6922,0.002185752592608647
Academic Articles,often quiet,0,9031,0.004371505185217294
Academic Articles,quiet problem,0,10615,0.004371505185217294
Academic Articles,problem space,0,10283,0.002185752592608647
Academic Articles,weather data,0,14679,0.03715779407434701
Academic Articles,weather problem,0,14818,0.004371505185217294
Academic Articles,problem machine,0,10275,0.002185752592608647
Academic Articles,learning algorithm,0,7208,0.002185752592608647
Academic Articles,algorithm meaningful,0,506,0.002185752592608647
Academic Articles,meaningful metric,0,7861,0.004371505185217294
Academic Articles,metric assess,0,7953,0.004371505185217294
Academic Articles,assess interesting,0,890,0.004371505185217294
Academic Articles,interesting rare,0,6726,0.004371505185217294
Academic Articles,rare next,0,10811,0.002185752592608647
Academic Articles,next machine,0,8720,0.004371505185217294
Academic Articles,learning knowledge,0,7219,0.002185752592608647
Academic Articles,knowledge research,0,7048,0.002185752592608647
Academic Articles,research applied,0,11220,0.002185752592608647
Academic Articles,applied work,0,736,0.002185752592608647
Academic Articles,work research,0,15217,0.002185752592608647
Academic Articles,infrastructure steadily,0,6564,0.002185752592608647
Academic Articles,steadily development,0,12820,0.004371505185217294
Academic Articles,development launch,0,3287,0.004371505185217294
Academic Articles,launch modeling,0,7162,0.004371505185217294
Academic Articles,data analytics,0,2799,0.004371505185217294
Academic Articles,analytics instrumentation,0,662,0.004371505185217294
Academic Articles,instrumentation commercial,0,6662,0.004371505185217294
Academic Articles,commercial data,0,1995,0.032786288889129704
Academic Articles,data product,0,2951,0.006557257777825942
Academic Articles,product vision,0,10343,0.002185752592608647
Academic Articles,vision future,0,14538,0.002185752592608647
Academic Articles,future science,0,5431,0.002185752592608647
Academic Articles,science infrastructure,0,11722,0.006557257777825942
Academic Articles,infrastructure science,0,6557,0.002185752592608647
Academic Articles,science environment,0,11708,0.002185752592608647
Academic Articles,environment beginning,0,4134,0.002185752592608647
Academic Articles,beginning future,0,1288,0.002185752592608647
Academic Articles,future central,0,5414,0.002185752592608647
Academic Articles,central need,0,1718,0.002185752592608647
Academic Articles,research theme,0,11309,0.002185752592608647
Academic Articles,theme across,0,13642,0.002185752592608647
Academic Articles,across session,0,115,0.002185752592608647
Academic Articles,session operational,0,11945,0.002185752592608647
Academic Articles,operational data,0,9090,0.006649284741770285
Academic Articles,data commercial,0,2829,0.010928762963043237
Academic Articles,commercial require,0,2010,0.002185752592608647
Academic Articles,require example,0,11181,0.002185752592608647
Academic Articles,example data,0,4422,0.004371505185217294
Academic Articles,data different,0,2850,0.002185752592608647
Academic Articles,different rated,0,3330,0.002185752592608647
Academic Articles,rated operational,0,10819,0.002185752592608647
Academic Articles,operational science,0,9123,0.002185752592608647
Academic Articles,science potential,0,11741,0.002185752592608647
Academic Articles,potential regarding,0,10017,0.002185752592608647
Academic Articles,regarding calibration,0,10961,0.002185752592608647
Academic Articles,calibration data,0,1539,0.002185752592608647
Academic Articles,data uniformity,0,3021,0.002185752592608647
Academic Articles,uniformity latency,0,14178,0.002185752592608647
Academic Articles,latency essential,0,7122,0.002185752592608647
Academic Articles,essential must,0,4255,0.004371505185217294
Academic Articles,must include,0,8355,0.004371505185217294
Academic Articles,include sun,0,6299,0.006557257777825942
Academic Articles,wind environment,0,15079,0.0033246423708851425
Academic Articles,environment ionosphere,0,4150,0.004371505185217294
Academic Articles,ionosphere academic,0,6815,0.002185752592608647
Academic Articles,academic research,0,20,0.002185752592608647
Academic Articles,research often,0,11285,0.002185752592608647
Academic Articles,often use,0,9034,0.002185752592608647
Academic Articles,use data,0,14301,0.004371505185217294
Academic Articles,data fact,0,2865,0.002185752592608647
Academic Articles,fact key,0,4572,0.002185752592608647
Academic Articles,key information,0,6974,0.004371505185217294
Academic Articles,information sun,0,6485,0.004371505185217294
Academic Articles,sun operational,0,13217,0.002185752592608647
Academic Articles,operational commercial,0,9087,0.002185752592608647
Academic Articles,data new,0,2924,0.008743010370434588
Academic Articles,data lower,0,2908,0.002185752592608647
Academic Articles,lower cost,0,7527,0.002185752592608647
Academic Articles,cost anda,0,2491,0.002185752592608647
Academic Articles,anda faster,0,669,0.002185752592608647
Academic Articles,faster schedule,0,4641,0.002185752592608647
Academic Articles,schedule contractual,0,11677,0.002185752592608647
Academic Articles,contractual data,0,2398,0.002185752592608647
Academic Articles,data becoming,0,2810,0.004371505185217294
Academic Articles,becoming moreover,0,1278,0.002185752592608647
Academic Articles,moreover space,0,8260,0.002185752592608647
Academic Articles,community could,0,2069,0.004371505185217294
Academic Articles,could greatly,0,2522,0.002185752592608647
Academic Articles,benefit gaining,0,1320,0.002185752592608647
Academic Articles,gaining infrastructure,0,5440,0.002185752592608647
Academic Articles,infrastructure new,0,6542,0.004371505185217294
Academic Articles,new communication,0,8623,0.002185752592608647
Academic Articles,communication data,0,2046,0.004371505185217294
Academic Articles,data acquisition,0,2792,0.017486020740869176
Academic Articles,acquisition offer,0,78,0.002185752592608647
Academic Articles,offer valuable,0,9016,0.002185752592608647
Academic Articles,valuable data,0,14397,0.002185752592608647
Academic Articles,data cant,0,2816,0.002185752592608647
Academic Articles,cant first,0,1549,0.002185752592608647
Academic Articles,first foremost,0,4906,0.002185752592608647
Academic Articles,foremost value,0,5259,0.002185752592608647
Academic Articles,value task,0,14405,0.002185752592608647
Academic Articles,task additional,0,13513,0.002185752592608647
Academic Articles,additional effort,0,331,0.002185752592608647
Academic Articles,effort custom,0,3806,0.002185752592608647
Academic Articles,custom procurement,0,2755,0.002185752592608647
Academic Articles,procurement well,0,10305,0.004371505185217294
Academic Articles,well commercial,0,14928,0.004371505185217294
Academic Articles,commercial faster,0,1997,0.002185752592608647
Academic Articles,faster different,0,4637,0.004371505185217294
Academic Articles,different commitment,0,3308,0.002185752592608647
Academic Articles,commitment instrument,0,2020,0.002185752592608647
Academic Articles,instrument developer,0,6647,0.002185752592608647
Academic Articles,developer limit,0,3276,0.002185752592608647
Academic Articles,limit getting,0,7390,0.002185752592608647
Academic Articles,getting necessary,0,5585,0.002185752592608647
Academic Articles,necessary calibrate,0,8454,0.002185752592608647
Academic Articles,calibrate data,0,1537,0.002185752592608647
Academic Articles,data lastly,0,2900,0.002185752592608647
Academic Articles,lastly acquisition,0,7117,0.002185752592608647
Academic Articles,acquisition validation,0,83,0.002185752592608647
Academic Articles,validation verification,0,14395,0.002185752592608647
Academic Articles,verification data,0,14490,0.002185752592608647
Academic Articles,analysis instrument,0,634,0.002185752592608647
Academic Articles,instrument data,0,6644,0.006557257777825942
Academic Articles,data quality,0,2957,0.008743010370434588
Academic Articles,quality possibly,0,10570,0.002185752592608647
Academic Articles,possibly new,0,9985,0.002185752592608647
Academic Articles,new business,0,8619,0.002185752592608647
Academic Articles,business data,0,1525,0.002185752592608647
Academic Articles,data delivery,0,2846,0.004371505185217294
Academic Articles,delivery novel,0,3160,0.002185752592608647
Academic Articles,novel used,0,8866,0.004371505185217294
Academic Articles,used research,0,14342,0.002185752592608647
Academic Articles,research space,0,11302,0.011636248298098001
Academic Articles,weather sparse,0,14853,0.002185752592608647
Academic Articles,sparse fleet,0,12600,0.002185752592608647
Academic Articles,fleet coverage,0,5020,0.002185752592608647
Academic Articles,coverage across,0,2602,0.002185752592608647
Academic Articles,across multiple,0,106,0.002185752592608647
Academic Articles,multiple scale,0,8343,0.002185752592608647
Academic Articles,scale large,0,11642,0.002185752592608647
Academic Articles,data produced,0,2950,0.006557257777825942
Academic Articles,produced require,0,10333,0.002185752592608647
Academic Articles,require new,0,11190,0.015300268148260531
Academic Articles,data data,0,2845,0.026229031111303768
Academic Articles,data agency,0,2793,0.002185752592608647
Academic Articles,agency able,0,450,0.002185752592608647
Academic Articles,able commercial,0,3,0.002185752592608647
Academic Articles,weather particularly,0,14800,0.002185752592608647
Academic Articles,particularly glamorous,0,9426,0.002185752592608647
Academic Articles,glamorous work,0,5617,0.002185752592608647
Academic Articles,work ground,0,15214,0.002185752592608647
Academic Articles,ground infrastructure,0,5822,0.004371505185217294
Academic Articles,infrastructure accurate,0,6494,0.002185752592608647
Academic Articles,weather particular,0,14799,0.002185752592608647
Academic Articles,particular infrastructure,0,9418,0.002185752592608647
Academic Articles,include following,0,6284,0.002185752592608647
Academic Articles,following solar,0,5131,0.002185752592608647
Academic Articles,solar source,0,12388,0.004371505185217294
Academic Articles,source space,0,12461,0.004986963556327714
Academic Articles,weather need,0,14781,0.010928762963043237
Academic Articles,sun along,0,13165,0.002185752592608647
Academic Articles,along comprehensive,0,526,0.002185752592608647
Academic Articles,comprehensive time,0,2206,0.004371505185217294
Academic Articles,time energy,0,13776,0.006557257777825942
Academic Articles,energy solar,0,4023,0.004371505185217294
Academic Articles,wind understanding,0,15184,0.002185752592608647
Academic Articles,understanding solar,0,14147,0.002185752592608647
Academic Articles,solar critically,0,12294,0.002185752592608647
Academic Articles,critically monitor,0,2646,0.002185752592608647
Academic Articles,monitor photospheric,0,8251,0.002185752592608647
Academic Articles,photospheric magnetic,0,9669,0.010928762963043237
Academic Articles,magnetic field,0,7590,0.04647386490516936
Academic Articles,field steradian,0,4757,0.002185752592608647
Academic Articles,steradian see,0,12838,0.002185752592608647
Academic Articles,see example,0,11851,0.002185752592608647
Academic Articles,example national,0,4432,0.002185752592608647
Academic Articles,administration space,0,381,0.017486020740869176
Academic Articles,program formulation,0,10362,0.002185752592608647
Academic Articles,formulation national,0,5277,0.002185752592608647
Academic Articles,national satellite,0,8383,0.002185752592608647
Academic Articles,satellite information,0,11575,0.0016623211854425713
Academic Articles,service current,0,11920,0.002185752592608647
Academic Articles,current future,0,2696,0.002185752592608647
Academic Articles,weather architecture,0,14641,0.002185752592608647
Academic Articles,architecture future,0,780,0.004371505185217294
Academic Articles,summary coverage,0,13142,0.002185752592608647
Academic Articles,coverage provide,0,2608,0.002185752592608647
Academic Articles,provide offer,0,10488,0.002185752592608647
Academic Articles,offer unique,0,9015,0.002185752592608647
Academic Articles,unique useful,0,14191,0.002185752592608647
Academic Articles,useful measuring,0,14349,0.004371505185217294
Academic Articles,measuring active,0,7902,0.002185752592608647
Academic Articles,active coronal,0,148,0.004371505185217294
Academic Articles,coronal mass,0,2460,0.012909406918102601
Academic Articles,mass earthward,0,7787,0.002185752592608647
Academic Articles,earthward useful,0,3684,0.002185752592608647
Academic Articles,useful solar,0,14350,0.002185752592608647
Academic Articles,solar energetic,0,12309,0.00903658484267182
Academic Articles,energetic observing,0,3996,0.002185752592608647
Academic Articles,observing solar,0,8976,0.002185752592608647
Academic Articles,wind heavy,0,15095,0.004371505185217294
Academic Articles,heavy ion,0,5927,0.013114515555651884
Academic Articles,ion composition,0,6806,0.015300268148260531
Academic Articles,composition knowledge,0,2189,0.002185752592608647
Academic Articles,knowledge heavy,0,7044,0.002185752592608647
Academic Articles,ion solar,0,6811,0.002185752592608647
Academic Articles,solar significant,0,12384,0.002185752592608647
Academic Articles,significant plasma,0,12096,0.004371505185217294
Academic Articles,plasma composition,0,9784,0.002185752592608647
Academic Articles,composition measure,0,2191,0.002185752592608647
Academic Articles,measure interplanetary,0,7867,0.002185752592608647
Academic Articles,interplanetary coronal,0,6775,0.006557257777825942
Academic Articles,mass internal,0,7797,0.002185752592608647
Academic Articles,internal mass,0,6759,0.002185752592608647
Academic Articles,mass ejection,0,7788,0.0064547034590513004
Academic Articles,ejection initiation,0,3840,0.002185752592608647
Academic Articles,initiation heating,0,6605,0.004371505185217294
Academic Articles,heating release,0,5924,0.004371505185217294
Academic Articles,release propagation,0,11077,0.004371505185217294
Academic Articles,propagation scientific,0,10418,0.002185752592608647
Academic Articles,scientific wind,0,11787,0.002185752592608647
Academic Articles,wind enable,0,15075,0.002185752592608647
Academic Articles,enable better,0,3964,0.002185752592608647
Academic Articles,better total,0,1367,0.002185752592608647
Academic Articles,total mass,0,13893,0.004371505185217294
Academic Articles,mass space,0,7814,0.004986963556327714
Academic Articles,weather event,0,14701,0.0033246423708851425
Academic Articles,event bridging,0,4310,0.002185752592608647
Academic Articles,bridging sun,0,1480,0.002185752592608647
Academic Articles,sun gap,0,13189,0.006557257777825942
Academic Articles,gap sun,0,5456,0.002185752592608647
Academic Articles,gap space,0,5455,0.002185752592608647
Academic Articles,solar effect,0,12307,0.0016623211854425713
Academic Articles,effect new,0,3754,0.002185752592608647
Academic Articles,new fuse,0,8639,0.002185752592608647
Academic Articles,fuse resolve,0,5400,0.002185752592608647
Academic Articles,resolve solar,0,11361,0.002185752592608647
Academic Articles,source solar,0,12460,0.002185752592608647
Academic Articles,wind relevant,0,15155,0.002185752592608647
Academic Articles,relevant environment,0,11083,0.002185752592608647
Academic Articles,system critical,0,13395,0.002185752592608647
Academic Articles,critical need,0,2635,0.004371505185217294
Academic Articles,application ing,0,725,0.002185752592608647
Academic Articles,ing empirical,0,6580,0.002185752592608647
Academic Articles,empirical however,0,3954,0.006557257777825942
Academic Articles,however kind,0,6081,0.002185752592608647
Academic Articles,kind many,0,7012,0.002185752592608647
Academic Articles,many major,0,7749,0.002185752592608647
Academic Articles,major prehensive,0,7681,0.002185752592608647
Academic Articles,prehensive way,0,10140,0.002185752592608647
Academic Articles,way science,0,14599,0.002185752592608647
Academic Articles,science prime,0,11742,0.002185752592608647
Academic Articles,prime science,0,10231,0.004371505185217294
Academic Articles,science mission,0,11730,0.013114515555651884
Academic Articles,mission system,0,8080,0.002185752592608647
Academic Articles,system additional,0,13383,0.002185752592608647
Academic Articles,additional observation,0,341,0.002185752592608647
Academic Articles,observation designing,0,8905,0.002185752592608647
Academic Articles,designing science,0,3238,0.002185752592608647
Academic Articles,science outset,0,11738,0.002185752592608647
Academic Articles,outset scientific,0,9269,0.002185752592608647
Academic Articles,scientific operational,0,11777,0.004371505185217294
Academic Articles,operational ease,0,9092,0.002185752592608647
Academic Articles,ease transition,0,3685,0.002185752592608647
Academic Articles,transition process,0,13985,0.002185752592608647
Academic Articles,process example,0,10291,0.002185752592608647
Academic Articles,example compact,0,4418,0.002185752592608647
Academic Articles,compact coronagraph,0,2117,0.0033246423708851425
Academic Articles,coronagraph collaboration,0,2438,0.002185752592608647
Academic Articles,collaboration naval,0,1902,0.002185752592608647
Academic Articles,naval research,0,8402,0.004371505185217294
Academic Articles,research laboratory,0,11273,0.006557257777825942
Academic Articles,laboratory space,0,7070,0.002185752592608647
Academic Articles,weather follow,0,14716,0.006557257777825942
Academic Articles,follow mission,0,5108,0.004371505185217294
Academic Articles,mission orbit,0,8071,0.002185752592608647
Academic Articles,orbit interagency,0,9176,0.002185752592608647
Academic Articles,measurement series,0,7896,0.002185752592608647
Academic Articles,series solar,0,11914,0.002185752592608647
Academic Articles,observatory soho,0,8958,0.004371505185217294
Academic Articles,soho white,0,12271,0.002185752592608647
Academic Articles,white light,0,15016,0.004371505185217294
Academic Articles,light coronagraph,0,7293,0.002185752592608647
Academic Articles,coronagraph model,0,2446,0.002185752592608647
Academic Articles,model interagency,0,8128,0.002185752592608647
Academic Articles,interagency development,0,6714,0.002185752592608647
Academic Articles,development deployment,0,3279,0.002185752592608647
Academic Articles,deployment agency,0,3207,0.002185752592608647
Academic Articles,agency future,0,453,0.002185752592608647
Academic Articles,community setting,0,2106,0.002185752592608647
Academic Articles,setting stage,0,11959,0.002185752592608647
Academic Articles,stage subsequent,0,12754,0.002185752592608647
Academic Articles,subsequent session,0,13082,0.002185752592608647
Academic Articles,session workshop,0,11951,0.004371505185217294
Academic Articles,workshop space,0,15254,0.004371505185217294
Academic Articles,enterprise particular,0,4117,0.002185752592608647
Academic Articles,particular attention,0,9410,0.002185752592608647
Academic Articles,attention rapidly,0,1074,0.002185752592608647
Academic Articles,rapidly weather,0,10804,0.002185752592608647
Academic Articles,weather throughout,0,14873,0.002185752592608647
Academic Articles,throughout government,0,13710,0.002185752592608647
Academic Articles,government box,0,5724,0.002185752592608647
Academic Articles,box particular,0,1463,0.002185752592608647
Academic Articles,particular importance,0,9417,0.002185752592608647
Academic Articles,importance research,0,6200,0.002185752592608647
Academic Articles,research session,0,11299,0.002185752592608647
Academic Articles,session address,0,11934,0.002185752592608647
Academic Articles,address weather,0,363,0.002185752592608647
Academic Articles,weather workshop,0,14891,0.006557257777825942
Academic Articles,workshop following,0,15239,0.002185752592608647
Academic Articles,following four,0,5116,0.004371505185217294
Academic Articles,four different,0,5302,0.002185752592608647
Academic Articles,different space,0,3333,0.002185752592608647
Academic Articles,community major,0,2089,0.002185752592608647
Academic Articles,major government,0,7675,0.002185752592608647
Academic Articles,research interagency,0,11267,0.002185752592608647
Academic Articles,interagency collaboration,0,6711,0.004371505185217294
Academic Articles,collaboration user,0,1907,0.002185752592608647
Academic Articles,community opera,0,2096,0.002185752592608647
Academic Articles,opera space,0,9074,0.006557257777825942
Academic Articles,weather diversity,0,14686,0.002185752592608647
Academic Articles,diversity chapter,0,3504,0.002185752592608647
Academic Articles,chapter four,0,1790,0.002185752592608647
Academic Articles,four among,0,5298,0.002185752592608647
Academic Articles,among key,0,598,0.004371505185217294
Academic Articles,key agency,0,6959,0.002185752592608647
Academic Articles,agency space,0,463,0.004371505185217294
Academic Articles,working group,0,15228,0.008743010370434588
Academic Articles,group swag,0,5851,0.006557257777825942
Academic Articles,swag formal,0,13356,0.002185752592608647
Academic Articles,formal space,0,5268,0.002185752592608647
Academic Articles,research survey,0,11305,0.002185752592608647
Academic Articles,survey relevant,0,13333,0.002185752592608647
Academic Articles,federal act,0,4653,0.002185752592608647
Academic Articles,act weather,0,135,0.002185752592608647
Academic Articles,national communication,0,8369,0.002185752592608647
Academic Articles,communication knowledge,0,2052,0.002185752592608647
Academic Articles,knowledge transfer,0,7050,0.002185752592608647
Academic Articles,transfer among,0,13958,0.002185752592608647
Academic Articles,among government,0,595,0.004371505185217294
Academic Articles,government space,0,5734,0.006557257777825942
Academic Articles,mitigation interagency,0,8092,0.002185752592608647
Academic Articles,group academic,0,5838,0.002185752592608647
Academic Articles,academic community,0,15,0.002185752592608647
Academic Articles,community commercial,0,2067,0.002185752592608647
Academic Articles,weather sector,0,14839,0.002185752592608647
Academic Articles,sector act,0,11833,0.002185752592608647
Academic Articles,act near,0,128,0.002185752592608647
Academic Articles,near coronal,0,8422,0.002185752592608647
Academic Articles,ejection solar,0,3844,0.004371505185217294
Academic Articles,wind solar,0,15164,0.0038728220754307803
Academic Articles,solar coronal,0,12290,0.0016623211854425713
Academic Articles,coronal imagery,0,2458,0.0016623211854425713
Academic Articles,imagery relevant,0,6163,0.002185752592608647
Academic Articles,relevant space,0,11089,0.002185752592608647
Academic Articles,weather via,0,14886,0.002185752592608647
Academic Articles,via commercial,0,14507,0.002185752592608647
Academic Articles,commercial prize,0,2004,0.002185752592608647
Academic Articles,prize authority,0,10245,0.002185752592608647
Academic Articles,authority academic,0,1112,0.002185752592608647
Academic Articles,academic secondary,0,21,0.002185752592608647
Academic Articles,secondary upcoming,0,11827,0.002185752592608647
Academic Articles,upcoming act,0,14268,0.002185752592608647
Academic Articles,act research,0,130,0.002185752592608647
Academic Articles,research congress,0,11234,0.002185752592608647
Academic Articles,congress public,0,2290,0.002185752592608647
Academic Articles,public law,0,10538,0.002185752592608647
Academic Articles,law future,0,7176,0.002185752592608647
Academic Articles,community box,0,2063,0.002185752592608647
Academic Articles,box recent,0,1464,0.002185752592608647
Academic Articles,recent agency,0,10884,0.002185752592608647
Academic Articles,division weather,0,3516,0.002185752592608647
Academic Articles,science measurement,0,11729,0.002185752592608647
Academic Articles,measurement gap,0,7889,0.002185752592608647
Academic Articles,analysis weather,0,658,0.002185752592608647
Academic Articles,weather commercial,0,14663,0.002185752592608647
Academic Articles,weather operational,0,14792,0.002185752592608647
Academic Articles,operational community,0,9088,0.002185752592608647
Academic Articles,community task,0,2111,0.002185752592608647
Academic Articles,task university,0,13523,0.002185752592608647
Academic Articles,university applied,0,14207,0.013114515555651884
Academic Articles,applied physic,0,733,0.028414783703912417
Academic Articles,physic laboratory,0,9693,0.015300268148260531
Academic Articles,laboratory first,0,7064,0.002185752592608647
Academic Articles,first space,0,4923,0.010928762963043237
Academic Articles,weather proving,0,14822,0.004371505185217294
Academic Articles,proving ground,0,10528,0.010928762963043237
Academic Articles,ground architecture,0,5810,0.004371505185217294
Academic Articles,architecture collaborative,0,773,0.006557257777825942
Academic Articles,collaborative evaluation,0,1911,0.004371505185217294
Academic Articles,evaluation established,0,4279,0.002185752592608647
Academic Articles,established space,0,4269,0.002185752592608647
Academic Articles,weather goddard,0,14732,0.002185752592608647
Academic Articles,goddard space,0,5701,0.018285533039868285
Academic Articles,space flight,0,12524,0.019947854225310854
Academic Articles,flight center,0,5026,0.016623211854425713
Academic Articles,center space,0,1703,0.0033246423708851425
Academic Articles,prediction space,0,10114,0.004371505185217294
Academic Articles,weather coupled,0,14672,0.002185752592608647
Academic Articles,coupled model,0,2557,0.002185752592608647
Academic Articles,model space,0,8150,0.006557257777825942
Academic Articles,prediction center,0,10105,0.012909406918102601
Academic Articles,center data,0,1671,0.002185752592608647
Academic Articles,repository prototype,0,11159,0.002185752592608647
Academic Articles,prototype traffic,0,10463,0.002185752592608647
Academic Articles,management partnership,0,7722,0.002185752592608647
Academic Articles,partnership industry,0,9435,0.002185752592608647
Academic Articles,industry government,0,6404,0.004986963556327714
Academic Articles,government operational,0,5730,0.004371505185217294
Academic Articles,operational coronal,0,9089,0.004371505185217294
Academic Articles,coronal space,0,2465,0.004371505185217294
Academic Articles,mission whose,0,8083,0.002185752592608647
Academic Articles,whose opportunity,0,15031,0.002185752592608647
Academic Articles,opportunity advancing,0,9131,0.004371505185217294
Academic Articles,advancing national,0,403,0.004371505185217294
Academic Articles,research toward,0,11312,0.004371505185217294
Academic Articles,toward societal,0,13909,0.004371505185217294
Academic Articles,societal resiliency,0,12261,0.004371505185217294
Academic Articles,resiliency infrastructure,0,11338,0.002185752592608647
Academic Articles,infrastructure interagency,0,6531,0.002185752592608647
Academic Articles,support human,0,13269,0.004371505185217294
Academic Articles,human space,0,6118,0.004371505185217294
Academic Articles,mitigation subcommittee,0,8096,0.008743010370434588
Academic Articles,subcommittee support,0,13077,0.002185752592608647
Academic Articles,support research,0,13279,0.004371505185217294
Academic Articles,act space,0,132,0.006557257777825942
Academic Articles,advisory need,0,410,0.002185752592608647
Academic Articles,need survey,0,8521,0.004371505185217294
Academic Articles,survey space,0,13335,0.002185752592608647
Academic Articles,weather president,0,14815,0.002185752592608647
Academic Articles,president space,0,10178,0.004371505185217294
Academic Articles,weather framework,0,14722,0.006557257777825942
Academic Articles,framework space,0,5330,0.004371505185217294
Academic Articles,council million,0,2550,0.002185752592608647
Academic Articles,million however,0,7988,0.002185752592608647
Academic Articles,however budget,0,6060,0.002185752592608647
Academic Articles,budget include,0,1506,0.002185752592608647
Academic Articles,include agency,0,6276,0.002185752592608647
Academic Articles,agency agency,0,451,0.002185752592608647
Academic Articles,agency panel,0,460,0.002185752592608647
Academic Articles,panel provided,0,9336,0.004371505185217294
Academic Articles,provided since,0,10511,0.002185752592608647
Academic Articles,since various,0,12157,0.002185752592608647
Academic Articles,various government,0,14453,0.002185752592608647
Academic Articles,weather among,0,14639,0.004371505185217294
Academic Articles,among spann,0,605,0.002185752592608647
Academic Articles,spann space,0,12596,0.006557257777825942
Academic Articles,weather division,0,14687,0.004371505185217294
Academic Articles,division pro,0,3512,0.002185752592608647
Academic Articles,pro gram,0,10248,0.002185752592608647
Academic Articles,gram director,0,5754,0.002185752592608647
Academic Articles,director space,0,3384,0.002185752592608647
Academic Articles,foundation national,0,5294,0.004371505185217294
Academic Articles,information future,0,6464,0.002185752592608647
Academic Articles,infrastructure service,0,6559,0.002185752592608647
Academic Articles,administration following,0,372,0.002185752592608647
Academic Articles,four key,0,5306,0.004371505185217294
Academic Articles,key recently,0,6990,0.002185752592608647
Academic Articles,recently established,0,10901,0.002185752592608647
Academic Articles,established interagency,0,4266,0.002185752592608647
Academic Articles,interagency weather,0,6721,0.002185752592608647
Academic Articles,weather new,0,14783,0.0016623211854425713
Academic Articles,new space,0,8691,0.017486020740869176
Academic Articles,research effective,0,11247,0.002185752592608647
Academic Articles,effective service,0,3793,0.002185752592608647
Academic Articles,service structure,0,11932,0.002185752592608647
Academic Articles,structure new,0,13049,0.002185752592608647
Academic Articles,new weather,0,8702,0.0033246423708851425
Academic Articles,weather look,0,14762,0.002185752592608647
Academic Articles,look like,0,7481,0.004371505185217294
Academic Articles,like know,0,7314,0.002185752592608647
Academic Articles,know space,0,7033,0.002185752592608647
Academic Articles,space first,0,12523,0.002185752592608647
Academic Articles,first presentation,0,4918,0.004371505185217294
Academic Articles,presentation spann,0,10172,0.002185752592608647
Academic Articles,division modify,0,3510,0.002185752592608647
Academic Articles,modify agency,0,8239,0.002185752592608647
Academic Articles,agency inter,0,457,0.002185752592608647
Academic Articles,inter fund,0,6690,0.002185752592608647
Academic Articles,fund space,0,5375,0.002185752592608647
Academic Articles,weather spann,0,14852,0.002185752592608647
Academic Articles,weather unique,0,14880,0.002185752592608647
Academic Articles,unique significant,0,14188,0.002185752592608647
Academic Articles,significant exploratory,0,12084,0.002185752592608647
Academic Articles,exploratory data,0,4503,0.002185752592608647
Academic Articles,data research,0,2971,0.010928762963043237
Academic Articles,research model,0,11276,0.002185752592608647
Academic Articles,model ing,0,8126,0.008743010370434588
Academic Articles,ing data,0,6579,0.004371505185217294
Academic Articles,data making,0,2912,0.004371505185217294
Academic Articles,making data,0,7703,0.002185752592608647
Academic Articles,data observing,0,2930,0.002185752592608647
Academic Articles,observing data,0,8969,0.004371505185217294
Academic Articles,data potential,0,2944,0.002185752592608647
Academic Articles,potential new,0,10011,0.004371505185217294
Academic Articles,weather capability,0,14654,0.0033246423708851425
Academic Articles,capability national,0,1561,0.002185752592608647
Academic Articles,national international,0,8374,0.0033246423708851425
Academic Articles,enterprise new,0,4116,0.002185752592608647
Academic Articles,research drive,0,11244,0.002185752592608647
Academic Articles,drive established,0,3574,0.002185752592608647
Academic Articles,established four,0,4265,0.002185752592608647
Academic Articles,four figure,0,5304,0.002185752592608647
Academic Articles,figure support,0,4837,0.002185752592608647
Academic Articles,support space,0,13283,0.006649284741770285
Academic Articles,division investigation,0,3509,0.002185752592608647
Academic Articles,investigation transition,0,6793,0.004371505185217294
Academic Articles,transition exploration,0,13981,0.002185752592608647
Academic Articles,exploration application,0,4499,0.002185752592608647
Academic Articles,application figure,0,724,0.002185752592608647
Academic Articles,figure four,0,4799,0.002185752592608647
Academic Articles,four support,0,5313,0.002185752592608647
Academic Articles,support new,0,13273,0.002185752592608647
Academic Articles,division six,0,3514,0.002185752592608647
Academic Articles,six space,0,12191,0.002185752592608647
Academic Articles,strategy spann,0,12982,0.002185752592608647
Academic Articles,spann future,0,12595,0.002185752592608647
Academic Articles,community theme,0,2112,0.002185752592608647
Academic Articles,theme investigation,0,13644,0.002185752592608647
Academic Articles,investigation pillar,0,6792,0.002185752592608647
Academic Articles,pillar fundamental,0,9739,0.002185752592608647
Academic Articles,fundamental scientific,0,5380,0.002185752592608647
Academic Articles,scientific solar,0,11781,0.002185752592608647
Academic Articles,solar system,0,12396,0.008311605927212857
Academic Articles,system research,0,13439,0.002185752592608647
Academic Articles,research modeling,0,11277,0.002185752592608647
Academic Articles,modeling space,0,8201,0.002185752592608647
Academic Articles,weather transition,0,14876,0.002185752592608647
Academic Articles,transition pillar,0,13984,0.002185752592608647
Academic Articles,pillar operational,0,9741,0.002185752592608647
Academic Articles,operational innovative,0,9105,0.002185752592608647
Academic Articles,innovative science,0,6620,0.002185752592608647
Academic Articles,science research,0,11747,0.015300268148260531
Academic Articles,research operational,0,11287,0.008743010370434588
Academic Articles,weather exploration,0,14705,0.002185752592608647
Academic Articles,exploration pillar,0,4501,0.002185752592608647
Academic Articles,pillar safe,0,9742,0.002185752592608647
Academic Articles,safe solar,0,11531,0.002185752592608647
Academic Articles,system human,0,13418,0.002185752592608647
Academic Articles,human moon,0,6116,0.002185752592608647
Academic Articles,moon provide,0,8259,0.002185752592608647
Academic Articles,provide support,0,10498,0.004371505185217294
Academic Articles,environment finally,0,4144,0.002185752592608647
Academic Articles,finally new,0,4873,0.002185752592608647
Academic Articles,new less,0,8655,0.002185752592608647
Academic Articles,less mature,0,7257,0.002185752592608647
Academic Articles,mature pillar,0,7835,0.002185752592608647
Academic Articles,pillar new,0,9740,0.002185752592608647
Academic Articles,new mitigate,0,8658,0.002185752592608647
Academic Articles,program four,0,10363,0.002185752592608647
Academic Articles,four environmental,0,5303,0.002185752592608647
Academic Articles,environmental radiation,0,4191,0.002185752592608647
Academic Articles,radiation measurement,0,10666,0.002185752592608647
Academic Articles,measurement experiment,0,7886,0.002185752592608647
Academic Articles,experiment suite,0,4492,0.002185752592608647
Academic Articles,suite instrument,0,13132,0.002185752592608647
Academic Articles,weather demonstrate,0,14681,0.002185752592608647
Academic Articles,demonstrate tech,0,3173,0.002185752592608647
Academic Articles,tech human,0,13537,0.002185752592608647
Academic Articles,human investigation,0,6114,0.002185752592608647
Academic Articles,transition space,0,13987,0.002185752592608647
Academic Articles,weather small,0,14847,0.002185752592608647
Academic Articles,small business,0,12231,0.002185752592608647
Academic Articles,business innovative,0,1526,0.002185752592608647
Academic Articles,innovative research,0,6619,0.002185752592608647
Academic Articles,research fund,0,11256,0.002185752592608647
Academic Articles,fund targeted,0,5376,0.002185752592608647
Academic Articles,targeted need,0,13512,0.002185752592608647
Academic Articles,need system,0,8523,0.004371505185217294
Academic Articles,observatory made,0,8953,0.002185752592608647
Academic Articles,made basic,0,7559,0.002185752592608647
Academic Articles,basic research,0,1256,0.002185752592608647
Academic Articles,research provide,0,11291,0.002185752592608647
Academic Articles,support operational,0,13276,0.002185752592608647
Academic Articles,weather funded,0,14726,0.002185752592608647
Academic Articles,funded recently,0,5382,0.002185752592608647
Academic Articles,recently space,0,10913,0.004371505185217294
Academic Articles,weather gap,0,14729,0.002185752592608647
Academic Articles,analysis currently,0,625,0.002185752592608647
Academic Articles,currently advance,0,2729,0.002185752592608647
Academic Articles,advance space,0,389,0.006557257777825942
Academic Articles,forecasting national,0,5242,0.002185752592608647
Academic Articles,foundation stated,0,5296,0.002185752592608647
Academic Articles,stated consistent,0,12794,0.002185752592608647
Academic Articles,consistent space,0,2319,0.002185752592608647
Academic Articles,infrastructure people,0,6549,0.002185752592608647
Academic Articles,people science,0,9497,0.002185752592608647
Academic Articles,science furthermore,0,11712,0.002185752592608647
Academic Articles,technology engineering,0,13562,0.002185752592608647
Academic Articles,engineering mathematics,0,4040,0.002185752592608647
Academic Articles,mathematics stem,0,7831,0.002185752592608647
Academic Articles,stem engineering,0,12833,0.002185752592608647
Academic Articles,engineering new,0,4043,0.002185752592608647
Academic Articles,new knowledge,0,8653,0.002185752592608647
Academic Articles,knowledge knowledge,0,7045,0.002185752592608647
Academic Articles,knowledge space,0,7049,0.002185752592608647
Academic Articles,research energetics,0,11248,0.002185752592608647
Academic Articles,energetics cedar,0,4003,0.002185752592608647
Academic Articles,environment model,0,4154,0.002185752592608647
Academic Articles,ing gem,0,6581,0.002185752592608647
Academic Articles,physical astronomy,0,9709,0.002185752592608647
Academic Articles,astronomy astrophysical,0,995,0.002185752592608647
Academic Articles,astrophysical research,0,998,0.002185752592608647
Academic Articles,research national,0,11278,0.0033246423708851425
Academic Articles,observatory facility,0,8948,0.002185752592608647
Academic Articles,facility plasma,0,4561,0.002185752592608647
Academic Articles,space grand,0,12528,0.002185752592608647
Academic Articles,grand recently,0,5755,0.002185752592608647
Academic Articles,recently research,0,10911,0.002185752592608647
Academic Articles,research opportunity,0,11288,0.002185752592608647
Academic Articles,resiliency program,0,11339,0.002185752592608647
Academic Articles,program transformative,0,10382,0.002185752592608647
Academic Articles,transformative dynamic,0,13965,0.002185752592608647
Academic Articles,dynamic system,0,3625,0.002185752592608647
Academic Articles,system solar,0,13448,0.002185752592608647
Academic Articles,solar terrestrial,0,12397,0.0033246423708851425
Academic Articles,terrestrial link,0,13614,0.002185752592608647
Academic Articles,link laboratory,0,7425,0.002185752592608647
Academic Articles,laboratory stem,0,7072,0.002185752592608647
Academic Articles,stem space,0,12834,0.002185752592608647
Academic Articles,policy together,0,9904,0.002185752592608647
Academic Articles,together space,0,13859,0.002185752592608647
Academic Articles,science important,0,11719,0.002185752592608647
Academic Articles,important end,0,6208,0.002185752592608647
Academic Articles,end faculty,0,3975,0.002185752592608647
Academic Articles,faculty development,0,4581,0.002185752592608647
Academic Articles,development weather,0,3292,0.002185752592608647
Academic Articles,solar earth,0,12306,0.002185752592608647
Academic Articles,infrastructure cover,0,6511,0.002185752592608647
Academic Articles,cover full,0,2597,0.002185752592608647
Academic Articles,full domain,0,5356,0.002185752592608647
Academic Articles,domain facility,0,3530,0.002185752592608647
Academic Articles,facility suite,0,4563,0.002185752592608647
Academic Articles,suite solar,0,13137,0.002185752592608647
Academic Articles,magnetometer coherent,0,7646,0.002185752592608647
Academic Articles,coherent incoherent,0,1893,0.002185752592608647
Academic Articles,incoherent monitor,0,6317,0.002185752592608647
Academic Articles,monitor network,0,8250,0.002185752592608647
Academic Articles,network although,0,8566,0.002185752592608647
Academic Articles,although primarily,0,565,0.002185752592608647
Academic Articles,primarily instrumentation,0,10213,0.002185752592608647
Academic Articles,instrumentation space,0,6665,0.002185752592608647
Academic Articles,space industry,0,12532,0.004371505185217294
Academic Articles,industry active,0,6397,0.002185752592608647
Academic Articles,active planetary,0,172,0.008743010370434588
Academic Articles,planetary electrodynamics,0,9774,0.008743010370434588
Academic Articles,electrodynamics response,0,3877,0.008743010370434588
Academic Articles,response experiment,0,11376,0.006557257777825942
Academic Articles,experiment ampere,0,4489,0.006557257777825942
Academic Articles,ampere infra,0,610,0.002185752592608647
Academic Articles,infra structure,0,6493,0.002185752592608647
Academic Articles,structure need,0,13048,0.002185752592608647
Academic Articles,need figure,0,8480,0.002185752592608647
Academic Articles,figure national,0,4814,0.010928762963043237
Academic Articles,weather collaborative,0,14662,0.002185752592608647
Academic Articles,collaborative approach,0,1908,0.002185752592608647
Academic Articles,approach space,0,749,0.002185752592608647
Academic Articles,research opera,0,11286,0.004371505185217294
Academic Articles,policy include,0,9898,0.002185752592608647
Academic Articles,include national,0,6293,0.002185752592608647
Academic Articles,plan act,0,9754,0.002185752592608647
Academic Articles,act improving,0,126,0.002185752592608647
Academic Articles,improving space,0,6260,0.006557257777825942
Academic Articles,weather fundamental,0,14725,0.004371505185217294
Academic Articles,technology figure,0,13563,0.002185752592608647
Academic Articles,science new,0,11733,0.002185752592608647
Academic Articles,new infrastructure,0,8646,0.006557257777825942
Academic Articles,infrastructure laying,0,6534,0.002185752592608647
Academic Articles,laying space,0,7182,0.002185752592608647
Academic Articles,weather curation,0,14675,0.002185752592608647
Academic Articles,curation availability,0,2667,0.002185752592608647
Academic Articles,availability source,0,1127,0.002185752592608647
Academic Articles,source black,0,12443,0.002185752592608647
Academic Articles,black national,0,1410,0.002185752592608647
Academic Articles,foundation future,0,5291,0.002185752592608647
Academic Articles,weather address,0,14633,0.002185752592608647
Academic Articles,address user,0,362,0.002185752592608647
Academic Articles,user need,0,14359,0.010928762963043237
Academic Articles,weather paradigm,0,14798,0.002185752592608647
Academic Articles,paradigm terrestrial,0,9357,0.002185752592608647
Academic Articles,weather previous,0,14816,0.002185752592608647
Academic Articles,previous paradigm,0,10200,0.002185752592608647
Academic Articles,paradigm framework,0,9355,0.002185752592608647
Academic Articles,framework community,0,5319,0.002185752592608647
Academic Articles,community global,0,2081,0.002185752592608647
Academic Articles,global geomagnetic,0,5642,0.002185752592608647
Academic Articles,geomagnetic activity,0,5497,0.00258188138362052
Academic Articles,activity weather,0,300,0.002185752592608647
Academic Articles,weather state,0,14858,0.002185752592608647
Academic Articles,state new,0,12785,0.002185752592608647
Academic Articles,data critical,0,2840,0.002185752592608647
Academic Articles,critical infrastructure,0,2632,0.0016623211854425713
Academic Articles,infrastructure formal,0,6524,0.002185752592608647
Academic Articles,formal framework,0,5267,0.002185752592608647
Academic Articles,framework next,0,5328,0.002185752592608647
Academic Articles,next section,0,8729,0.002185752592608647
Academic Articles,section incorporate,0,11829,0.002185752592608647
Academic Articles,incorporate industry,0,6324,0.002185752592608647
Academic Articles,government academic,0,5723,0.002185752592608647
Academic Articles,academic evaluate,0,16,0.002185752592608647
Academic Articles,evaluate science,0,4278,0.002185752592608647
Academic Articles,science accelerate,0,11683,0.002185752592608647
Academic Articles,accelerate enable,0,22,0.002185752592608647
Academic Articles,enable improvement,0,3967,0.002185752592608647
Academic Articles,improvement operational,0,6252,0.002185752592608647
Academic Articles,operational regional,0,9120,0.002185752592608647
Academic Articles,regional local,0,11046,0.002185752592608647
Academic Articles,local augment,0,7446,0.002185752592608647
Academic Articles,augment global,0,1081,0.002185752592608647
Academic Articles,global index,0,5646,0.002185752592608647
Academic Articles,index currently,0,6367,0.002185752592608647
Academic Articles,currently numerical,0,2739,0.002185752592608647
Academic Articles,numerical covering,0,8882,0.002185752592608647
Academic Articles,covering system,0,2622,0.004371505185217294
Academic Articles,system enhanced,0,13406,0.002185752592608647
Academic Articles,enhanced solar,0,4074,0.00129094069181026
Academic Articles,wind mass,0,15116,0.0016623211854425713
Academic Articles,mass operational,0,7808,0.002185752592608647
Academic Articles,operational since,0,9124,0.006557257777825942
Academic Articles,since space,0,12152,0.0033246423708851425
Academic Articles,modeling framework,0,8178,0.002185752592608647
Academic Articles,framework model,0,5326,0.002185752592608647
Academic Articles,model regional,0,8143,0.002185752592608647
Academic Articles,regional geomagnetic,0,11044,0.002185752592608647
Academic Articles,activity operational,0,254,0.002185752592608647
Academic Articles,since regional,0,12148,0.002185752592608647
Academic Articles,regional electric,0,11043,0.002185752592608647
Academic Articles,electric associated,0,3849,0.002185752592608647
Academic Articles,associated electric,0,951,0.002185752592608647
Academic Articles,power operational,0,10056,0.002185752592608647
Academic Articles,since coupled,0,12139,0.002185752592608647
Academic Articles,coupled whole,0,2562,0.002185752592608647
Academic Articles,whole atmosphere,0,15022,0.002185752592608647
Academic Articles,atmosphere model,0,1030,0.004371505185217294
Academic Articles,model operational,0,8138,0.004371505185217294
Academic Articles,operational operational,0,9113,0.008743010370434588
Academic Articles,operational provide,0,9117,0.002185752592608647
Academic Articles,provide civil,0,10468,0.002185752592608647
Academic Articles,civil aviation,0,1831,0.002185752592608647
Academic Articles,aviation radiation,0,1166,0.002185752592608647
Academic Articles,radiation dose,0,10656,0.004371505185217294
Academic Articles,dose specification,0,3545,0.002185752592608647
Academic Articles,specification recently,0,12649,0.002185752592608647
Academic Articles,recently providing,0,10907,0.002185752592608647
Academic Articles,human support,0,6119,0.002185752592608647
Academic Articles,space space,0,12571,0.010928762963043237
Academic Articles,weather international,0,14749,0.002185752592608647
Academic Articles,lunar lunar,0,7543,0.002185752592608647
Academic Articles,lunar surface,0,7545,0.002185752592608647
Academic Articles,surface future,0,13301,0.002185752592608647
Academic Articles,future national,0,5425,0.002185752592608647
Academic Articles,service digital,0,11923,0.002185752592608647
Academic Articles,digital way,0,3349,0.002185752592608647
Academic Articles,way evolve,0,14592,0.0016623211854425713
Academic Articles,evolve user,0,4402,0.002185752592608647
Academic Articles,need asset,0,8464,0.002185752592608647
Academic Articles,asset recently,0,908,0.002185752592608647
Academic Articles,weather third,0,14872,0.002185752592608647
Academic Articles,third observing,0,13686,0.002185752592608647
Academic Articles,observing infrastructure,0,8972,0.004371505185217294
Academic Articles,infrastructure along,0,6500,0.002185752592608647
Academic Articles,along low,0,532,0.002185752592608647
Academic Articles,low earth,0,7495,0.019671773333477825
Academic Articles,orbit national,0,9183,0.004371505185217294
Academic Articles,weather point,0,14803,0.002185752592608647
Academic Articles,point orbit,0,9842,0.002185752592608647
Academic Articles,orbit low,0,9177,0.006557257777825942
Academic Articles,orbit ground,0,9169,0.002185752592608647
Academic Articles,ground data,0,5815,0.004371505185217294
Academic Articles,data verify,0,3032,0.002185752592608647
Academic Articles,verify calibrate,0,14493,0.002185752592608647
Academic Articles,calibrate fuse,0,1538,0.002185752592608647
Academic Articles,fuse data,0,5399,0.002185752592608647
Academic Articles,data essential,0,2859,0.002185752592608647
Academic Articles,must see,0,8357,0.002185752592608647
Academic Articles,see figure,0,11853,0.015300268148260531
Academic Articles,figure include,0,4803,0.002185752592608647
Academic Articles,ionosphere use,0,6866,0.002185752592608647
Academic Articles,use mission,0,14312,0.002185752592608647
Academic Articles,mission main,0,8069,0.002185752592608647
Academic Articles,main solar,0,7660,0.002185752592608647
Academic Articles,wind space,0,15166,0.0016623211854425713
Academic Articles,follow instrument,0,5107,0.002185752592608647
Academic Articles,instrument critical,0,6643,0.002185752592608647
Academic Articles,critical design,0,2629,0.002185752592608647
Academic Articles,design recently,0,3231,0.002185752592608647
Academic Articles,recently whose,0,10916,0.002185752592608647
Academic Articles,whose operational,0,15030,0.002185752592608647
Academic Articles,coronal solar,0,2464,0.006557257777825942
Academic Articles,soho research,0,12269,0.002185752592608647
Academic Articles,research mission,0,11274,0.002185752592608647
Academic Articles,mission compact,0,8051,0.002185752592608647
Academic Articles,coronagraph operational,0,2447,0.002185752592608647
Academic Articles,operational environmental,0,9096,0.009973927112655427
Academic Articles,satellite successfully,0,11595,0.002185752592608647
Academic Articles,successfully go,0,13102,0.002185752592608647
Academic Articles,go upon,0,5694,0.002185752592608647
Academic Articles,upon becoming,0,14276,0.002185752592608647
Academic Articles,becoming operational,0,1279,0.002185752592608647
Academic Articles,operational standard,0,9126,0.002185752592608647
Academic Articles,standard weather,0,12765,0.002185752592608647
Academic Articles,weather go,0,14731,0.002185752592608647
Academic Articles,go replace,0,5690,0.002185752592608647
Academic Articles,replace another,0,11142,0.002185752592608647
Academic Articles,another recent,0,703,0.002185752592608647
Academic Articles,recent achievement,0,10883,0.002185752592608647
Academic Articles,achievement data,0,71,0.002185752592608647
Academic Articles,data constellation,0,2835,0.006557257777825942
Academic Articles,constellation observing,0,2337,0.004371505185217294
Academic Articles,system meteorology,0,13425,0.004371505185217294
Academic Articles,meteorology sphere,0,7950,0.002185752592608647
Academic Articles,sphere climate,0,12684,0.002185752592608647
Academic Articles,climate cosmic,0,1860,0.002185752592608647
Academic Articles,cosmic ionospheric,0,2487,0.002185752592608647
Academic Articles,ionospheric total,0,6893,0.004371505185217294
Academic Articles,total electron,0,13888,0.010928762963043237
Academic Articles,electron content,0,3892,0.008743010370434588
Academic Articles,content acquired,0,2354,0.002185752592608647
Academic Articles,acquired since,0,74,0.002185752592608647
Academic Articles,since operational,0,12147,0.002185752592608647
Academic Articles,operational model,0,9110,0.002185752592608647
Academic Articles,model future,0,8125,0.002185752592608647
Academic Articles,prediction interagency,0,10109,0.002185752592608647
Academic Articles,interagency community,0,6712,0.002185752592608647
Academic Articles,community modeling,0,2092,0.021857525926086474
Academic Articles,modeling center,0,8165,0.021857525926086474
Academic Articles,center upcoming,0,1706,0.002185752592608647
Academic Articles,upcoming exercise,0,14271,0.002185752592608647
Academic Articles,exercise aviation,0,4460,0.002185752592608647
Academic Articles,aviation community,0,1158,0.002185752592608647
Academic Articles,community improve,0,2083,0.002185752592608647
Academic Articles,improve operational,0,6244,0.002185752592608647
Academic Articles,operational interagency,0,9106,0.002185752592608647
Academic Articles,interagency interagency,0,6716,0.002185752592608647
Academic Articles,interagency panel,0,6718,0.002185752592608647
Academic Articles,panel arise,0,9304,0.002185752592608647
Academic Articles,arise multiple,0,812,0.002185752592608647
Academic Articles,multiple responsible,0,8342,0.002185752592608647
Academic Articles,responsible space,0,11395,0.002185752592608647
Academic Articles,weather communication,0,14664,0.004371505185217294
Academic Articles,communication across,0,2043,0.002185752592608647
Academic Articles,across four,0,99,0.002185752592608647
Academic Articles,four jinni,0,5305,0.002185752592608647
Academic Articles,jinni national,0,6933,0.002185752592608647
Academic Articles,national weather,0,8390,0.004986963556327714
Academic Articles,weather service,0,14840,0.004986963556327714
Academic Articles,service dan,0,11921,0.002185752592608647
Academic Articles,dan division,0,2782,0.002185752592608647
Academic Articles,division tammy,0,3515,0.002185752592608647
Academic Articles,tammy sage,0,13509,0.002185752592608647
Academic Articles,sage engineer,0,11537,0.002185752592608647
Academic Articles,engineer force,0,4035,0.002185752592608647
Academic Articles,force panel,0,5140,0.002185752592608647
Academic Articles,panel four,0,9317,0.002185752592608647
Academic Articles,key previous,0,6987,0.002185752592608647
Academic Articles,previous panel,0,10199,0.002185752592608647
Academic Articles,provided different,0,10507,0.002185752592608647
Academic Articles,different national,0,3322,0.002185752592608647
Academic Articles,weather current,0,14676,0.002185752592608647
Academic Articles,weather central,0,14657,0.002185752592608647
Academic Articles,central space,0,1721,0.002185752592608647
Academic Articles,effort thereby,0,3814,0.002185752592608647
Academic Articles,thereby strategy,0,13663,0.002185752592608647
Academic Articles,plan space,0,9757,0.002185752592608647
Academic Articles,mitigation working,0,8097,0.002185752592608647
Academic Articles,group national,0,5845,0.002185752592608647
Academic Articles,council national,0,2551,0.002185752592608647
Academic Articles,national security,0,8385,0.002185752592608647
Academic Articles,security technology,0,11843,0.002185752592608647
Academic Articles,act united,0,134,0.002185752592608647
Academic Articles,united protect,0,14203,0.002185752592608647
Academic Articles,protect societal,0,10434,0.002185752592608647
Academic Articles,societal economic,0,12257,0.004371505185217294
Academic Articles,economic working,0,3704,0.002185752592608647
Academic Articles,group executive,0,5842,0.002185752592608647
Academic Articles,branch figure,0,1465,0.002185752592608647
Academic Articles,administration necessary,0,379,0.002185752592608647
Academic Articles,necessary operational,0,8456,0.002185752592608647
Academic Articles,need note,0,8497,0.002185752592608647
Academic Articles,note geo,0,8820,0.002185752592608647
Academic Articles,geo orbit,0,5489,0.002185752592608647
Academic Articles,data service,0,2984,0.002185752592608647
Academic Articles,service source,0,11931,0.002185752592608647
Academic Articles,source national,0,12458,0.002185752592608647
Academic Articles,administration future,0,373,0.002185752592608647
Academic Articles,community understanding,0,2113,0.002185752592608647
Academic Articles,advisory group,0,409,0.006557257777825942
Academic Articles,swag receive,0,13357,0.002185752592608647
Academic Articles,receive advice,0,10878,0.002185752592608647
Academic Articles,end noted,0,3980,0.002185752592608647
Academic Articles,noted act,0,8828,0.002185752592608647
Academic Articles,act authorize,0,124,0.002185752592608647
Academic Articles,authorize agency,0,1113,0.002185752592608647
Academic Articles,agency rather,0,462,0.002185752592608647
Academic Articles,rather agency,0,10820,0.002185752592608647
Academic Articles,agency workshop,0,466,0.002185752592608647
Academic Articles,framework executive,0,5323,0.002185752592608647
Academic Articles,executive president,0,4458,0.004371505185217294
Academic Articles,president public,0,10177,0.002185752592608647
Academic Articles,public framework,0,10537,0.002185752592608647
Academic Articles,framework national,0,5327,0.002185752592608647
Academic Articles,interagency structure,0,6720,0.002185752592608647
Academic Articles,structure space,0,13053,0.002185752592608647
Academic Articles,process national,0,10295,0.002185752592608647
Academic Articles,plan framework,0,9755,0.002185752592608647
Academic Articles,framework figure,0,5324,0.002185752592608647
Academic Articles,figure activity,0,4780,0.002185752592608647
Academic Articles,exploration aviation,0,4500,0.002185752592608647
Academic Articles,aviation human,0,1160,0.004371505185217294
Academic Articles,human solar,0,6117,0.0016623211854425713
Academic Articles,system ambassador,0,13385,0.002185752592608647
Academic Articles,ambassador program,0,585,0.002185752592608647
Academic Articles,program however,0,10366,0.002185752592608647
Academic Articles,however still,0,6101,0.002185752592608647
Academic Articles,still lack,0,12849,0.002185752592608647
Academic Articles,lack concrete,0,7074,0.002185752592608647
Academic Articles,concrete implementation,0,2247,0.002185752592608647
Academic Articles,implementation weather,0,6195,0.002185752592608647
Academic Articles,weather various,0,14885,0.004371505185217294
Academic Articles,various act,0,14442,0.002185752592608647
Academic Articles,act direct,0,125,0.002185752592608647
Academic Articles,direct space,0,3359,0.002185752592608647
Academic Articles,research division,0,11243,0.002185752592608647
Academic Articles,division research,0,3513,0.002185752592608647
Academic Articles,research weather,0,11319,0.004371505185217294
Academic Articles,weather action,0,14631,0.004371505185217294
Academic Articles,plan various,0,9762,0.002185752592608647
Academic Articles,various survey,0,14465,0.002185752592608647
Academic Articles,survey force,0,13328,0.0016623211854425713
Academic Articles,force research,0,5141,0.0033246423708851425
Academic Articles,laboratory figure,0,7063,0.002185752592608647
Academic Articles,figure space,0,4833,0.008743010370434588
Academic Articles,research framework,0,11254,0.002185752592608647
Academic Articles,framework note,0,5329,0.002185752592608647
Academic Articles,note community,0,8814,0.002185752592608647
Academic Articles,center national,0,1688,0.002185752592608647
Academic Articles,service research,0,11930,0.002185752592608647
Academic Articles,center source,0,1702,0.004371505185217294
Academic Articles,source jinni,0,12455,0.002185752592608647
Academic Articles,jinni weather,0,6934,0.002185752592608647
Academic Articles,service future,0,11926,0.002185752592608647
Academic Articles,swag act,0,13354,0.002185752592608647
Academic Articles,act swag,0,133,0.002185752592608647
Academic Articles,swag five,0,13355,0.002185752592608647
Academic Articles,five commercial,0,4935,0.002185752592608647
Academic Articles,weather important,0,14736,0.004371505185217294
Academic Articles,important new,0,6222,0.002185752592608647
Academic Articles,new asset,0,8616,0.004371505185217294
Academic Articles,asset subcommittee,0,912,0.002185752592608647
Academic Articles,subcommittee direct,0,13075,0.002185752592608647
Academic Articles,direct advice,0,3355,0.002185752592608647
Academic Articles,commercial weather,0,2017,0.002185752592608647
Academic Articles,weather first,0,14713,0.002185752592608647
Academic Articles,first task,0,4925,0.002185752592608647
Academic Articles,task need,0,13518,0.002185752592608647
Academic Articles,survey concerning,0,13323,0.002185752592608647
Academic Articles,concerning space,0,2244,0.002185752592608647
Academic Articles,weather survey,0,14864,0.002185752592608647
Academic Articles,survey address,0,13321,0.002185752592608647
Academic Articles,address different,0,355,0.002185752592608647
Academic Articles,different electric,0,3312,0.002185752592608647
Academic Articles,power grid,0,10046,0.0064547034590513004
Academic Articles,grid aviation,0,5790,0.002185752592608647
Academic Articles,flight develop,0,5027,0.002185752592608647
Academic Articles,develop swag,0,3275,0.002185752592608647
Academic Articles,swag space,0,13358,0.002185752592608647
Academic Articles,space recently,0,12561,0.002185752592608647
Academic Articles,recently formed,0,10903,0.002185752592608647
Academic Articles,formed space,0,5274,0.002185752592608647
Academic Articles,national act,0,8366,0.002185752592608647
Academic Articles,council advisory,0,2548,0.002185752592608647
Academic Articles,advisory committee,0,408,0.002185752592608647
Academic Articles,committee swag,0,2029,0.002185752592608647
Academic Articles,swag support,0,13359,0.002185752592608647
Academic Articles,support weather,0,13286,0.002185752592608647
Academic Articles,among force,0,594,0.002185752592608647
Academic Articles,force weather,0,5145,0.002185752592608647
Academic Articles,weather collaboration,0,14661,0.002185752592608647
Academic Articles,collaboration space,0,1906,0.006557257777825942
Academic Articles,awareness vital,0,1188,0.002185752592608647
Academic Articles,vital importance,0,14541,0.002185752592608647
Academic Articles,importance space,0,6201,0.002185752592608647
Academic Articles,awareness environmental,0,1183,0.004371505185217294
Academic Articles,environmental defense,0,4187,0.006557257777825942
Academic Articles,defense see,0,3132,0.002185752592608647
Academic Articles,see use,0,11873,0.002185752592608647
Academic Articles,weather information,0,14743,0.015300268148260531
Academic Articles,information together,0,6487,0.002185752592608647
Academic Articles,together information,0,13856,0.002185752592608647
Academic Articles,information space,0,6483,0.004371505185217294
Academic Articles,space operational,0,12550,0.002185752592608647
Academic Articles,operational environment,0,9095,0.002185752592608647
Academic Articles,environment specific,0,4174,0.002185752592608647
Academic Articles,specific system,0,12637,0.002185752592608647
Academic Articles,system development,0,13399,0.002185752592608647
Academic Articles,development suite,0,3290,0.002185752592608647
Academic Articles,suite space,0,13138,0.002185752592608647
Academic Articles,space dent,0,12509,0.002185752592608647
Academic Articles,dent interagency,0,3202,0.002185752592608647
Academic Articles,interagency cover,0,6713,0.002185752592608647
Academic Articles,cover data,0,2594,0.002185752592608647
Academic Articles,data open,0,2932,0.002185752592608647
Academic Articles,open improve,0,9065,0.002185752592608647
Academic Articles,improve interagency,0,6242,0.002185752592608647
Academic Articles,management commercial,0,7716,0.002185752592608647
Academic Articles,commercial operational,0,2003,0.002185752592608647
Academic Articles,operational need,0,9111,0.008743010370434588
Academic Articles,need research,0,8509,0.002185752592608647
Academic Articles,community next,0,2094,0.004371505185217294
Academic Articles,next panel,0,8725,0.002185752592608647
Academic Articles,panel covered,0,9310,0.002185752592608647
Academic Articles,covered space,0,2617,0.002185752592608647
Academic Articles,weather user,0,14883,0.006557257777825942
Academic Articles,community five,0,2078,0.002185752592608647
Academic Articles,five hazel,0,4940,0.002185752592608647
Academic Articles,hazel space,0,5913,0.002185752592608647
Academic Articles,center section,0,1700,0.002185752592608647
Academic Articles,section mark,0,11830,0.002185752592608647
Academic Articles,mark engineer,0,7772,0.002185752592608647
Academic Articles,engineer north,0,4036,0.002185752592608647
Academic Articles,corporation technical,0,2476,0.002185752592608647
Academic Articles,technical commerce,0,13540,0.002185752592608647
Academic Articles,commerce key,0,1987,0.002185752592608647
Academic Articles,key new,0,6980,0.008743010370434588
Academic Articles,asset educate,0,898,0.002185752592608647
Academic Articles,educate user,0,3711,0.002185752592608647
Academic Articles,user new,0,14360,0.002185752592608647
Academic Articles,new making,0,8656,0.002185752592608647
Academic Articles,making competence,0,7702,0.002185752592608647
Academic Articles,competence community,0,2128,0.002185752592608647
Academic Articles,community ongoing,0,2095,0.002185752592608647
Academic Articles,ongoing research,0,9052,0.004371505185217294
Academic Articles,research user,0,11317,0.002185752592608647
Academic Articles,need government,0,8483,0.002185752592608647
Academic Articles,weather ship,0,14843,0.002185752592608647
Academic Articles,ship commercial,0,12019,0.002185752592608647
Academic Articles,commercial framework,0,1998,0.002185752592608647
Academic Articles,framework document,0,5322,0.002185752592608647
Academic Articles,document see,0,3519,0.002185752592608647
Academic Articles,see see,0,11867,0.002185752592608647
Academic Articles,see national,0,11860,0.002185752592608647
Academic Articles,weather future,0,14728,0.008743010370434588
Academic Articles,community previous,0,2100,0.002185752592608647
Academic Articles,previous subsection,0,10204,0.002185752592608647
Academic Articles,subsection operational,0,13080,0.002185752592608647
Academic Articles,operational efficient,0,9094,0.002185752592608647
Academic Articles,efficient testing,0,3803,0.002185752592608647
Academic Articles,testing feedback,0,13631,0.002185752592608647
Academic Articles,feedback specific,0,4661,0.002185752592608647
Academic Articles,specific operational,0,12634,0.004371505185217294
Academic Articles,operational efficiency,0,9093,0.002185752592608647
Academic Articles,efficiency new,0,3799,0.002185752592608647
Academic Articles,new bain,0,8617,0.002185752592608647
Academic Articles,bain current,0,1229,0.002185752592608647
Academic Articles,operational establish,0,9097,0.002185752592608647
Academic Articles,establish communicate,0,4262,0.002185752592608647
Academic Articles,communicate current,0,2041,0.002185752592608647
Academic Articles,current enable,0,2688,0.002185752592608647
Academic Articles,enable research,0,3968,0.002185752592608647
Academic Articles,operational transition,0,9127,0.002185752592608647
Academic Articles,transition include,0,13982,0.002185752592608647
Academic Articles,include recent,0,6295,0.002185752592608647
Academic Articles,recent proton,0,10891,0.002185752592608647
Academic Articles,proton distributed,0,10447,0.002185752592608647
Academic Articles,distributed ionospheric,0,3475,0.002185752592608647
Academic Articles,ionospheric disturbance,0,6874,0.002185752592608647
Academic Articles,disturbance research,0,3495,0.002185752592608647
Academic Articles,research bain,0,11226,0.002185752592608647
Academic Articles,bain research,0,1230,0.002185752592608647
Academic Articles,data availability,0,2808,0.008743010370434588
Academic Articles,availability example,0,1123,0.002185752592608647
Academic Articles,example global,0,4427,0.004371505185217294
Academic Articles,global neutron,0,5658,0.002185752592608647
Academic Articles,neutron network,0,8603,0.002185752592608647
Academic Articles,network radiation,0,8579,0.002185752592608647
Academic Articles,radiation aviation,0,10645,0.002185752592608647
Academic Articles,aviation industry,0,1161,0.002185752592608647
Academic Articles,industry cash,0,6400,0.002185752592608647
Academic Articles,cash presentation,0,1614,0.002185752592608647
Academic Articles,presentation providing,0,10166,0.002185752592608647
Academic Articles,research reliable,0,11294,0.002185752592608647
Academic Articles,reliable given,0,11099,0.002185752592608647
Academic Articles,given capability,0,5597,0.002185752592608647
Academic Articles,capability lower,0,1560,0.002185752592608647
Academic Articles,lower readiness,0,7534,0.002185752592608647
Academic Articles,readiness operational,0,10856,0.002185752592608647
Academic Articles,operational readiness,0,9119,0.002185752592608647
Academic Articles,readiness figure,0,10854,0.002185752592608647
Academic Articles,figure first,0,4797,0.002185752592608647
Academic Articles,ground established,0,5818,0.002185752592608647
Academic Articles,established architecture,0,4263,0.002185752592608647
Academic Articles,evaluation goddard,0,4281,0.002185752592608647
Academic Articles,center first,0,1677,0.002185752592608647
Academic Articles,weather figure,0,14710,0.004371505185217294
Academic Articles,weather funnel,0,14727,0.002185752592608647
Academic Articles,funnel showing,0,5383,0.002185752592608647
Academic Articles,showing note,0,12044,0.002185752592608647
Academic Articles,note arc,0,8813,0.002185752592608647
Academic Articles,arc applied,0,768,0.002185752592608647
Academic Articles,applied research,0,734,0.002185752592608647
Academic Articles,research challenge,0,11230,0.002185752592608647
Academic Articles,challenge coe,0,1740,0.002185752592608647
Academic Articles,coe level,0,1892,0.002185752592608647
Academic Articles,level source,0,7270,0.002185752592608647
Academic Articles,source cash,0,12445,0.002185752592608647
Academic Articles,cash space,0,1615,0.002185752592608647
Academic Articles,center process,0,1695,0.002185752592608647
Academic Articles,process arc,0,10288,0.002185752592608647
Academic Articles,arc future,0,769,0.002185752592608647
Academic Articles,infrastructure first,0,6522,0.002185752592608647
Academic Articles,weather conduct,0,14669,0.002185752592608647
Academic Articles,conduct initial,0,2256,0.002185752592608647
Academic Articles,initial bring,0,6599,0.002185752592608647
Academic Articles,bring together,0,1495,0.002185752592608647
Academic Articles,together internal,0,13857,0.002185752592608647
Academic Articles,internal external,0,6755,0.002185752592608647
Academic Articles,external federal,0,4534,0.002185752592608647
Academic Articles,federal current,0,4654,0.002185752592608647
Academic Articles,current need,0,2703,0.002185752592608647
Academic Articles,weather support,0,14863,0.004371505185217294
Academic Articles,support demonstrate,0,13263,0.002185752592608647
Academic Articles,demonstrate new,0,3172,0.002185752592608647
Academic Articles,new provide,0,8678,0.002185752592608647
Academic Articles,provide although,0,10465,0.002185752592608647
Academic Articles,although space,0,570,0.004371505185217294
Academic Articles,workshop rep,0,15250,0.002185752592608647
Academic Articles,rep electric,0,11140,0.002185752592608647
Academic Articles,aviation provided,0,1165,0.002185752592608647
Academic Articles,provided space,0,10512,0.002185752592608647
Academic Articles,weather improve,0,14738,0.002185752592608647
Academic Articles,improve industry,0,6241,0.002185752592608647
Academic Articles,industry collaborative,0,6402,0.002185752592608647
Academic Articles,collaborative engagement,0,1910,0.002185752592608647
Academic Articles,engagement industry,0,4033,0.002185752592608647
Academic Articles,industry service,0,6415,0.002185752592608647
Academic Articles,service essential,0,11925,0.002185752592608647
Academic Articles,essential progress,0,4256,0.002185752592608647
Academic Articles,progress north,0,10386,0.002185752592608647
Academic Articles,corporation ing,0,2469,0.002185752592608647
Academic Articles,ing north,0,6586,0.002185752592608647
Academic Articles,north electrical,0,8779,0.002185752592608647
Academic Articles,electrical grid,0,3864,0.0033246423708851425
Academic Articles,grid mandatory,0,5795,0.002185752592608647
Academic Articles,mandatory reliability,0,7728,0.002185752592608647
Academic Articles,reliability associated,0,11093,0.002185752592608647
Academic Articles,associated geomagnetic,0,962,0.004371505185217294
Academic Articles,geomagnetic first,0,5513,0.0016623211854425713
Academic Articles,first grid,0,4908,0.002185752592608647
Academic Articles,grid must,0,5797,0.002185752592608647
Academic Articles,must second,0,8356,0.002185752592608647
Academic Articles,second grid,0,11811,0.002185752592608647
Academic Articles,grid asset,0,5788,0.002185752592608647
Academic Articles,asset must,0,904,0.002185752592608647
Academic Articles,must assess,0,8354,0.002185752592608647
Academic Articles,assess design,0,889,0.002185752592608647
Academic Articles,design event,0,3219,0.002185752592608647
Academic Articles,event electric,0,4320,0.002185752592608647
Academic Articles,power industry,0,10049,0.002185752592608647
Academic Articles,industry make,0,6407,0.002185752592608647
Academic Articles,information actionable,0,6456,0.002185752592608647
Academic Articles,actionable key,0,140,0.002185752592608647
Academic Articles,key storm,0,6999,0.002185752592608647
Academic Articles,storm intensity,0,12899,0.004371505185217294
Academic Articles,intensity scale,0,6685,0.002185752592608647
Academic Articles,scale highest,0,11637,0.002185752592608647
Academic Articles,highest activity,0,6013,0.002185752592608647
Academic Articles,activity minor,0,240,0.0016623211854425713
Academic Articles,minor electrical,0,8010,0.002185752592608647
Academic Articles,grid whereas,0,5808,0.002185752592608647
Academic Articles,whereas cause,0,14996,0.002185752592608647
Academic Articles,cause major,0,1633,0.002185752592608647
Academic Articles,major scale,0,7682,0.002185752592608647
Academic Articles,scale cover,0,11628,0.002185752592608647
Academic Articles,cover need,0,2600,0.002185752592608647
Academic Articles,need include,0,8488,0.002185752592608647
Academic Articles,include longer,0,6289,0.002185752592608647
Academic Articles,longer forecast,0,7471,0.002185752592608647
Academic Articles,time accurate,0,13752,0.004371505185217294
Academic Articles,accurate geographic,0,58,0.002185752592608647
Academic Articles,geographic location,0,5493,0.002185752592608647
Academic Articles,location spatial,0,7452,0.002185752592608647
Academic Articles,spatial better,0,12606,0.002185752592608647
Academic Articles,better uncertainty,0,1368,0.002185752592608647
Academic Articles,uncertainty confidence,0,14090,0.002185752592608647
Academic Articles,confidence improving,0,2275,0.002185752592608647
Academic Articles,improving electric,0,6253,0.002185752592608647
Academic Articles,grid design,0,5792,0.004371505185217294
Academic Articles,design architecture,0,3218,0.002185752592608647
Academic Articles,architecture current,0,775,0.002185752592608647
Academic Articles,current grid,0,2697,0.002185752592608647
Academic Articles,grid space,0,5805,0.004371505185217294
Academic Articles,weather disturbance,0,14685,0.002185752592608647
Academic Articles,disturbance peak,0,3493,0.002185752592608647
Academic Articles,peak magnitude,0,9476,0.002185752592608647
Academic Articles,magnitude ground,0,7651,0.002185752592608647
Academic Articles,ground field,0,5819,0.002185752592608647
Academic Articles,field spatial,0,4755,0.002185752592608647
Academic Articles,spatial temporal,0,12615,0.015300268148260531
Academic Articles,temporal granularity,0,13589,0.002185752592608647
Academic Articles,granularity ground,0,5756,0.002185752592608647
Academic Articles,ground complex,0,5812,0.002185752592608647
Academic Articles,complex conductivity,0,2137,0.002185752592608647
Academic Articles,conductivity collection,0,2261,0.002185752592608647
Academic Articles,collection induced,0,1923,0.002185752592608647
Academic Articles,induced current,0,6388,0.002185752592608647
Academic Articles,current model,0,2702,0.002185752592608647
Academic Articles,model validation,0,8154,0.006557257777825942
Academic Articles,validation magnetic,0,14385,0.002185752592608647
Academic Articles,field variability,0,4774,0.002185752592608647
Academic Articles,variability collected,0,14421,0.002185752592608647
Academic Articles,collected strong,0,1919,0.002185752592608647
Academic Articles,strong since,0,13035,0.002185752592608647
Academic Articles,since available,0,12138,0.002185752592608647
Academic Articles,available portal,0,1148,0.002185752592608647
Academic Articles,portal north,0,9912,0.002185752592608647
Academic Articles,electric industry,0,3855,0.002185752592608647
Academic Articles,industry collaboration,0,6401,0.002185752592608647
Academic Articles,community industrial,0,2086,0.002185752592608647
Academic Articles,industrial collaboration,0,6395,0.002185752592608647
Academic Articles,collaboration industry,0,1901,0.002185752592608647
Academic Articles,industry rep,0,6411,0.002185752592608647
Academic Articles,rep service,0,11141,0.002185752592608647
Academic Articles,service aviation,0,11919,0.002185752592608647
Academic Articles,aviation major,0,1163,0.002185752592608647
Academic Articles,major polar,0,7680,0.004371505185217294
Academic Articles,polar space,0,9881,0.004371505185217294
Academic Articles,weather energetic,0,14695,0.002185752592608647
Academic Articles,particle example,0,9385,0.002185752592608647
Academic Articles,example united,0,4448,0.002185752592608647
Academic Articles,united flown,0,14197,0.002185752592608647
Academic Articles,flown polar,0,5045,0.002185752592608647
Academic Articles,polar since,0,9879,0.002185752592608647
Academic Articles,since year,0,12158,0.002185752592608647
Academic Articles,year numerous,0,15280,0.002185752592608647
Academic Articles,numerous space,0,8899,0.002185752592608647
Academic Articles,weather mitigation,0,14775,0.002185752592608647
Academic Articles,mitigation flight,0,8090,0.002185752592608647
Academic Articles,flight relate,0,5030,0.002185752592608647
Academic Articles,relate environmental,0,11051,0.002185752592608647
Academic Articles,environmental affecting,0,4184,0.002185752592608647
Academic Articles,affecting aircraft,0,436,0.002185752592608647
Academic Articles,aircraft data,0,492,0.002185752592608647
Academic Articles,making available,0,7699,0.002185752592608647
Academic Articles,available model,0,1146,0.002185752592608647
Academic Articles,validation commercial,0,14378,0.002185752592608647
Academic Articles,commercial better,0,1990,0.002185752592608647
Academic Articles,better data,0,1351,0.002185752592608647
Academic Articles,data port,0,2942,0.002185752592608647
Academic Articles,port decision,0,9911,0.002185752592608647
Academic Articles,decision making,0,3106,0.004371505185217294
Academic Articles,making avoid,0,7700,0.002185752592608647
Academic Articles,avoid flight,0,1170,0.002185752592608647
Academic Articles,flight weather,0,5034,0.002185752592608647
Academic Articles,weather case,0,14656,0.0016623211854425713
Academic Articles,case space,0,1613,0.002185752592608647
Academic Articles,weather forecast,0,14718,0.0033246423708851425
Academic Articles,lead lead,0,7187,0.002185752592608647
Academic Articles,time allow,0,13758,0.004371505185217294
Academic Articles,allow cargo,0,510,0.002185752592608647
Academic Articles,cargo however,0,1592,0.002185752592608647
Academic Articles,however shorter,0,6096,0.002185752592608647
Academic Articles,shorter indicate,0,12035,0.002185752592608647
Academic Articles,indicate communication,0,6375,0.002185752592608647
Academic Articles,communication integrity,0,2051,0.002185752592608647
Academic Articles,integrity future,0,6672,0.002185752592608647
Academic Articles,community maintain,0,2088,0.002185752592608647
Academic Articles,maintain communication,0,7669,0.002185752592608647
Academic Articles,communication aircraft,0,2044,0.002185752592608647
Academic Articles,aircraft potentially,0,496,0.002185752592608647
Academic Articles,potentially affected,0,10026,0.002185752592608647
Academic Articles,affected aircraft,0,435,0.002185752592608647
Academic Articles,aircraft space,0,497,0.002185752592608647
Academic Articles,communication timely,0,2059,0.002185752592608647
Academic Articles,timely manner,0,13838,0.002185752592608647
Academic Articles,manner important,0,7733,0.002185752592608647
Academic Articles,important aviation,0,6203,0.002185752592608647
Academic Articles,aviation weather,0,1169,0.002185752592608647
Academic Articles,weather expanding,0,14704,0.002185752592608647
Academic Articles,expanding navigation,0,4470,0.002185752592608647
Academic Articles,navigation oceanic,0,8409,0.002185752592608647
Academic Articles,oceanic air,0,9007,0.002185752592608647
Academic Articles,air traffic,0,490,0.002185752592608647
Academic Articles,traffic could,0,13935,0.002185752592608647
Academic Articles,could common,0,2513,0.002185752592608647
Academic Articles,common space,0,2038,0.002185752592608647
Academic Articles,weather knowledge,0,14754,0.002185752592608647
Academic Articles,knowledge package,0,7047,0.002185752592608647
Academic Articles,package throughout,0,9300,0.002185752592608647
Academic Articles,throughout consistent,0,13706,0.002185752592608647
Academic Articles,consistent data,0,2317,0.002185752592608647
Academic Articles,repository environment,0,11157,0.002185752592608647
Academic Articles,environment commerce,0,4135,0.002185752592608647
Academic Articles,commerce figure,0,1985,0.002185752592608647
Academic Articles,figure industry,0,4804,0.002185752592608647
Academic Articles,government policy,0,5731,0.002185752592608647
Academic Articles,policy directive,0,9895,0.002185752592608647
Academic Articles,directive man,0,3376,0.002185752592608647
Academic Articles,man basic,0,7713,0.002185752592608647
Academic Articles,basic space,0,1258,0.002185752592608647
Academic Articles,awareness domain,0,1181,0.002185752592608647
Academic Articles,awareness information,0,1185,0.002185752592608647
Academic Articles,information primarily,0,6475,0.002185752592608647
Academic Articles,primarily collision,0,10209,0.002185752592608647
Academic Articles,collision avoidance,0,1930,0.008743010370434588
Academic Articles,avoidance space,0,1174,0.002185752592608647
Academic Articles,traffic earth,0,13936,0.002185752592608647
Academic Articles,orbit proving,0,9188,0.002185752592608647
Academic Articles,ground mature,0,5826,0.002185752592608647
Academic Articles,mature stakeholder,0,7836,0.002185752592608647
Academic Articles,stakeholder system,0,12757,0.002185752592608647
Academic Articles,system support,0,13453,0.002185752592608647
Academic Articles,support ongoing,0,13275,0.002185752592608647
Academic Articles,research experimentation,0,11250,0.002185752592608647
Academic Articles,experimentation development,0,4493,0.002185752592608647
Academic Articles,development environment,0,3281,0.002185752592608647
Academic Articles,environment operational,0,4160,0.002185752592608647
Academic Articles,operational based,0,9086,0.002185752592608647
Academic Articles,based near,0,1252,0.002185752592608647
Academic Articles,near future,0,8429,0.004371505185217294
Academic Articles,future modular,0,5424,0.002185752592608647
Academic Articles,modular design,0,8240,0.002185752592608647
Academic Articles,design new,0,3226,0.002185752592608647
Academic Articles,new advanced,0,8611,0.002185752592608647
Academic Articles,advanced diverse,0,394,0.002185752592608647
Academic Articles,diverse data,0,3501,0.002185752592608647
Academic Articles,weather orbit,0,14793,0.002185752592608647
Academic Articles,orbit promote,0,9187,0.002185752592608647
Academic Articles,promote data,0,10400,0.004371505185217294
Academic Articles,data collaboration,0,2823,0.002185752592608647
Academic Articles,collaboration across,0,1899,0.002185752592608647
Academic Articles,across international,0,103,0.002185752592608647
Academic Articles,atmospheric commerce,0,1052,0.002185752592608647
Academic Articles,commerce open,0,1988,0.002185752592608647
Academic Articles,open architecture,0,9062,0.002185752592608647
Academic Articles,architecture data,0,776,0.002185752592608647
Academic Articles,repository source,0,11161,0.002185752592608647
Academic Articles,source commerce,0,12447,0.002185752592608647
Academic Articles,commerce future,0,1986,0.002185752592608647
Academic Articles,infrastructure session,0,6560,0.002185752592608647
Academic Articles,session final,0,11939,0.002185752592608647
Academic Articles,final panel,0,4861,0.002185752592608647
Academic Articles,panel dealt,0,9311,0.002185752592608647
Academic Articles,dealt space,0,3083,0.002185752592608647
Academic Articles,space naval,0,12545,0.002185752592608647
Academic Articles,laboratory goddard,0,7066,0.002185752592608647
Academic Articles,center key,0,1683,0.002185752592608647
Academic Articles,key current,0,6964,0.002185752592608647
Academic Articles,space response,0,12563,0.002185752592608647
Academic Articles,response panel,0,11378,0.002185752592608647
Academic Articles,panel various,0,9346,0.002185752592608647
Academic Articles,various potential,0,14461,0.002185752592608647
Academic Articles,potential diversity,0,9998,0.002185752592608647
Academic Articles,diversity physic,0,3508,0.002185752592608647
Academic Articles,physic figure,0,9686,0.002185752592608647
Academic Articles,figure sub,0,4835,0.002185752592608647
Academic Articles,sub statistical,0,13071,0.002185752592608647
Academic Articles,statistical recent,0,12810,0.002185752592608647
Academic Articles,recent decadal,0,10885,0.004371505185217294
Academic Articles,decadal astrophysics,0,3085,0.002185752592608647
Academic Articles,astrophysics planetary,0,1001,0.002185752592608647
Academic Articles,planetary decadal,0,9773,0.002185752592608647
Academic Articles,decadal information,0,3086,0.002185752592608647
Academic Articles,information national,0,6470,0.002185752592608647
Academic Articles,foundation geophysical,0,5292,0.002185752592608647
Academic Articles,geophysical union,0,5568,0.01329856948354057
Academic Articles,union astronomical,0,14179,0.002185752592608647
Academic Articles,astronomical society,0,994,0.002185752592608647
Academic Articles,workshop morrow,0,15243,0.002185752592608647
Academic Articles,morrow see,0,8264,0.002185752592608647
Academic Articles,see statistical,0,11870,0.002185752592608647
Academic Articles,statistical research,0,12811,0.002185752592608647
Academic Articles,research center,0,11229,0.002185752592608647
Academic Articles,center figure,0,1676,0.004371505185217294
Academic Articles,figure demographic,0,4791,0.002185752592608647
Academic Articles,demographic space,0,3169,0.002185752592608647
Academic Articles,science broken,0,11693,0.002185752592608647
Academic Articles,broken science,0,1505,0.002185752592608647
Academic Articles,mission directorate,0,8058,0.008743010370434588
Academic Articles,directorate astrophysics,0,3385,0.002185752592608647
Academic Articles,astrophysics earth,0,999,0.002185752592608647
Academic Articles,earth science,0,3671,0.006557257777825942
Academic Articles,science planetary,0,11740,0.002185752592608647
Academic Articles,planetary science,0,9779,0.004371505185217294
Academic Articles,science boulder,0,11689,0.002185752592608647
Academic Articles,boulder national,0,1445,0.004371505185217294
Academic Articles,medicine advancing,0,7910,0.002185752592608647
Academic Articles,advancing diversity,0,402,0.004371505185217294
Academic Articles,diversity equity,0,3506,0.004371505185217294
Academic Articles,equity inclusion,0,4206,0.004371505185217294
Academic Articles,inclusion space,0,6316,0.004371505185217294
Academic Articles,press space,0,10182,0.002185752592608647
Academic Articles,space slowly,0,12568,0.002185752592608647
Academic Articles,slowly racial,0,12228,0.002185752592608647
Academic Articles,racial remain,0,10631,0.004371505185217294
Academic Articles,remain severely,0,11113,0.004371505185217294
Academic Articles,severely future,0,11990,0.002185752592608647
Academic Articles,community dominant,0,2074,0.002185752592608647
Academic Articles,dominant situation,0,3533,0.002185752592608647
Academic Articles,situation space,0,12177,0.002185752592608647
Academic Articles,science white,0,11767,0.002185752592608647
Academic Articles,white male,0,15017,0.002185752592608647
Academic Articles,male female,0,7712,0.002185752592608647
Academic Articles,female representation,0,4664,0.002185752592608647
Academic Articles,representation slowly,0,11164,0.002185752592608647
Academic Articles,slowly nonwhite,0,12227,0.002185752592608647
Academic Articles,nonwhite racial,0,8769,0.002185752592608647
Academic Articles,severely undergraduate,0,11992,0.002185752592608647
Academic Articles,undergraduate major,0,14102,0.002185752592608647
Academic Articles,major known,0,7677,0.002185752592608647
Academic Articles,known begin,0,7051,0.002185752592608647
Academic Articles,begin taking,0,1284,0.002185752592608647
Academic Articles,taking math,0,13496,0.002185752592608647
Academic Articles,math university,0,7828,0.002185752592608647
Academic Articles,university eventually,0,14213,0.002185752592608647
Academic Articles,eventually drop,0,4371,0.002185752592608647
Academic Articles,drop major,0,3590,0.002185752592608647
Academic Articles,major math,0,7678,0.002185752592608647
Academic Articles,math physic,0,7827,0.002185752592608647
Academic Articles,physic undergraduate,0,9705,0.002185752592608647
Academic Articles,undergraduate prevalent,0,14103,0.002185752592608647
Academic Articles,prevalent among,0,10187,0.002185752592608647
Academic Articles,among mathematics,0,599,0.002185752592608647
Academic Articles,mathematics physic,0,7830,0.002185752592608647
Academic Articles,physic especially,0,9684,0.002185752592608647
Academic Articles,especially important,0,4244,0.002185752592608647
Academic Articles,important retaining,0,6225,0.002185752592608647
Academic Articles,retaining several,0,11407,0.002185752592608647
Academic Articles,several first,0,11966,0.002185752592608647
Academic Articles,first second,0,4920,0.0016623211854425713
Academic Articles,second physic,0,11817,0.002185752592608647
Academic Articles,physic roughly,0,9700,0.002185752592608647
Academic Articles,roughly equal,0,11510,0.002185752592608647
Academic Articles,equal global,0,4197,0.002185752592608647
Academic Articles,global talent,0,5672,0.002185752592608647
Academic Articles,talent strongly,0,13500,0.002185752592608647
Academic Articles,strongly united,0,13039,0.002185752592608647
Academic Articles,united educated,0,14196,0.002185752592608647
Academic Articles,educated united,0,3712,0.002185752592608647
Academic Articles,united domestic,0,14195,0.002185752592608647
Academic Articles,domestic united,0,3532,0.002185752592608647
Academic Articles,united demographic,0,14194,0.002185752592608647
Academic Articles,demographic research,0,3168,0.002185752592608647
Academic Articles,research collected,0,11231,0.002185752592608647
Academic Articles,collected personal,0,1918,0.002185752592608647
Academic Articles,personal submission,0,9620,0.002185752592608647
Academic Articles,submission although,0,13079,0.002185752592608647
Academic Articles,although data,0,558,0.002185752592608647
Academic Articles,data somewhat,0,2992,0.002185752592608647
Academic Articles,somewhat limited,0,12435,0.002185752592608647
Academic Articles,limited severely,0,7401,0.002185752592608647
Academic Articles,severely similar,0,11991,0.002185752592608647
Academic Articles,similar across,0,12109,0.002185752592608647
Academic Articles,across science,0,114,0.002185752592608647
Academic Articles,directorate made,0,3387,0.002185752592608647
Academic Articles,made improve,0,7564,0.002185752592608647
Academic Articles,improve important,0,6240,0.002185752592608647
Academic Articles,important upcoming,0,6231,0.002185752592608647
Academic Articles,upcoming decadal,0,14269,0.002185752592608647
Academic Articles,decadal survey,0,3087,0.015300268148260531
Academic Articles,survey profession,0,13332,0.002185752592608647
Academic Articles,profession along,0,10350,0.002185752592608647
Academic Articles,along recent,0,536,0.002185752592608647
Academic Articles,survey astronomy,0,13322,0.002185752592608647
Academic Articles,astronomy astrophysics,0,996,0.002185752592608647
Academic Articles,astrophysics ing,0,1000,0.002185752592608647
Academic Articles,data seven,0,2986,0.002185752592608647
Academic Articles,seven essential,0,11960,0.002185752592608647
Academic Articles,essential solar,0,4258,0.002185752592608647
Academic Articles,upper atmospheric,0,14282,0.004371505185217294
Academic Articles,atmospheric survey,0,1068,0.002185752592608647
Academic Articles,survey point,0,13331,0.002185752592608647
Academic Articles,point decadal,0,9836,0.002185752592608647
Academic Articles,survey consider,0,13324,0.002185752592608647
Academic Articles,consider survey,0,2305,0.002185752592608647
Academic Articles,survey data,0,13326,0.002185752592608647
Academic Articles,data similar,0,2989,0.004371505185217294
Academic Articles,similar data,0,12110,0.002185752592608647
Academic Articles,data pointed,0,2941,0.004371505185217294
Academic Articles,pointed essential,0,9849,0.002185752592608647
Academic Articles,essential among,0,4250,0.002185752592608647
Academic Articles,among data,0,592,0.002185752592608647
Academic Articles,data example,0,2860,0.006557257777825942
Academic Articles,example demographic,0,4423,0.002185752592608647
Academic Articles,demographic information,0,3167,0.002185752592608647
Academic Articles,information recently,0,6478,0.002185752592608647
Academic Articles,recently cedar,0,10900,0.002185752592608647
Academic Articles,cedar community,0,1651,0.002185752592608647
Academic Articles,community various,0,2114,0.002185752592608647
Academic Articles,various career,0,14446,0.002185752592608647
Academic Articles,career undergraduate,0,1589,0.002185752592608647
Academic Articles,undergraduate graduate,0,14101,0.004371505185217294
Academic Articles,graduate making,0,5749,0.002185752592608647
Academic Articles,making difficult,0,7704,0.002185752592608647
Academic Articles,difficult spoke,0,3344,0.002185752592608647
Academic Articles,spoke significant,0,12707,0.002185752592608647
Academic Articles,significant atmospheric,0,12076,0.002185752592608647
Academic Articles,research science,0,11298,0.002185752592608647
Academic Articles,science bridge,0,11690,0.002185752592608647
Academic Articles,bridge program,0,1479,0.002185752592608647
Academic Articles,program historically,0,10365,0.002185752592608647
Academic Articles,historically especially,0,6027,0.002185752592608647
Academic Articles,especially atmospheric,0,4239,0.002185752592608647
Academic Articles,atmospheric program,0,1062,0.002185752592608647
Academic Articles,program many,0,10368,0.002185752592608647
Academic Articles,many current,0,7743,0.004371505185217294
Academic Articles,current science,0,2720,0.002185752592608647
Academic Articles,science secondary,0,11752,0.002185752592608647
Academic Articles,secondary stereotype,0,11826,0.002185752592608647
Academic Articles,stereotype threat,0,12842,0.002185752592608647
Academic Articles,threat imposter,0,13697,0.002185752592608647
Academic Articles,imposter syndrome,0,6236,0.002185752592608647
Academic Articles,syndrome implicit,0,13375,0.002185752592608647
Academic Articles,implicit systemic,0,6196,0.002185752592608647
Academic Articles,systemic racism,0,13463,0.002185752592608647
Academic Articles,racism program,0,10632,0.002185752592608647
Academic Articles,program reflect,0,10375,0.002185752592608647
Academic Articles,reflect low,0,10951,0.002185752592608647
Academic Articles,low participation,0,7512,0.002185752592608647
Academic Articles,participation historically,0,9372,0.002185752592608647
Academic Articles,historically atmospheric,0,6025,0.002185752592608647
Academic Articles,atmospheric space,0,1067,0.0033246423708851425
Academic Articles,space fully,0,12525,0.002185752592608647
Academic Articles,fully traditional,0,5374,0.002185752592608647
Academic Articles,traditional atmospheric,0,13927,0.002185752592608647
Academic Articles,atmospheric science,0,1065,0.004371505185217294
Academic Articles,science academic,0,11682,0.002185752592608647
Academic Articles,academic lower,0,18,0.002185752592608647
Academic Articles,lower first,0,7530,0.002185752592608647
Academic Articles,first perhaps,0,4915,0.002185752592608647
Academic Articles,perhaps ibid,0,9520,0.002185752592608647
Academic Articles,ibid see,0,6125,0.002185752592608647
Academic Articles,see future,0,11856,0.002185752592608647
Academic Articles,infrastructure thus,0,6566,0.002185752592608647
Academic Articles,thus help,0,13733,0.002185752592608647
Academic Articles,help unique,0,5945,0.002185752592608647
Academic Articles,unique situation,0,14189,0.002185752592608647
Academic Articles,situation better,0,12174,0.002185752592608647
Academic Articles,better target,0,1366,0.002185752592608647
Academic Articles,target underrepresentation,0,13510,0.002185752592608647
Academic Articles,underrepresentation expanding,0,14112,0.002185752592608647
Academic Articles,expanding recruitment,0,4472,0.002185752592608647
Academic Articles,recruitment tribal,0,10933,0.002185752592608647
Academic Articles,tribal historically,0,14016,0.002185752592608647
Academic Articles,historically black,0,6026,0.002185752592608647
Academic Articles,black various,0,1411,0.002185752592608647
Academic Articles,various national,0,14455,0.002185752592608647
Academic Articles,national underrepresentation,0,8389,0.002185752592608647
Academic Articles,underrepresentation science,0,14113,0.002185752592608647
Academic Articles,science help,0,11716,0.002185752592608647
Academic Articles,help diversify,0,5936,0.002185752592608647
Academic Articles,diversify career,0,3503,0.002185752592608647
Academic Articles,career outside,0,1588,0.002185752592608647
Academic Articles,outside key,0,9272,0.002185752592608647
Academic Articles,key consideration,0,6963,0.004371505185217294
Academic Articles,consideration job,0,2309,0.002185752592608647
Academic Articles,job culture,0,6935,0.002185752592608647
Academic Articles,culture people,0,2661,0.002185752592608647
Academic Articles,people like,0,9494,0.002185752592608647
Academic Articles,like throughout,0,7322,0.002185752592608647
Academic Articles,throughout included,0,13712,0.002185752592608647
Academic Articles,included active,0,6307,0.002185752592608647
Academic Articles,active employee,0,153,0.002185752592608647
Academic Articles,employee resource,0,3959,0.004371505185217294
Academic Articles,resource affinity,0,11363,0.002185752592608647
Academic Articles,affinity effective,0,444,0.002185752592608647
Academic Articles,effective retention,0,3792,0.002185752592608647
Academic Articles,retention employee,0,11408,0.002185752592608647
Academic Articles,resource goddard,0,11364,0.002185752592608647
Academic Articles,center numerous,0,1691,0.002185752592608647
Academic Articles,numerous resource,0,8898,0.002185752592608647
Academic Articles,resource active,0,11362,0.002185752592608647
Academic Articles,active among,0,144,0.002185752592608647
Academic Articles,among native,0,600,0.002185752592608647
Academic Articles,native community,0,8393,0.002185752592608647
Academic Articles,community group,0,2082,0.002185752592608647
Academic Articles,group leadership,0,5844,0.002185752592608647
Academic Articles,leadership level,0,7197,0.002185752592608647
Academic Articles,level attend,0,7262,0.002185752592608647
Academic Articles,attend meet,0,1073,0.002185752592608647
Academic Articles,meet hear,0,7917,0.002185752592608647
Academic Articles,hear effective,0,5916,0.002185752592608647
Academic Articles,effective diversity,0,3786,0.002185752592608647
Academic Articles,diversity goddard,0,3507,0.002185752592608647
Academic Articles,goddard strong,0,5702,0.002185752592608647
Academic Articles,strong beyond,0,13021,0.002185752592608647
Academic Articles,beyond geophysical,0,1381,0.002185752592608647
Academic Articles,union program,0,14183,0.002185752592608647
Academic Articles,program often,0,10371,0.002185752592608647
Academic Articles,often effective,0,9028,0.002185752592608647
Academic Articles,effective involve,0,3788,0.002185752592608647
Academic Articles,involve partner,0,6797,0.002185752592608647
Academic Articles,partner high,0,9432,0.002185752592608647
Academic Articles,high school,0,5990,0.002185752592608647
Academic Articles,school college,0,11678,0.002185752592608647
Academic Articles,college graduate,0,1928,0.002185752592608647
Academic Articles,graduate school,0,5750,0.002185752592608647
Academic Articles,school cox,0,11679,0.002185752592608647
Academic Articles,cox environment,0,2624,0.002185752592608647
Academic Articles,environment defense,0,4139,0.002185752592608647
Academic Articles,defense attribution,0,3128,0.002185752592608647
Academic Articles,attribution orbital,0,1077,0.002185752592608647
Academic Articles,orbital asset,0,9203,0.002185752592608647
Academic Articles,asset electromagnetic,0,899,0.002185752592608647
Academic Articles,electromagnetic spectrum,0,3887,0.002185752592608647
Academic Articles,spectrum link,0,12656,0.002185752592608647
Academic Articles,link optical,0,7426,0.002185752592608647
Academic Articles,optical space,0,9140,0.002185752592608647
Academic Articles,space surveillance,0,12577,0.002185752592608647
Academic Articles,surveillance tech,0,13320,0.002185752592608647
Academic Articles,tech conference,0,13536,0.002185752592608647
Academic Articles,conference summary,0,2274,0.002185752592608647
Academic Articles,summary demographic,0,13144,0.002185752592608647
Academic Articles,demographic data,0,3166,0.002185752592608647
Academic Articles,data diversity,0,2852,0.002185752592608647
Academic Articles,diversity engineering,0,3505,0.002185752592608647
Academic Articles,medicine university,0,7914,0.002185752592608647
Academic Articles,university learning,0,14216,0.002185752592608647
Academic Articles,improve undergraduate,0,6250,0.002185752592608647
Academic Articles,undergraduate science,0,14104,0.002185752592608647
Academic Articles,science education,0,11703,0.004371505185217294
Academic Articles,education nature,0,3714,0.002185752592608647
Academic Articles,nature executive,0,8399,0.002185752592608647
Academic Articles,space research,0,12562,0.006557257777825942
Academic Articles,council solar,0,2553,0.002185752592608647
Academic Articles,physic decadal,0,9679,0.002185752592608647
Academic Articles,survey demographic,0,13327,0.002185752592608647
Academic Articles,demographic study,0,3170,0.002185752592608647
Academic Articles,study ann,0,13061,0.002185752592608647
Academic Articles,ann arbor,0,683,0.002185752592608647
Academic Articles,arbor national,0,767,0.002185752592608647
Academic Articles,science observation,0,11735,0.004371505185217294
Academic Articles,observation gap,0,8907,0.008743010370434588
Academic Articles,analysis national,0,637,0.006557257777825942
Academic Articles,application space,0,730,0.002185752592608647
Academic Articles,program national,0,10369,0.002185752592608647
Academic Articles,weather infrastructure,0,14744,0.004371505185217294
Academic Articles,press advancing,0,10179,0.002185752592608647
Academic Articles,group news,0,5846,0.002185752592608647
Academic Articles,news around,0,8706,0.002185752592608647
Academic Articles,around national,0,843,0.004371505185217294
Academic Articles,foundation doctorate,0,5289,0.002185752592608647
Academic Articles,doctorate center,0,3518,0.002185752592608647
Academic Articles,center science,0,1699,0.002185752592608647
Academic Articles,science engineering,0,11707,0.004371505185217294
Academic Articles,engineering statistic,0,4048,0.002185752592608647
Academic Articles,statistic talking,0,12804,0.002185752592608647
Academic Articles,talking leaving,0,13506,0.002185752592608647
Academic Articles,leaving persistence,0,7231,0.002185752592608647
Academic Articles,persistence relocation,0,9611,0.002185752592608647
Academic Articles,relocation stem,0,11102,0.002185752592608647
Academic Articles,stem education,0,12832,0.002185752592608647
Academic Articles,education cham,0,3713,0.002185752592608647
Academic Articles,cham springer,0,1742,0.002185752592608647
Academic Articles,springer nature,0,12738,0.002185752592608647
Academic Articles,nature cosmic,0,8397,0.002185752592608647
Academic Articles,cosmic mission,0,2488,0.002185752592608647
Academic Articles,mission atmosphere,0,8049,0.002185752592608647
Academic Articles,atmosphere future,0,1019,0.002185752592608647
Academic Articles,reserved research,0,11328,0.030600536296521062
Academic Articles,sun research,0,13228,0.004371505185217294
Academic Articles,need various,0,8525,0.002185752592608647
Academic Articles,various weather,0,14469,0.002185752592608647
Academic Articles,weather sun,0,14862,0.004371505185217294
Academic Articles,ionosphere ground,0,6836,0.002185752592608647
Academic Articles,ground weather,0,5837,0.002185752592608647
Academic Articles,specifically different,0,12641,0.004371505185217294
Academic Articles,different examine,0,3315,0.006557257777825942
Academic Articles,research key,0,11271,0.004371505185217294
Academic Articles,key session,0,6996,0.010928762963043237
Academic Articles,session observation,0,11944,0.004371505185217294
Academic Articles,sun following,0,13187,0.002185752592608647
Academic Articles,following key,0,5117,0.015300268148260531
Academic Articles,key system,0,7001,0.004371505185217294
Academic Articles,observatory strategically,0,8962,0.002185752592608647
Academic Articles,strategically individual,0,12973,0.002185752592608647
Academic Articles,science weather,0,11766,0.004371505185217294
Academic Articles,weather entire,0,14698,0.002185752592608647
Academic Articles,entire understanding,0,4131,0.002185752592608647
Academic Articles,understanding behavior,0,14127,0.002185752592608647
Academic Articles,behavior single,0,1298,0.002185752592608647
Academic Articles,single important,0,12165,0.006557257777825942
Academic Articles,important measurement,0,6218,0.004371505185217294
Academic Articles,measurement understanding,0,7900,0.004371505185217294
Academic Articles,understanding corona,0,14128,0.004371505185217294
Academic Articles,corona time,0,2435,0.002185752592608647
Academic Articles,time high,0,13785,0.002185752592608647
Academic Articles,high time,0,5999,0.004371505185217294
Academic Articles,time cadence,0,13765,0.002185752592608647
Academic Articles,cadence photospheric,0,1530,0.002185752592608647
Academic Articles,magnetic validate,0,7636,0.002185752592608647
Academic Articles,validate mass,0,14374,0.002185752592608647
Academic Articles,mass evolution,0,7792,0.002185752592608647
Academic Articles,evolution approach,0,4390,0.002185752592608647
Academic Articles,approach earth,0,743,0.002185752592608647
Academic Articles,earth continuous,0,3644,0.002185752592608647
Academic Articles,continuous global,0,2388,0.006557257777825942
Academic Articles,global solar,0,5667,0.004371505185217294
Academic Articles,solar corona,0,12288,0.013114515555651884
Academic Articles,corona observing,0,2428,0.002185752592608647
Academic Articles,data crucial,0,2842,0.004371505185217294
Academic Articles,crucial important,0,2656,0.002185752592608647
Academic Articles,important global,0,6214,0.002185752592608647
Academic Articles,global sun,0,5669,0.002185752592608647
Academic Articles,sun multiple,0,13213,0.002185752592608647
Academic Articles,multiple vantage,0,8349,0.002185752592608647
Academic Articles,vantage future,0,14414,0.002185752592608647
Academic Articles,infrastructure consider,0,6510,0.006557257777825942
Academic Articles,initiative national,0,6606,0.006557257777825942
Academic Articles,research research,0,11296,0.006557257777825942
Academic Articles,data non,0,2926,0.006557257777825942
Academic Articles,non operational,0,8753,0.006557257777825942
Academic Articles,forecasting chapter,0,5228,0.002185752592608647
Academic Articles,chapter next,0,1795,0.002185752592608647
Academic Articles,next summarize,0,8732,0.002185752592608647
Academic Articles,summarize research,0,13140,0.002185752592608647
Academic Articles,sun chapter,0,13171,0.002185752592608647
Academic Articles,chapter research,0,1796,0.002185752592608647
Academic Articles,ionosphere meso,0,6844,0.002185752592608647
Academic Articles,meso sphere,0,7938,0.002185752592608647
Academic Articles,sphere research,0,12688,0.002185752592608647
Academic Articles,modeling ground,0,8180,0.002185752592608647
Academic Articles,ground various,0,5836,0.002185752592608647
Academic Articles,various traditional,0,14468,0.002185752592608647
Academic Articles,traditional form,0,13929,0.002185752592608647
Academic Articles,form panelist,0,5263,0.002185752592608647
Academic Articles,panelist significant,0,9352,0.002185752592608647
Academic Articles,significant overlap,0,12094,0.004371505185217294
Academic Articles,overlap among,0,9289,0.004371505185217294
Academic Articles,among output,0,601,0.002185752592608647
Academic Articles,output effort,0,9264,0.004371505185217294
Academic Articles,effort session,0,3813,0.004371505185217294
Academic Articles,session synthesis,0,11949,0.004371505185217294
Academic Articles,synthesis several,0,13381,0.002185752592608647
Academic Articles,several session,0,11980,0.002185752592608647
Academic Articles,workshop observation,0,15245,0.002185752592608647
Academic Articles,observation need,0,8911,0.006557257777825942
Academic Articles,sun four,0,13188,0.002185752592608647
Academic Articles,four keynote,0,5307,0.004371505185217294
Academic Articles,keynote various,0,7010,0.002185752592608647
Academic Articles,various research,0,14463,0.002185752592608647
Academic Articles,need mainly,0,8493,0.002185752592608647
Academic Articles,mainly sun,0,7667,0.002185752592608647
Academic Articles,sun model,0,13212,0.002185752592608647
Academic Articles,model observation,0,8136,0.002185752592608647
Academic Articles,sun panel,0,13220,0.002185752592608647
Academic Articles,panel observation,0,9330,0.006557257777825942
Academic Articles,need solar,0,8514,0.002185752592608647
Academic Articles,wind four,0,15090,0.002185752592608647
Academic Articles,keynote drew,0,7005,0.002185752592608647
Academic Articles,drew applied,0,3570,0.002185752592608647
Academic Articles,physic university,0,9707,0.010928762963043237
Academic Articles,university goddard,0,14215,0.002185752592608647
Academic Articles,flight space,0,5032,0.0016623211854425713
Academic Articles,space center,0,12501,0.008743010370434588
Academic Articles,center given,0,1680,0.002185752592608647
Academic Articles,given following,0,5601,0.002185752592608647
Academic Articles,consideration predictive,0,2310,0.002185752592608647
Academic Articles,predictive following,0,10120,0.002185752592608647
Academic Articles,following shown,0,5130,0.002185752592608647
Academic Articles,shown research,0,12052,0.002185752592608647
Academic Articles,research understanding,0,11314,0.002185752592608647
Academic Articles,understanding turner,0,14150,0.002185752592608647
Academic Articles,turner weather,0,14048,0.002185752592608647
Academic Articles,atmospheric following,0,1057,0.002185752592608647
Academic Articles,following stealth,0,5132,0.002185752592608647
Academic Articles,stealth clear,0,12831,0.002185752592608647
Academic Articles,clear talk,0,1855,0.002185752592608647
Academic Articles,talk key,0,13501,0.002185752592608647
Academic Articles,key gap,0,6970,0.002185752592608647
Academic Articles,analysis university,0,657,0.002185752592608647
Academic Articles,laboratory explicit,0,7062,0.002185752592608647
Academic Articles,explicit task,0,4495,0.002185752592608647
Academic Articles,task space,0,13520,0.002185752592608647
Academic Articles,weather predictive,0,14811,0.002185752592608647
Academic Articles,predictive weather,0,10130,0.002185752592608647
Academic Articles,weather turner,0,14877,0.004371505185217294
Academic Articles,turner defined,0,14042,0.002185752592608647
Academic Articles,defined space,0,3134,0.002185752592608647
Academic Articles,space intersection,0,12534,0.002185752592608647
Academic Articles,intersection natural,0,6786,0.002185752592608647
Academic Articles,space scientific,0,12565,0.006557257777825942
Academic Articles,scientific research,0,11779,0.0033246423708851425
Academic Articles,technology require,0,13570,0.002185752592608647
Academic Articles,require risk,0,11200,0.002185752592608647
Academic Articles,risk space,0,11465,0.002185752592608647
Academic Articles,weather span,0,14851,0.002185752592608647
Academic Articles,span applied,0,12592,0.002185752592608647
Academic Articles,science future,0,11713,0.002185752592608647
Academic Articles,reserved sun,0,11333,0.013114515555651884
Academic Articles,analysis turner,0,655,0.002185752592608647
Academic Articles,turner space,0,14046,0.002185752592608647
Academic Articles,weather effect,0,14690,0.004371505185217294
Academic Articles,effect five,0,3739,0.002185752592608647
Academic Articles,five direct,0,4938,0.002185752592608647
Academic Articles,direct sun,0,3360,0.002185752592608647
Academic Articles,solar radio,0,12376,0.002185752592608647
Academic Articles,radiation effect,0,10657,0.006557257777825942
Academic Articles,effect ionospheric,0,3745,0.002185752592608647
Academic Articles,ionospheric effect,0,6877,0.002185752592608647
Academic Articles,effect affect,0,3720,0.002185752592608647
Academic Articles,affect radio,0,428,0.0016623211854425713
Academic Articles,radio signal,0,10741,0.0016623211854425713
Academic Articles,signal propagation,0,12066,0.004371505185217294
Academic Articles,propagation expansion,0,10413,0.002185752592608647
Academic Articles,expansion induced,0,4473,0.002185752592608647
Academic Articles,induced affect,0,6386,0.002185752592608647
Academic Articles,affect critical,0,418,0.0016623211854425713
Academic Articles,critical ground,0,2631,0.002185752592608647
Academic Articles,ground report,0,5830,0.002185752592608647
Academic Articles,report various,0,11156,0.002185752592608647
Academic Articles,various space,0,14464,0.002185752592608647
Academic Articles,weather likelihood,0,14761,0.002185752592608647
Academic Articles,likelihood combined,0,7323,0.002185752592608647
Academic Articles,combined risk,0,1947,0.002185752592608647
Academic Articles,risk analysis,0,11455,0.002185752592608647
Academic Articles,analysis current,0,624,0.002185752592608647
Academic Articles,weather observation,0,14787,0.004371505185217294
Academic Articles,gap top,0,5457,0.002185752592608647
Academic Articles,top resulting,0,13875,0.002185752592608647
Academic Articles,resulting list,0,11402,0.002185752592608647
Academic Articles,list solar,0,7433,0.002185752592608647
Academic Articles,line ionospheric,0,7413,0.002185752592608647
Academic Articles,key solar,0,6997,0.002185752592608647
Academic Articles,solar key,0,12339,0.004371505185217294
Academic Articles,particle precipitation,0,9399,0.015300268148260531
Academic Articles,precipitation cusp,0,10084,0.002185752592608647
Academic Articles,auroral precipitation,0,1104,0.002185752592608647
Academic Articles,precipitation ring,0,10087,0.002185752592608647
Academic Articles,belt plasma,0,1313,0.002185752592608647
Academic Articles,sheet orbit,0,12007,0.002185752592608647
Academic Articles,orbit geo,0,9164,0.004371505185217294
Academic Articles,geo medium,0,5488,0.004371505185217294
Academic Articles,orbit based,0,9149,0.002185752592608647
Academic Articles,based asset,0,1247,0.002185752592608647
Academic Articles,asset turner,0,914,0.002185752592608647
Academic Articles,turner audience,0,14040,0.002185752592608647
Academic Articles,audience gap,0,1078,0.002185752592608647
Academic Articles,analysis asset,0,616,0.002185752592608647
Academic Articles,asset observational,0,905,0.002185752592608647
Academic Articles,observational approach,0,8915,0.004371505185217294
Academic Articles,approach supporting,0,752,0.002185752592608647
Academic Articles,supporting infrastructure,0,13288,0.002185752592608647
Academic Articles,weather develop,0,14682,0.002185752592608647
Academic Articles,develop see,0,3273,0.002185752592608647
Academic Articles,figure persistent,0,4821,0.004371505185217294
Academic Articles,persistent turner,0,9616,0.002185752592608647
Academic Articles,turner could,0,14041,0.002185752592608647
Academic Articles,could provide,0,2535,0.008743010370434588
Academic Articles,provide solar,0,10496,0.002185752592608647
Academic Articles,solar disk,0,12300,0.008311605927212857
Academic Articles,disk solar,0,3452,0.004371505185217294
Academic Articles,corona solar,0,2433,0.017486020740869176
Academic Articles,wind useful,0,15187,0.002185752592608647
Academic Articles,measuring potentially,0,7908,0.002185752592608647
Academic Articles,potentially active,0,10025,0.002185752592608647
Academic Articles,active solar,0,181,0.004371505185217294
Academic Articles,wind stream,0,15173,0.006557257777825942
Academic Articles,stream figure,0,12989,0.002185752592608647
Academic Articles,persistent observational,0,9613,0.004371505185217294
Academic Articles,wind specifically,0,15168,0.002185752592608647
Academic Articles,specifically provide,0,12644,0.002185752592608647
Academic Articles,provide comprehensive,0,10469,0.002185752592608647
Academic Articles,comprehensive solar,0,2203,0.008743010370434588
Academic Articles,disk coverage,0,3433,0.002185752592608647
Academic Articles,coverage note,0,2606,0.002185752592608647
Academic Articles,note corona,0,8816,0.002185752592608647
Academic Articles,corona mass,0,2427,0.004371505185217294
Academic Articles,particle source,0,9403,0.002185752592608647
Academic Articles,source drew,0,12450,0.002185752592608647
Academic Articles,drew turner,0,3571,0.004371505185217294
Academic Articles,turner university,0,14047,0.002185752592608647
Academic Articles,laboratory grid,0,7067,0.002185752592608647
Academic Articles,grid persistent,0,5801,0.002185752592608647
Academic Articles,observational coverage,0,8917,0.004371505185217294
Academic Articles,coverage solar,0,2609,0.004371505185217294
Academic Articles,solar driver,0,12301,0.002185752592608647
Academic Articles,driver solar,0,3582,0.002185752592608647
Academic Articles,wind plus,0,15139,0.002185752592608647
Academic Articles,plus upstream,0,9830,0.002185752592608647
Academic Articles,upstream parker,0,14286,0.002185752592608647
Academic Articles,parker remote,0,9363,0.002185752592608647
Academic Articles,remote comprehensive,0,11127,0.002185752592608647
Academic Articles,wind combined,0,15059,0.002185752592608647
Academic Articles,combined solar,0,1950,0.002185752592608647
Academic Articles,wind advanced,0,15046,0.002185752592608647
Academic Articles,advanced parker,0,397,0.002185752592608647
Academic Articles,parker spiral,0,9365,0.006557257777825942
Academic Articles,spiral comprehensive,0,12693,0.002185752592608647
Academic Articles,disk active,0,3423,0.0033246423708851425
Academic Articles,active region,0,177,0.00516376276724104
Academic Articles,region solar,0,11033,0.002185752592608647
Academic Articles,wind comprehensive,0,15062,0.002185752592608647
Academic Articles,region future,0,11000,0.002185752592608647
Academic Articles,infrastructure solar,0,6561,0.002185752592608647
Academic Articles,energetic forecasting,0,3992,0.002185752592608647
Academic Articles,forecasting chal,0,5227,0.002185752592608647
Academic Articles,chal communication,0,1737,0.002185752592608647
Academic Articles,communication turner,0,2061,0.002185752592608647
Academic Articles,turner additional,0,14039,0.002185752592608647
Academic Articles,additional solar,0,349,0.0033246423708851425
Academic Articles,wind boundary,0,15054,0.002185752592608647
Academic Articles,boundary could,0,1452,0.002185752592608647
Academic Articles,provide better,0,10466,0.002185752592608647
Academic Articles,better specification,0,1364,0.002185752592608647
Academic Articles,specification finally,0,12648,0.002185752592608647
Academic Articles,finally persistent,0,4876,0.002185752592608647
Academic Articles,persistent radiation,0,9614,0.002185752592608647
Academic Articles,environment lunar,0,4152,0.002185752592608647
Academic Articles,lunar astronaut,0,7541,0.002185752592608647
Academic Articles,astronaut infrastructure,0,990,0.002185752592608647
Academic Articles,infrastructure comprehensive,0,6509,0.002185752592608647
Academic Articles,comprehensive sphere,0,2205,0.002185752592608647
Academic Articles,sphere radiation,0,12687,0.002185752592608647
Academic Articles,belt science,0,1316,0.002185752592608647
Academic Articles,turner noted,0,14044,0.002185752592608647
Academic Articles,noted next,0,8845,0.002185752592608647
Academic Articles,next thin,0,8734,0.002185752592608647
Academic Articles,thin host,0,13679,0.002185752592608647
Academic Articles,host around,0,6043,0.002185752592608647
Academic Articles,around need,0,844,0.002185752592608647
Academic Articles,need accurate,0,8458,0.002185752592608647
Academic Articles,weather could,0,14670,0.0033246423708851425
Academic Articles,could region,0,2536,0.002185752592608647
Academic Articles,region turner,0,11040,0.002185752592608647
Academic Articles,turner filling,0,14043,0.002185752592608647
Academic Articles,filling observational,0,4851,0.002185752592608647
Academic Articles,concurrent strategy,0,2250,0.002185752592608647
Academic Articles,strategy agen,0,12978,0.002185752592608647
Academic Articles,agen implementation,0,449,0.002185752592608647
Academic Articles,implementation observing,0,6192,0.002185752592608647
Academic Articles,simulation analysis,0,12126,0.002185752592608647
Academic Articles,analysis magnetic,0,635,0.002185752592608647
Academic Articles,field versus,0,4777,0.002185752592608647
Academic Articles,versus transport,0,14506,0.002185752592608647
Academic Articles,transport assimilation,0,13990,0.002185752592608647
Academic Articles,learning data,0,7212,0.006557257777825942
Academic Articles,data next,0,2925,0.002185752592608647
Academic Articles,next talk,0,8733,0.002185752592608647
Academic Articles,talk space,0,13503,0.002185752592608647
Academic Articles,weather understand,0,14878,0.002185752592608647
Academic Articles,understand relevant,0,14124,0.002185752592608647
Academic Articles,relevant physical,0,11087,0.002185752592608647
Academic Articles,physical solar,0,9725,0.002185752592608647
Academic Articles,wind structure,0,15176,0.002185752592608647
Academic Articles,structure turbulence,0,13054,0.002185752592608647
Academic Articles,turbulence nonlinear,0,14035,0.002185752592608647
Academic Articles,nonlinear ionospheric,0,8765,0.002185752592608647
Academic Articles,ionospheric coupling,0,6872,0.002185752592608647
Academic Articles,coupling neutral,0,2578,0.002185752592608647
Academic Articles,neutral atmosphere,0,8587,0.006557257777825942
Academic Articles,atmosphere ionosphere,0,1025,0.0033246423708851425
Academic Articles,ionosphere furthermore,0,6833,0.002185752592608647
Academic Articles,furthermore physical,0,5394,0.002185752592608647
Academic Articles,physical dynamic,0,9713,0.002185752592608647
Academic Articles,dynamic across,0,3597,0.002185752592608647
Academic Articles,across spatial,0,118,0.002185752592608647
Academic Articles,temporal scale,0,13593,0.010928762963043237
Academic Articles,scale space,0,11665,0.0016623211854425713
Academic Articles,weather benefit,0,14647,0.004371505185217294
Academic Articles,benefit collaboration,0,1319,0.002185752592608647
Academic Articles,physic already,0,9672,0.002185752592608647
Academic Articles,already taking,0,547,0.002185752592608647
Academic Articles,taking computational,0,13494,0.002185752592608647
Academic Articles,computational earth,0,2211,0.002185752592608647
Academic Articles,earth whose,0,3681,0.002185752592608647
Academic Articles,whose atmospheric,0,15027,0.002185752592608647
Academic Articles,atmospheric important,0,1058,0.002185752592608647
Academic Articles,understanding space,0,14148,0.0033246423708851425
Academic Articles,space advanced,0,12495,0.002185752592608647
Academic Articles,advanced assimilation,0,391,0.002185752592608647
Academic Articles,assimilation model,0,928,0.002185752592608647
Academic Articles,model better,0,8107,0.002185752592608647
Academic Articles,better continuous,0,1350,0.002185752592608647
Academic Articles,continuous solar,0,2395,0.0016623211854425713
Academic Articles,solar magnetic,0,12344,0.00258188138362052
Academic Articles,field use,0,4772,0.002185752592608647
Academic Articles,use ma,0,14311,0.002185752592608647
Academic Articles,ma parallel,0,7547,0.002185752592608647
Academic Articles,parallel computational,0,9358,0.002185752592608647
Academic Articles,computational community,0,2210,0.002185752592608647
Academic Articles,center international,0,1681,0.002185752592608647
Academic Articles,action team,0,139,0.002185752592608647
Academic Articles,team making,0,13526,0.002185752592608647
Academic Articles,making validation,0,7711,0.002185752592608647
Academic Articles,validation however,0,14383,0.002185752592608647
Academic Articles,however serious,0,6094,0.002185752592608647
Academic Articles,serious new,0,11915,0.002185752592608647
Academic Articles,new computational,0,8626,0.004371505185217294
Academic Articles,computational weather,0,2217,0.002185752592608647
Academic Articles,weather make,0,14767,0.002185752592608647
Academic Articles,make help,0,7690,0.002185752592608647
Academic Articles,help improve,0,5938,0.002185752592608647
Academic Articles,forecasting undertaking,0,5255,0.002185752592608647
Academic Articles,undertaking complex,0,14161,0.002185752592608647
Academic Articles,complex earth,0,2140,0.002185752592608647
Academic Articles,earth system,0,3678,0.004371505185217294
Academic Articles,system space,0,13450,0.010928762963043237
Academic Articles,weather require,0,14830,0.015300268148260531
Academic Articles,require additional,0,11171,0.004371505185217294
Academic Articles,additional notion,0,340,0.002185752592608647
Academic Articles,notion full,0,8860,0.002185752592608647
Academic Articles,full plasma,0,5363,0.002185752592608647
Academic Articles,plasma magnetic,0,9802,0.004986963556327714
Academic Articles,field geomagnetic,0,4693,0.0016623211854425713
Academic Articles,geomagnetic radiation,0,5544,0.002185752592608647
Academic Articles,belt measuring,0,1311,0.002185752592608647
Academic Articles,measuring hour,0,7905,0.002185752592608647
Academic Articles,hour lead,0,6052,0.002185752592608647
Academic Articles,time knowing,0,13792,0.002185752592608647
Academic Articles,knowing plasma,0,7037,0.002185752592608647
Academic Articles,plasma leaf,0,9801,0.002185752592608647
Academic Articles,leaf sun,0,7201,0.002185752592608647
Academic Articles,sun give,0,13192,0.004371505185217294
Academic Articles,give lead,0,5592,0.002185752592608647
Academic Articles,time currently,0,13769,0.002185752592608647
Academic Articles,currently feasible,0,2735,0.002185752592608647
Academic Articles,feasible coronal,0,4648,0.002185752592608647
Academic Articles,mass interplanetary,0,7798,0.006557257777825942
Academic Articles,interplanetary magnetic,0,6778,0.0033246423708851425
Academic Articles,field thus,0,4766,0.002185752592608647
Academic Articles,thus critical,0,13730,0.002185752592608647
Academic Articles,critical space,0,2641,0.002185752592608647
Academic Articles,weather magnetic,0,14766,0.002185752592608647
Academic Articles,magnetic typically,0,7632,0.002185752592608647
Academic Articles,typically ing,0,14064,0.002185752592608647
Academic Articles,ing interaction,0,6582,0.002185752592608647
Academic Articles,interaction complex,0,6699,0.002185752592608647
Academic Articles,complex ordered,0,2151,0.002185752592608647
Academic Articles,ordered lead,0,9210,0.002185752592608647
Academic Articles,time increasing,0,13788,0.002185752592608647
Academic Articles,increasing accuracy,0,6344,0.002185752592608647
Academic Articles,accuracy primary,0,54,0.002185752592608647
Academic Articles,primary forecasting,0,10226,0.002185752592608647
Academic Articles,forecasting prediction,0,5245,0.002185752592608647
Academic Articles,prediction modeling,0,10110,0.002185752592608647
Academic Articles,modeling remote,0,8197,0.004371505185217294
Academic Articles,remote see,0,11137,0.002185752592608647
Academic Articles,figure future,0,4801,0.002185752592608647
Academic Articles,sun key,0,13206,0.002185752592608647
Academic Articles,key revolve,0,6994,0.002185752592608647
Academic Articles,revolve around,0,11420,0.002185752592608647
Academic Articles,around way,0,859,0.002185752592608647
Academic Articles,way active,0,14588,0.002185752592608647
Academic Articles,active emerge,0,152,0.004371505185217294
Academic Articles,emerge evolve,0,3938,0.002185752592608647
Academic Articles,evolve around,0,4397,0.002185752592608647
Academic Articles,around active,0,816,0.0016623211854425713
Academic Articles,coronal eruption,0,2455,0.002185752592608647
Academic Articles,eruption computational,0,4221,0.002185752592608647
Academic Articles,computational require,0,2216,0.002185752592608647
Academic Articles,require physic,0,11194,0.002185752592608647
Academic Articles,physic description,0,9680,0.002185752592608647
Academic Articles,description long,0,3217,0.002185752592608647
Academic Articles,long day,0,7460,0.002185752592608647
Academic Articles,day lead,0,3054,0.002185752592608647
Academic Articles,time better,0,13763,0.002185752592608647
Academic Articles,better accuracy,0,1348,0.002185752592608647
Academic Articles,accuracy lead,0,52,0.002185752592608647
Academic Articles,lead day,0,7184,0.002185752592608647
Academic Articles,day remote,0,3067,0.002185752592608647
Academic Articles,remote either,0,11128,0.002185752592608647
Academic Articles,either solar,0,3830,0.002185752592608647
Academic Articles,solar observational,0,12356,0.002185752592608647
Academic Articles,observational empirical,0,8919,0.002185752592608647
Academic Articles,however complex,0,6063,0.002185752592608647
Academic Articles,complex possibly,0,2152,0.002185752592608647
Academic Articles,possibly solar,0,9986,0.002185752592608647
Academic Articles,solar maximum,0,12346,0.004986963556327714
Academic Articles,maximum full,0,7842,0.002185752592608647
Academic Articles,full incorporate,0,5361,0.002185752592608647
Academic Articles,incorporate multiple,0,6325,0.002185752592608647
Academic Articles,multiple currently,0,8322,0.002185752592608647
Academic Articles,currently nonstandard,0,2738,0.002185752592608647
Academic Articles,nonstandard example,0,8767,0.002185752592608647
Academic Articles,example variable,0,4449,0.002185752592608647
Academic Articles,variable solar,0,14431,0.0016623211854425713
Academic Articles,wind successive,0,15177,0.002185752592608647
Academic Articles,successive unusual,0,13105,0.002185752592608647
Academic Articles,unusual stated,0,14266,0.002185752592608647
Academic Articles,stated remote,0,12795,0.002185752592608647
Academic Articles,remote key,0,11133,0.002185752592608647
Academic Articles,key modeling,0,6979,0.002185752592608647
Academic Articles,modeling key,0,8184,0.002185752592608647
Academic Articles,key science,0,6995,0.006557257777825942
Academic Articles,science include,0,11720,0.002185752592608647
Academic Articles,include formation,0,6285,0.002185752592608647
Academic Articles,formation evolution,0,5272,0.002185752592608647
Academic Articles,evolution complex,0,4391,0.002185752592608647
Academic Articles,complex stealth,0,2159,0.002185752592608647
Academic Articles,stealth area,0,12830,0.002185752592608647
Academic Articles,area dis,0,797,0.002185752592608647
Academic Articles,dis tinct,0,3390,0.002185752592608647
Academic Articles,tinct observational,0,13843,0.002185752592608647
Academic Articles,observational line,0,8926,0.002185752592608647
Academic Articles,line particularly,0,7417,0.002185752592608647
Academic Articles,particularly valuable,0,9431,0.002185752592608647
Academic Articles,valuable polar,0,14399,0.002185752592608647
Academic Articles,polar magnetic,0,9875,0.010928762963043237
Academic Articles,magnetic best,0,7575,0.002185752592608647
Academic Articles,best done,0,1336,0.002185752592608647
Academic Articles,done ecliptic,0,3536,0.002185752592608647
Academic Articles,ecliptic plane,0,3695,0.010928762963043237
Academic Articles,plane solar,0,9769,0.002185752592608647
Academic Articles,wind related,0,15154,0.002185752592608647
Academic Articles,related standing,0,11059,0.002185752592608647
Academic Articles,standing sheath,0,12770,0.002185752592608647
Academic Articles,sheath deflection,0,12000,0.002185752592608647
Academic Articles,deflection different,0,3138,0.002185752592608647
Academic Articles,different data,0,3309,0.008743010370434588
Academic Articles,data remote,0,2968,0.002185752592608647
Academic Articles,remote ensemble,0,11130,0.002185752592608647
Academic Articles,ensemble figure,0,4098,0.002185752592608647
Academic Articles,figure lead,0,4807,0.002185752592608647
Academic Articles,time versus,0,13833,0.002185752592608647
Academic Articles,versus modeling,0,14501,0.002185752592608647
Academic Articles,modeling note,0,8191,0.002185752592608647
Academic Articles,note space,0,8826,0.002185752592608647
Academic Articles,workshop lead,0,15242,0.002185752592608647
Academic Articles,lead different,0,7185,0.002185752592608647
Academic Articles,different lead,0,3319,0.002185752592608647
Academic Articles,time shock,0,13819,0.002185752592608647
Academic Articles,shock solar,0,12031,0.002185752592608647
Academic Articles,solar cruiser,0,12295,0.002185752592608647
Academic Articles,cruiser cusp,0,2659,0.002185752592608647
Academic Articles,cusp min,0,2753,0.002185752592608647
Academic Articles,min implementation,0,7996,0.002185752592608647
Academic Articles,implementation diamond,0,6188,0.002185752592608647
Academic Articles,diamond day,0,3297,0.002185752592608647
Academic Articles,day implementation,0,3051,0.002185752592608647
Academic Articles,implementation ground,0,6189,0.002185752592608647
Academic Articles,ground stereo,0,5833,0.002185752592608647
Academic Articles,stereo punch,0,12841,0.002185752592608647
Academic Articles,punch vigil,0,10548,0.002185752592608647
Academic Articles,vigil modeling,0,14527,0.002185752592608647
Academic Articles,modeling day,0,8169,0.002185752592608647
Academic Articles,day note,0,3058,0.002185752592608647
Academic Articles,note directly,0,8818,0.002185752592608647
Academic Articles,directly future,0,3380,0.002185752592608647
Academic Articles,infrastructure machine,0,6536,0.002185752592608647
Academic Articles,learning however,0,7217,0.002185752592608647
Academic Articles,however accurate,0,6057,0.002185752592608647
Academic Articles,accurate polarity,0,62,0.002185752592608647
Academic Articles,polarity affecting,0,9885,0.002185752592608647
Academic Articles,affecting solar,0,442,0.002185752592608647
Academic Articles,wind primarily,0,15144,0.002185752592608647
Academic Articles,primarily multiple,0,10215,0.002185752592608647
Academic Articles,multiple characterize,0,8321,0.002185752592608647
Academic Articles,characterize solar,0,1801,0.002185752592608647
Academic Articles,wind key,0,15106,0.002185752592608647
Academic Articles,science involve,0,11724,0.002185752592608647
Academic Articles,involve example,0,6795,0.002185752592608647
Academic Articles,example solar,0,4442,0.002185752592608647
Academic Articles,solar hour,0,12331,0.002185752592608647
Academic Articles,hour travel,0,6054,0.002185752592608647
Academic Articles,travel time,0,14005,0.002185752592608647
Academic Articles,time bow,0,13764,0.002185752592608647
Academic Articles,bow shock,0,1460,0.013114515555651884
Academic Articles,shock relevant,0,12025,0.002185752592608647
Academic Articles,relevant solar,0,11088,0.002185752592608647
Academic Articles,wind prior,0,15146,0.002185752592608647
Academic Articles,prior shown,0,10233,0.002185752592608647
Academic Articles,shown solar,0,12053,0.002185752592608647
Academic Articles,wind bow,0,15055,0.002185752592608647
Academic Articles,shock small,0,12030,0.002185752592608647
Academic Articles,small pointed,0,12240,0.002185752592608647
Academic Articles,pointed systemic,0,9856,0.002185752592608647
Academic Articles,systemic approach,0,13461,0.002185752592608647
Academic Articles,approach random,0,746,0.002185752592608647
Academic Articles,random final,0,10765,0.002185752592608647
Academic Articles,final presentation,0,4863,0.006557257777825942
Academic Articles,presentation solar,0,10170,0.004371505185217294
Academic Articles,particle sufficiently,0,9405,0.002185752592608647
Academic Articles,sufficiently radiation,0,13121,0.002185752592608647
Academic Articles,radiation noted,0,10672,0.002185752592608647
Academic Articles,noted international,0,8836,0.002185752592608647
Academic Articles,station take,0,12800,0.002185752592608647
Academic Articles,take earth,0,13487,0.002185752592608647
Academic Articles,orbit inside,0,9174,0.002185752592608647
Academic Articles,inside protective,0,6632,0.002185752592608647
Academic Articles,protective however,0,10439,0.002185752592608647
Academic Articles,however farther,0,6072,0.002185752592608647
Academic Articles,farther become,0,4626,0.002185752592608647
Academic Articles,become increasingly,0,1268,0.002185752592608647
Academic Articles,increasingly important,0,6359,0.002185752592608647
Academic Articles,important furthermore,0,6210,0.002185752592608647
Academic Articles,furthermore consistent,0,5385,0.002185752592608647
Academic Articles,consistent across,0,2316,0.002185752592608647
Academic Articles,across community,0,90,0.002185752592608647
Academic Articles,community space,0,2107,0.002185752592608647
Academic Articles,radiation analysis,0,10643,0.0016623211854425713
Academic Articles,analysis group,0,630,0.002185752592608647
Academic Articles,group requirement,0,5849,0.002185752592608647
Academic Articles,requirement research,0,11216,0.002185752592608647
Academic Articles,research energy,0,11249,0.002185752592608647
Academic Articles,energy noted,0,4020,0.002185752592608647
Academic Articles,noted ensure,0,8832,0.002185752592608647
Academic Articles,ensure better,0,4113,0.004371505185217294
Academic Articles,better usability,0,1370,0.002185752592608647
Academic Articles,usability validation,0,14293,0.002185752592608647
Academic Articles,validation associated,0,14376,0.002185752592608647
Academic Articles,associated fast,0,957,0.002185752592608647
Academic Articles,fast occur,0,4630,0.002185752592608647
Academic Articles,occur rarely,0,8998,0.002185752592608647
Academic Articles,rarely thus,0,10817,0.002185752592608647
Academic Articles,thus data,0,13731,0.002185752592608647
Academic Articles,data sparse,0,2996,0.004371505185217294
Academic Articles,sparse statistical,0,12603,0.002185752592608647
Academic Articles,statistical modeling,0,12808,0.002185752592608647
Academic Articles,modeling flare,0,8177,0.002185752592608647
Academic Articles,flare occur,0,4986,0.002185752592608647
Academic Articles,occur wide,0,9003,0.002185752592608647
Academic Articles,wide event,0,15033,0.002185752592608647
Academic Articles,event thus,0,4360,0.002185752592608647
Academic Articles,thus phenomenon,0,13744,0.002185752592608647
Academic Articles,phenomenon increase,0,9644,0.002185752592608647
Academic Articles,increase figure,0,6335,0.002185752592608647
Academic Articles,figure use,0,4843,0.002185752592608647
Academic Articles,use information,0,14307,0.004371505185217294
Academic Articles,information radio,0,6477,0.002185752592608647
Academic Articles,radio particle,0,10733,0.002185752592608647
Academic Articles,particle increase,0,9389,0.002185752592608647
Academic Articles,increase unfortunately,0,6342,0.002185752592608647
Academic Articles,unfortunately currently,0,14173,0.002185752592608647
Academic Articles,currently event,0,2734,0.002185752592608647
Academic Articles,event suffer,0,4354,0.002185752592608647
Academic Articles,suffer data,0,13108,0.002185752592608647
Academic Articles,data latency,0,2901,0.002185752592608647
Academic Articles,latency manual,0,7124,0.002185752592608647
Academic Articles,manual occasionally,0,7734,0.002185752592608647
Academic Articles,occasionally analysis,0,8985,0.002185752592608647
Academic Articles,analysis run,0,645,0.002185752592608647
Academic Articles,run time,0,11522,0.002185752592608647
Academic Articles,time machine,0,13796,0.002185752592608647
Academic Articles,learning particularly,0,7222,0.002185752592608647
Academic Articles,particularly final,0,9424,0.002185752592608647
Academic Articles,final entire,0,4856,0.002185752592608647
Academic Articles,entire need,0,4125,0.002185752592608647
Academic Articles,need extreme,0,8479,0.002185752592608647
Academic Articles,extreme ultraviolet,0,4554,0.008743010370434588
Academic Articles,ultraviolet magnetic,0,14077,0.002185752592608647
Academic Articles,field energetic,0,4683,0.002185752592608647
Academic Articles,particle critical,0,9381,0.002185752592608647
Academic Articles,critical reliable,0,2638,0.002185752592608647
Academic Articles,reliable accurate,0,11098,0.002185752592608647
Academic Articles,data phenomenon,0,2938,0.002185752592608647
Academic Articles,phenomenon production,0,9647,0.002185752592608647
Academic Articles,production publicly,0,10348,0.002185752592608647
Academic Articles,publicly avail,0,10542,0.002185752592608647
Academic Articles,avail able,0,1120,0.004371505185217294
Academic Articles,able deployment,0,5,0.002185752592608647
Academic Articles,deployment require,0,3210,0.002185752592608647
Academic Articles,require sun,0,11208,0.002185752592608647
Academic Articles,solar panel,0,12362,0.008743010370434588
Academic Articles,panel member,0,9325,0.010928762963043237
Academic Articles,member pete,0,7926,0.002185752592608647
Academic Articles,pete riley,0,9632,0.002185752592608647
Academic Articles,riley university,0,11448,0.002185752592608647
Academic Articles,university university,0,14224,0.004371505185217294
Academic Articles,university corporation,0,14212,0.013114515555651884
Academic Articles,corporation atmospheric,0,2468,0.008743010370434588
Academic Articles,research cooper,0,11237,0.002185752592608647
Academic Articles,cooper science,0,2416,0.002185752592608647
Academic Articles,science southwest,0,11756,0.002185752592608647
Academic Articles,southwest research,0,12492,0.004371505185217294
Academic Articles,research institute,0,11266,0.004371505185217294
Academic Articles,institute national,0,6639,0.002185752592608647
Academic Articles,observatory future,0,8950,0.002185752592608647
Academic Articles,sun figure,0,13185,0.004371505185217294
Academic Articles,figure forecasting,0,4798,0.002185752592608647
Academic Articles,forecasting lead,0,5240,0.002185752592608647
Academic Articles,time note,0,13802,0.002185752592608647
Academic Articles,note coronal,0,8817,0.002185752592608647
Academic Articles,ejection source,0,3845,0.002185752592608647
Academic Articles,forecasting note,0,5244,0.002185752592608647
Academic Articles,note extreme,0,8819,0.002185752592608647
Academic Articles,extreme synchronous,0,4552,0.002185752592608647
Academic Articles,synchronous serial,0,13373,0.002185752592608647
Academic Articles,serial interface,0,11911,0.002185752592608647
Academic Articles,interface source,0,6730,0.002185752592608647
Academic Articles,center future,0,1678,0.008743010370434588
Academic Articles,infrastructure figure,0,6519,0.006557257777825942
Academic Articles,figure photospheric,0,4822,0.002185752592608647
Academic Articles,photospheric radial,0,9670,0.002185752592608647
Academic Articles,radial magnetic,0,10638,0.002185752592608647
Academic Articles,magnetic upper,0,7634,0.0016623211854425713
Academic Articles,upper left,0,14284,0.002185752592608647
Academic Articles,left corona,0,7234,0.002185752592608647
Academic Articles,corona open,0,2429,0.002185752592608647
Academic Articles,open flux,0,9064,0.004371505185217294
Academic Articles,flux showing,0,5087,0.002185752592608647
Academic Articles,showing active,0,12042,0.002185752592608647
Academic Articles,emerge whole,0,3940,0.002185752592608647
Academic Articles,whole corona,0,15023,0.002185752592608647
Academic Articles,corona current,0,2424,0.002185752592608647
Academic Articles,current measure,0,2701,0.002185752592608647
Academic Articles,measure change,0,7863,0.002185752592608647
Academic Articles,change active,0,1781,0.002185752592608647
Academic Articles,region around,0,10981,0.004371505185217294
Academic Articles,around solar,0,852,0.0016623211854425713
Academic Articles,solar limb,0,12342,0.002185752592608647
Academic Articles,limb cooper,0,7365,0.002185752592608647
Academic Articles,cooper predictive,0,2415,0.002185752592608647
Academic Articles,predictive science,0,10125,0.004371505185217294
Academic Articles,science solar,0,11755,0.0016623211854425713
Academic Articles,solar dynamic,0,12303,0.008311605927212857
Academic Articles,dynamic observatory,0,3615,0.004986963556327714
Academic Articles,observatory joint,0,8951,0.002185752592608647
Academic Articles,joint science,0,6941,0.002185752592608647
Academic Articles,science center,0,11694,0.002185752592608647
Academic Articles,center field,0,1675,0.002185752592608647
Academic Articles,field source,0,4753,0.002185752592608647
Academic Articles,source surface,0,12462,0.002185752592608647
Academic Articles,surface coronal,0,13299,0.002185752592608647
Academic Articles,coronal field,0,2456,0.002185752592608647
Academic Articles,field model,0,4717,0.002185752592608647
Academic Articles,model solar,0,8149,0.004371505185217294
Academic Articles,solar group,0,12328,0.002185752592608647
Academic Articles,group predictive,0,5847,0.002185752592608647
Academic Articles,science theme,0,11763,0.002185752592608647
Academic Articles,theme panel,0,13646,0.006557257777825942
Academic Articles,panel single,0,9339,0.002185752592608647
Academic Articles,corona temporal,0,2434,0.002185752592608647
Academic Articles,temporal photospheric,0,13590,0.002185752592608647
Academic Articles,field magnetic,0,4713,0.0016623211854425713
Academic Articles,magnetic bound,0,7576,0.002185752592608647
Academic Articles,bound ary,0,1448,0.004371505185217294
Academic Articles,ary solar,0,882,0.004371505185217294
Academic Articles,solar atmosphere,0,12282,0.0016623211854425713
Academic Articles,atmosphere thishow,0,1045,0.002185752592608647
Academic Articles,thishow solar,0,13688,0.002185752592608647
Academic Articles,wind driven,0,15072,0.002185752592608647
Academic Articles,driven space,0,3578,0.002185752592608647
Academic Articles,space corona,0,12504,0.002185752592608647
Academic Articles,stream interaction,0,12992,0.004371505185217294
Academic Articles,interaction inner,0,6705,0.002185752592608647
Academic Articles,inner boundary,0,6610,0.002185752592608647
Academic Articles,boundary physical,0,1456,0.002185752592608647
Academic Articles,physical energy,0,9714,0.002185752592608647
Academic Articles,energy storage,0,4025,0.004371505185217294
Academic Articles,storage release,0,12864,0.004371505185217294
Academic Articles,release current,0,11071,0.002185752592608647
Academic Articles,current observational,0,2706,0.004371505185217294
Academic Articles,observational polar,0,8933,0.002185752592608647
Academic Articles,polar mag,0,9874,0.002185752592608647
Academic Articles,mag field,0,7571,0.004371505185217294
Academic Articles,field limited,0,4711,0.002185752592608647
Academic Articles,limited far,0,7395,0.002185752592608647
Academic Articles,far sun,0,4622,0.0016623211854425713
Academic Articles,sun missing,0,13211,0.002185752592608647
Academic Articles,missing current,0,8035,0.002185752592608647
Academic Articles,current full,0,2695,0.002185752592608647
Academic Articles,full solar,0,5366,0.006557257777825942
Academic Articles,solar artificially,0,12279,0.002185752592608647
Academic Articles,artificially evolve,0,881,0.002185752592608647
Academic Articles,evolve observational,0,4399,0.002185752592608647
Academic Articles,observational sun,0,8936,0.002185752592608647
Academic Articles,sun visible,0,13243,0.002185752592608647
Academic Articles,visible thus,0,14537,0.002185752592608647
Academic Articles,thus well,0,13751,0.002185752592608647
Academic Articles,well time,0,14956,0.002185752592608647
Academic Articles,time solar,0,13820,0.0016623211854425713
Academic Articles,solar well,0,12406,0.0016623211854425713
Academic Articles,well constrained,0,14929,0.004371505185217294
Academic Articles,constrained global,0,2347,0.002185752592608647
Academic Articles,global true,0,5674,0.002185752592608647
Academic Articles,true solar,0,14028,0.002185752592608647
Academic Articles,solar given,0,12322,0.002185752592608647
Academic Articles,given time,0,5614,0.004371505185217294
Academic Articles,time figure,0,13779,0.004371505185217294
Academic Articles,figure polar,0,4824,0.004371505185217294
Academic Articles,field sun,0,4762,0.0016623211854425713
Academic Articles,wind magnetic,0,15114,0.00129094069181026
Academic Articles,magnetic topology,0,7631,0.004371505185217294
Academic Articles,topology unlike,0,13882,0.002185752592608647
Academic Articles,unlike sun,0,14229,0.002185752592608647
Academic Articles,sun eventually,0,13181,0.002185752592608647
Academic Articles,eventually front,0,4373,0.002185752592608647
Academic Articles,front polar,0,5347,0.002185752592608647
Academic Articles,magnetic never,0,7609,0.0016623211854425713
Academic Articles,never measured,0,8605,0.002185752592608647
Academic Articles,measured limiting,0,7876,0.002185752592608647
Academic Articles,limiting ing,0,7406,0.002185752592608647
Academic Articles,ing angle,0,6576,0.002185752592608647
Academic Articles,angle best,0,672,0.002185752592608647
Academic Articles,best polar,0,1339,0.002185752592608647
Academic Articles,magnetic spectropolarimeter,0,7624,0.002185752592608647
Academic Articles,spectropolarimeter however,0,12655,0.002185752592608647
Academic Articles,however sporadically,0,6100,0.002185752592608647
Academic Articles,sporadically available,0,12713,0.002185752592608647
Academic Articles,available instrumental,0,1144,0.002185752592608647
Academic Articles,instrumental solar,0,6661,0.002185752592608647
Academic Articles,dynamic magnetic,0,3610,0.004371505185217294
Academic Articles,magnetic imager,0,7596,0.004371505185217294
Academic Articles,imager global,0,6141,0.002185752592608647
Academic Articles,global oscillation,0,5660,0.002185752592608647
Academic Articles,oscillation network,0,9232,0.002185752592608647
Academic Articles,network group,0,8575,0.002185752592608647
Academic Articles,group provide,0,5848,0.002185752592608647
Academic Articles,provide consistent,0,10471,0.002185752592608647
Academic Articles,consistent magnetic,0,2318,0.002185752592608647
Academic Articles,magnetic resulting,0,7617,0.002185752592608647
Academic Articles,resulting vastly,0,11406,0.002185752592608647
Academic Articles,vastly different,0,14478,0.002185752592608647
Academic Articles,different even,0,3314,0.002185752592608647
Academic Articles,even solar,0,4298,0.002185752592608647
Academic Articles,solar fully,0,12319,0.002185752592608647
Academic Articles,fully meet,0,5371,0.002185752592608647
Academic Articles,meet observational,0,7918,0.002185752592608647
Academic Articles,observational future,0,8921,0.002185752592608647
Academic Articles,sun another,0,13166,0.002185752592608647
Academic Articles,another common,0,693,0.002185752592608647
Academic Articles,common panel,0,2037,0.002185752592608647
Academic Articles,panel travel,0,9345,0.002185752592608647
Academic Articles,toward wind,0,13912,0.0016623211854425713
Academic Articles,wind evolve,0,15083,0.002185752592608647
Academic Articles,evolve sun,0,4400,0.002185752592608647
Academic Articles,sun earth,0,13176,0.0016623211854425713
Academic Articles,earth narrow,0,3663,0.002185752592608647
Academic Articles,narrow fast,0,8363,0.002185752592608647
Academic Articles,fast wide,0,4633,0.002185752592608647
Academic Articles,wide slow,0,15034,0.002185752592608647
Academic Articles,slow figure,0,12217,0.002185752592608647
Academic Articles,figure several,0,4831,0.002185752592608647
Academic Articles,several possible,0,11977,0.004371505185217294
Academic Articles,possible observing,0,9967,0.002185752592608647
Academic Articles,observing tiple,0,8980,0.002185752592608647
Academic Articles,tiple measurement,0,13844,0.002185752592608647
Academic Articles,measurement propagation,0,7892,0.002185752592608647
Academic Articles,propagation several,0,10420,0.002185752592608647
Academic Articles,several polar,0,11976,0.002185752592608647
Academic Articles,polar coronagraph,0,9865,0.002185752592608647
Academic Articles,coronagraph polar,0,2449,0.002185752592608647
Academic Articles,polar view,0,9883,0.004371505185217294
Academic Articles,view view,0,14524,0.002185752592608647
Academic Articles,view traveling,0,14523,0.002185752592608647
Academic Articles,traveling near,0,14008,0.002185752592608647
Academic Articles,near ecliptic,0,8426,0.002185752592608647
Academic Articles,plane reside,0,9768,0.002185752592608647
Academic Articles,reside longitudinal,0,11335,0.002185752592608647
Academic Articles,longitudinal solution,0,7479,0.002185752592608647
Academic Articles,solution corona,0,12415,0.002185752592608647
Academic Articles,corona punch,0,2431,0.002185752592608647
Academic Articles,punch mission,0,10547,0.002185752592608647
Academic Articles,mission use,0,8081,0.004371505185217294
Academic Articles,information magnetic,0,6469,0.002185752592608647
Academic Articles,field provide,0,4738,0.002185752592608647
Academic Articles,provide polarity,0,10490,0.002185752592608647
Academic Articles,polarity upon,0,9889,0.002185752592608647
Academic Articles,upon brightness,0,14277,0.002185752592608647
Academic Articles,brightness plasma,0,1492,0.002185752592608647
Academic Articles,plasma feature,0,9794,0.002185752592608647
Academic Articles,feature observer,0,4652,0.002185752592608647
Academic Articles,observer time,0,8968,0.0016623211854425713
Academic Articles,time ratio,0,13814,0.002185752592608647
Academic Articles,ratio provide,0,10827,0.002185752592608647
Academic Articles,provide plasma,0,10489,0.002185752592608647
Academic Articles,plasma structure,0,9820,0.002185752592608647
Academic Articles,structure panel,0,13051,0.002185752592608647
Academic Articles,panel pointed,0,9333,0.004371505185217294
Academic Articles,pointed current,0,9848,0.002185752592608647
Academic Articles,current propagation,0,2712,0.002185752592608647
Academic Articles,propagation include,0,10414,0.002185752592608647
Academic Articles,include magnetic,0,6291,0.006557257777825942
Academic Articles,field include,0,4704,0.002185752592608647
Academic Articles,field expensive,0,4685,0.002185752592608647
Academic Articles,expensive given,0,4478,0.002185752592608647
Academic Articles,given large,0,5604,0.002185752592608647
Academic Articles,size resolution,0,12196,0.002185752592608647
Academic Articles,resolution modeling,0,11353,0.002185752592608647
Academic Articles,modeling starting,0,8202,0.002185752592608647
Academic Articles,starting magnetic,0,12773,0.002185752592608647
Academic Articles,magnetic solar,0,7623,0.004371505185217294
Academic Articles,solar boundary,0,12283,0.002185752592608647
Academic Articles,boundary ideal,0,1454,0.002185752592608647
Academic Articles,ideal solution,0,6127,0.002185752592608647
Academic Articles,solution maya,0,12421,0.002185752592608647
Academic Articles,maya combined,0,7854,0.002185752592608647
Academic Articles,combined modeling,0,1945,0.002185752592608647
Academic Articles,assimilation approach,0,917,0.002185752592608647
Academic Articles,approach successfully,0,751,0.002185752592608647
Academic Articles,successfully global,0,13101,0.002185752592608647
Academic Articles,global photospheric,0,5661,0.002185752592608647
Academic Articles,field global,0,4696,0.002185752592608647
Academic Articles,global middle,0,5653,0.002185752592608647
Academic Articles,middle corona,0,7965,0.004371505185217294
Academic Articles,corona important,0,2426,0.002185752592608647
Academic Articles,important missing,0,6220,0.004371505185217294
Academic Articles,missing sun,0,8042,0.002185752592608647
Academic Articles,sun example,0,13183,0.002185752592608647
Academic Articles,example understanding,0,4447,0.002185752592608647
Academic Articles,global corona,0,5632,0.002185752592608647
Academic Articles,corona global,0,2425,0.002185752592608647
Academic Articles,global entire,0,5639,0.002185752592608647
Academic Articles,entire different,0,4120,0.002185752592608647
Academic Articles,different vantage,0,3339,0.002185752592608647
Academic Articles,vantage point,0,14417,0.0033246423708851425
Academic Articles,point middle,0,9840,0.002185752592608647
Academic Articles,solar radius,0,12377,0.002185752592608647
Academic Articles,radius extreme,0,10753,0.002185752592608647
Academic Articles,ultraviolet solar,0,14079,0.002185752592608647
Academic Articles,solar surface,0,12394,0.004371505185217294
Academic Articles,surface white,0,13311,0.002185752592608647
Academic Articles,light recording,0,7298,0.002185752592608647
Academic Articles,recording figure,0,10929,0.002185752592608647
Academic Articles,figure ambiguity,0,4785,0.002185752592608647
Academic Articles,ambiguity mass,0,590,0.002185752592608647
Academic Articles,ejection earth,0,3839,0.0016623211854425713
Academic Articles,earth viewpoint,0,3679,0.002185752592608647
Academic Articles,viewpoint source,0,14526,0.002185752592608647
Academic Articles,source deforest,0,12449,0.002185752592608647
Academic Articles,deforest southwest,0,3140,0.002185752592608647
Academic Articles,institute future,0,6638,0.002185752592608647
Academic Articles,infrastructure gap,0,6526,0.002185752592608647
Academic Articles,gap critical,0,5450,0.002185752592608647
Academic Articles,critical region,0,2637,0.002185752592608647
Academic Articles,region initiation,0,11005,0.002185752592608647
Academic Articles,initiation future,0,6604,0.002185752592608647
Academic Articles,future solar,0,5432,0.002185752592608647
Academic Articles,solar eliminate,0,12308,0.002185752592608647
Academic Articles,eliminate sampling,0,3936,0.002185752592608647
Academic Articles,sampling reducing,0,11543,0.002185752592608647
Academic Articles,reducing light,0,10939,0.002185752592608647
Academic Articles,light solar,0,7299,0.002185752592608647
Academic Articles,solar develop,0,12299,0.002185752592608647
Academic Articles,develop produce,0,3272,0.002185752592608647
Academic Articles,produce vector,0,10313,0.002185752592608647
Academic Articles,vector magnetic,0,14481,0.002185752592608647
Academic Articles,magnetic photosphere,0,7611,0.002185752592608647
Academic Articles,photosphere chromosphere,0,9665,0.002185752592608647
Academic Articles,chromosphere corona,0,1826,0.002185752592608647
Academic Articles,corona significant,0,2432,0.002185752592608647
Academic Articles,significant advancement,0,12075,0.002185752592608647
Academic Articles,advancement current,0,401,0.002185752592608647
Academic Articles,current situation,0,2721,0.002185752592608647
Academic Articles,situation photosphere,0,12176,0.002185752592608647
Academic Articles,photosphere magnetic,0,9667,0.002185752592608647
Academic Articles,magnetic neutral,0,7608,0.002185752592608647
Academic Articles,neutral allow,0,8586,0.002185752592608647
Academic Articles,allow observing,0,513,0.002185752592608647
Academic Articles,observing energy,0,8970,0.002185752592608647
Academic Articles,release furthermore,0,11073,0.002185752592608647
Academic Articles,furthermore measuring,0,5391,0.002185752592608647
Academic Articles,measuring neutral,0,7907,0.002185752592608647
Academic Articles,neutral help,0,8595,0.002185752592608647
Academic Articles,help track,0,5944,0.002185752592608647
Academic Articles,track magnetic,0,13925,0.002185752592608647
Academic Articles,magnetic buildup,0,7577,0.002185752592608647
Academic Articles,buildup provide,0,1512,0.002185752592608647
Academic Articles,provide upon,0,10502,0.002185752592608647
Academic Articles,upon understanding,0,14280,0.002185752592608647
Academic Articles,solar dynamo,0,12304,0.004371505185217294
Academic Articles,dynamo allow,0,3629,0.002185752592608647
Academic Articles,allow better,0,509,0.002185752592608647
Academic Articles,better overall,0,1361,0.002185752592608647
Academic Articles,overall year,0,9283,0.002185752592608647
Academic Articles,year solar,0,15282,0.002185752592608647
Academic Articles,solar allow,0,12276,0.002185752592608647
Academic Articles,allow active,0,508,0.002185752592608647
Academic Articles,surface occur,0,13305,0.002185752592608647
Academic Articles,occur much,0,8994,0.002185752592608647
Academic Articles,much flux,0,8311,0.002185752592608647
Academic Articles,flux region,0,5082,0.002185752592608647
Academic Articles,region flux,0,10997,0.002185752592608647
Academic Articles,flux interact,0,5063,0.002185752592608647
Academic Articles,interact flux,0,6694,0.002185752592608647
Academic Articles,flux complex,0,5048,0.0016623211854425713
Academic Articles,complex structure,0,2160,0.002185752592608647
Academic Articles,structure solar,0,13052,0.002185752592608647
Academic Articles,solar interior,0,12335,0.002185752592608647
Academic Articles,interior indirect,0,6733,0.002185752592608647
Academic Articles,indirect benefit,0,6380,0.002185752592608647
Academic Articles,benefit multiple,0,1323,0.002185752592608647
Academic Articles,multiple solar,0,8345,0.002185752592608647
Academic Articles,solar cycle,0,12296,0.009973927112655427
Academic Articles,cycle solar,0,2765,0.0016623211854425713
Academic Articles,dynamo important,0,3631,0.002185752592608647
Academic Articles,important space,0,6227,0.006557257777825942
Academic Articles,weather predictability,0,14809,0.002185752592608647
Academic Articles,predictability active,0,10101,0.002185752592608647
Academic Articles,active next,0,168,0.002185752592608647
Academic Articles,next solar,0,8730,0.0033246423708851425
Academic Articles,solar weather,0,12405,0.002185752592608647
Academic Articles,weather climate,0,14660,0.0033246423708851425
Academic Articles,climate meridional,0,1866,0.002185752592608647
Academic Articles,meridional circulation,0,7929,0.004371505185217294
Academic Articles,circulation measured,0,1830,0.002185752592608647
Academic Articles,measured via,0,7879,0.002185752592608647
Academic Articles,via magnetic,0,14510,0.002185752592608647
Academic Articles,magnetic offer,0,7610,0.002185752592608647
Academic Articles,offer solar,0,9013,0.002185752592608647
Academic Articles,cycle meridional,0,2761,0.002185752592608647
Academic Articles,circulation act,0,1828,0.002185752592608647
Academic Articles,act like,0,127,0.002185752592608647
Academic Articles,like solar,0,7320,0.0016623211854425713
Academic Articles,cycle clock,0,2758,0.002185752592608647
Academic Articles,clock phenomenon,0,1872,0.002185752592608647
Academic Articles,phenomenon consistently,0,9641,0.002185752592608647
Academic Articles,consistently long,0,2320,0.002185752592608647
Academic Articles,long solar,0,7466,0.002185752592608647
Academic Articles,cycle time,0,2767,0.002185752592608647
Academic Articles,time scale,0,13817,0.0016623211854425713
Academic Articles,scale solar,0,11661,0.002185752592608647
Academic Articles,key input,0,6975,0.002185752592608647
Academic Articles,input driving,0,6623,0.002185752592608647
Academic Articles,driving thus,0,3589,0.002185752592608647
Academic Articles,thus measured,0,13738,0.002185752592608647
Academic Articles,measured continuously,0,7873,0.002185752592608647
Academic Articles,continuously solar,0,2396,0.002185752592608647
Academic Articles,solar irradiance,0,12338,0.004371505185217294
Academic Articles,irradiance soft,0,6905,0.002185752592608647
Academic Articles,soft primary,0,12268,0.002185752592608647
Academic Articles,primary energy,0,10224,0.002185752592608647
Academic Articles,energy input,0,4012,0.008743010370434588
Academic Articles,input upper,0,6629,0.002185752592608647
Academic Articles,upper plasma,0,14285,0.002185752592608647
Academic Articles,plasma either,0,9791,0.002185752592608647
Academic Articles,either irradiance,0,3824,0.002185752592608647
Academic Articles,irradiance eruptive,0,6901,0.002185752592608647
Academic Articles,eruptive longer,0,4235,0.002185752592608647
Academic Articles,longer term,0,7475,0.002185752592608647
Academic Articles,term solar,0,13606,0.002185752592608647
Academic Articles,solar activity,0,12273,0.0064547034590513004
Academic Articles,activity yet,0,304,0.002185752592608647
Academic Articles,yet irradiance,0,15297,0.002185752592608647
Academic Articles,irradiance atmosphere,0,6898,0.002185752592608647
Academic Articles,atmosphere solar,0,1041,0.002185752592608647
Academic Articles,solar eruptive,0,12311,0.002185752592608647
Academic Articles,eruptive great,0,4234,0.002185752592608647
Academic Articles,great enough,0,5768,0.002185752592608647
Academic Articles,enough proxy,0,4091,0.002185752592608647
Academic Articles,proxy capture,0,10531,0.002185752592608647
Academic Articles,capture spectral,0,1583,0.002185752592608647
Academic Articles,spectral irradiance,0,12652,0.004371505185217294
Academic Articles,irradiance expensive,0,6902,0.002185752592608647
Academic Articles,expensive irradiance,0,4479,0.002185752592608647
Academic Articles,irradiance line,0,6903,0.002185752592608647
Academic Articles,line provide,0,7419,0.002185752592608647
Academic Articles,provide help,0,10480,0.002185752592608647
Academic Articles,help estimate,0,5937,0.002185752592608647
Academic Articles,estimate mass,0,4270,0.002185752592608647
Academic Articles,mass via,0,7819,0.002185752592608647
Academic Articles,via coronal,0,14508,0.002185752592608647
Academic Articles,wind panel,0,15131,0.008743010370434588
Academic Articles,member solar,0,7927,0.002185752592608647
Academic Articles,panel joe,0,9323,0.002185752592608647
Academic Articles,joe space,0,6937,0.004371505185217294
Academic Articles,science institute,0,11723,0.004371505185217294
Academic Articles,institute space,0,6640,0.004371505185217294
Academic Articles,center nick,0,1689,0.002185752592608647
Academic Articles,nick goddard,0,8737,0.002185752592608647
Academic Articles,center erika,0,1674,0.002185752592608647
Academic Articles,erika science,0,4209,0.002185752592608647
Academic Articles,science common,0,11696,0.002185752592608647
Academic Articles,common theme,0,2039,0.002185752592608647
Academic Articles,theme solar,0,13647,0.002185752592608647
Academic Articles,panel noted,0,9329,0.004371505185217294
Academic Articles,noted need,0,8843,0.004371505185217294
Academic Articles,need continuous,0,8469,0.002185752592608647
Academic Articles,global monitor,0,5655,0.002185752592608647
Academic Articles,monitor sun,0,8254,0.0016623211854425713
Academic Articles,corona basic,0,2421,0.002185752592608647
Academic Articles,basic solar,0,1257,0.002185752592608647
Academic Articles,wind improving,0,15099,0.002185752592608647
Academic Articles,improving solar,0,6259,0.002185752592608647
Academic Articles,wind require,0,15156,0.002185752592608647
Academic Articles,require solar,0,11205,0.002185752592608647
Academic Articles,solar measure,0,12347,0.002185752592608647
Academic Articles,measure solar,0,7871,0.002185752592608647
Academic Articles,wind global,0,15092,0.002185752592608647
Academic Articles,global coverage,0,5634,0.008743010370434588
Academic Articles,panel generally,0,9318,0.004371505185217294
Academic Articles,generally global,0,5475,0.002185752592608647
Academic Articles,global important,0,5644,0.004371505185217294
Academic Articles,important increasing,0,6216,0.002185752592608647
Academic Articles,increasing spatial,0,6356,0.002185752592608647
Academic Articles,spatial resolution,0,12612,0.004371505185217294
Academic Articles,resolution table,0,11357,0.002185752592608647
Academic Articles,table noted,0,13470,0.002185752592608647
Academic Articles,noted future,0,8835,0.002185752592608647
Academic Articles,sun see,0,13230,0.002185752592608647
Academic Articles,see initial,0,11857,0.002185752592608647
Academic Articles,initial boundary,0,6598,0.002185752592608647
Academic Articles,boundary sun,0,1459,0.002185752592608647
Academic Articles,sun critical,0,13174,0.002185752592608647
Academic Articles,critical solar,0,2640,0.002185752592608647
Academic Articles,wind optimal,0,15128,0.002185752592608647
Academic Articles,optimal generally,0,9142,0.002185752592608647
Academic Articles,generally believing,0,5472,0.002185752592608647
Academic Articles,believing limited,0,1305,0.002185752592608647
Academic Articles,limited ecliptic,0,7393,0.002185752592608647
Academic Articles,plane longitudinal,0,9767,0.002185752592608647
Academic Articles,longitudinal solar,0,7478,0.002185752592608647
Academic Articles,wind exist,0,15084,0.002185752592608647
Academic Articles,exist panel,0,4464,0.002185752592608647
Academic Articles,pointed need,0,9852,0.004371505185217294
Academic Articles,need photospheric,0,8502,0.002185752592608647
Academic Articles,magnetic thus,0,7630,0.002185752592608647
Academic Articles,thus panel,0,13742,0.002185752592608647
Academic Articles,panel major,0,9324,0.002185752592608647
Academic Articles,polar could,0,9866,0.002185752592608647
Academic Articles,could come,0,2511,0.002185752592608647
Academic Articles,come polar,0,1967,0.002185752592608647
Academic Articles,view four,0,14520,0.002185752592608647
Academic Articles,four could,0,5300,0.002185752592608647
Academic Articles,provide continuous,0,10472,0.0016623211854425713
Academic Articles,continuous allow,0,2384,0.002185752592608647
Academic Articles,allow throughout,0,519,0.002185752592608647
Academic Articles,throughout inner,0,13713,0.004371505185217294
Academic Articles,inner furthermore,0,6612,0.002185752592608647
Academic Articles,furthermore polar,0,5395,0.004371505185217294
Academic Articles,polar illuminate,0,9869,0.002185752592608647
Academic Articles,illuminate extent,0,6134,0.002185752592608647
Academic Articles,extent direction,0,4529,0.002185752592608647
Academic Articles,direction nominal,0,3370,0.002185752592608647
Academic Articles,nominal parker,0,8747,0.002185752592608647
Academic Articles,spiral thereby,0,12695,0.002185752592608647
Academic Articles,thereby improving,0,13662,0.002185752592608647
Academic Articles,improving understanding,0,6261,0.002185752592608647
Academic Articles,understanding orbit,0,14140,0.002185752592608647
Academic Articles,orbit however,0,9172,0.002185752592608647
Academic Articles,however polar,0,6087,0.002185752592608647
Academic Articles,polar operational,0,9877,0.006557257777825942
Academic Articles,operational expensive,0,9098,0.002185752592608647
Academic Articles,expensive cost,0,4477,0.002185752592608647
Academic Articles,cost additional,0,2490,0.002185752592608647
Academic Articles,wind sun,0,15179,0.0016623211854425713
Academic Articles,sun faraday,0,13184,0.002185752592608647
Academic Articles,faraday rotation,0,4624,0.004371505185217294
Academic Articles,rotation ground,0,11502,0.002185752592608647
Academic Articles,ground global,0,5821,0.002185752592608647
Academic Articles,coverage inter,0,2605,0.002185752592608647
Academic Articles,inter robust,0,6692,0.002185752592608647
Academic Articles,robust table,0,11475,0.002185752592608647
Academic Articles,table critical,0,13465,0.002185752592608647
Academic Articles,critical data,0,2627,0.004371505185217294
Academic Articles,data validate,0,3028,0.002185752592608647
Academic Articles,validate constrain,0,14373,0.002185752592608647
Academic Articles,constrain coronal,0,2343,0.002185752592608647
Academic Articles,wind critical,0,15064,0.002185752592608647
Academic Articles,product impact,0,10341,0.002185752592608647
Academic Articles,impact current,0,6172,0.002185752592608647
Academic Articles,observational instrumentation,0,8924,0.002185752592608647
Academic Articles,instrumentation global,0,6664,0.002185752592608647
Academic Articles,global synchronic,0,5670,0.004371505185217294
Academic Articles,synchronic magnetic,0,13372,0.002185752592608647
Academic Articles,field coronal,0,4675,0.004371505185217294
Academic Articles,weather especially,0,14700,0.002185752592608647
Academic Articles,especially polar,0,4247,0.002185752592608647
Academic Articles,polar solo,0,9880,0.002185752592608647
Academic Articles,solo missing,0,12411,0.004371505185217294
Academic Articles,missing polar,0,8041,0.004371505185217294
Academic Articles,polar imager,0,9870,0.004371505185217294
Academic Articles,imager continuous,0,6139,0.004371505185217294
Academic Articles,synchronic coronal,0,13371,0.002185752592608647
Academic Articles,coronal missing,0,2461,0.002185752592608647
Academic Articles,continuous magnetic,0,2390,0.002185752592608647
Academic Articles,field electron,0,4682,0.002185752592608647
Academic Articles,electron tomographic,0,3917,0.002185752592608647
Academic Articles,tomographic coronal,0,13863,0.002185752592608647
Academic Articles,coronal magnetic,0,2459,0.002185752592608647
Academic Articles,field observationally,0,4726,0.002185752592608647
Academic Articles,observationally multiple,0,8939,0.002185752592608647
Academic Articles,multiple missing,0,8333,0.002185752592608647
Academic Articles,missing plane,0,8040,0.004371505185217294
Academic Articles,plane widely,0,9770,0.004371505185217294
Academic Articles,widely spaced,0,15037,0.008743010370434588
Academic Articles,spaced strategically,0,12589,0.004371505185217294
Academic Articles,strategically plasma,0,12975,0.002185752592608647
Academic Articles,plasma multiple,0,9805,0.002185752592608647
Academic Articles,multiple widely,0,8350,0.002185752592608647
Academic Articles,spaced vantage,0,12591,0.002185752592608647
Academic Articles,vantage wind,0,14418,0.002185752592608647
Academic Articles,wind solo,0,15165,0.002185752592608647
Academic Articles,strategically ace,0,12972,0.002185752592608647
Academic Articles,ace advanced,0,69,0.002185752592608647
Academic Articles,advanced composition,0,392,0.002185752592608647
Academic Articles,composition codex,0,2186,0.002185752592608647
Academic Articles,codex coronal,0,1891,0.002185752592608647
Academic Articles,coronal diagnostic,0,2453,0.002185752592608647
Academic Articles,diagnostic experiment,0,3296,0.002185752592608647
Academic Articles,experiment deep,0,4490,0.002185752592608647
Academic Articles,deep space,0,3125,0.010928762963043237
Academic Articles,space climate,0,12502,0.006557257777825942
Academic Articles,climate observatory,0,1867,0.004371505185217294
Academic Articles,observatory extreme,0,8947,0.002185752592608647
Academic Articles,extreme density,0,4545,0.002185752592608647
Academic Articles,density phi,0,3197,0.002185752592608647
Academic Articles,phi polarimetric,0,9659,0.002185752592608647
Academic Articles,polarimetric imager,0,9884,0.002185752592608647
Academic Articles,imager parker,0,6142,0.002185752592608647
Academic Articles,parker solar,0,9364,0.002185752592608647
Academic Articles,solar probe,0,12372,0.002185752592608647
Academic Articles,probe punch,0,10263,0.002185752592608647
Academic Articles,punch corona,0,10546,0.002185752592608647
Academic Articles,imager soho,0,6143,0.002185752592608647
Academic Articles,soho solar,0,12270,0.002185752592608647
Academic Articles,observatory solo,0,8960,0.002185752592608647
Academic Articles,solo solar,0,12412,0.002185752592608647
Academic Articles,terrestrial light,0,13613,0.002185752592608647
Academic Articles,light nick,0,7296,0.002185752592608647
Academic Articles,nick workshop,0,8739,0.002185752592608647
Academic Articles,workshop data,0,15235,0.002185752592608647
Academic Articles,data solar,0,2990,0.006649284741770285
Academic Articles,solar physical,0,12366,0.004371505185217294
Academic Articles,physical corona,0,9710,0.004371505185217294
Academic Articles,wind white,0,15191,0.004371505185217294
Academic Articles,white space,0,15021,0.002185752592608647
Academic Articles,infrastructure data,0,6513,0.004371505185217294
Academic Articles,data see,0,2982,0.002185752592608647
Academic Articles,see chapter,0,11847,0.004371505185217294
Academic Articles,chapter magnetograph,0,1793,0.002185752592608647
Academic Articles,magnetograph data,0,7643,0.002185752592608647
Academic Articles,example resolution,0,4440,0.002185752592608647
Academic Articles,resolution polarization,0,11355,0.002185752592608647
Academic Articles,polarization spectral,0,9890,0.002185752592608647
Academic Articles,spectral making,0,12653,0.002185752592608647
Academic Articles,making magnetograph,0,7706,0.002185752592608647
Academic Articles,magnetograph difficult,0,7644,0.002185752592608647
Academic Articles,difficult task,0,3345,0.002185752592608647
Academic Articles,task global,0,13515,0.002185752592608647
Academic Articles,global coupled,0,5633,0.002185752592608647
Academic Articles,coupled sep,0,2559,0.002185752592608647
Academic Articles,sep sep,0,11903,0.002185752592608647
Academic Articles,sep propagate,0,11902,0.002185752592608647
Academic Articles,propagate transported,0,10404,0.002185752592608647
Academic Articles,transported solar,0,13997,0.002185752592608647
Academic Articles,solar simultaneously,0,12385,0.002185752592608647
Academic Articles,simultaneously solar,0,12137,0.002185752592608647
Academic Articles,wind evolution,0,15082,0.002185752592608647
Academic Articles,evolution currently,0,4392,0.002185752592608647
Academic Articles,currently well,0,2749,0.002185752592608647
Academic Articles,constrained furthermore,0,2346,0.002185752592608647
Academic Articles,furthermore magnetic,0,5390,0.002185752592608647
Academic Articles,field propagation,0,4737,0.002185752592608647
Academic Articles,propagation without,0,10424,0.002185752592608647
Academic Articles,without input,0,15201,0.002185752592608647
Academic Articles,input validation,0,6630,0.002185752592608647
Academic Articles,validation panel,0,14390,0.004371505185217294
Academic Articles,noted modeling,0,8842,0.002185752592608647
Academic Articles,modeling magnetic,0,8185,0.002185752592608647
Academic Articles,field validation,0,4773,0.002185752592608647
Academic Articles,validation likewise,0,14384,0.002185752592608647
Academic Articles,likewise tested,0,7360,0.002185752592608647
Academic Articles,tested performance,0,13628,0.002185752592608647
Academic Articles,performance forecasting,0,9513,0.002185752592608647
Academic Articles,forecasting finally,0,5235,0.002185752592608647
Academic Articles,finally accurate,0,4864,0.002185752592608647
Academic Articles,accurate solar,0,63,0.006557257777825942
Academic Articles,wind actually,0,15045,0.004371505185217294
Academic Articles,actually ultimately,0,313,0.002185752592608647
Academic Articles,ultimately dynamic,0,14068,0.002185752592608647
Academic Articles,dynamic solar,0,3623,0.002185752592608647
Academic Articles,wind deviate,0,15070,0.002185752592608647
Academic Articles,deviate aberration,0,3294,0.002185752592608647
Academic Articles,aberration solar,0,1,0.004371505185217294
Academic Articles,wind triple,0,15183,0.002185752592608647
Academic Articles,triple aberration,0,14023,0.002185752592608647
Academic Articles,aberration figure,0,0,0.002185752592608647
Academic Articles,figure motion,0,4813,0.002185752592608647
Academic Articles,motion figure,0,8292,0.002185752592608647
Academic Articles,figure solar,0,4832,0.002185752592608647
Academic Articles,wind flow,0,15088,0.006557257777825942
Academic Articles,flow solar,0,5042,0.002185752592608647
Academic Articles,wind always,0,15047,0.002185752592608647
Academic Articles,always solar,0,582,0.004371505185217294
Academic Articles,wind joe,0,15105,0.002185752592608647
Academic Articles,institute triple,0,6641,0.002185752592608647
Academic Articles,triple solar,0,14024,0.002185752592608647
Academic Articles,sun around,0,13168,0.0016623211854425713
Academic Articles,around sun,0,853,0.0016623211854425713
Academic Articles,flow propagate,0,5041,0.002185752592608647
Academic Articles,propagate outward,0,10403,0.002185752592608647
Academic Articles,outward along,0,9275,0.002185752592608647
Academic Articles,along parker,0,534,0.002185752592608647
Academic Articles,spiral faster,0,12694,0.002185752592608647
Academic Articles,faster bulk,0,4635,0.002185752592608647
Academic Articles,bulk solar,0,1516,0.004371505185217294
Academic Articles,flow velocity,0,5044,0.002185752592608647
Academic Articles,velocity vector,0,14488,0.002185752592608647
Academic Articles,vector thee,0,14482,0.002185752592608647
Academic Articles,thee distance,0,13641,0.002185752592608647
Academic Articles,distance indicate,0,3471,0.002185752592608647
Academic Articles,indicate parcel,0,6377,0.002185752592608647
Academic Articles,parcel going,0,9362,0.002185752592608647
Academic Articles,going completely,0,5704,0.002185752592608647
Academic Articles,completely miss,0,2135,0.002185752592608647
Academic Articles,miss aberration,0,8034,0.002185752592608647
Academic Articles,wind monitor,0,15121,0.002185752592608647
Academic Articles,monitor inherent,0,8248,0.002185752592608647
Academic Articles,inherent solar,0,6593,0.002185752592608647
Academic Articles,wind best,0,15053,0.002185752592608647
Academic Articles,best solution,0,1344,0.002185752592608647
Academic Articles,solution physical,0,12423,0.002185752592608647
Academic Articles,physical currently,0,9712,0.002185752592608647
Academic Articles,currently known,0,2736,0.002185752592608647
Academic Articles,known solar,0,7056,0.002185752592608647
Academic Articles,solar versus,0,12402,0.002185752592608647
Academic Articles,versus disentangle,0,14496,0.002185752592608647
Academic Articles,disentangle solar,0,3422,0.002185752592608647
Academic Articles,wind composition,0,15061,0.002185752592608647
Academic Articles,composition sun,0,2198,0.002185752592608647
Academic Articles,sun versus,0,13242,0.002185752592608647
Academic Articles,versus propagation,0,14503,0.002185752592608647
Academic Articles,propagation see,0,10419,0.002185752592608647
Academic Articles,see solar,0,11869,0.006557257777825942
Academic Articles,white national,0,15018,0.002185752592608647
Academic Articles,ionosphere key,0,6841,0.002185752592608647
Academic Articles,session research,0,11946,0.002185752592608647
Academic Articles,modeling ionosphere,0,8183,0.002185752592608647
Academic Articles,ionosphere following,0,6831,0.002185752592608647
Academic Articles,key weather,0,7004,0.004371505185217294
Academic Articles,weather dealing,0,14680,0.004371505185217294
Academic Articles,dealing entire,0,3081,0.004371505185217294
Academic Articles,entire behavior,0,4119,0.002185752592608647
Academic Articles,behavior space,0,1299,0.0016623211854425713
Academic Articles,weather rare,0,14827,0.0016623211854425713
Academic Articles,rare arrangement,0,10805,0.002185752592608647
Academic Articles,arrangement providing,0,862,0.002185752592608647
Academic Articles,providing global,0,10520,0.002185752592608647
Academic Articles,coverage space,0,2610,0.002185752592608647
Academic Articles,weather observing,0,14788,0.002185752592608647
Academic Articles,crucial better,0,2653,0.002185752592608647
Academic Articles,better observational,0,1358,0.002185752592608647
Academic Articles,coverage understanding,0,2614,0.002185752592608647
Academic Articles,understanding ionosphere,0,14136,0.002185752592608647
Academic Articles,ionosphere system,0,6863,0.004371505185217294
Academic Articles,weather although,0,14638,0.004371505185217294
Academic Articles,although physical,0,564,0.004371505185217294
Academic Articles,physical system,0,9729,0.004371505185217294
Academic Articles,weather neither,0,14782,0.002185752592608647
Academic Articles,well well,0,14962,0.0016623211854425713
Academic Articles,well atmosphere,0,14920,0.002185752592608647
Academic Articles,atmosphere weather,0,1047,0.002185752592608647
Academic Articles,need observational,0,8500,0.002185752592608647
Academic Articles,need panel,0,8501,0.008743010370434588
Academic Articles,panel research,0,9338,0.004371505185217294
Academic Articles,need coupling,0,8470,0.002185752592608647
Academic Articles,coupling noted,0,2579,0.002185752592608647
Academic Articles,noted different,0,8830,0.002185752592608647
Academic Articles,reserved ionosphere,0,11325,0.017486020740869176
Academic Articles,ionosphere future,0,6834,0.002185752592608647
Academic Articles,forecasting following,0,5236,0.004371505185217294
Academic Articles,following take,0,5134,0.002185752592608647
Academic Articles,take different,0,13486,0.002185752592608647
Academic Articles,different summary,0,3335,0.002185752592608647
Academic Articles,summary panelist,0,13154,0.002185752592608647
Academic Articles,panelist however,0,9351,0.002185752592608647
Academic Articles,key output,0,6983,0.002185752592608647
Academic Articles,synthesis panel,0,13380,0.002185752592608647
Academic Articles,member terry,0,7928,0.002185752592608647
Academic Articles,terry corporation,0,13624,0.002185752592608647
Academic Articles,corporation larry,0,2471,0.002185752592608647
Academic Articles,larry goddard,0,7107,0.004371505185217294
Academic Articles,center applied,0,1663,0.002185752592608647
Academic Articles,university national,0,14217,0.004371505185217294
Academic Articles,national laboratory,0,8376,0.002185752592608647
Academic Articles,laboratory key,0,7068,0.004371505185217294
Academic Articles,key predictive,0,6986,0.004371505185217294
Academic Articles,predictive state,0,10127,0.002185752592608647
Academic Articles,state research,0,12788,0.004371505185217294
Academic Articles,need understanding,0,8524,0.006557257777825942
Academic Articles,understanding panel,0,14141,0.002185752592608647
Academic Articles,panel expressed,0,9314,0.002185752592608647
Academic Articles,expressed measured,0,4517,0.002185752592608647
Academic Articles,measured control,0,7874,0.002185752592608647
Academic Articles,control dynamic,0,2404,0.002185752592608647
Academic Articles,dynamic noted,0,3613,0.002185752592608647
Academic Articles,noted mass,0,8840,0.002185752592608647
Academic Articles,mass across,0,7781,0.002185752592608647
Academic Articles,across across,0,85,0.002185752592608647
Academic Articles,across scale,0,113,0.006557257777825942
Academic Articles,scale earth,0,11631,0.002185752592608647
Academic Articles,earth radius,0,3668,0.002185752592608647
Academic Articles,radius ionosphere,0,10754,0.002185752592608647
Academic Articles,ionosphere measuring,0,6842,0.002185752592608647
Academic Articles,measuring modeling,0,7906,0.002185752592608647
Academic Articles,modeling important,0,8182,0.002185752592608647
Academic Articles,missing element,0,8036,0.002185752592608647
Academic Articles,element space,0,3929,0.002185752592608647
Academic Articles,weather pointed,0,14804,0.002185752592608647
Academic Articles,pointed program,0,9853,0.002185752592608647
Academic Articles,program approach,0,10358,0.002185752592608647
Academic Articles,approach see,0,748,0.002185752592608647
Academic Articles,see drew,0,11850,0.002185752592608647
Academic Articles,turner research,0,14045,0.002185752592608647
Academic Articles,research data,0,11240,0.010928762963043237
Academic Articles,assimilation combined,0,918,0.002185752592608647
Academic Articles,combined bridge,0,1939,0.002185752592608647
Academic Articles,bridge micro,0,1478,0.002185752592608647
Academic Articles,micro key,0,7962,0.002185752592608647
Academic Articles,key rapid,0,6988,0.002185752592608647
Academic Articles,rapid particle,0,10800,0.002185752592608647
Academic Articles,particle injection,0,9390,0.002185752592608647
Academic Articles,injection acceleration,0,6608,0.002185752592608647
Academic Articles,acceleration plasma,0,28,0.002185752592608647
Academic Articles,plasma wave,0,9822,0.004371505185217294
Academic Articles,wave generation,0,14584,0.002185752592608647
Academic Articles,generation particle,0,5485,0.002185752592608647
Academic Articles,particle coupling,0,9380,0.002185752592608647
Academic Articles,coupling though,0,2588,0.002185752592608647
Academic Articles,though particle,0,13694,0.002185752592608647
Academic Articles,precipitation comprehensive,0,10082,0.002185752592608647
Academic Articles,comprehensive require,0,2202,0.002185752592608647
Academic Articles,require observational,0,11191,0.002185752592608647
Academic Articles,observational notan,0,8930,0.002185752592608647
Academic Articles,notan afterthought,0,8812,0.002185752592608647
Academic Articles,afterthought figure,0,446,0.002185752592608647
Academic Articles,figure current,0,4790,0.004371505185217294
Academic Articles,current data,0,2684,0.002185752592608647
Academic Articles,sparse adequately,0,12598,0.002185752592608647
Academic Articles,adequately capture,0,368,0.002185752592608647
Academic Articles,capture carried,0,1577,0.002185752592608647
Academic Articles,carried scale,0,1595,0.002185752592608647
Academic Articles,scale scale,0,11659,0.0016623211854425713
Academic Articles,scale require,0,11658,0.002185752592608647
Academic Articles,require satellite,0,11201,0.002185752592608647
Academic Articles,satellite combined,0,11553,0.002185752592608647
Academic Articles,combined space,0,1951,0.004371505185217294
Academic Articles,space program,0,12558,0.002185752592608647
Academic Articles,program need,0,10370,0.002185752592608647
Academic Articles,infrastructure international,0,6532,0.004371505185217294
Academic Articles,international interagency,0,6767,0.002185752592608647
Academic Articles,interagency industrial,0,6715,0.002185752592608647
Academic Articles,industrial see,0,6396,0.002185752592608647
Academic Articles,see new,0,11861,0.006557257777825942
Academic Articles,new system,0,8695,0.002185752592608647
Academic Articles,observatory valuable,0,8964,0.002185752592608647
Academic Articles,valuable resource,0,14400,0.002185752592608647
Academic Articles,resource science,0,11366,0.002185752592608647
Academic Articles,science however,0,11717,0.002185752592608647
Academic Articles,current often,0,2707,0.002185752592608647
Academic Articles,often accidental,0,9022,0.002185752592608647
Academic Articles,accidental inadequate,0,41,0.002185752592608647
Academic Articles,inadequate inadequate,0,6269,0.002185752592608647
Academic Articles,inadequate queue,0,6270,0.002185752592608647
Academic Articles,queue either,0,10585,0.002185752592608647
Academic Articles,either space,0,3831,0.0033246423708851425
Academic Articles,weather available,0,14645,0.0016623211854425713
Academic Articles,available considering,0,1136,0.002185752592608647
Academic Articles,considering dynamic,0,2314,0.002185752592608647
Academic Articles,dynamic numerical,0,3614,0.002185752592608647
Academic Articles,numerical figure,0,8884,0.002185752592608647
Academic Articles,figure dynamic,0,4793,0.002185752592608647
Academic Articles,dynamic currently,0,3602,0.002185752592608647
Academic Articles,available widely,0,1152,0.002185752592608647
Academic Articles,spaced therefore,0,12590,0.002185752592608647
Academic Articles,therefore data,0,13664,0.002185752592608647
Academic Articles,data various,0,3031,0.004371505185217294
Academic Articles,various bow,0,14445,0.002185752592608647
Academic Articles,shock ring,0,12027,0.002185752592608647
Academic Articles,radiation emergent,0,10658,0.002185752592608647
Academic Articles,emergent emerge,0,3948,0.002185752592608647
Academic Articles,emerge typically,0,3939,0.002185752592608647
Academic Articles,typically example,0,14063,0.002185752592608647
Academic Articles,example reconnection,0,4439,0.002185752592608647
Academic Articles,reconnection throughout,0,10923,0.002185752592608647
Academic Articles,throughout transfer,0,13725,0.002185752592608647
Academic Articles,transfer subsequently,0,13963,0.002185752592608647
Academic Articles,subsequently go,0,13085,0.002185752592608647
Academic Articles,go unstable,0,5693,0.002185752592608647
Academic Articles,unstable configuration,0,14262,0.002185752592608647
Academic Articles,configuration inner,0,2281,0.002185752592608647
Academic Articles,inner ionosphere,0,6614,0.002185752592608647
Academic Articles,ionosphere figure,0,6829,0.004371505185217294
Academic Articles,figure model,0,4811,0.002185752592608647
Academic Articles,model observing,0,8137,0.002185752592608647
Academic Articles,observing understanding,0,8981,0.002185752592608647
Academic Articles,global impact,0,5643,0.002185752592608647
Academic Articles,impact entire,0,6174,0.002185752592608647
Academic Articles,entire larry,0,4123,0.002185752592608647
Academic Articles,center supporting,0,1705,0.002185752592608647
Academic Articles,supporting information,0,13287,0.002185752592608647
Academic Articles,information global,0,6465,0.002185752592608647
Academic Articles,global bulk,0,5629,0.002185752592608647
Academic Articles,bulk research,0,1515,0.002185752592608647
Academic Articles,research geophysical,0,11260,0.004371505185217294
Academic Articles,union future,0,14182,0.006557257777825942
Academic Articles,ionosphere observing,0,6848,0.002185752592608647
Academic Articles,infrastructure various,0,6568,0.002185752592608647
Academic Articles,various panel,0,14460,0.002185752592608647
Academic Articles,panel international,0,9321,0.002185752592608647
Academic Articles,international multiple,0,6769,0.002185752592608647
Academic Articles,multiple include,0,8331,0.002185752592608647
Academic Articles,include burst,0,6277,0.002185752592608647
Academic Articles,burst flux,0,1522,0.002185752592608647
Academic Articles,flux transfer,0,5098,0.002185752592608647
Academic Articles,transfer inner,0,13961,0.002185752592608647
Academic Articles,inner coupling,0,6611,0.002185752592608647
Academic Articles,coupling cold,0,2565,0.002185752592608647
Academic Articles,cold plasma,0,1897,0.015300268148260531
Academic Articles,plasma distribution,0,9789,0.004371505185217294
Academic Articles,distribution auroral,0,3484,0.002185752592608647
Academic Articles,auroral coupling,0,1098,0.002185752592608647
Academic Articles,coupling ion,0,2573,0.002185752592608647
Academic Articles,ion outflow,0,6809,0.004371505185217294
Academic Articles,outflow state,0,9250,0.002185752592608647
Academic Articles,state upstream,0,12792,0.002185752592608647
Academic Articles,upstream solar,0,14287,0.002185752592608647
Academic Articles,wind auroral,0,15050,0.002185752592608647
Academic Articles,auroral configuration,0,1097,0.004371505185217294
Academic Articles,configuration potential,0,2286,0.002185752592608647
Academic Articles,potential radiation,0,10015,0.0016623211854425713
Academic Articles,radiation polar,0,10677,0.002185752592608647
Academic Articles,polar cap,0,9862,0.002185752592608647
Academic Articles,cap open,0,1551,0.002185752592608647
Academic Articles,flux solar,0,5091,0.0016623211854425713
Academic Articles,irradiance cold,0,6899,0.002185752592608647
Academic Articles,plasma density,0,9787,0.004371505185217294
Academic Articles,density auroral,0,3182,0.002185752592608647
Academic Articles,auroral ionospheric,0,1101,0.002185752592608647
Academic Articles,ionospheric convection,0,6871,0.002185752592608647
Academic Articles,convection geomagnetic,0,2410,0.002185752592608647
Academic Articles,geomagnetic index,0,5522,0.004371505185217294
Academic Articles,index ionospheric,0,6370,0.002185752592608647
Academic Articles,content measured,0,2356,0.002185752592608647
Academic Articles,measured full,0,7875,0.002185752592608647
Academic Articles,full feed,0,5357,0.002185752592608647
Academic Articles,feed validate,0,4660,0.002185752592608647
Academic Articles,validate advanced,0,14372,0.002185752592608647
Academic Articles,advanced numerical,0,396,0.002185752592608647
Academic Articles,numerical data,0,8883,0.002185752592608647
Academic Articles,assimilation system,0,933,0.002185752592608647
Academic Articles,system scale,0,13441,0.002185752592608647
Academic Articles,scale know,0,11641,0.004371505185217294
Academic Articles,know driving,0,7024,0.002185752592608647
Academic Articles,driving system,0,3588,0.002185752592608647
Academic Articles,system dynamic,0,13401,0.002185752592608647
Academic Articles,dynamic key,0,3609,0.002185752592608647
Academic Articles,key region,0,6991,0.002185752592608647
Academic Articles,region particularly,0,11016,0.002185752592608647
Academic Articles,particularly transition,0,9430,0.002185752592608647
Academic Articles,transition magnetic,0,13983,0.002185752592608647
Academic Articles,magnetic plasma,0,7613,0.002185752592608647
Academic Articles,sheet dipolar,0,12002,0.002185752592608647
Academic Articles,dipolar magnetic,0,3353,0.002185752592608647
Academic Articles,field rapidly,0,4742,0.002185752592608647
Academic Articles,rapidly earthward,0,10802,0.002185752592608647
Academic Articles,earthward reconnection,0,3682,0.002185752592608647
Academic Articles,reconnection strong,0,10920,0.002185752592608647
Academic Articles,strong rigid,0,13034,0.002185752592608647
Academic Articles,rigid magnetic,0,11446,0.002185752592608647
Academic Articles,field near,0,4721,0.0033246423708851425
Academic Articles,earth considerable,0,3643,0.002185752592608647
Academic Articles,considerable dynamic,0,2306,0.002185752592608647
Academic Articles,dynamic energy,0,3604,0.002185752592608647
Academic Articles,energy conversion,0,4006,0.002185752592608647
Academic Articles,conversion transport,0,2414,0.002185752592608647
Academic Articles,transport occur,0,13995,0.002185752592608647
Academic Articles,occur radius,0,8997,0.002185752592608647
Academic Articles,radius previous,0,10755,0.002185752592608647
Academic Articles,previous simultaneous,0,10203,0.002185752592608647
Academic Articles,simultaneous region,0,12135,0.002185752592608647
Academic Articles,region cal,0,10984,0.002185752592608647
Academic Articles,cal time,0,1535,0.002185752592608647
Academic Articles,time panel,0,13806,0.002185752592608647
Academic Articles,panel particle,0,9332,0.002185752592608647
Academic Articles,particle potentially,0,9398,0.002185752592608647
Academic Articles,potentially combined,0,10028,0.002185752592608647
Academic Articles,combined measure,0,1944,0.002185752592608647
Academic Articles,measure structure,0,7872,0.002185752592608647
Academic Articles,structure dynamic,0,13045,0.002185752592608647
Academic Articles,dynamic available,0,3599,0.002185752592608647
Academic Articles,available driving,0,1141,0.002185752592608647
Academic Articles,driving current,0,3585,0.002185752592608647
Academic Articles,current research,0,2716,0.004371505185217294
Academic Articles,operational detailed,0,9091,0.002185752592608647
Academic Articles,detailed plasma,0,3254,0.002185752592608647
Academic Articles,plasma ion,0,9798,0.002185752592608647
Academic Articles,composition example,0,2187,0.002185752592608647
Academic Articles,example outflow,0,4436,0.002185752592608647
Academic Articles,outflow however,0,9248,0.002185752592608647
Academic Articles,however information,0,6080,0.002185752592608647
Academic Articles,information ion,0,6468,0.002185752592608647
Academic Articles,composition mostly,0,2192,0.002185752592608647
Academic Articles,mostly come,0,8270,0.002185752592608647
Academic Articles,come observation,0,1966,0.002185752592608647
Academic Articles,gap predict,0,5453,0.002185752592608647
Academic Articles,predict characterize,0,10093,0.002185752592608647
Academic Articles,characterize hazardous,0,1799,0.002185752592608647
Academic Articles,hazardous space,0,5912,0.002185752592608647
Academic Articles,space white,0,12587,0.002185752592608647
Academic Articles,white significant,0,15020,0.002185752592608647
Academic Articles,significant technological,0,12103,0.004371505185217294
Academic Articles,enable sophisticated,0,3970,0.002185752592608647
Academic Articles,sophisticated mass,0,12439,0.002185752592608647
Academic Articles,mass design,0,7786,0.002185752592608647
Academic Articles,design previously,0,3229,0.002185752592608647
Academic Articles,previously possible,0,10206,0.002185752592608647
Academic Articles,possible another,0,9954,0.002185752592608647
Academic Articles,another cold,0,692,0.002185752592608647
Academic Articles,distribution variability,0,3488,0.002185752592608647
Academic Articles,variability fundamental,0,14423,0.002185752592608647
Academic Articles,fundamental research,0,5379,0.002185752592608647
Academic Articles,require cold,0,11173,0.002185752592608647
Academic Articles,plasma many,0,9804,0.002185752592608647
Academic Articles,many plasma,0,7753,0.002185752592608647
Academic Articles,plasma radiation,0,9814,0.002185752592608647
Academic Articles,belt ring,0,1315,0.002185752592608647
Academic Articles,current cold,0,2682,0.002185752592608647
Academic Articles,cold particle,0,1896,0.002185752592608647
Academic Articles,particle less,0,9394,0.002185752592608647
Academic Articles,less therefore,0,7258,0.002185752592608647
Academic Articles,therefore least,0,13666,0.002185752592608647
Academic Articles,least studied,0,7230,0.002185752592608647
Academic Articles,studied often,0,13059,0.002185752592608647
Academic Articles,often dominate,0,9027,0.002185752592608647
Academic Articles,dominate plasma,0,3535,0.002185752592608647
Academic Articles,density recent,0,3198,0.002185752592608647
Academic Articles,recent white,0,10897,0.004371505185217294
Academic Articles,white detailed,0,15011,0.002185752592608647
Academic Articles,detailed cold,0,3251,0.002185752592608647
Academic Articles,plasma promising,0,9813,0.002185752592608647
Academic Articles,promising affordable,0,10398,0.002185752592608647
Academic Articles,affordable cost,0,445,0.002185752592608647
Academic Articles,cost pathfinder,0,2495,0.002185752592608647
Academic Articles,pathfinder originally,0,9472,0.002185752592608647
Academic Articles,originally low,0,9229,0.002185752592608647
Academic Articles,low inclination,0,7502,0.002185752592608647
Academic Articles,inclination geo,0,6273,0.002185752592608647
Academic Articles,geo synchronous,0,5490,0.002185752592608647
Academic Articles,synchronous transfer,0,13374,0.002185752592608647
Academic Articles,transfer electron,0,13959,0.002185752592608647
Academic Articles,electron proton,0,3911,0.0016623211854425713
Academic Articles,proton detector,0,10446,0.002185752592608647
Academic Articles,detector demonstrate,0,3258,0.002185752592608647
Academic Articles,demonstrate large,0,3171,0.002185752592608647
Academic Articles,large near,0,7091,0.002185752592608647
Academic Articles,infrastructure important,0,6527,0.002185752592608647
Academic Articles,space plasma,0,12555,0.004371505185217294
Academic Articles,plasma roughly,0,9817,0.002185752592608647
Academic Articles,roughly earth,0,11509,0.002185752592608647
Academic Articles,earth even,0,3650,0.002185752592608647
Academic Articles,even provide,0,4297,0.002185752592608647
Academic Articles,provide essential,0,10478,0.002185752592608647
Academic Articles,essential spatial,0,4259,0.002185752592608647
Academic Articles,spatial context,0,12607,0.002185752592608647
Academic Articles,context ionosphere,0,2361,0.002185752592608647
Academic Articles,ionosphere resolve,0,6857,0.002185752592608647
Academic Articles,resolve meso,0,11359,0.002185752592608647
Academic Articles,meso scale,0,7937,0.002185752592608647
Academic Articles,scale example,0,11633,0.002185752592608647
Academic Articles,example energetic,0,4425,0.002185752592608647
Academic Articles,energetic neutral,0,3995,0.004371505185217294
Academic Articles,neutral atom,0,8589,0.004371505185217294
Academic Articles,atom auroral,0,1071,0.002185752592608647
Academic Articles,auroral monitor,0,1103,0.002185752592608647
Academic Articles,monitor key,0,8249,0.002185752592608647
Academic Articles,key transition,0,7003,0.002185752592608647
Academic Articles,transition recent,0,13986,0.002185752592608647
Academic Articles,recent energetic,0,10886,0.002185752592608647
Academic Articles,atom themis,0,1072,0.002185752592608647
Academic Articles,themis network,0,13649,0.002185752592608647
Academic Articles,network flow,0,8573,0.002185752592608647
Academic Articles,flow coming,0,5038,0.002185752592608647
Academic Articles,coming earthward,0,1975,0.002185752592608647
Academic Articles,earthward storm,0,3683,0.002185752592608647
Academic Articles,storm commencement,0,12872,0.002185752592608647
Academic Articles,commencement dynamic,0,1982,0.002185752592608647
Academic Articles,dynamic although,0,3598,0.002185752592608647
Academic Articles,although mission,0,562,0.002185752592608647
Academic Articles,mission recently,0,8075,0.002185752592608647
Academic Articles,recently themis,0,10915,0.002185752592608647
Academic Articles,themis operate,0,13650,0.002185752592608647
Academic Articles,operate camera,0,9075,0.002185752592608647
Academic Articles,camera situation,0,1545,0.002185752592608647
Academic Articles,situation important,0,12175,0.002185752592608647
Academic Articles,important important,0,6215,0.002185752592608647
Academic Articles,important asset,0,6202,0.002185752592608647
Academic Articles,asset system,0,913,0.002185752592608647
Academic Articles,system numerical,0,13428,0.002185752592608647
Academic Articles,numerical modeling,0,8886,0.002185752592608647
Academic Articles,modeling essential,0,8175,0.002185752592608647
Academic Articles,essential global,0,4253,0.002185752592608647
Academic Articles,global improving,0,5645,0.002185752592608647
Academic Articles,require connect,0,11174,0.002185752592608647
Academic Articles,connect various,0,2294,0.002185752592608647
Academic Articles,various regional,0,14462,0.002185752592608647
Academic Articles,regional incorporate,0,11045,0.002185752592608647
Academic Articles,incorporate dynamic,0,6323,0.002185752592608647
Academic Articles,dynamic global,0,3606,0.002185752592608647
Academic Articles,global model,0,5654,0.002185752592608647
Academic Articles,model example,0,8122,0.002185752592608647
Academic Articles,example transport,0,4446,0.002185752592608647
Academic Articles,transport mag,0,13994,0.002185752592608647
Academic Articles,mag however,0,7572,0.002185752592608647
Academic Articles,however differentiation,0,6069,0.002185752592608647
Academic Articles,differentiation adiabatic,0,3343,0.002185752592608647
Academic Articles,adiabatic kinetic,0,370,0.002185752592608647
Academic Articles,kinetic scale,0,7016,0.004371505185217294
Academic Articles,scale physic,0,11651,0.004371505185217294
Academic Articles,physic critical,0,9677,0.002185752592608647
Academic Articles,critical likely,0,2633,0.002185752592608647
Academic Articles,likely require,0,7352,0.002185752592608647
Academic Articles,computational macro,0,2213,0.002185752592608647
Academic Articles,macro micro,0,7557,0.002185752592608647
Academic Articles,micro scale,0,7963,0.002185752592608647
Academic Articles,scale modeling,0,11646,0.002185752592608647
Academic Articles,modeling effort,0,8173,0.002185752592608647
Academic Articles,effort combined,0,3805,0.002185752592608647
Academic Articles,combined data,0,1941,0.002185752592608647
Academic Articles,assimilation see,0,932,0.002185752592608647
Academic Articles,chapter although,0,1788,0.002185752592608647
Academic Articles,although highest,0,560,0.002185752592608647
Academic Articles,highest resolution,0,6016,0.002185752592608647
Academic Articles,resolution complex,0,11343,0.002185752592608647
Academic Articles,complex global,0,2143,0.002185752592608647
Academic Articles,global resolution,0,5664,0.002185752592608647
Academic Articles,resolution practical,0,11356,0.002185752592608647
Academic Articles,practical goal,0,10075,0.002185752592608647
Academic Articles,goal must,0,5699,0.002185752592608647
Academic Articles,include full,0,6287,0.002185752592608647
Academic Articles,solar ionosphere,0,12337,0.002185752592608647
Academic Articles,ionosphere various,0,6867,0.002185752592608647
Academic Articles,various neutral,0,14456,0.002185752592608647
Academic Articles,atmosphere center,0,1011,0.002185752592608647
Academic Articles,center environment,0,1673,0.002185752592608647
Academic Articles,environment see,0,4169,0.002185752592608647
Academic Articles,figure session,0,4830,0.002185752592608647
Academic Articles,session solar,0,11947,0.002185752592608647
Academic Articles,panel accurate,0,9303,0.002185752592608647
Academic Articles,wind essential,0,15080,0.002185752592608647
Academic Articles,essential running,0,4257,0.002185752592608647
Academic Articles,running accurate,0,11524,0.002185752592608647
Academic Articles,wind used,0,15186,0.002185752592608647
Academic Articles,used outer,0,14339,0.002185752592608647
Academic Articles,outer boundary,0,9245,0.002185752592608647
Academic Articles,boundary condition,0,1450,0.002185752592608647
Academic Articles,condition internal,0,2253,0.002185752592608647
Academic Articles,internal boundary,0,6751,0.002185752592608647
Academic Articles,boundary orbit,0,1455,0.002185752592608647
Academic Articles,orbit state,0,9194,0.002185752592608647
Academic Articles,state always,0,12779,0.002185752592608647
Academic Articles,always available,0,578,0.002185752592608647
Academic Articles,available appropriate,0,1130,0.002185752592608647
Academic Articles,appropriate space,0,758,0.002185752592608647
Academic Articles,weather lead,0,14758,0.002185752592608647
Academic Articles,accurate system,0,65,0.002185752592608647
Academic Articles,system require,0,13438,0.002185752592608647
Academic Articles,require equally,0,11179,0.002185752592608647
Academic Articles,equally accurate,0,4198,0.002185752592608647
Academic Articles,actually pointed,0,310,0.002185752592608647
Academic Articles,pointed variability,0,9858,0.002185752592608647
Academic Articles,variability bow,0,14420,0.002185752592608647
Academic Articles,shock see,0,12028,0.002185752592608647
Academic Articles,panel artificial,0,9305,0.002185752592608647
Academic Articles,artificial neural,0,880,0.002185752592608647
Academic Articles,neural important,0,8582,0.002185752592608647
Academic Articles,important well,0,6234,0.002185752592608647
Academic Articles,well radiation,0,14948,0.002185752592608647
Academic Articles,electron throughout,0,3916,0.0016623211854425713
Academic Articles,inner input,0,6613,0.002185752592608647
Academic Articles,input data,0,6622,0.002185752592608647
Academic Articles,data low,0,2907,0.002185752592608647
Academic Articles,orbit electron,0,9159,0.002185752592608647
Academic Articles,electron flux,0,3895,0.0033246423708851425
Academic Articles,flux geomagnetic,0,5057,0.0016623211854425713
Academic Articles,geomagnetic future,0,5514,0.002185752592608647
Academic Articles,ionosphere panel,0,6849,0.002185752592608647
Academic Articles,panel recent,0,9337,0.002185752592608647
Academic Articles,white complement,0,15010,0.002185752592608647
Academic Articles,complement panel,0,2130,0.002185752592608647
Academic Articles,panel powerful,0,9334,0.002185752592608647
Academic Articles,powerful modeling,0,10072,0.002185752592608647
Academic Articles,modeling hybrid,0,8181,0.002185752592608647
Academic Articles,hybrid kinetic,0,6124,0.002185752592608647
Academic Articles,kinetic provide,0,7015,0.002185752592608647
Academic Articles,provide improve,0,10481,0.002185752592608647
Academic Articles,prediction increasing,0,10108,0.002185752592608647
Academic Articles,increasing machine,0,6354,0.002185752592608647
Academic Articles,learning deep,0,7213,0.002185752592608647
Academic Articles,deep learning,0,3124,0.002185752592608647
Academic Articles,learning physic,0,7223,0.002185752592608647
Academic Articles,physic emulator,0,9682,0.002185752592608647
Academic Articles,emulator already,0,3962,0.002185752592608647
Academic Articles,already successfully,0,546,0.002185752592608647
Academic Articles,successfully applied,0,13098,0.002185752592608647
Academic Articles,applied automatic,0,731,0.002185752592608647
Academic Articles,automatic event,0,1114,0.002185752592608647
Academic Articles,event identification,0,4331,0.002185752592608647
Academic Articles,identification feature,0,6130,0.002185752592608647
Academic Articles,feature detection,0,4651,0.002185752592608647
Academic Articles,detection uncertainty,0,3257,0.002185752592608647
Academic Articles,uncertainty quantification,0,14094,0.010928762963043237
Academic Articles,quantification benefit,0,10573,0.002185752592608647
Academic Articles,benefit therefore,0,1328,0.002185752592608647
Academic Articles,therefore space,0,13668,0.002185752592608647
Academic Articles,engineering related,0,4045,0.002185752592608647
Academic Articles,related panel,0,11056,0.002185752592608647
Academic Articles,panel specific,0,9342,0.002185752592608647
Academic Articles,specific modeling,0,12633,0.002185752592608647
Academic Articles,modeling directly,0,8172,0.002185752592608647
Academic Articles,directly benefit,0,3378,0.002185752592608647
Academic Articles,benefit space,0,1326,0.002185752592608647
Academic Articles,community example,0,2076,0.002185752592608647
Academic Articles,example constrain,0,4420,0.002185752592608647
Academic Articles,constrain radiation,0,2345,0.002185752592608647
Academic Articles,environment efficient,0,4140,0.002185752592608647
Academic Articles,efficient engineering,0,3800,0.002185752592608647
Academic Articles,engineering satellite,0,4046,0.002185752592608647
Academic Articles,satellite design,0,11559,0.002185752592608647
Academic Articles,design radiation,0,3230,0.002185752592608647
Academic Articles,radiation important,0,10663,0.002185752592608647
Academic Articles,important cell,0,6204,0.002185752592608647
Academic Articles,cell voltage,0,1654,0.002185752592608647
Academic Articles,voltage degradation,0,14546,0.002185752592608647
Academic Articles,degradation current,0,3142,0.002185752592608647
Academic Articles,current statistical,0,2723,0.002185752592608647
Academic Articles,statistical see,0,12812,0.002185752592608647
Academic Articles,see science,0,11865,0.002185752592608647
Academic Articles,directorate division,0,3386,0.002185752592608647
Academic Articles,division workshop,0,3517,0.002185752592608647
Academic Articles,workshop program,0,15247,0.002185752592608647
Academic Articles,program lunar,0,10367,0.002185752592608647
Academic Articles,lunar planetary,0,7544,0.002185752592608647
Academic Articles,planetary institute,0,9776,0.002185752592608647
Academic Articles,research association,0,11224,0.002185752592608647
Academic Articles,association figure,0,985,0.002185752592608647
Academic Articles,figure modeling,0,4812,0.002185752592608647
Academic Articles,modeling approach,0,8164,0.002185752592608647
Academic Articles,approach coupling,0,740,0.002185752592608647
Academic Articles,coupling ionosphere,0,2574,0.004371505185217294
Academic Articles,ionosphere atmosphere,0,6819,0.004371505185217294
Academic Articles,atmosphere linked,0,1026,0.002185752592608647
Academic Articles,linked meaning,0,7428,0.002185752592608647
Academic Articles,meaning length,0,7860,0.002185752592608647
Academic Articles,length scale,0,7251,0.002185752592608647
Academic Articles,scale source,0,11664,0.002185752592608647
Academic Articles,source university,0,12464,0.004371505185217294
Academic Articles,key strategic,0,7000,0.002185752592608647
Academic Articles,strategic model,0,12968,0.002185752592608647
Academic Articles,model connect,0,8112,0.002185752592608647
Academic Articles,connect critical,0,2293,0.002185752592608647
Academic Articles,critical resolution,0,2639,0.002185752592608647
Academic Articles,resolution future,0,11349,0.002185752592608647
Academic Articles,research shown,0,11300,0.002185752592608647
Academic Articles,shown data,0,12048,0.002185752592608647
Academic Articles,data van,0,3030,0.002185752592608647
Academic Articles,van accurately,0,14406,0.002185752592608647
Academic Articles,accurately predict,0,68,0.002185752592608647
Academic Articles,predict voltage,0,10099,0.002185752592608647
Academic Articles,voltage statistical,0,14548,0.002185752592608647
Academic Articles,statistical model,0,12807,0.004371505185217294
Academic Articles,model additional,0,8102,0.002185752592608647
Academic Articles,additional transfer,0,350,0.002185752592608647
Academic Articles,transfer orbit,0,13962,0.006557257777825942
Academic Articles,orbit magnetic,0,9178,0.002185752592608647
Academic Articles,magnetic local,0,7604,0.002185752592608647
Academic Articles,local time,0,7449,0.002185752592608647
Academic Articles,time radiation,0,13813,0.0016623211854425713
Academic Articles,environment could,0,4137,0.002185752592608647
Academic Articles,could another,0,2502,0.002185752592608647
Academic Articles,another important,0,695,0.002185752592608647
Academic Articles,important user,0,6232,0.002185752592608647
Academic Articles,information atmospheric,0,6457,0.002185752592608647
Academic Articles,atmospheric input,0,1060,0.002185752592608647
Academic Articles,input ionosphere,0,6624,0.004371505185217294
Academic Articles,atmosphere see,0,1040,0.002185752592608647
Academic Articles,figure subsequent,0,4836,0.002185752592608647
Academic Articles,subsequent upwell,0,13083,0.002185752592608647
Academic Articles,upwell atmosphere,0,14290,0.002185752592608647
Academic Articles,atmosphere satellite,0,1038,0.0016623211854425713
Academic Articles,satellite drag,0,11561,0.004371505185217294
Academic Articles,drag space,0,3565,0.002185752592608647
Academic Articles,traffic collision,0,13933,0.002185752592608647
Academic Articles,avoidance wind,0,1175,0.002185752592608647
Academic Articles,wind capture,0,15056,0.002185752592608647
Academic Articles,capture global,0,1579,0.002185752592608647
Academic Articles,global effect,0,5638,0.004371505185217294
Academic Articles,effect phenomenon,0,3757,0.004371505185217294
Academic Articles,phenomenon poorly,0,9646,0.002185752592608647
Academic Articles,poorly dynamic,0,9908,0.002185752592608647
Academic Articles,dynamic finally,0,3605,0.002185752592608647
Academic Articles,finally first,0,4869,0.002185752592608647
Academic Articles,first develop,0,4898,0.002185752592608647
Academic Articles,develop space,0,3274,0.002185752592608647
Academic Articles,space discipline,0,12511,0.002185752592608647
Academic Articles,discipline high,0,3393,0.002185752592608647
Academic Articles,high societal,0,5992,0.002185752592608647
Academic Articles,societal importance,0,12259,0.002185752592608647
Academic Articles,importance attract,0,6197,0.002185752592608647
Academic Articles,attract people,0,1076,0.002185752592608647
Academic Articles,people right,0,9495,0.002185752592608647
Academic Articles,right radiation,0,11437,0.002185752592608647
Academic Articles,belt daily,0,1307,0.002185752592608647
Academic Articles,daily average,0,2770,0.002185752592608647
Academic Articles,average electron,0,1154,0.002185752592608647
Academic Articles,flux model,0,5070,0.002185752592608647
Academic Articles,model van,0,8155,0.002185752592608647
Academic Articles,van mission,0,14410,0.002185752592608647
Academic Articles,mission solar,0,8077,0.004371505185217294
Academic Articles,solar array,0,12278,0.002185752592608647
Academic Articles,array degradation,0,863,0.002185752592608647
Academic Articles,degradation workshop,0,3144,0.002185752592608647
Academic Articles,workshop figure,0,15238,0.002185752592608647
Academic Articles,figure transport,0,4841,0.002185752592608647
Academic Articles,transport ionosphere,0,13993,0.002185752592608647
Academic Articles,ionosphere coupled,0,6824,0.004371505185217294
Academic Articles,coupled system,0,2560,0.002185752592608647
Academic Articles,system atmosphere,0,13386,0.002185752592608647
Academic Articles,atmosphere altitude,0,1007,0.002185752592608647
Academic Articles,altitude corporation,0,572,0.002185752592608647
Academic Articles,corporation middle,0,2473,0.002185752592608647
Academic Articles,middle top,0,7967,0.002185752592608647
Academic Articles,top image,0,13872,0.002185752592608647
Academic Articles,image space,0,6137,0.002185752592608647
Academic Articles,center aurora,0,1665,0.002185752592608647
Academic Articles,aurora video,0,1096,0.002185752592608647
Academic Articles,video middle,0,14516,0.002185752592608647
Academic Articles,middle bottom,0,7964,0.002185752592608647
Academic Articles,bottom image,0,1441,0.002185752592608647
Academic Articles,image statistical,0,6138,0.002185752592608647
Academic Articles,statistical plasma,0,12809,0.002185752592608647
Academic Articles,plasma ionosphere,0,9799,0.002185752592608647
Academic Articles,ionosphere research,0,6855,0.006557257777825942
Academic Articles,physic geophysical,0,9687,0.002185752592608647
Academic Articles,union reserved,0,14184,0.002185752592608647
Academic Articles,reserved right,0,11330,0.002185752592608647
Academic Articles,right image,0,11433,0.002185752592608647
Academic Articles,image fall,0,6135,0.002185752592608647
Academic Articles,fall geophysical,0,4611,0.004371505185217294
Academic Articles,union data,0,14180,0.002185752592608647
Academic Articles,ionosphere field,0,6828,0.002185752592608647
Academic Articles,field see,0,4748,0.0016623211854425713
Academic Articles,see second,0,11866,0.002185752592608647
Academic Articles,second concern,0,11803,0.002185752592608647
Academic Articles,concern current,0,2229,0.002185752592608647
Academic Articles,weather scientific,0,14838,0.004371505185217294
Academic Articles,scientific munity,0,11776,0.002185752592608647
Academic Articles,munity many,0,8352,0.002185752592608647
Academic Articles,many proprietary,0,7756,0.002185752592608647
Academic Articles,proprietary data,0,10429,0.002185752592608647
Academic Articles,weather technological,0,14869,0.0016623211854425713
Academic Articles,technological advance,0,13544,0.002185752592608647
Academic Articles,advance need,0,387,0.002185752592608647
Academic Articles,information increase,0,6467,0.002185752592608647
Academic Articles,increase many,0,6337,0.002185752592608647
Academic Articles,many yet,0,7760,0.002185752592608647
Academic Articles,yet realize,0,15299,0.002185752592608647
Academic Articles,realize weather,0,10865,0.002185752592608647
Academic Articles,weather improving,0,14739,0.002185752592608647
Academic Articles,improving weather,0,6264,0.002185752592608647
Academic Articles,information could,0,6459,0.002185752592608647
Academic Articles,could accelerate,0,2499,0.002185752592608647
Academic Articles,accelerate space,0,25,0.002185752592608647
Academic Articles,weather utility,0,14884,0.002185752592608647
Academic Articles,utility ionosphere,0,14367,0.002185752592608647
Academic Articles,panel ionosphere,0,9322,0.002185752592608647
Academic Articles,ionosphere five,0,6830,0.002185752592608647
Academic Articles,five college,0,4934,0.002185752592608647
Academic Articles,college aeronautical,0,1926,0.002185752592608647
Academic Articles,aeronautical university,0,413,0.004371505185217294
Academic Articles,university space,0,14221,0.002185752592608647
Academic Articles,space geodesy,0,12527,0.002185752592608647
Academic Articles,geodesy space,0,5491,0.002185752592608647
Academic Articles,space agency,0,12496,0.002185752592608647
Academic Articles,agency key,0,459,0.002185752592608647
Academic Articles,predictive spheric,0,10126,0.002185752592608647
Academic Articles,spheric state,0,12692,0.002185752592608647
Academic Articles,understanding first,0,14133,0.002185752592608647
Academic Articles,first question,0,4919,0.002185752592608647
Academic Articles,question predictive,0,10583,0.002185752592608647
Academic Articles,predictive capability,0,10119,0.006557257777825942
Academic Articles,capability ionosphere,0,1558,0.002185752592608647
Academic Articles,ionosphere affect,0,6817,0.004371505185217294
Academic Articles,affect signal,0,430,0.002185752592608647
Academic Articles,propagation signal,0,10421,0.002185752592608647
Academic Articles,signal system,0,12069,0.002185752592608647
Academic Articles,system understanding,0,13454,0.002185752592608647
Academic Articles,understanding second,0,14144,0.002185752592608647
Academic Articles,second question,0,11819,0.002185752592608647
Academic Articles,question panel,0,10581,0.002185752592608647
Academic Articles,panel global,0,9319,0.002185752592608647
Academic Articles,global instrument,0,5647,0.002185752592608647
Academic Articles,instrument network,0,6654,0.002185752592608647
Academic Articles,network data,0,8571,0.004371505185217294
Academic Articles,data routinely,0,2975,0.002185752592608647
Academic Articles,routinely readily,0,11516,0.002185752592608647
Academic Articles,readily available,0,10852,0.004371505185217294
Academic Articles,available across,0,1129,0.002185752592608647
Academic Articles,across share,0,116,0.002185752592608647
Academic Articles,share data,0,11995,0.002185752592608647
Academic Articles,data global,0,2878,0.006557257777825942
Academic Articles,global navigation,0,5656,0.008743010370434588
Academic Articles,navigation satellite,0,8412,0.008743010370434588
Academic Articles,satellite system,0,11596,0.006557257777825942
Academic Articles,system earth,0,13402,0.002185752592608647
Academic Articles,science flexible,0,11710,0.002185752592608647
Academic Articles,flexible modeling,0,5025,0.002185752592608647
Academic Articles,validation metric,0,14386,0.002185752592608647
Academic Articles,metric session,0,7958,0.002185752592608647
Academic Articles,session ionospheric,0,11941,0.002185752592608647
Academic Articles,ionospheric state,0,6891,0.006557257777825942
Academic Articles,state midlatitude,0,12784,0.002185752592608647
Academic Articles,midlatitude system,0,7969,0.002185752592608647
Academic Articles,system come,0,13393,0.002185752592608647
Academic Articles,come sun,0,1969,0.002185752592608647
Academic Articles,sun neutral,0,13214,0.002185752592608647
Academic Articles,neutral dynamic,0,8594,0.002185752592608647
Academic Articles,dynamic traveling,0,3627,0.002185752592608647
Academic Articles,traveling ionospheric,0,14007,0.002185752592608647
Academic Articles,ionospheric turbulence,0,6894,0.002185752592608647
Academic Articles,turbulence geomagnetic,0,14034,0.002185752592608647
Academic Articles,geomagnetic field,0,5512,0.006649284741770285
Academic Articles,field operational,0,4727,0.002185752592608647
Academic Articles,operational global,0,9101,0.002185752592608647
Academic Articles,global system,0,5671,0.002185752592608647
Academic Articles,system landing,0,13421,0.002185752592608647
Academic Articles,landing aviation,0,7078,0.002185752592608647
Academic Articles,aviation require,0,1167,0.002185752592608647
Academic Articles,require accuracy,0,11169,0.002185752592608647
Academic Articles,accuracy assurance,0,50,0.002185752592608647
Academic Articles,assurance ranging,0,988,0.002185752592608647
Academic Articles,ranging acceptable,0,10790,0.002185752592608647
Academic Articles,acceptable prompt,0,31,0.002185752592608647
Academic Articles,prompt navigation,0,10401,0.002185752592608647
Academic Articles,navigation safety,0,8411,0.002185752592608647
Academic Articles,safety better,0,11534,0.002185752592608647
Academic Articles,better predictive,0,1362,0.002185752592608647
Academic Articles,predictive require,0,10123,0.002185752592608647
Academic Articles,require furthermore,0,11182,0.002185752592608647
Academic Articles,furthermore new,0,5393,0.002185752592608647
Academic Articles,new forecasting,0,8637,0.002185752592608647
Academic Articles,forecasting forecast,0,5237,0.002185752592608647
Academic Articles,forecast currently,0,5164,0.002185752592608647
Academic Articles,available daily,0,1138,0.002185752592608647
Academic Articles,daily spatial,0,2771,0.002185752592608647
Academic Articles,spatial scale,0,12613,0.010928762963043237
Academic Articles,scale extending,0,11634,0.002185752592608647
Academic Articles,extending making,0,4527,0.002185752592608647
Academic Articles,making underlying,0,7710,0.002185752592608647
Academic Articles,underlying physic,0,14109,0.002185752592608647
Academic Articles,physic require,0,9698,0.002185752592608647
Academic Articles,require support,0,11209,0.004371505185217294
Academic Articles,support geodetic,0,13268,0.002185752592608647
Academic Articles,geodetic global,0,5492,0.002185752592608647
Academic Articles,system future,0,13413,0.004371505185217294
Academic Articles,infrastructure another,0,6501,0.002185752592608647
Academic Articles,another irregularity,0,696,0.002185752592608647
Academic Articles,irregularity however,0,6907,0.002185752592608647
Academic Articles,however data,0,6067,0.004371505185217294
Academic Articles,data useful,0,3026,0.002185752592608647
Academic Articles,useful statistical,0,14352,0.002185752592608647
Academic Articles,statistical cover,0,12806,0.002185752592608647
Academic Articles,cover long,0,2599,0.002185752592608647
Academic Articles,long time,0,7468,0.002185752592608647
Academic Articles,time available,0,13761,0.002185752592608647
Academic Articles,available community,0,1135,0.002185752592608647
Academic Articles,community spoke,0,2108,0.002185752592608647
Academic Articles,spoke ionospheric,0,12702,0.002185752592608647
Academic Articles,ionospheric radio,0,6887,0.002185752592608647
Academic Articles,radio wave,0,10750,0.002185752592608647
Academic Articles,wave wave,0,14586,0.002185752592608647
Academic Articles,wave electron,0,14583,0.002185752592608647
Academic Articles,electron density,0,3893,0.006557257777825942
Academic Articles,density affect,0,3181,0.002185752592608647
Academic Articles,affect tech,0,432,0.002185752592608647
Academic Articles,tech satellite,0,13538,0.002185752592608647
Academic Articles,communication gaining,0,2048,0.002185752592608647
Academic Articles,gaining specification,0,5443,0.002185752592608647
Academic Articles,specification data,0,12646,0.002185752592608647
Academic Articles,data receiver,0,2963,0.002185752592608647
Academic Articles,receiver theoretical,0,10882,0.002185752592608647
Academic Articles,theoretical ionospheric,0,13651,0.002185752592608647
Academic Articles,state driving,0,12782,0.002185752592608647
Academic Articles,driving cause,0,3584,0.002185752592608647
Academic Articles,cause require,0,1637,0.002185752592608647
Academic Articles,support modeling,0,13271,0.002185752592608647
Academic Articles,modeling system,0,8204,0.002185752592608647
Academic Articles,system impact,0,13419,0.002185752592608647
Academic Articles,impact reflect,0,6182,0.002185752592608647
Academic Articles,reflect ionosphere,0,10950,0.002185752592608647
Academic Articles,ionosphere radar,0,6852,0.002185752592608647
Academic Articles,radar however,0,10635,0.002185752592608647
Academic Articles,however improving,0,6079,0.002185752592608647
Academic Articles,improving ionospheric,0,6256,0.002185752592608647
Academic Articles,state predict,0,12786,0.002185752592608647
Academic Articles,predict global,0,10094,0.002185752592608647
Academic Articles,global measuring,0,5652,0.002185752592608647
Academic Articles,measuring electron,0,7903,0.002185752592608647
Academic Articles,density entire,0,3191,0.004371505185217294
Academic Articles,entire planet,0,4126,0.004371505185217294
Academic Articles,planet bring,0,9771,0.002185752592608647
Academic Articles,bring major,0,1494,0.002185752592608647
Academic Articles,major several,0,7683,0.002185752592608647
Academic Articles,possible observational,0,9966,0.004371505185217294
Academic Articles,observational address,0,8914,0.002185752592608647
Academic Articles,address remote,0,359,0.002185752592608647
Academic Articles,remote occultation,0,11134,0.002185752592608647
Academic Articles,occultation total,0,8989,0.002185752592608647
Academic Articles,content tec,0,2359,0.004371505185217294
Academic Articles,tec network,0,13534,0.002185752592608647
Academic Articles,network spatial,0,8581,0.002185752592608647
Academic Articles,temporal resolution,0,13592,0.004371505185217294
Academic Articles,resolution data,0,11345,0.002185752592608647
Academic Articles,assimilation across,0,915,0.002185752592608647
Academic Articles,across globe,0,100,0.002185752592608647
Academic Articles,globe clear,0,5676,0.002185752592608647
Academic Articles,clear whether,0,1857,0.002185752592608647
Academic Articles,whether oblique,0,15006,0.002185752592608647
Academic Articles,oblique work,0,8902,0.002185752592608647
Academic Articles,work right,0,15218,0.002185752592608647
Academic Articles,right frequency,0,11432,0.002185752592608647
Academic Articles,frequency routinely,0,5338,0.002185752592608647
Academic Articles,routinely usable,0,11517,0.002185752592608647
Academic Articles,usable require,0,14295,0.002185752592608647
Academic Articles,require established,0,11180,0.002185752592608647
Academic Articles,established passive,0,4267,0.002185752592608647
Academic Articles,passive need,0,9448,0.002185752592608647
Academic Articles,need better,0,8465,0.002185752592608647
Academic Articles,better electron,0,1353,0.002185752592608647
Academic Articles,planet relevant,0,9772,0.002185752592608647
Academic Articles,relevant loss,0,11086,0.002185752592608647
Academic Articles,loss group,0,7486,0.002185752592608647
Academic Articles,group delay,0,5841,0.002185752592608647
Academic Articles,delay need,0,3153,0.002185752592608647
Academic Articles,need predictive,0,8503,0.002185752592608647
Academic Articles,capability include,0,1557,0.002185752592608647
Academic Articles,include systematic,0,6300,0.002185752592608647
Academic Articles,systematic data,0,13459,0.002185752592608647
Academic Articles,data integration,0,2890,0.002185752592608647
Academic Articles,integration validation,0,6671,0.002185752592608647
Academic Articles,validation occur,0,14388,0.002185752592608647
Academic Articles,occur snively,0,8999,0.002185752592608647
Academic Articles,snively ionosphere,0,12250,0.002185752592608647
Academic Articles,ionosphere atmo,0,6818,0.002185752592608647
Academic Articles,atmo spheric,0,1005,0.002185752592608647
Academic Articles,spheric include,0,12691,0.002185752592608647
Academic Articles,include density,0,6281,0.002185752592608647
Academic Articles,density compositional,0,3186,0.002185752592608647
Academic Articles,compositional variable,0,2201,0.002185752592608647
Academic Articles,variable shear,0,14430,0.002185752592608647
Academic Articles,shear overwide,0,11998,0.002185752592608647
Academic Articles,overwide thermo,0,9294,0.002185752592608647
Academic Articles,thermo sphere,0,13673,0.004371505185217294
Academic Articles,sphere neutral,0,12686,0.002185752592608647
Academic Articles,neutral acoustic,0,8585,0.002185752592608647
Academic Articles,acoustic gravity,0,72,0.002185752592608647
Academic Articles,gravity include,0,5762,0.002185752592608647
Academic Articles,include neutral,0,6294,0.004371505185217294
Academic Articles,neutral snively,0,8599,0.002185752592608647
Academic Articles,snively pointed,0,12252,0.002185752592608647
Academic Articles,pointed tec,0,9857,0.002185752592608647
Academic Articles,tec valuable,0,13535,0.002185752592608647
Academic Articles,valuable ionospheric,0,14398,0.002185752592608647
Academic Articles,ionospheric dynamic,0,6875,0.002185752592608647
Academic Articles,dynamic small,0,3622,0.002185752592608647
Academic Articles,scale across,0,11621,0.004371505185217294
Academic Articles,scale relevant,0,11657,0.002185752592608647
Academic Articles,relevant understanding,0,11092,0.002185752592608647
Academic Articles,understanding snively,0,14145,0.002185752592608647
Academic Articles,snively key,0,12251,0.002185752592608647
Academic Articles,key include,0,6973,0.004371505185217294
Academic Articles,neutral composition,0,8590,0.004371505185217294
Academic Articles,composition lower,0,2190,0.002185752592608647
Academic Articles,lower thermo,0,7536,0.002185752592608647
Academic Articles,sphere modulate,0,12685,0.002185752592608647
Academic Articles,modulate ionosphere,0,8241,0.002185752592608647
Academic Articles,coupling continue,0,2568,0.002185752592608647
Academic Articles,continue propagation,0,2368,0.002185752592608647
Academic Articles,propagation scale,0,10417,0.002185752592608647
Academic Articles,scale mesh,0,11644,0.002185752592608647
Academic Articles,mesh leverage,0,7934,0.002185752592608647
Academic Articles,leverage data,0,7273,0.004371505185217294
Academic Articles,data require,0,2970,0.006557257777825942
Academic Articles,require handling,0,11186,0.002185752592608647
Academic Articles,handling heterogeneous,0,5889,0.002185752592608647
Academic Articles,heterogeneous data,0,5956,0.004371505185217294
Academic Articles,space time,0,12583,0.002185752592608647
Academic Articles,time system,0,13825,0.002185752592608647
Academic Articles,system den,0,13397,0.002185752592608647
Academic Articles,den key,0,3174,0.002185752592608647
Academic Articles,key parameter,0,6985,0.002185752592608647
Academic Articles,parameter satellite,0,9361,0.002185752592608647
Academic Articles,satellite orbit,0,11583,0.002185752592608647
Academic Articles,orbit atmospheric,0,9147,0.002185752592608647
Academic Articles,atmospheric drag,0,1054,0.019671773333477825
Academic Articles,drag force,0,3553,0.002185752592608647
Academic Articles,force causing,0,5137,0.002185752592608647
Academic Articles,causing orbital,0,1647,0.002185752592608647
Academic Articles,orbital decay,0,9205,0.002185752592608647
Academic Articles,decay currently,0,3092,0.002185752592608647
Academic Articles,currently performance,0,2741,0.002185752592608647
Academic Articles,performance future,0,9514,0.002185752592608647
Academic Articles,ionosphere specification,0,6862,0.002185752592608647
Academic Articles,specification empirical,0,12647,0.002185752592608647
Academic Articles,empirical atmospheric,0,3953,0.002185752592608647
Academic Articles,atmospheric density,0,1053,0.002185752592608647
Academic Articles,density actual,0,3180,0.002185752592608647
Academic Articles,actual extreme,0,305,0.002185752592608647
Academic Articles,ultraviolet flux,0,14074,0.002185752592608647
Academic Articles,flux see,0,5086,0.002185752592608647
Academic Articles,solar accurate,0,12272,0.002185752592608647
Academic Articles,accurate neutral,0,61,0.002185752592608647
Academic Articles,composition inconsistent,0,2188,0.002185752592608647
Academic Articles,inconsistent quality,0,6322,0.002185752592608647
Academic Articles,quality sparse,0,10571,0.002185752592608647
Academic Articles,sparse keeping,0,12601,0.002185752592608647
Academic Articles,keeping increasing,0,6955,0.002185752592608647
Academic Articles,increasing earth,0,6349,0.002185752592608647
Academic Articles,earth require,0,3670,0.002185752592608647
Academic Articles,require precision,0,11198,0.002185752592608647
Academic Articles,precision orbit,0,10091,0.002185752592608647
Academic Articles,orbit determination,0,9155,0.002185752592608647
Academic Articles,determination conjunction,0,3260,0.002185752592608647
Academic Articles,conjunction analysis,0,2291,0.002185752592608647
Academic Articles,analysis satellite,0,646,0.002185752592608647
Academic Articles,satellite lifetime,0,11579,0.002185752592608647
Academic Articles,lifetime estimation,0,7284,0.002185752592608647
Academic Articles,estimation mission,0,4273,0.002185752592608647
Academic Articles,mission analysis,0,8045,0.004371505185217294
Academic Articles,analysis improving,0,633,0.002185752592608647
Academic Articles,improving predictive,0,6257,0.002185752592608647
Academic Articles,predictive lower,0,10122,0.002185752592608647
Academic Articles,lower atmospheric,0,7526,0.002185752592608647
Academic Articles,drag require,0,3563,0.002185752592608647
Academic Articles,require transition,0,11213,0.002185752592608647
Academic Articles,transition capture,0,13980,0.002185752592608647
Academic Articles,capture net,0,1582,0.002185752592608647
Academic Articles,net energy,0,8563,0.002185752592608647
Academic Articles,input solar,0,6627,0.002185752592608647
Academic Articles,wind interplanetary,0,15102,0.002185752592608647
Academic Articles,interplanetary mag,0,6777,0.002185752592608647
Academic Articles,field ionosphere,0,4708,0.004371505185217294
Academic Articles,ionosphere high,0,6837,0.002185752592608647
Academic Articles,high temporal,0,5997,0.002185752592608647
Academic Articles,temporal cadence,0,13588,0.002185752592608647
Academic Articles,cadence density,0,1529,0.002185752592608647
Academic Articles,density calibration,0,3183,0.002185752592608647
Academic Articles,calibration line,0,1540,0.002185752592608647
Academic Articles,line made,0,7414,0.002185752592608647
Academic Articles,made data,0,7561,0.002185752592608647
Academic Articles,assimilation testing,0,934,0.002185752592608647
Academic Articles,testing ensemble,0,13630,0.002185752592608647
Academic Articles,modeling systematic,0,8205,0.002185752592608647
Academic Articles,systematic community,0,13458,0.002185752592608647
Academic Articles,center lastly,0,1685,0.002185752592608647
Academic Articles,lastly pointed,0,7119,0.002185752592608647
Academic Articles,pointed important,0,9851,0.002185752592608647
Academic Articles,important education,0,6205,0.002185752592608647
Academic Articles,education need,0,3715,0.002185752592608647
Academic Articles,need another,0,8462,0.002185752592608647
Academic Articles,another panel,0,700,0.004371505185217294
Academic Articles,system six,0,13445,0.002185752592608647
Academic Articles,six aero,0,12181,0.002185752592608647
Academic Articles,aero nautical,0,411,0.002185752592608647
Academic Articles,nautical university,0,8401,0.002185752592608647
Academic Articles,university state,0,14223,0.002185752592608647
Academic Articles,state university,0,12791,0.004371505185217294
Academic Articles,university bill,0,14208,0.002185752592608647
Academic Articles,bill university,0,1401,0.002185752592608647
Academic Articles,corporation aeronautical,0,2467,0.004371505185217294
Academic Articles,aeronautical research,0,412,0.004371505185217294
Academic Articles,research university,0,11315,0.002185752592608647
Academic Articles,weather biggest,0,14650,0.002185752592608647
Academic Articles,biggest coming,0,1399,0.002185752592608647
Academic Articles,coming understanding,0,1981,0.002185752592608647
Academic Articles,understanding driven,0,14131,0.002185752592608647
Academic Articles,driven theme,0,3580,0.002185752592608647
Academic Articles,panel whole,0,9348,0.002185752592608647
Academic Articles,whole ionosphere,0,15025,0.002185752592608647
Academic Articles,coupled understood,0,2561,0.002185752592608647
Academic Articles,understood space,0,14158,0.002185752592608647
Academic Articles,weather ionosphere,0,14751,0.002185752592608647
Academic Articles,ionosphere neutral,0,6846,0.002185752592608647
Academic Articles,atmosphere relative,0,1037,0.002185752592608647
Academic Articles,relative forcing,0,11061,0.002185752592608647
Academic Articles,forcing geomagnetic,0,5149,0.002185752592608647
Academic Articles,geomagnetic past,0,5537,0.002185752592608647
Academic Articles,past large,0,9455,0.002185752592608647
Academic Articles,large forcing,0,7086,0.002185752592608647
Academic Articles,forcing low,0,5151,0.002185752592608647
Academic Articles,low forcing,0,7498,0.002185752592608647
Academic Articles,forcing uncertain,0,5154,0.002185752592608647
Academic Articles,uncertain seasonal,0,14085,0.002185752592608647
Academic Articles,seasonal solar,0,11801,0.002185752592608647
Academic Articles,cycle change,0,2757,0.002185752592608647
Academic Articles,change shift,0,1785,0.002185752592608647
Academic Articles,shift relative,0,12016,0.002185752592608647
Academic Articles,relative upper,0,11062,0.002185752592608647
Academic Articles,atmosphere made,0,1029,0.002185752592608647
Academic Articles,made point,0,7565,0.004371505185217294
Academic Articles,point although,0,9831,0.002185752592608647
Academic Articles,well variability,0,14959,0.002185752592608647
Academic Articles,variability significant,0,14426,0.002185752592608647
Academic Articles,significant energy,0,12083,0.002185752592608647
Academic Articles,energy mean,0,4016,0.002185752592608647
Academic Articles,mean system,0,7857,0.002185752592608647
Academic Articles,system background,0,13388,0.002185752592608647
Academic Articles,background state,0,1219,0.002185752592608647
Academic Articles,state drive,0,12781,0.002185752592608647
Academic Articles,drive large,0,3576,0.002185752592608647
Academic Articles,large trigger,0,7102,0.002185752592608647
Academic Articles,trigger smaller,0,14019,0.002185752592608647
Academic Articles,smaller future,0,12246,0.002185752592608647
Academic Articles,infrastructure polar,0,6550,0.002185752592608647
Academic Articles,polar hand,0,9868,0.002185752592608647
Academic Articles,hand turbulence,0,5888,0.002185752592608647
Academic Articles,turbulence system,0,14036,0.002185752592608647
Academic Articles,system single,0,13444,0.002185752592608647
Academic Articles,important factor,0,6209,0.0016623211854425713
Academic Articles,factor ionospheric,0,4579,0.002185752592608647
Academic Articles,ionospheric conductivity,0,6870,0.002185752592608647
Academic Articles,conductivity tying,0,2271,0.002185752592608647
Academic Articles,tying neutral,0,14051,0.002185752592608647
Academic Articles,neutral ionospheric,0,8597,0.002185752592608647
Academic Articles,ionospheric electrodynamics,0,6878,0.004371505185217294
Academic Articles,electrodynamics conductivity,0,3874,0.002185752592608647
Academic Articles,conductivity magnitude,0,2264,0.002185752592608647
Academic Articles,magnitude spatial,0,7653,0.002185752592608647
Academic Articles,spatial distribution,0,12609,0.002185752592608647
Academic Articles,distribution anda,0,3483,0.002185752592608647
Academic Articles,anda predictive,0,670,0.002185752592608647
Academic Articles,predictive global,0,10121,0.002185752592608647
Academic Articles,global conductivity,0,5631,0.004371505185217294
Academic Articles,conductivity state,0,2268,0.002185752592608647
Academic Articles,state complicated,0,12780,0.002185752592608647
Academic Articles,complicated since,0,2171,0.002185752592608647
Academic Articles,since measuring,0,12146,0.002185752592608647
Academic Articles,measuring global,0,7904,0.002185752592608647
Academic Articles,conductivity panel,0,2267,0.002185752592608647
Academic Articles,panel combining,0,9308,0.002185752592608647
Academic Articles,combining ground,0,1958,0.002185752592608647
Academic Articles,ground based,0,5811,0.004371505185217294
Academic Articles,based covering,0,1250,0.002185752592608647
Academic Articles,covering global,0,2619,0.002185752592608647
Academic Articles,global ionosphere,0,5649,0.002185752592608647
Academic Articles,ionosphere resolution,0,6856,0.002185752592608647
Academic Articles,resolution ionospheric,0,11351,0.004371505185217294
Academic Articles,ionospheric process,0,6885,0.002185752592608647
Academic Articles,process ionosphere,0,10294,0.002185752592608647
Academic Articles,affect magnetic,0,425,0.002185752592608647
Academic Articles,magnetic reconnection,0,7614,0.002185752592608647
Academic Articles,reconnection global,0,10917,0.002185752592608647
Academic Articles,global dynamic,0,5637,0.004371505185217294
Academic Articles,dynamic tail,0,3626,0.002185752592608647
Academic Articles,tail dynamic,0,13478,0.002185752592608647
Academic Articles,dynamic ring,0,3621,0.004371505185217294
Academic Articles,radiation observing,0,10673,0.002185752592608647
Academic Articles,observing panel,0,8974,0.002185752592608647
Academic Articles,panel included,0,9320,0.004371505185217294
Academic Articles,included along,0,6309,0.002185752592608647
Academic Articles,along flux,0,529,0.002185752592608647
Academic Articles,flux global,0,5058,0.002185752592608647
Academic Articles,global ion,0,5648,0.002185752592608647
Academic Articles,outflow source,0,9249,0.002185752592608647
Academic Articles,source upcoming,0,12465,0.002185752592608647
Academic Articles,upcoming dynamic,0,14270,0.002185752592608647
Academic Articles,dynamic constellation,0,3601,0.002185752592608647
Academic Articles,constellation unfortunately,0,2342,0.002185752592608647
Academic Articles,unfortunately particular,0,14174,0.002185752592608647
Academic Articles,particular science,0,9420,0.002185752592608647
Academic Articles,science provide,0,11743,0.002185752592608647
Academic Articles,provide information,0,10482,0.004371505185217294
Academic Articles,information discussion,0,6461,0.002185752592608647
Academic Articles,discussion following,0,3414,0.004371505185217294
Academic Articles,following panel,0,5124,0.004371505185217294
Academic Articles,panel specie,0,9341,0.002185752592608647
Academic Articles,specie optically,0,12628,0.002185752592608647
Academic Articles,optically present,0,9141,0.002185752592608647
Academic Articles,present significant,0,10153,0.002185752592608647
Academic Articles,significant gravity,0,12087,0.002185752592608647
Academic Articles,gravity another,0,5760,0.002185752592608647
Academic Articles,another atmosphere,0,690,0.002185752592608647
Academic Articles,ionosphere atmospheric,0,6820,0.002185752592608647
Academic Articles,atmospheric flux,0,1056,0.002185752592608647
Academic Articles,flux lower,0,5065,0.002185752592608647
Academic Articles,lower atmosphere,0,7525,0.006557257777825942
Academic Articles,atmosphere encompass,0,1016,0.002185752592608647
Academic Articles,encompass spatial,0,3971,0.002185752592608647
Academic Articles,scale wave,0,11669,0.002185752592608647
Academic Articles,wave dissipation,0,14581,0.002185752592608647
Academic Articles,dissipation oscillation,0,3470,0.002185752592608647
Academic Articles,oscillation oscillation,0,9233,0.002185752592608647
Academic Articles,oscillation understanding,0,9234,0.002185752592608647
Academic Articles,understanding gravity,0,14135,0.002185752592608647
Academic Articles,gravity affect,0,5759,0.002185752592608647
Academic Articles,affect circulation,0,417,0.002185752592608647
Academic Articles,circulation compositional,0,1829,0.002185752592608647
Academic Articles,compositional variability,0,2200,0.002185752592608647
Academic Articles,variability altitude,0,14419,0.002185752592608647
Academic Articles,altitude profile,0,576,0.002185752592608647
Academic Articles,profile temperature,0,10356,0.002185752592608647
Academic Articles,temperature resolution,0,13586,0.002185752592608647
Academic Articles,resolution altitude,0,11341,0.002185752592608647
Academic Articles,altitude important,0,574,0.002185752592608647
Academic Articles,important meridional,0,6219,0.002185752592608647
Academic Articles,meridional system,0,7930,0.002185752592608647
Academic Articles,system small,0,13447,0.002185752592608647
Academic Articles,small climatological,0,12232,0.002185752592608647
Academic Articles,climatological system,0,1871,0.002185752592608647
Academic Articles,system finally,0,13411,0.002185752592608647
Academic Articles,finally system,0,4879,0.002185752592608647
Academic Articles,system quiet,0,13435,0.002185752592608647
Academic Articles,quiet storm,0,10621,0.002185752592608647
Academic Articles,storm time,0,12946,0.006649284741770285
Academic Articles,time open,0,13804,0.002185752592608647
Academic Articles,open include,0,9066,0.004371505185217294
Academic Articles,include whether,0,6305,0.002185752592608647
Academic Articles,whether gravity,0,15005,0.002185752592608647
Academic Articles,gravity impact,0,5761,0.002185752592608647
Academic Articles,impact gravity,0,6176,0.002185752592608647
Academic Articles,gravity whether,0,5767,0.002185752592608647
Academic Articles,whether system,0,15009,0.002185752592608647
Academic Articles,system predictability,0,13432,0.004371505185217294
Academic Articles,predictability lower,0,10102,0.002185752592608647
Academic Articles,affect electric,0,421,0.002185752592608647
Academic Articles,electric connect,0,3850,0.002185752592608647
Academic Articles,connect atmosphere,0,2292,0.002185752592608647
Academic Articles,atmosphere spatial,0,1043,0.002185752592608647
Academic Articles,scale energy,0,11632,0.002185752592608647
Academic Articles,energy storm,0,4026,0.002185752592608647
Academic Articles,storm understanding,0,12950,0.002185752592608647
Academic Articles,understanding nonlinear,0,14139,0.002185752592608647
Academic Articles,nonlinear full,0,8764,0.002185752592608647
Academic Articles,full spatial,0,5367,0.002185752592608647
Academic Articles,know upper,0,7036,0.002185752592608647
Academic Articles,atmosphere forcing,0,1018,0.002185752592608647
Academic Articles,forcing example,0,5147,0.002185752592608647
Academic Articles,example neutral,0,4433,0.002185752592608647
Academic Articles,neutral increase,0,8596,0.002185752592608647
Academic Articles,increase solution,0,6341,0.002185752592608647
Academic Articles,solution monitor,0,12422,0.002185752592608647
Academic Articles,monitor electric,0,8247,0.002185752592608647
Academic Articles,electric approach,0,3848,0.002185752592608647
Academic Articles,approach active,0,738,0.002185752592608647
Academic Articles,ampere space,0,612,0.002185752592608647
Academic Articles,space swarm,0,12578,0.004371505185217294
Academic Articles,swarm satellite,0,13360,0.004371505185217294
Academic Articles,satellite lation,0,11578,0.002185752592608647
Academic Articles,lation improve,0,7140,0.002185752592608647
Academic Articles,improve spatial,0,6249,0.002185752592608647
Academic Articles,spatial coverage,0,12608,0.002185752592608647
Academic Articles,coverage temporal,0,2612,0.002185752592608647
Academic Articles,temporal theme,0,13595,0.002185752592608647
Academic Articles,panel forcing,0,9316,0.002185752592608647
Academic Articles,important weather,0,6233,0.002185752592608647
Academic Articles,weather forcing,0,14717,0.002185752592608647
Academic Articles,forcing future,0,5148,0.002185752592608647
Academic Articles,ionosphere vector,0,6868,0.002185752592608647
Academic Articles,vector understand,0,14484,0.002185752592608647
Academic Articles,understand past,0,14120,0.002185752592608647
Academic Articles,current different,0,2686,0.002185752592608647
Academic Articles,different earth,0,3311,0.002185752592608647
Academic Articles,earth climate,0,3642,0.002185752592608647
Academic Articles,climate change,0,1858,0.002185752592608647
Academic Articles,change affect,0,1782,0.002185752592608647
Academic Articles,affect increasing,0,423,0.002185752592608647
Academic Articles,increasing convective,0,6348,0.002185752592608647
Academic Articles,convective launch,0,2412,0.002185752592608647
Academic Articles,launch gravity,0,7158,0.002185752592608647
Academic Articles,gravity upper,0,5765,0.002185752592608647
Academic Articles,atmosphere gravity,0,1020,0.002185752592608647
Academic Articles,gravity modeling,0,5763,0.002185752592608647
Academic Articles,modeling describe,0,8170,0.002185752592608647
Academic Articles,describe coupling,0,3215,0.002185752592608647
Academic Articles,coupling provide,0,2583,0.002185752592608647
Academic Articles,provide resolution,0,10494,0.002185752592608647
Academic Articles,resolution figure,0,11348,0.002185752592608647
Academic Articles,figure require,0,4829,0.004371505185217294
Academic Articles,require sustainable,0,11210,0.002185752592608647
Academic Articles,sustainable support,0,13343,0.002185752592608647
Academic Articles,research computational,0,11233,0.002185752592608647
Academic Articles,computational observation,0,2214,0.002185752592608647
Academic Articles,observation net,0,8912,0.002185752592608647
Academic Articles,net work,0,8564,0.002185752592608647
Academic Articles,work model,0,15215,0.002185752592608647
Academic Articles,validation collaboration,0,14377,0.002185752592608647
Academic Articles,collaboration science,0,1905,0.002185752592608647
Academic Articles,science community,0,11697,0.010928762963043237
Academic Articles,community private,0,2101,0.002185752592608647
Academic Articles,private figure,0,10239,0.002185752592608647
Academic Articles,figure recent,0,4828,0.002185752592608647
Academic Articles,recent underlying,0,10896,0.002185752592608647
Academic Articles,underlying model,0,14108,0.002185752592608647
Academic Articles,model model,0,8134,0.002185752592608647
Academic Articles,model wave,0,8157,0.004371505185217294
Academic Articles,wave coupling,0,14580,0.004371505185217294
Academic Articles,coupling magic,0,2577,0.002185752592608647
Academic Articles,magic see,0,7573,0.002185752592608647
Academic Articles,see snively,0,11868,0.002185752592608647
Academic Articles,snively therein,0,12253,0.002185752592608647
Academic Articles,therein smaller,0,13671,0.002185752592608647
Academic Articles,smaller scale,0,12248,0.004371505185217294
Academic Articles,scale solver,0,11662,0.002185752592608647
Academic Articles,solver library,0,12426,0.002185752592608647
Academic Articles,library pest,0,7275,0.002185752592608647
Academic Articles,pest mesh,0,9631,0.002185752592608647
Academic Articles,mesh management,0,7935,0.002185752592608647
Academic Articles,management development,0,7717,0.002185752592608647
Academic Articles,development team,0,3291,0.002185752592608647
Academic Articles,team model,0,13527,0.002185752592608647
Academic Articles,wave dynamic,0,14582,0.002185752592608647
Academic Articles,dynamic recent,0,3620,0.002185752592608647
Academic Articles,recent progress,0,10890,0.002185752592608647
Academic Articles,progress propagation,0,10387,0.002185752592608647
Academic Articles,propagation coupling,0,10407,0.002185752592608647
Academic Articles,coupling across,0,2564,0.002185752592608647
Academic Articles,across deep,0,93,0.002185752592608647
Academic Articles,deep altitude,0,3122,0.002185752592608647
Academic Articles,altitude ionosphere,0,575,0.002185752592608647
Academic Articles,ionosphere aeronautical,0,6816,0.002185752592608647
Academic Articles,university scalable,0,14219,0.002185752592608647
Academic Articles,scalable wave,0,11620,0.002185752592608647
Academic Articles,coupling abstract,0,2563,0.002185752592608647
Academic Articles,abstract saa,0,12,0.002185752592608647
Academic Articles,saa fall,0,11527,0.002185752592608647
Academic Articles,infrastructure progress,0,6553,0.002185752592608647
Academic Articles,progress require,0,10388,0.002185752592608647
Academic Articles,require sustained,0,11211,0.004371505185217294
Academic Articles,sustained address,0,13344,0.002185752592608647
Academic Articles,address current,0,354,0.002185752592608647
Academic Articles,current noted,0,2705,0.002185752592608647
Academic Articles,noted adaptive,0,8829,0.002185752592608647
Academic Articles,adaptive mesh,0,317,0.002185752592608647
Academic Articles,mesh refinement,0,7936,0.002185752592608647
Academic Articles,refinement regarding,0,10949,0.002185752592608647
Academic Articles,regarding system,0,10966,0.002185752592608647
Academic Articles,predictability mat,0,10103,0.002185752592608647
Academic Articles,mat put,0,7822,0.002185752592608647
Academic Articles,put butterfly,0,10558,0.002185752592608647
Academic Articles,butterfly global,0,1527,0.002185752592608647
Academic Articles,global data,0,5636,0.004371505185217294
Academic Articles,assimilation error,0,923,0.002185752592608647
Academic Articles,error growth,0,4213,0.002185752592608647
Academic Articles,growth coupling,0,5859,0.002185752592608647
Academic Articles,coupling committee,0,2566,0.002185752592608647
Academic Articles,committee member,0,2025,0.002185752592608647
Academic Articles,member coupling,0,7922,0.002185752592608647
Academic Articles,coupling josh,0,2575,0.002185752592608647
Academic Articles,josh university,0,6943,0.002185752592608647
Academic Articles,research joe,0,11269,0.002185752592608647
Academic Articles,joe seth,0,6936,0.002185752592608647
Academic Articles,seth upon,0,11957,0.002185752592608647
Academic Articles,upon following,0,14279,0.002185752592608647
Academic Articles,following predictive,0,5126,0.002185752592608647
Academic Articles,predictive research,0,10124,0.002185752592608647
Academic Articles,understanding coupling,0,14129,0.002185752592608647
Academic Articles,coupling coupling,0,2569,0.002185752592608647
Academic Articles,coupling spatiotemporal,0,2587,0.002185752592608647
Academic Articles,spatiotemporal scale,0,12621,0.002185752592608647
Academic Articles,scale define,0,11630,0.002185752592608647
Academic Articles,define boundary,0,3133,0.002185752592608647
Academic Articles,boundary another,0,1449,0.002185752592608647
Academic Articles,another scale,0,705,0.002185752592608647
Academic Articles,scale coupling,0,11627,0.004371505185217294
Academic Articles,coupling kinetic,0,2576,0.002185752592608647
Academic Articles,coupling place,0,2581,0.002185752592608647
Academic Articles,place geophysical,0,9748,0.002185752592608647
Academic Articles,geophysical solar,0,5567,0.002185752592608647
Academic Articles,wind current,0,15065,0.002185752592608647
Academic Articles,current coupling,0,2683,0.002185752592608647
Academic Articles,coupling perspective,0,2580,0.002185752592608647
Academic Articles,perspective see,0,9624,0.002185752592608647
Academic Articles,see table,0,11871,0.004371505185217294
Academic Articles,table include,0,13468,0.002185752592608647
Academic Articles,include tail,0,6301,0.002185752592608647
Academic Articles,tail onset,0,13481,0.002185752592608647
Academic Articles,onset scale,0,9055,0.002185752592608647
Academic Articles,physic table,0,9703,0.002185752592608647
Academic Articles,table coupling,0,13464,0.002185752592608647
Academic Articles,coupling energy,0,2571,0.002185752592608647
Academic Articles,energy perspective,0,4021,0.002185752592608647
Academic Articles,perspective transport,0,9627,0.002185752592608647
Academic Articles,transport boundary,0,13991,0.002185752592608647
Academic Articles,boundary significance,0,1457,0.002185752592608647
Academic Articles,significance plasma,0,12074,0.002185752592608647
Academic Articles,sheet injection,0,12006,0.002185752592608647
Academic Articles,injection dissipation,0,6609,0.002185752592608647
Academic Articles,dissipation dynamic,0,3468,0.002185752592608647
Academic Articles,dynamic minute,0,3612,0.002185752592608647
Academic Articles,minute global,0,8032,0.002185752592608647
Academic Articles,global kinetic,0,5650,0.002185752592608647
Academic Articles,kinetic test,0,7017,0.002185752592608647
Academic Articles,test simulation,0,13627,0.002185752592608647
Academic Articles,simulation ring,0,12133,0.002185752592608647
Academic Articles,current dynamic,0,2687,0.002185752592608647
Academic Articles,dynamic poorly,0,3617,0.002185752592608647
Academic Articles,poorly understood,0,9909,0.002185752592608647
Academic Articles,understood development,0,14155,0.002185752592608647
Academic Articles,development known,0,3285,0.002185752592608647
Academic Articles,known onset,0,7055,0.002185752592608647
Academic Articles,onset plasma,0,9053,0.002185752592608647
Academic Articles,sheet thickness,0,12008,0.002185752592608647
Academic Articles,thickness ion,0,13678,0.002185752592608647
Academic Articles,ion radius,0,6810,0.004371505185217294
Academic Articles,radius tail,0,10756,0.002185752592608647
Academic Articles,tail reconnection,0,13482,0.002185752592608647
Academic Articles,reconnection particle,0,10919,0.002185752592608647
Academic Articles,particle acceleration,0,9374,0.004371505185217294
Academic Articles,acceleration theory,0,30,0.002185752592608647
Academic Articles,theory major,0,13655,0.002185752592608647
Academic Articles,major energy,0,7672,0.002185752592608647
Academic Articles,energy system,0,4028,0.004371505185217294
Academic Articles,system electron,0,13404,0.002185752592608647
Academic Articles,electron inertial,0,3900,0.002185752592608647
Academic Articles,inertial length,0,6417,0.002185752592608647
Academic Articles,length relation,0,7250,0.002185752592608647
Academic Articles,relation kinetic,0,11060,0.002185752592608647
Academic Articles,kinetic dominant,0,7013,0.002185752592608647
Academic Articles,dominant transport,0,3534,0.002185752592608647
Academic Articles,transport dispersion,0,13992,0.002185752592608647
Academic Articles,dispersion ionization,0,3459,0.002185752592608647
Academic Articles,ionization conductivity,0,6813,0.002185752592608647
Academic Articles,conductivity joule,0,2263,0.002185752592608647
Academic Articles,joule heating,0,6944,0.006557257777825942
Academic Articles,heating polarization,0,5921,0.002185752592608647
Academic Articles,polarization variability,0,9891,0.002185752592608647
Academic Articles,variability physic,0,14424,0.002185752592608647
Academic Articles,physic heating,0,9690,0.002185752592608647
Academic Articles,heating rate,0,5923,0.002185752592608647
Academic Articles,rate overestimation,0,10818,0.002185752592608647
Academic Articles,overestimation estimation,0,9286,0.002185752592608647
Academic Articles,estimation possible,0,4274,0.002185752592608647
Academic Articles,possible turbulence,0,9977,0.002185752592608647
Academic Articles,turbulence arc,0,14033,0.002185752592608647
Academic Articles,arc instability,0,770,0.002185752592608647
Academic Articles,instability nonlinear,0,6635,0.002185752592608647
Academic Articles,nonlinear anomalous,0,8762,0.002185752592608647
Academic Articles,anomalous heating,0,686,0.002185752592608647
Academic Articles,heating macroscopic,0,5920,0.002185752592608647
Academic Articles,macroscopic conductance,0,7558,0.002185752592608647
Academic Articles,conductance equatorial,0,2259,0.002185752592608647
Academic Articles,equatorial plasma,0,4202,0.002185752592608647
Academic Articles,plasma irregularity,0,9800,0.002185752592608647
Academic Articles,irregularity scale,0,6908,0.002185752592608647
Academic Articles,scale near,0,11648,0.002185752592608647
Academic Articles,near ion,0,8431,0.002185752592608647
Academic Articles,radius dissipation,0,10752,0.002185752592608647
Academic Articles,dissipation kinetic,0,3469,0.002185752592608647
Academic Articles,kinetic wave,0,7018,0.002185752592608647
Academic Articles,wave propagation,0,14585,0.006557257777825942
Academic Articles,propagation disturbed,0,10410,0.002185752592608647
Academic Articles,disturbed ionosphere,0,3497,0.002185752592608647
Academic Articles,ionosphere ionospheric,0,6840,0.004371505185217294
Academic Articles,ionospheric fresnel,0,6880,0.002185752592608647
Academic Articles,fresnel scale,0,5346,0.002185752592608647
Academic Articles,scale ionosphere,0,11639,0.002185752592608647
Academic Articles,ionosphere medium,0,6843,0.002185752592608647
Academic Articles,medium stochastic,0,7916,0.002185752592608647
Academic Articles,stochastic amplitude,0,12859,0.002185752592608647
Academic Articles,amplitude modulation,0,615,0.002185752592608647
Academic Articles,modulation scintillation,0,8242,0.002185752592608647
Academic Articles,scintillation rapid,0,11791,0.002185752592608647
Academic Articles,rapid phase,0,10801,0.002185752592608647
Academic Articles,phase fluctuation,0,9634,0.002185752592608647
Academic Articles,fluctuation note,0,5046,0.002185752592608647
Academic Articles,note pic,0,8822,0.002185752592608647
Academic Articles,pic frequency,0,9736,0.002185752592608647
Academic Articles,frequency source,0,5339,0.002185752592608647
Academic Articles,source josh,0,12456,0.002185752592608647
Academic Articles,josh boston,0,6942,0.002185752592608647
Academic Articles,boston university,0,1439,0.002185752592608647
Academic Articles,university future,0,14214,0.002185752592608647
Academic Articles,ionosphere energy,0,6827,0.002185752592608647
Academic Articles,energy transferring,0,4029,0.002185752592608647
Academic Articles,transferring energy,0,13964,0.002185752592608647
Academic Articles,system many,0,13424,0.002185752592608647
Academic Articles,many coupling,0,7742,0.002185752592608647
Academic Articles,coupling pro,0,2582,0.002185752592608647
Academic Articles,pro yet,0,10251,0.002185752592608647
Academic Articles,yet adequately,0,15286,0.002185752592608647
Academic Articles,adequately predictive,0,369,0.002185752592608647
Academic Articles,predictive system,0,10129,0.004371505185217294
Academic Articles,system sufficient,0,13452,0.002185752592608647
Academic Articles,sufficient resolution,0,13119,0.002185752592608647
Academic Articles,ionospheric projection,0,6886,0.002185752592608647
Academic Articles,projection information,0,10393,0.002185752592608647
Academic Articles,information outer,0,6473,0.002185752592608647
Academic Articles,outer space,0,9247,0.002185752592608647
Academic Articles,space network,0,12547,0.004371505185217294
Academic Articles,network cross,0,8570,0.002185752592608647
Academic Articles,cross region,0,2648,0.002185752592608647
Academic Articles,region dynamic,0,10992,0.002185752592608647
Academic Articles,dynamic involve,0,3608,0.002185752592608647
Academic Articles,involve data,0,6794,0.002185752592608647
Academic Articles,fusion inversion,0,5407,0.002185752592608647
Academic Articles,inversion information,0,6790,0.002185752592608647
Academic Articles,information theory,0,6486,0.002185752592608647
Academic Articles,theory learning,0,13654,0.002185752592608647
Academic Articles,learning collaboration,0,7210,0.002185752592608647
Academic Articles,collaboration computer,0,1900,0.002185752592608647
Academic Articles,computer data,0,2220,0.002185752592608647
Academic Articles,data electric,0,2858,0.002185752592608647
Academic Articles,electric critical,0,3851,0.002185752592608647
Academic Articles,critical accurate,0,2626,0.002185752592608647
Academic Articles,accurate joule,0,60,0.002185752592608647
Academic Articles,heating precipitation,0,5922,0.002185752592608647
Academic Articles,precipitation smaller,0,10088,0.002185752592608647
Academic Articles,scale active,0,11622,0.002185752592608647
Academic Articles,active time,0,188,0.002185752592608647
Academic Articles,time furthermore,0,13782,0.002185752592608647
Academic Articles,furthermore neutral,0,5392,0.002185752592608647
Academic Articles,neutral respond,0,8598,0.002185752592608647
Academic Articles,respond forcing,0,11374,0.002185752592608647
Academic Articles,forcing scale,0,5153,0.002185752592608647
Academic Articles,scale reduce,0,11656,0.002185752592608647
Academic Articles,reduce local,0,10936,0.002185752592608647
Academic Articles,local joule,0,7448,0.002185752592608647
Academic Articles,joule need,0,6945,0.002185752592608647
Academic Articles,need regionally,0,8507,0.002185752592608647
Academic Articles,regionally drift,0,11047,0.002185752592608647
Academic Articles,drift particle,0,3572,0.002185752592608647
Academic Articles,precipitation neutral,0,10085,0.002185752592608647
Academic Articles,neutral data,0,8591,0.002185752592608647
Academic Articles,data scale,0,2979,0.002185752592608647
Academic Articles,electrodynamics geomagnetic,0,3875,0.002185752592608647
Academic Articles,geomagnetic scale,0,5548,0.002185752592608647
Academic Articles,across physical,0,110,0.002185752592608647
Academic Articles,physical coupling,0,9711,0.002185752592608647
Academic Articles,figure ranging,0,4827,0.002185752592608647
Academic Articles,ranging spatially,0,10795,0.002185752592608647
Academic Articles,spatially temporally,0,12619,0.002185752592608647
Academic Articles,temporally vast,0,13596,0.002185752592608647
Academic Articles,vast physical,0,14475,0.002185752592608647
Academic Articles,physical theory,0,9730,0.002185752592608647
Academic Articles,theory electrodynamics,0,13653,0.002185752592608647
Academic Articles,electrodynamics assume,0,3872,0.002185752592608647
Academic Articles,assume equipotential,0,986,0.002185752592608647
Academic Articles,equipotential magnetic,0,4205,0.002185752592608647
Academic Articles,field recent,0,4744,0.002185752592608647
Academic Articles,recent work,0,10898,0.002185752592608647
Academic Articles,work extended,0,15213,0.002185752592608647
Academic Articles,extended electrodynamics,0,4524,0.002185752592608647
Academic Articles,electrodynamics potential,0,3876,0.002185752592608647
Academic Articles,potential along,0,9991,0.002185752592608647
Academic Articles,along magnetic,0,533,0.0016623211854425713
Academic Articles,new community,0,8624,0.004371505185217294
Academic Articles,community still,0,2110,0.002185752592608647
Academic Articles,still electrodynamic,0,12846,0.002185752592608647
Academic Articles,electrodynamic combine,0,3871,0.002185752592608647
Academic Articles,combine different,0,1937,0.002185752592608647
Academic Articles,different low,0,3320,0.002185752592608647
Academic Articles,low global,0,7500,0.002185752592608647
Academic Articles,important storm,0,6228,0.002185752592608647
Academic Articles,time storm,0,13822,0.002185752592608647
Academic Articles,time penetration,0,13807,0.002185752592608647
Academic Articles,penetration electric,0,9484,0.002185752592608647
Academic Articles,electric ionospheric,0,3856,0.002185752592608647
Academic Articles,ionospheric dynamo,0,6876,0.002185752592608647
Academic Articles,dynamo electric,0,3630,0.002185752592608647
Academic Articles,electric making,0,3857,0.002185752592608647
Academic Articles,making require,0,7708,0.002185752592608647
Academic Articles,require scale,0,11202,0.002185752592608647
Academic Articles,scale size,0,11660,0.002185752592608647
Academic Articles,size physic,0,12195,0.002185752592608647
Academic Articles,physic pic,0,9697,0.002185752592608647
Academic Articles,pic global,0,9738,0.002185752592608647
Academic Articles,global open,0,5659,0.002185752592608647
Academic Articles,open predictive,0,9068,0.002185752592608647
Academic Articles,system role,0,13440,0.002185752592608647
Academic Articles,role sheet,0,11481,0.002185752592608647
Academic Articles,sheet energetic,0,12004,0.002185752592608647
Academic Articles,particle dynamic,0,9384,0.002185752592608647
Academic Articles,dynamic particle,0,3616,0.002185752592608647
Academic Articles,precipitation coupling,0,10083,0.002185752592608647
Academic Articles,coupling scale,0,2585,0.002185752592608647
Academic Articles,scale cold,0,11626,0.002185752592608647
Academic Articles,plasma evolution,0,9793,0.002185752592608647
Academic Articles,evolution motion,0,4394,0.002185752592608647
Academic Articles,motion ring,0,8295,0.002185752592608647
Academic Articles,current first,0,2693,0.002185752592608647
Academic Articles,first enhanced,0,4900,0.002185752592608647
Academic Articles,enhanced global,0,4062,0.002185752592608647
Academic Articles,global con,0,5630,0.002185752592608647
Academic Articles,con vection,0,2225,0.002185752592608647
Academic Articles,vection well,0,14479,0.002185752592608647
Academic Articles,well knowledge,0,14936,0.002185752592608647
Academic Articles,knowledge gap,0,7043,0.002185752592608647
Academic Articles,gap current,0,5451,0.002185752592608647
Academic Articles,current ring,0,2717,0.002185752592608647
Academic Articles,current evolution,0,2691,0.002185752592608647
Academic Articles,evolution thus,0,4396,0.002185752592608647
Academic Articles,thus made,0,13736,0.002185752592608647
Academic Articles,made following,0,7563,0.002185752592608647
Academic Articles,following broad,0,5111,0.002185752592608647
Academic Articles,broad knowledge,0,1499,0.002185752592608647
Academic Articles,knowledge distributed,0,7041,0.002185752592608647
Academic Articles,distributed widely,0,3482,0.002185752592608647
Academic Articles,widely system,0,15038,0.002185752592608647
Academic Articles,system include,0,13420,0.002185752592608647
Academic Articles,include measure,0,6292,0.002185752592608647
Academic Articles,measure plasma,0,7870,0.002185752592608647
Academic Articles,sheet global,0,12005,0.002185752592608647
Academic Articles,global region,0,5663,0.002185752592608647
Academic Articles,region concurrent,0,10988,0.002185752592608647
Academic Articles,concurrent ring,0,2249,0.002185752592608647
Academic Articles,belt modeling,0,1312,0.002185752592608647
Academic Articles,modeling program,0,8196,0.002185752592608647
Academic Articles,program pic,0,10372,0.002185752592608647
Academic Articles,pic future,0,9737,0.002185752592608647
Academic Articles,figure ionosphere,0,4806,0.002185752592608647
Academic Articles,ionosphere top,0,6864,0.002185752592608647
Academic Articles,top left,0,13873,0.002185752592608647
Academic Articles,left optical,0,7238,0.002185752592608647
Academic Articles,optical mount,0,9138,0.002185752592608647
Academic Articles,mount showing,0,8296,0.002185752592608647
Academic Articles,showing top,0,12046,0.002185752592608647
Academic Articles,top right,0,13876,0.004371505185217294
Academic Articles,right bottom,0,11423,0.002185752592608647
Academic Articles,bottom radio,0,1442,0.002185752592608647
Academic Articles,radio joe,0,10721,0.002185752592608647
Academic Articles,joe top,0,6938,0.002185752592608647
Academic Articles,top geophysical,0,13871,0.002185752592608647
Academic Articles,geophysical research,0,5566,0.002185752592608647
Academic Articles,union top,0,14185,0.002185752592608647
Academic Articles,right defense,0,11428,0.002185752592608647
Academic Articles,defense nuclear,0,3131,0.002185752592608647
Academic Articles,nuclear agency,0,8872,0.002185752592608647
Academic Articles,agency equatorial,0,452,0.002185752592608647
Academic Articles,equatorial bottom,0,4201,0.002185752592608647
Academic Articles,bottom future,0,1440,0.002185752592608647
Academic Articles,ionosphere geomagnetic,0,6835,0.0016623211854425713
Academic Articles,coupling concerning,0,2567,0.002185752592608647
Academic Articles,concerning implementation,0,2240,0.002185752592608647
Academic Articles,implementation strategically,0,6193,0.002185752592608647
Academic Articles,strategically science,0,12976,0.002185752592608647
Academic Articles,science perspective,0,11739,0.002185752592608647
Academic Articles,perspective operational,0,9623,0.002185752592608647
Academic Articles,environmental polar,0,4190,0.002185752592608647
Academic Articles,defense meteorological,0,3129,0.006557257777825942
Academic Articles,meteorological satellite,0,7947,0.006557257777825942
Academic Articles,satellite program,0,11587,0.006557257777825942
Academic Articles,program traditionally,0,10381,0.002185752592608647
Academic Articles,traditionally provided,0,13931,0.002185752592608647
Academic Articles,provided data,0,10506,0.002185752592608647
Academic Articles,new temporal,0,8698,0.002185752592608647
Academic Articles,temporal plasma,0,13591,0.002185752592608647
Academic Articles,plasma present,0,9812,0.002185752592608647
Academic Articles,present throughout,0,10154,0.002185752592608647
Academic Articles,throughout solar,0,13720,0.002185752592608647
Academic Articles,solar possible,0,12369,0.002185752592608647
Academic Articles,possible single,0,9972,0.002185752592608647
Academic Articles,single associated,0,12159,0.002185752592608647
Academic Articles,associated energy,0,953,0.002185752592608647
Academic Articles,wind energy,0,15076,0.002185752592608647
Academic Articles,input account,0,6621,0.002185752592608647
Academic Articles,account magnetic,0,43,0.002185752592608647
Academic Articles,magnetic ionosphere,0,7599,0.002185752592608647
Academic Articles,ionosphere percent,0,6850,0.002185752592608647
Academic Articles,percent likely,0,9505,0.002185752592608647
Academic Articles,likely coming,0,7330,0.002185752592608647
Academic Articles,coming associated,0,1973,0.002185752592608647
Academic Articles,associated activity,0,942,0.0016623211854425713
Academic Articles,activity second,0,276,0.002185752592608647
Academic Articles,second power,0,11818,0.002185752592608647
Academic Articles,power radiation,0,10060,0.002185752592608647
Academic Articles,radiation ring,0,10684,0.002185752592608647
Academic Articles,current deposit,0,2685,0.002185752592608647
Academic Articles,deposit energy,0,3212,0.002185752592608647
Academic Articles,energy ionosphere,0,4013,0.002185752592608647
Academic Articles,ionosphere drive,0,6826,0.002185752592608647
Academic Articles,drive induced,0,3575,0.002185752592608647
Academic Articles,induced weather,0,6394,0.002185752592608647
Academic Articles,problem coupling,0,10267,0.002185752592608647
Academic Articles,coupling space,0,2586,0.002185752592608647
Academic Articles,weather radiation,0,14825,0.0016623211854425713
Academic Articles,radiation radiation,0,10679,0.0016623211854425713
Academic Articles,radiation cold,0,10649,0.002185752592608647
Academic Articles,cold reconnection,0,1898,0.002185752592608647
Academic Articles,reconnection sub,0,10921,0.002185752592608647
Academic Articles,sub wave,0,13072,0.002185752592608647
Academic Articles,propagation warm,0,10423,0.002185752592608647
Academic Articles,warm plasma,0,14566,0.004371505185217294
Academic Articles,propagation charging,0,10406,0.002185752592608647
Academic Articles,charging relativistic,0,1809,0.002185752592608647
Academic Articles,relativistic plasma,0,11070,0.004371505185217294
Academic Articles,plasma future,0,9796,0.002185752592608647
Academic Articles,future new,0,5426,0.002185752592608647
Academic Articles,new point,0,8672,0.002185752592608647
Academic Articles,point key,0,9838,0.002185752592608647
Academic Articles,key drive,0,6967,0.002185752592608647
Academic Articles,drive test,0,3577,0.002185752592608647
Academic Articles,test continuous,0,13625,0.002185752592608647
Academic Articles,continuous providing,0,2392,0.002185752592608647
Academic Articles,providing key,0,10522,0.002185752592608647
Academic Articles,key global,0,6971,0.002185752592608647
Academic Articles,global realistic,0,5662,0.002185752592608647
Academic Articles,realistic behavior,0,10863,0.002185752592608647
Academic Articles,behavior cold,0,1294,0.002185752592608647
Academic Articles,plasma warm,0,9821,0.002185752592608647
Academic Articles,plasma relativistic,0,9816,0.002185752592608647
Academic Articles,plasma new,0,9806,0.002185752592608647
Academic Articles,data deter,0,2849,0.002185752592608647
Academic Articles,deter global,0,3259,0.002185752592608647
Academic Articles,global storm,0,5668,0.002185752592608647
Academic Articles,scientific vol,0,11786,0.002185752592608647
Academic Articles,vol society,0,14543,0.002185752592608647
Academic Articles,society optic,0,12265,0.002185752592608647
Academic Articles,optic model,0,9133,0.002185752592608647
Academic Articles,weather stand,0,14857,0.002185752592608647
Academic Articles,stand origin,0,12758,0.002185752592608647
Academic Articles,origin system,0,9226,0.002185752592608647
Academic Articles,system white,0,13456,0.002185752592608647
Academic Articles,white heavy,0,15014,0.002185752592608647
Academic Articles,heavy coupling,0,5925,0.002185752592608647
Academic Articles,coupling white,0,2589,0.002185752592608647
Academic Articles,white erosion,0,15012,0.002185752592608647
Academic Articles,erosion scientific,0,4210,0.002185752592608647
Academic Articles,scientific justification,0,11774,0.002185752592608647
Academic Articles,justification white,0,6948,0.002185752592608647
Academic Articles,white need,0,15019,0.002185752592608647
Academic Articles,need detailed,0,8474,0.002185752592608647
Academic Articles,detailed ionic,0,3253,0.002185752592608647
Academic Articles,ionic composition,0,6812,0.002185752592608647
Academic Articles,composition white,0,2199,0.002185752592608647
Academic Articles,white future,0,15013,0.002185752592608647
Academic Articles,effect workshop,0,3783,0.002185752592608647
Academic Articles,workshop session,0,15253,0.002185752592608647
Academic Articles,session need,0,11943,0.002185752592608647
Academic Articles,need modeling,0,8495,0.002185752592608647
Academic Articles,need effect,0,8477,0.006557257777825942
Academic Articles,effect need,0,3753,0.002185752592608647
Academic Articles,effect second,0,3768,0.002185752592608647
Academic Articles,second observation,0,11813,0.002185752592608647
Academic Articles,ground noted,0,5827,0.002185752592608647
Academic Articles,noted specifically,0,8851,0.002185752592608647
Academic Articles,national key,0,8375,0.002185752592608647
Academic Articles,entire predict,0,4128,0.002185752592608647
Academic Articles,predict behavior,0,10092,0.002185752592608647
Academic Articles,behavior given,0,1297,0.002185752592608647
Academic Articles,given global,0,5603,0.002185752592608647
Academic Articles,coverage observing,0,2607,0.002185752592608647
Academic Articles,data covering,0,2839,0.002185752592608647
Academic Articles,covering variability,0,2623,0.002185752592608647
Academic Articles,variability propagation,0,14425,0.002185752592608647
Academic Articles,propagation evolution,0,10412,0.002185752592608647
Academic Articles,evolution geophysical,0,4393,0.002185752592608647
Academic Articles,sector understand,0,11839,0.004371505185217294
Academic Articles,understand provide,0,14123,0.004371505185217294
Academic Articles,provide long,0,10485,0.002185752592608647
Academic Articles,long induced,0,7464,0.002185752592608647
Academic Articles,induced future,0,6389,0.002185752592608647
Academic Articles,reserved ground,0,11324,0.004371505185217294
Academic Articles,effect science,0,3767,0.002185752592608647
Academic Articles,following summarize,0,5133,0.002185752592608647
Academic Articles,summarize ground,0,13139,0.002185752592608647
Academic Articles,ground research,0,5831,0.002185752592608647
Academic Articles,research keynote,0,11272,0.002185752592608647
Academic Articles,keynote first,0,7007,0.002185752592608647
Academic Articles,first day,0,4897,0.002185752592608647
Academic Articles,day survey,0,3074,0.002185752592608647
Academic Articles,survey spoke,0,13336,0.002185752592608647
Academic Articles,spoke power,0,12704,0.002185752592608647
Academic Articles,power better,0,10039,0.002185752592608647
Academic Articles,better induced,0,1355,0.002185752592608647
Academic Articles,induced among,0,6387,0.002185752592608647
Academic Articles,among important,0,596,0.002185752592608647
Academic Articles,important give,0,6213,0.002185752592608647
Academic Articles,give irreversible,0,5591,0.002185752592608647
Academic Articles,irreversible geomagnetic,0,6909,0.002185752592608647
Academic Articles,geomagnetic disturbance,0,5506,0.004986963556327714
Academic Articles,disturbance ionospheric,0,3491,0.002185752592608647
Academic Articles,ionospheric impedance,0,6881,0.002185752592608647
Academic Articles,impedance subsurface,0,6186,0.002185752592608647
Academic Articles,subsurface electrical,0,13093,0.002185752592608647
Academic Articles,electrical conductivity,0,3861,0.002185752592608647
Academic Articles,conductivity structure,0,2269,0.002185752592608647
Academic Articles,structure overall,0,13050,0.002185752592608647
Academic Articles,overall externally,0,9278,0.002185752592608647
Academic Articles,externally driven,0,4535,0.002185752592608647
Academic Articles,driven storm,0,3579,0.002185752592608647
Academic Articles,intensity often,0,6683,0.002185752592608647
Academic Articles,often reference,0,9032,0.002185752592608647
Academic Articles,reference twentieth,0,10947,0.002185752592608647
Academic Articles,twentieth century,0,14049,0.002185752592608647
Academic Articles,century alone,0,1722,0.002185752592608647
Academic Articles,alone five,0,523,0.002185752592608647
Academic Articles,five significant,0,4942,0.002185752592608647
Academic Articles,significant geomagnetic,0,12086,0.002185752592608647
Academic Articles,geomagnetic took,0,5555,0.002185752592608647
Academic Articles,took place,0,13865,0.004371505185217294
Academic Articles,place significant,0,9750,0.002185752592608647
Academic Articles,significant many,0,12089,0.002185752592608647
Academic Articles,many nuclear,0,7751,0.002185752592608647
Academic Articles,nuclear power,0,8874,0.004371505185217294
Academic Articles,power new,0,10055,0.004371505185217294
Academic Articles,jersey figure,0,6929,0.002185752592608647
Academic Articles,workshop event,0,15237,0.002185752592608647
Academic Articles,event could,0,4313,0.002185752592608647
Academic Articles,could cause,0,2509,0.002185752592608647
Academic Articles,cause significant,0,1640,0.002185752592608647
Academic Articles,significant damage,0,12080,0.002185752592608647
Academic Articles,damage civilian,0,2772,0.002185752592608647
Academic Articles,civilian asset,0,1832,0.002185752592608647
Academic Articles,asset grid,0,902,0.002185752592608647
Academic Articles,grid severe,0,5804,0.002185752592608647
Academic Articles,severe system,0,11988,0.002185752592608647
Academic Articles,system radio,0,13436,0.002185752592608647
Academic Articles,radio communication,0,10705,0.0016623211854425713
Academic Articles,communication geophysical,0,2050,0.002185752592608647
Academic Articles,geophysical workshop,0,5569,0.002185752592608647
Academic Articles,workshop total,0,15258,0.002185752592608647
Academic Articles,total economic,0,13887,0.002185752592608647
Academic Articles,economic impact,0,3698,0.002185752592608647
Academic Articles,impact united,0,6184,0.002185752592608647
Academic Articles,united trillion,0,14205,0.002185752592608647
Academic Articles,trillion trillion,0,14021,0.002185752592608647
Academic Articles,trillion although,0,14020,0.002185752592608647
Academic Articles,although experienced,0,559,0.002185752592608647
Academic Articles,experienced since,0,4488,0.002185752592608647
Academic Articles,since technology,0,12154,0.002185752592608647
Academic Articles,technology history,0,13564,0.002185752592608647
Academic Articles,history geographical,0,6028,0.002185752592608647
Academic Articles,geographical surface,0,5494,0.002185752592608647
Academic Articles,surface electromagnetic,0,13300,0.002185752592608647
Academic Articles,electromagnetic impedance,0,3881,0.002185752592608647
Academic Articles,impedance differ,0,6185,0.002185752592608647
Academic Articles,differ significantly,0,3302,0.002185752592608647
Academic Articles,significantly mineralogy,0,12107,0.002185752592608647
Academic Articles,mineralogy fluid,0,7997,0.002185752592608647
Academic Articles,fluid hazard,0,5047,0.002185752592608647
Academic Articles,hazard analysis,0,5906,0.006557257777825942
Academic Articles,analysis combined,0,620,0.002185752592608647
Academic Articles,combined record,0,1946,0.002185752592608647
Academic Articles,record associated,0,10925,0.002185752592608647
Academic Articles,geomagnetic storm,0,5551,0.00516376276724104
Academic Articles,storm even,0,12886,0.0016623211854425713
Academic Articles,even intense,0,4290,0.002185752592608647
Academic Articles,intense storm,0,6679,0.002185752592608647
Academic Articles,storm northeastern,0,12916,0.002185752592608647
Academic Articles,northeastern united,0,8785,0.004371505185217294
Academic Articles,united likely,0,14202,0.002185752592608647
Academic Articles,likely serious,0,7353,0.002185752592608647
Academic Articles,serious seen,0,11917,0.002185752592608647
Academic Articles,seen storm,0,11884,0.002185752592608647
Academic Articles,storm complete,0,12874,0.002185752592608647
Academic Articles,complete geomagnetic,0,2133,0.002185752592608647
Academic Articles,geomagnetic northeastern,0,5534,0.002185752592608647
Academic Articles,united geomagnetic,0,14199,0.002185752592608647
Academic Articles,disturbance power,0,3494,0.002185752592608647
Academic Articles,design prepare,0,3228,0.002185752592608647
Academic Articles,prepare future,0,10146,0.002185752592608647
Academic Articles,future geomagnetic,0,5421,0.002185752592608647
Academic Articles,geomagnetic additional,0,5498,0.002185752592608647
Academic Articles,additional geomagnetic,0,336,0.002185752592608647
Academic Articles,geomagnetic especially,0,5509,0.002185752592608647
Academic Articles,especially along,0,4238,0.002185752592608647
Academic Articles,along individual,0,530,0.002185752592608647
Academic Articles,individual grid,0,6382,0.002185752592608647
Academic Articles,grid nuclear,0,5799,0.002185752592608647
Academic Articles,nuclear electromagnetic,0,8873,0.002185752592608647
Academic Articles,electromagnetic pulse,0,3884,0.002185752592608647
Academic Articles,pulse weapon,0,10545,0.002185752592608647
Academic Articles,weapon detonation,0,14629,0.002185752592608647
Academic Articles,detonation cause,0,3264,0.002185752592608647
Academic Articles,cause like,0,1631,0.002185752592608647
Academic Articles,like geomagnetic,0,7312,0.002185752592608647
Academic Articles,geomagnetic hazard,0,5518,0.002185752592608647
Academic Articles,analysis crosscutting,0,623,0.002185752592608647
Academic Articles,crosscutting research,0,2650,0.002185752592608647
Academic Articles,national research,0,8380,0.004371505185217294
Academic Articles,research council,0,11239,0.002185752592608647
Academic Articles,council severe,0,2552,0.002185752592608647
Academic Articles,severe space,0,11987,0.0016623211854425713
Academic Articles,weather understanding,0,14879,0.006557257777825942
Academic Articles,understanding societal,0,14146,0.002185752592608647
Academic Articles,economic report,0,3700,0.002185752592608647
Academic Articles,report national,0,11151,0.002185752592608647
Academic Articles,infrastructure observation,0,6544,0.002185752592608647
Academic Articles,modeling member,0,8186,0.002185752592608647
Academic Articles,member observation,0,7925,0.002185752592608647
Academic Articles,observation model,0,8909,0.002185752592608647
Academic Articles,model need,0,8135,0.002185752592608647
Academic Articles,effect state,0,3772,0.002185752592608647
Academic Articles,university physic,0,14218,0.002185752592608647
Academic Articles,physic applied,0,9673,0.002185752592608647
Academic Articles,environmental information,0,4189,0.004371505185217294
Academic Articles,information goddard,0,6466,0.002185752592608647
Academic Articles,center anna,0,1662,0.002185752592608647
Academic Articles,anna panel,0,684,0.002185752592608647
Academic Articles,panel associated,0,9306,0.002185752592608647
Academic Articles,associated ground,0,964,0.004371505185217294
Academic Articles,effect first,0,3738,0.002185752592608647
Academic Articles,understood second,0,14157,0.002185752592608647
Academic Articles,second global,0,11810,0.002185752592608647
Academic Articles,global crucial,0,5635,0.002185752592608647
Academic Articles,crucial figure,0,2655,0.002185752592608647
Academic Articles,figure transformer,0,4840,0.002185752592608647
Academic Articles,transformer geomagnetic,0,13967,0.002185752592608647
Academic Articles,storm jeff,0,12900,0.002185752592608647
Academic Articles,jeff survey,0,6927,0.002185752592608647
Academic Articles,survey service,0,13334,0.002185752592608647
Academic Articles,service electric,0,11924,0.002185752592608647
Academic Articles,electric gas,0,3853,0.002185752592608647
Academic Articles,gas company,0,5460,0.002185752592608647
Academic Articles,company new,0,2121,0.002185752592608647
Academic Articles,jersey magnetic,0,6931,0.002185752592608647
Academic Articles,magnetic storm,0,7627,0.002185752592608647
Academic Articles,storm nuclear,0,12917,0.002185752592608647
Academic Articles,jersey future,0,6930,0.002185752592608647
Academic Articles,effect comprehensive,0,3726,0.002185752592608647
Academic Articles,comprehensive space,0,2204,0.002185752592608647
Academic Articles,weather wiggly,0,14890,0.002185752592608647
Academic Articles,wiggly line,0,15042,0.002185752592608647
Academic Articles,line sufficient,0,7423,0.002185752592608647
Academic Articles,sufficient either,0,13116,0.002185752592608647
Academic Articles,space data,0,12507,0.006557257777825942
Academic Articles,assimilation global,0,926,0.004371505185217294
Academic Articles,assimilation develop,0,921,0.002185752592608647
Academic Articles,develop data,0,3269,0.002185752592608647
Academic Articles,data user,0,3027,0.002185752592608647
Academic Articles,community experience,0,2077,0.002185752592608647
Academic Articles,experience shown,0,4482,0.002185752592608647
Academic Articles,shown validation,0,12054,0.002185752592608647
Academic Articles,validation crucial,0,14379,0.002185752592608647
Academic Articles,crucial taking,0,2657,0.002185752592608647
Academic Articles,taking third,0,13499,0.002185752592608647
Academic Articles,third continuous,0,13685,0.002185752592608647
Academic Articles,continuous particularly,0,2391,0.002185752592608647
Academic Articles,particularly crucial,0,9422,0.002185752592608647
Academic Articles,crucial weather,0,2658,0.002185752592608647
Academic Articles,forecasting private,0,5246,0.002185752592608647
Academic Articles,provide see,0,10495,0.002185752592608647
Academic Articles,new panel,0,8668,0.004371505185217294
Academic Articles,panel continuous,0,9309,0.002185752592608647
Academic Articles,continuous hosting,0,2389,0.002185752592608647
Academic Articles,hosting support,0,6047,0.002185752592608647
Academic Articles,support need,0,13272,0.004371505185217294
Academic Articles,need high,0,8485,0.002185752592608647
Academic Articles,high spatial,0,5994,0.002185752592608647
Academic Articles,temporal aurora,0,13587,0.002185752592608647
Academic Articles,aurora auroral,0,1083,0.002185752592608647
Academic Articles,auroral intense,0,1100,0.002185752592608647
Academic Articles,intense magnetic,0,6677,0.0016623211854425713
Academic Articles,field surrounding,0,4763,0.002185752592608647
Academic Articles,surrounding magnetic,0,13316,0.002185752592608647
Academic Articles,magnetic furthermore,0,7592,0.002185752592608647
Academic Articles,furthermore auroral,0,5384,0.002185752592608647
Academic Articles,auroral provide,0,1105,0.002185752592608647
Academic Articles,provide conductivity,0,10470,0.002185752592608647
Academic Articles,conductivity example,0,2262,0.002185752592608647
Academic Articles,example colorado,0,4417,0.002185752592608647
Academic Articles,colorado hazard,0,1934,0.002185752592608647
Academic Articles,hazard region,0,5909,0.004371505185217294
Academic Articles,region geological,0,11001,0.002185752592608647
Academic Articles,geological boundary,0,5495,0.002185752592608647
Academic Articles,boundary conductivity,0,1451,0.002185752592608647
Academic Articles,conductivity model,0,2266,0.002185752592608647
Academic Articles,model see,0,8147,0.002185752592608647
Academic Articles,figure survey,0,4838,0.002185752592608647
Academic Articles,survey geomagnetic,0,13330,0.002185752592608647
Academic Articles,geomagnetic network,0,5533,0.002185752592608647
Academic Articles,network figure,0,8572,0.002185752592608647
Academic Articles,figure nationwide,0,4815,0.002185752592608647
Academic Articles,nationwide hazard,0,8392,0.002185752592608647
Academic Articles,hazard map,0,5908,0.004371505185217294
Academic Articles,map showing,0,7765,0.002185752592608647
Academic Articles,showing year,0,12047,0.002185752592608647
Academic Articles,year maximum,0,15279,0.002185752592608647
Academic Articles,maximum electric,0,7840,0.002185752592608647
Academic Articles,electric field,0,3852,0.004371505185217294
Academic Articles,field lighter,0,4709,0.002185752592608647
Academic Articles,lighter higher,0,7300,0.002185752592608647
Academic Articles,higher electric,0,6008,0.002185752592608647
Academic Articles,field risk,0,4746,0.002185752592608647
Academic Articles,risk later,0,11459,0.002185752592608647
Academic Articles,later data,0,7128,0.002185752592608647
Academic Articles,data hazard,0,2881,0.002185752592608647
Academic Articles,around data,0,827,0.002185752592608647
Academic Articles,data anna,0,2800,0.002185752592608647
Academic Articles,anna survey,0,685,0.002185752592608647
Academic Articles,survey year,0,13338,0.002185752592608647
Academic Articles,year hazard,0,15278,0.002185752592608647
Academic Articles,analysis power,0,642,0.002185752592608647
Academic Articles,research ground,0,11261,0.002185752592608647
Academic Articles,ground conductivity,0,5813,0.002185752592608647
Academic Articles,conductivity map,0,2265,0.002185752592608647
Academic Articles,map hazard,0,7763,0.002185752592608647
Academic Articles,map last,0,7764,0.002185752592608647
Academic Articles,last power,0,7112,0.002185752592608647
Academic Articles,grid system,0,5807,0.002185752592608647
Academic Articles,system configuration,0,13394,0.002185752592608647
Academic Articles,configuration actual,0,2279,0.002185752592608647
Academic Articles,actual system,0,308,0.002185752592608647
Academic Articles,system additionally,0,13384,0.002185752592608647
Academic Articles,additionally scientific,0,352,0.002185752592608647
Academic Articles,scientific engineering,0,11773,0.002185752592608647
Academic Articles,engineering modeling,0,4042,0.002185752592608647
Academic Articles,modeling analysis,0,8163,0.002185752592608647
Academic Articles,analysis north,0,638,0.002185752592608647
Academic Articles,corporation task,0,2475,0.002185752592608647
Academic Articles,task force,0,13514,0.002185752592608647
Academic Articles,force main,0,5139,0.002185752592608647
Academic Articles,main effort,0,7656,0.002185752592608647
Academic Articles,effort purpose,0,3811,0.002185752592608647
Academic Articles,purpose recently,0,10555,0.002185752592608647
Academic Articles,recently reliability,0,10910,0.002185752592608647
Academic Articles,reliability security,0,11096,0.004371505185217294
Academic Articles,security technical,0,11842,0.004371505185217294
Academic Articles,technical committee,0,13541,0.004371505185217294
Academic Articles,committee link,0,2024,0.002185752592608647
Academic Articles,link providing,0,7427,0.002185752592608647
Academic Articles,providing rigorous,0,10526,0.002185752592608647
Academic Articles,rigorous data,0,11447,0.002185752592608647
Academic Articles,data many,0,2914,0.002185752592608647
Academic Articles,many possible,0,7754,0.002185752592608647
Academic Articles,observational network,0,8928,0.002185752592608647
Academic Articles,data distribution,0,2851,0.002185752592608647
Academic Articles,distribution international,0,3487,0.002185752592608647
Academic Articles,international applied,0,6761,0.002185752592608647
Academic Articles,physic good,0,9689,0.002185752592608647
Academic Articles,good implementation,0,5711,0.002185752592608647
Academic Articles,implementation strategy,0,6194,0.002185752592608647
Academic Articles,strategy data,0,12980,0.004371505185217294
Academic Articles,data production,0,2952,0.008743010370434588
Academic Articles,production path,0,10347,0.002185752592608647
Academic Articles,path forward,0,9469,0.006557257777825942
Academic Articles,forward develop,0,5282,0.002185752592608647
Academic Articles,develop private,0,3271,0.002185752592608647
Academic Articles,private deployment,0,10238,0.002185752592608647
Academic Articles,deployment private,0,3209,0.002185752592608647
Academic Articles,private weather,0,10244,0.002185752592608647
Academic Articles,information relevant,0,6479,0.002185752592608647
Academic Articles,relevant information,0,11085,0.002185752592608647
Academic Articles,information example,0,6462,0.002185752592608647
Academic Articles,example provided,0,4438,0.002185752592608647
Academic Articles,provided government,0,10508,0.002185752592608647
Academic Articles,possible data,0,9957,0.002185752592608647
Academic Articles,data include,0,2887,0.004371505185217294
Academic Articles,include remote,0,6296,0.002185752592608647
Academic Articles,remote ionospheric,0,11132,0.002185752592608647
Academic Articles,ionospheric suite,0,6892,0.002185752592608647
Academic Articles,suite ground,0,13131,0.002185752592608647
Academic Articles,effect united,0,3778,0.0016623211854425713
Academic Articles,united future,0,14198,0.002185752592608647
Academic Articles,future explorer,0,5418,0.002185752592608647
Academic Articles,explorer mission,0,4506,0.002185752592608647
Academic Articles,mission map,0,8070,0.002185752592608647
Academic Articles,map structure,0,7766,0.002185752592608647
Academic Articles,structure auroral,0,13041,0.002185752592608647
Academic Articles,configuration making,0,2283,0.002185752592608647
Academic Articles,making splitting,0,7709,0.002185752592608647
Academic Articles,splitting another,0,12696,0.002185752592608647
Academic Articles,another observing,0,699,0.002185752592608647
Academic Articles,observing solution,0,8977,0.002185752592608647
Academic Articles,solution entail,0,12418,0.002185752592608647
Academic Articles,entail combining,0,4115,0.002185752592608647
Academic Articles,combining highly,0,1959,0.002185752592608647
Academic Articles,highly accurate,0,6019,0.002185752592608647
Academic Articles,accurate full,0,57,0.002185752592608647
Academic Articles,full field,0,5358,0.002185752592608647
Academic Articles,field data,0,4676,0.002185752592608647
Academic Articles,data network,0,2923,0.002185752592608647
Academic Articles,network combined,0,8568,0.002185752592608647
Academic Articles,space could,0,12505,0.002185752592608647
Academic Articles,provide space,0,10497,0.004371505185217294
Academic Articles,weather example,0,14703,0.008743010370434588
Academic Articles,example outreach,0,4437,0.002185752592608647
Academic Articles,outreach deploy,0,9268,0.002185752592608647
Academic Articles,deploy across,0,3205,0.002185752592608647
Academic Articles,across united,0,122,0.002185752592608647
Academic Articles,united space,0,14204,0.002185752592608647
Academic Articles,science effort,0,11705,0.002185752592608647
Academic Articles,effort reasonable,0,3812,0.002185752592608647
Academic Articles,reasonable budget,0,10877,0.002185752592608647
Academic Articles,budget internal,0,1507,0.002185752592608647
Academic Articles,internal geomagnetic,0,6757,0.002185752592608647
Academic Articles,geomagnetic world,0,5562,0.002185752592608647
Academic Articles,world magnetic,0,15263,0.002185752592608647
Academic Articles,magnetic model,0,7607,0.002185752592608647
Academic Articles,model inter,0,8127,0.002185752592608647
Academic Articles,inter national,0,6691,0.004371505185217294
Academic Articles,national geomagnetic,0,8373,0.002185752592608647
Academic Articles,geomagnetic reference,0,5546,0.002185752592608647
Academic Articles,reference field,0,10944,0.002185752592608647
Academic Articles,field important,0,4703,0.002185752592608647
Academic Articles,important ionospheric,0,6217,0.002185752592608647
Academic Articles,ionospheric especially,0,6879,0.002185752592608647
Academic Articles,especially cause,0,4240,0.002185752592608647
Academic Articles,cause main,0,1632,0.002185752592608647
Academic Articles,main field,0,7657,0.002185752592608647
Academic Articles,field internal,0,4707,0.002185752592608647
Academic Articles,internal field,0,6756,0.002185752592608647
Academic Articles,field various,0,4776,0.002185752592608647
Academic Articles,various orientation,0,14459,0.002185752592608647
Academic Articles,orientation navigation,0,9216,0.002185752592608647
Academic Articles,navigation attitude,0,8403,0.002185752592608647
Academic Articles,attitude control,0,1075,0.002185752592608647
Academic Articles,control antenna,0,2402,0.002185752592608647
Academic Articles,antenna directional,0,712,0.002185752592608647
Academic Articles,directional drilling,0,3375,0.002185752592608647
Academic Articles,drilling energy,0,3573,0.002185752592608647
Academic Articles,energy industry,0,4011,0.002185752592608647
Academic Articles,industry alternative,0,6398,0.002185752592608647
Academic Articles,alternative navigation,0,552,0.002185752592608647
Academic Articles,navigation currently,0,8405,0.002185752592608647
Academic Articles,currently space,0,2744,0.002185752592608647
Academic Articles,satellite constellation,0,11557,0.006557257777825942
Academic Articles,constellation iridium,0,2332,0.002185752592608647
Academic Articles,iridium satellite,0,6896,0.002185752592608647
Academic Articles,constellation ground,0,2330,0.002185752592608647
Academic Articles,ground international,0,5824,0.002185752592608647
Academic Articles,international magnetic,0,6768,0.002185752592608647
Academic Articles,wind deep,0,15069,0.002185752592608647
Academic Articles,climate however,0,1865,0.002185752592608647
Academic Articles,however despite,0,6068,0.002185752592608647
Academic Articles,despite various,0,3247,0.002185752592608647
Academic Articles,various observational,0,14458,0.002185752592608647
Academic Articles,observational remain,0,8934,0.002185752592608647
Academic Articles,remain limit,0,11109,0.002185752592608647
Academic Articles,limit geomagnetic,0,7389,0.002185752592608647
Academic Articles,field north,0,4724,0.0016623211854425713
Academic Articles,corporation reliability,0,2474,0.002185752592608647
Academic Articles,committee future,0,2022,0.002185752592608647
Academic Articles,reserved modeling,0,11326,0.019671773333477825
Academic Articles,science key,0,11726,0.002185752592608647
Academic Articles,session validation,0,11950,0.002185752592608647
Academic Articles,validation related,0,14391,0.002185752592608647
Academic Articles,related science,0,11057,0.002185752592608647
Academic Articles,science analytics,0,11684,0.010928762963043237
Academic Articles,analytics following,0,661,0.002185752592608647
Academic Articles,key space,0,6998,0.002185752592608647
Academic Articles,data starved,0,3002,0.004371505185217294
Academic Articles,starved efficiently,0,12777,0.002185752592608647
Academic Articles,efficiently available,0,3804,0.002185752592608647
Academic Articles,well modeling,0,14940,0.002185752592608647
Academic Articles,data format,0,2870,0.002185752592608647
Academic Articles,format latency,0,5269,0.002185752592608647
Academic Articles,latency need,0,7125,0.002185752592608647
Academic Articles,need additional,0,8459,0.002185752592608647
Academic Articles,additional data,0,330,0.002185752592608647
Academic Articles,data currently,0,2844,0.002185752592608647
Academic Articles,data significant,0,2988,0.002185752592608647
Academic Articles,significant promise,0,12097,0.002185752592608647
Academic Articles,promise space,0,10397,0.002185752592608647
Academic Articles,research approach,0,11221,0.002185752592608647
Academic Articles,approach rather,0,747,0.002185752592608647
Academic Articles,rather use,0,10824,0.002185752592608647
Academic Articles,use require,0,14319,0.002185752592608647
Academic Articles,require tuning,0,11214,0.002185752592608647
Academic Articles,tuning across,0,14032,0.002185752592608647
Academic Articles,across cover,0,92,0.002185752592608647
Academic Articles,cover disparate,0,2595,0.002185752592608647
Academic Articles,disparate physic,0,3457,0.002185752592608647
Academic Articles,physic vast,0,9708,0.002185752592608647
Academic Articles,vast spatial,0,14476,0.002185752592608647
Academic Articles,scale current,0,11629,0.002185752592608647
Academic Articles,current potential,0,2710,0.002185752592608647
Academic Articles,potential space,0,10020,0.002185752592608647
Academic Articles,weather lack,0,14756,0.002185752592608647
Academic Articles,lack suitable,0,7077,0.002185752592608647
Academic Articles,suitable data,0,13129,0.002185752592608647
Academic Articles,data uncertainty,0,3019,0.002185752592608647
Academic Articles,uncertainty computational,0,14089,0.002185752592608647
Academic Articles,computational capacity,0,2209,0.002185752592608647
Academic Articles,capacity commercial,0,1573,0.002185752592608647
Academic Articles,data solution,0,2991,0.002185752592608647
Academic Articles,solution however,0,12419,0.002185752592608647
Academic Articles,however error,0,6070,0.002185752592608647
Academic Articles,error data,0,4212,0.002185752592608647
Academic Articles,data well,0,3037,0.002185752592608647
Academic Articles,well cloud,0,14926,0.002185752592608647
Academic Articles,cloud turn,0,1885,0.002185752592608647
Academic Articles,turn solution,0,14038,0.002185752592608647
Academic Articles,solution ensemble,0,12417,0.002185752592608647
Academic Articles,modeling particularly,0,8193,0.002185752592608647
Academic Articles,particularly improve,0,9428,0.002185752592608647
Academic Articles,however widespread,0,6105,0.002185752592608647
Academic Articles,widespread require,0,15040,0.002185752592608647
Academic Articles,additional research,0,345,0.002185752592608647
Academic Articles,storage computational,0,12860,0.002185752592608647
Academic Articles,computational machine,0,2212,0.002185752592608647
Academic Articles,machine approach,0,7548,0.002185752592608647
Academic Articles,approach understanding,0,753,0.002185752592608647
Academic Articles,weather quality,0,14823,0.002185752592608647
Academic Articles,quantity furthermore,0,10578,0.002185752592608647
Academic Articles,data ecosystem,0,2854,0.004371505185217294
Academic Articles,ecosystem data,0,3706,0.004371505185217294
Academic Articles,data lack,0,2898,0.002185752592608647
Academic Articles,lack data,0,7075,0.002185752592608647
Academic Articles,physical treating,0,9731,0.002185752592608647
Academic Articles,treating black,0,14012,0.002185752592608647
Academic Articles,box final,0,1462,0.002185752592608647
Academic Articles,final outcome,0,4860,0.002185752592608647
Academic Articles,outcome robust,0,9242,0.002185752592608647
Academic Articles,robust uncertainty,0,11476,0.002185752592608647
Academic Articles,quantification approaching,0,10572,0.002185752592608647
Academic Articles,approaching space,0,756,0.002185752592608647
Academic Articles,space system,0,12579,0.002185752592608647
Academic Articles,system science,0,13442,0.006557257777825942
Academic Articles,science model,0,11731,0.002185752592608647
Academic Articles,model uncertainty,0,8152,0.004371505185217294
Academic Articles,uncertainty uncertainty,0,14096,0.002185752592608647
Academic Articles,uncertainty systematic,0,14095,0.002185752592608647
Academic Articles,systematic way,0,13460,0.002185752592608647
Academic Articles,way across,0,14587,0.002185752592608647
Academic Articles,across different,0,94,0.002185752592608647
Academic Articles,different observing,0,3326,0.002185752592608647
Academic Articles,simulation data,0,12127,0.004371505185217294
Academic Articles,data mature,0,2915,0.002185752592608647
Academic Articles,mature enough,0,7834,0.004371505185217294
Academic Articles,enough useful,0,4092,0.002185752592608647
Academic Articles,useful space,0,14351,0.002185752592608647
Academic Articles,science benefit,0,11688,0.002185752592608647
Academic Articles,benefit promote,0,1324,0.002185752592608647
Academic Articles,fusion reuse,0,5410,0.002185752592608647
Academic Articles,reuse support,0,11412,0.002185752592608647
Academic Articles,support data,0,13262,0.004371505185217294
Academic Articles,data revitalization,0,2973,0.002185752592608647
Academic Articles,revitalization modeling,0,11419,0.002185752592608647
Academic Articles,analytics session,0,664,0.004371505185217294
Academic Articles,session spread,0,11948,0.002185752592608647
Academic Articles,spread day,0,12737,0.002185752592608647
Academic Articles,day workshop,0,3080,0.002185752592608647
Academic Articles,workshop chapter,0,15232,0.002185752592608647
Academic Articles,chapter keynote,0,1792,0.002185752592608647
Academic Articles,keynote four,0,7008,0.002185752592608647
Academic Articles,four session,0,5311,0.002185752592608647
Academic Articles,session different,0,11937,0.002185752592608647
Academic Articles,different validation,0,3338,0.002185752592608647
Academic Articles,validation ongoing,0,14389,0.002185752592608647
Academic Articles,ongoing need,0,9050,0.002185752592608647
Academic Articles,need curation,0,8471,0.002185752592608647
Academic Articles,curation background,0,2668,0.002185752592608647
Academic Articles,background took,0,1221,0.002185752592608647
Academic Articles,took profound,0,13866,0.002185752592608647
Academic Articles,profound contradiction,0,10357,0.002185752592608647
Academic Articles,contradiction weather,0,2400,0.002185752592608647
Academic Articles,data regime,0,2966,0.002185752592608647
Academic Articles,regime yet,0,10977,0.002185752592608647
Academic Articles,yet enough,0,15292,0.002185752592608647
Academic Articles,enough data,0,4086,0.004371505185217294
Academic Articles,data available,0,2809,0.002185752592608647
Academic Articles,science compute,0,11698,0.002185752592608647
Academic Articles,compute relevant,0,2219,0.002185752592608647
Academic Articles,relevant span,0,11090,0.002185752592608647
Academic Articles,span vast,0,12594,0.002185752592608647
Academic Articles,vast den,0,14473,0.002185752592608647
Academic Articles,den temperature,0,3175,0.002185752592608647
Academic Articles,temperature electromagnetic,0,13585,0.002185752592608647
Academic Articles,electromagnetic field,0,3880,0.002185752592608647
Academic Articles,field scale,0,4747,0.002185752592608647
Academic Articles,scale thus,0,11668,0.002185752592608647
Academic Articles,thus modeling,0,13739,0.002185752592608647
Academic Articles,data facing,0,2864,0.002185752592608647
Academic Articles,facing space,0,4565,0.002185752592608647
Academic Articles,weather significant,0,14844,0.002185752592608647
Academic Articles,significant national,0,12091,0.002185752592608647
Academic Articles,foundation portfolio,0,5295,0.002185752592608647
Academic Articles,portfolio science,0,9913,0.002185752592608647
Academic Articles,science briefly,0,11691,0.002185752592608647
Academic Articles,briefly data,0,1485,0.002185752592608647
Academic Articles,data exploitation,0,2861,0.002185752592608647
Academic Articles,exploitation previous,0,4498,0.002185752592608647
Academic Articles,previous decadal,0,10193,0.002185752592608647
Academic Articles,survey gap,0,13329,0.002185752592608647
Academic Articles,program gap,0,10364,0.002185752592608647
Academic Articles,analysis science,0,647,0.002185752592608647
Academic Articles,analytics directly,0,660,0.002185752592608647
Academic Articles,directly ensemble,0,3379,0.002185752592608647
Academic Articles,weather system,0,14866,0.006557257777825942
Academic Articles,science report,0,11745,0.002185752592608647
Academic Articles,report data,0,11146,0.002185752592608647
Academic Articles,session keynote,0,11942,0.002185752592608647
Academic Articles,keynote goddard,0,7009,0.002185752592608647
Academic Articles,center boulder,0,1667,0.002185752592608647
Academic Articles,center keynote,0,1684,0.002185752592608647
Academic Articles,keynote earth,0,7006,0.002185752592608647
Academic Articles,starved leverage,0,12778,0.002185752592608647
Academic Articles,machine way,0,7555,0.002185752592608647
Academic Articles,way data,0,14591,0.002185752592608647
Academic Articles,learning terrestrial,0,7226,0.002185752592608647
Academic Articles,weather presentation,0,14813,0.0033246423708851425
Academic Articles,presentation weather,0,10175,0.002185752592608647
Academic Articles,weather numerical,0,14786,0.002185752592608647
Academic Articles,numerical model,0,8885,0.004371505185217294
Academic Articles,model data,0,8116,0.004371505185217294
Academic Articles,weather compare,0,14667,0.002185752592608647
Academic Articles,compare data,0,2126,0.002185752592608647
Academic Articles,various numerical,0,14457,0.002185752592608647
Academic Articles,model forecast,0,8124,0.002185752592608647
Academic Articles,forecast update,0,5211,0.002185752592608647
Academic Articles,update model,0,14274,0.002185752592608647
Academic Articles,model match,0,8131,0.002185752592608647
Academic Articles,match new,0,7824,0.002185752592608647
Academic Articles,model constantly,0,8114,0.002185752592608647
Academic Articles,constantly present,0,2324,0.002185752592608647
Academic Articles,present forecast,0,10149,0.002185752592608647
Academic Articles,forecast next,0,5188,0.002185752592608647
Academic Articles,next time,0,8735,0.002185752592608647
Academic Articles,time step,0,13821,0.002185752592608647
Academic Articles,step new,0,12836,0.002185752592608647
Academic Articles,new comparison,0,8625,0.002185752592608647
Academic Articles,comparison curate,0,2127,0.002185752592608647
Academic Articles,curate data,0,2664,0.002185752592608647
Academic Articles,model findable,0,8123,0.002185752592608647
Academic Articles,findable accessible,0,4884,0.006557257777825942
Academic Articles,accessible fair,0,39,0.002185752592608647
Academic Articles,fair satisfied,0,4606,0.002185752592608647
Academic Articles,satisfied advancing,0,11604,0.002185752592608647
Academic Articles,advancing space,0,404,0.002185752592608647
Academic Articles,science require,0,11746,0.002185752592608647
Academic Articles,require future,0,11183,0.002185752592608647
Academic Articles,science terrestrial,0,11762,0.002185752592608647
Academic Articles,prediction steadily,0,10115,0.002185752592608647
Academic Articles,steadily model,0,12821,0.002185752592608647
Academic Articles,resolution increasingly,0,11350,0.002185752592608647
Academic Articles,increasingly large,0,6361,0.002185752592608647
Academic Articles,large sequential,0,7097,0.002185752592608647
Academic Articles,sequential combined,0,11910,0.002185752592608647
Academic Articles,combined ensemble,0,1943,0.002185752592608647
Academic Articles,ensemble machine,0,4102,0.002185752592608647
Academic Articles,machine data,0,7549,0.002185752592608647
Academic Articles,data without,0,3040,0.002185752592608647
Academic Articles,without basis,0,15198,0.002185752592608647
Academic Articles,basis making,0,1263,0.002185752592608647
Academic Articles,making area,0,7698,0.002185752592608647
Academic Articles,area data,0,796,0.002185752592608647
Academic Articles,data figure,0,2867,0.002185752592608647
Academic Articles,figure background,0,4786,0.002185752592608647
Academic Articles,background space,0,1218,0.002185752592608647
Academic Articles,weather ing,0,14745,0.002185752592608647
Academic Articles,ing use,0,6590,0.002185752592608647
Academic Articles,use weather,0,14328,0.0033246423708851425
Academic Articles,weather large,0,14757,0.0016623211854425713
Academic Articles,large weather,0,7103,0.004371505185217294
Academic Articles,weather covering,0,14673,0.002185752592608647
Academic Articles,covering photosphere,0,2621,0.002185752592608647
Academic Articles,photosphere corona,0,9666,0.002185752592608647
Academic Articles,corona coronal,0,2423,0.002185752592608647
Academic Articles,mass solar,0,7813,0.0038728220754307803
Academic Articles,wind ionosphere,0,15104,0.004371505185217294
Academic Articles,system difference,0,13400,0.002185752592608647
Academic Articles,difference space,0,3303,0.002185752592608647
Academic Articles,weather spatial,0,14854,0.002185752592608647
Academic Articles,scale greater,0,11635,0.002185752592608647
Academic Articles,greater figure,0,5777,0.002185752592608647
Academic Articles,figure combining,0,4788,0.002185752592608647
Academic Articles,combining data,0,1957,0.002185752592608647
Academic Articles,machine tackle,0,7554,0.002185752592608647
Academic Articles,tackle weather,0,13475,0.002185752592608647
Academic Articles,forecasting source,0,5248,0.002185752592608647
Academic Articles,source goddard,0,12453,0.002185752592608647
Academic Articles,infrastructure electromagnetic,0,6515,0.002185752592608647
Academic Articles,electromagnetic travel,0,3888,0.002185752592608647
Academic Articles,travel across,0,13998,0.002185752592608647
Academic Articles,scale much,0,11647,0.002185752592608647
Academic Articles,much faster,0,8310,0.002185752592608647
Academic Articles,faster terrestrial,0,4643,0.002185752592608647
Academic Articles,terrestrial atmosphere,0,13609,0.004371505185217294
Academic Articles,atmosphere play,0,1033,0.002185752592608647
Academic Articles,play different,0,9825,0.002185752592608647
Academic Articles,different tool,0,3337,0.002185752592608647
Academic Articles,tool forecasting,0,13869,0.002185752592608647
Academic Articles,forecasting used,0,5256,0.002185752592608647
Academic Articles,used used,0,14346,0.002185752592608647
Academic Articles,used process,0,14341,0.002185752592608647
Academic Articles,process emulation,0,10290,0.002185752592608647
Academic Articles,emulation data,0,3961,0.002185752592608647
Academic Articles,data homogenization,0,2884,0.002185752592608647
Academic Articles,homogenization among,0,6039,0.002185752592608647
Academic Articles,among terrestrial,0,606,0.002185752592608647
Academic Articles,terrestrial space,0,13620,0.0016623211854425713
Academic Articles,forecasting degree,0,5231,0.002185752592608647
Academic Articles,degree application,0,3145,0.002185752592608647
Academic Articles,application many,0,728,0.002185752592608647
Academic Articles,many different,0,7747,0.0016623211854425713
Academic Articles,different weather,0,3341,0.002185752592608647
Academic Articles,research bridging,0,11227,0.002185752592608647
Academic Articles,bridging temporal,0,1481,0.002185752592608647
Academic Articles,temporal spatial,0,13594,0.004371505185217294
Academic Articles,spatial specific,0,12614,0.002185752592608647
Academic Articles,specific actionable,0,12630,0.002185752592608647
Academic Articles,actionable provide,0,141,0.002185752592608647
Academic Articles,provide error,0,10477,0.002185752592608647
Academic Articles,error provide,0,4214,0.002185752592608647
Academic Articles,provide terrestrial,0,10500,0.002185752592608647
Academic Articles,modeling community,0,8166,0.002185752592608647
Academic Articles,community standard,0,2109,0.002185752592608647
Academic Articles,standard modeling,0,12762,0.002185752592608647
Academic Articles,modeling although,0,8162,0.002185752592608647
Academic Articles,although community,0,556,0.002185752592608647
Academic Articles,community largely,0,2087,0.002185752592608647
Academic Articles,largely decided,0,7104,0.002185752592608647
Academic Articles,decided modeling,0,3105,0.002185752592608647
Academic Articles,modeling adequate,0,8161,0.002185752592608647
Academic Articles,adequate weather,0,367,0.002185752592608647
Academic Articles,weather across,0,14630,0.002185752592608647
Academic Articles,across solar,0,117,0.002185752592608647
Academic Articles,solar stud,0,12391,0.002185752592608647
Academic Articles,stud yet,0,13055,0.002185752592608647
Academic Articles,yet state,0,15303,0.002185752592608647
Academic Articles,state space,0,12789,0.004371505185217294
Academic Articles,community clear,0,2065,0.004371505185217294
Academic Articles,clear need,0,1851,0.002185752592608647
Academic Articles,need yet,0,8528,0.002185752592608647
Academic Articles,yet framework,0,15294,0.002185752592608647
Academic Articles,framework allow,0,5318,0.002185752592608647
Academic Articles,allow flexibility,0,512,0.002185752592608647
Academic Articles,flexibility via,0,5024,0.002185752592608647
Academic Articles,via step,0,14513,0.002185752592608647
Academic Articles,step joint,0,12835,0.002185752592608647
Academic Articles,joint effort,0,6940,0.002185752592608647
Academic Articles,effort integration,0,3810,0.002185752592608647
Academic Articles,integration framework,0,6668,0.002185752592608647
Academic Articles,framework adopted,0,5317,0.002185752592608647
Academic Articles,adopted across,0,384,0.002185752592608647
Academic Articles,across research,0,112,0.002185752592608647
Academic Articles,modeling message,0,8187,0.002185752592608647
Academic Articles,message presentation,0,7941,0.002185752592608647
Academic Articles,presentation approach,0,10155,0.002185752592608647
Academic Articles,approach work,0,755,0.002185752592608647
Academic Articles,work across,0,15210,0.002185752592608647
Academic Articles,across terrestrial,0,120,0.002185752592608647
Academic Articles,weather model,0,14776,0.002185752592608647
Academic Articles,ing provide,0,6587,0.002185752592608647
Academic Articles,provide learned,0,10484,0.002185752592608647
Academic Articles,learned weather,0,7206,0.002185752592608647
Academic Articles,research new,0,11281,0.006557257777825942
Academic Articles,new tool,0,8699,0.002185752592608647
Academic Articles,tool space,0,13870,0.004371505185217294
Academic Articles,weather area,0,14642,0.002185752592608647
Academic Articles,area unique,0,809,0.002185752592608647
Academic Articles,unique machine,0,14187,0.002185752592608647
Academic Articles,machine weather,0,7556,0.002185752592608647
Academic Articles,weather next,0,14785,0.0016623211854425713
Academic Articles,next presentation,0,8727,0.008743010370434588
Academic Articles,presentation space,0,10171,0.004371505185217294
Academic Articles,space applied,0,12497,0.002185752592608647
Academic Articles,applied index,0,732,0.002185752592608647
Academic Articles,index disturbance,0,6368,0.002185752592608647
Academic Articles,disturbance storm,0,3496,0.002185752592608647
Academic Articles,time index,0,13789,0.002185752592608647
Academic Articles,index solar,0,6373,0.002185752592608647
Academic Articles,wind classification,0,15058,0.002185752592608647
Academic Articles,classification solar,0,1842,0.002185752592608647
Academic Articles,wind speed,0,15169,0.0016623211854425713
Academic Articles,speed forecasting,0,12668,0.002185752592608647
Academic Articles,forecasting arrival,0,5223,0.002185752592608647
Academic Articles,arrival mass,0,870,0.002185752592608647
Academic Articles,space fact,0,12520,0.002185752592608647
Academic Articles,fact behavior,0,4567,0.002185752592608647
Academic Articles,behavior deterministic,0,1295,0.002185752592608647
Academic Articles,deterministic governing,0,3263,0.002185752592608647
Academic Articles,governing physic,0,5721,0.002185752592608647
Academic Articles,physic basic,0,9676,0.002185752592608647
Academic Articles,basic physical,0,1255,0.002185752592608647
Academic Articles,physical symmetry,0,9728,0.002185752592608647
Academic Articles,symmetry along,0,13370,0.002185752592608647
Academic Articles,along conservation,0,527,0.002185752592608647
Academic Articles,conservation reduce,0,2298,0.002185752592608647
Academic Articles,reduce search,0,10937,0.002185752592608647
Academic Articles,search system,0,11800,0.002185752592608647
Academic Articles,system major,0,13423,0.002185752592608647
Academic Articles,major weather,0,7688,0.002185752592608647
Academic Articles,data path,0,2937,0.002185752592608647
Academic Articles,forward space,0,5284,0.002185752592608647
Academic Articles,information problem,0,6476,0.006557257777825942
Academic Articles,problem minimum,0,10278,0.002185752592608647
Academic Articles,minimum information,0,8001,0.002185752592608647
Academic Articles,problem question,0,10281,0.002185752592608647
Academic Articles,question future,0,10580,0.002185752592608647
Academic Articles,data best,0,2813,0.002185752592608647
Academic Articles,best use,0,1346,0.002185752592608647
Academic Articles,use physic,0,14317,0.002185752592608647
Academic Articles,physic understanding,0,9706,0.002185752592608647
Academic Articles,understanding large,0,14137,0.002185752592608647
Academic Articles,data set,0,2985,0.004371505185217294
Academic Articles,set covering,0,11953,0.002185752592608647
Academic Articles,ground magnetic,0,5825,0.002185752592608647
Academic Articles,magnetic shown,0,7621,0.002185752592608647
Academic Articles,shown provided,0,12051,0.002185752592608647
Academic Articles,provided combining,0,10504,0.002185752592608647
Academic Articles,combining surrogate,0,1963,0.002185752592608647
Academic Articles,surrogate problem,0,13315,0.004371505185217294
Academic Articles,problem chain,0,10266,0.002185752592608647
Academic Articles,chain surrogate,0,1735,0.002185752592608647
Academic Articles,surrogate model,0,13314,0.002185752592608647
Academic Articles,model speed,0,8151,0.002185752592608647
Academic Articles,speed accuracy,0,12658,0.002185752592608647
Academic Articles,accuracy uncertainty,0,55,0.002185752592608647
Academic Articles,uncertainty problem,0,14093,0.004371505185217294
Academic Articles,problem data,0,10268,0.002185752592608647
Academic Articles,data throughout,0,3014,0.002185752592608647
Academic Articles,throughout model,0,13716,0.002185752592608647
Academic Articles,weather chain,0,14658,0.002185752592608647
Academic Articles,chain solar,0,1734,0.002185752592608647
Academic Articles,solar ground,0,12327,0.002185752592608647
Academic Articles,based complex,0,1248,0.002185752592608647
Academic Articles,complex demanding,0,2138,0.002185752592608647
Academic Articles,demanding task,0,3165,0.002185752592608647
Academic Articles,task often,0,13519,0.002185752592608647
Academic Articles,problem fact,0,10269,0.002185752592608647
Academic Articles,fact geomagnetic,0,4570,0.002185752592608647
Academic Articles,geomagnetic rare,0,5545,0.002185752592608647
Academic Articles,data problem,0,2949,0.002185752592608647
Academic Articles,problem meaningful,0,10277,0.002185752592608647
Academic Articles,rare final,0,10806,0.002185752592608647
Academic Articles,final path,0,4862,0.002185752592608647
Academic Articles,path knowledge,0,9470,0.002185752592608647
Academic Articles,knowledge discovery,0,7040,0.004371505185217294
Academic Articles,discovery problem,0,3399,0.004371505185217294
Academic Articles,problem physical,0,10279,0.002185752592608647
Academic Articles,physical six,0,9724,0.002185752592608647
Academic Articles,six information,0,12186,0.002185752592608647
Academic Articles,problem problem,0,10280,0.002185752592608647
Academic Articles,problem surrogate,0,10284,0.002185752592608647
Academic Articles,problem uncertainty,0,10285,0.002185752592608647
Academic Articles,problem rare,0,10282,0.002185752592608647
Academic Articles,rare problem,0,10812,0.002185752592608647
Academic Articles,problem knowledge,0,10273,0.002185752592608647
Academic Articles,problem weather,0,10286,0.002185752592608647
Academic Articles,pose fundamental,0,9914,0.002185752592608647
Academic Articles,fundamental uncertainty,0,5381,0.002185752592608647
Academic Articles,quantification discussion,0,10575,0.002185752592608647
Academic Articles,discussion discussion,0,3409,0.004371505185217294
Academic Articles,following session,0,5129,0.002185752592608647
Academic Articles,session zoom,0,11952,0.004371505185217294
Academic Articles,zoom chat,0,15311,0.015300268148260531
Academic Articles,chat possible,0,1817,0.002185752592608647
Academic Articles,possible learn,0,9963,0.002185752592608647
Academic Articles,learn yet,0,7205,0.002185752592608647
Academic Articles,yet seen,0,15301,0.002185752592608647
Academic Articles,seen inform,0,11879,0.002185752592608647
Academic Articles,inform state,0,6455,0.002185752592608647
Academic Articles,space sparsely,0,12572,0.002185752592608647
Academic Articles,sparsely less,0,12604,0.002185752592608647
Academic Articles,less catastrophic,0,7254,0.002185752592608647
Academic Articles,catastrophic still,0,1616,0.002185752592608647
Academic Articles,still rare,0,12855,0.002185752592608647
Academic Articles,rare major,0,10807,0.002185752592608647
Academic Articles,major space,0,7685,0.0016623211854425713
Academic Articles,weather activity,0,14632,0.0016623211854425713
Academic Articles,activity overall,0,257,0.002185752592608647
Academic Articles,overall useful,0,9282,0.002185752592608647
Academic Articles,useful yet,0,14354,0.002185752592608647
Academic Articles,yet fully,0,15295,0.002185752592608647
Academic Articles,fully finally,0,5369,0.002185752592608647
Academic Articles,finally whether,0,4881,0.002185752592608647
Academic Articles,whether space,0,15008,0.0016623211854425713
Academic Articles,space sufficiently,0,12574,0.002185752592608647
Academic Articles,sufficiently weather,0,13122,0.002185752592608647
Academic Articles,weather tool,0,14874,0.002185752592608647
Academic Articles,weather machine,0,14765,0.002185752592608647
Academic Articles,analytics machine,0,663,0.002185752592608647
Academic Articles,panel morris,0,9328,0.002185752592608647
Academic Articles,morris storm,0,8263,0.002185752592608647
Academic Articles,storm future,0,12894,0.002185752592608647
Academic Articles,infrastructure web,0,6572,0.002185752592608647
Academic Articles,web machine,0,14892,0.002185752592608647
Academic Articles,weather adequate,0,14634,0.002185752592608647
Academic Articles,adequate data,0,365,0.004371505185217294
Academic Articles,learning research,0,7224,0.002185752592608647
Academic Articles,research discussion,0,11242,0.002185752592608647
Academic Articles,discussion edge,0,3410,0.002185752592608647
Academic Articles,edge model,0,3708,0.002185752592608647
Academic Articles,model make,0,8130,0.002185752592608647
Academic Articles,make offer,0,7692,0.002185752592608647
Academic Articles,offer underlying,0,9014,0.002185752592608647
Academic Articles,physical well,0,9734,0.002185752592608647
Academic Articles,well physical,0,14946,0.002185752592608647
Academic Articles,physical insight,0,9717,0.002185752592608647
Academic Articles,insight understanding,0,6634,0.002185752592608647
Academic Articles,understanding various,0,14153,0.002185752592608647
Academic Articles,various allow,0,14443,0.002185752592608647
Academic Articles,allow physical,0,515,0.002185752592608647
Academic Articles,physical physical,0,9722,0.002185752592608647
Academic Articles,physical interpretable,0,9718,0.002185752592608647
Academic Articles,interpretable transparency,0,6782,0.002185752592608647
Academic Articles,transparency control,0,13988,0.002185752592608647
Academic Articles,control show,0,2409,0.002185752592608647
Academic Articles,show information,0,12039,0.002185752592608647
Academic Articles,information flow,0,6463,0.002185752592608647
Academic Articles,flow governing,0,5039,0.002185752592608647
Academic Articles,governing system,0,5722,0.002185752592608647
Academic Articles,system noted,0,13427,0.002185752592608647
Academic Articles,noted space,0,8850,0.002185752592608647
Academic Articles,space yet,0,12588,0.002185752592608647
Academic Articles,yet well,0,15306,0.004371505185217294
Academic Articles,well future,0,14933,0.002185752592608647
Academic Articles,space rapidly,0,12560,0.002185752592608647
Academic Articles,rapidly growing,0,10803,0.002185752592608647
Academic Articles,growing data,0,5853,0.002185752592608647
Academic Articles,data way,0,3034,0.0016623211854425713
Academic Articles,way physic,0,14598,0.002185752592608647
Academic Articles,physic thus,0,9704,0.002185752592608647
Academic Articles,thus space,0,13750,0.002185752592608647
Academic Articles,education require,0,3716,0.002185752592608647
Academic Articles,new class,0,8622,0.002185752592608647
Academic Articles,class curriculum,0,1836,0.002185752592608647
Academic Articles,curriculum topic,0,2751,0.002185752592608647
Academic Articles,topic powerful,0,13879,0.002185752592608647
Academic Articles,powerful physical,0,10074,0.002185752592608647
Academic Articles,physical figure,0,9715,0.002185752592608647
Academic Articles,figure earth,0,4794,0.002185752592608647
Academic Articles,space figure,0,12521,0.002185752592608647
Academic Articles,figure ten,0,4839,0.002185752592608647
Academic Articles,ten machine,0,13600,0.002185752592608647
Academic Articles,machine earth,0,7550,0.002185752592608647
Academic Articles,space source,0,12570,0.002185752592608647
Academic Articles,source workshop,0,12466,0.002185752592608647
Academic Articles,science next,0,11734,0.002185752592608647
Academic Articles,next spoke,0,8731,0.002185752592608647
Academic Articles,spoke space,0,12708,0.002185752592608647
Academic Articles,data provider,0,2953,0.002185752592608647
Academic Articles,provider around,0,10513,0.002185752592608647
Academic Articles,around longer,0,837,0.002185752592608647
Academic Articles,longer large,0,7473,0.002185752592608647
Academic Articles,data however,0,2886,0.002185752592608647
Academic Articles,however generally,0,6076,0.002185752592608647
Academic Articles,generally speaking,0,5478,0.004371505185217294
Academic Articles,speaking space,0,12625,0.002185752592608647
Academic Articles,infrastructure especially,0,6518,0.002185752592608647
Academic Articles,especially standardized,0,4249,0.002185752592608647
Academic Articles,standardized fair,0,12769,0.002185752592608647
Academic Articles,fair data,0,4603,0.002185752592608647
Academic Articles,data findable,0,2868,0.002185752592608647
Academic Articles,accessible point,0,40,0.002185752592608647
Academic Articles,point fulfill,0,9837,0.002185752592608647
Academic Articles,fulfill fair,0,5353,0.002185752592608647
Academic Articles,fair universally,0,4607,0.002185752592608647
Academic Articles,universally data,0,14206,0.002185752592608647
Academic Articles,data community,0,2830,0.006557257777825942
Academic Articles,presentation melting,0,10160,0.002185752592608647
Academic Articles,melting session,0,7920,0.002185752592608647
Academic Articles,session concerning,0,11936,0.002185752592608647
Academic Articles,concerning physic,0,2241,0.002185752592608647
Academic Articles,physic space,0,9702,0.002185752592608647
Academic Articles,need sustained,0,8522,0.002185752592608647
Academic Articles,sustained yet,0,13351,0.002185752592608647
Academic Articles,yet agile,0,15287,0.002185752592608647
Academic Articles,agile academic,0,470,0.002185752592608647
Academic Articles,academic next,0,19,0.002185752592608647
Academic Articles,next knowledge,0,8719,0.002185752592608647
Academic Articles,knowledge data,0,7039,0.002185752592608647
Academic Articles,data still,0,3005,0.004371505185217294
Academic Articles,still part,0,12853,0.002185752592608647
Academic Articles,part disparate,0,9367,0.002185752592608647
Academic Articles,disparate spatial,0,3458,0.002185752592608647
Academic Articles,scale weather,0,11670,0.002185752592608647
Academic Articles,phenomenon satellite,0,9648,0.002185752592608647
Academic Articles,satellite provide,0,11588,0.002185752592608647
Academic Articles,plasma closer,0,9783,0.002185752592608647
Academic Articles,closer government,0,1877,0.002185752592608647
Academic Articles,government private,0,5732,0.002185752592608647
Academic Articles,private private,0,10241,0.002185752592608647
Academic Articles,private space,0,10243,0.002185752592608647
Academic Articles,industry morris,0,6409,0.002185752592608647
Academic Articles,morris considering,0,8261,0.002185752592608647
Academic Articles,considering fact,0,2315,0.002185752592608647
Academic Articles,fact space,0,4577,0.002185752592608647
Academic Articles,data big,0,2814,0.002185752592608647
Academic Articles,big data,0,1391,0.006557257777825942
Academic Articles,data rife,0,2974,0.002185752592608647
Academic Articles,rife missing,0,11421,0.002185752592608647
Academic Articles,missing inconsistent,0,8037,0.002185752592608647
Academic Articles,inconsistent information,0,6321,0.002185752592608647
Academic Articles,space interpretable,0,12533,0.002185752592608647
Academic Articles,interpretable multiple,0,6781,0.002185752592608647
Academic Articles,multiple data,0,8323,0.002185752592608647
Academic Articles,data span,0,2995,0.002185752592608647
Academic Articles,span often,0,12593,0.002185752592608647
Academic Articles,often without,0,9038,0.002185752592608647
Academic Articles,without overlap,0,15204,0.002185752592608647
Academic Articles,overlap prob,0,9290,0.002185752592608647
Academic Articles,prob data,0,10252,0.002185752592608647
Academic Articles,community marketing,0,2090,0.002185752592608647
Academic Articles,marketing potential,0,7775,0.002185752592608647
Academic Articles,new applicable,0,8613,0.002185752592608647
Academic Articles,applicable research,0,722,0.002185752592608647
Academic Articles,research area,0,11222,0.002185752592608647
Academic Articles,area morris,0,805,0.002185752592608647
Academic Articles,morris data,0,8262,0.002185752592608647
Academic Articles,science course,0,11699,0.002185752592608647
Academic Articles,course new,0,2590,0.002185752592608647
Academic Articles,space scientist,0,12566,0.002185752592608647
Academic Articles,scientist faculty,0,11788,0.002185752592608647
Academic Articles,faculty science,0,4582,0.002185752592608647
Academic Articles,science specifically,0,11758,0.002185752592608647
Academic Articles,specifically tackling,0,12645,0.002185752592608647
Academic Articles,tackling science,0,13477,0.002185752592608647
Academic Articles,example computer,0,4419,0.002185752592608647
Academic Articles,computer weather,0,2223,0.002185752592608647
Academic Articles,weather spoke,0,14856,0.004371505185217294
Academic Articles,spoke research,0,12706,0.002185752592608647
Academic Articles,research easy,0,11245,0.002185752592608647
Academic Articles,easy entry,0,3693,0.002185752592608647
Academic Articles,entry second,0,4133,0.002185752592608647
Academic Articles,second space,0,11821,0.002185752592608647
Academic Articles,weather interesting,0,14748,0.002185752592608647
Academic Articles,interesting research,0,6727,0.002185752592608647
Academic Articles,research societal,0,11301,0.002185752592608647
Academic Articles,societal offer,0,12260,0.002185752592608647
Academic Articles,offer beyond,0,9010,0.002185752592608647
Academic Articles,beyond noted,0,1383,0.002185752592608647
Academic Articles,noted new,0,8844,0.002185752592608647
Academic Articles,field benefit,0,4671,0.002185752592608647
Academic Articles,benefit welcome,0,1329,0.002185752592608647
Academic Articles,welcome frontier,0,14914,0.002185752592608647
Academic Articles,frontier development,0,5348,0.004371505185217294
Academic Articles,development future,0,3283,0.002185752592608647
Academic Articles,future strong,0,5434,0.002185752592608647
Academic Articles,strong research,0,13033,0.002185752592608647
Academic Articles,research could,0,11238,0.002185752592608647
Academic Articles,could lead,0,2528,0.004371505185217294
Academic Articles,lead data,0,7183,0.002185752592608647
Academic Articles,data let,0,2903,0.002185752592608647
Academic Articles,let aid,0,7259,0.002185752592608647
Academic Articles,aid space,0,485,0.002185752592608647
Academic Articles,research work,0,11321,0.004371505185217294
Academic Articles,work space,0,15222,0.002185752592608647
Academic Articles,support finally,0,13265,0.002185752592608647
Academic Articles,finally successful,0,4878,0.002185752592608647
Academic Articles,successful make,0,13096,0.002185752592608647
Academic Articles,make sure,0,7697,0.004371505185217294
Academic Articles,sure data,0,13291,0.002185752592608647
Academic Articles,data particular,0,2935,0.002185752592608647
Academic Articles,particular available,0,9411,0.002185752592608647
Academic Articles,available consumption,0,1137,0.002185752592608647
Academic Articles,consumption get,0,2350,0.002185752592608647
Academic Articles,get technology,0,5578,0.002185752592608647
Academic Articles,technology important,0,13565,0.002185752592608647
Academic Articles,important problem,0,6224,0.002185752592608647
Academic Articles,problem make,0,10276,0.002185752592608647
Academic Articles,sure right,0,13293,0.002185752592608647
Academic Articles,right people,0,11435,0.002185752592608647
Academic Articles,people available,0,9490,0.002185752592608647
Academic Articles,available collaborative,0,1133,0.002185752592608647
Academic Articles,collaborative domain,0,1909,0.002185752592608647
Academic Articles,domain ensure,0,3528,0.002185752592608647
Academic Articles,ensure appropriate,0,4112,0.002185752592608647
Academic Articles,appropriate training,0,759,0.002185752592608647
Academic Articles,training knowledge,0,13956,0.002185752592608647
Academic Articles,knowledge effectively,0,7042,0.002185752592608647
Academic Articles,effectively future,0,3794,0.002185752592608647
Academic Articles,infrastructure ask,0,6502,0.002185752592608647
Academic Articles,ask answer,0,885,0.002185752592608647
Academic Articles,answer new,0,710,0.002185752592608647
Academic Articles,new innovative,0,8648,0.002185752592608647
Academic Articles,innovative learn,0,6617,0.002185752592608647
Academic Articles,learn across,0,7203,0.002185752592608647
Academic Articles,across discussion,0,95,0.002185752592608647
Academic Articles,discussion first,0,3413,0.002185752592608647
Academic Articles,first panel,0,4914,0.002185752592608647
Academic Articles,panel discussion,0,9312,0.008743010370434588
Academic Articles,discussion space,0,3420,0.0016623211854425713
Academic Articles,weather fruit,0,14724,0.002185752592608647
Academic Articles,fruit suggestion,0,5349,0.002185752592608647
Academic Articles,suggestion point,0,13128,0.002185752592608647
Academic Articles,point require,0,9844,0.002185752592608647
Academic Articles,require physical,0,11195,0.002185752592608647
Academic Articles,physical understanding,0,9732,0.002185752592608647
Academic Articles,understanding make,0,14138,0.002185752592608647
Academic Articles,make inherently,0,7691,0.002185752592608647
Academic Articles,inherently uncomfortable,0,6595,0.002185752592608647
Academic Articles,uncomfortable panel,0,14099,0.002185752592608647
Academic Articles,panel moderator,0,9327,0.002185752592608647
Academic Articles,moderator sufficient,0,8236,0.002185752592608647
Academic Articles,sufficient data,0,13115,0.002185752592608647
Academic Articles,data curation,0,2843,0.017486020740869176
Academic Articles,research validation,0,11318,0.002185752592608647
Academic Articles,validation uncertainty,0,14394,0.002185752592608647
Academic Articles,quantification data,0,10574,0.002185752592608647
Academic Articles,set data,0,11954,0.002185752592608647
Academic Articles,quality answer,0,10565,0.002185752592608647
Academic Articles,answer probably,0,711,0.002185752592608647
Academic Articles,probably enough,0,10257,0.002185752592608647
Academic Articles,data prevent,0,2947,0.002185752592608647
Academic Articles,prevent continued,0,10188,0.002185752592608647
Academic Articles,continued science,0,2379,0.002185752592608647
Academic Articles,research topic,0,11311,0.004371505185217294
Academic Articles,topic point,0,13878,0.002185752592608647
Academic Articles,point space,0,9845,0.002185752592608647
Academic Articles,data unglamorous,0,3020,0.002185752592608647
Academic Articles,unglamorous data,0,14175,0.002185752592608647
Academic Articles,data preparation,0,2945,0.002185752592608647
Academic Articles,preparation curation,0,10142,0.002185752592608647
Academic Articles,curation take,0,2678,0.004371505185217294
Academic Articles,take spoke,0,13492,0.002185752592608647
Academic Articles,spoke system,0,12709,0.002185752592608647
Academic Articles,simulation model,0,12130,0.002185752592608647
Academic Articles,data successfully,0,3009,0.002185752592608647
Academic Articles,successfully broad,0,13100,0.002185752592608647
Academic Articles,broad participation,0,1502,0.002185752592608647
Academic Articles,participation public,0,9373,0.002185752592608647
Academic Articles,public new,0,10539,0.002185752592608647
Academic Articles,new research,0,8685,0.004371505185217294
Academic Articles,research jack,0,11268,0.004371505185217294
Academic Articles,jack noted,0,6925,0.002185752592608647
Academic Articles,noted require,0,8849,0.002185752592608647
Academic Articles,require clear,0,11172,0.002185752592608647
Academic Articles,clear evaluation,0,1847,0.002185752592608647
Academic Articles,evaluation evaluation,0,4280,0.002185752592608647
Academic Articles,evaluation weather,0,4282,0.002185752592608647
Academic Articles,could help,0,2524,0.004371505185217294
Academic Articles,help aware,0,5932,0.002185752592608647
Academic Articles,aware public,0,1179,0.002185752592608647
Academic Articles,public engagement,0,10536,0.002185752592608647
Academic Articles,engagement chal,0,4032,0.002185752592608647
Academic Articles,chal recent,0,1738,0.002185752592608647
Academic Articles,recent space,0,10893,0.002185752592608647
Academic Articles,science broad,0,11692,0.002185752592608647
Academic Articles,broad lastly,0,1500,0.002185752592608647
Academic Articles,lastly classroom,0,7118,0.002185752592608647
Academic Articles,classroom undergraduate,0,1844,0.002185752592608647
Academic Articles,graduate level,0,5748,0.002185752592608647
Academic Articles,level data,0,7263,0.002185752592608647
Academic Articles,weather domain,0,14688,0.002185752592608647
Academic Articles,domain knowledge,0,3531,0.002185752592608647
Academic Articles,knowledge made,0,7046,0.002185752592608647
Academic Articles,made comment,0,7560,0.002185752592608647
Academic Articles,comment various,0,1983,0.002185752592608647
Academic Articles,various certificate,0,14447,0.002185752592608647
Academic Articles,certificate statistic,0,1732,0.002185752592608647
Academic Articles,statistic exist,0,12803,0.002185752592608647
Academic Articles,exist statistic,0,4465,0.002185752592608647
Academic Articles,statistic weather,0,12805,0.002185752592608647
Academic Articles,weather session,0,14841,0.002185752592608647
Academic Articles,chat concurrent,0,1811,0.002185752592608647
Academic Articles,concurrent strong,0,2251,0.002185752592608647
Academic Articles,strong made,0,13028,0.002185752592608647
Academic Articles,made strong,0,7568,0.002185752592608647
Academic Articles,strong support,0,13038,0.002185752592608647
Academic Articles,support frontier,0,13267,0.002185752592608647
Academic Articles,development lab,0,3286,0.002185752592608647
Academic Articles,lab offering,0,7057,0.002185752592608647
Academic Articles,offering data,0,9017,0.002185752592608647
Academic Articles,data novel,0,2928,0.002185752592608647
Academic Articles,novel example,0,8862,0.002185752592608647
Academic Articles,example earth,0,4424,0.002185752592608647
Academic Articles,science information,0,11721,0.004371505185217294
Academic Articles,information data,0,6460,0.002185752592608647
Academic Articles,data readiness,0,2961,0.002185752592608647
Academic Articles,readiness cluster,0,10853,0.002185752592608647
Academic Articles,cluster data,0,1886,0.002185752592608647
Academic Articles,data concerning,0,2833,0.002185752592608647
Academic Articles,concerning potential,0,2242,0.002185752592608647
Academic Articles,potential sufficiently,0,10021,0.002185752592608647
Academic Articles,sufficiently osse,0,13120,0.002185752592608647
Academic Articles,osse methodology,0,9235,0.002185752592608647
Academic Articles,methodology sense,0,7952,0.002185752592608647
Academic Articles,sense carry,0,11889,0.002185752592608647
Academic Articles,carry analysis,0,1596,0.002185752592608647
Academic Articles,analysis test,0,654,0.002185752592608647
Academic Articles,test mature,0,13626,0.002185752592608647
Academic Articles,enough might,0,4089,0.002185752592608647
Academic Articles,might future,0,7971,0.002185752592608647
Academic Articles,assimilation data,0,920,0.002185752592608647
Academic Articles,assimilation panel,0,930,0.002185752592608647
Academic Articles,panel six,0,9340,0.006557257777825942
Academic Articles,six mark,0,12188,0.002185752592608647
Academic Articles,mark martin,0,7773,0.002185752592608647
Academic Articles,martin san,0,7778,0.002185752592608647
Academic Articles,san applied,0,11547,0.002185752592608647
Academic Articles,laboratory university,0,7073,0.002185752592608647
Academic Articles,university boulder,0,14209,0.002185752592608647
Academic Articles,boulder eric,0,1443,0.002185752592608647
Academic Articles,eric force,0,4207,0.002185752592608647
Academic Articles,data likely,0,2905,0.002185752592608647
Academic Articles,likely space,0,7356,0.0016623211854425713
Academic Articles,forecasting anticipate,0,5221,0.002185752592608647
Academic Articles,anticipate adequate,0,713,0.002185752592608647
Academic Articles,data alleviate,0,2794,0.002185752592608647
Academic Articles,alleviate assimilation,0,507,0.002185752592608647
Academic Articles,assimilation use,0,935,0.002185752592608647
Academic Articles,use first,0,14303,0.002185752592608647
Academic Articles,presentation concerning,0,10157,0.002185752592608647
Academic Articles,concerning promising,0,2243,0.002185752592608647
Academic Articles,promising new,0,10399,0.002185752592608647
Academic Articles,new large,0,8654,0.002185752592608647
Academic Articles,weather efficient,0,14691,0.002185752592608647
Academic Articles,efficient estimation,0,3801,0.002185752592608647
Academic Articles,estimation data,0,4272,0.002185752592608647
Academic Articles,data physic,0,2939,0.002185752592608647
Academic Articles,physic informed,0,9691,0.002185752592608647
Academic Articles,informed neural,0,6492,0.002185752592608647
Academic Articles,neural neural,0,8583,0.002185752592608647
Academic Articles,neural surrogate,0,8584,0.002185752592608647
Academic Articles,surrogate data,0,13313,0.002185752592608647
Academic Articles,data modeling,0,2919,0.002185752592608647
Academic Articles,modeling solar,0,8200,0.002185752592608647
Academic Articles,magnetic activity,0,7574,0.002185752592608647
Academic Articles,activity space,0,282,0.00129094069181026
Academic Articles,weather result,0,14833,0.002185752592608647
Academic Articles,result require,0,11399,0.002185752592608647
Academic Articles,require potentially,0,11196,0.002185752592608647
Academic Articles,potentially ing,0,10031,0.002185752592608647
Academic Articles,solar polar,0,12367,0.004371505185217294
Academic Articles,field solar,0,4751,0.00258188138362052
Academic Articles,observatory key,0,8952,0.002185752592608647
Academic Articles,key data,0,6965,0.002185752592608647
Academic Articles,data source,0,2993,0.006557257777825942
Academic Articles,source today,0,12463,0.002185752592608647
Academic Articles,today infrastructure,0,13849,0.002185752592608647
Academic Articles,infrastructure vector,0,6569,0.002185752592608647
Academic Articles,vector data,0,14480,0.002185752592608647
Academic Articles,data could,0,2837,0.004371505185217294
Academic Articles,help solve,0,5941,0.002185752592608647
Academic Articles,solve magnetograph,0,12425,0.002185752592608647
Academic Articles,magnetograph uncertainty,0,7645,0.002185752592608647
Academic Articles,uncertainty computation,0,14088,0.002185752592608647
Academic Articles,computation model,0,2208,0.002185752592608647
Academic Articles,model appropriate,0,8105,0.002185752592608647
Academic Articles,appropriate cost,0,757,0.002185752592608647
Academic Articles,cost spoke,0,2497,0.002185752592608647
Academic Articles,spoke global,0,12701,0.002185752592608647
Academic Articles,global full,0,5640,0.002185752592608647
Academic Articles,full potentially,0,5364,0.002185752592608647
Academic Articles,potentially available,0,10027,0.002185752592608647
Academic Articles,data interplanetary,0,2894,0.002185752592608647
Academic Articles,interplanetary scintillation,0,6779,0.002185752592608647
Academic Articles,scintillation solution,0,11792,0.002185752592608647
Academic Articles,solution combine,0,12414,0.002185752592608647
Academic Articles,combine data,0,1936,0.002185752592608647
Academic Articles,data merkin,0,2916,0.002185752592608647
Academic Articles,merkin combining,0,7931,0.002185752592608647
Academic Articles,combining model,0,1960,0.002185752592608647
Academic Articles,ing merkin,0,6583,0.002185752592608647
Academic Articles,merkin data,0,7932,0.002185752592608647
Academic Articles,availability physic,0,1126,0.002185752592608647
Academic Articles,physic based,0,9675,0.002185752592608647
Academic Articles,based consideration,0,1249,0.002185752592608647
Academic Articles,consideration data,0,2307,0.002185752592608647
Academic Articles,data sampling,0,2977,0.004371505185217294
Academic Articles,sampling unevenly,0,11546,0.002185752592608647
Academic Articles,unevenly remotely,0,14172,0.002185752592608647
Academic Articles,remotely sensed,0,11139,0.002185752592608647
Academic Articles,sensed arise,0,11890,0.002185752592608647
Academic Articles,arise missing,0,811,0.004371505185217294
Academic Articles,physic ing,0,9692,0.002185752592608647
Academic Articles,ing vast,0,6591,0.002185752592608647
Academic Articles,vast temporal,0,14477,0.002185752592608647
Academic Articles,scale merkin,0,11643,0.002185752592608647
Academic Articles,merkin expressed,0,7933,0.002185752592608647
Academic Articles,expressed caution,0,4516,0.002185752592608647
Academic Articles,caution uncertainty,0,1650,0.002185752592608647
Academic Articles,uncertainty estimation,0,14091,0.002185752592608647
Academic Articles,estimation uncertainty,0,4275,0.002185752592608647
Academic Articles,uncertainty accuracy,0,14087,0.002185752592608647
Academic Articles,accuracy overtime,0,53,0.002185752592608647
Academic Articles,overtime window,0,9292,0.002185752592608647
Academic Articles,window metric,0,15193,0.002185752592608647
Academic Articles,metric weight,0,7960,0.002185752592608647
Academic Articles,weight physical,0,14913,0.002185752592608647
Academic Articles,physical relevance,0,9723,0.002185752592608647
Academic Articles,relevance come,0,11078,0.002185752592608647
Academic Articles,come electromagnetic,0,1965,0.002185752592608647
Academic Articles,electromagnetic kinetic,0,3883,0.002185752592608647
Academic Articles,kinetic energy,0,7014,0.002185752592608647
Academic Articles,ionosphere upper,0,6865,0.002185752592608647
Academic Articles,atmosphere crucial,0,1013,0.002185752592608647
Academic Articles,crucial convection,0,2654,0.002185752592608647
Academic Articles,convection high,0,2411,0.002185752592608647
Academic Articles,high latitude,0,5979,0.002185752592608647
Academic Articles,latitude space,0,7143,0.002185752592608647
Academic Articles,phenomenon spatial,0,9651,0.002185752592608647
Academic Articles,spatial variability,0,12617,0.002185752592608647
Academic Articles,variability vantage,0,14427,0.002185752592608647
Academic Articles,point best,0,9833,0.002185752592608647
Academic Articles,best param,0,1338,0.002185752592608647
Academic Articles,param satellite,0,9360,0.002185752592608647
Academic Articles,constellation satellite,0,2339,0.002185752592608647
Academic Articles,satellite iridium,0,11577,0.002185752592608647
Academic Articles,iridium constellation,0,6895,0.002185752592608647
Academic Articles,constellation active,0,2326,0.002185752592608647
Academic Articles,ampere magnetometer,0,611,0.002185752592608647
Academic Articles,magnetometer data,0,7647,0.002185752592608647
Academic Articles,include electric,0,6283,0.002185752592608647
Academic Articles,electric particle,0,3858,0.002185752592608647
Academic Articles,precipitation plasma,0,10086,0.002185752592608647
Academic Articles,plasma conductivity,0,9785,0.002185752592608647
Academic Articles,conductivity temporal,0,2270,0.002185752592608647
Academic Articles,resolution well,0,11358,0.002185752592608647
Academic Articles,well characterize,0,14925,0.002185752592608647
Academic Articles,characterize future,0,1798,0.002185752592608647
Academic Articles,infrastructure observational,0,6545,0.002185752592608647
Academic Articles,modeling national,0,8188,0.002185752592608647
Academic Articles,weather ensemble,0,14696,0.002185752592608647
Academic Articles,ensemble weather,0,4110,0.002185752592608647
Academic Articles,forecasting testing,0,5253,0.002185752592608647
Academic Articles,testing physic,0,13632,0.002185752592608647
Academic Articles,physic missing,0,9694,0.002185752592608647
Academic Articles,missing system,0,8043,0.002185752592608647
Academic Articles,system description,0,13398,0.002185752592608647
Academic Articles,description give,0,3216,0.002185752592608647
Academic Articles,give whether,0,5594,0.002185752592608647
Academic Articles,whether arise,0,15002,0.002185752592608647
Academic Articles,missing model,0,8038,0.002185752592608647
Academic Articles,model representativeness,0,8144,0.002185752592608647
Academic Articles,representativeness indicate,0,11166,0.002185752592608647
Academic Articles,indicate systemic,0,6378,0.002185752592608647
Academic Articles,systemic interpretation,0,13462,0.002185752592608647
Academic Articles,interpretation handling,0,6783,0.002185752592608647
Academic Articles,handling process,0,5890,0.002185752592608647
Academic Articles,process sensor,0,10300,0.002185752592608647
Academic Articles,sensor data,0,11898,0.002185752592608647
Academic Articles,data geophysical,0,2876,0.002185752592608647
Academic Articles,geophysical data,0,5564,0.002185752592608647
Academic Articles,pointed space,0,9855,0.002185752592608647
Academic Articles,community require,0,2103,0.002185752592608647
Academic Articles,require science,0,11203,0.002185752592608647
Academic Articles,science justification,0,11725,0.002185752592608647
Academic Articles,justification final,0,6947,0.002185752592608647
Academic Articles,presentation nonlinear,0,10162,0.002185752592608647
Academic Articles,nonlinear evidential,0,8763,0.002185752592608647
Academic Articles,evidential new,0,4389,0.002185752592608647
Academic Articles,new tech,0,8696,0.002185752592608647
Academic Articles,tech space,0,13539,0.002185752592608647
Academic Articles,weather best,0,14648,0.002185752592608647
Academic Articles,best way,0,1347,0.002185752592608647
Academic Articles,way use,0,14603,0.002185752592608647
Academic Articles,use evidential,0,14302,0.002185752592608647
Academic Articles,evidential last,0,4388,0.002185752592608647
Academic Articles,last process,0,7113,0.002185752592608647
Academic Articles,process otherwise,0,10297,0.002185752592608647
Academic Articles,otherwise system,0,9237,0.002185752592608647
Academic Articles,system capture,0,13391,0.002185752592608647
Academic Articles,capture uncertainty,0,1584,0.002185752592608647
Academic Articles,uncertainty finally,0,14092,0.002185752592608647
Academic Articles,finally data,0,4866,0.002185752592608647
Academic Articles,fusion nonlinear,0,5408,0.002185752592608647
Academic Articles,nonlinear unscented,0,8766,0.002185752592608647
Academic Articles,unscented filter,0,14240,0.002185752592608647
Academic Articles,filter different,0,4852,0.002185752592608647
Academic Articles,fusion community,0,5402,0.002185752592608647
Academic Articles,community discussion,0,2073,0.002185752592608647
Academic Articles,discussion data,0,3408,0.004371505185217294
Academic Articles,fusion currently,0,5403,0.002185752592608647
Academic Articles,available directly,0,1140,0.002185752592608647
Academic Articles,directly observable,0,3382,0.002185752592608647
Academic Articles,observable generally,0,8903,0.002185752592608647
Academic Articles,speaking even,0,12624,0.002185752592608647
Academic Articles,even data,0,4286,0.0016623211854425713
Academic Articles,fusion especially,0,5404,0.002185752592608647
Academic Articles,especially help,0,4243,0.002185752592608647
Academic Articles,help resolve,0,5940,0.002185752592608647
Academic Articles,resolve new,0,11360,0.002185752592608647
Academic Articles,new physical,0,8671,0.002185752592608647
Academic Articles,physical successful,0,9727,0.002185752592608647
Academic Articles,successful include,0,13095,0.002185752592608647
Academic Articles,field faraday,0,4688,0.002185752592608647
Academic Articles,rotation combined,0,11499,0.002185752592608647
Academic Articles,combined total,0,1954,0.002185752592608647
Academic Articles,electron ultraviolet,0,3918,0.002185752592608647
Academic Articles,ultraviolet irradiance,0,14076,0.002185752592608647
Academic Articles,irradiance emulator,0,6900,0.002185752592608647
Academic Articles,emulator solar,0,3963,0.002185752592608647
Academic Articles,observatory atmospheric,0,8942,0.002185752592608647
Academic Articles,atmospheric assembly,0,1051,0.002185752592608647
Academic Articles,assembly instrument,0,888,0.002185752592608647
Academic Articles,instrument training,0,6660,0.002185752592608647
Academic Articles,training data,0,13955,0.002185752592608647
Academic Articles,fusion extreme,0,5405,0.002185752592608647
Academic Articles,ultraviolet variability,0,14080,0.002185752592608647
Academic Articles,variability experiment,0,14422,0.002185752592608647
Academic Articles,experiment next,0,4491,0.002185752592608647
Academic Articles,next along,0,8710,0.002185752592608647
Academic Articles,along effective,0,528,0.002185752592608647
Academic Articles,effective data,0,3785,0.004371505185217294
Academic Articles,data noted,0,2927,0.002185752592608647
Academic Articles,noted ionospheric,0,8837,0.002185752592608647
Academic Articles,ionospheric plasma,0,6884,0.002185752592608647
Academic Articles,plasma eddy,0,9790,0.002185752592608647
Academic Articles,eddy diffusion,0,3707,0.002185752592608647
Academic Articles,diffusion conductance,0,3346,0.002185752592608647
Academic Articles,conductance could,0,2257,0.002185752592608647
Academic Articles,could anything,0,2503,0.002185752592608647
Academic Articles,anything constrain,0,715,0.002185752592608647
Academic Articles,constrain data,0,2344,0.002185752592608647
Academic Articles,weather big,0,14649,0.002185752592608647
Academic Articles,big communicate,0,1390,0.002185752592608647
Academic Articles,communicate need,0,2042,0.002185752592608647
Academic Articles,need specific,0,8516,0.002185752592608647
Academic Articles,specific space,0,12636,0.002185752592608647
Academic Articles,space suggesting,0,12575,0.002185752592608647
Academic Articles,suggesting ally,0,13126,0.002185752592608647
Academic Articles,ally zoom,0,520,0.002185752592608647
Academic Articles,chat took,0,1818,0.002185752592608647
Academic Articles,place session,0,9749,0.002185752592608647
Academic Articles,session discussion,0,11938,0.002185752592608647
Academic Articles,discussion initially,0,3415,0.002185752592608647
Academic Articles,initially data,0,6603,0.002185752592608647
Academic Articles,data unanswered,0,3017,0.002185752592608647
Academic Articles,unanswered regarding,0,14082,0.002185752592608647
Academic Articles,regarding data,0,10962,0.004371505185217294
Academic Articles,solar yet,0,12409,0.002185752592608647
Academic Articles,yet clear,0,15289,0.004371505185217294
Academic Articles,clear ongoing,0,1853,0.002185752592608647
Academic Articles,ongoing include,0,9046,0.002185752592608647
Academic Articles,include combining,0,6278,0.002185752592608647
Academic Articles,combining avail,0,1956,0.002185752592608647
Academic Articles,able boundary,0,2,0.002185752592608647
Academic Articles,boundary solar,0,1458,0.002185752592608647
Academic Articles,wind data,0,15066,0.004371505185217294
Academic Articles,data point,0,2940,0.002185752592608647
Academic Articles,point past,0,9843,0.002185752592608647
Academic Articles,past could,0,9451,0.002185752592608647
Academic Articles,could augment,0,2504,0.002185752592608647
Academic Articles,augment sparse,0,1082,0.002185752592608647
Academic Articles,sparse data,0,12599,0.002185752592608647
Academic Articles,could clear,0,2510,0.002185752592608647
Academic Articles,clear independent,0,1849,0.002185752592608647
Academic Articles,independent resulting,0,6366,0.002185752592608647
Academic Articles,resulting data,0,11401,0.002185752592608647
Academic Articles,data statistical,0,3003,0.002185752592608647
Academic Articles,statistical spatial,0,12813,0.002185752592608647
Academic Articles,scale without,0,11671,0.002185752592608647
Academic Articles,without cost,0,15199,0.002185752592608647
Academic Articles,cost becoming,0,2492,0.002185752592608647
Academic Articles,becoming prohibitive,0,1280,0.002185752592608647
Academic Articles,prohibitive correlation,0,10389,0.002185752592608647
Academic Articles,correlation still,0,2483,0.002185752592608647
Academic Articles,still open,0,12852,0.002185752592608647
Academic Articles,open total,0,9070,0.002185752592608647
Academic Articles,total remains,0,13897,0.002185752592608647
Academic Articles,remains unknown,0,11124,0.002185752592608647
Academic Articles,unknown future,0,14226,0.002185752592608647
Academic Articles,data case,0,2819,0.002185752592608647
Academic Articles,case challenge,0,1606,0.002185752592608647
Academic Articles,challenge commercial,0,1741,0.002185752592608647
Academic Articles,commercial science,0,2011,0.002185752592608647
Academic Articles,science grade,0,11715,0.002185752592608647
Academic Articles,grade panelist,0,5737,0.002185752592608647
Academic Articles,panelist chat,0,9350,0.002185752592608647
Academic Articles,chat participant,0,1816,0.002185752592608647
Academic Articles,participant expressed,0,9371,0.002185752592608647
Academic Articles,expressed support,0,4521,0.002185752592608647
Academic Articles,support framework,0,13266,0.002185752592608647
Academic Articles,framework different,0,5321,0.002185752592608647
Academic Articles,different forecast,0,3316,0.002185752592608647
Academic Articles,forecast another,0,5158,0.002185752592608647
Academic Articles,another participant,0,701,0.002185752592608647
Academic Articles,participant electron,0,9370,0.002185752592608647
Academic Articles,electron ionosphere,0,3903,0.002185752592608647
Academic Articles,ionosphere might,0,6845,0.002185752592608647
Academic Articles,might suffer,0,7979,0.002185752592608647
Academic Articles,suffer noise,0,13109,0.002185752592608647
Academic Articles,noise auroral,0,8744,0.002185752592608647
Academic Articles,auroral kilometric,0,1102,0.002185752592608647
Academic Articles,kilometric radiation,0,7011,0.002185752592608647
Academic Articles,radiation zoom,0,10696,0.002185752592608647
Academic Articles,chat covered,0,1812,0.002185752592608647
Academic Articles,covered recent,0,2616,0.002185752592608647
Academic Articles,recent lost,0,10889,0.002185752592608647
Academic Articles,lost geomagnetic,0,7489,0.002185752592608647
Academic Articles,storm later,0,12902,0.002185752592608647
Academic Articles,later analysis,0,7127,0.002185752592608647
Academic Articles,analysis storm,0,651,0.002185752592608647
Academic Articles,storm remarkable,0,12935,0.002185752592608647
Academic Articles,remarkable atmospheric,0,11126,0.002185752592608647
Academic Articles,atmospheric neutral,0,1061,0.002185752592608647
Academic Articles,neutral density,0,8592,0.008743010370434588
Academic Articles,density complex,0,3185,0.002185752592608647
Academic Articles,complex event,0,2142,0.002185752592608647
Academic Articles,event revealed,0,4347,0.002185752592608647
Academic Articles,revealed operational,0,11413,0.002185752592608647
Academic Articles,operational mass,0,9108,0.002185752592608647
Academic Articles,mass spectrometer,0,7815,0.002185752592608647
Academic Articles,spectrometer incoherent,0,12654,0.002185752592608647
Academic Articles,incoherent scat,0,6318,0.002185752592608647
Academic Articles,scat radar,0,11673,0.002185752592608647
Academic Articles,radar atmosphere,0,10633,0.002185752592608647
Academic Articles,model potential,0,8142,0.002185752592608647
Academic Articles,potential given,0,10004,0.002185752592608647
Academic Articles,given given,0,5602,0.002185752592608647
Academic Articles,given data,0,5599,0.002185752592608647
Academic Articles,availability incident,0,1124,0.002185752592608647
Academic Articles,incident good,0,6271,0.002185752592608647
Academic Articles,good ensemble,0,5710,0.002185752592608647
Academic Articles,modeling ensemble,0,8174,0.002185752592608647
Academic Articles,modeling panel,0,8192,0.002185752592608647
Academic Articles,six eric,0,12183,0.002185752592608647
Academic Articles,eric space,0,4208,0.004371505185217294
Academic Articles,center dan,0,1670,0.002185752592608647
Academic Articles,dan nick,0,2783,0.002185752592608647
Academic Articles,nick university,0,8738,0.002185752592608647
Academic Articles,research kent,0,11270,0.002185752592608647
Academic Articles,kent environment,0,6958,0.002185752592608647
Academic Articles,environment office,0,4159,0.002185752592608647
Academic Articles,office following,0,9018,0.002185752592608647
Academic Articles,panel terrestrial,0,9344,0.002185752592608647
Academic Articles,community ensemble,0,2075,0.002185752592608647
Academic Articles,ensemble practical,0,4106,0.002185752592608647
Academic Articles,practical space,0,10077,0.002185752592608647
Academic Articles,space near,0,12546,0.002185752592608647
Academic Articles,near term,0,8445,0.002185752592608647
Academic Articles,term data,0,13604,0.002185752592608647
Academic Articles,data unavailable,0,3018,0.004371505185217294
Academic Articles,unavailable proprietary,0,14083,0.004371505185217294
Academic Articles,proprietary classified,0,10428,0.004371505185217294
Academic Articles,classified next,0,1843,0.004371505185217294
Academic Articles,next curation,0,8712,0.002185752592608647
Academic Articles,curation fusion,0,2672,0.002185752592608647
Academic Articles,fusion period,0,5409,0.002185752592608647
Academic Articles,period general,0,9548,0.002185752592608647
Academic Articles,general overview,0,5469,0.002185752592608647
Academic Articles,overview noted,0,9293,0.002185752592608647
Academic Articles,noted model,0,8841,0.002185752592608647
Academic Articles,quantification use,0,10576,0.002185752592608647
Academic Articles,use independent,0,14306,0.002185752592608647
Academic Articles,independent orthogonal,0,6364,0.002185752592608647
Academic Articles,orthogonal ensemble,0,9231,0.002185752592608647
Academic Articles,ensemble covariance,0,4096,0.002185752592608647
Academic Articles,covariance propagation,0,2592,0.002185752592608647
Academic Articles,propagation effectively,0,10411,0.002185752592608647
Academic Articles,effectively noted,0,3795,0.002185752592608647
Academic Articles,noted ensemble,0,8831,0.002185752592608647
Academic Articles,data linearly,0,2906,0.002185752592608647
Academic Articles,linearly model,0,7424,0.002185752592608647
Academic Articles,model development,0,8119,0.002185752592608647
Academic Articles,development wind,0,3293,0.002185752592608647
Academic Articles,wind domain,0,15071,0.002185752592608647
Academic Articles,domain example,0,3529,0.002185752592608647
Academic Articles,example mainly,0,4431,0.002185752592608647
Academic Articles,mainly observational,0,7666,0.002185752592608647
Academic Articles,observational new,0,8929,0.002185752592608647
Academic Articles,new measurement,0,8657,0.002185752592608647
Academic Articles,measurement vantage,0,7901,0.002185752592608647
Academic Articles,vantage multiple,0,14416,0.002185752592608647
Academic Articles,multiple model,0,8334,0.002185752592608647
Academic Articles,model versus,0,8156,0.002185752592608647
Academic Articles,versus air,0,14495,0.002185752592608647
Academic Articles,air force,0,487,0.0033246423708851425
Academic Articles,force data,0,5138,0.004371505185217294
Academic Articles,data assimilative,0,2806,0.004371505185217294
Academic Articles,assimilative photospheric,0,937,0.004371505185217294
Academic Articles,photospheric flux,0,9668,0.004371505185217294
Academic Articles,flux transport,0,5099,0.004371505185217294
Academic Articles,transport adapt,0,13989,0.004371505185217294
Academic Articles,adapt model,0,316,0.002185752592608647
Academic Articles,model member,0,8132,0.002185752592608647
Academic Articles,member ensemble,0,7924,0.002185752592608647
Academic Articles,ensemble initial,0,4101,0.002185752592608647
Academic Articles,initial condition,0,6600,0.002185752592608647
Academic Articles,condition figure,0,2252,0.002185752592608647
Academic Articles,figure different,0,4792,0.002185752592608647
Academic Articles,different initial,0,3318,0.002185752592608647
Academic Articles,initial different,0,6601,0.002185752592608647
Academic Articles,different arrival,0,3304,0.002185752592608647
Academic Articles,arrival future,0,867,0.002185752592608647
Academic Articles,infrastructure done,0,6514,0.002185752592608647
Academic Articles,done little,0,3539,0.002185752592608647
Academic Articles,little part,0,7442,0.002185752592608647
Academic Articles,part although,0,9366,0.002185752592608647
Academic Articles,although prune,0,568,0.002185752592608647
Academic Articles,prune model,0,10533,0.002185752592608647
Academic Articles,model welling,0,8160,0.002185752592608647
Academic Articles,welling spoke,0,14965,0.002185752592608647
Academic Articles,spoke regime,0,12705,0.002185752592608647
Academic Articles,regime particularly,0,10970,0.002185752592608647
Academic Articles,particularly global,0,9427,0.002185752592608647
Academic Articles,current area,0,2680,0.002185752592608647
Academic Articles,area validation,0,810,0.002185752592608647
Academic Articles,validation well,0,14396,0.002185752592608647
Academic Articles,well refined,0,14950,0.002185752592608647
Academic Articles,refined remains,0,10948,0.002185752592608647
Academic Articles,remains unclear,0,11123,0.002185752592608647
Academic Articles,unclear early,0,14097,0.002185752592608647
Academic Articles,early work,0,3638,0.002185752592608647
Academic Articles,work shown,0,15220,0.002185752592608647
Academic Articles,shown increase,0,12050,0.002185752592608647
Academic Articles,increase predictive,0,6340,0.002185752592608647
Academic Articles,predictive study,0,10128,0.002185752592608647
Academic Articles,study ing,0,13066,0.002185752592608647
Academic Articles,ing model,0,6584,0.002185752592608647
Academic Articles,model physic,0,8140,0.002185752592608647
Academic Articles,physic exploring,0,9685,0.002185752592608647
Academic Articles,exploring physic,0,4507,0.002185752592608647
Academic Articles,physic across,0,9671,0.002185752592608647
Academic Articles,across modeling,0,105,0.002185752592608647
Academic Articles,modeling covering,0,8167,0.002185752592608647
Academic Articles,covering dense,0,2618,0.002185752592608647
Academic Articles,dense net,0,3178,0.002185752592608647
Academic Articles,net auroral,0,8562,0.002185752592608647
Academic Articles,auroral welling,0,1109,0.002185752592608647
Academic Articles,welling conductance,0,14963,0.002185752592608647
Academic Articles,conductance dynamic,0,2258,0.002185752592608647
Academic Articles,dynamic data,0,3603,0.002185752592608647
Academic Articles,sampling large,0,11541,0.002185752592608647
Academic Articles,large often,0,7092,0.002185752592608647
Academic Articles,often sampling,0,9033,0.002185752592608647
Academic Articles,sampling undesirable,0,11545,0.002185752592608647
Academic Articles,undesirable global,0,14170,0.002185752592608647
Academic Articles,effect electrodynamics,0,3733,0.002185752592608647
Academic Articles,electrodynamics auroral,0,3873,0.002185752592608647
Academic Articles,auroral ground,0,1099,0.002185752592608647
Academic Articles,ground although,0,5809,0.002185752592608647
Academic Articles,although viability,0,571,0.002185752592608647
Academic Articles,viability assessed,0,14514,0.002185752592608647
Academic Articles,assessed figure,0,892,0.002185752592608647
Academic Articles,figure air,0,4784,0.002185752592608647
Academic Articles,adapt bound,0,315,0.002185752592608647
Academic Articles,wind orbit,0,15129,0.002185752592608647
Academic Articles,orbit blue,0,9150,0.002185752592608647
Academic Articles,blue green,0,1436,0.002185752592608647
Academic Articles,green different,0,5786,0.002185752592608647
Academic Articles,different model,0,3321,0.002185752592608647
Academic Articles,model black,0,8108,0.002185752592608647
Academic Articles,black actual,0,1407,0.002185752592608647
Academic Articles,actual observation,0,307,0.002185752592608647
Academic Articles,observation source,0,8913,0.002185752592608647
Academic Articles,source eric,0,12451,0.002185752592608647
Academic Articles,science spoke,0,11759,0.002185752592608647
Academic Articles,spoke evaluate,0,12700,0.002185752592608647
Academic Articles,evaluate new,0,4277,0.002185752592608647
Academic Articles,new generating,0,8640,0.002185752592608647
Academic Articles,generating ensemble,0,5482,0.002185752592608647
Academic Articles,ensemble reflecting,0,4107,0.002185752592608647
Academic Articles,reflecting input,0,10958,0.002185752592608647
Academic Articles,input model,0,6625,0.002185752592608647
Academic Articles,model boundary,0,8109,0.002185752592608647
Academic Articles,boundary dynamic,0,1453,0.002185752592608647
Academic Articles,dynamic widely,0,3628,0.002185752592608647
Academic Articles,widely climate,0,15036,0.002185752592608647
Academic Articles,climate saw,0,1868,0.002185752592608647
Academic Articles,saw use,0,11614,0.002185752592608647
Academic Articles,infrastructure running,0,6556,0.002185752592608647
Academic Articles,running ensemble,0,11525,0.002185752592608647
Academic Articles,ensemble control,0,4095,0.002185752592608647
Academic Articles,control force,0,2405,0.002185752592608647
Academic Articles,force satellite,0,5142,0.002185752592608647
Academic Articles,drag model,0,3555,0.002185752592608647
Academic Articles,model density,0,8118,0.002185752592608647
Academic Articles,density coming,0,3184,0.002185752592608647
Academic Articles,coming satellite,0,1979,0.002185752592608647
Academic Articles,satellite absolute,0,11549,0.002185752592608647
Academic Articles,absolute model,0,10,0.002185752592608647
Academic Articles,need day,0,8473,0.002185752592608647
Academic Articles,day climatological,0,3046,0.002185752592608647
Academic Articles,climatological classic,0,1870,0.002185752592608647
Academic Articles,classic ensemble,0,1840,0.002185752592608647
Academic Articles,ensemble use,0,4109,0.002185752592608647
Academic Articles,use simpler,0,14321,0.002185752592608647
Academic Articles,simpler physic,0,12122,0.002185752592608647
Academic Articles,physic simplified,0,9701,0.002185752592608647
Academic Articles,simplified internal,0,12123,0.002185752592608647
Academic Articles,internal dynamic,0,6754,0.002185752592608647
Academic Articles,dynamic suffice,0,3624,0.002185752592608647
Academic Articles,suffice operational,0,13111,0.002185752592608647
Academic Articles,operational forecast,0,9099,0.002185752592608647
Academic Articles,forecast need,0,5186,0.002185752592608647
Academic Articles,need made,0,8492,0.002185752592608647
Academic Articles,point need,0,9841,0.002185752592608647
Academic Articles,need educate,0,8476,0.002185752592608647
Academic Articles,educate inform,0,3710,0.002185752592608647
Academic Articles,inform decision,0,6454,0.002185752592608647
Academic Articles,making providing,0,7707,0.002185752592608647
Academic Articles,providing helpful,0,10521,0.002185752592608647
Academic Articles,helpful targeted,0,5946,0.002185752592608647
Academic Articles,targeted might,0,13511,0.002185752592608647
Academic Articles,might increase,0,7973,0.002185752592608647
Academic Articles,increase use,0,6343,0.002185752592608647
Academic Articles,use terrestrial,0,14325,0.002185752592608647
Academic Articles,climate forecasting,0,1863,0.002185752592608647
Academic Articles,forecasting identify,0,5239,0.002185752592608647
Academic Articles,identify group,0,6132,0.002185752592608647
Academic Articles,group support,0,5850,0.002185752592608647
Academic Articles,support system,0,13284,0.002185752592608647
Academic Articles,system help,0,13416,0.002185752592608647
Academic Articles,help supply,0,5942,0.002185752592608647
Academic Articles,supply particular,0,13258,0.002185752592608647
Academic Articles,particular discussion,0,9414,0.002185752592608647
Academic Articles,discussion period,0,3416,0.002185752592608647
Academic Articles,period single,0,9576,0.002185752592608647
Academic Articles,single ensemble,0,12162,0.002185752592608647
Academic Articles,ensemble best,0,4093,0.002185752592608647
Academic Articles,best rare,0,1341,0.002185752592608647
Academic Articles,rare model,0,10808,0.002185752592608647
Academic Articles,model best,0,8106,0.002185752592608647
Academic Articles,best combining,0,1335,0.002185752592608647
Academic Articles,combining multiple,0,1961,0.002185752592608647
Academic Articles,multiple ensure,0,8327,0.002185752592608647
Academic Articles,better added,0,1349,0.002185752592608647
Academic Articles,added often,0,320,0.002185752592608647
Academic Articles,often better,0,9024,0.002185752592608647
Academic Articles,better outperform,0,1360,0.002185752592608647
Academic Articles,outperform single,0,9260,0.002185752592608647
Academic Articles,single best,0,12160,0.002185752592608647
Academic Articles,best request,0,1342,0.002185752592608647
Academic Articles,request chang,0,11167,0.002185752592608647
Academic Articles,chang ing,0,1780,0.002185752592608647
Academic Articles,ing something,0,6589,0.002185752592608647
Academic Articles,something used,0,12432,0.002185752592608647
Academic Articles,used collective,0,14330,0.002185752592608647
Academic Articles,collective providing,0,1924,0.002185752592608647
Academic Articles,providing probabilistic,0,10523,0.002185752592608647
Academic Articles,probabilistic ensemble,0,10253,0.002185752592608647
Academic Articles,ensemble output,0,4105,0.002185752592608647
Academic Articles,output distribution,0,9263,0.002185752592608647
Academic Articles,distribution collective,0,3485,0.002185752592608647
Academic Articles,collective system,0,1925,0.002185752592608647
Academic Articles,system ensemble,0,13407,0.002185752592608647
Academic Articles,ensemble welling,0,4111,0.002185752592608647
Academic Articles,welling distributed,0,14964,0.002185752592608647
Academic Articles,distributed provide,0,3479,0.002185752592608647
Academic Articles,provide large,0,10483,0.002185752592608647
Academic Articles,large impact,0,7089,0.002185752592608647
Academic Articles,impact process,0,6181,0.002185752592608647
Academic Articles,process zoom,0,10301,0.002185752592608647
Academic Articles,chat versus,0,1819,0.002185752592608647
Academic Articles,versus perturbed,0,14502,0.002185752592608647
Academic Articles,perturbed physic,0,9629,0.002185752592608647
Academic Articles,physic empirical,0,9681,0.002185752592608647
Academic Articles,empirical statistical,0,3958,0.002185752592608647
Academic Articles,model point,0,8141,0.002185752592608647
Academic Articles,point made,0,9839,0.002185752592608647
Academic Articles,made preferred,0,7566,0.002185752592608647
Academic Articles,preferred model,0,10139,0.002185752592608647
Academic Articles,model different,0,8120,0.002185752592608647
Academic Articles,different despite,0,3310,0.002185752592608647
Academic Articles,despite performance,0,3245,0.002185752592608647
Academic Articles,performance bring,0,9510,0.002185752592608647
Academic Articles,bring useful,0,1496,0.002185752592608647
Academic Articles,useful information,0,14348,0.002185752592608647
Academic Articles,information outperform,0,6474,0.002185752592608647
Academic Articles,outperform even,0,9259,0.002185752592608647
Academic Articles,even best,0,4283,0.002185752592608647
Academic Articles,best single,0,1343,0.002185752592608647
Academic Articles,single future,0,12164,0.002185752592608647
Academic Articles,infrastructure operational,0,6546,0.002185752592608647
Academic Articles,operational perspective,0,9115,0.004371505185217294
Academic Articles,perspective single,0,9625,0.002185752592608647
Academic Articles,single rarely,0,12168,0.002185752592608647
Academic Articles,rarely perform,0,10816,0.002185752592608647
Academic Articles,perform well,0,9509,0.002185752592608647
Academic Articles,well provide,0,14947,0.002185752592608647
Academic Articles,information variance,0,6489,0.002185752592608647
Academic Articles,variance across,0,14434,0.002185752592608647
Academic Articles,across always,0,86,0.002185752592608647
Academic Articles,wind ensemble,0,15078,0.002185752592608647
Academic Articles,ensemble model,0,4103,0.002185752592608647
Academic Articles,wind small,0,15163,0.002185752592608647
Academic Articles,small solar,0,12242,0.002185752592608647
Academic Articles,wind component,0,15060,0.002185752592608647
Academic Articles,component bring,0,2173,0.002185752592608647
Academic Articles,bring appreciable,0,1493,0.002185752592608647
Academic Articles,appreciable gain,0,737,0.002185752592608647
Academic Articles,gain zoom,0,5439,0.002185752592608647
Academic Articles,chat ground,0,1813,0.002185752592608647
Academic Articles,ground several,0,5832,0.002185752592608647
Academic Articles,several inherent,0,11969,0.002185752592608647
Academic Articles,inherent observational,0,6592,0.002185752592608647
Academic Articles,observational fact,0,8920,0.002185752592608647
Academic Articles,fact easier,0,4568,0.002185752592608647
Academic Articles,easier perhaps,0,3686,0.002185752592608647
Academic Articles,perhaps fruitful,0,9519,0.002185752592608647
Academic Articles,fruitful research,0,5350,0.002185752592608647
Academic Articles,research available,0,11225,0.002185752592608647
Academic Articles,available chat,0,1132,0.002185752592608647
Academic Articles,chat noted,0,1815,0.002185752592608647
Academic Articles,noted weather,0,8853,0.002185752592608647
Academic Articles,weather used,0,14882,0.002185752592608647
Academic Articles,used forcing,0,14335,0.002185752592608647
Academic Articles,forcing lower,0,5152,0.002185752592608647
Academic Articles,lower weather,0,7537,0.002185752592608647
Academic Articles,weather capture,0,14655,0.002185752592608647
Academic Articles,capture ensemble,0,1578,0.002185752592608647
Academic Articles,ensemble generation,0,4100,0.002185752592608647
Academic Articles,generation driving,0,5484,0.002185752592608647
Academic Articles,driving lower,0,3586,0.002185752592608647
Academic Articles,lower lower,0,7531,0.002185752592608647
Academic Articles,atmosphere lower,0,1028,0.002185752592608647
Academic Articles,lower wind,0,7538,0.002185752592608647
Academic Articles,wind meteor,0,15118,0.002185752592608647
Academic Articles,meteor tested,0,7945,0.002185752592608647
Academic Articles,tested yet,0,13629,0.002185752592608647
Academic Articles,yet effective,0,15291,0.002185752592608647
Academic Articles,curation another,0,2666,0.002185752592608647
Academic Articles,panel model,0,9326,0.002185752592608647
Academic Articles,curation member,0,2673,0.002185752592608647
Academic Articles,member coster,0,7921,0.002185752592608647
Academic Articles,coster panel,0,2498,0.002185752592608647
Academic Articles,six university,0,12192,0.002185752592608647
Academic Articles,jack rob,0,6926,0.002185752592608647
Academic Articles,rob masha,0,11468,0.002185752592608647
Academic Articles,masha community,0,7780,0.004371505185217294
Academic Articles,center alec,0,1661,0.002185752592608647
Academic Articles,alec federal,0,499,0.002185752592608647
Academic Articles,federal following,0,4657,0.002185752592608647
Academic Articles,following panela,0,5125,0.002185752592608647
Academic Articles,panela data,0,9349,0.002185752592608647
Academic Articles,curation effort,0,2671,0.002185752592608647
Academic Articles,effort data,0,3807,0.002185752592608647
Academic Articles,take black,0,13485,0.002185752592608647
Academic Articles,black data,0,1409,0.006557257777825942
Academic Articles,research unmet,0,11316,0.002185752592608647
Academic Articles,unmet data,0,14233,0.002185752592608647
Academic Articles,infrastructure community,0,6508,0.002185752592608647
Academic Articles,community data,0,2070,0.004371505185217294
Academic Articles,infrastructure file,0,6520,0.002185752592608647
Academic Articles,file data,0,4850,0.002185752592608647
Academic Articles,data standard,0,2999,0.002185752592608647
Academic Articles,standard record,0,12764,0.002185752592608647
Academic Articles,record keeping,0,10926,0.002185752592608647
Academic Articles,keeping end,0,6953,0.002185752592608647
Academic Articles,end data,0,3974,0.002185752592608647
Academic Articles,data madrigal,0,2911,0.002185752592608647
Academic Articles,madrigal archival,0,7570,0.002185752592608647
Academic Articles,archival data,0,792,0.002185752592608647
Academic Articles,data upper,0,3022,0.002185752592608647
Academic Articles,research although,0,11219,0.002185752592608647
Academic Articles,although provide,0,567,0.002185752592608647
Academic Articles,provide program,0,10492,0.002185752592608647
Academic Articles,program black,0,10359,0.002185752592608647
Academic Articles,acquisition fair,0,77,0.002185752592608647
Academic Articles,fair findable,0,4604,0.002185752592608647
Academic Articles,accessible data,0,38,0.002185752592608647
Academic Articles,data black,0,2815,0.002185752592608647
Academic Articles,data management,0,2913,0.002185752592608647
Academic Articles,management plan,0,7723,0.002185752592608647
Academic Articles,plan uniform,0,9761,0.002185752592608647
Academic Articles,uniform decadal,0,14177,0.002185752592608647
Academic Articles,survey strategy,0,13337,0.002185752592608647
Academic Articles,infrastructure research,0,6555,0.004371505185217294
Academic Articles,research strategy,0,11303,0.004371505185217294
Academic Articles,strategy utility,0,12984,0.002185752592608647
Academic Articles,utility usability,0,14368,0.002185752592608647
Academic Articles,usability data,0,14292,0.002185752592608647
Academic Articles,community decadal,0,2071,0.002185752592608647
Academic Articles,survey curriculum,0,13325,0.002185752592608647
Academic Articles,curriculum data,0,2750,0.002185752592608647
Academic Articles,data resource,0,2972,0.002185752592608647
Academic Articles,resource use,0,11367,0.002185752592608647
Academic Articles,use open,0,14315,0.002185752592608647
Academic Articles,open access,0,9061,0.002185752592608647
Academic Articles,access working,0,37,0.002185752592608647
Academic Articles,working future,0,15227,0.002185752592608647
Academic Articles,science schreiner,0,11749,0.002185752592608647
Academic Articles,schreiner spoke,0,11681,0.002185752592608647
Academic Articles,spoke data,0,12698,0.002185752592608647
Academic Articles,curation analytics,0,2665,0.002185752592608647
Academic Articles,analytics specifically,0,665,0.002185752592608647
Academic Articles,specifically occultation,0,12642,0.002185752592608647
Academic Articles,occultation providing,0,8988,0.002185752592608647
Academic Articles,providing radio,0,10524,0.002185752592608647
Academic Articles,radio occultation,0,10731,0.008743010370434588
Academic Articles,occultation data,0,8987,0.008743010370434588
Academic Articles,data beginning,0,2811,0.002185752592608647
Academic Articles,beginning meteorological,0,1290,0.002185752592608647
Academic Articles,meteorological cosmic,0,7946,0.002185752592608647
Academic Articles,cosmic constellation,0,2486,0.002185752592608647
Academic Articles,meteorology ionosphere,0,7949,0.002185752592608647
Academic Articles,ionosphere climate,0,6822,0.002185752592608647
Academic Articles,climate commercial,0,1859,0.002185752592608647
Academic Articles,satellite commercial,0,11554,0.002185752592608647
Academic Articles,commercial radio,0,2009,0.002185752592608647
Academic Articles,data ionosphere,0,2896,0.002185752592608647
Academic Articles,ionosphere foreseeable,0,6832,0.002185752592608647
Academic Articles,foreseeable future,0,5260,0.002185752592608647
Academic Articles,future cosmic,0,5415,0.002185752592608647
Academic Articles,cosmic combined,0,2485,0.002185752592608647
Academic Articles,combined commercial,0,1940,0.002185752592608647
Academic Articles,commercial provide,0,2007,0.002185752592608647
Academic Articles,provide global,0,10479,0.002185752592608647
Academic Articles,global latitude,0,5651,0.002185752592608647
Academic Articles,latitude however,0,7142,0.002185752592608647
Academic Articles,however radio,0,6089,0.002185752592608647
Academic Articles,need standard,0,8517,0.002185752592608647
Academic Articles,standard data,0,12760,0.002185752592608647
Academic Articles,data large,0,2899,0.002185752592608647
Academic Articles,data complex,0,2831,0.002185752592608647
Academic Articles,complex require,0,2155,0.002185752592608647
Academic Articles,sustained data,0,13346,0.004371505185217294
Academic Articles,curation space,0,2676,0.004371505185217294
Academic Articles,weather assimilation,0,14644,0.002185752592608647
Academic Articles,assimilation concerning,0,919,0.002185752592608647
Academic Articles,concerning data,0,2238,0.002185752592608647
Academic Articles,need schreiner,0,8511,0.002185752592608647
Academic Articles,schreiner access,0,11680,0.002185752592608647
Academic Articles,access cloud,0,33,0.002185752592608647
Academic Articles,cloud enable,0,1881,0.002185752592608647
Academic Articles,enable science,0,3969,0.002185752592608647
Academic Articles,science assimilative,0,11686,0.002185752592608647
Academic Articles,assimilative space,0,938,0.002185752592608647
Academic Articles,spoke digital,0,12699,0.002185752592608647
Academic Articles,digital resource,0,3348,0.002185752592608647
Academic Articles,resource library,0,11365,0.002185752592608647
Academic Articles,library data,0,7274,0.002185752592608647
Academic Articles,strategy behind,0,12979,0.002185752592608647
Academic Articles,behind four,0,1302,0.002185752592608647
Academic Articles,four main,0,5309,0.002185752592608647
Academic Articles,main improve,0,7658,0.002185752592608647
Academic Articles,improve discover,0,6238,0.002185752592608647
Academic Articles,discover support,0,3396,0.002185752592608647
Academic Articles,support explore,0,13264,0.002185752592608647
Academic Articles,explore enable,0,4505,0.002185752592608647
Academic Articles,enable big,0,3965,0.002185752592608647
Academic Articles,data together,0,3016,0.002185752592608647
Academic Articles,together large,0,13858,0.002185752592608647
Academic Articles,data share,0,2987,0.002185752592608647
Academic Articles,share publish,0,11996,0.002185752592608647
Academic Articles,publish support,0,10544,0.002185752592608647
Academic Articles,support collaborative,0,13260,0.002185752592608647
Academic Articles,collaborative research,0,1913,0.002185752592608647
Academic Articles,research increasing,0,11263,0.002185752592608647
Academic Articles,increasing volume,0,6357,0.002185752592608647
Academic Articles,volume data,0,14549,0.002185752592608647
Academic Articles,data accelerate,0,2789,0.002185752592608647
Academic Articles,accelerate set,0,24,0.002185752592608647
Academic Articles,set four,0,11955,0.002185752592608647
Academic Articles,four broad,0,5299,0.002185752592608647
Academic Articles,broad open,0,1501,0.002185752592608647
Academic Articles,open science,0,9069,0.002185752592608647
Academic Articles,science lowering,0,11728,0.002185752592608647
Academic Articles,lowering current,0,7539,0.002185752592608647
Academic Articles,new cal,0,8620,0.002185752592608647
Academic Articles,cal community,0,1533,0.002185752592608647
Academic Articles,need science,0,8512,0.004371505185217294
Academic Articles,infrastructure four,0,6525,0.002185752592608647
Academic Articles,four data,0,5301,0.002185752592608647
Academic Articles,model consortium,0,8113,0.002185752592608647
Academic Articles,consortium space,0,2322,0.002185752592608647
Academic Articles,data facility,0,2863,0.002185752592608647
Academic Articles,facility solar,0,4562,0.002185752592608647
Academic Articles,solar data,0,12297,0.002185752592608647
Academic Articles,analysis center,0,619,0.002185752592608647
Academic Articles,center various,0,1707,0.002185752592608647
Academic Articles,various community,0,14449,0.002185752592608647
Academic Articles,center center,0,1668,0.002185752592608647
Academic Articles,center path,0,1692,0.002185752592608647
Academic Articles,forward involve,0,5283,0.002185752592608647
Academic Articles,involve internal,0,6796,0.002185752592608647
Academic Articles,internal community,0,6753,0.002185752592608647
Academic Articles,community inclusion,0,2084,0.002185752592608647
Academic Articles,inclusion direction,0,6315,0.002185752592608647
Academic Articles,direction use,0,3374,0.002185752592608647
Academic Articles,use new,0,14313,0.002185752592608647
Academic Articles,physic archive,0,9674,0.002185752592608647
Academic Articles,archive search,0,794,0.002185752592608647
Academic Articles,search extract,0,11799,0.002185752592608647
Academic Articles,extract application,0,4541,0.002185752592608647
Academic Articles,application interface,0,727,0.002185752592608647
Academic Articles,interface deep,0,6728,0.002185752592608647
Academic Articles,observatory data,0,8945,0.002185752592608647
Academic Articles,data climate,0,2821,0.002185752592608647
Academic Articles,climate data,0,1861,0.002185752592608647
Academic Articles,data another,0,2801,0.002185752592608647
Academic Articles,another strategy,0,708,0.002185752592608647
Academic Articles,strategy take,0,12983,0.002185752592608647
Academic Articles,take among,0,13484,0.002185752592608647
Academic Articles,government industry,0,5726,0.002185752592608647
Academic Articles,industry science,0,6414,0.002185752592608647
Academic Articles,information unavailable,0,6488,0.002185752592608647
Academic Articles,unavailable research,0,14084,0.002185752592608647
Academic Articles,research future,0,11258,0.002185752592608647
Academic Articles,future example,0,5417,0.002185752592608647
Academic Articles,example via,0,4450,0.002185752592608647
Academic Articles,via space,0,14512,0.002185752592608647
Academic Articles,subcommittee data,0,13074,0.002185752592608647
Academic Articles,data cloud,0,2822,0.002185752592608647
Academic Articles,cloud embracing,0,1880,0.002185752592608647
Academic Articles,embracing fair,0,3937,0.002185752592608647
Academic Articles,fair policy,0,4605,0.002185752592608647
Academic Articles,policy included,0,9899,0.002185752592608647
Academic Articles,included tackling,0,6314,0.002185752592608647
Academic Articles,tackling modeling,0,13476,0.002185752592608647
Academic Articles,modeling prize,0,8194,0.002185752592608647
Academic Articles,prize money,0,10246,0.002185752592608647
Academic Articles,money data,0,8246,0.002185752592608647
Academic Articles,data use,0,3024,0.002185752592608647
Academic Articles,use community,0,14299,0.002185752592608647
Academic Articles,center role,0,1698,0.002185752592608647
Academic Articles,role proving,0,11480,0.002185752592608647
Academic Articles,ground figure,0,5820,0.002185752592608647
Academic Articles,figure providing,0,4825,0.002185752592608647
Academic Articles,providing example,0,10519,0.002185752592608647
Academic Articles,model simulation,0,8148,0.004371505185217294
Academic Articles,simulation prod,0,12131,0.002185752592608647
Academic Articles,prod following,0,10306,0.002185752592608647
Academic Articles,following best,0,5110,0.002185752592608647
Academic Articles,best implementation,0,1337,0.002185752592608647
Academic Articles,implementation improving,0,6190,0.002185752592608647
Academic Articles,improving improving,0,6255,0.002185752592608647
Academic Articles,improving robustness,0,6258,0.002185752592608647
Academic Articles,robustness toward,0,11477,0.002185752592608647
Academic Articles,toward plug,0,13908,0.002185752592608647
Academic Articles,plug play,0,9828,0.002185752592608647
Academic Articles,play pilot,0,9826,0.002185752592608647
Academic Articles,pilot code,0,9743,0.002185752592608647
Academic Articles,code future,0,1889,0.002185752592608647
Academic Articles,infrastructure infrastructure,0,6528,0.002185752592608647
Academic Articles,infrastructure engineering,0,6517,0.002185752592608647
Academic Articles,engineering team,0,4049,0.002185752592608647
Academic Articles,team outside,0,13529,0.002185752592608647
Academic Articles,outside limited,0,9274,0.002185752592608647
Academic Articles,limited research,0,7400,0.002185752592608647
Academic Articles,space many,0,12539,0.002185752592608647
Academic Articles,many data,0,7744,0.004371505185217294
Academic Articles,defense air,0,3127,0.002185752592608647
Academic Articles,air unified,0,491,0.002185752592608647
Academic Articles,unified data,0,14176,0.002185752592608647
Academic Articles,data library,0,2904,0.002185752592608647
Academic Articles,library positive,0,7276,0.002185752592608647
Academic Articles,positive development,0,9932,0.002185752592608647
Academic Articles,development earth,0,3280,0.002185752592608647
Academic Articles,earth substantial,0,3676,0.002185752592608647
Academic Articles,substantial infrastructure,0,13090,0.002185752592608647
Academic Articles,infrastructure specifically,0,6563,0.002185752592608647
Academic Articles,specifically community,0,12640,0.002185752592608647
Academic Articles,community platform,0,2098,0.002185752592608647
Academic Articles,platform big,0,9824,0.002185752592608647
Academic Articles,could learn,0,2529,0.002185752592608647
Academic Articles,learn effort,0,7204,0.002185752592608647
Academic Articles,effort work,0,3815,0.002185752592608647
Academic Articles,work toward,0,15223,0.002185752592608647
Academic Articles,toward facility,0,13905,0.002185752592608647
Academic Articles,facility discussion,0,4559,0.002185752592608647
Academic Articles,discussion zoom,0,3421,0.002185752592608647
Academic Articles,chat included,0,1814,0.002185752592608647
Academic Articles,included significant,0,6312,0.002185752592608647
Academic Articles,significant discussion,0,12082,0.002185752592608647
Academic Articles,discussion curation,0,3407,0.002185752592608647
Academic Articles,curation potential,0,2674,0.002185752592608647
Academic Articles,potential world,0,10024,0.002185752592608647
Academic Articles,world data,0,15262,0.002185752592608647
Academic Articles,data center,0,2820,0.002185752592608647
Academic Articles,center limited,0,1686,0.002185752592608647
Academic Articles,limited weather,0,7405,0.002185752592608647
Academic Articles,curation cloud,0,2669,0.002185752592608647
Academic Articles,cloud storage,0,1884,0.002185752592608647
Academic Articles,storage expressed,0,12862,0.002185752592608647
Academic Articles,expressed solution,0,4520,0.002185752592608647
Academic Articles,solution see,0,12424,0.002185752592608647
Academic Articles,environment data,0,4138,0.002185752592608647
Academic Articles,research educational,0,11246,0.002185752592608647
Academic Articles,educational weather,0,3717,0.002185752592608647
Academic Articles,simulation repository,0,12132,0.002185752592608647
Academic Articles,repository repository,0,11160,0.002185752592608647
Academic Articles,repository operational,0,11158,0.002185752592608647
Academic Articles,operational proving,0,9118,0.002185752592608647
Academic Articles,collaborative pipeline,0,1912,0.002185752592608647
Academic Articles,pipeline figure,0,9744,0.002185752592608647
Academic Articles,figure pipeline,0,4823,0.002185752592608647
Academic Articles,pipeline operational,0,9745,0.002185752592608647
Academic Articles,center community,0,1669,0.002185752592608647
Academic Articles,source masha,0,12457,0.002185752592608647
Academic Articles,science term,0,11761,0.002185752592608647
Academic Articles,term proposal,0,13605,0.002185752592608647
Academic Articles,proposal facility,0,10426,0.002185752592608647
Academic Articles,facility hardware,0,4560,0.002185752592608647
Academic Articles,hardware include,0,5899,0.002185752592608647
Academic Articles,include data,0,6280,0.002185752592608647
Academic Articles,data archival,0,2803,0.002185752592608647
Academic Articles,archival historical,0,793,0.002185752592608647
Academic Articles,historical data,0,6023,0.002185752592608647
Academic Articles,data expressed,0,2862,0.002185752592608647
Academic Articles,expressed quality,0,4519,0.002185752592608647
Academic Articles,quality control,0,10566,0.002185752592608647
Academic Articles,control longevity,0,2406,0.002185752592608647
Academic Articles,longevity reliability,0,7477,0.002185752592608647
Academic Articles,reliability user,0,11097,0.002185752592608647
Academic Articles,user access,0,14355,0.002185752592608647
Academic Articles,access current,0,34,0.002185752592608647
Academic Articles,current radio,0,2714,0.002185752592608647
Academic Articles,data made,0,2910,0.002185752592608647
Academic Articles,made research,0,7567,0.002185752592608647
Academic Articles,community delay,0,2072,0.002185752592608647
Academic Articles,delay committee,0,3150,0.002185752592608647
Academic Articles,committee nothing,0,2027,0.002185752592608647
Academic Articles,nothing regarding,0,8856,0.002185752592608647
Academic Articles,data commenter,0,2828,0.002185752592608647
Academic Articles,commenter radio,0,1984,0.002185752592608647
Academic Articles,radio frequency,0,10715,0.002185752592608647
Academic Articles,frequency data,0,5333,0.002185752592608647
Academic Articles,corona weather,0,2436,0.002185752592608647
Academic Articles,research forecast,0,11252,0.002185752592608647
Academic Articles,forecast curation,0,5163,0.002185752592608647
Academic Articles,curation continued,0,2670,0.002185752592608647
Academic Articles,continued acquisition,0,2371,0.002185752592608647
Academic Articles,acquisition workshop,0,84,0.002185752592608647
Academic Articles,workshop support,0,15256,0.002185752592608647
Academic Articles,support similarly,0,13282,0.002185752592608647
Academic Articles,similarly concern,0,12114,0.002185752592608647
Academic Articles,concern data,0,2230,0.002185752592608647
Academic Articles,data gap,0,2874,0.002185752592608647
Academic Articles,gap defense,0,5452,0.002185752592608647
Academic Articles,program polar,0,10373,0.002185752592608647
Academic Articles,satellite retired,0,11592,0.002185752592608647
Academic Articles,retired especially,0,11409,0.002185752592608647
Academic Articles,especially affect,0,4237,0.002185752592608647
Academic Articles,affect auroral,0,415,0.002185752592608647
Academic Articles,auroral zone,0,1110,0.002185752592608647
Academic Articles,zone forcing,0,15310,0.002185752592608647
Academic Articles,forcing anomaly,0,5146,0.002185752592608647
Academic Articles,anomaly resolution,0,687,0.002185752592608647
Academic Articles,resolution discussion,0,11346,0.002185752592608647
Academic Articles,discussion regarding,0,3419,0.002185752592608647
Academic Articles,regarding operational,0,10963,0.002185752592608647
Academic Articles,operational forecasting,0,9100,0.002185752592608647
Academic Articles,forecasting around,0,5222,0.002185752592608647
Academic Articles,information operational,0,6472,0.002185752592608647
Academic Articles,operational unclear,0,9128,0.002185752592608647
Academic Articles,unclear exactly,0,14098,0.004371505185217294
Academic Articles,exactly current,0,4406,0.002185752592608647
Academic Articles,current especially,0,2689,0.002185752592608647
Academic Articles,especially across,0,4236,0.002185752592608647
Academic Articles,across becomes,0,88,0.002185752592608647
Academic Articles,becomes even,0,1276,0.002185752592608647
Academic Articles,even problematic,0,4296,0.002185752592608647
Academic Articles,problematic considering,0,10287,0.002185752592608647
Academic Articles,considering data,0,2313,0.004371505185217294
Academic Articles,data international,0,2893,0.002185752592608647
Academic Articles,international science,0,6770,0.002185752592608647
Academic Articles,directorate responsible,0,3389,0.002185752592608647
Academic Articles,responsible agreement,0,11381,0.002185752592608647
Academic Articles,agreement international,0,478,0.002185752592608647
Academic Articles,international aspect,0,6762,0.002185752592608647
Academic Articles,aspect better,0,887,0.002185752592608647
Academic Articles,better sustained,0,1365,0.002185752592608647
Academic Articles,curation support,0,2677,0.002185752592608647
Academic Articles,data question,0,2959,0.002185752592608647
Academic Articles,question policy,0,10582,0.002185752592608647
Academic Articles,policy future,0,9897,0.002185752592608647
Academic Articles,infrastructure key,0,6533,0.004371505185217294
Academic Articles,session infrastructure,0,11940,0.002185752592608647
Academic Articles,infrastructure following,0,6523,0.004371505185217294
Academic Articles,key bridge,0,6962,0.002185752592608647
Academic Articles,bridge major,0,1477,0.004371505185217294
Academic Articles,major gap,0,7673,0.004371505185217294
Academic Articles,gap solar,0,5454,0.006557257777825942
Academic Articles,solar research,0,12379,0.002185752592608647
Academic Articles,sun high,0,13199,0.002185752592608647
Academic Articles,energy resolution,0,4022,0.002185752592608647
Academic Articles,resolution large,0,11352,0.002185752592608647
Academic Articles,large dynamic,0,7083,0.004371505185217294
Academic Articles,dynamic range,0,3619,0.004371505185217294
Academic Articles,range observational,0,10770,0.002185752592608647
Academic Articles,observational phenomenon,0,8932,0.002185752592608647
Academic Articles,phenomenon solution,0,9650,0.002185752592608647
Academic Articles,solution introduce,0,12420,0.002185752592608647
Academic Articles,introduce provide,0,6788,0.002185752592608647
Academic Articles,provide traveling,0,10501,0.002185752592608647
Academic Articles,traveling toward,0,14009,0.002185752592608647
Academic Articles,toward earth,0,13904,0.0016623211854425713
Academic Articles,earth magnetic,0,3662,0.002185752592608647
Academic Articles,field structure,0,4761,0.002185752592608647
Academic Articles,structure distributed,0,13043,0.002185752592608647
Academic Articles,distributed throughout,0,3480,0.002185752592608647
Academic Articles,throughout system,0,13723,0.002185752592608647
Academic Articles,system critically,0,13396,0.002185752592608647
Academic Articles,critically improving,0,2645,0.002185752592608647
Academic Articles,improving empirical,0,6254,0.002185752592608647
Academic Articles,empirical key,0,3955,0.002185752592608647
Academic Articles,sun real,0,13227,0.002185752592608647
Academic Articles,real time,0,10862,0.004371505185217294
Academic Articles,time various,0,13830,0.002185752592608647
Academic Articles,various infrastructure,0,14454,0.002185752592608647
Academic Articles,need new,0,8496,0.004371505185217294
Academic Articles,new dual,0,8631,0.002185752592608647
Academic Articles,dual use,0,3591,0.002185752592608647
Academic Articles,use infrastructure,0,14308,0.002185752592608647
Academic Articles,infrastructure communication,0,6507,0.002185752592608647
Academic Articles,data approach,0,2802,0.002185752592608647
Academic Articles,approach sparse,0,750,0.002185752592608647
Academic Articles,weather individual,0,14742,0.002185752592608647
Academic Articles,individual effectively,0,6381,0.002185752592608647
Academic Articles,effectively research,0,3796,0.002185752592608647
Academic Articles,weather instrument,0,14746,0.006557257777825942
Academic Articles,instrument design,0,6646,0.002185752592608647
Academic Articles,design multiple,0,3224,0.002185752592608647
Academic Articles,multiple analysis,0,8318,0.004371505185217294
Academic Articles,analysis operation,0,639,0.004371505185217294
Academic Articles,operation space,0,9083,0.002185752592608647
Academic Articles,produced data,0,10317,0.002185752592608647
Academic Articles,data steadily,0,3004,0.002185752592608647
Academic Articles,product space,0,10342,0.0016623211854425713
Academic Articles,weather mission,0,14774,0.002185752592608647
Academic Articles,mission infrastructure,0,8066,0.002185752592608647
Academic Articles,infrastructure across,0,6495,0.002185752592608647
Academic Articles,across architecture,0,87,0.002185752592608647
Academic Articles,infrastructure understand,0,6567,0.002185752592608647
Academic Articles,understand system,0,14125,0.002185752592608647
Academic Articles,system furthermore,0,13412,0.002185752592608647
Academic Articles,furthermore way,0,5398,0.002185752592608647
Academic Articles,way information,0,14596,0.002185752592608647
Academic Articles,information specifically,0,6484,0.002185752592608647
Academic Articles,specifically architecture,0,12638,0.002185752592608647
Academic Articles,architecture space,0,790,0.002185752592608647
Academic Articles,research panel,0,11289,0.002185752592608647
Academic Articles,panel sun,0,9343,0.002185752592608647
Academic Articles,sun account,0,13161,0.002185752592608647
Academic Articles,program science,0,10378,0.002185752592608647
Academic Articles,key novel,0,6981,0.002185752592608647
Academic Articles,novel yet,0,8867,0.002185752592608647
Academic Articles,yet used,0,15304,0.002185752592608647
Academic Articles,used effective,0,14333,0.002185752592608647
Academic Articles,effective operating,0,3790,0.002185752592608647
Academic Articles,operating architecture,0,9078,0.004371505185217294
Academic Articles,architecture observational,0,784,0.002185752592608647
Academic Articles,observational base,0,8916,0.004371505185217294
Academic Articles,base currently,0,1246,0.002185752592608647
Academic Articles,currently data,0,2731,0.002185752592608647
Academic Articles,data used,0,3025,0.002185752592608647
Academic Articles,used right,0,14343,0.002185752592608647
Academic Articles,right chapter,0,11425,0.002185752592608647
Academic Articles,chapter main,0,1794,0.002185752592608647
Academic Articles,main sun,0,7662,0.002185752592608647
Academic Articles,sun new,0,13215,0.0016623211854425713
Academic Articles,new solar,0,8690,0.0033246423708851425
Academic Articles,member dan,0,7923,0.004371505185217294
Academic Articles,dan baker,0,2781,0.004371505185217294
Academic Articles,baker sue,0,1238,0.002185752592608647
Academic Articles,sue applied,0,13107,0.002185752592608647
Academic Articles,university used,0,14225,0.002185752592608647
Academic Articles,used key,0,14337,0.002185752592608647
Academic Articles,new architecture,0,8614,0.004371505185217294
Academic Articles,architecture included,0,781,0.002185752592608647
Academic Articles,included small,0,6313,0.002185752592608647
Academic Articles,small lite,0,12238,0.002185752592608647
Academic Articles,lite constellation,0,7436,0.002185752592608647
Academic Articles,constellation mission,0,2334,0.004371505185217294
Academic Articles,mission innovative,0,8067,0.002185752592608647
Academic Articles,innovative procurement,0,6618,0.002185752592608647
Academic Articles,procurement across,0,10302,0.002185752592608647
Academic Articles,across government,0,101,0.002185752592608647
Academic Articles,space ground,0,12529,0.002185752592608647
Academic Articles,infrastructure covered,0,6512,0.002185752592608647
Academic Articles,covered new,0,2615,0.002185752592608647
Academic Articles,new observational,0,8667,0.006557257777825942
Academic Articles,observational vantage,0,8938,0.002185752592608647
Academic Articles,vantage measurement,0,14415,0.002185752592608647
Academic Articles,measurement con,0,7884,0.002185752592608647
Academic Articles,con observational,0,2224,0.002185752592608647
Academic Articles,observational gap,0,8922,0.002185752592608647
Academic Articles,analysis common,0,621,0.002185752592608647
Academic Articles,common instrument,0,2034,0.002185752592608647
Academic Articles,instrument space,0,6658,0.002185752592608647
Academic Articles,space solar,0,12569,0.0016623211854425713
Academic Articles,solar science,0,12381,0.002185752592608647
Academic Articles,research following,0,11251,0.002185752592608647
Academic Articles,key panel,0,6984,0.002185752592608647
Academic Articles,panel programmatic,0,9335,0.002185752592608647
Academic Articles,programmatic policy,0,10384,0.002185752592608647
Academic Articles,policy new,0,9901,0.002185752592608647
Academic Articles,new presentation,0,8674,0.004371505185217294
Academic Articles,presentation reimbursable,0,10168,0.002185752592608647
Academic Articles,reimbursable space,0,11049,0.004371505185217294
Academic Articles,data purchase,0,2956,0.006557257777825942
Academic Articles,purchase develop,0,10550,0.002185752592608647
Academic Articles,develop commercial,0,3268,0.002185752592608647
Academic Articles,data given,0,2877,0.002185752592608647
Academic Articles,given fact,0,5600,0.002185752592608647
Academic Articles,fact launch,0,4574,0.002185752592608647
Academic Articles,launch data,0,7153,0.002185752592608647
Academic Articles,becoming facilitate,0,1277,0.002185752592608647
Academic Articles,facilitate advanced,0,4558,0.002185752592608647
Academic Articles,advanced space,0,399,0.002185752592608647
Academic Articles,weather lower,0,14763,0.002185752592608647
Academic Articles,lower faster,0,7528,0.002185752592608647
Academic Articles,faster deployment,0,4636,0.002185752592608647
Academic Articles,deployment contractual,0,3208,0.002185752592608647
Academic Articles,contractual future,0,2399,0.002185752592608647
Academic Articles,infrastructure mission,0,6538,0.002185752592608647
Academic Articles,mission architecture,0,8047,0.006557257777825942
Academic Articles,architecture could,0,774,0.002185752592608647
Academic Articles,could benefit,0,2507,0.002185752592608647
Academic Articles,benefit science,0,1325,0.002185752592608647
Academic Articles,science reimbursable,0,11744,0.002185752592608647
Academic Articles,capability data,0,1554,0.002185752592608647
Academic Articles,purchase agreement,0,10549,0.002185752592608647
Academic Articles,agreement structure,0,480,0.002185752592608647
Academic Articles,structure dod,0,13044,0.002185752592608647
Academic Articles,dod figure,0,3522,0.002185752592608647
Academic Articles,figure constellation,0,4789,0.004371505185217294
Academic Articles,constellation platform,0,2338,0.002185752592608647
Academic Articles,platform around,0,9823,0.002185752592608647
Academic Articles,around retrograde,0,850,0.002185752592608647
Academic Articles,retrograde earth,0,11410,0.002185752592608647
Academic Articles,earth could,0,3645,0.002185752592608647
Academic Articles,could give,0,2521,0.002185752592608647
Academic Articles,give advance,0,5589,0.002185752592608647
Academic Articles,advance lead,0,386,0.002185752592608647
Academic Articles,time longer,0,13795,0.002185752592608647
Academic Articles,longer carrying,0,7469,0.002185752592608647
Academic Articles,carrying simple,0,1605,0.002185752592608647
Academic Articles,simple plasma,0,12119,0.002185752592608647
Academic Articles,plasma magnetometer,0,9803,0.002185752592608647
Academic Articles,magnetometer radiation,0,7649,0.002185752592608647
Academic Articles,radiation mission,0,10668,0.002185752592608647
Academic Articles,mission design,0,8057,0.008743010370434588
Academic Articles,design give,0,3221,0.002185752592608647
Academic Articles,give multiple,0,5593,0.002185752592608647
Academic Articles,multiple much,0,8335,0.002185752592608647
Academic Articles,much greater,0,8312,0.002185752592608647
Academic Articles,greater magnetic,0,5778,0.002185752592608647
Academic Articles,field million,0,4715,0.002185752592608647
Academic Articles,million infrastructure,0,7989,0.002185752592608647
Academic Articles,infrastructure allow,0,6499,0.002185752592608647
Academic Articles,allow effective,0,511,0.002185752592608647
Academic Articles,effective advance,0,3784,0.002185752592608647
Academic Articles,advance warning,0,390,0.002185752592608647
Academic Articles,warning flux,0,14568,0.002185752592608647
Academic Articles,flux rope,0,5083,0.004371505185217294
Academic Articles,rope structure,0,11483,0.002185752592608647
Academic Articles,structure energetic,0,13046,0.002185752592608647
Academic Articles,energetic commercially,0,3990,0.002185752592608647
Academic Articles,commercially today,0,2019,0.002185752592608647
Academic Articles,today could,0,13847,0.002185752592608647
Academic Articles,could data,0,2517,0.002185752592608647
Academic Articles,data reimbursable,0,2967,0.002185752592608647
Academic Articles,reimbursable data,0,11048,0.002185752592608647
Academic Articles,purchase national,0,10551,0.002185752592608647
Academic Articles,weather budget,0,14652,0.002185752592608647
Academic Articles,budget mission,0,1508,0.004371505185217294
Academic Articles,mission could,0,8054,0.002185752592608647
Academic Articles,could cost,0,2515,0.002185752592608647
Academic Articles,cost expensive,0,2494,0.002185752592608647
Academic Articles,expensive longer,0,4480,0.002185752592608647
Academic Articles,longer problem,0,7474,0.002185752592608647
Academic Articles,problem figure,0,10270,0.002185752592608647
Academic Articles,figure advanced,0,4783,0.002185752592608647
Academic Articles,advanced warning,0,400,0.002185752592608647
Academic Articles,warning mission,0,14570,0.002185752592608647
Academic Articles,mission concept,0,8053,0.008743010370434588
Academic Articles,concept figure,0,2227,0.004371505185217294
Academic Articles,constellation earth,0,2328,0.002185752592608647
Academic Articles,earth sun,0,3677,0.002185752592608647
Academic Articles,give double,0,5590,0.002185752592608647
Academic Articles,double lead,0,3546,0.002185752592608647
Academic Articles,lead space,0,7188,0.002185752592608647
Academic Articles,weather source,0,14849,0.004371505185217294
Academic Articles,source future,0,12452,0.002185752592608647
Academic Articles,infrastructure commercial,0,6506,0.004371505185217294
Academic Articles,data national,0,2921,0.002185752592608647
Academic Articles,administration interested,0,375,0.002185752592608647
Academic Articles,interested could,0,6723,0.002185752592608647
Academic Articles,could commercial,0,2512,0.002185752592608647
Academic Articles,acquisition agreement,0,75,0.002185752592608647
Academic Articles,agreement covering,0,477,0.002185752592608647
Academic Articles,covering period,0,2620,0.002185752592608647
Academic Articles,period instrument,0,9554,0.002185752592608647
Academic Articles,data presentation,0,2946,0.002185752592608647
Academic Articles,solar novel,0,12354,0.002185752592608647
Academic Articles,novel plan,0,8865,0.002185752592608647
Academic Articles,plan sufficient,0,9759,0.002185752592608647
Academic Articles,sufficient budget,0,13113,0.002185752592608647
Academic Articles,mission approach,0,8046,0.002185752592608647
Academic Articles,approach pro,0,745,0.002185752592608647
Academic Articles,pro research,0,10250,0.002185752592608647
Academic Articles,act without,0,136,0.002185752592608647
Academic Articles,without affecting,0,15197,0.002185752592608647
Academic Articles,affecting community,0,438,0.002185752592608647
Academic Articles,community forward,0,2080,0.002185752592608647
Academic Articles,forward combining,0,5280,0.002185752592608647
Academic Articles,combining scientific,0,1962,0.002185752592608647
Academic Articles,scientific space,0,11782,0.004371505185217294
Academic Articles,weather raised,0,14826,0.002185752592608647
Academic Articles,raised science,0,10763,0.002185752592608647
Academic Articles,community mission,0,2091,0.002185752592608647
Academic Articles,mission formulation,0,8061,0.002185752592608647
Academic Articles,formulation perspective,0,5278,0.002185752592608647
Academic Articles,perspective new,0,9622,0.002185752592608647
Academic Articles,new help,0,8642,0.002185752592608647
Academic Articles,help accounting,0,5931,0.002185752592608647
Academic Articles,accounting scientific,0,47,0.002185752592608647
Academic Articles,need similarly,0,8513,0.002185752592608647
Academic Articles,similarly framework,0,12115,0.002185752592608647
Academic Articles,framework gaining,0,5325,0.002185752592608647
Academic Articles,gaining operational,0,5442,0.002185752592608647
Academic Articles,operational mission,0,9109,0.002185752592608647
Academic Articles,design however,0,3222,0.002185752592608647
Academic Articles,however community,0,6062,0.002185752592608647
Academic Articles,community versus,0,2115,0.002185752592608647
Academic Articles,versus space,0,14504,0.002185752592608647
Academic Articles,require greater,0,11185,0.002185752592608647
Academic Articles,greater architecture,0,5771,0.002185752592608647
Academic Articles,architecture science,0,788,0.002185752592608647
Academic Articles,use latency,0,14309,0.002185752592608647
Academic Articles,latency key,0,7123,0.002185752592608647
Academic Articles,data standardization,0,3000,0.002185752592608647
Academic Articles,standardization user,0,12767,0.002185752592608647
Academic Articles,user data,0,14357,0.002185752592608647
Academic Articles,data access,0,2790,0.006557257777825942
Academic Articles,access standardization,0,36,0.002185752592608647
Academic Articles,standardization graphical,0,12766,0.002185752592608647
Academic Articles,graphical user,0,5758,0.002185752592608647
Academic Articles,user mission,0,14358,0.002185752592608647
Academic Articles,mission partnership,0,8072,0.002185752592608647
Academic Articles,partnership model,0,9436,0.002185752592608647
Academic Articles,model defense,0,8117,0.002185752592608647
Academic Articles,defense model,0,3130,0.002185752592608647
Academic Articles,model agency,0,8103,0.002185752592608647
Academic Articles,agency industry,0,455,0.002185752592608647
Academic Articles,industry mission,0,6408,0.002185752592608647
Academic Articles,mission definition,0,8056,0.002185752592608647
Academic Articles,definition example,0,3135,0.002185752592608647
Academic Articles,example ball,0,4415,0.002185752592608647
Academic Articles,ball analysis,0,1240,0.002185752592608647
Academic Articles,analysis suite,0,653,0.004371505185217294
Academic Articles,suite mosaic,0,13134,0.002185752592608647
Academic Articles,mosaic design,0,8265,0.002185752592608647
Academic Articles,design figure,0,3220,0.002185752592608647
Academic Articles,figure figure,0,4795,0.002185752592608647
Academic Articles,figure ball,0,4787,0.002185752592608647
Academic Articles,ball mosaic,0,1242,0.002185752592608647
Academic Articles,mosaic mission,0,8266,0.002185752592608647
Academic Articles,suite mission,0,13133,0.002185752592608647
Academic Articles,design mission,0,3223,0.002185752592608647
Academic Articles,mission source,0,8078,0.002185752592608647
Academic Articles,source ball,0,12441,0.004371505185217294
Academic Articles,ball future,0,1241,0.004371505185217294
Academic Articles,following commercial,0,5112,0.002185752592608647
Academic Articles,commercial minimal,0,2001,0.002185752592608647
Academic Articles,minimal oversight,0,7998,0.002185752592608647
Academic Articles,oversight reducing,0,9291,0.002185752592608647
Academic Articles,reducing mission,0,10940,0.002185752592608647
Academic Articles,mission assurance,0,8048,0.002185752592608647
Academic Articles,assurance standard,0,989,0.002185752592608647
Academic Articles,standard key,0,12761,0.002185752592608647
Academic Articles,key architectural,0,6960,0.002185752592608647
Academic Articles,architectural area,0,771,0.002185752592608647
Academic Articles,area commercial,0,795,0.002185752592608647
Academic Articles,commercial dod,0,1996,0.002185752592608647
Academic Articles,dod data,0,3521,0.002185752592608647
Academic Articles,data reduced,0,2965,0.002185752592608647
Academic Articles,reduced latency,0,10938,0.002185752592608647
Academic Articles,latency new,0,7126,0.002185752592608647
Academic Articles,infrastructure weather,0,6571,0.002185752592608647
Academic Articles,example expanding,0,4426,0.002185752592608647
Academic Articles,expanding deep,0,4469,0.002185752592608647
Academic Articles,network increasing,0,8576,0.002185752592608647
Academic Articles,increasing launch,0,6352,0.002185752592608647
Academic Articles,launch vehicle,0,7174,0.002185752592608647
Academic Articles,vehicle planetary,0,14485,0.002185752592608647
Academic Articles,science effective,0,11704,0.002185752592608647
Academic Articles,effective future,0,3787,0.002185752592608647
Academic Articles,space mission,0,12541,0.002185752592608647
Academic Articles,mission figure,0,8060,0.002185752592608647
Academic Articles,figure offer,0,4819,0.002185752592608647
Academic Articles,offer new,0,9012,0.004371505185217294
Academic Articles,research require,0,11295,0.002185752592608647
Academic Articles,require currently,0,11176,0.002185752592608647
Academic Articles,currently designed,0,2732,0.002185752592608647
Academic Articles,designed rather,0,3236,0.002185752592608647
Academic Articles,rather large,0,10822,0.002185752592608647
Academic Articles,large constellation,0,7080,0.002185752592608647
Academic Articles,constellation could,0,2327,0.002185752592608647
Academic Articles,could deploy,0,2518,0.002185752592608647
Academic Articles,deploy time,0,3206,0.002185752592608647
Academic Articles,allow periodic,0,514,0.002185752592608647
Academic Articles,periodic refreshment,0,9594,0.002185752592608647
Academic Articles,refreshment lifetime,0,10959,0.002185752592608647
Academic Articles,lifetime multiple,0,7285,0.002185752592608647
Academic Articles,multiple time,0,8348,0.002185752592608647
Academic Articles,time unit,0,13829,0.002185752592608647
Academic Articles,unit sustainable,0,14193,0.002185752592608647
Academic Articles,sustainable science,0,13342,0.002185752592608647
Academic Articles,science resiliency,0,11748,0.002185752592608647
Academic Articles,resiliency cost,0,11336,0.002185752592608647
Academic Articles,cost control,0,2493,0.002185752592608647
Academic Articles,control see,0,2408,0.002185752592608647
Academic Articles,see addition,0,11844,0.002185752592608647
Academic Articles,addition architecture,0,322,0.002185752592608647
Academic Articles,architecture formation,0,779,0.002185752592608647
Academic Articles,formation environment,0,5271,0.002185752592608647
Academic Articles,environment figure,0,4143,0.002185752592608647
Academic Articles,awareness layer,0,1186,0.002185752592608647
Academic Articles,layer asset,0,7179,0.002185752592608647
Academic Articles,asset provide,0,907,0.002185752592608647
Academic Articles,provide data,0,10473,0.002185752592608647
Academic Articles,infrastructure affect,0,6497,0.002185752592608647
Academic Articles,affect space,0,431,0.002185752592608647
Academic Articles,management unclear,0,7725,0.002185752592608647
Academic Articles,exactly mission,0,4407,0.002185752592608647
Academic Articles,architecture look,0,783,0.002185752592608647
Academic Articles,like policy,0,7318,0.002185752592608647
Academic Articles,policy early,0,9896,0.002185752592608647
Academic Articles,early finally,0,3634,0.002185752592608647
Academic Articles,finally designing,0,4867,0.002185752592608647
Academic Articles,designing constellation,0,3237,0.002185752592608647
Academic Articles,constellation need,0,2335,0.002185752592608647
Academic Articles,management need,0,7721,0.002185752592608647
Academic Articles,need artificial,0,8463,0.002185752592608647
Academic Articles,artificial intelligence,0,879,0.006557257777825942
Academic Articles,intelligence machine,0,6675,0.002185752592608647
Academic Articles,learning framework,0,7215,0.002185752592608647
Academic Articles,framework technology,0,5331,0.002185752592608647
Academic Articles,technology readiness,0,13569,0.002185752592608647
Academic Articles,readiness level,0,10855,0.002185752592608647
Academic Articles,level maturation,0,7266,0.002185752592608647
Academic Articles,maturation yet,0,7833,0.002185752592608647
Academic Articles,understood successful,0,14159,0.002185752592608647
Academic Articles,successful constellation,0,13094,0.002185752592608647
Academic Articles,constellation new,0,2336,0.002185752592608647
Academic Articles,modeling next,0,8190,0.002185752592608647
Academic Articles,presentation mission,0,10161,0.002185752592608647
Academic Articles,mission space,0,8079,0.002185752592608647
Academic Articles,opera berger,0,9072,0.002185752592608647
Academic Articles,berger current,0,1332,0.002185752592608647
Academic Articles,current sun,0,2724,0.002185752592608647
Academic Articles,sun limited,0,13208,0.002185752592608647
Academic Articles,limited figure,0,7396,0.002185752592608647
Academic Articles,figure inherently,0,4805,0.002185752592608647
Academic Articles,inherently space,0,6594,0.002185752592608647
Academic Articles,weather currently,0,14677,0.002185752592608647
Academic Articles,currently solar,0,2743,0.002185752592608647
Academic Articles,solar confined,0,12287,0.002185752592608647
Academic Articles,confined line,0,2287,0.002185752592608647
Academic Articles,line even,0,7410,0.002185752592608647
Academic Articles,even full,0,4287,0.002185752592608647
Academic Articles,full rotation,0,5365,0.002185752592608647
Academic Articles,rotation map,0,11503,0.002185752592608647
Academic Articles,map given,0,7762,0.002185752592608647
Academic Articles,time evolution,0,13778,0.002185752592608647
Academic Articles,evolution spatial,0,4395,0.002185752592608647
Academic Articles,spatial information,0,12610,0.002185752592608647
Academic Articles,information view,0,6490,0.002185752592608647
Academic Articles,view ecliptic,0,14519,0.002185752592608647
Academic Articles,plane limited,0,9766,0.002185752592608647
Academic Articles,limited solar,0,7402,0.002185752592608647
Academic Articles,solar sur,0,12393,0.002185752592608647
Academic Articles,sur given,0,13290,0.002185752592608647
Academic Articles,given synoptic,0,5613,0.002185752592608647
Academic Articles,synoptic solar,0,13378,0.002185752592608647
Academic Articles,solar flux,0,12317,0.0016623211854425713
Academic Articles,flux measured,0,5068,0.002185752592608647
Academic Articles,measured total,0,7878,0.002185752592608647
Academic Articles,total solar,0,13898,0.002185752592608647
Academic Articles,solar output,0,12361,0.002185752592608647
Academic Articles,output see,0,9265,0.002185752592608647
Academic Articles,figure full,0,4800,0.002185752592608647
Academic Articles,full modeling,0,5362,0.002185752592608647
Academic Articles,modeling process,0,8195,0.002185752592608647
Academic Articles,process delay,0,10289,0.002185752592608647
Academic Articles,delay figure,0,3152,0.002185752592608647
Academic Articles,current limited,0,2700,0.002185752592608647
Academic Articles,limited sun,0,7403,0.002185752592608647
Academic Articles,sun vantage,0,13241,0.002185752592608647
Academic Articles,vantage ecliptic,0,14413,0.002185752592608647
Academic Articles,ecliptic time,0,3696,0.002185752592608647
Academic Articles,time polar,0,13808,0.002185752592608647
Academic Articles,polar measured,0,9876,0.002185752592608647
Academic Articles,measured well,0,7881,0.002185752592608647
Academic Articles,well solar,0,14954,0.002185752592608647
Academic Articles,wind routinely,0,15159,0.002185752592608647
Academic Articles,routinely multiply,0,11515,0.002185752592608647
Academic Articles,multiply synoptic,0,8351,0.002185752592608647
Academic Articles,synoptic map,0,13376,0.002185752592608647
Academic Articles,map flux,0,7761,0.002185752592608647
Academic Articles,flux match,0,5067,0.002185752592608647
Academic Articles,match measured,0,7823,0.002185752592608647
Academic Articles,measured source,0,7877,0.002185752592608647
Academic Articles,source berger,0,12442,0.006557257777825942
Academic Articles,berger boulder,0,1331,0.006557257777825942
Academic Articles,boulder future,0,1444,0.006557257777825942
Academic Articles,research furthermore,0,11257,0.004371505185217294
Academic Articles,polar input,0,9872,0.002185752592608647
Academic Articles,input poor,0,6626,0.002185752592608647
Academic Articles,poor solar,0,9907,0.002185752592608647
Academic Articles,wind arrival,0,15049,0.0016623211854425713
Academic Articles,arrival time,0,872,0.0016623211854425713
Academic Articles,time coronal,0,13767,0.0016623211854425713
Academic Articles,solar fast,0,12314,0.002185752592608647
Academic Articles,fast wind,0,4634,0.002185752592608647
Academic Articles,wind northern,0,15126,0.002185752592608647
Academic Articles,northern polar,0,8796,0.002185752592608647
Academic Articles,polar uncorrected,0,9882,0.002185752592608647
Academic Articles,uncorrected polar,0,14100,0.002185752592608647
Academic Articles,polar field,0,9867,0.004371505185217294
Academic Articles,field extrapolation,0,4686,0.004371505185217294
Academic Articles,extrapolation mission,0,4542,0.002185752592608647
Academic Articles,figure advance,0,4782,0.002185752592608647
Academic Articles,research full,0,11255,0.002185752592608647
Academic Articles,solar coverage,0,12293,0.002185752592608647
Academic Articles,coverage time,0,2613,0.002185752592608647
Academic Articles,time mission,0,13800,0.004371505185217294
Academic Articles,mission lifetime,0,8068,0.006557257777825942
Academic Articles,lifetime architecture,0,7282,0.002185752592608647
Academic Articles,architecture ecliptic,0,778,0.002185752592608647
Academic Articles,plane increase,0,9765,0.002185752592608647
Academic Articles,increase coverage,0,6331,0.002185752592608647
Academic Articles,coverage along,0,2603,0.002185752592608647
Academic Articles,along line,0,531,0.002185752592608647
Academic Articles,line overyear,0,7416,0.002185752592608647
Academic Articles,overyear mission,0,9295,0.002185752592608647
Academic Articles,lifetime orbital,0,7286,0.002185752592608647
Academic Articles,orbital inclination,0,9207,0.002185752592608647
Academic Articles,inclination least,0,6274,0.002185752592608647
Academic Articles,least greater,0,7229,0.002185752592608647
Academic Articles,greater desired,0,5772,0.002185752592608647
Academic Articles,desired without,0,3239,0.002185752592608647
Academic Articles,without instrument,0,15202,0.002185752592608647
Academic Articles,instrument redundancy,0,6656,0.002185752592608647
Academic Articles,redundancy instrument,0,10942,0.002185752592608647
Academic Articles,instrument suite,0,6659,0.002185752592608647
Academic Articles,suite remote,0,13136,0.002185752592608647
Academic Articles,remote remote,0,11136,0.002185752592608647
Academic Articles,remote spectral,0,11138,0.002185752592608647
Academic Articles,irradiance monitor,0,6904,0.002185752592608647
Academic Articles,monitor vector,0,8255,0.002185752592608647
Academic Articles,vector ultraviolet,0,14483,0.002185752592608647
Academic Articles,ultraviolet imager,0,14075,0.002185752592608647
Academic Articles,imager coronagraph,0,6140,0.002185752592608647
Academic Articles,coronagraph include,0,2445,0.002185752592608647
Academic Articles,polar approximate,0,9861,0.002185752592608647
Academic Articles,approximate north,0,760,0.002185752592608647
Academic Articles,north pole,0,8780,0.002185752592608647
Academic Articles,pole fast,0,9892,0.002185752592608647
Academic Articles,fast polar,0,4631,0.002185752592608647
Academic Articles,extrapolation source,0,4543,0.002185752592608647
Academic Articles,research wind,0,11320,0.002185752592608647
Academic Articles,wind plasma,0,15138,0.004371505185217294
Academic Articles,plasma analyzer,0,9782,0.002185752592608647
Academic Articles,analyzer faraday,0,667,0.002185752592608647
Academic Articles,faraday cup,0,4623,0.002185752592608647
Academic Articles,cup particle,0,2663,0.002185752592608647
Academic Articles,particle suite,0,9406,0.002185752592608647
Academic Articles,suite additional,0,13130,0.002185752592608647
Academic Articles,additional capability,0,326,0.002185752592608647
Academic Articles,capability additional,0,1552,0.002185752592608647
Academic Articles,additional example,0,333,0.002185752592608647
Academic Articles,global generation,0,5641,0.002185752592608647
Academic Articles,generation allow,0,5483,0.002185752592608647
Academic Articles,allow solar,0,517,0.002185752592608647
Academic Articles,solar gravity,0,12326,0.002185752592608647
Academic Articles,gravity thus,0,5764,0.002185752592608647
Academic Articles,thus probe,0,13746,0.002185752592608647
Academic Articles,probe rotation,0,10264,0.002185752592608647
Academic Articles,rotation mission,0,11504,0.002185752592608647
Academic Articles,concept still,0,2228,0.002185752592608647
Academic Articles,still significant,0,12857,0.002185752592608647
Academic Articles,technological per,0,13554,0.002185752592608647
Academic Articles,per real,0,9502,0.002185752592608647
Academic Articles,time optical,0,13805,0.002185752592608647
Academic Articles,optical associated,0,9134,0.002185752592608647
Academic Articles,associated deep,0,948,0.002185752592608647
Academic Articles,space optical,0,12551,0.002185752592608647
Academic Articles,optical single,0,9139,0.002185752592608647
Academic Articles,single launch,0,12166,0.002185752592608647
Academic Articles,launch support,0,7170,0.002185752592608647
Academic Articles,support north,0,13274,0.002185752592608647
Academic Articles,north south,0,8783,0.002185752592608647
Academic Articles,south polar,0,12471,0.002185752592608647
Academic Articles,polar lightweight,0,9873,0.002185752592608647
Academic Articles,lightweight gravity,0,7307,0.002185752592608647
Academic Articles,gravity well,0,5766,0.002185752592608647
Academic Articles,well autonomous,0,14922,0.002185752592608647
Academic Articles,autonomous data,0,1115,0.002185752592608647
Academic Articles,data accurate,0,2791,0.002185752592608647
Academic Articles,accurate timing,0,66,0.002185752592608647
Academic Articles,timing across,0,13839,0.002185752592608647
Academic Articles,across constellation,0,91,0.002185752592608647
Academic Articles,mission complexity,0,8052,0.002185752592608647
Academic Articles,complexity overall,0,2166,0.002185752592608647
Academic Articles,overall artificial,0,9276,0.002185752592608647
Academic Articles,intelligence autonomy,0,6673,0.002185752592608647
Academic Articles,autonomy presentation,0,1119,0.002185752592608647
Academic Articles,presentation sep,0,10169,0.002185752592608647
Academic Articles,sep nature,0,11901,0.002185752592608647
Academic Articles,nature solar,0,8400,0.002185752592608647
Academic Articles,wind observational,0,15127,0.002185752592608647
Academic Articles,observational interplanetary,0,8925,0.002185752592608647
Academic Articles,mass bulk,0,7782,0.002185752592608647
Academic Articles,wind limit,0,15111,0.002185752592608647
Academic Articles,limit space,0,7392,0.002185752592608647
Academic Articles,forecast capability,0,5159,0.002185752592608647
Academic Articles,capability key,0,1559,0.002185752592608647
Academic Articles,key duration,0,6968,0.002185752592608647
Academic Articles,duration key,0,3594,0.002185752592608647
Academic Articles,include structure,0,6298,0.002185752592608647
Academic Articles,structure extent,0,13047,0.002185752592608647
Academic Articles,extent magnetic,0,4530,0.002185752592608647
Academic Articles,topology duration,0,13881,0.002185752592608647
Academic Articles,duration plasma,0,3595,0.002185752592608647
Academic Articles,magnetic wind,0,7638,0.002185752592608647
Academic Articles,interaction figure,0,6704,0.002185752592608647
Academic Articles,figure mission,0,4810,0.002185752592608647
Academic Articles,concept critical,0,2226,0.002185752592608647
Academic Articles,critical missing,0,2634,0.002185752592608647
Academic Articles,missing weather,0,8044,0.002185752592608647
Academic Articles,boulder solar,0,1446,0.002185752592608647
Academic Articles,polar constellation,0,9864,0.002185752592608647
Academic Articles,constellation high,0,2331,0.002185752592608647
Academic Articles,high inclination,0,5977,0.002185752592608647
Academic Articles,inclination polar,0,6275,0.002185752592608647
Academic Articles,polar orbit,0,9878,0.002185752592608647
Academic Articles,orbit solar,0,9193,0.002185752592608647
Academic Articles,solar quadrature,0,12374,0.002185752592608647
Academic Articles,quadrature constellation,0,10562,0.002185752592608647
Academic Articles,constellation ecliptic,0,2329,0.002185752592608647
Academic Articles,ecliptic mission,0,3694,0.002185752592608647
Academic Articles,mission future,0,8064,0.002185752592608647
Academic Articles,infrastructure interaction,0,6530,0.002185752592608647
Academic Articles,interaction key,0,6708,0.002185752592608647
Academic Articles,key open,0,6982,0.002185752592608647
Academic Articles,include travel,0,6303,0.002185752592608647
Academic Articles,travel previous,0,14001,0.002185752592608647
Academic Articles,previous prior,0,10201,0.002185752592608647
Academic Articles,prior solar,0,10234,0.002185752592608647
Academic Articles,wind expand,0,15085,0.002185752592608647
Academic Articles,expand solar,0,4468,0.002185752592608647
Academic Articles,cycle phase,0,2764,0.002185752592608647
Academic Articles,phase require,0,9637,0.002185752592608647
Academic Articles,require phenomenon,0,11193,0.002185752592608647
Academic Articles,phenomenon significant,0,9649,0.002185752592608647
Academic Articles,significant current,0,12079,0.002185752592608647
Academic Articles,current remote,0,2715,0.002185752592608647
Academic Articles,remote enhanced,0,11129,0.002185752592608647
Academic Articles,enhanced modeling,0,4066,0.002185752592608647
Academic Articles,remote point,0,11135,0.002185752592608647
Academic Articles,point current,0,9835,0.002185752592608647
Academic Articles,current instrumentation,0,2699,0.002185752592608647
Academic Articles,instrumentation currently,0,6663,0.002185752592608647
Academic Articles,currently operative,0,2740,0.002185752592608647
Academic Articles,operative capture,0,9129,0.002185752592608647
Academic Articles,capture high,0,1580,0.002185752592608647
Academic Articles,high solar,0,5993,0.0016623211854425713
Academic Articles,wind record,0,15150,0.002185752592608647
Academic Articles,record solar,0,10928,0.002185752592608647
Academic Articles,composition shown,0,2195,0.002185752592608647
Academic Articles,shown different,0,12049,0.002185752592608647
Academic Articles,different solar,0,3332,0.002185752592608647
Academic Articles,wind ion,0,15103,0.002185752592608647
Academic Articles,composition adversely,0,2185,0.002185752592608647
Academic Articles,adversely weather,0,405,0.002185752592608647
Academic Articles,weather heavy,0,14734,0.002185752592608647
Academic Articles,composition significant,0,2196,0.002185752592608647
Academic Articles,plasma internal,0,9797,0.002185752592608647
Academic Articles,internal straining,0,6760,0.002185752592608647
Academic Articles,straining initiation,0,12967,0.002185752592608647
Academic Articles,propagation total,0,10422,0.002185752592608647
Academic Articles,event incorporated,0,4333,0.002185752592608647
Academic Articles,incorporated validation,0,6328,0.002185752592608647
Academic Articles,still available,0,12845,0.002185752592608647
Academic Articles,available key,0,1145,0.002185752592608647
Academic Articles,key discriminating,0,6966,0.002185752592608647
Academic Articles,discriminating marker,0,3401,0.002185752592608647
Academic Articles,marker machine,0,7774,0.002185752592608647
Academic Articles,machine predict,0,7553,0.002185752592608647
Academic Articles,predict thus,0,10098,0.002185752592608647
Academic Articles,thus improve,0,13735,0.002185752592608647
Academic Articles,improve effectiveness,0,6239,0.002185752592608647
Academic Articles,effectiveness figure,0,3798,0.002185752592608647
Academic Articles,figure finding,0,4796,0.002185752592608647
Academic Articles,finding interplanetary,0,4885,0.002185752592608647
Academic Articles,mass note,0,7806,0.002185752592608647
Academic Articles,note solar,0,8825,0.002185752592608647
Academic Articles,particle image,0,9388,0.002185752592608647
Academic Articles,image particle,0,6136,0.002185752592608647
Academic Articles,particle mass,0,9395,0.004371505185217294
Academic Articles,interplanetary bow,0,6774,0.004371505185217294
Academic Articles,shock geophysical,0,12022,0.002185752592608647
Academic Articles,infrastructure leading,0,6535,0.002185752592608647
Academic Articles,leading provide,0,7199,0.002185752592608647
Academic Articles,provide depend,0,10474,0.002185752592608647
Academic Articles,depend seed,0,3203,0.002185752592608647
Academic Articles,seed population,0,11875,0.002185752592608647
Academic Articles,population solar,0,9910,0.002185752592608647
Academic Articles,energetic sep,0,4001,0.004371505185217294
Academic Articles,sep forecasting,0,11899,0.002185752592608647
Academic Articles,forecasting metric,0,5241,0.002185752592608647
Academic Articles,metric however,0,7956,0.002185752592608647
Academic Articles,however less,0,6082,0.002185752592608647
Academic Articles,less abundant,0,7252,0.002185752592608647
Academic Articles,abundant solar,0,13,0.002185752592608647
Academic Articles,wind many,0,15115,0.002185752592608647
Academic Articles,current particle,0,2709,0.004371505185217294
Academic Articles,particle lack,0,9392,0.002185752592608647
Academic Articles,lack dynamic,0,7076,0.002185752592608647
Academic Articles,dynamic many,0,3611,0.002185752592608647
Academic Articles,many component,0,7740,0.002185752592608647
Academic Articles,component composition,0,2174,0.002185752592608647
Academic Articles,composition structural,0,2197,0.002185752592608647
Academic Articles,structural longer,0,13040,0.002185752592608647
Academic Articles,longer integration,0,7472,0.002185752592608647
Academic Articles,integration ultimately,0,6670,0.002185752592608647
Academic Articles,ultimately heavy,0,14069,0.002185752592608647
Academic Articles,ion enhance,0,6807,0.002185752592608647
Academic Articles,enhance predictive,0,4052,0.002185752592608647
Academic Articles,capability understand,0,1569,0.002185752592608647
Academic Articles,understand background,0,14115,0.002185752592608647
Academic Articles,background solar,0,1217,0.0016623211854425713
Academic Articles,wind wind,0,15192,0.0016623211854425713
Academic Articles,wind param,0,15132,0.002185752592608647
Academic Articles,param mission,0,9359,0.002185752592608647
Academic Articles,mission include,0,8065,0.002185752592608647
Academic Articles,include distributed,0,6282,0.002185752592608647
Academic Articles,distributed line,0,3476,0.002185752592608647
Academic Articles,line plasma,0,7418,0.002185752592608647
Academic Articles,plasma energetic,0,9792,0.002185752592608647
Academic Articles,particle composition,0,9378,0.002185752592608647
Academic Articles,composition ranging,0,2193,0.002185752592608647
Academic Articles,ranging flow,0,10793,0.002185752592608647
Academic Articles,flow spatial,0,5043,0.002185752592608647
Academic Articles,spatial network,0,12611,0.002185752592608647
Academic Articles,network could,0,8569,0.002185752592608647
Academic Articles,could include,0,2526,0.002185752592608647
Academic Articles,include complementary,0,6279,0.002185752592608647
Academic Articles,complementary across,0,2131,0.002185752592608647
Academic Articles,across remote,0,111,0.002185752592608647
Academic Articles,remote getting,0,11131,0.002185752592608647
Academic Articles,getting long,0,5584,0.002185752592608647
Academic Articles,long data,0,7459,0.002185752592608647
Academic Articles,data series,0,2983,0.002185752592608647
Academic Articles,series enhanced,0,11912,0.002185752592608647
Academic Articles,enhanced capability,0,4056,0.002185752592608647
Academic Articles,capability require,0,1565,0.004371505185217294
Academic Articles,require significant,0,11204,0.006557257777825942
Academic Articles,significant new,0,12092,0.004371505185217294
Academic Articles,new proton,0,8677,0.002185752592608647
Academic Articles,proton electron,0,10448,0.006557257777825942
Academic Articles,electron heavy,0,3898,0.002185752592608647
Academic Articles,composition sep,0,2194,0.002185752592608647
Academic Articles,sep magnetic,0,11900,0.002185752592608647
Academic Articles,field require,0,4745,0.002185752592608647
Academic Articles,require telemetry,0,11212,0.002185752592608647
Academic Articles,telemetry data,0,13577,0.002185752592608647
Academic Articles,data capability,0,2817,0.002185752592608647
Academic Articles,capability need,0,1562,0.002185752592608647
Academic Articles,need novel,0,8498,0.002185752592608647
Academic Articles,used particle,0,14340,0.002185752592608647
Academic Articles,particle faced,0,9386,0.002185752592608647
Academic Articles,faced increasing,0,4557,0.002185752592608647
Academic Articles,increasing instrument,0,6351,0.002185752592608647
Academic Articles,instrument require,0,6657,0.002185752592608647
Academic Articles,require higher,0,11187,0.002185752592608647
Academic Articles,higher resolution,0,6010,0.002185752592608647
Academic Articles,resolution extending,0,11347,0.002185752592608647
Academic Articles,extending mass,0,4528,0.002185752592608647
Academic Articles,mass measurement,0,7803,0.002185752592608647
Academic Articles,measurement typically,0,7899,0.002185752592608647
Academic Articles,typically necessary,0,14066,0.002185752592608647
Academic Articles,necessary instrument,0,8455,0.002185752592608647
Academic Articles,instrument needing,0,6653,0.002185752592608647
Academic Articles,needing power,0,8529,0.002185752592608647
Academic Articles,power supply,0,10066,0.002185752592608647
Academic Articles,supply mission,0,13257,0.002185752592608647
Academic Articles,architecture design,0,777,0.002185752592608647
Academic Articles,design must,0,3225,0.002185752592608647
Academic Articles,must simpler,0,8358,0.002185752592608647
Academic Articles,simpler complex,0,12121,0.002185752592608647
Academic Articles,complex capable,0,2136,0.002185752592608647
Academic Articles,capable next,0,1571,0.002185752592608647
Academic Articles,presentation novel,0,10164,0.002185752592608647
Academic Articles,novel gap,0,8863,0.002185752592608647
Academic Articles,analysis starting,0,650,0.002185752592608647
Academic Articles,starting associated,0,12772,0.002185752592608647
Academic Articles,associated energetic,0,952,0.002185752592608647
Academic Articles,energetic presentation,0,3998,0.002185752592608647
Academic Articles,presentation transient,0,10174,0.002185752592608647
Academic Articles,transient evolve,0,13969,0.002185752592608647
Academic Articles,evolve time,0,4401,0.002185752592608647
Academic Articles,time key,0,13791,0.002185752592608647
Academic Articles,key measurement,0,6977,0.002185752592608647
Academic Articles,measurement scale,0,7894,0.002185752592608647
Academic Articles,scale observing,0,11649,0.002185752592608647
Academic Articles,observing higher,0,8971,0.002185752592608647
Academic Articles,higher temporal,0,6012,0.002185752592608647
Academic Articles,resolution point,0,11354,0.002185752592608647
Academic Articles,point coverage,0,9834,0.002185752592608647
Academic Articles,coverage spatial,0,2611,0.002185752592608647
Academic Articles,spatial time,0,12616,0.002185752592608647
Academic Articles,time approach,0,13760,0.002185752592608647
Academic Articles,approach coverage,0,741,0.002185752592608647
Academic Articles,coverage berger,0,2604,0.002185752592608647
Academic Articles,berger presentation,0,1333,0.004371505185217294
Academic Articles,presentation figure,0,10158,0.002185752592608647
Academic Articles,figure strategic,0,4834,0.002185752592608647
Academic Articles,strategic plan,0,12970,0.002185752592608647
Academic Articles,plan systematic,0,9760,0.002185752592608647
Academic Articles,systematic approach,0,13457,0.002185752592608647
Academic Articles,approach gap,0,744,0.002185752592608647
Academic Articles,report key,0,11150,0.002185752592608647
Academic Articles,architecture rather,0,786,0.002185752592608647
Academic Articles,rather monolithic,0,10823,0.002185752592608647
Academic Articles,monolithic quadrature,0,8257,0.002185752592608647
Academic Articles,quadrature four,0,10563,0.002185752592608647
Academic Articles,four rather,0,5310,0.002185752592608647
Academic Articles,rather currently,0,10821,0.002185752592608647
Academic Articles,currently used,0,2748,0.002185752592608647
Academic Articles,used single,0,14344,0.002185752592608647
Academic Articles,single carry,0,12161,0.002185752592608647
Academic Articles,carry smaller,0,1604,0.002185752592608647
Academic Articles,smaller figure,0,12245,0.002185752592608647
Academic Articles,figure novel,0,4817,0.002185752592608647
Academic Articles,novel could,0,8861,0.002185752592608647
Academic Articles,could address,0,2500,0.002185752592608647
Academic Articles,address sampling,0,360,0.002185752592608647
Academic Articles,sampling particularly,0,11542,0.002185752592608647
Academic Articles,particularly see,0,9429,0.002185752592608647
Academic Articles,see berger,0,11846,0.002185752592608647
Academic Articles,presentation future,0,10159,0.002185752592608647
Academic Articles,figure observational,0,4818,0.002185752592608647
Academic Articles,observational note,0,8931,0.002185752592608647
Academic Articles,note university,0,8827,0.002185752592608647
Academic Articles,laboratory spoke,0,7071,0.002185752592608647
Academic Articles,spoke bridge,0,12697,0.002185752592608647
Academic Articles,solar gap,0,12320,0.002185752592608647
Academic Articles,solar care,0,12284,0.002185752592608647
Academic Articles,care architecture,0,1586,0.002185752592608647
Academic Articles,architecture provide,0,785,0.002185752592608647
Academic Articles,provide wind,0,10503,0.002185752592608647
Academic Articles,line address,0,7407,0.002185752592608647
Academic Articles,address transient,0,361,0.002185752592608647
Academic Articles,transient scale,0,13973,0.002185752592608647
Academic Articles,scale problem,0,11653,0.002185752592608647
Academic Articles,problem important,0,10272,0.002185752592608647
Academic Articles,weather finally,0,14711,0.002185752592608647
Academic Articles,finally user,0,4880,0.002185752592608647
Academic Articles,user today,0,14361,0.002185752592608647
Academic Articles,today sufficiently,0,13853,0.002185752592608647
Academic Articles,sufficiently well,0,13123,0.002185752592608647
Academic Articles,well measurement,0,14938,0.002185752592608647
Academic Articles,measurement architecture,0,7882,0.002185752592608647
Academic Articles,architecture strategy,0,791,0.002185752592608647
Academic Articles,strategy require,0,12981,0.002185752592608647
Academic Articles,require research,0,11199,0.002185752592608647
Academic Articles,research system,0,11306,0.002185752592608647
Academic Articles,system observing,0,13430,0.002185752592608647
Academic Articles,simulation effective,0,12128,0.002185752592608647
Academic Articles,effective measurement,0,3789,0.002185752592608647
Academic Articles,measurement likely,0,7890,0.002185752592608647
Academic Articles,likely new,0,7346,0.002185752592608647
Academic Articles,new interactive,0,8651,0.002185752592608647
Academic Articles,interactive panel,0,6710,0.004371505185217294
Academic Articles,discussion finished,0,3412,0.002185752592608647
Academic Articles,finished took,0,4889,0.002185752592608647
Academic Articles,took discussion,0,13864,0.002185752592608647
Academic Articles,discussion audience,0,3404,0.002185752592608647
Academic Articles,audience major,0,1079,0.002185752592608647
Academic Articles,major need,0,7679,0.002185752592608647
Academic Articles,need complete,0,8468,0.002185752592608647
Academic Articles,complete comprehensive,0,2132,0.002185752592608647
Academic Articles,energy measure,0,4017,0.002185752592608647
Academic Articles,measure large,0,7868,0.002185752592608647
Academic Articles,range new,0,10769,0.002185752592608647
Academic Articles,produced pro,0,10330,0.002185752592608647
Academic Articles,pro data,0,10247,0.002185752592608647
Academic Articles,data autonomy,0,2807,0.002185752592608647
Academic Articles,autonomy data,0,1118,0.002185752592608647
Academic Articles,data theme,0,3013,0.002185752592608647
Academic Articles,theme need,0,13645,0.002185752592608647
Academic Articles,need key,0,8491,0.002185752592608647
Academic Articles,key real,0,6989,0.002185752592608647
Academic Articles,real future,0,10860,0.002185752592608647
Academic Articles,infrastructure panel,0,6547,0.002185752592608647
Academic Articles,panel explicitly,0,9313,0.002185752592608647
Academic Articles,explicitly address,0,4496,0.002185752592608647
Academic Articles,address outlined,0,357,0.002185752592608647
Academic Articles,outlined new,0,9252,0.002185752592608647
Academic Articles,new building,0,8618,0.002185752592608647
Academic Articles,building delivery,0,1510,0.002185752592608647
Academic Articles,delivery could,0,3158,0.002185752592608647
Academic Articles,could support,0,2544,0.002185752592608647
Academic Articles,support mission,0,13270,0.002185752592608647
Academic Articles,mission data,0,8055,0.002185752592608647
Academic Articles,data viable,0,3033,0.002185752592608647
Academic Articles,viable traditional,0,14515,0.002185752592608647
Academic Articles,traditional data,0,13928,0.002185752592608647
Academic Articles,data collection,0,2826,0.006557257777825942
Academic Articles,collection discussion,0,1920,0.002185752592608647
Academic Articles,data provision,0,2954,0.002185752592608647
Academic Articles,provision main,0,10529,0.002185752592608647
Academic Articles,main made,0,7659,0.002185752592608647
Academic Articles,made first,0,7562,0.002185752592608647
Academic Articles,first industry,0,4909,0.002185752592608647
Academic Articles,industry risk,0,6412,0.002185752592608647
Academic Articles,risk data,0,11457,0.002185752592608647
Academic Articles,production organization,0,10346,0.002185752592608647
Academic Articles,organization data,0,9211,0.002185752592608647
Academic Articles,science second,0,11751,0.002185752592608647
Academic Articles,second follow,0,11809,0.002185752592608647
Academic Articles,follow different,0,5106,0.002185752592608647
Academic Articles,different procurement,0,3328,0.002185752592608647
Academic Articles,procurement implementation,0,10303,0.002185752592608647
Academic Articles,implementation industry,0,6191,0.002185752592608647
Academic Articles,industry lower,0,6406,0.002185752592608647
Academic Articles,lower standard,0,7535,0.002185752592608647
Academic Articles,standard proven,0,12763,0.002185752592608647
Academic Articles,proven unnecessary,0,10464,0.002185752592608647
Academic Articles,unnecessary documentation,0,14234,0.002185752592608647
Academic Articles,documentation risk,0,3520,0.002185752592608647
Academic Articles,risk require,0,11464,0.002185752592608647
Academic Articles,require current,0,11175,0.002185752592608647
Academic Articles,current procurement,0,2711,0.002185752592608647
Academic Articles,procurement process,0,10304,0.002185752592608647
Academic Articles,process finally,0,10292,0.002185752592608647
Academic Articles,finally mission,0,4872,0.002185752592608647
Academic Articles,mission class,0,8050,0.002185752592608647
Academic Articles,class system,0,1839,0.002185752592608647
Academic Articles,system limit,0,13422,0.002185752592608647
Academic Articles,limit flexibility,0,7388,0.002185752592608647
Academic Articles,flexibility especially,0,5022,0.002185752592608647
Academic Articles,especially measurement,0,4246,0.002185752592608647
Academic Articles,measurement solution,0,7897,0.002185752592608647
Academic Articles,solution address,0,12413,0.002185752592608647
Academic Articles,address profile,0,358,0.002185752592608647
Academic Articles,profile allow,0,10352,0.002185752592608647
Academic Articles,allow science,0,516,0.002185752592608647
Academic Articles,science operational,0,11737,0.004371505185217294
Academic Articles,collection heterogeneous,0,1922,0.002185752592608647
Academic Articles,heterogeneous operational,0,5958,0.002185752592608647
Academic Articles,operational prime,0,9116,0.002185752592608647
Academic Articles,science significant,0,11753,0.002185752592608647
Academic Articles,significant measurement,0,12090,0.002185752592608647
Academic Articles,measurement require,0,7893,0.002185752592608647
Academic Articles,require however,0,11188,0.002185752592608647
Academic Articles,however figure,0,6073,0.002185752592608647
Academic Articles,figure true,0,4842,0.002185752592608647
Academic Articles,true weather,0,14029,0.002185752592608647
Academic Articles,forecasting capability,0,5225,0.0016623211854425713
Academic Articles,capability source,0,1567,0.002185752592608647
Academic Articles,laboratory future,0,7065,0.002185752592608647
Academic Articles,infrastructure raised,0,6554,0.002185752592608647
Academic Articles,raised broad,0,10761,0.002185752592608647
Academic Articles,broad industry,0,1498,0.002185752592608647
Academic Articles,industry involvement,0,6405,0.002185752592608647
Academic Articles,involvement roi,0,6804,0.002185752592608647
Academic Articles,roi careful,0,11479,0.002185752592608647
Academic Articles,careful commercial,0,1590,0.002185752592608647
Academic Articles,production ended,0,10345,0.002185752592608647
Academic Articles,ended cycle,0,3987,0.002185752592608647
Academic Articles,cycle mission,0,2762,0.002185752592608647
Academic Articles,mission furthermore,0,8063,0.002185752592608647
Academic Articles,furthermore constellation,0,5386,0.002185752592608647
Academic Articles,constellation size,0,2341,0.002185752592608647
Academic Articles,size affect,0,12193,0.002185752592608647
Academic Articles,affect science,0,429,0.002185752592608647
Academic Articles,science closure,0,11695,0.002185752592608647
Academic Articles,closure operational,0,1878,0.002185752592608647
Academic Articles,operational panel,0,9114,0.002185752592608647
Academic Articles,generally agreed,0,5471,0.002185752592608647
Academic Articles,agreed however,0,476,0.002185752592608647
Academic Articles,however new,0,6085,0.002185752592608647
Academic Articles,new need,0,8660,0.002185752592608647
Academic Articles,space finally,0,12522,0.002185752592608647
Academic Articles,finally panel,0,4875,0.002185752592608647
Academic Articles,discussion continued,0,3406,0.002185752592608647
Academic Articles,continued previous,0,2378,0.002185752592608647
Academic Articles,previous need,0,10197,0.002185752592608647
Academic Articles,new novel,0,8665,0.002185752592608647
Academic Articles,novel general,0,8864,0.002185752592608647
Academic Articles,general agreement,0,5467,0.002185752592608647
Academic Articles,agreement new,0,479,0.002185752592608647
Academic Articles,new university,0,8700,0.002185752592608647
Academic Articles,university setting,0,14220,0.002185752592608647
Academic Articles,setting innovation,0,11958,0.002185752592608647
Academic Articles,innovation development,0,6616,0.002185752592608647
Academic Articles,development student,0,3289,0.002185752592608647
Academic Articles,student involvement,0,13057,0.002185752592608647
Academic Articles,involvement ionosphere,0,6803,0.002185752592608647
Academic Articles,ionosphere new,0,6847,0.002185752592608647
Academic Articles,baker haystack,0,1232,0.002185752592608647
Academic Articles,haystack observatory,0,5905,0.004371505185217294
Academic Articles,observatory applied,0,8941,0.002185752592608647
Academic Articles,university college,0,14210,0.002185752592608647
Academic Articles,college key,0,1929,0.002185752592608647
Academic Articles,solar helio,0,12329,0.002185752592608647
Academic Articles,helio physic,0,5930,0.002185752592608647
Academic Articles,physic panel,0,9696,0.002185752592608647
Academic Articles,panel panel,0,9331,0.002185752592608647
Academic Articles,panel first,0,9315,0.002185752592608647
Academic Articles,first capability,0,4894,0.002185752592608647
Academic Articles,capability enhance,0,1555,0.002185752592608647
Academic Articles,enhance influence,0,4051,0.002185752592608647
Academic Articles,influence new,0,6437,0.002185752592608647
Academic Articles,new specific,0,8692,0.002185752592608647
Academic Articles,specific panel,0,12635,0.002185752592608647
Academic Articles,included nontraditional,0,6311,0.002185752592608647
Academic Articles,nontraditional data,0,8768,0.004371505185217294
Academic Articles,acquisition data,0,76,0.002185752592608647
Academic Articles,fusion heterogeneous,0,5406,0.002185752592608647
Academic Articles,heterogeneous distributed,0,5957,0.002185752592608647
Academic Articles,distributed weather,0,3481,0.002185752592608647
Academic Articles,weather situational,0,14845,0.002185752592608647
Academic Articles,situational earth,0,12180,0.002185752592608647
Academic Articles,orbit infrastructure,0,9173,0.002185752592608647
Academic Articles,presentation titled,0,10173,0.002185752592608647
Academic Articles,titled usable,0,13845,0.002185752592608647
Academic Articles,usable space,0,14296,0.004371505185217294
Academic Articles,instrument infrastructure,0,6650,0.002185752592608647
Academic Articles,consider involved,0,2302,0.002185752592608647
Academic Articles,involved usable,0,6801,0.002185752592608647
Academic Articles,example incoherent,0,4429,0.002185752592608647
Academic Articles,incoherent scatter,0,6319,0.004371505185217294
Academic Articles,scatter incoherent,0,11674,0.002185752592608647
Academic Articles,scatter radar,0,11676,0.002185752592608647
Academic Articles,radar designed,0,10634,0.002185752592608647
Academic Articles,designed many,0,3235,0.002185752592608647
Academic Articles,weather feed,0,14709,0.002185752592608647
Academic Articles,feed research,0,4659,0.002185752592608647
Academic Articles,need ideally,0,8487,0.002185752592608647
Academic Articles,ideally research,0,6129,0.002185752592608647
Academic Articles,research produce,0,11290,0.002185752592608647
Academic Articles,produce space,0,10312,0.002185752592608647
Academic Articles,instrument keep,0,6652,0.002185752592608647
Academic Articles,keep multiple,0,6950,0.002185752592608647
Academic Articles,operation flexibility,0,9080,0.002185752592608647
Academic Articles,flexibility reliability,0,5023,0.002185752592608647
Academic Articles,reliability example,0,11095,0.002185752592608647
Academic Articles,example space,0,4443,0.002185752592608647
Academic Articles,weather basic,0,14646,0.002185752592608647
Academic Articles,basic level,0,1254,0.002185752592608647
Academic Articles,level various,0,7271,0.002185752592608647
Academic Articles,various derived,0,14450,0.002185752592608647
Academic Articles,derived data,0,3213,0.004371505185217294
Academic Articles,need measurement,0,8494,0.002185752592608647
Academic Articles,measurement fidelity,0,7887,0.002185752592608647
Academic Articles,fidelity future,0,4665,0.002185752592608647
Academic Articles,research purpose,0,11292,0.002185752592608647
Academic Articles,purpose future,0,10553,0.002185752592608647
Academic Articles,future use,0,5436,0.002185752592608647
Academic Articles,use tec,0,14324,0.002185752592608647
Academic Articles,tec mango,0,13533,0.002185752592608647
Academic Articles,mango figure,0,7731,0.002185752592608647
Academic Articles,figure net,0,4816,0.002185752592608647
Academic Articles,net worked,0,8565,0.002185752592608647
Academic Articles,worked data,0,15224,0.002185752592608647
Academic Articles,data collected,0,2825,0.002185752592608647
Academic Articles,collected another,0,1917,0.002185752592608647
Academic Articles,another purpose,0,702,0.002185752592608647
Academic Articles,purpose however,0,10554,0.002185752592608647
Academic Articles,however pointed,0,6086,0.002185752592608647
Academic Articles,pointed future,0,9850,0.002185752592608647
Academic Articles,future data,0,5416,0.002185752592608647
Academic Articles,data might,0,2917,0.002185752592608647
Academic Articles,might might,0,7976,0.002185752592608647
Academic Articles,might weather,0,7980,0.002185752592608647
Academic Articles,require operational,0,11192,0.002185752592608647
Academic Articles,measurement characterize,0,7883,0.002185752592608647
Academic Articles,characterize optimal,0,1800,0.002185752592608647
Academic Articles,optimal instrument,0,9143,0.002185752592608647
Academic Articles,instrument placement,0,6655,0.002185752592608647
Academic Articles,placement performance,0,9752,0.002185752592608647
Academic Articles,performance use,0,9518,0.002185752592608647
Academic Articles,use thus,0,14326,0.002185752592608647
Academic Articles,thus network,0,13740,0.002185752592608647
Academic Articles,network full,0,8574,0.002185752592608647
Academic Articles,full data,0,5354,0.002185752592608647
Academic Articles,require data,0,11177,0.002185752592608647
Academic Articles,global total,0,5673,0.002185752592608647
Academic Articles,tec data,0,13532,0.002185752592608647
Academic Articles,data derived,0,2847,0.002185752592608647
Academic Articles,system figure,0,13410,0.002185752592608647
Academic Articles,figure midlatitude,0,4809,0.002185752592608647
Academic Articles,midlatitude network,0,7968,0.002185752592608647
Academic Articles,network mango,0,8577,0.002185752592608647
Academic Articles,mango architecture,0,7730,0.002185752592608647
Academic Articles,architecture aurora,0,772,0.002185752592608647
Academic Articles,aurora haystack,0,1088,0.002185752592608647
Academic Articles,observatory mango,0,8954,0.002185752592608647
Academic Articles,mango project,0,7732,0.002185752592608647
Academic Articles,project team,0,10392,0.002185752592608647
Academic Articles,team sri,0,13531,0.002185752592608647
Academic Articles,sri international,0,12739,0.002185752592608647
Academic Articles,international used,0,6773,0.002185752592608647
Academic Articles,used future,0,14336,0.002185752592608647
Academic Articles,finally nontraditional,0,4874,0.002185752592608647
Academic Articles,data amateur,0,2797,0.002185752592608647
Academic Articles,amateur radio,0,584,0.002185752592608647
Academic Articles,radio community,0,10706,0.002185752592608647
Academic Articles,community provide,0,2102,0.002185752592608647
Academic Articles,provide potentially,0,10491,0.002185752592608647
Academic Articles,potentially useful,0,10034,0.002185752592608647
Academic Articles,useful unique,0,14353,0.002185752592608647
Academic Articles,unique spatiotemporal,0,14190,0.002185752592608647
Academic Articles,spatiotemporal sampling,0,12620,0.002185752592608647
Academic Articles,sampling however,0,11540,0.002185752592608647
Academic Articles,availability different,0,1122,0.002185752592608647
Academic Articles,different end,0,3313,0.002185752592608647
Academic Articles,end limit,0,3978,0.002185752592608647
Academic Articles,limit data,0,7386,0.002185752592608647
Academic Articles,analysis scientific,0,648,0.002185752592608647
Academic Articles,scientific accommodating,0,11768,0.002185752592608647
Academic Articles,accommodating opera,0,42,0.002185752592608647
Academic Articles,weather whose,0,14889,0.002185752592608647
Academic Articles,whose need,0,15029,0.002185752592608647
Academic Articles,need production,0,8504,0.002185752592608647
Academic Articles,production development,0,10344,0.002185752592608647
Academic Articles,development arise,0,3277,0.002185752592608647
Academic Articles,arise stand,0,814,0.002185752592608647
Academic Articles,stand space,0,12759,0.002185752592608647
Academic Articles,understanding presentation,0,14142,0.002185752592608647
Academic Articles,presentation operating,0,10165,0.002185752592608647
Academic Articles,architecture ionosphere,0,782,0.002185752592608647
Academic Articles,ionosphere science,0,6860,0.002185752592608647
Academic Articles,data ground,0,2879,0.002185752592608647
Academic Articles,ground instrument,0,5823,0.002185752592608647
Academic Articles,instrument industry,0,6649,0.002185752592608647
Academic Articles,industry figure,0,6403,0.002185752592608647
Academic Articles,new calibration,0,8621,0.002185752592608647
Academic Articles,calibration vali,0,1541,0.002185752592608647
Academic Articles,vali dation,0,14369,0.002185752592608647
Academic Articles,dation verification,0,3041,0.002185752592608647
Academic Articles,verification full,0,14491,0.002185752592608647
Academic Articles,full distributed,0,5355,0.002185752592608647
Academic Articles,distributed mission,0,3477,0.002185752592608647
Academic Articles,design start,0,3234,0.002185752592608647
Academic Articles,start especially,0,12771,0.002185752592608647
Academic Articles,especially considering,0,4242,0.002185752592608647
Academic Articles,assimilation full,0,925,0.002185752592608647
Academic Articles,full figure,0,5359,0.002185752592608647
Academic Articles,figure heterogeneous,0,4802,0.002185752592608647
Academic Articles,data observational,0,2929,0.002185752592608647
Academic Articles,base architecture,0,1245,0.002185752592608647
Academic Articles,architecture source,0,789,0.002185752592608647
Academic Articles,source boulder,0,12444,0.002185752592608647
Academic Articles,infrastructure noted,0,6543,0.002185752592608647
Academic Articles,need agency,0,8461,0.002185752592608647
Academic Articles,agency instrument,0,456,0.002185752592608647
Academic Articles,data taking,0,3010,0.002185752592608647
Academic Articles,taking glamorous,0,13495,0.002185752592608647
Academic Articles,glamorous successful,0,5616,0.002185752592608647
Academic Articles,successful presentation,0,13097,0.002185752592608647
Academic Articles,presentation radiation,0,10167,0.002185752592608647
Academic Articles,belt environment,0,1309,0.004371505185217294
Academic Articles,environment infrastructure,0,4149,0.002185752592608647
Academic Articles,space encounter,0,12514,0.002185752592608647
Academic Articles,encounter radiation,0,3973,0.002185752592608647
Academic Articles,effect fleet,0,3740,0.002185752592608647
Academic Articles,fleet include,0,5021,0.002185752592608647
Academic Articles,include weather,0,6304,0.002185752592608647
Academic Articles,effect encounter,0,3735,0.002185752592608647
Academic Articles,encounter across,0,3972,0.002185752592608647
Academic Articles,across system,0,119,0.002185752592608647
Academic Articles,system particle,0,13431,0.002185752592608647
Academic Articles,particle thus,0,9408,0.002185752592608647
Academic Articles,thus region,0,13747,0.002185752592608647
Academic Articles,region orbit,0,11015,0.002185752592608647
Academic Articles,geo low,0,5487,0.002185752592608647
Academic Articles,orbit van,0,9200,0.002185752592608647
Academic Articles,van losing,0,14409,0.002185752592608647
Academic Articles,losing continuous,0,7484,0.002185752592608647
Academic Articles,continuous environment,0,2387,0.002185752592608647
Academic Articles,environment transfer,0,4182,0.002185752592608647
Academic Articles,orbit critical,0,9153,0.0016623211854425713
Academic Articles,critical radiation,0,2636,0.002185752592608647
Academic Articles,belt region,0,1314,0.002185752592608647
Academic Articles,region data,0,10990,0.002185752592608647
Academic Articles,satellite go,0,11571,0.0033246423708851425
Academic Articles,go orbit,0,5688,0.002185752592608647
Academic Articles,orbit much,0,9182,0.002185752592608647
Academic Articles,much lower,0,8316,0.002185752592608647
Academic Articles,lower figure,0,7529,0.002185752592608647
Academic Articles,figure operational,0,4820,0.002185752592608647
Academic Articles,data sample,0,2976,0.002185752592608647
Academic Articles,sample particle,0,11539,0.002185752592608647
Academic Articles,particle distribution,0,9383,0.002185752592608647
Academic Articles,distribution continuous,0,3486,0.002185752592608647
Academic Articles,continuous radiation,0,2393,0.002185752592608647
Academic Articles,radiation scientific,0,10685,0.002185752592608647
Academic Articles,scientific capability,0,11769,0.002185752592608647
Academic Articles,capability yet,0,1570,0.002185752592608647
Academic Articles,yet exist,0,15293,0.002185752592608647
Academic Articles,exist operational,0,4463,0.002185752592608647
Academic Articles,weather ongoing,0,14789,0.002185752592608647
Academic Articles,ongoing radiation,0,9051,0.002185752592608647
Academic Articles,belt capability,0,1306,0.002185752592608647
Academic Articles,capability given,0,1556,0.002185752592608647
Academic Articles,given sufficient,0,5612,0.002185752592608647
Academic Articles,sufficient advance,0,13112,0.002185752592608647
Academic Articles,weather built,0,14653,0.002185752592608647
Academic Articles,built experience,0,1514,0.002185752592608647
Academic Articles,experience van,0,4484,0.002185752592608647
Academic Articles,van figure,0,14408,0.002185752592608647
Academic Articles,figure radiation,0,4826,0.002185752592608647
Academic Articles,environment radiation,0,4164,0.002185752592608647
Academic Articles,belt storm,0,1317,0.002185752592608647
Academic Articles,storm probe,0,12928,0.002185752592608647
Academic Articles,probe operational,0,10262,0.002185752592608647
Academic Articles,go system,0,5692,0.002185752592608647
Academic Articles,system source,0,13449,0.002185752592608647
Academic Articles,source college,0,12446,0.002185752592608647
Academic Articles,college future,0,1927,0.002185752592608647
Academic Articles,international small,0,6771,0.002185752592608647
Academic Articles,small national,0,12239,0.002185752592608647
Academic Articles,science transfer,0,11764,0.002185752592608647
Academic Articles,orbit satellite,0,9192,0.002185752592608647
Academic Articles,satellite flying,0,11570,0.002185752592608647
Academic Articles,flying environment,0,5102,0.002185752592608647
Academic Articles,environment offer,0,4158,0.002185752592608647
Academic Articles,new radiation,0,8680,0.002185752592608647
Academic Articles,belt include,0,1310,0.002185752592608647
Academic Articles,include responsive,0,6297,0.002185752592608647
Academic Articles,responsive environmental,0,11397,0.002185752592608647
Academic Articles,environmental assessment,0,4185,0.002185752592608647
Academic Articles,assessment commercially,0,894,0.002185752592608647
Academic Articles,commercially reach,0,2018,0.002185752592608647
Academic Articles,reach next,0,10833,0.002185752592608647
Academic Articles,next currently,0,8713,0.002185752592608647
Academic Articles,currently distributed,0,2733,0.002185752592608647
Academic Articles,distributed critical,0,3474,0.002185752592608647
Academic Articles,science empirical,0,11706,0.002185752592608647
Academic Articles,however yet,0,6107,0.002185752592608647
Academic Articles,clear measure,0,1850,0.002185752592608647
Academic Articles,measure measurement,0,7869,0.002185752592608647
Academic Articles,measurement scientific,0,7895,0.002185752592608647
Academic Articles,scientific carried,0,11770,0.002185752592608647
Academic Articles,carried comprehensive,0,1593,0.002185752592608647
Academic Articles,comprehensive way,0,2207,0.002185752592608647
Academic Articles,way forecasting,0,14593,0.002185752592608647
Academic Articles,forecasting need,0,5243,0.002185752592608647
Academic Articles,need sufficient,0,8519,0.002185752592608647
Academic Articles,sufficient observational,0,13118,0.002185752592608647
Academic Articles,observational input,0,8923,0.002185752592608647
Academic Articles,input space,0,6628,0.002185752592608647
Academic Articles,require increase,0,11189,0.002185752592608647
Academic Articles,increase data,0,6332,0.002185752592608647
Academic Articles,data inter,0,2891,0.002185752592608647
Academic Articles,furthermore distributed,0,5388,0.002185752592608647
Academic Articles,distributed present,0,3478,0.002185752592608647
Academic Articles,present require,0,10151,0.002185752592608647
Academic Articles,new process,0,8675,0.002185752592608647
Academic Articles,process ing,0,10293,0.002185752592608647
Academic Articles,ing artificial,0,6577,0.002185752592608647
Academic Articles,intelligence data,0,6674,0.002185752592608647
Academic Articles,data combined,0,2827,0.002185752592608647
Academic Articles,combined simulation,0,1948,0.002185752592608647
Academic Articles,new finally,0,8635,0.002185752592608647
Academic Articles,finally commercial,0,4865,0.002185752592608647
Academic Articles,data labor,0,2897,0.002185752592608647
Academic Articles,labor intensive,0,7058,0.002185752592608647
Academic Articles,intensive architecture,0,6688,0.002185752592608647
Academic Articles,architecture resolution,0,787,0.002185752592608647
Academic Articles,resolution availability,0,11342,0.002185752592608647
Academic Articles,availability key,0,1125,0.002185752592608647
Academic Articles,key metric,0,6978,0.002185752592608647
Academic Articles,metric getting,0,7955,0.002185752592608647
Academic Articles,getting best,0,5582,0.002185752592608647
Academic Articles,best possible,0,1340,0.002185752592608647
Academic Articles,possible commercial,0,9956,0.002185752592608647
Academic Articles,commercial academic,0,1989,0.002185752592608647
Academic Articles,academic commercial,0,14,0.004371505185217294
Academic Articles,presentation commercial,0,10156,0.002185752592608647
Academic Articles,acquisition space,0,82,0.002185752592608647
Academic Articles,various chal,0,14448,0.002185752592608647
Academic Articles,chal space,0,1739,0.002185752592608647
Academic Articles,commercial procurement,0,2005,0.002185752592608647
Academic Articles,commercial commercial,0,1993,0.002185752592608647
Academic Articles,commercial move,0,2002,0.002185752592608647
Academic Articles,move faster,0,8298,0.002185752592608647
Academic Articles,collection generally,0,1921,0.002185752592608647
Academic Articles,generally measurement,0,5476,0.002185752592608647
Academic Articles,measurement system,0,7898,0.002185752592608647
Academic Articles,system built,0,13390,0.002185752592608647
Academic Articles,built custom,0,1513,0.002185752592608647
Academic Articles,custom commercial,0,2754,0.002185752592608647
Academic Articles,commercial close,0,1992,0.002185752592608647
Academic Articles,close interaction,0,1873,0.002185752592608647
Academic Articles,interaction instrument,0,6706,0.002185752592608647
Academic Articles,instrument integration,0,6651,0.002185752592608647
Academic Articles,integration operation,0,6669,0.002185752592608647
Academic Articles,operation require,0,9082,0.002185752592608647
Academic Articles,significant vendor,0,12104,0.002185752592608647
Academic Articles,vendor involvement,0,14489,0.002185752592608647
Academic Articles,involvement generally,0,6802,0.002185752592608647
Academic Articles,generally commercial,0,5473,0.002185752592608647
Academic Articles,commercial versus,0,2016,0.002185752592608647
Academic Articles,versus getting,0,14497,0.002185752592608647
Academic Articles,getting data,0,5583,0.002185752592608647
Academic Articles,data partner,0,2936,0.002185752592608647
Academic Articles,partner proposition,0,9434,0.002185752592608647
Academic Articles,proposition data,0,10427,0.002185752592608647
Academic Articles,data arise,0,2804,0.002185752592608647
Academic Articles,arise significant,0,813,0.002185752592608647
Academic Articles,significant data,0,12081,0.002185752592608647
Academic Articles,acquisition science,0,80,0.002185752592608647
Academic Articles,science use,0,11765,0.002185752592608647
Academic Articles,weather use,0,14881,0.006557257777825942
Academic Articles,use research,0,14320,0.002185752592608647
Academic Articles,acquisition since,0,81,0.002185752592608647
Academic Articles,data time,0,3015,0.002185752592608647
Academic Articles,time robust,0,13816,0.002185752592608647
Academic Articles,robust low,0,11472,0.002185752592608647
Academic Articles,orbit network,0,9184,0.002185752592608647
Academic Articles,network scientific,0,8580,0.002185752592608647
Academic Articles,acquisition research,0,79,0.002185752592608647
Academic Articles,research cal,0,11228,0.002185752592608647
Academic Articles,cal noninterference,0,1534,0.002185752592608647
Academic Articles,noninterference basis,0,8761,0.002185752592608647
Academic Articles,basis mission,0,1264,0.002185752592608647
Academic Articles,mission without,0,8084,0.002185752592608647
Academic Articles,without data,0,15200,0.002185752592608647
Academic Articles,access however,0,35,0.002185752592608647
Academic Articles,however scientific,0,6093,0.002185752592608647
Academic Articles,scientific use,0,11785,0.002185752592608647
Academic Articles,use typically,0,14327,0.002185752592608647
Academic Articles,typically data,0,14062,0.002185752592608647
Academic Articles,assimilation framework,0,924,0.002185752592608647
Academic Articles,framework data,0,5320,0.002185752592608647
Academic Articles,quality ancillary,0,10564,0.002185752592608647
Academic Articles,ancillary data,0,668,0.002185752592608647
Academic Articles,data readily,0,2960,0.002185752592608647
Academic Articles,available space,0,1151,0.002185752592608647
Academic Articles,use provider,0,14318,0.002185752592608647
Academic Articles,provider data,0,10514,0.002185752592608647
Academic Articles,access affect,0,32,0.002185752592608647
Academic Articles,affect various,0,434,0.002185752592608647
Academic Articles,various system,0,14466,0.002185752592608647
Academic Articles,system available,0,13387,0.002185752592608647
Academic Articles,available commercial,0,1134,0.002185752592608647
Academic Articles,commercial provider,0,2008,0.002185752592608647
Academic Articles,provider future,0,10515,0.002185752592608647
Academic Articles,data heterogeneous,0,2883,0.002185752592608647
Academic Articles,heterogeneous uneven,0,5959,0.002185752592608647
Academic Articles,uneven different,0,14171,0.002185752592608647
Academic Articles,source covariance,0,12448,0.002185752592608647
Academic Articles,covariance verification,0,2593,0.002185752592608647
Academic Articles,verification useful,0,14492,0.002185752592608647
Academic Articles,useful form,0,14347,0.002185752592608647
Academic Articles,form assimilation,0,5261,0.002185752592608647
Academic Articles,assimilation analysis,0,916,0.002185752592608647
Academic Articles,analysis assimilation,0,617,0.002185752592608647
Academic Articles,assimilation used,0,936,0.002185752592608647
Academic Articles,used spheric,0,14345,0.002185752592608647
Academic Articles,spheric capability,0,12690,0.002185752592608647
Academic Articles,research nevertheless,0,11280,0.002185752592608647
Academic Articles,nevertheless provide,0,8609,0.002185752592608647
Academic Articles,provide new,0,10487,0.002185752592608647
Academic Articles,new intense,0,8650,0.002185752592608647
Academic Articles,intense unusual,0,6680,0.002185752592608647
Academic Articles,unusual final,0,14265,0.002185752592608647
Academic Articles,situational analysis,0,12178,0.002185752592608647
Academic Articles,analysis guidance,0,631,0.002185752592608647
Academic Articles,guidance navigation,0,5875,0.002185752592608647
Academic Articles,navigation weather,0,8414,0.002185752592608647
Academic Articles,constellation management,0,2333,0.002185752592608647
Academic Articles,management collision,0,7715,0.002185752592608647
Academic Articles,collision earth,0,1931,0.002185752592608647
Academic Articles,orbit weather,0,9202,0.002185752592608647
Academic Articles,weather importantly,0,14737,0.002185752592608647
Academic Articles,importantly density,0,6235,0.002185752592608647
Academic Articles,density data,0,3187,0.002185752592608647
Academic Articles,data scientific,0,2981,0.0016623211854425713
Academic Articles,scientific overhead,0,11778,0.002185752592608647
Academic Articles,overhead associated,0,9287,0.002185752592608647
Academic Articles,associated data,0,947,0.0016623211854425713
Academic Articles,production sampling,0,10349,0.002185752592608647
Academic Articles,sampling relevant,0,11544,0.002185752592608647
Academic Articles,relevant earth,0,11082,0.002185752592608647
Academic Articles,orbit clear,0,9151,0.002185752592608647
Academic Articles,clear gather,0,1848,0.002185752592608647
Academic Articles,gather data,0,5464,0.002185752592608647
Academic Articles,constellation saw,0,2340,0.002185752592608647
Academic Articles,saw data,0,11609,0.002185752592608647
Academic Articles,data gathering,0,2875,0.002185752592608647
Academic Articles,gathering potential,0,5465,0.002185752592608647
Academic Articles,potential game,0,10002,0.002185752592608647
Academic Articles,game changer,0,5445,0.002185752592608647
Academic Articles,changer connectivity,0,1786,0.002185752592608647
Academic Articles,connectivity science,0,2297,0.002185752592608647
Academic Articles,science laser,0,11727,0.002185752592608647
Academic Articles,laser open,0,7108,0.002185752592608647
Academic Articles,open possibility,0,9067,0.002185752592608647
Academic Articles,possibility continuous,0,9952,0.002185752592608647
Academic Articles,continuous connectivity,0,2385,0.002185752592608647
Academic Articles,connectivity provider,0,2296,0.002185752592608647
Academic Articles,provider interactive,0,10516,0.002185752592608647
Academic Articles,discussion baker,0,3405,0.002185752592608647
Academic Articles,baker panel,0,1234,0.002185752592608647
Academic Articles,panel chair,0,9307,0.002185752592608647
Academic Articles,chair view,0,1736,0.002185752592608647
Academic Articles,view discussion,0,14518,0.002185752592608647
Academic Articles,discussion question,0,3418,0.002185752592608647
Academic Articles,question robust,0,10584,0.002185752592608647
Academic Articles,robust perpetual,0,11473,0.002185752592608647
Academic Articles,perpetual space,0,9602,0.002185752592608647
Academic Articles,future support,0,5435,0.002185752592608647
Academic Articles,infrastructure ahead,0,6498,0.002185752592608647
Academic Articles,ahead student,0,484,0.002185752592608647
Academic Articles,student intern,0,13056,0.002185752592608647
Academic Articles,intern commercial,0,6750,0.002185752592608647
Academic Articles,commercial community,0,1994,0.002185752592608647
Academic Articles,community possible,0,2099,0.002185752592608647
Academic Articles,possible approach,0,9955,0.002185752592608647
Academic Articles,approach data,0,742,0.002185752592608647
Academic Articles,commercial proprietary,0,2006,0.002185752592608647
Academic Articles,proprietary nature,0,10430,0.002185752592608647
Academic Articles,nature data,0,8398,0.002185752592608647
Academic Articles,data able,0,2787,0.002185752592608647
Academic Articles,able help,0,6,0.002185752592608647
Academic Articles,help community,0,5934,0.002185752592608647
Academic Articles,community company,0,2068,0.002185752592608647
Academic Articles,company already,0,2119,0.002185752592608647
Academic Articles,delivery frequency,0,3159,0.002185752592608647
Academic Articles,frequency going,0,5334,0.002185752592608647
Academic Articles,going forward,0,5706,0.002185752592608647
Academic Articles,forward community,0,5281,0.002185752592608647
Academic Articles,clear carry,0,1845,0.002185752592608647
Academic Articles,carry engineering,0,1598,0.002185752592608647
Academic Articles,engineering seamless,0,4047,0.002185752592608647
Academic Articles,seamless commercial,0,11797,0.002185752592608647
Academic Articles,data concern,0,2832,0.002185752592608647
Academic Articles,concern ing,0,2231,0.002185752592608647
Academic Articles,ing collision,0,6578,0.002185752592608647
Academic Articles,avoidance outcome,0,1173,0.002185752592608647
Academic Articles,outcome new,0,9241,0.002185752592608647
Academic Articles,new precise,0,8673,0.002185752592608647
Academic Articles,precise density,0,10090,0.002185752592608647
Academic Articles,density model,0,3196,0.004371505185217294
Academic Articles,model company,0,8111,0.002185752592608647
Academic Articles,company could,0,2120,0.002185752592608647
Academic Articles,could autonomous,0,2506,0.002185752592608647
Academic Articles,autonomous delay,0,1116,0.002185752592608647
Academic Articles,delay associated,0,3149,0.002185752592608647
Academic Articles,data overall,0,2934,0.002185752592608647
Academic Articles,overall collision,0,9277,0.002185752592608647
Academic Articles,avoidance maneuver,0,1172,0.002185752592608647
Academic Articles,maneuver particular,0,7729,0.002185752592608647
Academic Articles,particular concern,0,9412,0.002185752592608647
Academic Articles,concern solar,0,2232,0.002185752592608647
Academic Articles,solar low,0,12343,0.0016623211854425713
Academic Articles,earth densely,0,3646,0.002185752592608647
Academic Articles,densely mean,0,3179,0.002185752592608647
Academic Articles,mean density,0,7856,0.002185752592608647
Academic Articles,density engagement,0,3189,0.002185752592608647
Academic Articles,engagement publish,0,4034,0.002185752592608647
Academic Articles,publish data,0,10543,0.002185752592608647
Academic Articles,data public,0,2955,0.002185752592608647
Academic Articles,public consumption,0,10535,0.002185752592608647
Academic Articles,consumption limit,0,2351,0.002185752592608647
Academic Articles,limit interface,0,7391,0.002185752592608647
Academic Articles,interface scientific,0,6729,0.002185752592608647
Academic Articles,scientific single,0,11780,0.002185752592608647
Academic Articles,single partner,0,12167,0.002185752592608647
Academic Articles,partner hosting,0,9433,0.002185752592608647
Academic Articles,hosting future,0,6046,0.002185752592608647
Academic Articles,infrastructure baker,0,6503,0.002185752592608647
Academic Articles,baker raised,0,1236,0.002185752592608647
Academic Articles,raised operational,0,10762,0.002185752592608647
Academic Articles,system environment,0,13408,0.002185752592608647
Academic Articles,environment future,0,4145,0.002185752592608647
Academic Articles,future beyond,0,5413,0.002185752592608647
Academic Articles,beyond research,0,1384,0.002185752592608647
Academic Articles,research asset,0,11223,0.002185752592608647
Academic Articles,asset available,0,896,0.002185752592608647
Academic Articles,available operational,0,1147,0.002185752592608647
Academic Articles,weather theme,0,14871,0.002185752592608647
Academic Articles,theme throughout,0,13648,0.002185752592608647
Academic Articles,throughout workshop,0,13727,0.002185752592608647
Academic Articles,workshop availability,0,15231,0.002185752592608647
Academic Articles,availability already,0,1121,0.002185752592608647
Academic Articles,work data,0,15212,0.002185752592608647
Academic Articles,data usable,0,3023,0.002185752592608647
Academic Articles,usable new,0,14294,0.002185752592608647
Academic Articles,new assessed,0,8615,0.002185752592608647
Academic Articles,assessed incorporated,0,893,0.002185752592608647
Academic Articles,incorporated new,0,6327,0.002185752592608647
Academic Articles,new core,0,8628,0.002185752592608647
Academic Articles,core topic,0,2420,0.002185752592608647
Academic Articles,topic alone,0,13877,0.002185752592608647
Academic Articles,alone great,0,524,0.002185752592608647
Academic Articles,great value,0,5770,0.002185752592608647
Academic Articles,value moving,0,14402,0.002185752592608647
Academic Articles,moving environment,0,8304,0.002185752592608647
Academic Articles,environment require,0,4167,0.002185752592608647
Academic Articles,require good,0,11184,0.002185752592608647
Academic Articles,good people,0,5713,0.0016623211854425713
Academic Articles,people work,0,9498,0.002185752592608647
Academic Articles,work baker,0,15211,0.004371505185217294
Academic Articles,baker new,0,1233,0.002185752592608647
Academic Articles,observational upcoming,0,8937,0.002185752592608647
Academic Articles,upcoming solar,0,14272,0.004371505185217294
Academic Articles,solar new,0,12353,0.002185752592608647
Academic Articles,community comfortable,0,2066,0.002185752592608647
Academic Articles,comfortable noted,0,1972,0.002185752592608647
Academic Articles,noted potential,0,8847,0.002185752592608647
Academic Articles,potential engineering,0,9999,0.002185752592608647
Academic Articles,engineering operational,0,4044,0.002185752592608647
Academic Articles,perspective take,0,9626,0.002185752592608647
Academic Articles,account transient,0,45,0.002185752592608647
Academic Articles,transient geomagnetic,0,13971,0.002185752592608647
Academic Articles,storm occur,0,12919,0.002185752592608647
Academic Articles,occur time,0,9002,0.002185752592608647
Academic Articles,time avoidance,0,13762,0.002185752592608647
Academic Articles,avoidance current,0,1171,0.002185752592608647
Academic Articles,current risk,0,2718,0.002185752592608647
Academic Articles,risk nevertheless,0,11462,0.002185752592608647
Academic Articles,nevertheless added,0,8608,0.002185752592608647
Academic Articles,added urgency,0,321,0.002185752592608647
Academic Articles,urgency regarding,0,14291,0.002185752592608647
Academic Articles,regarding upcoming,0,10967,0.002185752592608647
Academic Articles,maximum recent,0,7845,0.002185752592608647
Academic Articles,recent suggesting,0,10895,0.002185752592608647
Academic Articles,suggesting biggest,0,13127,0.002185752592608647
Academic Articles,biggest strong,0,1400,0.002185752592608647
Academic Articles,strong engineering,0,13023,0.002185752592608647
Academic Articles,engineering design,0,4037,0.002185752592608647
Academic Articles,design phase,0,3227,0.002185752592608647
Academic Articles,phase therefore,0,9638,0.002185752592608647
Academic Articles,therefore potentially,0,13667,0.002185752592608647
Academic Articles,potentially spoke,0,10033,0.002185752592608647
Academic Articles,spoke need,0,12703,0.002185752592608647
Academic Articles,need calibration,0,8466,0.002185752592608647
Academic Articles,calibration validation,0,1542,0.004371505185217294
Academic Articles,validation support,0,14393,0.002185752592608647
Academic Articles,support providing,0,13277,0.002185752592608647
Academic Articles,providing data,0,10518,0.002185752592608647
Academic Articles,data critically,0,2841,0.002185752592608647
Academic Articles,critically data,0,2643,0.002185752592608647
Academic Articles,data effort,0,2856,0.002185752592608647
Academic Articles,effort going,0,3808,0.002185752592608647
Academic Articles,going calibration,0,5703,0.002185752592608647
Academic Articles,validation mission,0,14387,0.002185752592608647
Academic Articles,lifetime efficient,0,7283,0.002185752592608647
Academic Articles,efficient good,0,3802,0.002185752592608647
Academic Articles,good advance,0,5709,0.002185752592608647
Academic Articles,advance regarding,0,388,0.002185752592608647
Academic Articles,regarding science,0,10964,0.002185752592608647
Academic Articles,science discussion,0,11701,0.002185752592608647
Academic Articles,discussion agency,0,3403,0.002185752592608647
Academic Articles,agency support,0,464,0.002185752592608647
Academic Articles,important today,0,6229,0.002185752592608647
Academic Articles,today remain,0,13851,0.002185752592608647
Academic Articles,remain future,0,11107,0.002185752592608647
Academic Articles,future weather,0,5437,0.002185752592608647
Academic Articles,fundamental exploratory,0,5377,0.002185752592608647
Academic Articles,exploratory work,0,4504,0.002185752592608647
Academic Articles,baker data,0,1231,0.002185752592608647
Academic Articles,data satisfy,0,2978,0.002185752592608647
Academic Articles,satisfy science,0,11606,0.002185752592608647
Academic Articles,operational infrastructure,0,9104,0.002185752592608647
Academic Articles,research try,0,11313,0.002185752592608647
Academic Articles,try student,0,14031,0.002185752592608647
Academic Articles,student weather,0,13058,0.002185752592608647
Academic Articles,benefit get,0,1321,0.002185752592608647
Academic Articles,get get,0,5571,0.002185752592608647
Academic Articles,get pressing,0,5576,0.002185752592608647
Academic Articles,pressing commercial,0,10183,0.002185752592608647
Academic Articles,commercial involved,0,2000,0.002185752592608647
Academic Articles,involved space,0,6800,0.002185752592608647
Academic Articles,example support,0,4445,0.002185752592608647
Academic Articles,support ampere,0,13259,0.002185752592608647
Academic Articles,ampere active,0,609,0.002185752592608647
Academic Articles,response data,0,11375,0.002185752592608647
Academic Articles,data collect,0,2824,0.002185752592608647
Academic Articles,collect thus,0,1916,0.002185752592608647
Academic Articles,thus satellite,0,13748,0.002185752592608647
Academic Articles,data benefit,0,2812,0.002185752592608647
Academic Articles,benefit switching,0,1327,0.002185752592608647
Academic Articles,switching space,0,13369,0.002185752592608647
Academic Articles,weather discovery,0,14683,0.002185752592608647
Academic Articles,discovery activity,0,3398,0.002185752592608647
Academic Articles,activity workshop,0,303,0.002185752592608647
Academic Articles,workshop done,0,15236,0.002185752592608647
Academic Articles,done improving,0,3538,0.002185752592608647
Academic Articles,improving various,0,6262,0.002185752592608647
Academic Articles,various future,0,14452,0.002185752592608647
Academic Articles,infrastructure mary,0,6537,0.002185752592608647
Academic Articles,mary panel,0,7779,0.002185752592608647
Academic Articles,panel whether,0,9347,0.002185752592608647
Academic Articles,whether satisfied,0,15007,0.002185752592608647
Academic Articles,satisfied measurement,0,11605,0.002185752592608647
Academic Articles,measurement particularly,0,7891,0.002185752592608647
Academic Articles,particularly given,0,9425,0.002185752592608647
Academic Articles,given van,0,5615,0.002185752592608647
Academic Articles,van defense,0,14407,0.002185752592608647
Academic Articles,program satisfactory,0,10377,0.002185752592608647
Academic Articles,satisfactory given,0,11603,0.002185752592608647
Academic Articles,given long,0,5605,0.002185752592608647
Academic Articles,long development,0,7461,0.002185752592608647
Academic Articles,development likely,0,3288,0.002185752592608647
Academic Articles,likely next,0,7347,0.002185752592608647
Academic Articles,maximum new,0,7844,0.002185752592608647
Academic Articles,new replace,0,8684,0.002185752592608647
Academic Articles,replace van,0,11144,0.002185752592608647
Academic Articles,van several,0,14412,0.002185752592608647
Academic Articles,several pointed,0,11975,0.002185752592608647
Academic Articles,need higher,0,8486,0.004371505185217294
Academic Articles,higher radiation,0,6009,0.002185752592608647
Academic Articles,radiation need,0,10670,0.002185752592608647
Academic Articles,need involve,0,8489,0.002185752592608647
Academic Articles,involve scale,0,6798,0.002185752592608647
Academic Articles,scale improving,0,11638,0.002185752592608647
Academic Articles,require understanding,0,11215,0.002185752592608647
Academic Articles,understanding scale,0,14143,0.002185752592608647
Academic Articles,scale operate,0,11650,0.002185752592608647
Academic Articles,operate couple,0,9076,0.002185752592608647
Academic Articles,couple together,0,2556,0.002185752592608647
Academic Articles,together finally,0,13854,0.002185752592608647
Academic Articles,finally space,0,4877,0.002185752592608647
Academic Articles,weather size,0,14846,0.002185752592608647
Academic Articles,size traditional,0,12197,0.002185752592608647
Academic Articles,traditional metric,0,13930,0.002185752592608647
Academic Articles,metric storm,0,7959,0.002185752592608647
Academic Articles,storm pointed,0,12925,0.002185752592608647
Academic Articles,pointed small,0,9854,0.002185752592608647
Academic Articles,small storm,0,12243,0.002185752592608647
Academic Articles,storm significant,0,12938,0.0016623211854425713
Academic Articles,significant space,0,12101,0.0016623211854425713
Academic Articles,weather issue,0,14752,0.002185752592608647
Academic Articles,issue understood,0,6923,0.002185752592608647
Academic Articles,understood reference,0,14156,0.002185752592608647
Academic Articles,reference particle,0,10945,0.002185752592608647
Academic Articles,shock research,0,12026,0.002185752592608647
Academic Articles,research term,0,11308,0.002185752592608647
Academic Articles,scientific literature,0,11775,0.002185752592608647
Academic Articles,literature see,0,7439,0.002185752592608647
Academic Articles,see relevant,0,11863,0.002185752592608647
Academic Articles,relevant terminology,0,11091,0.002185752592608647
Academic Articles,terminology nowadays,0,13608,0.002185752592608647
Academic Articles,nowadays environmental,0,8868,0.002185752592608647
Academic Articles,environmental technological,0,4193,0.002185752592608647
Academic Articles,technological biological,0,13547,0.002185752592608647
Academic Articles,biological effect,0,1403,0.002185752592608647
Academic Articles,effect via,0,3780,0.002185752592608647
Academic Articles,via different,0,14509,0.002185752592608647
Academic Articles,different physical,0,3327,0.002185752592608647
Academic Articles,physical space,0,9726,0.002185752592608647
Academic Articles,program strategic,0,10380,0.002185752592608647
Academic Articles,strategic weather,0,12971,0.002185752592608647
Academic Articles,ionosphere influence,0,6838,0.002185752592608647
Academic Articles,influence performance,0,6439,0.002185752592608647
Academic Articles,performance technological,0,9517,0.0016623211854425713
Academic Articles,technological endanger,0,13550,0.002185752592608647
Academic Articles,endanger human,0,3983,0.002185752592608647
Academic Articles,human academic,0,6111,0.002185752592608647
Academic Articles,commercial social,0,2013,0.002185752592608647
Academic Articles,social relevance,0,12256,0.002185752592608647
Academic Articles,relevance high,0,11079,0.002185752592608647
Academic Articles,high economic,0,5968,0.002185752592608647
Academic Articles,economic solar,0,3701,0.002185752592608647
Academic Articles,solar pressure,0,12371,0.002185752592608647
Academic Articles,pressure magnetic,0,10185,0.002185752592608647
Academic Articles,wind interaction,0,15101,0.002185752592608647
Academic Articles,interaction interaction,0,6707,0.002185752592608647
Academic Articles,interaction energetic,0,6703,0.002185752592608647
Academic Articles,sep solar,0,11904,0.002185752592608647
Academic Articles,activity solar,0,281,0.00129094069181026
Academic Articles,solar violent,0,12403,0.002185752592608647
Academic Articles,violent solar,0,14528,0.002185752592608647
Academic Articles,system energy,0,13405,0.002185752592608647
Academic Articles,energy causing,0,4005,0.002185752592608647
Academic Articles,causing magnetic,0,1646,0.002185752592608647
Academic Articles,field line,0,4712,0.0033246423708851425
Academic Articles,line corona,0,7409,0.002185752592608647
Academic Articles,mass motion,0,7805,0.002185752592608647
Academic Articles,motion particle,0,8294,0.002185752592608647
Academic Articles,acceleration min,0,27,0.002185752592608647
Academic Articles,min day,0,7995,0.002185752592608647
Academic Articles,day phase,0,3059,0.002185752592608647
Academic Articles,phase large,0,9636,0.002185752592608647
Academic Articles,large corona,0,7081,0.002185752592608647
Academic Articles,corona provide,0,2430,0.002185752592608647
Academic Articles,provide range,0,10493,0.002185752592608647
Academic Articles,range geomagnetic,0,10767,0.002185752592608647
Academic Articles,field component,0,4673,0.004371505185217294
Academic Articles,component terrestrial,0,2184,0.002185752592608647
Academic Articles,terrestrial reconnection,0,13618,0.002185752592608647
Academic Articles,reconnection magnetic,0,10918,0.002185752592608647
Academic Articles,magnetic underlying,0,7633,0.002185752592608647
Academic Articles,underlying process,0,14111,0.002185752592608647
Academic Articles,process nowadays,0,10296,0.002185752592608647
Academic Articles,nowadays established,0,8869,0.002185752592608647
Academic Articles,established current,0,4264,0.002185752592608647
Academic Articles,current eventually,0,2690,0.002185752592608647
Academic Articles,eventually terrestrial,0,4376,0.002185752592608647
Academic Articles,terrestrial magnetic,0,13615,0.004371505185217294
Academic Articles,near sun,0,8443,0.002185752592608647
Academic Articles,research therein,0,11310,0.004371505185217294
Academic Articles,therein apart,0,13669,0.002185752592608647
Academic Articles,apart solar,0,718,0.002185752592608647
Academic Articles,wind cause,0,15057,0.002185752592608647
Academic Articles,cause recurrent,0,1636,0.002185752592608647
Academic Articles,recurrent usually,0,10934,0.002185752592608647
Academic Articles,usually energetic,0,14363,0.002185752592608647
Academic Articles,energetic arrive,0,3989,0.002185752592608647
Academic Articles,arrive shortly,0,875,0.002185752592608647
Academic Articles,shortly whereas,0,12038,0.002185752592608647
Academic Articles,whereas sep,0,14999,0.002185752592608647
Academic Articles,sep take,0,11905,0.002185752592608647
Academic Articles,take usually,0,13493,0.002185752592608647
Academic Articles,usually first,0,14364,0.002185752592608647
Academic Articles,first facing,0,4903,0.002185752592608647
Academic Articles,facing sun,0,4566,0.0016623211854425713
Academic Articles,sun heavy,0,13198,0.002185752592608647
Academic Articles,heavy particle,0,5928,0.002185752592608647
Academic Articles,particle peak,0,9397,0.002185752592608647
Academic Articles,peak evidence,0,9474,0.002185752592608647
Academic Articles,evidence solar,0,4387,0.002185752592608647
Academic Articles,solar origin,0,12359,0.004371505185217294
Academic Articles,origin despite,0,9223,0.002185752592608647
Academic Articles,despite ongoing,0,3244,0.002185752592608647
Academic Articles,ongoing literature,0,9049,0.002185752592608647
Academic Articles,literature nowadays,0,7437,0.002185752592608647
Academic Articles,nowadays solar,0,8870,0.002185752592608647
Academic Articles,origin example,0,9224,0.002185752592608647
Academic Articles,example strong,0,4444,0.002185752592608647
Academic Articles,strong optical,0,13030,0.002185752592608647
Academic Articles,optical matrix,0,9137,0.002185752592608647
Academic Articles,matrix snowlike,0,7832,0.002185752592608647
Academic Articles,snowlike effect,0,12254,0.002185752592608647
Academic Articles,effect thus,0,3776,0.002185752592608647
Academic Articles,thus highly,0,13734,0.002185752592608647
Academic Articles,highly usually,0,6021,0.002185752592608647
Academic Articles,usually mode,0,14366,0.002185752592608647
Academic Articles,mode alternatively,0,8101,0.002185752592608647
Academic Articles,alternatively permanent,0,554,0.002185752592608647
Academic Articles,permanent optical,0,9600,0.002185752592608647
Academic Articles,optical entire,0,9135,0.002185752592608647
Academic Articles,entire pointing,0,4127,0.002185752592608647
Academic Articles,pointing fixed,0,9859,0.002185752592608647
Academic Articles,fixed corrected,0,4945,0.002185752592608647
Academic Articles,corrected stereo,0,2479,0.002185752592608647
Academic Articles,stereo mission,0,12840,0.002185752592608647
Academic Articles,solar storm,0,12390,0.0016623211854425713
Academic Articles,storm traversing,0,12948,0.002185752592608647
Academic Articles,traversing solar,0,14010,0.002185752592608647
Academic Articles,system misalignment,0,13426,0.002185752592608647
Academic Articles,misalignment could,0,8033,0.002185752592608647
Academic Articles,could loss,0,2531,0.002185752592608647
Academic Articles,loss since,0,7487,0.002185752592608647
Academic Articles,since longer,0,12145,0.002185752592608647
Academic Articles,longer time,0,7476,0.002185752592608647
Academic Articles,time problem,0,13810,0.002185752592608647
Academic Articles,problem limited,0,10274,0.002185752592608647
Academic Articles,limited reaction,0,7399,0.002185752592608647
Academic Articles,reaction time,0,10849,0.002185752592608647
Academic Articles,mission reason,0,8074,0.002185752592608647
Academic Articles,reason galactic,0,10876,0.002185752592608647
Academic Articles,galactic energetic,0,5444,0.002185752592608647
Academic Articles,particle cosmic,0,9379,0.002185752592608647
Academic Articles,cosmic supernova,0,2489,0.002185752592608647
Academic Articles,supernova inversely,0,13256,0.002185752592608647
Academic Articles,inversely activity,0,6789,0.002185752592608647
Academic Articles,activity weak,0,299,0.0016623211854425713
Academic Articles,weak solar,0,14622,0.0016623211854425713
Academic Articles,solar total,0,12400,0.002185752592608647
Academic Articles,total ionization,0,13891,0.002185752592608647
Academic Articles,ionization dose,0,6814,0.002185752592608647
Academic Articles,dose solar,0,3544,0.002185752592608647
Academic Articles,energetic extra,0,3991,0.002185752592608647
Academic Articles,extra sporadic,0,4540,0.002185752592608647
Academic Articles,sporadic primary,0,12711,0.002185752592608647
Academic Articles,primary travel,0,10230,0.002185752592608647
Academic Articles,travel recently,0,14003,0.002185752592608647
Academic Articles,recently radiation,0,10908,0.002185752592608647
Academic Articles,dose received,0,3543,0.002185752592608647
Academic Articles,received lifelong,0,10880,0.002185752592608647
Academic Articles,lifelong fast,0,7281,0.002185752592608647
Academic Articles,fast solar,0,4632,0.002185752592608647
Academic Articles,plasma reach,0,9815,0.002185752592608647
Academic Articles,reach planetary,0,10835,0.002185752592608647
Academic Articles,planetary various,0,9781,0.002185752592608647
Academic Articles,various atmospheric,0,14444,0.002185752592608647
Academic Articles,atmospheric effect,0,1055,0.002185752592608647
Academic Articles,effect possible,0,3759,0.002185752592608647
Academic Articles,possible spectacular,0,9975,0.002185752592608647
Academic Articles,spectacular apart,0,12650,0.002185752592608647
Academic Articles,apart earth,0,717,0.002185752592608647
Academic Articles,earth around,0,3640,0.0016623211854425713
Academic Articles,around magnetic,0,839,0.002185752592608647
Academic Articles,magnetic surface,0,7629,0.002185752592608647
Academic Articles,surface magnetic,0,13303,0.004371505185217294
Academic Articles,magnetic large,0,7602,0.002185752592608647
Academic Articles,large planetary,0,7094,0.002185752592608647
Academic Articles,planetary terrestrial,0,9780,0.002185752592608647
Academic Articles,terrestrial solar,0,13619,0.002185752592608647
Academic Articles,activity magnetic,0,238,0.0016623211854425713
Academic Articles,magnetic planetary,0,7612,0.002185752592608647
Academic Articles,planetary reconnection,0,9777,0.002185752592608647
Academic Articles,reconnection take,0,10922,0.002185752592608647
Academic Articles,place field,0,9747,0.002185752592608647
Academic Articles,line reconstruction,0,7421,0.002185752592608647
Academic Articles,reconstruction current,0,10924,0.002185752592608647
Academic Articles,current finally,0,2692,0.002185752592608647
Academic Articles,finally horizontal,0,4871,0.002185752592608647
Academic Articles,horizontal terrestrial,0,6042,0.002185752592608647
Academic Articles,wind primary,0,15145,0.002185752592608647
Academic Articles,primary driver,0,10223,0.002185752592608647
Academic Articles,driver apart,0,3581,0.002185752592608647
Academic Articles,apart surface,0,720,0.002185752592608647
Academic Articles,field effect,0,4680,0.0016623211854425713
Academic Articles,phenomenon enhancement,0,9643,0.002185752592608647
Academic Articles,enhancement secondary,0,4083,0.002185752592608647
Academic Articles,secondary particle,0,11824,0.002185752592608647
Academic Articles,particle atmospheric,0,9375,0.002185752592608647
Academic Articles,atmospheric thus,0,1069,0.002185752592608647
Academic Articles,thus particle,0,13743,0.002185752592608647
Academic Articles,particle radiation,0,9400,0.006557257777825942
Academic Articles,radiation atmosphere,0,10644,0.002185752592608647
Academic Articles,atmosphere secondary,0,1039,0.002185752592608647
Academic Articles,secondary cause,0,11822,0.002185752592608647
Academic Articles,cause additional,0,1619,0.004371505185217294
Academic Articles,additional radiation,0,344,0.004371505185217294
Academic Articles,radiation aircraft,0,10642,0.002185752592608647
Academic Articles,aircraft ground,0,494,0.002185752592608647
Academic Articles,ground equipment,0,5817,0.002185752592608647
Academic Articles,equipment include,0,4204,0.002185752592608647
Academic Articles,include telluric,0,6302,0.002185752592608647
Academic Articles,telluric induced,0,13583,0.002185752592608647
Academic Articles,induced magnetic,0,6392,0.002185752592608647
Academic Articles,magnetic interference,0,7597,0.002185752592608647
Academic Articles,interference practical,0,6731,0.002185752592608647
Academic Articles,practical induced,0,10076,0.002185752592608647
Academic Articles,induced intense,0,6391,0.002185752592608647
Academic Articles,intense conductive,0,6676,0.002185752592608647
Academic Articles,conductive like,0,2260,0.002185752592608647
Academic Articles,like power,0,7319,0.002185752592608647
Academic Articles,power rare,0,10062,0.002185752592608647
Academic Articles,rare transformer,0,10814,0.002185752592608647
Academic Articles,transformer damage,0,13966,0.002185752592608647
Academic Articles,damage example,0,2776,0.002185752592608647
Academic Articles,example without,0,4451,0.002185752592608647
Academic Articles,without strict,0,15207,0.002185752592608647
Academic Articles,strict ensure,0,13019,0.002185752592608647
Academic Articles,ensure large,0,4114,0.002185752592608647
Academic Articles,large phenomenon,0,7093,0.002185752592608647
Academic Articles,phenomenon although,0,9639,0.002185752592608647
Academic Articles,although rarely,0,569,0.002185752592608647
Academic Articles,rarely occur,0,10815,0.002185752592608647
Academic Articles,occur substantial,0,9001,0.002185752592608647
Academic Articles,substantial society,0,13092,0.002185752592608647
Academic Articles,society event,0,12262,0.002185752592608647
Academic Articles,event devastating,0,4315,0.002185752592608647
Academic Articles,devastating current,0,3265,0.002185752592608647
Academic Articles,current technological,0,2725,0.002185752592608647
Academic Articles,technological age,0,13545,0.002185752592608647
Academic Articles,age research,0,447,0.002185752592608647
Academic Articles,topic representative,0,13880,0.002185752592608647
Academic Articles,representative task,0,11165,0.002185752592608647
Academic Articles,task go,0,13516,0.002185752592608647
Academic Articles,go beyond,0,5679,0.002185752592608647
Academic Articles,beyond concise,0,1377,0.002185752592608647
Academic Articles,concise report,0,2245,0.002185752592608647
Academic Articles,report instead,0,11149,0.002185752592608647
Academic Articles,instead many,0,6637,0.002185752592608647
Academic Articles,many preferred,0,7755,0.002185752592608647
Academic Articles,preferred contain,0,10138,0.002185752592608647
Academic Articles,contain many,0,2352,0.002185752592608647
Academic Articles,many relevant,0,7757,0.002185752592608647
Academic Articles,relevant aim,0,11081,0.002185752592608647
Academic Articles,aim hereto,0,486,0.002185752592608647
Academic Articles,hereto outline,0,5955,0.002185752592608647
Academic Articles,outline effect,0,9251,0.002185752592608647
Academic Articles,effect terrestrial,0,3774,0.002185752592608647
Academic Articles,atmosphere vary,0,1046,0.002185752592608647
Academic Articles,vary local,0,14471,0.002185752592608647
Academic Articles,local environment,0,7447,0.002185752592608647
Academic Articles,environment surrounding,0,4177,0.002185752592608647
Academic Articles,surrounding several,0,13318,0.002185752592608647
Academic Articles,several used,0,11983,0.002185752592608647
Academic Articles,used earth,0,14332,0.002185752592608647
Academic Articles,earth stationary,0,3674,0.002185752592608647
Academic Articles,stationary many,0,12802,0.002185752592608647
Academic Articles,many astronomical,0,7736,0.002185752592608647
Academic Articles,astronomical always,0,993,0.002185752592608647
Academic Articles,always facing,0,579,0.002185752592608647
Academic Articles,facing common,0,4564,0.002185752592608647
Academic Articles,common geo,0,2033,0.002185752592608647
Academic Articles,orbit polar,0,9186,0.002185752592608647
Academic Articles,space terrestrial,0,12582,0.0016623211854425713
Academic Articles,terrestrial thus,0,13621,0.002185752592608647
Academic Articles,thus plasma,0,13745,0.002185752592608647
Academic Articles,plasma particle,0,9807,0.002185752592608647
Academic Articles,particle require,0,9401,0.002185752592608647
Academic Articles,require different,0,11178,0.002185752592608647
Academic Articles,different forecasting,0,3317,0.002185752592608647
Academic Articles,forecasting driver,0,5232,0.002185752592608647
Academic Articles,driver therein,0,3583,0.002185752592608647
Academic Articles,therein interact,0,13670,0.002185752592608647
Academic Articles,interact hardware,0,6695,0.002185752592608647
Academic Articles,hardware aboard,0,5898,0.002185752592608647
Academic Articles,aboard sporadic,0,8,0.002185752592608647
Academic Articles,sporadic ultraviolet,0,12712,0.002185752592608647
Academic Articles,ultraviolet radiation,0,14078,0.002185752592608647
Academic Articles,radiation upper,0,10695,0.002185752592608647
Academic Articles,atmosphere namely,0,1031,0.002185752592608647
Academic Articles,namely ionosphere,0,8361,0.002185752592608647
Academic Articles,ionospheric several,0,6890,0.002185752592608647
Academic Articles,several work,0,11984,0.002185752592608647
Academic Articles,work performance,0,15216,0.002185752592608647
Academic Articles,performance effect,0,9511,0.002185752592608647
Academic Articles,effect known,0,3748,0.002185752592608647
Academic Articles,known many,0,7054,0.002185752592608647
Academic Articles,many perturbed,0,7752,0.002185752592608647
Academic Articles,perturbed ionosphere,0,9628,0.002185752592608647
Academic Articles,ionosphere cause,0,6821,0.002185752592608647
Academic Articles,cause delay,0,1622,0.002185752592608647
Academic Articles,delay distortion,0,3151,0.002185752592608647
Academic Articles,distortion propagation,0,3473,0.002185752592608647
Academic Articles,propagation delay,0,10408,0.002185752592608647
Academic Articles,delay since,0,3154,0.002185752592608647
Academic Articles,since ionosphere,0,12144,0.002185752592608647
Academic Articles,ionosphere propagation,0,6851,0.002185752592608647
Academic Articles,propagation path,0,10416,0.002185752592608647
Academic Articles,path signal,0,9471,0.002185752592608647
Academic Articles,signal thus,0,12070,0.002185752592608647
Academic Articles,thus affecting,0,13729,0.002185752592608647
Academic Articles,affecting communication,0,437,0.0016623211854425713
Academic Articles,navigation ionospheric,0,8408,0.002185752592608647
Academic Articles,ionospheric density,0,6873,0.002185752592608647
Academic Articles,density scintillation,0,3199,0.002185752592608647
Academic Articles,scintillation radio,0,11790,0.002185752592608647
Academic Articles,radio density,0,10709,0.002185752592608647
Academic Articles,density ionospheric,0,3193,0.002185752592608647
Academic Articles,ionospheric less,0,6883,0.002185752592608647
Academic Articles,less common,0,7255,0.002185752592608647
Academic Articles,common direct,0,2032,0.002185752592608647
Academic Articles,direct radar,0,3357,0.002185752592608647
Academic Articles,radar radio,0,10636,0.002185752592608647
Academic Articles,radio traffic,0,10748,0.002185752592608647
Academic Articles,traffic control,0,13934,0.002185752592608647
Academic Articles,control disturbance,0,2403,0.002185752592608647
Academic Articles,disturbance magnetic,0,3492,0.002185752592608647
Academic Articles,magnetic magnetic,0,7605,0.0016623211854425713
Academic Articles,magnetic signal,0,7622,0.002185752592608647
Academic Articles,signal degradation,0,12063,0.002185752592608647
Academic Articles,degradation atmospheric,0,3141,0.002185752592608647
Academic Articles,drag plasma,0,3558,0.002185752592608647
Academic Articles,plasma plasma,0,9811,0.002185752592608647
Academic Articles,field orientation,0,4729,0.002185752592608647
Academic Articles,orientation terrestrial,0,9221,0.002185752592608647
Academic Articles,terrestrial dipole,0,13610,0.002185752592608647
Academic Articles,dipole complex,0,3354,0.002185752592608647
Academic Articles,complex often,0,2150,0.002185752592608647
Academic Articles,often combined,0,9026,0.002185752592608647
Academic Articles,combined effect,0,1942,0.002185752592608647
Academic Articles,effect upper,0,3779,0.002185752592608647
Academic Articles,atmosphere related,0,1036,0.002185752592608647
Academic Articles,related frequent,0,11054,0.002185752592608647
Academic Articles,frequent neutral,0,5340,0.002185752592608647
Academic Articles,neutral atmospheric,0,8588,0.002185752592608647
Academic Articles,drag affecting,0,3550,0.002185752592608647
Academic Articles,affecting mostly,0,439,0.002185752592608647
Academic Articles,mostly low,0,8276,0.002185752592608647
Academic Articles,orbit result,0,9190,0.002185752592608647
Academic Articles,result altitude,0,11398,0.002185752592608647
Academic Articles,altitude gradually,0,573,0.002185752592608647
Academic Articles,gradually loss,0,5743,0.002185752592608647
Academic Articles,loss fuel,0,7485,0.002185752592608647
Academic Articles,fuel exhaustion,0,5351,0.002185752592608647
Academic Articles,exhaustion mission,0,4461,0.002185752592608647
Academic Articles,mission fuel,0,8062,0.002185752592608647
Academic Articles,fuel mean,0,5352,0.002185752592608647
Academic Articles,mean thus,0,7858,0.002185752592608647
Academic Articles,thus major,0,13737,0.002185752592608647
Academic Articles,major effect,0,7671,0.002185752592608647
Academic Articles,effect namely,0,3752,0.002185752592608647
Academic Articles,namely carry,0,8360,0.002185752592608647
Academic Articles,carry significant,0,1603,0.002185752592608647
Academic Articles,significant risk,0,12099,0.002185752592608647
Academic Articles,risk marine,0,11460,0.002185752592608647
Academic Articles,marine underground,0,7770,0.002185752592608647
Academic Articles,underground infrastructure,0,14105,0.002185752592608647
Academic Articles,infrastructure energetic,0,6516,0.002185752592608647
Academic Articles,energetic heavy,0,3993,0.002185752592608647
Academic Articles,heavy event,0,5926,0.002185752592608647
Academic Articles,event earth,0,4317,0.002185752592608647
Academic Articles,earth immediate,0,3658,0.002185752592608647
Academic Articles,immediate cause,0,6166,0.002185752592608647
Academic Articles,cause many,0,1634,0.002185752592608647
Academic Articles,many deleterious,0,7745,0.002185752592608647
Academic Articles,deleterious effect,0,3155,0.002185752592608647
Academic Articles,effect accelerate,0,3718,0.002185752592608647
Academic Articles,accelerate material,0,23,0.002185752592608647
Academic Articles,material electrical,0,7825,0.002185752592608647
Academic Articles,electrical optical,0,3866,0.002185752592608647
Academic Articles,optical gradually,0,9136,0.002185752592608647
Academic Articles,gradually reduce,0,5746,0.002185752592608647
Academic Articles,reduce cause,0,10935,0.002185752592608647
Academic Articles,cause device,0,1624,0.002185752592608647
Academic Articles,device leakage,0,3295,0.002185752592608647
Academic Articles,leakage power,0,7202,0.002185752592608647
Academic Articles,power consumption,0,10041,0.002185752592608647
Academic Articles,consumption eventually,0,2349,0.002185752592608647
Academic Articles,eventually decrease,0,4370,0.002185752592608647
Academic Articles,decrease overall,0,3116,0.002185752592608647
Academic Articles,overall space,0,9281,0.004371505185217294
Academic Articles,space particle,0,12553,0.002185752592608647
Academic Articles,particle specie,0,9404,0.002185752592608647
Academic Articles,specie origin,0,12629,0.002185752592608647
Academic Articles,origin table,0,9227,0.002185752592608647
Academic Articles,table whereas,0,13474,0.002185752592608647
Academic Articles,whereas vulnerable,0,15001,0.002185752592608647
Academic Articles,vulnerable physical,0,14551,0.002185752592608647
Academic Articles,physical particle,0,9720,0.002185752592608647
Academic Articles,particle interaction,0,9391,0.002185752592608647
Academic Articles,interaction various,0,6709,0.002185752592608647
Academic Articles,various energy,0,14451,0.002185752592608647
Academic Articles,energy dose,0,4008,0.002185752592608647
Academic Articles,dose effect,0,3541,0.002185752592608647
Academic Articles,effect semiconductor,0,3769,0.002185752592608647
Academic Articles,semiconductor lattice,0,11887,0.002185752592608647
Academic Articles,lattice damage,0,7148,0.002185752592608647
Academic Articles,damage dose,0,2774,0.002185752592608647
Academic Articles,dose electronics,0,3542,0.002185752592608647
Academic Articles,electronics single,0,3927,0.002185752592608647
Academic Articles,single event,0,12163,0.002185752592608647
Academic Articles,event effect,0,4318,0.002185752592608647
Academic Articles,effect latter,0,3749,0.002185752592608647
Academic Articles,latter mostly,0,7146,0.002185752592608647
Academic Articles,mostly related,0,8286,0.002185752592608647
Academic Articles,related extreme,0,11053,0.002185752592608647
Academic Articles,extreme require,0,4549,0.002185752592608647
Academic Articles,require power,0,11197,0.002185752592608647
Academic Articles,power system,0,10067,0.0016623211854425713
Academic Articles,system effect,0,13403,0.002185752592608647
Academic Articles,effect irreversible,0,3746,0.002185752592608647
Academic Articles,irreversible surface,0,6910,0.002185752592608647
Academic Articles,surface charging,0,13298,0.002185752592608647
Academic Articles,charging effect,0,1806,0.004371505185217294
Academic Articles,effect cause,0,3723,0.002185752592608647
Academic Articles,cause charge,0,1621,0.002185752592608647
Academic Articles,charge buildup,0,1802,0.002185752592608647
Academic Articles,buildup potential,0,1511,0.002185752592608647
Academic Articles,potential different,0,9997,0.002185752592608647
Academic Articles,different thus,0,3336,0.002185752592608647
Academic Articles,thus serious,0,13749,0.002185752592608647
Academic Articles,serious risk,0,11916,0.002185752592608647
Academic Articles,risk alternatively,0,11454,0.002185752592608647
Academic Articles,alternatively deep,0,553,0.002185752592608647
Academic Articles,deep dielectric,0,3123,0.002185752592608647
Academic Articles,dielectric charging,0,3301,0.002185752592608647
Academic Articles,effect causing,0,3724,0.002185752592608647
Academic Articles,causing inside,0,1644,0.002185752592608647
Academic Articles,inside engineering,0,6631,0.002185752592608647
Academic Articles,engineering either,0,4038,0.002185752592608647
Academic Articles,either mitigation,0,3825,0.002185752592608647
Academic Articles,mitigation given,0,8091,0.002185752592608647
Academic Articles,given main,0,5606,0.002185752592608647
Academic Articles,main effect,0,7655,0.002185752592608647
Academic Articles,effect radiation,0,3763,0.002185752592608647
Academic Articles,effect total,0,3777,0.0016623211854425713
Academic Articles,total dose,0,13886,0.002185752592608647
Academic Articles,dose displacement,0,3540,0.002185752592608647
Academic Articles,displacement damage,0,3460,0.002185752592608647
Academic Articles,damage dielectric,0,2773,0.002185752592608647
Academic Articles,dielectric cell,0,3300,0.002185752592608647
Academic Articles,cell degradation,0,1653,0.002185752592608647
Academic Articles,degradation material,0,3143,0.002185752592608647
Academic Articles,material notable,0,7826,0.002185752592608647
Academic Articles,notable satellite,0,8810,0.002185752592608647
Academic Articles,satellite historical,0,11572,0.002185752592608647
Academic Articles,historical satellite,0,6024,0.002185752592608647
Academic Articles,satellite disclosure,0,11560,0.002185752592608647
Academic Articles,disclosure academic,0,3395,0.002185752592608647
Academic Articles,academic large,0,17,0.002185752592608647
Academic Articles,large satellite,0,7096,0.002185752592608647
Academic Articles,satellite add,0,11550,0.002185752592608647
Academic Articles,add significant,0,319,0.002185752592608647
Academic Articles,significant radio,0,12098,0.002185752592608647
Academic Articles,radio major,0,10724,0.002185752592608647
Academic Articles,major storm,0,7686,0.002185752592608647
Academic Articles,storm recent,0,12933,0.002185752592608647
Academic Articles,recent storm,0,10894,0.002185752592608647
Academic Articles,storm overall,0,12921,0.002185752592608647
Academic Articles,center metric,0,1687,0.002185752592608647
Academic Articles,metric general,0,7954,0.002185752592608647
Academic Articles,general guidance,0,5468,0.002185752592608647
Academic Articles,guidance probable,0,5876,0.002185752592608647
Academic Articles,probable corrective,0,10254,0.002185752592608647
Academic Articles,corrective orbital,0,2481,0.002185752592608647
Academic Articles,orbital drag,0,9206,0.002185752592608647
Academic Articles,drag forecast,0,3554,0.002185752592608647
Academic Articles,forecast empirical,0,5169,0.002185752592608647
Academic Articles,empirical neutral,0,3956,0.002185752592608647
Academic Articles,model used,0,8153,0.002185752592608647
Academic Articles,used launch,0,14338,0.002185752592608647
Academic Articles,launch perigee,0,7163,0.002185752592608647
Academic Articles,perigee launch,0,9521,0.002185752592608647
Academic Articles,launch recovery,0,7167,0.002185752592608647
Academic Articles,recovery alternative,0,10930,0.002185752592608647
Academic Articles,alternative geomagnetic,0,551,0.002185752592608647
Academic Articles,index first,0,6369,0.002185752592608647
Academic Articles,first storm,0,4924,0.002185752592608647
Academic Articles,storm exact,0,12888,0.002185752592608647
Academic Articles,exact respectively,0,4403,0.002185752592608647
Academic Articles,respectively despite,0,11370,0.002185752592608647
Academic Articles,despite modest,0,3243,0.002185752592608647
Academic Articles,modest noted,0,8238,0.002185752592608647
Academic Articles,noted launch,0,8838,0.002185752592608647
Academic Articles,launch took,0,7173,0.002185752592608647
Academic Articles,took time,0,13868,0.002185752592608647
Academic Articles,time neutral,0,13801,0.002185752592608647
Academic Articles,density maximum,0,3195,0.002185752592608647
Academic Articles,maximum increase,0,7843,0.002185752592608647
Academic Articles,increase first,0,6336,0.002185752592608647
Academic Articles,first time,0,4927,0.002185752592608647
Academic Articles,time drag,0,13773,0.002185752592608647
Academic Articles,drag previous,0,3559,0.002185752592608647
Academic Articles,previous ultimately,0,10205,0.002185752592608647
Academic Articles,ultimately next,0,14070,0.002185752592608647
Academic Articles,next initial,0,8718,0.002185752592608647
Academic Articles,initial solar,0,6602,0.002185752592608647
Academic Articles,wind shock,0,15161,0.002185752592608647
Academic Articles,shock detail,0,12020,0.002185752592608647
Academic Articles,detail active,0,3249,0.002185752592608647
Academic Articles,region multiple,0,11013,0.002185752592608647
Academic Articles,multiple day,0,8324,0.002185752592608647
Academic Articles,day prior,0,3062,0.004371505185217294
Academic Articles,prior launch,0,10232,0.004371505185217294
Academic Articles,launch among,0,7149,0.002185752592608647
Academic Articles,among faster,0,593,0.002185752592608647
Academic Articles,faster whereas,0,4644,0.002185752592608647
Academic Articles,whereas graduated,0,14997,0.002185752592608647
Academic Articles,graduated cylindrical,0,5751,0.002185752592608647
Academic Articles,cylindrical shell,0,2768,0.002185752592608647
Academic Articles,shell respectively,0,12009,0.002185752592608647
Academic Articles,respectively complex,0,11369,0.002185752592608647
Academic Articles,complex profile,0,2153,0.002185752592608647
Academic Articles,profile decrease,0,10353,0.002185752592608647
Academic Articles,decrease recovery,0,3117,0.002185752592608647
Academic Articles,recovery phase,0,10931,0.002185752592608647
Academic Articles,phase extended,0,9633,0.002185752592608647
Academic Articles,extended minimum,0,4525,0.002185752592608647
Academic Articles,minimum many,0,8002,0.002185752592608647
Academic Articles,many detailed,0,7746,0.002185752592608647
Academic Articles,detailed flux,0,3252,0.002185752592608647
Academic Articles,rope solar,0,11482,0.002185752592608647
Academic Articles,wind previous,0,15143,0.002185752592608647
Academic Articles,previous failure,0,10196,0.002185752592608647
Academic Articles,failure neutral,0,4591,0.002185752592608647
Academic Articles,neutral use,0,8601,0.002185752592608647
Academic Articles,use observational,0,14314,0.002185752592608647
Academic Articles,observational data,0,8918,0.002185752592608647
Academic Articles,data detail,0,2848,0.002185752592608647
Academic Articles,detail point,0,3250,0.002185752592608647
Academic Articles,point atmospheric,0,9832,0.002185752592608647
Academic Articles,drag enhanced,0,3551,0.002185752592608647
Academic Articles,enhanced neutral,0,4068,0.002185752592608647
Academic Articles,neutral different,0,8593,0.002185752592608647
Academic Articles,different ranging,0,3329,0.002185752592608647
Academic Articles,ranging end,0,10792,0.002185752592608647
Academic Articles,end highest,0,3977,0.002185752592608647
Academic Articles,highest atmospheric,0,6014,0.002185752592608647
Academic Articles,drag primary,0,3560,0.002185752592608647
Academic Articles,primary suspect,0,10229,0.002185752592608647
Academic Articles,suspect notable,0,13340,0.002185752592608647
Academic Articles,notable irradiance,0,8808,0.002185752592608647
Academic Articles,irradiance storm,0,6906,0.002185752592608647
Academic Articles,storm exposure,0,12889,0.002185752592608647
Academic Articles,exposure energetic,0,4514,0.002185752592608647
Academic Articles,energetic might,0,3994,0.002185752592608647
Academic Articles,might satellite,0,7978,0.002185752592608647
Academic Articles,satellite failure,0,11568,0.002185752592608647
Academic Articles,failure previous,0,4592,0.002185752592608647
Academic Articles,previous research,0,10202,0.004371505185217294
Academic Articles,research noted,0,11283,0.002185752592608647
Academic Articles,noted period,0,8846,0.002185752592608647
Academic Articles,period since,0,9575,0.0016623211854425713
Academic Articles,since timing,0,12156,0.002185752592608647
Academic Articles,timing available,0,13840,0.002185752592608647
Academic Articles,available identify,0,1143,0.002185752592608647
Academic Articles,identify geomagnetic,0,6131,0.002185752592608647
Academic Articles,geomagnetic well,0,5561,0.002185752592608647
Academic Articles,well satellite,0,14951,0.002185752592608647
Academic Articles,satellite proxy,0,11589,0.002185752592608647
Academic Articles,proxy geomagnetic,0,10532,0.002185752592608647
Academic Articles,geomagnetic launch,0,5525,0.002185752592608647
Academic Articles,launch time,0,7172,0.004371505185217294
Academic Articles,time launch,0,13793,0.002185752592608647
Academic Articles,launch comparative,0,7152,0.002185752592608647
Academic Articles,comparative space,0,2125,0.002185752592608647
Academic Articles,weather complement,0,14668,0.002185752592608647
Academic Articles,complement brief,0,2129,0.002185752592608647
Academic Articles,brief literature,0,1482,0.002185752592608647
Academic Articles,literature satellite,0,7438,0.002185752592608647
Academic Articles,satellite period,0,11585,0.002185752592608647
Academic Articles,period first,0,9544,0.002185752592608647
Academic Articles,first nearest,0,4912,0.002185752592608647
Academic Articles,nearest launch,0,8451,0.002185752592608647
Academic Articles,launch provisional,0,7164,0.002185752592608647
Academic Articles,provisional time,0,10530,0.002185752592608647
Academic Articles,time day,0,13770,0.002185752592608647
Academic Articles,day around,0,3045,0.002185752592608647
Academic Articles,around entire,0,830,0.002185752592608647
Academic Articles,entire index,0,4122,0.002185752592608647
Academic Articles,index table,0,6374,0.002185752592608647
Academic Articles,table degree,0,13466,0.002185752592608647
Academic Articles,degree subjectively,0,3148,0.002185752592608647
Academic Articles,subjectively chosen,0,13078,0.002185752592608647
Academic Articles,chosen double,0,1825,0.002185752592608647
Academic Articles,double profile,0,3547,0.002185752592608647
Academic Articles,profile occur,0,10354,0.002185752592608647
Academic Articles,occur around,0,8990,0.002185752592608647
Academic Articles,around always,0,818,0.002185752592608647
Academic Articles,always weak,0,583,0.002185752592608647
Academic Articles,weak geomagnetic,0,14609,0.002185752592608647
Academic Articles,geomagnetic despite,0,5504,0.002185752592608647
Academic Articles,despite steplike,0,3246,0.002185752592608647
Academic Articles,steplike recovery,0,12837,0.002185752592608647
Academic Articles,recovery profile,0,10932,0.002185752592608647
Academic Articles,profile table,0,10355,0.002185752592608647
Academic Articles,table listed,0,13469,0.002185752592608647
Academic Articles,listed six,0,7435,0.002185752592608647
Academic Articles,six shock,0,12190,0.002185752592608647
Academic Articles,shock ranging,0,12023,0.002185752592608647
Academic Articles,ranging list,0,10794,0.002185752592608647
Academic Articles,list shock,0,7432,0.004371505185217294
Academic Articles,shock wind,0,12033,0.002185752592608647
Academic Articles,data value,0,3029,0.002185752592608647
Academic Articles,value southward,0,14404,0.002185752592608647
Academic Articles,southward magnetic,0,12484,0.002185752592608647
Academic Articles,component interplanetary,0,2178,0.002185752592608647
Academic Articles,field failure,0,4687,0.002185752592608647
Academic Articles,failure case,0,4587,0.004371505185217294
Academic Articles,case second,0,1610,0.002185752592608647
Academic Articles,second observe,0,11814,0.002185752592608647
Academic Articles,observe list,0,8966,0.002185752592608647
Academic Articles,shock speed,0,12032,0.002185752592608647
Academic Articles,speed fast,0,12667,0.002185752592608647
Academic Articles,fast incoming,0,4629,0.002185752592608647
Academic Articles,incoming earth,0,6320,0.002185752592608647
Academic Articles,earth factor,0,3652,0.002185752592608647
Academic Articles,factor whereas,0,4580,0.002185752592608647
Academic Articles,whereas usually,0,15000,0.002185752592608647
Academic Articles,usually data,0,14362,0.002185752592608647
Academic Articles,data abrupt,0,2788,0.002185752592608647
Academic Articles,abrupt period,0,9,0.002185752592608647
Academic Articles,period day,0,9534,0.002185752592608647
Academic Articles,day launch,0,3053,0.0033246423708851425
Academic Articles,launch exact,0,7156,0.002185752592608647
Academic Articles,exact see,0,4404,0.002185752592608647
Academic Articles,table second,0,13472,0.002185752592608647
Academic Articles,second list,0,11812,0.002185752592608647
Academic Articles,list positive,0,7431,0.002185752592608647
Academic Articles,positive trend,0,9950,0.002185752592608647
Academic Articles,trend index,0,14015,0.002185752592608647
Academic Articles,index sample,0,6372,0.002185752592608647
Academic Articles,sample event,0,11538,0.002185752592608647
Academic Articles,event scatter,0,4348,0.002185752592608647
Academic Articles,scatter particle,0,11675,0.002185752592608647
Academic Articles,particle launch,0,9393,0.002185752592608647
Academic Articles,launch effect,0,7154,0.002185752592608647
Academic Articles,effect emission,0,3734,0.002185752592608647
Academic Articles,emission particle,0,3951,0.004371505185217294
Academic Articles,radiation potential,0,10678,0.002185752592608647
Academic Articles,potential additional,0,9990,0.002185752592608647
Academic Articles,additional risk,0,346,0.002185752592608647
Academic Articles,risk ongoing,0,11463,0.002185752592608647
Academic Articles,ongoing geomagnetic,0,9045,0.002185752592608647
Academic Articles,disturbance information,0,3490,0.002185752592608647
Academic Articles,information solar,0,6482,0.002185752592608647
Academic Articles,solar additionally,0,12275,0.002185752592608647
Academic Articles,additionally see,0,353,0.002185752592608647
Academic Articles,see data,0,11849,0.0016623211854425713
Academic Articles,similar proton,0,12111,0.002185752592608647
Academic Articles,electron particle,0,3908,0.002185752592608647
Academic Articles,particle selected,0,9402,0.002185752592608647
Academic Articles,selected occur,0,11885,0.002185752592608647
Academic Articles,occur launch,0,8993,0.002185752592608647
Academic Articles,launch event,0,7155,0.004371505185217294
Academic Articles,event table,0,4356,0.002185752592608647
Academic Articles,table six,0,13473,0.002185752592608647
Academic Articles,six emission,0,12182,0.002185752592608647
Academic Articles,emission found,0,3950,0.002185752592608647
Academic Articles,found either,0,5286,0.002185752592608647
Academic Articles,either case,0,3820,0.002185752592608647
Academic Articles,case shortly,0,1612,0.002185752592608647
Academic Articles,shortly launch,0,12037,0.002185752592608647
Academic Articles,launch coincidence,0,7151,0.002185752592608647
Academic Articles,coincidence several,0,1894,0.002185752592608647
Academic Articles,several following,0,11967,0.002185752592608647
Academic Articles,following launch,0,5118,0.004371505185217294
Academic Articles,event proton,0,4343,0.0016623211854425713
Academic Articles,electron ongoing,0,3906,0.002185752592608647
Academic Articles,ongoing launch,0,9047,0.002185752592608647
Academic Articles,launch however,0,7159,0.004371505185217294
Academic Articles,however negligible,0,6084,0.002185752592608647
Academic Articles,negligible particle,0,8560,0.002185752592608647
Academic Articles,particle mission,0,9396,0.002185752592608647
Academic Articles,mission performance,0,8073,0.002185752592608647
Academic Articles,performance launch,0,9515,0.002185752592608647
Academic Articles,time might,0,13799,0.002185752592608647
Academic Articles,might launch,0,7974,0.002185752592608647
Academic Articles,launch rather,0,7166,0.002185752592608647
Academic Articles,rather weak,0,10825,0.002185752592608647
Academic Articles,weak namely,0,14615,0.002185752592608647
Academic Articles,namely radiation,0,8362,0.002185752592608647
Academic Articles,environment relatively,0,4166,0.002185752592608647
Academic Articles,relatively quiet,0,11067,0.0016623211854425713
Academic Articles,quiet background,0,10596,0.0016623211854425713
Academic Articles,background selected,0,1215,0.002185752592608647
Academic Articles,selected see,0,11886,0.002185752592608647
Academic Articles,see failure,0,11852,0.002185752592608647
Academic Articles,case several,0,1611,0.002185752592608647
Academic Articles,several actual,0,11962,0.002185752592608647
Academic Articles,actual launch,0,306,0.002185752592608647
Academic Articles,however since,0,6098,0.002185752592608647
Academic Articles,since failure,0,12141,0.002185752592608647
Academic Articles,failure several,0,4593,0.002185752592608647
Academic Articles,several day,0,11963,0.002185752592608647
Academic Articles,launch radiation,0,7165,0.002185752592608647
Academic Articles,radiation exposure,0,10660,0.0016623211854425713
Academic Articles,exposure effect,0,4513,0.002185752592608647
Academic Articles,effect origin,0,3755,0.002185752592608647
Academic Articles,origin still,0,9225,0.002185752592608647
Academic Articles,still hazardous,0,12848,0.002185752592608647
Academic Articles,hazardous satellite,0,5911,0.002185752592608647
Academic Articles,satellite time,0,11598,0.002185752592608647
Academic Articles,time time,0,13826,0.0016623211854425713
Academic Articles,figure left,0,4808,0.002185752592608647
Academic Articles,left right,0,7243,0.002185752592608647
Academic Articles,right positive,0,11436,0.002185752592608647
Academic Articles,positive denote,0,9931,0.002185752592608647
Academic Articles,denote deployment,0,3176,0.002185752592608647
Academic Articles,deployment whereas,0,3211,0.002185752592608647
Academic Articles,whereas negative,0,14998,0.002185752592608647
Academic Articles,negative time,0,8553,0.002185752592608647
Academic Articles,time denote,0,13771,0.002185752592608647
Academic Articles,denote successive,0,3177,0.002185752592608647
Academic Articles,successive take,0,13104,0.002185752592608647
Academic Articles,place case,0,9746,0.002185752592608647
Academic Articles,case relatively,0,1609,0.002185752592608647
Academic Articles,relatively launch,0,11065,0.002185752592608647
Academic Articles,launch list,0,7160,0.002185752592608647
Academic Articles,list particle,0,7430,0.002185752592608647
Academic Articles,particle case,0,9376,0.002185752592608647
Academic Articles,case comparative,0,1607,0.002185752592608647
Academic Articles,comparative failure,0,2124,0.002185752592608647
Academic Articles,failure table,0,4596,0.002185752592608647
Academic Articles,table failure,0,13467,0.002185752592608647
Academic Articles,failure weak,0,4597,0.002185752592608647
Academic Articles,weak flare,0,14608,0.002185752592608647
Academic Articles,flare ending,0,4965,0.002185752592608647
Academic Articles,ending day,0,3988,0.002185752592608647
Academic Articles,launch terrestrial,0,7171,0.002185752592608647
Academic Articles,terrestrial ionosphere,0,13612,0.002185752592608647
Academic Articles,ionosphere could,0,6823,0.002185752592608647
Academic Articles,could table,0,2545,0.002185752592608647
Academic Articles,table phenomenon,0,13471,0.002185752592608647
Academic Articles,phenomenon visual,0,9653,0.002185752592608647
Academic Articles,visual single,0,14540,0.002185752592608647
Academic Articles,single storm,0,12170,0.002185752592608647
Academic Articles,storm limited,0,12908,0.002185752592608647
Academic Articles,limited event,0,7394,0.002185752592608647
Academic Articles,event speculate,0,4353,0.002185752592608647
Academic Articles,speculate launch,0,12657,0.002185752592608647
Academic Articles,launch beyond,0,7150,0.002185752592608647
Academic Articles,beyond certain,0,1376,0.002185752592608647
Academic Articles,certain particle,0,1726,0.002185752592608647
Academic Articles,radiation right,0,10683,0.002185752592608647
Academic Articles,right could,0,11427,0.002185752592608647
Academic Articles,lead future,0,7186,0.002185752592608647
Academic Articles,future atmospheric,0,5412,0.002185752592608647
Academic Articles,drag particle,0,3557,0.002185752592608647
Academic Articles,precipitation additional,0,10080,0.002185752592608647
Academic Articles,additional cause,0,327,0.002185752592608647
Academic Articles,cause failure,0,1626,0.002185752592608647
Academic Articles,failure discussion,0,4589,0.002185752592608647
Academic Articles,discussion previous,0,3417,0.002185752592608647
Academic Articles,research notable,0,11282,0.002185752592608647
Academic Articles,notable failure,0,8806,0.002185752592608647
Academic Articles,failure atmospheric,0,4586,0.002185752592608647
Academic Articles,drag ranging,0,3562,0.002185752592608647
Academic Articles,ranging staging,0,10796,0.002185752592608647
Academic Articles,staging sole,0,12756,0.002185752592608647
Academic Articles,sole cause,0,12410,0.002185752592608647
Academic Articles,cause despite,0,1623,0.002185752592608647
Academic Articles,despite fact,0,3241,0.002185752592608647
Academic Articles,fact latter,0,4573,0.002185752592608647
Academic Articles,latter mass,0,7144,0.002185752592608647
Academic Articles,mass density,0,7785,0.002185752592608647
Academic Articles,density succession,0,3201,0.002185752592608647
Academic Articles,succession day,0,13103,0.002185752592608647
Academic Articles,day accountable,0,3042,0.002185752592608647
Academic Articles,accountable operation,0,46,0.002185752592608647
Academic Articles,operation stability,0,9084,0.002185752592608647
Academic Articles,stability atmospheric,0,12740,0.002185752592608647
Academic Articles,therein well,0,13672,0.002185752592608647
Academic Articles,well known,0,14937,0.002185752592608647
Academic Articles,known global,0,7053,0.002185752592608647
Academic Articles,global neutral,0,5657,0.002185752592608647
Academic Articles,density joule,0,3194,0.002185752592608647
Academic Articles,heating flare,0,5919,0.002185752592608647
Academic Articles,flare emission,0,4964,0.0016623211854425713
Academic Articles,precipitation cause,0,10081,0.002185752592608647
Academic Articles,additional several,0,348,0.002185752592608647
Academic Articles,several empirical,0,11964,0.002185752592608647
Academic Articles,empirical response,0,3957,0.002185752592608647
Academic Articles,response forecasting,0,11377,0.002185752592608647
Academic Articles,forecasting coupling,0,5230,0.002185752592608647
Academic Articles,coupling however,0,2572,0.002185752592608647
Academic Articles,however satellite,0,6092,0.002185752592608647
Academic Articles,satellite present,0,11586,0.002185752592608647
Academic Articles,present research,0,10152,0.002185752592608647
Academic Articles,research satellite,0,11297,0.002185752592608647
Academic Articles,satellite better,0,11552,0.002185752592608647
Academic Articles,better economic,0,1352,0.002185752592608647
Academic Articles,economic raise,0,3699,0.002185752592608647
Academic Articles,raise forecasting,0,10760,0.002185752592608647
Academic Articles,forecasting contrast,0,5229,0.002185752592608647
Academic Articles,contrast data,0,2401,0.002185752592608647
Academic Articles,data study,0,3008,0.002185752592608647
Academic Articles,study solar,0,13069,0.004371505185217294
Academic Articles,solar additional,0,12274,0.002185752592608647
Academic Articles,environment solar,0,4172,0.002185752592608647
Academic Articles,solar importance,0,12332,0.002185752592608647
Academic Articles,importance current,0,6198,0.002185752592608647
Academic Articles,particle component,0,9377,0.002185752592608647
Academic Articles,component responsible,0,2182,0.002185752592608647
Academic Articles,responsible poor,0,11391,0.002185752592608647
Academic Articles,poor performance,0,9906,0.002185752592608647
Academic Articles,performance even,0,9512,0.002185752592608647
Academic Articles,even less,0,4292,0.002185752592608647
Academic Articles,less failure,0,7256,0.002185752592608647
Academic Articles,failure support,0,4595,0.002185752592608647
Academic Articles,support search,0,13280,0.002185752592608647
Academic Articles,search additional,0,11798,0.002185752592608647
Academic Articles,additional cumulative,0,329,0.002185752592608647
Academic Articles,cumulative satellite,0,2662,0.002185752592608647
Academic Articles,satellite industry,0,11574,0.0016623211854425713
Academic Articles,industry need,0,6410,0.002185752592608647
Academic Articles,need economic,0,8475,0.002185752592608647
Academic Articles,economic study,0,3703,0.002185752592608647
Academic Articles,activity ionospheric,0,233,0.002185752592608647
Academic Articles,ionospheric atmospheric,0,6869,0.002185752592608647
Academic Articles,atmospheric index,0,1059,0.002185752592608647
Academic Articles,index period,0,6371,0.002185752592608647
Academic Articles,period around,0,9525,0.002185752592608647
Academic Articles,around notable,0,846,0.002185752592608647
Academic Articles,notable launch,0,8809,0.002185752592608647
Academic Articles,launch storm,0,7169,0.002185752592608647
Academic Articles,storm minor,0,12911,0.002185752592608647
Academic Articles,minor preceding,0,8020,0.002185752592608647
Academic Articles,preceding following,0,10079,0.002185752592608647
Academic Articles,launch related,0,7168,0.002185752592608647
Academic Articles,related ejecta,0,11052,0.002185752592608647
Academic Articles,ejecta shock,0,3836,0.002185752592608647
Academic Articles,shock following,0,12021,0.002185752592608647
Academic Articles,following radiation,0,5127,0.002185752592608647
Academic Articles,environment energetic,0,4141,0.002185752592608647
Academic Articles,particle van,0,9409,0.002185752592608647
Academic Articles,van overall,0,14411,0.002185752592608647
Academic Articles,overall performance,0,9280,0.002185752592608647
Academic Articles,performance orbital,0,9516,0.002185752592608647
Academic Articles,orbital stability,0,9208,0.002185752592608647
Academic Articles,stability satellite,0,12741,0.002185752592608647
Academic Articles,satellite even,0,11565,0.002185752592608647
Academic Articles,even well,0,4303,0.002185752592608647
Academic Articles,well minimize,0,14939,0.002185752592608647
Academic Articles,minimize future,0,8000,0.002185752592608647
Academic Articles,future failure,0,5419,0.002185752592608647
Academic Articles,failure consideration,0,4588,0.002185752592608647
Academic Articles,consideration especially,0,2308,0.002185752592608647
Academic Articles,especially solar,0,4248,0.002185752592608647
Academic Articles,activity maximum,0,239,0.002185752592608647
Academic Articles,maximum could,0,7839,0.002185752592608647
Academic Articles,could consider,0,2514,0.002185752592608647
Academic Articles,consider following,0,2301,0.002185752592608647
Academic Articles,following mitigation,0,5120,0.002185752592608647
Academic Articles,mitigation fact,0,8089,0.002185752592608647
Academic Articles,fact insured,0,4571,0.002185752592608647
Academic Articles,insured data,0,6666,0.002185752592608647
Academic Articles,data multiple,0,2920,0.002185752592608647
Academic Articles,multiple forecasting,0,8328,0.002185752592608647
Academic Articles,forecasting specific,0,5250,0.002185752592608647
Academic Articles,higher staging,0,6011,0.002185752592608647
Academic Articles,staging orbit,0,12755,0.002185752592608647
Academic Articles,orbit currently,0,9154,0.002185752592608647
Academic Articles,currently propulsion,0,2742,0.002185752592608647
Academic Articles,propulsion atmospheric,0,10431,0.002185752592608647
Academic Articles,drag nominal,0,3556,0.002185752592608647
Academic Articles,nominal reliable,0,8749,0.002185752592608647
Academic Articles,reliable space,0,11101,0.002185752592608647
Academic Articles,space debris,0,12508,0.002185752592608647
Academic Articles,debris pollution,0,3084,0.002185752592608647
Email Alerts,space weather,1,12586,0.14588622029759477
Email Alerts,solar wind,1,12407,0.274301036966735
Email Alerts,solar observatory,1,12357,0.000873570181422723
Email Alerts,field space,1,4754,0.000873570181422723
Email Alerts,possible forecast,1,9960,0.0011248806616464902
Email Alerts,earth however,1,3657,0.0011248806616464902
Email Alerts,high activity,1,5962,0.0011248806616464902
Email Alerts,solar solar,1,12387,0.000873570181422723
Email Alerts,wind near,1,15123,0.011248806616464902
Email Alerts,energetic particle,1,3997,0.04949474911244557
Email Alerts,weather prediction,1,14810,0.09871343050076771
Email Alerts,wind environment,1,15079,0.026997135879515764
Email Alerts,magnetic field,1,7590,0.010482842177072677
Email Alerts,coronal mass,1,2460,0.001747140362845446
Email Alerts,solar energetic,1,12309,0.002620710544268169
Email Alerts,mass ejection,1,7788,0.000873570181422723
Email Alerts,wind solar,1,15164,0.0043678509071136155
Email Alerts,coronal imagery,1,2458,0.0011248806616464902
Email Alerts,prediction center,1,10105,0.09871343050076771
Email Alerts,geomagnetic activity,1,5497,0.04891993015967249
Email Alerts,enhanced solar,1,4074,0.017471403628454462
Email Alerts,wind space,1,15166,0.0011248806616464902
Email Alerts,power grid,1,10046,0.006114991269959061
Email Alerts,geomagnetic first,1,5513,0.0022497613232929804
Email Alerts,activity minor,1,240,0.0011248806616464902
Email Alerts,first second,1,4920,0.0011248806616464902
Email Alerts,solar disk,1,12300,0.0033746419849394705
Email Alerts,disk active,1,3423,0.0011248806616464902
Email Alerts,active region,1,177,0.016597833447031737
Email Alerts,additional solar,1,349,0.0011248806616464902
Email Alerts,scale space,1,11665,0.008999045293171921
Email Alerts,solar magnetic,1,12344,0.000873570181422723
Email Alerts,field geomagnetic,1,4693,0.01012392595481841
Email Alerts,interplanetary magnetic,1,6778,0.0022497613232929804
Email Alerts,around active,1,816,0.0011248806616464902
Email Alerts,variable solar,1,14431,0.0011248806616464902
Email Alerts,around solar,1,852,0.0011248806616464902
Email Alerts,far sun,1,4622,0.0011248806616464902
Email Alerts,time solar,1,13820,0.0011248806616464902
Email Alerts,wind magnetic,1,15114,0.000873570181422723
Email Alerts,flux complex,1,5048,0.0022497613232929804
Email Alerts,time scale,1,13817,0.0011248806616464902
Email Alerts,solar activity,1,12273,0.1214262552177585
Email Alerts,sun around,1,13168,0.0011248806616464902
Email Alerts,scale scale,1,11659,0.04049570381927364
Email Alerts,flux solar,1,5091,0.0022497613232929804
Email Alerts,field near,1,4721,0.0011248806616464902
Email Alerts,electron proton,1,3911,0.0022497613232929804
Email Alerts,electron throughout,1,3916,0.006749283969878941
Email Alerts,electron flux,1,3895,0.06186843639055696
Email Alerts,flux geomagnetic,1,5057,0.006749283969878941
Email Alerts,field see,1,4748,0.0011248806616464902
Email Alerts,geomagnetic field,1,5512,0.19122971247990334
Email Alerts,associated activity,1,942,0.0022497613232929804
Email Alerts,radio communication,1,10705,0.0033746419849394705
Email Alerts,geomagnetic storm,1,5551,0.032322096712640754
Email Alerts,mass solar,1,7813,0.000873570181422723
Email Alerts,wind speed,1,15169,0.08099140763854729
Email Alerts,discussion space,1,3420,0.0011248806616464902
Email Alerts,likely space,1,7356,0.004499522646585961
Email Alerts,activity space,1,282,0.001747140362845446
Email Alerts,field solar,1,4751,0.006114991269959061
Email Alerts,product space,1,10342,0.06299331705220346
Email Alerts,solar flux,1,12317,0.0011248806616464902
Email Alerts,wind arrival,1,15049,0.0022497613232929804
Email Alerts,high solar,1,5993,0.0011248806616464902
Email Alerts,background solar,1,1217,0.0033746419849394705
Email Alerts,wind wind,1,15192,0.0033746419849394705
Email Alerts,associated data,1,947,0.0011248806616464902
Email Alerts,solar low,1,12343,0.058493794405617486
Email Alerts,storm significant,1,12938,0.0011248806616464902
Email Alerts,activity solar,1,281,0.002620710544268169
Email Alerts,activity weak,1,299,0.0011248806616464902
Email Alerts,weak solar,1,14622,0.0011248806616464902
Email Alerts,earth around,1,3640,0.0011248806616464902
Email Alerts,field effect,1,4680,0.0011248806616464902
Email Alerts,effect total,1,3777,0.0011248806616464902
Email Alerts,period since,1,9575,0.0011248806616464902
Email Alerts,event proton,1,4343,0.0011248806616464902
Email Alerts,relatively quiet,1,11067,0.005624403308232451
Email Alerts,quiet background,1,10596,0.0011248806616464902
Email Alerts,time time,1,13826,0.012373687278111393
Email Alerts,flare emission,1,4964,0.0011248806616464902
Email Alerts,center geomagnetic,1,1679,0.08282864182303892
Email Alerts,activity observation,1,252,0.16565728364607785
Email Alerts,observation forecast,1,8906,0.16565728364607785
Email Alerts,forecast past,1,5191,0.08282864182303892
Email Alerts,past scale,1,9459,0.07099597870546193
Email Alerts,scale breakdown,1,11624,0.07099597870546193
Email Alerts,breakdown geomagnetic,1,1469,0.06803781292606768
Email Alerts,geomagnetic left,1,5526,0.0014790828896971235
Email Alerts,left sun,1,7246,0.005916331558788494
Email Alerts,sun course,1,13172,0.0014790828896971235
Email Alerts,course solar,1,2591,0.0014790828896971235
Email Alerts,solar radiation,1,12375,0.19235459314154985
Email Alerts,radiation activity,1,10641,0.08282864182303892
Email Alerts,forecast solar,1,5205,0.3387099817406413
Email Alerts,solar go,1,12324,0.08282864182303892
Email Alerts,go past,1,5689,0.08282864182303892
Email Alerts,past storm,1,9461,0.08282864182303892
Email Alerts,storm level,1,12905,0.08430772471273605
Email Alerts,level solar,1,7269,0.08282864182303892
Email Alerts,radiation storm,1,10688,0.09786461756324465
Email Alerts,storm forecast,1,12892,0.06524307837549644
Email Alerts,radiation persist,1,10676,0.002958165779394247
Email Alerts,persist forecast,1,9603,0.002958165779394247
Email Alerts,forecast period,1,5192,0.002958165779394247
Email Alerts,period given,1,9550,0.0014790828896971235
Email Alerts,given activity,1,5595,0.0014790828896971235
Email Alerts,activity particular,1,260,0.0014790828896971235
Email Alerts,particular radio,1,9419,0.0014790828896971235
Email Alerts,radio blackout,1,10701,0.13498567939757883
Email Alerts,blackout activity,1,1412,0.08282864182303892
Email Alerts,activity forecast,1,218,0.2189042676751743
Email Alerts,forecast radio,1,5197,0.09909855360970729
Email Alerts,radio reaching,1,10739,0.056205149808490694
Email Alerts,reaching past,1,10843,0.056205149808490694
Email Alerts,past radio,1,9458,0.08282864182303892
Email Alerts,blackout forecast,1,1414,0.08282864182303892
Email Alerts,radio likely,1,10722,0.028102574904245347
Email Alerts,likely forecast,1,7338,0.0014790828896971235
Email Alerts,period primarily,1,9568,0.002958165779394247
Email Alerts,primarily magnetic,1,10214,0.0014790828896971235
Email Alerts,magnetic complexity,1,7580,0.011832663117576988
Email Alerts,complexity space,1,2169,0.0014790828896971235
Email Alerts,geomagnetic solar,1,5549,0.056205149808490694
Email Alerts,wind forecast,1,15089,0.04733065247030795
Email Alerts,radiation active,1,10640,0.028102574904245347
Email Alerts,region activity,1,10979,0.022497613232929804
Email Alerts,activity favorable,1,215,0.028102574904245347
Email Alerts,favorable radiation,1,4646,0.028102574904245347
Email Alerts,storm radio,1,12931,0.02958165779394247
Email Alerts,past breakdown,1,9450,0.011832663117576988
Email Alerts,breakdown day,1,1468,0.0014790828896971235
Email Alerts,day activity,1,3044,0.0014790828896971235
Email Alerts,radiation period,1,10675,0.0014790828896971235
Email Alerts,since threshold,1,12155,0.0014790828896971235
Email Alerts,threshold radio,1,13705,0.005916331558788494
Email Alerts,solar correction,1,12291,0.0014790828896971235
Email Alerts,correction space,1,2480,0.005916331558788494
Email Alerts,breakdown solar,1,1473,0.002958165779394247
Email Alerts,forecast slight,1,5202,0.039935238021822334
Email Alerts,slight chance,1,12200,0.06360056425697631
Email Alerts,chance solar,1,1775,0.03401890646303384
Email Alerts,radiation radio,1,10680,0.01922807756606261
Email Alerts,likely chance,1,7329,0.0251444091248511
Email Alerts,chance strong,1,1778,0.002958165779394247
Email Alerts,strong event,1,13025,0.002958165779394247
Email Alerts,event complex,1,4311,0.002958165779394247
Email Alerts,complex visible,1,2162,0.01774899467636548
Email Alerts,visible disk,1,14531,0.044372486690913704
Email Alerts,disk correction,1,3431,0.002958165779394247
Email Alerts,forecast chance,1,5160,0.04733065247030795
Email Alerts,chance complex,1,1749,0.0014790828896971235
Email Alerts,disk space,1,3453,0.010353580227879865
Email Alerts,radiation next,1,10671,0.00443724866909137
Email Alerts,next day,1,8715,0.010353580227879865
Email Alerts,day primarily,1,3061,0.002958165779394247
Email Alerts,primarily potential,1,10217,0.00443724866909137
Email Alerts,potential radio,1,10016,0.00443724866909137
Email Alerts,radio flare,1,10714,0.007395414448485618
Email Alerts,flare activity,1,4949,0.04880973536000508
Email Alerts,activity given,1,221,0.0014790828896971235
Email Alerts,given recent,1,5610,0.0014790828896971235
Email Alerts,recent flare,1,10888,0.0014790828896971235
Email Alerts,flare chance,1,4958,0.007395414448485618
Email Alerts,chance radio,1,1773,0.02070716045575973
Email Alerts,blackout persist,1,1415,0.0014790828896971235
Email Alerts,persist space,1,9608,0.0014790828896971235
Email Alerts,slight increasing,1,12205,0.002958165779394247
Email Alerts,increasing chance,1,6347,0.007395414448485618
Email Alerts,chance following,1,1755,0.002958165779394247
Email Alerts,following near,1,5123,0.002958165779394247
Email Alerts,near center,1,8421,0.002958165779394247
Email Alerts,center disk,1,1672,0.002958165779394247
Email Alerts,disk radio,1,3446,0.005916331558788494
Email Alerts,radio radio,1,10738,0.00443724866909137
Email Alerts,radio space,1,10743,0.007395414448485618
Email Alerts,activity past,1,261,0.08578680760243317
Email Alerts,forecast increasing,1,5176,0.00443724866909137
Email Alerts,radio next,1,10728,0.00443724866909137
Email Alerts,next region,1,8728,0.0014790828896971235
Email Alerts,region space,1,11034,0.00887449733818274
Email Alerts,solar flare,1,12316,0.015748329263050864
Email Alerts,chance magnetically,1,1764,0.005916331558788494
Email Alerts,magnetically complex,1,7641,0.014790828896971236
Email Alerts,complex disk,1,2139,0.005916331558788494
Email Alerts,radiation slight,1,10686,0.0014790828896971235
Email Alerts,slight radio,1,12207,0.0014790828896971235
Email Alerts,low space,1,7521,0.0014790828896971235
Email Alerts,chance greater,1,1760,0.03549798935273096
Email Alerts,greater proton,1,5781,0.16122003497698648
Email Alerts,proton elevated,1,10449,0.005916331558788494
Email Alerts,elevated threshold,1,3934,0.00443724866909137
Email Alerts,forecast space,1,5206,0.002958165779394247
Email Alerts,chance space,1,1776,0.00887449733818274
Email Alerts,activity persist,1,265,0.0014790828896971235
Email Alerts,forecast western,1,5215,0.0014790828896971235
Email Alerts,western limb,1,14988,0.04141432091151946
Email Alerts,limb space,1,7382,0.005916331558788494
Email Alerts,breakdown minor,1,1471,0.002958165779394247
Email Alerts,minor storm,1,8028,0.010353580227879865
Email Alerts,storm potential,1,12927,0.002958165779394247
Email Alerts,potential glancing,1,10005,0.002958165779394247
Email Alerts,glancing blow,1,5619,0.023665326235153977
Email Alerts,blow western,1,1435,0.0014790828896971235
Email Alerts,limb associated,1,7363,0.0014790828896971235
Email Alerts,associated solar,1,979,0.0022497613232929804
Email Alerts,forecast greater,1,5175,0.06507964714667343
Email Alerts,proton chance,1,10444,0.002958165779394247
Email Alerts,chance radiation,1,1772,0.002958165779394247
Email Alerts,storm event,1,12887,0.010353580227879865
Email Alerts,event transit,1,4363,0.0014790828896971235
Email Alerts,transit western,1,13978,0.0014790828896971235
Email Alerts,limb radio,1,7376,0.00887449733818274
Email Alerts,solar moderate,1,12350,0.039935238021822334
Email Alerts,moderate likely,1,8225,0.0014790828896971235
Email Alerts,likely slight,1,7354,0.0014790828896971235
Email Alerts,geomagnetic geomagnetic,1,5515,0.0022497613232929804
Email Alerts,storm storm,1,12942,0.01012392595481841
Email Alerts,storm left,1,12904,0.002958165779394247
Email Alerts,left solar,1,7244,0.002958165779394247
Email Alerts,event western,1,4368,0.0014790828896971235
Email Alerts,geomagnetic transient,1,5557,0.0014790828896971235
Email Alerts,transient influence,1,13972,0.0014790828896971235
Email Alerts,influence solar,1,6445,0.007395414448485618
Email Alerts,day space,1,3071,0.002958165779394247
Email Alerts,storm likely,1,12907,0.0014790828896971235
Email Alerts,likely solar,1,7355,0.002958165779394247
Email Alerts,primarily region,1,10219,0.007395414448485618
Email Alerts,region correction,1,10989,0.0014790828896971235
Email Alerts,storm effect,1,12881,0.0033746419849394705
Email Alerts,effect left,1,3750,0.00443724866909137
Email Alerts,greater due,1,5773,0.0014790828896971235
Email Alerts,due flare,1,3592,0.00887449733818274
Email Alerts,flare space,1,5006,0.002958165779394247
Email Alerts,breakdown storm,1,1474,0.002958165779394247
Email Alerts,storm geomagnetic,1,12895,0.00443724866909137
Email Alerts,geomagnetic early,1,5507,0.0014790828896971235
Email Alerts,early geomagnetic,1,3635,0.002958165779394247
Email Alerts,geomagnetic previous,1,5541,0.0014790828896971235
Email Alerts,previous day,1,10192,0.002958165779394247
Email Alerts,day wane,1,3077,0.0014790828896971235
Email Alerts,wane solar,1,14557,0.0014790828896971235
Email Alerts,radio day,1,10708,0.0014790828896971235
Email Alerts,breakdown isolated,1,1470,0.002958165779394247
Email Alerts,isolated minor,1,6916,0.00443724866909137
Email Alerts,minor geomagnetic,1,8013,0.011832663117576988
Email Alerts,geomagnetic storming,1,5552,0.007395414448485618
Email Alerts,storming first,1,12960,0.002958165779394247
Email Alerts,first effect,1,4899,0.002958165779394247
Email Alerts,effect influence,1,3744,0.0014790828896971235
Email Alerts,chance minor,1,1766,0.011832663117576988
Email Alerts,minor solar,1,8025,0.011832663117576988
Email Alerts,event persist,1,4340,0.007395414448485618
Email Alerts,persist given,1,9604,0.00887449733818274
Email Alerts,given current,1,5598,0.007395414448485618
Email Alerts,current total,1,2726,0.007395414448485618
Email Alerts,total disk,1,13885,0.007395414448485618
Email Alerts,disk potential,1,3444,0.007395414448485618
Email Alerts,likely event,1,7336,0.00443724866909137
Email Alerts,event continue,1,4312,0.002958165779394247
Email Alerts,continue region,1,2369,0.002958165779394247
Email Alerts,breakdown remain,1,1472,0.0014790828896971235
Email Alerts,remain effect,1,11104,0.0014790828896971235
Email Alerts,effect persist,1,3756,0.002958165779394247
Email Alerts,persist solar,1,9607,0.0014790828896971235
Email Alerts,forecast minor,1,5183,0.005916331558788494
Email Alerts,radiation chance,1,10648,0.0014790828896971235
Email Alerts,chance remain,1,1774,0.0014790828896971235
Email Alerts,remain radio,1,11112,0.0014790828896971235
Email Alerts,radio approach,1,10699,0.002958165779394247
Email Alerts,approach western,1,754,0.005916331558788494
Email Alerts,low activity,1,7492,0.007395414448485618
Email Alerts,activity chance,1,201,0.007395414448485618
Email Alerts,chance activity,1,1744,0.00887449733818274
Email Alerts,blackout space,1,1417,0.005916331558788494
Email Alerts,storm solar,1,12940,0.004499522646585961
Email Alerts,forecast likely,1,5179,0.00887449733818274
Email Alerts,chance isolated,1,1761,0.01922807756606261
Email Alerts,isolated primarily,1,6918,0.00887449733818274
Email Alerts,primarily flare,1,10211,0.007395414448485618
Email Alerts,effect effect,1,3732,0.00443724866909137
Email Alerts,effect ambient,1,3722,0.0014790828896971235
Email Alerts,ambient likely,1,586,0.0014790828896971235
Email Alerts,likely influence,1,7342,0.002958165779394247
Email Alerts,radiation currently,1,10652,0.0014790828896971235
Email Alerts,currently threshold,1,2747,0.0014790828896971235
Email Alerts,threshold radiation,1,13704,0.0014790828896971235
Email Alerts,radio event,1,10713,0.002958165779394247
Email Alerts,moderate radio,1,8232,0.007395414448485618
Email Alerts,radio chance,1,10703,0.011832663117576988
Email Alerts,day radio,1,3064,0.002958165779394247
Email Alerts,greater solar,1,5782,0.002958165779394247
Email Alerts,storm alert,1,12868,0.0014790828896971235
Email Alerts,alert threshold,1,504,0.0014790828896971235
Email Alerts,blackout chance,1,1413,0.002958165779394247
Email Alerts,first glancing,1,4907,0.002958165779394247
Email Alerts,glancing effect,1,5621,0.005916331558788494
Email Alerts,left positive,1,7240,0.002958165779394247
Email Alerts,positive effect,1,9934,0.005916331558788494
Email Alerts,effect solar,1,3770,0.007395414448485618
Email Alerts,potential western,1,10023,0.002958165779394247
Email Alerts,activity likely,1,236,0.013311746007274113
Email Alerts,event increase,1,4334,0.002958165779394247
Email Alerts,increase approach,1,6329,0.002958165779394247
Email Alerts,geomagnetic likely,1,5527,0.002958165779394247
Email Alerts,likely transient,1,7358,0.0014790828896971235
Email Alerts,transient solar,1,13974,0.002958165779394247
Email Alerts,radiation complex,1,10650,0.005916331558788494
Email Alerts,complex rotating,1,2156,0.0014790828896971235
Email Alerts,rotating western,1,11498,0.0014790828896971235
Email Alerts,limb potential,1,7374,0.0014790828896971235
Email Alerts,potential magnetic,1,10008,0.0014790828896971235
Email Alerts,magnetic connection,1,7582,0.0014790828896971235
Email Alerts,connection earth,1,2295,0.0014790828896971235
Email Alerts,earth radio,1,3667,0.0011248806616464902
Email Alerts,radio magnetically,1,10723,0.0014790828896971235
Email Alerts,complex sunspot,1,2161,0.002958165779394247
Email Alerts,sunspot space,1,13254,0.0014790828896971235
Email Alerts,likely flare,1,7337,0.00443724866909137
Email Alerts,flare complex,1,4959,0.00443724866909137
Email Alerts,blackout slight,1,1416,0.0014790828896971235
Email Alerts,chance flare,1,1754,0.007395414448485618
Email Alerts,flare visible,1,5013,0.0014790828896971235
Email Alerts,geomagnetic effect,1,5508,0.005916331558788494
Email Alerts,radiation storming,1,10689,0.005916331558788494
Email Alerts,storming transit,1,12966,0.0014790828896971235
Email Alerts,transit exit,1,13977,0.007395414448485618
Email Alerts,exit western,1,4467,0.007395414448485618
Email Alerts,limb decrease,1,7367,0.0014790828896971235
Email Alerts,decrease transit,1,3118,0.0014790828896971235
Email Alerts,likely complex,1,7331,0.0014790828896971235
Email Alerts,storm subsequent,1,12943,0.0014790828896971235
Email Alerts,subsequent negative,1,13081,0.0014790828896971235
Email Alerts,negative solar,1,8549,0.00887449733818274
Email Alerts,storming persist,1,12964,0.00443724866909137
Email Alerts,persist transit,1,9609,0.00443724866909137
Email Alerts,chance magnetic,1,1763,0.00443724866909137
Email Alerts,complexity persistent,1,2167,0.00443724866909137
Email Alerts,persistent space,1,9615,0.002958165779394247
Email Alerts,chance chance,1,1748,0.007395414448485618
Email Alerts,chance event,1,1753,0.00443724866909137
Email Alerts,event space,1,4352,0.002958165779394247
Email Alerts,proton storm,1,10461,0.007395414448485618
Email Alerts,chance message,1,1765,0.0014790828896971235
Email Alerts,message space,1,7943,0.0251444091248511
Email Alerts,weather message,1,14773,0.0251444091248511
Email Alerts,message code,1,7939,0.0251444091248511
Email Alerts,code number,1,1890,0.0251444091248511
Email Alerts,number time,1,8880,0.026623492014548226
Email Alerts,time geomagnetic,1,13783,0.00887449733818274
Email Alerts,geomagnetic threshold,1,5554,0.00443724866909137
Email Alerts,threshold period,1,13703,0.005916331558788494
Email Alerts,period warning,1,9590,0.00443724866909137
Email Alerts,warning scale,1,14574,0.002958165779394247
Email Alerts,weather scale,1,14836,0.01922807756606261
Email Alerts,scale primarily,1,11652,0.010353580227879865
Email Alerts,primarily geomagnetic,1,10212,0.010353580227879865
Email Alerts,geomagnetic weak,1,5560,0.007395414448485618
Email Alerts,weak power,1,14620,0.007395414448485618
Email Alerts,grid minor,1,5796,0.00443724866909137
Email Alerts,minor aurora,1,8007,0.00443724866909137
Email Alerts,aurora michigan,1,1091,0.00443724866909137
Email Alerts,michigan message,1,7961,0.00443724866909137
Email Alerts,time warning,1,13835,0.00443724866909137
Email Alerts,warning geomagnetic,1,14569,0.002958165779394247
Email Alerts,geomagnetic number,1,5535,0.03401890646303384
Email Alerts,number valid,1,8881,0.00443724866909137
Email Alerts,valid condition,1,14370,0.00443724866909137
Email Alerts,condition space,1,2255,0.002958165779394247
Email Alerts,grid aurora,1,5789,0.002958165779394247
Email Alerts,aurora message,1,1090,0.002958165779394247
Email Alerts,geomagnetic power,1,5540,0.002958165779394247
Email Alerts,grid occur,1,5800,0.002958165779394247
Email Alerts,occur power,1,8995,0.002958165779394247
Email Alerts,power experience,1,10045,0.002958165779394247
Email Alerts,experience voltage,1,4485,0.002958165779394247
Email Alerts,voltage satellite,1,14547,0.002958165779394247
Email Alerts,satellite orientation,1,11584,0.002958165779394247
Email Alerts,orientation occur,1,9217,0.002958165779394247
Email Alerts,occur high,1,8992,0.002958165779394247
Email Alerts,high frequency,1,5973,0.005624403308232451
Email Alerts,frequency radio,1,5337,0.007874164631525432
Email Alerts,radio propagation,1,10736,0.005916331558788494
Email Alerts,propagation aurora,1,10405,0.002958165779394247
Email Alerts,aurora state,1,1094,0.002958165779394247
Email Alerts,state message,1,12783,0.002958165779394247
Email Alerts,geomagnetic condition,1,5502,0.0014790828896971235
Email Alerts,condition scale,1,2254,0.002958165779394247
Email Alerts,warning space,1,14575,0.0014790828896971235
Email Alerts,time proton,1,13812,0.002958165779394247
Email Alerts,proton event,1,10450,0.007395414448485618
Email Alerts,event integral,1,4335,0.002958165779394247
Email Alerts,integral flux,1,6667,0.005916331558788494
Email Alerts,flux time,1,5096,0.002958165779394247
Email Alerts,time flux,1,13780,0.00443724866909137
Email Alerts,flux scale,1,5085,0.002958165779394247
Email Alerts,scale message,1,11645,0.0014790828896971235
Email Alerts,warning proton,1,14572,0.0014790828896971235
Email Alerts,proton integral,1,10455,0.0014790828896971235
Email Alerts,flux number,1,5075,0.002958165779394247
Email Alerts,scale radio,1,11654,0.002958165779394247
Email Alerts,radio minor,1,10726,0.002958165779394247
Email Alerts,minor frequency,1,8012,0.002958165779394247
Email Alerts,propagation message,1,10415,0.002958165779394247
Email Alerts,flux noon,1,5073,0.0014790828896971235
Email Alerts,noon flux,1,8770,0.0014790828896971235
Email Alerts,flux radio,1,5080,0.0014790828896971235
Email Alerts,radio burst,1,10702,0.0014790828896971235
Email Alerts,burst electromagnetic,1,1521,0.0014790828896971235
Email Alerts,electromagnetic burst,1,3878,0.0014790828896971235
Email Alerts,burst associated,1,1520,0.0014790828896971235
Email Alerts,associated background,1,945,0.0014790828896971235
Email Alerts,background radio,1,1213,0.0014790828896971235
Email Alerts,flare cause,1,4957,0.0014790828896971235
Email Alerts,cause interference,1,1628,0.0014790828896971235
Email Alerts,interference sensitive,1,6732,0.0014790828896971235
Email Alerts,sensitive radar,1,11895,0.0014790828896971235
Email Alerts,radar satellite,1,10637,0.0014790828896971235
Email Alerts,satellite message,1,11580,0.0014790828896971235
Email Alerts,time major,1,13797,0.0014790828896971235
Email Alerts,major sun,1,7687,0.0014790828896971235
Email Alerts,sun typically,1,13240,0.002958165779394247
Email Alerts,typically associated,1,14060,0.0014790828896971235
Email Alerts,associated strong,1,981,0.0014790828896971235
Email Alerts,strong coronal,1,13022,0.0014790828896971235
Email Alerts,radiation message,1,10667,0.0014790828896971235
Email Alerts,time velocity,1,13831,0.0014790828896971235
Email Alerts,velocity sun,1,14487,0.0014790828896971235
Email Alerts,typically mass,1,14065,0.0014790828896971235
Email Alerts,mass event,1,7791,0.0014790828896971235
Email Alerts,event message,1,4339,0.0014790828896971235
Email Alerts,time event,1,13777,0.002958165779394247
Email Alerts,event time,1,4361,0.002958165779394247
Email Alerts,time class,1,13766,0.002958165779394247
Email Alerts,class scale,1,1837,0.002958165779394247
Email Alerts,scale sunlit,1,11666,0.002958165779394247
Email Alerts,sunlit subsolar,1,13249,0.0014790828896971235
Email Alerts,subsolar wide,1,13089,0.0014790828896971235
Email Alerts,wide area,1,15032,0.0014790828896971235
Email Alerts,area high,1,802,0.0014790828896971235
Email Alerts,communication message,1,2053,0.0014790828896971235
Email Alerts,sunlit high,1,13247,0.0014790828896971235
Email Alerts,communication dependent,1,2047,0.0014790828896971235
Email Alerts,dependent upon,1,3204,0.0014790828896971235
Email Alerts,upon current,1,14278,0.0014790828896971235
Email Alerts,current flux,1,2694,0.0014790828896971235
Email Alerts,flux intensity,1,5062,0.0014790828896971235
Email Alerts,intensity area,1,6682,0.0014790828896971235
Email Alerts,area duration,1,798,0.0014790828896971235
Email Alerts,duration please,1,3596,0.0014790828896971235
Email Alerts,please see,1,9827,0.0014790828896971235
Email Alerts,see message,1,11859,0.0014790828896971235
Email Alerts,time alert,1,13757,0.0014790828896971235
Email Alerts,alert electron,1,502,0.0014790828896971235
Email Alerts,electron integral,1,3901,0.0014790828896971235
Email Alerts,time maximum,1,13798,0.0014790828896971235
Email Alerts,maximum flux,1,7841,0.0014790828896971235
Email Alerts,flux satellite,1,5084,0.0014790828896971235
Email Alerts,satellite experience,1,11566,0.0014790828896971235
Email Alerts,experience significant,1,4483,0.0014790828896971235
Email Alerts,significant charging,1,12078,0.0014790828896971235
Email Alerts,charging message,1,1808,0.0014790828896971235
Email Alerts,level minor,1,7267,0.0014790828896971235
Email Alerts,minor none,1,8018,0.0014790828896971235
Email Alerts,none none,1,8758,0.0014790828896971235
Email Alerts,none prior,1,8760,0.0014790828896971235
Email Alerts,prior space,1,10235,0.0014790828896971235
Email Alerts,scale associated,1,11623,0.0014790828896971235
Email Alerts,associated proton,1,975,0.0014790828896971235
Email Alerts,scale centered,1,11625,0.0014790828896971235
Email Alerts,centered sunlit,1,1714,0.0014790828896971235
Email Alerts,sunlit limited,1,13248,0.0014790828896971235
Email Alerts,limited high,1,7397,0.0014790828896971235
Email Alerts,communication product,1,2055,0.0014790828896971235
Email Alerts,center solar,1,1701,0.0813495589333418
Email Alerts,activity summary,1,286,0.08282864182303892
Email Alerts,summary solar,1,13158,0.15234553763880374
Email Alerts,activity low,1,237,0.04141432091151946
Email Alerts,low numerous,1,7508,0.0014790828896971235
Email Alerts,numerous low,1,8896,0.0014790828896971235
Email Alerts,low level,1,7504,0.002958165779394247
Email Alerts,level flare,1,7264,0.0014790828896971235
Email Alerts,activity beyond,1,200,0.002958165779394247
Email Alerts,beyond east,1,1378,0.0014790828896971235
Email Alerts,east west,1,3690,0.0014790828896971235
Email Alerts,west decay,1,14973,0.0014790828896971235
Email Alerts,decay quiet,1,3098,0.0014790828896971235
Email Alerts,quiet activity,1,10594,0.00443724866909137
Email Alerts,activity period,1,264,0.013311746007274113
Email Alerts,period otherwise,1,9565,0.002958165779394247
Email Alerts,otherwise unremarkable,1,9238,0.002958165779394247
Email Alerts,unremarkable degree,1,14237,0.0014790828896971235
Email Alerts,degree long,1,3147,0.0014790828896971235
Email Alerts,long filament,1,7463,0.0014790828896971235
Email Alerts,filament centered,1,4844,0.00887449733818274
Email Alerts,centered lifting,1,1711,0.002958165779394247
Email Alerts,lifting solar,1,7291,0.0014790828896971235
Email Alerts,disk corresponding,1,3432,0.0014790828896971235
Email Alerts,corresponding imagery,1,2484,0.0014790828896971235
Email Alerts,imagery eruption,1,6150,0.0014790828896971235
Email Alerts,eruption lifting,1,4228,0.0014790828896971235
Email Alerts,lifting resulting,1,7289,0.0014790828896971235
Email Alerts,resulting coronagraph,1,11400,0.0014790828896971235
Email Alerts,coronagraph potentially,1,2450,0.0014790828896971235
Email Alerts,potentially forecast,1,10030,0.002958165779394247
Email Alerts,activity increase,1,230,0.0014790828896971235
Email Alerts,increase chance,1,6330,0.0014790828896971235
Email Alerts,isolated flare,1,6915,0.002958165779394247
Email Alerts,activity energetic,1,210,0.010353580227879865
Email Alerts,energetic summary,1,4002,0.01774899467636548
Email Alerts,summary greater,1,13148,0.0813495589333418
Email Alerts,proton flux,1,10451,0.09761947072001016
Email Alerts,flux greater,1,5059,0.06655873003637056
Email Alerts,greater electron,1,5774,0.23073693079275126
Email Alerts,flux forecast,1,5056,0.06951689581576481
Email Alerts,proton greater,1,10454,0.007395414448485618
Email Alerts,electron solar,1,3915,0.011248806616464902
Email Alerts,wind summary,1,15178,0.09318222205091878
Email Alerts,wind reflected,1,15151,0.005916331558788494
Email Alerts,reflected weak,1,10957,0.002958165779394247
Email Alerts,weak positive,1,14619,0.007395414448485618
Email Alerts,positive total,1,9949,0.005916331558788494
Email Alerts,total field,1,13889,0.07691231026425044
Email Alerts,field ranged,1,4741,0.013311746007274113
Email Alerts,ranged sustained,1,10787,0.002958165779394247
Email Alerts,sustained southward,1,13349,0.005916331558788494
Email Alerts,southward solar,1,12488,0.00443724866909137
Email Alerts,near phi,1,8436,0.0014790828896971235
Email Alerts,phi predominantly,1,9660,0.016269911786668357
Email Alerts,predominantly positive,1,10133,0.013311746007274113
Email Alerts,positive forecast,1,9935,0.016269911786668357
Email Alerts,forecast weak,1,5213,0.002958165779394247
Email Alerts,environment summary,1,4175,0.002958165779394247
Email Alerts,summary geomagnetic,1,13147,0.08430772471273605
Email Alerts,field forecast,1,4692,0.03697707224242809
Email Alerts,forecast isolated,1,5177,0.0014790828896971235
Email Alerts,isolated active,1,6911,0.01922807756606261
Email Alerts,active quiet,1,176,0.005916331558788494
Email Alerts,quiet product,1,10616,0.014790828896971236
Email Alerts,activity moderate,1,241,0.02958165779394247
Email Alerts,moderate period,1,8230,0.00443724866909137
Email Alerts,period decay,1,9535,0.0014790828896971235
Email Alerts,decay throughout,1,3101,0.0014790828896971235
Email Alerts,throughout period,1,13719,0.04733065247030795
Email Alerts,period moderate,1,9559,0.0014790828896971235
Email Alerts,moderate growth,1,8220,0.0014790828896971235
Email Alerts,growth quiet,1,5868,0.002958165779394247
Email Alerts,quiet either,1,10599,0.002958165779394247
Email Alerts,either radio,1,3828,0.0014790828896971235
Email Alerts,likely energetic,1,7335,0.002958165779394247
Email Alerts,particle summary,1,9407,0.06507964714667343
Email Alerts,flux moderate,1,5071,0.005916331558788494
Email Alerts,moderate greater,1,8219,0.00443724866909137
Email Alerts,electron greater,1,3897,0.032539823573336714
Email Alerts,proton solar,1,10460,0.03845615513212522
Email Alerts,wind total,1,15182,0.010353580227879865
Email Alerts,field varied,1,4775,0.00443724866909137
Email Alerts,varied solar,1,14439,0.00443724866909137
Email Alerts,wind ranged,1,15149,0.011832663117576988
Email Alerts,ranged phi,1,10783,0.016269911786668357
Email Alerts,wind positive,1,15140,0.00887449733818274
Email Alerts,positive summary,1,9948,0.002958165779394247
Email Alerts,field quiet,1,4739,0.02070716045575973
Email Alerts,quiet unsettled,1,10625,0.014790828896971236
Email Alerts,unsettled forecast,1,14246,0.002958165779394247
Email Alerts,forecast geomagnetic,1,5173,0.11093121672728427
Email Alerts,geomagnetic quiet,1,5543,0.02024785190963682
Email Alerts,unsettled isolated,1,14249,0.00443724866909137
Email Alerts,active positive,1,173,0.0014790828896971235
Email Alerts,effect product,1,3761,0.007395414448485618
Email Alerts,activity high,1,228,0.01922807756606261
Email Alerts,high period,1,5983,0.00443724866909137
Email Alerts,period period,1,9566,0.0014790828896971235
Email Alerts,period development,1,9537,0.0014790828896971235
Email Alerts,development continued,1,3278,0.0014790828896971235
Email Alerts,continued among,1,2372,0.0014790828896971235
Email Alerts,among small,1,603,0.0014790828896971235
Email Alerts,small delta,1,12234,0.0014790828896971235
Email Alerts,delta spot,1,3164,0.0014790828896971235
Email Alerts,spot region,1,12722,0.00443724866909137
Email Alerts,region writing,1,11042,0.0014790828896971235
Email Alerts,writing model,1,15271,0.0014790828896971235
Email Alerts,model large,1,8129,0.0014790828896971235
Email Alerts,large associated,1,7079,0.0014790828896971235
Email Alerts,associated south,1,980,0.0014790828896971235
Email Alerts,south later,1,12470,0.0014790828896971235
Email Alerts,later forecast,1,7130,0.0014790828896971235
Email Alerts,forecast flare,1,5172,0.0014790828896971235
Email Alerts,flare energetic,1,4966,0.007395414448485618
Email Alerts,flux elevated,1,5052,0.002958165779394247
Email Alerts,elevated background,1,3930,0.005916331558788494
Email Alerts,background well,1,1223,0.0014790828896971235
Email Alerts,well mostly,1,14941,0.0014790828896971235
Email Alerts,mostly far,1,8272,0.0014790828896971235
Email Alerts,sun greater,1,13196,0.0014790828896971235
Email Alerts,flux crossed,1,5049,0.0014790828896971235
Email Alerts,crossed alert,1,2651,0.0014790828896971235
Email Alerts,alert decreasing,1,501,0.0014790828896971235
Email Alerts,decreasing forecast,1,3120,0.0014790828896971235
Email Alerts,wind weakly,1,15190,0.00443724866909137
Email Alerts,weakly enhanced,1,14628,0.005916331558788494
Email Alerts,enhanced period,1,4070,0.007395414448485618
Email Alerts,period total,1,9586,0.016269911786668357
Email Alerts,phi angle,1,9655,0.04880973536000508
Email Alerts,angle predominantly,1,680,0.011832663117576988
Email Alerts,predominantly negative,1,10132,0.014790828896971236
Email Alerts,negative forecast,1,8537,0.010353580227879865
Email Alerts,forecast enhanced,1,5171,0.00887449733818274
Email Alerts,wind negative,1,15124,0.007395414448485618
Email Alerts,negative glancing,1,8538,0.0014790828896971235
Email Alerts,glancing direct,1,5620,0.0014790828896971235
Email Alerts,direct influence,1,3356,0.0014790828896971235
Email Alerts,influence summary,1,6448,0.002958165779394247
Email Alerts,ranged storming,1,10786,0.0014790828896971235
Email Alerts,storming chance,1,12958,0.0014790828896971235
Email Alerts,chance waning,1,1779,0.0014790828896971235
Email Alerts,waning influence,1,14562,0.002958165779394247
Email Alerts,influence carry,1,6422,0.0014790828896971235
Email Alerts,carry interact,1,1600,0.0014790828896971235
Email Alerts,interact polarity,1,6697,0.0014790828896971235
Email Alerts,polarity coronal,1,9886,0.01922807756606261
Email Alerts,coronal hole,1,2457,0.022186243345456852
Email Alerts,hole largely,1,6036,0.0014790828896971235
Email Alerts,largely unsettled,1,7105,0.0014790828896971235
Email Alerts,active geomagnetic,1,158,0.002958165779394247
Email Alerts,active influence,1,162,0.007395414448485618
Email Alerts,influence plus,1,6441,0.0014790828896971235
Email Alerts,plus additional,1,9829,0.0014790828896971235
Email Alerts,additional enhancement,1,332,0.0014790828896971235
Email Alerts,enhancement glancing,1,4081,0.002958165779394247
Email Alerts,glancing left,1,5627,0.002958165779394247
Email Alerts,left product,1,7241,0.002958165779394247
Email Alerts,activity activity,1,196,0.09022405627152454
Email Alerts,activity newly,1,247,0.0014790828896971235
Email Alerts,newly simple,1,8705,0.0014790828896971235
Email Alerts,simple relatively,1,12120,0.0014790828896971235
Email Alerts,quiet much,1,10606,0.0014790828896971235
Email Alerts,much like,1,8315,0.0014790828896971235
Email Alerts,like four,1,7311,0.0014790828896971235
Email Alerts,four spotted,1,5312,0.0014790828896971235
Email Alerts,spotted visible,1,12736,0.002958165779394247
Email Alerts,disk activity,1,3424,0.0014790828896971235
Email Alerts,activity eruption,1,212,0.00443724866909137
Email Alerts,eruption disk,1,4222,0.0014790828896971235
Email Alerts,disk beginning,1,3426,0.0014790828896971235
Email Alerts,beginning coronagraph,1,1287,0.0014790828896971235
Email Alerts,coronagraph analyze,1,2437,0.0014790828896971235
Email Alerts,analyze potential,1,666,0.0014790828896971235
Email Alerts,potential associated,1,9993,0.0014790828896971235
Email Alerts,associated event,1,955,0.007395414448485618
Email Alerts,event forecast,1,4326,0.0014790828896971235
Email Alerts,solar likely,1,12341,0.0014790828896971235
Email Alerts,flux slowly,1,5090,0.0014790828896971235
Email Alerts,slowly enhanced,1,12221,0.0014790828896971235
Email Alerts,enhanced following,1,4059,0.0014790828896971235
Email Alerts,following activity,1,5109,0.0014790828896971235
Email Alerts,activity region,1,272,0.011832663117576988
Email Alerts,region beyond,1,10983,0.0014790828896971235
Email Alerts,beyond beginning,1,1375,0.0014790828896971235
Email Alerts,beginning greater,1,1289,0.0014790828896971235
Email Alerts,proton minor,1,10457,0.00443724866909137
Email Alerts,minor proton,1,8021,0.0014790828896971235
Email Alerts,flux well,1,5100,0.0014790828896971235
Email Alerts,well greater,1,14934,0.0014790828896971235
Email Alerts,near period,1,8435,0.0014790828896971235
Email Alerts,total magnetic,1,13892,0.011832663117576988
Email Alerts,field strength,1,4759,0.028102574904245347
Email Alerts,strength mostly,1,13005,0.0014790828896971235
Email Alerts,mostly positive,1,8282,0.011832663117576988
Email Alerts,positive phi,1,9943,0.0014790828896971235
Email Alerts,forecast weakly,1,5214,0.0014790828896971235
Email Alerts,wind background,1,15051,0.00443724866909137
Email Alerts,background summary,1,1220,0.002958165779394247
Email Alerts,moderate impulsive,1,8222,0.0014790828896971235
Email Alerts,impulsive multiple,1,6266,0.0014790828896971235
Email Alerts,multiple beyond,1,8320,0.0014790828896971235
Email Alerts,beyond slight,1,1386,0.0014790828896971235
Email Alerts,slight growth,1,12203,0.010353580227879865
Email Alerts,growth spot,1,5872,0.0014790828896971235
Email Alerts,spot relatively,1,12723,0.002958165779394247
Email Alerts,relatively likely,1,11066,0.0014790828896971235
Email Alerts,likely associated,1,7325,0.007395414448485618
Email Alerts,associated region,1,976,0.002958165779394247
Email Alerts,region progress,1,11021,0.0014790828896971235
Email Alerts,progress however,1,10385,0.0014790828896971235
Email Alerts,however given,1,6078,0.002958165779394247
Email Alerts,given northerly,1,5608,0.0014790828896971235
Email Alerts,northerly forecast,1,8786,0.0014790828896971235
Email Alerts,low energetic,1,7496,0.002958165779394247
Email Alerts,speed around,1,12660,0.002958165779394247
Email Alerts,around total,1,856,0.0014790828896971235
Email Alerts,angle predominately,1,681,0.002958165779394247
Email Alerts,predominately positive,1,10136,0.0014790828896971235
Email Alerts,quiet forecast,1,10603,0.014790828896971236
Email Alerts,minor storming,1,8029,0.005916331558788494
Email Alerts,storming likely,1,12963,0.0014790828896971235
Email Alerts,likely beginning,1,7327,0.0014790828896971235
Email Alerts,beginning combined,1,1286,0.0014790828896971235
Email Alerts,combined wane,1,1955,0.0014790828896971235
Email Alerts,wane product,1,14555,0.00443724866909137
Email Alerts,moderate produced,1,8231,0.007395414448485618
Email Alerts,produced flare,1,10323,0.00443724866909137
Email Alerts,flare minor,1,4982,0.0014790828896971235
Email Alerts,minor seen,1,8024,0.0014790828896971235
Email Alerts,seen intermediate,1,11880,0.0014790828896971235
Email Alerts,intermediate relatively,1,6741,0.0014790828896971235
Email Alerts,relatively stable,1,11069,0.0014790828896971235
Email Alerts,stable rotated,1,12748,0.0014790828896971235
Email Alerts,rotated onto,1,11493,0.007395414448485618
Email Alerts,onto visible,1,9060,0.007395414448485618
Email Alerts,disk coronagraph,1,3430,0.002958165779394247
Email Alerts,coronagraph imagery,1,2444,0.028102574904245347
Email Alerts,imagery forecast,1,6156,0.01922807756606261
Email Alerts,disk energetic,1,3436,0.002958165779394247
Email Alerts,storm greater,1,12897,0.010353580227879865
Email Alerts,period solar,1,9579,0.014623448601404371
Email Alerts,environment total,1,4181,0.00887449733818274
Email Alerts,strength varied,1,13014,0.002958165779394247
Email Alerts,speed day,1,12666,0.0014790828896971235
Email Alerts,day phi,1,3060,0.0014790828896971235
Email Alerts,angle positive,1,679,0.010353580227879865
Email Alerts,near background,1,8419,0.00887449733818274
Email Alerts,background slightly,1,1216,0.0014790828896971235
Email Alerts,slightly enhanced,1,12211,0.014790828896971236
Email Alerts,wind possible,1,15141,0.00443724866909137
Email Alerts,possible left,1,9964,0.002958165779394247
Email Alerts,left summary,1,7245,0.002958165779394247
Email Alerts,quiet possible,1,10614,0.0014790828896971235
Email Alerts,period flare,1,9545,0.010353580227879865
Email Alerts,flare numerous,1,4985,0.0014790828896971235
Email Alerts,numerous little,1,8895,0.0014790828896971235
Email Alerts,little physical,1,7443,0.0014790828896971235
Email Alerts,physical five,1,9716,0.0014790828896971235
Email Alerts,five region,1,4941,0.0014790828896971235
Email Alerts,region new,1,11014,0.0014790828896971235
Email Alerts,new new,1,8662,0.00443724866909137
Email Alerts,new filament,1,8634,0.0014790828896971235
Email Alerts,centered roughly,1,1713,0.0014790828896971235
Email Alerts,roughly associated,1,11508,0.0014790828896971235
Email Alerts,associated first,1,958,0.007395414448485618
Email Alerts,first clear,1,4895,0.0011248806616464902
Email Alerts,clear visible,1,1856,0.0014790828896971235
Email Alerts,disk possibly,1,3443,0.0014790828896971235
Email Alerts,possibly associated,1,9984,0.002958165779394247
Email Alerts,data forecast,1,2869,0.00443724866909137
Email Alerts,environment reflected,1,4165,0.002958165779394247
Email Alerts,reflected positive,1,10953,0.0014790828896971235
Email Alerts,strength ranged,1,13007,0.005916331558788494
Email Alerts,ranged solar,1,10785,0.002958165779394247
Email Alerts,wind phi,1,15137,0.013311746007274113
Email Alerts,angle mostly,1,675,0.013311746007274113
Email Alerts,positive orientation,1,9940,0.005916331558788494
Email Alerts,orientation forecast,1,9214,0.014790828896971236
Email Alerts,forecast mildly,1,5182,0.007395414448485618
Email Alerts,mildly enhanced,1,7983,0.014790828896971236
Email Alerts,possible yet,1,9981,0.0014790828896971235
Email Alerts,yet chance,1,15288,0.0014790828896971235
Email Alerts,chance glancing,1,1759,0.007395414448485618
Email Alerts,blow summary,1,1433,0.00443724866909137
Email Alerts,field unsettled,1,4771,0.007395414448485618
Email Alerts,geomagnetic unsettled,1,5559,0.0014790828896971235
Email Alerts,unsettled glancing,1,14247,0.0014790828896971235
Email Alerts,blow influence,1,1428,0.0014790828896971235
Email Alerts,influence product,1,6442,0.00443724866909137
Email Alerts,activity produced,1,268,0.0014790828896971235
Email Alerts,produced rotated,1,10334,0.0014790828896971235
Email Alerts,rotated flare,1,11490,0.0014790828896971235
Email Alerts,flare region,1,4995,0.007395414448485618
Email Alerts,region close,1,10985,0.0014790828896971235
Email Alerts,close limb,1,1874,0.0014790828896971235
Email Alerts,limb well,1,7385,0.0014790828896971235
Email Alerts,well visible,1,14960,0.0014790828896971235
Email Alerts,disk trailer,1,3455,0.0014790828896971235
Email Alerts,trailer past,1,13944,0.0014790828896971235
Email Alerts,past fully,1,9454,0.0014790828896971235
Email Alerts,fully rotated,1,5373,0.0014790828896971235
Email Alerts,disk minor,1,3441,0.00443724866909137
Email Alerts,minor ten,1,8030,0.0014790828896971235
Email Alerts,ten spotted,1,13602,0.0014790828896971235
Email Alerts,disk centered,1,3428,0.0014790828896971235
Email Alerts,centered coronagraph,1,1709,0.0014790828896971235
Email Alerts,solar chance,1,12285,0.005916331558788494
Email Alerts,chance energetic,1,1752,0.00887449733818274
Email Alerts,electron slight,1,3914,0.005916331558788494
Email Alerts,chance storm,1,1777,0.00443724866909137
Email Alerts,wind period,1,15135,0.007395414448485618
Email Alerts,period phi,1,9567,0.010353580227879865
Email Alerts,phi negative,1,9657,0.002958165779394247
Email Alerts,negative orientation,1,8543,0.005916331558788494
Email Alerts,wind influence,1,15100,0.002958165779394247
Email Alerts,influence activity,1,6419,0.0014790828896971235
Email Alerts,activity sun,1,287,0.0014790828896971235
Email Alerts,sun summary,1,13235,0.0014790828896971235
Email Alerts,sun influence,1,13204,0.0011248806616464902
Email Alerts,influence mostly,1,6434,0.002958165779394247
Email Alerts,mostly likely,1,8275,0.0014790828896971235
Email Alerts,likely product,1,7350,0.002958165779394247
Email Alerts,high responsible,1,5988,0.0014790828896971235
Email Alerts,responsible five,1,11383,0.0014790828896971235
Email Alerts,five complex,1,4936,0.0014790828896971235
Email Alerts,disk responsible,1,3449,0.00443724866909137
Email Alerts,responsible activity,1,11380,0.00443724866909137
Email Alerts,activity new,1,246,0.007395414448485618
Email Alerts,new remain,1,8683,0.0014790828896971235
Email Alerts,remain await,1,11103,0.00443724866909137
Email Alerts,await additional,1,1176,0.002958165779394247
Email Alerts,additional observatory,1,342,0.0014790828896971235
Email Alerts,observatory eruption,1,8946,0.0014790828896971235
Email Alerts,eruption easterly,1,4223,0.0014790828896971235
Email Alerts,easterly faint,1,3691,0.0014790828896971235
Email Alerts,faint narrow,1,4602,0.0014790828896971235
Email Alerts,narrow imagery,1,8364,0.0014790828896971235
Email Alerts,imagery around,1,6145,0.00443724866909137
Email Alerts,around modeling,1,842,0.0014790828896971235
Email Alerts,modeling suggest,1,8203,0.0014790828896971235
Email Alerts,suggest glancing,1,13124,0.0014790828896971235
Email Alerts,glancing impressive,1,5625,0.0014790828896971235
Email Alerts,impressive westerly,1,6237,0.0014790828896971235
Email Alerts,westerly imagery,1,14985,0.0014790828896971235
Email Alerts,imagery beginning,1,6148,0.0014790828896971235
Email Alerts,beginning near,1,1291,0.0014790828896971235
Email Alerts,near however,1,8430,0.0014790828896971235
Email Alerts,however event,1,6071,0.0014790828896971235
Email Alerts,event beyond,1,4309,0.0014790828896971235
Email Alerts,beyond western,1,1388,0.00887449733818274
Email Alerts,limb forecast,1,7371,0.0014790828896971235
Email Alerts,solar due,1,12302,0.0014790828896971235
Email Alerts,threshold greater,1,13702,0.002958165779394247
Email Alerts,persist primarily,1,9606,0.0014790828896971235
Email Alerts,potential greater,1,10006,0.005916331558788494
Email Alerts,electron high,1,3899,0.0251444091248511
Email Alerts,reflected waning,1,10956,0.0014790828896971235
Email Alerts,waning coronal,1,14561,0.002958165779394247
Email Alerts,ejection left,1,3841,0.0014790828896971235
Email Alerts,left total,1,7247,0.002958165779394247
Email Alerts,field mostly,1,4720,0.007395414448485618
Email Alerts,mostly neutral,1,8278,0.0014790828896971235
Email Alerts,neutral solar,1,8600,0.0014790828896971235
Email Alerts,wind gradually,1,15094,0.00443724866909137
Email Alerts,gradually period,1,5744,0.002958165779394247
Email Alerts,positive brief,1,9928,0.0014790828896971235
Email Alerts,brief solar,1,1483,0.0014790828896971235
Email Alerts,solar sector,1,12383,0.002958165779394247
Email Alerts,sector forecast,1,11834,0.007395414448485618
Email Alerts,forecast effect,1,5167,0.0014790828896971235
Email Alerts,effect mostly,1,3751,0.00443724866909137
Email Alerts,mostly quiet,1,8284,0.022186243345456852
Email Alerts,unsettled negative,1,14251,0.005916331558788494
Email Alerts,negative effect,1,8536,0.007395414448485618
Email Alerts,period responsible,1,9573,0.0014790828896971235
Email Alerts,responsible form,1,11385,0.002958165779394247
Email Alerts,form responsible,1,5265,0.0014790828896971235
Email Alerts,responsible eleven,1,11382,0.0014790828896971235
Email Alerts,eleven active,1,3935,0.0014790828896971235
Email Alerts,active visible,1,191,0.00887449733818274
Email Alerts,minor growth,1,8014,0.002958165779394247
Email Alerts,growth trailing,1,5873,0.0014790828896971235
Email Alerts,trailing become,1,13947,0.0014790828896971235
Email Alerts,become magnetically,1,1269,0.0014790828896971235
Email Alerts,complex remains,1,2154,0.0014790828896971235
Email Alerts,remains region,1,11120,0.0014790828896971235
Email Alerts,region mostly,1,11012,0.0014790828896971235
Email Alerts,mostly area,1,8268,0.0014790828896971235
Email Alerts,area increasing,1,803,0.0014790828896971235
Email Alerts,increasing fairly,1,6350,0.0014790828896971235
Email Alerts,fairly quickly,1,4608,0.0014790828896971235
Email Alerts,quickly expanding,1,10589,0.0014790828896971235
Email Alerts,expanding primary,1,4471,0.0014790828896971235
Email Alerts,primary penumbra,1,10228,0.0014790828896971235
Email Alerts,penumbra primary,1,9486,0.0014790828896971235
Email Alerts,primary flare,1,10225,0.00443724866909137
Email Alerts,flare moving,1,4983,0.0014790828896971235
Email Alerts,moving forward,1,8305,0.0014790828896971235
Email Alerts,forward activity,1,5279,0.0014790828896971235
Email Alerts,eruption centered,1,4219,0.002958165779394247
Email Alerts,centered though,1,1716,0.0014790828896971235
Email Alerts,though coronagraph,1,13690,0.0014790828896971235
Email Alerts,complex greater,1,2144,0.002958165779394247
Email Alerts,environment enhanced,1,4142,0.00443724866909137
Email Alerts,enhanced throughout,1,4076,0.00443724866909137
Email Alerts,period effect,1,9539,0.002958165779394247
Email Alerts,field gradual,1,4698,0.0014790828896971235
Email Alerts,gradual rise,1,5740,0.0014790828896971235
Email Alerts,rise since,1,11452,0.0014790828896971235
Email Alerts,since roughly,1,12149,0.0014790828896971235
Email Alerts,roughly remains,1,11513,0.0014790828896971235
Email Alerts,remains negative,1,11119,0.0014790828896971235
Email Alerts,wind around,1,15048,0.00443724866909137
Email Alerts,around around,1,820,0.0014790828896971235
Email Alerts,around forecast,1,834,0.00443724866909137
Email Alerts,wind enhanced,1,15077,0.010353580227879865
Email Alerts,enhanced sustained,1,4075,0.0014790828896971235
Email Alerts,sustained weakening,1,13350,0.0014790828896971235
Email Alerts,weakening summary,1,14626,0.0014790828896971235
Email Alerts,field activity,1,4667,0.04141432091151946
Email Alerts,activity storm,1,284,0.00443724866909137
Email Alerts,storm synoptic,1,12945,0.0014790828896971235
Email Alerts,synoptic strong,1,13379,0.0014790828896971235
Email Alerts,strong period,1,13032,0.0014790828896971235
Email Alerts,period geomagnetic,1,9549,0.01922807756606261
Email Alerts,storm early,1,12880,0.0014790828896971235
Email Alerts,early continued,1,3633,0.0014790828896971235
Email Alerts,continued thereafter,1,2380,0.0014790828896971235
Email Alerts,thereafter effect,1,13658,0.0014790828896971235
Email Alerts,effect diminish,1,3730,0.0014790828896971235
Email Alerts,diminish product,1,3350,0.0014790828896971235
Email Alerts,activity responsible,1,273,0.00443724866909137
Email Alerts,responsible nearly,1,11388,0.0014790828896971235
Email Alerts,nearly flare,1,8453,0.0014790828896971235
Email Alerts,activity throughout,1,290,0.007395414448485618
Email Alerts,period region,1,9571,0.007395414448485618
Email Alerts,region trailing,1,11039,0.002958165779394247
Email Alerts,trailing spot,1,13954,0.00443724866909137
Email Alerts,spot area,1,12715,0.0014790828896971235
Email Alerts,area gamma,1,800,0.0014790828896971235
Email Alerts,gamma configuration,1,5446,0.0014790828896971235
Email Alerts,configuration new,1,2284,0.0014790828896971235
Email Alerts,new period,1,8670,0.002958165779394247
Email Alerts,period either,1,9540,0.0014790828896971235
Email Alerts,either slight,1,3829,0.0014790828896971235
Email Alerts,slight decay,1,12201,0.005916331558788494
Email Alerts,decay large,1,3096,0.0014790828896971235
Email Alerts,large imagery,1,7088,0.0014790828896971235
Email Alerts,imagery first,1,6154,0.00443724866909137
Email Alerts,first associated,1,4893,0.0014790828896971235
Email Alerts,associated prominence,1,974,0.0014790828896971235
Email Alerts,prominence analysis,1,10395,0.0014790828896971235
Email Alerts,analysis well,1,659,0.0014790828896971235
Email Alerts,well second,1,14952,0.0014790828896971235
Email Alerts,second explosive,1,11807,0.0014790828896971235
Email Alerts,explosive eruption,1,4511,0.0014790828896971235
Email Alerts,eruption event,1,4224,0.0014790828896971235
Email Alerts,event imagery,1,4332,0.00443724866909137
Email Alerts,imagery beyond,1,6149,0.0014790828896971235
Email Alerts,beyond west,1,1387,0.005916331558788494
Email Alerts,west limb,1,14974,0.00443724866909137
Email Alerts,limb likely,1,7372,0.0014790828896971235
Email Alerts,likely old,1,7348,0.002958165779394247
Email Alerts,old associated,1,9041,0.0014790828896971235
Email Alerts,first event,1,4902,0.0011248806616464902
Email Alerts,event well,1,4367,0.002958165779394247
Email Alerts,well beyond,1,14923,0.0014790828896971235
Email Alerts,west component,1,14972,0.0014790828896971235
Email Alerts,component forecast,1,2176,0.002958165779394247
Email Alerts,flux thus,1,5095,0.0014790828896971235
Email Alerts,thus far,1,13732,0.0014790828896971235
Email Alerts,far proton,1,4619,0.0014790828896971235
Email Alerts,proton forecast,1,10452,0.0014790828896971235
Email Alerts,minor chance,1,8008,0.0014790828896971235
Email Alerts,chance background,1,1745,0.0014790828896971235
Email Alerts,wind likely,1,15110,0.0014790828896971235
Email Alerts,likely negative,1,7345,0.0014790828896971235
Email Alerts,negative position,1,8546,0.005916331558788494
Email Alerts,position solar,1,9924,0.0014790828896971235
Email Alerts,near total,1,8447,0.0014790828896971235
Email Alerts,angle negative,1,676,0.005916331558788494
Email Alerts,position occasional,1,9921,0.0014790828896971235
Email Alerts,occasional orientation,1,8984,0.0014790828896971235
Email Alerts,wind elevated,1,15074,0.0014790828896971235
Email Alerts,elevated summary,1,3933,0.002958165779394247
Email Alerts,geomagnetic mostly,1,5531,0.002958165779394247
Email Alerts,mostly active,1,8267,0.0014790828896971235
Email Alerts,active period,1,170,0.00887449733818274
Email Alerts,activity slight,1,279,0.0014790828896971235
Email Alerts,growth period,1,5867,0.002958165779394247
Email Alerts,flare edged,1,4963,0.0014790828896971235
Email Alerts,edged towards,1,3709,0.0014790828896971235
Email Alerts,towards western,1,13922,0.00443724866909137
Email Alerts,limb almost,1,7362,0.0014790828896971235
Email Alerts,almost mix,1,522,0.0014790828896971235
Email Alerts,mix region,1,8098,0.0014790828896971235
Email Alerts,region additional,1,10980,0.0014790828896971235
Email Alerts,additional intermediate,1,337,0.002958165779394247
Email Alerts,intermediate day,1,6736,0.0014790828896971235
Email Alerts,day multiple,1,3057,0.0014790828896971235
Email Alerts,multiple produced,1,8340,0.0014790828896971235
Email Alerts,produced spot,1,10337,0.0014790828896971235
Email Alerts,spot slight,1,12726,0.0014790828896971235
Email Alerts,period though,1,9584,0.0014790828896971235
Email Alerts,though none,1,13693,0.0014790828896971235
Email Alerts,none associated,1,8754,0.0014790828896971235
Email Alerts,associated forecast,1,961,0.0014790828896971235
Email Alerts,environment near,1,4156,0.0014790828896971235
Email Alerts,background period,1,1211,0.0014790828896971235
Email Alerts,strength saw,1,13008,0.0014790828896971235
Email Alerts,saw minor,1,11611,0.0014790828896971235
Email Alerts,minor southward,1,8026,0.002958165779394247
Email Alerts,speed ranged,1,12677,0.002958165779394247
Email Alerts,phi mostly,1,9656,0.002958165779394247
Email Alerts,forecast nominal,1,5189,0.002958165779394247
Email Alerts,nominal solar,1,8750,0.010353580227879865
Email Alerts,possible interaction,1,9962,0.002958165779394247
Email Alerts,interaction could,1,6700,0.0014790828896971235
Email Alerts,could bring,1,2508,0.0014790828896971235
Email Alerts,bring weak,1,1497,0.0014790828896971235
Email Alerts,weak summary,1,14623,0.0014790828896971235
Email Alerts,forecast mostly,1,5184,0.00443724866909137
Email Alerts,quiet could,1,10597,0.0014790828896971235
Email Alerts,could potentially,1,2534,0.0014790828896971235
Email Alerts,potentially move,1,10032,0.0014790828896971235
Email Alerts,move position,1,8300,0.0014790828896971235
Email Alerts,position increasing,1,9919,0.0014790828896971235
Email Alerts,increasing additional,1,6345,0.0014790828896971235
Email Alerts,additional product,1,343,0.0014790828896971235
Email Alerts,region growth,1,11004,0.002958165779394247
Email Alerts,growth around,1,5858,0.0014790828896971235
Email Alerts,around leader,1,835,0.0014790828896971235
Email Alerts,leader spot,1,7195,0.002958165779394247
Email Alerts,spot active,1,12714,0.0014790828896971235
Email Alerts,disk either,1,3435,0.002958165779394247
Email Alerts,either coronagraph,1,3821,0.005916331558788494
Email Alerts,ranged wind,1,10789,0.0014790828896971235
Email Alerts,around throughout,1,854,0.0014790828896971235
Email Alerts,period forecast,1,9547,0.010353580227879865
Email Alerts,field storm,1,4758,0.016269911786668357
Email Alerts,geomagnetic active,1,5496,0.002958165779394247
Email Alerts,active product,1,175,0.002958165779394247
Email Alerts,high greater,1,5975,0.005916331558788494
Email Alerts,greater thirteen,1,5783,0.0014790828896971235
Email Alerts,thirteen sunspot,1,13687,0.0014790828896971235
Email Alerts,sunspot visible,1,13255,0.002958165779394247
Email Alerts,visible solar,1,14534,0.002958165779394247
Email Alerts,disk background,1,3425,0.0014790828896971235
Email Alerts,background flux,1,1205,0.0014790828896971235
Email Alerts,flux main,1,5066,0.0014790828896971235
Email Alerts,main today,1,7663,0.0014790828896971235
Email Alerts,today rotated,1,13852,0.0014790828896971235
Email Alerts,rotated nearly,1,11491,0.0014790828896971235
Email Alerts,nearly beyond,1,8452,0.0014790828896971235
Email Alerts,beyond limb,1,1382,0.002958165779394247
Email Alerts,limb region,1,7378,0.002958165779394247
Email Alerts,region underwent,1,11041,0.002958165779394247
Email Alerts,underwent leader,1,14164,0.0014790828896971235
Email Alerts,leader intermediate,1,7191,0.0014790828896971235
Email Alerts,intermediate spot,1,6744,0.0014790828896971235
Email Alerts,underwent trailer,1,14169,0.0014790828896971235
Email Alerts,trailer section,1,13946,0.0014790828896971235
Email Alerts,section region,1,11831,0.0014790828896971235
Email Alerts,region rotated,1,11028,0.0011248806616464902
Email Alerts,rotated revealed,1,11494,0.0014790828896971235
Email Alerts,revealed spot,1,11414,0.0014790828896971235
Email Alerts,spot complex,1,12716,0.0014790828896971235
Email Alerts,complex new,1,2147,0.0014790828896971235
Email Alerts,new recently,1,8681,0.0014790828896971235
Email Alerts,recently small,1,10912,0.0014790828896971235
Email Alerts,small group,1,12237,0.0014790828896971235
Email Alerts,group burst,1,5839,0.0014790828896971235
Email Alerts,burst activity,1,1519,0.0014790828896971235
Email Alerts,activity noted,1,250,0.0014790828896971235
Email Alerts,noted today,1,8852,0.0014790828896971235
Email Alerts,today nothing,1,13850,0.0014790828896971235
Email Alerts,nothing prolific,1,8855,0.0014790828896971235
Email Alerts,prolific solar,1,10394,0.0014790828896971235
Email Alerts,flux later,1,5064,0.0014790828896971235
Email Alerts,later region,1,7134,0.0014790828896971235
Email Alerts,region associated,1,10982,0.00887449733818274
Email Alerts,associated movement,1,969,0.0014790828896971235
Email Alerts,movement flare,1,8301,0.0014790828896971235
Email Alerts,flare associated,1,4953,0.00887449733818274
Email Alerts,associated another,1,944,0.0014790828896971235
Email Alerts,another several,1,706,0.0014790828896971235
Email Alerts,several new,1,11971,0.0014790828896971235
Email Alerts,new coronagraph,1,8629,0.0014790828896971235
Email Alerts,imagery initial,1,6158,0.002958165779394247
Email Alerts,initial analysis,1,6596,0.002958165779394247
Email Alerts,analysis suggest,1,652,0.0014790828896971235
Email Alerts,suggest none,1,13125,0.0014790828896971235
Email Alerts,none however,1,8757,0.0014790828896971235
Email Alerts,however likely,1,6083,0.0014790828896971235
Email Alerts,associated observatory,1,972,0.0014790828896971235
Email Alerts,observatory radio,1,8956,0.0014790828896971235
Email Alerts,radio data,1,10707,0.0014790828896971235
Email Alerts,data possible,1,2943,0.0014790828896971235
Email Alerts,activity complex,1,203,0.0014790828896971235
Email Alerts,disk rotate,1,3450,0.0014790828896971235
Email Alerts,rotate next,1,11486,0.0014790828896971235
Email Alerts,next energetic,1,8716,0.0014790828896971235
Email Alerts,flux normal,1,5074,0.0014790828896971235
Email Alerts,normal greater,1,8771,0.0014790828896971235
Email Alerts,high related,1,5987,0.0014790828896971235
Email Alerts,related greater,1,11055,0.0014790828896971235
Email Alerts,storm persist,1,12924,0.0014790828896971235
Email Alerts,given ongoing,1,5609,0.0014790828896971235
Email Alerts,ongoing limb,1,9048,0.0014790828896971235
Email Alerts,limb activity,1,7361,0.0014790828896971235
Email Alerts,activity primarily,1,267,0.0014790828896971235
Email Alerts,primarily addition,1,10208,0.0014790828896971235
Email Alerts,addition favorable,1,323,0.0014790828896971235
Email Alerts,favorable southwest,1,4647,0.0014790828896971235
Email Alerts,southwest limb,1,12490,0.0014790828896971235
Email Alerts,limb solar,1,7380,0.007395414448485618
Email Alerts,arrival passage,1,871,0.002958165779394247
Email Alerts,passage unknown,1,9444,0.0014790828896971235
Email Alerts,unknown total,1,14227,0.0014790828896971235
Email Alerts,total strength,1,13899,0.0014790828896971235
Email Alerts,strength promptly,1,13006,0.0014790828896971235
Email Alerts,promptly varied,1,10402,0.0014790828896971235
Email Alerts,varied notably,1,14435,0.0014790828896971235
Email Alerts,notably upon,1,8811,0.0014790828896971235
Email Alerts,upon arrival,1,14275,0.0014790828896971235
Email Alerts,arrival eventually,1,865,0.0014790828896971235
Email Alerts,eventually eventually,1,4372,0.0014790828896971235
Email Alerts,eventually wind,1,4377,0.0014790828896971235
Email Alerts,speed mildly,1,12673,0.0014790828896971235
Email Alerts,mildly arrival,1,7982,0.0014790828896971235
Email Alerts,arrival continued,1,864,0.0014790828896971235
Email Alerts,continued passage,1,2374,0.0014790828896971235
Email Alerts,passage phi,1,9441,0.0014790828896971235
Email Alerts,angle firmly,1,674,0.0014790828896971235
Email Alerts,firmly positive,1,4891,0.0014790828896971235
Email Alerts,positive secondary,1,9946,0.0014790828896971235
Email Alerts,secondary enhancement,1,11823,0.0014790828896971235
Email Alerts,enhancement forecast,1,4080,0.0014790828896971235
Email Alerts,wind passage,1,15133,0.0014790828896971235
Email Alerts,passage still,1,9442,0.0014790828896971235
Email Alerts,still another,1,12844,0.0014790828896971235
Email Alerts,another arrival,1,688,0.0014790828896971235
Email Alerts,arrival likely,1,869,0.0014790828896971235
Email Alerts,likely keep,1,7343,0.0014790828896971235
Email Alerts,keep solar,1,6951,0.0014790828896971235
Email Alerts,wind field,1,15087,0.002958165779394247
Email Alerts,field enhanced,1,4684,0.002958165779394247
Email Alerts,enhanced begin,1,4055,0.0014790828896971235
Email Alerts,begin solar,1,1283,0.0014790828896971235
Email Alerts,wind however,1,15097,0.00443724866909137
Email Alerts,however future,1,6075,0.0014790828896971235
Email Alerts,future forecast,1,5420,0.0014790828896971235
Email Alerts,forecast summary,1,5208,0.0014790828896971235
Email Alerts,field minor,1,4716,0.00887449733818274
Email Alerts,storming arrival,1,12957,0.0014790828896971235
Email Alerts,passage storm,1,9443,0.0014790828896971235
Email Alerts,storm remain,1,12934,0.0014790828896971235
Email Alerts,remain passage,1,11111,0.0014790828896971235
Email Alerts,passage arrival,1,9439,0.0014790828896971235
Email Alerts,arrival wane,1,873,0.0014790828896971235
Email Alerts,wane quiet,1,14556,0.0014790828896971235
Email Alerts,quiet pending,1,10609,0.0014790828896971235
Email Alerts,pending new,1,9479,0.0014790828896971235
Email Alerts,new product,1,8676,0.0014790828896971235
Email Alerts,high discreet,1,5966,0.0014790828896971235
Email Alerts,discreet radio,1,3400,0.002958165779394247
Email Alerts,radio associated,1,10700,0.002958165779394247
Email Alerts,associated flare,1,959,0.012373687278111393
Email Alerts,flare included,1,4976,0.0014790828896971235
Email Alerts,included burst,1,6310,0.0014790828896971235
Email Alerts,burst region,1,1523,0.0014790828896971235
Email Alerts,region delta,1,10991,0.0014790828896971235
Email Alerts,delta configuration,1,3162,0.0014790828896971235
Email Alerts,configuration area,1,2280,0.0014790828896971235
Email Alerts,area growing,1,801,0.0014790828896971235
Email Alerts,growing smaller,1,5854,0.0014790828896971235
Email Alerts,smaller leader,1,12247,0.0014790828896971235
Email Alerts,leader main,1,7192,0.0014790828896971235
Email Alerts,main spot,1,7661,0.0014790828896971235
Email Alerts,region made,1,11009,0.0014790828896971235
Email Alerts,made way,1,7569,0.002958165779394247
Email Alerts,way around,1,14589,0.0014790828896971235
Email Alerts,around western,1,860,0.002958165779394247
Email Alerts,limb slight,1,7379,0.0014790828896971235
Email Alerts,slight magnetic,1,12206,0.0014790828896971235
Email Alerts,magnetic western,1,7637,0.0014790828896971235
Email Alerts,limb stable,1,7383,0.0014790828896971235
Email Alerts,stable inactive,1,12743,0.0014790828896971235
Email Alerts,inactive coronagraph,1,6267,0.0014790828896971235
Email Alerts,imagery however,1,6157,0.002958165779394247
Email Alerts,however analysis,1,6058,0.0014790828896971235
Email Alerts,analysis halo,1,632,0.0014790828896971235
Email Alerts,halo associated,1,5883,0.0014790828896971235
Email Alerts,associated imagery,1,967,0.00443724866909137
Email Alerts,imagery becomes,1,6147,0.0014790828896971235
Email Alerts,becomes available,1,1273,0.002958165779394247
Email Alerts,available forecast,1,1142,0.0014790828896971235
Email Alerts,disk magnetically,1,3440,0.0014790828896971235
Email Alerts,environment nominal,1,4157,0.0014790828896971235
Email Alerts,nominal total,1,8752,0.002958165779394247
Email Alerts,field average,1,4669,0.0014790828896971235
Email Alerts,average latter,1,1155,0.0014790828896971235
Email Alerts,latter period,1,7147,0.002958165779394247
Email Alerts,period varied,1,9589,0.0014790828896971235
Email Alerts,varied slightly,1,14438,0.0014790828896971235
Email Alerts,slightly thereafter,1,12216,0.0014790828896971235
Email Alerts,thereafter solar,1,13660,0.005916331558788494
Email Alerts,near throughout,1,8446,0.0014790828896971235
Email Alerts,positive isolated,1,9937,0.0014790828896971235
Email Alerts,isolated position,1,6917,0.0014790828896971235
Email Alerts,position forecast,1,9918,0.002958165779394247
Email Alerts,forecast near,1,5185,0.0014790828896971235
Email Alerts,near nominal,1,8434,0.007395414448485618
Email Alerts,nominal influence,1,8746,0.0014790828896971235
Email Alerts,influence latitude,1,6433,0.0014790828896971235
Email Alerts,latitude coronal,1,7141,0.002958165779394247
Email Alerts,hole starting,1,6038,0.0014790828896971235
Email Alerts,starting weak,1,12776,0.0014790828896971235
Email Alerts,weak wind,1,14625,0.0014790828896971235
Email Alerts,field however,1,4701,0.0014790828896971235
Email Alerts,however confidence,1,6065,0.002958165779394247
Email Alerts,confidence remains,1,2277,0.002958165779394247
Email Alerts,remains effect,1,11115,0.0014790828896971235
Email Alerts,effect summary,1,3773,0.002958165779394247
Email Alerts,activity isolated,1,234,0.005916331558788494
Email Alerts,active activity,1,143,0.08578680760243317
Email Alerts,forecast activity,1,5156,0.002958165779394247
Email Alerts,activity latitude,1,235,0.0014790828896971235
Email Alerts,coronal could,1,2452,0.0014790828896971235
Email Alerts,could slight,1,2539,0.0014790828896971235
Email Alerts,slight geomagnetic,1,12202,0.0014790828896971235
Email Alerts,field time,1,4767,0.0014790828896971235
Email Alerts,time product,1,13811,0.002958165779394247
Email Alerts,region grew,1,11003,0.0014790828896971235
Email Alerts,grew slightly,1,5787,0.0014790828896971235
Email Alerts,slightly period,1,12213,0.0014790828896971235
Email Alerts,period leader,1,9556,0.0014790828896971235
Email Alerts,leader five,1,7190,0.0014790828896971235
Email Alerts,five active,1,4931,0.0014790828896971235
Email Alerts,active mostly,1,166,0.0014790828896971235
Email Alerts,quiet filament,1,10602,0.00443724866909137
Email Alerts,centered disk,1,1710,0.0014790828896971235
Email Alerts,disk weak,1,3456,0.0014790828896971235
Email Alerts,weak imagery,1,14611,0.0014790828896971235
Email Alerts,imagery analysis,1,6144,0.00443724866909137
Email Alerts,analysis model,1,636,0.00443724866909137
Email Alerts,model run,1,8146,0.0014790828896971235
Email Alerts,run output,1,11521,0.0014790828896971235
Email Alerts,output coronagraph,1,9262,0.0014790828896971235
Email Alerts,low chance,1,7493,0.04289340380121658
Email Alerts,minor energetic,1,8011,0.002958165779394247
Email Alerts,enhanced environment,1,4058,0.0014790828896971235
Email Alerts,environment likely,1,4151,0.0014790828896971235
Email Alerts,associated possible,1,973,0.0014790828896971235
Email Alerts,possible week,1,9979,0.0014790828896971235
Email Alerts,week influence,1,14899,0.0014790828896971235
Email Alerts,influence total,1,6450,0.002958165779394247
Email Alerts,strength wind,1,13015,0.002958165779394247
Email Alerts,gradually declined,1,5742,0.002958165779394247
Email Alerts,declined past,1,3111,0.0014790828896971235
Email Alerts,past phi,1,9457,0.0014790828896971235
Email Alerts,mostly negative,1,8277,0.00887449733818274
Email Alerts,forecast slowly,1,5204,0.0014790828896971235
Email Alerts,slowly influence,1,12226,0.0014790828896971235
Email Alerts,influence eventually,1,6427,0.0014790828896971235
Email Alerts,eventually negative,1,4374,0.0014790828896971235
Email Alerts,negative summary,1,8551,0.011832663117576988
Email Alerts,forecast glancing,1,5174,0.0014790828896971235
Email Alerts,effect continued,1,3728,0.0014790828896971235
Email Alerts,continued new,1,2373,0.0014790828896971235
Email Alerts,new negative,1,8661,0.0014790828896971235
Email Alerts,negative becomes,1,8532,0.0014790828896971235
Email Alerts,becomes effective,1,1275,0.0014790828896971235
Email Alerts,effective product,1,3791,0.0014790828896971235
Email Alerts,high event,1,5970,0.0014790828896971235
Email Alerts,event flare,1,4325,0.005916331558788494
Email Alerts,flare seven,1,5001,0.0014790828896971235
Email Alerts,seven growth,1,11961,0.0014790828896971235
Email Alerts,growth new,1,5866,0.0014790828896971235
Email Alerts,new either,1,8632,0.0014790828896971235
Email Alerts,either decay,1,3822,0.002958165779394247
Email Alerts,decay associated,1,3090,0.0014790828896971235
Email Alerts,associated flaring,1,960,0.002958165779394247
Email Alerts,flaring possible,1,5016,0.0014790828896971235
Email Alerts,possible glancing,1,9961,0.00443724866909137
Email Alerts,glancing forecast,1,5624,0.002958165779394247
Email Alerts,forecast energetic,1,5170,0.002958165779394247
Email Alerts,flux minor,1,5069,0.0014790828896971235
Email Alerts,minor throughout,1,8031,0.0014790828896971235
Email Alerts,period greater,1,9551,0.011832663117576988
Email Alerts,minor early,1,8009,0.0014790828896971235
Email Alerts,early greater,1,3636,0.0014790828896971235
Email Alerts,background remain,1,1214,0.0014790828896971235
Email Alerts,remain event,1,11105,0.0014790828896971235
Email Alerts,event threshold,1,4358,0.0014790828896971235
Email Alerts,summary enhanced,1,13146,0.0014790828896971235
Email Alerts,period magnetic,1,9557,0.0014790828896971235
Email Alerts,field day,1,4677,0.0014790828896971235
Email Alerts,day total,1,3075,0.0014790828896971235
Email Alerts,strength solar,1,13010,0.0014790828896971235
Email Alerts,predominately negative,1,10135,0.0014790828896971235
Email Alerts,wind mildly,1,15119,0.002958165779394247
Email Alerts,enhanced possible,1,4072,0.0014790828896971235
Email Alerts,quiet active,1,10593,0.00443724866909137
Email Alerts,active forecast,1,156,0.002958165779394247
Email Alerts,mostly possible,1,8283,0.0014790828896971235
Email Alerts,blow product,1,1430,0.00443724866909137
Email Alerts,moderate first,1,8213,0.0014790828896971235
Email Alerts,first flare,1,4904,0.0014790828896971235
Email Alerts,flare second,1,5000,0.0014790828896971235
Email Alerts,second flare,1,11808,0.0014790828896971235
Email Alerts,flare disk,1,4962,0.0014790828896971235
Email Alerts,disk produced,1,3445,0.0014790828896971235
Email Alerts,produced numerous,1,10329,0.00443724866909137
Email Alerts,numerous period,1,8897,0.002958165779394247
Email Alerts,region penumbral,1,11017,0.0014790828896971235
Email Alerts,penumbral growth,1,9487,0.0014790828896971235
Email Alerts,quiet stable,1,10620,0.00443724866909137
Email Alerts,stable period,1,12744,0.0014790828896971235
Email Alerts,period new,1,9561,0.005916331558788494
Email Alerts,new quiet,1,8679,0.0014790828896971235
Email Alerts,quiet ejecta,1,10600,0.0014790828896971235
Email Alerts,ejecta behind,1,3833,0.0014790828896971235
Email Alerts,behind analysis,1,1300,0.0014790828896971235
Email Alerts,model directed,1,8121,0.0014790828896971235
Email Alerts,directed component,1,3363,0.0014790828896971235
Email Alerts,component ejecta,1,2175,0.0014790828896971235
Email Alerts,ejecta lifting,1,3834,0.0014790828896971235
Email Alerts,lifting associated,1,7288,0.0014790828896971235
Email Alerts,associated analysis,1,943,0.0014790828896971235
Email Alerts,analysis becomes,1,618,0.002958165779394247
Email Alerts,available radio,1,1149,0.0014790828896971235
Email Alerts,likely based,1,7326,0.0014790828896971235
Email Alerts,based flare,1,1251,0.0014790828896971235
Email Alerts,flux flux,1,5055,0.0014790828896971235
Email Alerts,high decrease,1,5965,0.0014790828896971235
Email Alerts,decrease greater,1,3115,0.0014790828896971235
Email Alerts,mostly solar,1,8287,0.002958165779394247
Email Alerts,wind varied,1,15188,0.002958165779394247
Email Alerts,varied phi,1,14436,0.002958165779394247
Email Alerts,positive away,1,9927,0.00443724866909137
Email Alerts,away sun,1,1194,0.00443724866909137
Email Alerts,sun orientation,1,13219,0.007395414448485618
Email Alerts,unsettled period,1,14254,0.002958165779394247
Email Alerts,unsettled effect,1,14245,0.0014790828896971235
Email Alerts,activity flare,1,216,0.00443724866909137
Email Alerts,activity exhibit,1,214,0.0014790828896971235
Email Alerts,exhibit lost,1,4462,0.0014790828896971235
Email Alerts,lost delta,1,7488,0.0014790828896971235
Email Alerts,delta responsible,1,3163,0.0014790828896971235
Email Alerts,new active,1,8610,0.0014790828896971235
Email Alerts,active coronagraph,1,147,0.0014790828896971235
Email Alerts,flux near,1,5072,0.00443724866909137
Email Alerts,background forecast,1,1206,0.00443724866909137
Email Alerts,wind regime,1,15152,0.00887449733818274
Email Alerts,regime total,1,10976,0.0014790828896971235
Email Alerts,strength minor,1,13004,0.0014790828896971235
Email Alerts,orientation southward,1,9220,0.0014790828896971235
Email Alerts,southward phi,1,12485,0.0014790828896971235
Email Alerts,angle displayed,1,673,0.0014790828896971235
Email Alerts,displayed negative,1,3461,0.0014790828896971235
Email Alerts,wind slightly,1,15162,0.011832663117576988
Email Alerts,slightly solar,1,12215,0.0014790828896971235
Email Alerts,enhanced negative,1,4067,0.0014790828896971235
Email Alerts,position summary,1,9925,0.002958165779394247
Email Alerts,forecast unsettled,1,5210,0.00443724866909137
Email Alerts,position isolated,1,9920,0.0014790828896971235
Email Alerts,active slight,1,179,0.0014790828896971235
Email Alerts,storm near,1,12913,0.0014790828896971235
Email Alerts,near low,1,8433,0.0014790828896971235
Email Alerts,low confidence,1,7494,0.0014790828896971235
Email Alerts,confidence time,1,2278,0.0014790828896971235
Email Alerts,beyond single,1,1385,0.0014790828896971235
Email Alerts,single spot,1,12169,0.002958165779394247
Email Alerts,spot magnetically,1,12719,0.0014790828896971235
Email Alerts,responsible flare,1,11384,0.005916331558788494
Email Alerts,period active,1,9522,0.002958165779394247
Email Alerts,active relatively,1,178,0.002958165779394247
Email Alerts,relatively associated,1,11063,0.0014790828896971235
Email Alerts,associated line,1,968,0.0014790828896971235
Email Alerts,line movement,1,7415,0.0014790828896971235
Email Alerts,movement imagery,1,8302,0.0014790828896971235
Email Alerts,first coronagraph,1,4896,0.00443724866909137
Email Alerts,coronagraph event,1,2442,0.0014790828896971235
Email Alerts,well orbit,1,14943,0.0014790828896971235
Email Alerts,orbit another,1,9145,0.0014790828896971235
Email Alerts,another associated,1,689,0.0014790828896971235
Email Alerts,flaring first,1,5015,0.0014790828896971235
Email Alerts,around analysis,1,819,0.0014790828896971235
Email Alerts,analysis underway,1,656,0.002958165779394247
Email Alerts,underway forecast,1,14162,0.002958165779394247
Email Alerts,low isolated,1,7503,0.00443724866909137
Email Alerts,enhanced possibly,1,4073,0.0014790828896971235
Email Alerts,possibly activity,1,9982,0.0014790828896971235
Email Alerts,activity total,1,292,0.0014790828896971235
Email Alerts,field period,1,4731,0.005916331558788494
Email Alerts,period benign,1,9529,0.0014790828896971235
Email Alerts,benign ranging,1,1330,0.0014790828896971235
Email Alerts,ranging wind,1,10797,0.0014790828896971235
Email Alerts,phi rotated,1,9661,0.002958165779394247
Email Alerts,rotated solar,1,11495,0.002958165779394247
Email Alerts,solar forecast,1,12318,0.0014790828896971235
Email Alerts,forecast slightly,1,5203,0.0014790828896971235
Email Alerts,enhanced positive,1,4071,0.0014790828896971235
Email Alerts,positive influence,1,9936,0.005916331558788494
Email Alerts,influence another,1,6420,0.0014790828896971235
Email Alerts,another negative,1,698,0.0014790828896971235
Email Alerts,activity mostly,1,242,0.005916331558788494
Email Alerts,quiet onset,1,10608,0.0014790828896971235
Email Alerts,onset product,1,9054,0.0014790828896971235
Email Alerts,high flare,1,5971,0.00443724866909137
Email Alerts,flare sweep,1,5010,0.005916331558788494
Email Alerts,sweep along,1,13361,0.0014790828896971235
Email Alerts,along associated,1,525,0.002958165779394247
Email Alerts,flare additional,1,4950,0.0014790828896971235
Email Alerts,additional coronagraph,1,328,0.0014790828896971235
Email Alerts,coronagraph conformation,1,2439,0.0014790828896971235
Email Alerts,conformation analysis,1,2289,0.0014790828896971235
Email Alerts,analysis region,1,643,0.0014790828896971235
Email Alerts,region complex,1,10987,0.0014790828896971235
Email Alerts,complex notable,1,2149,0.0014790828896971235
Email Alerts,notable growth,1,8807,0.0014790828896971235
Email Alerts,growth eruptive,1,5862,0.0014790828896971235
Email Alerts,eruptive activity,1,4232,0.002958165779394247
Email Alerts,activity event,1,213,0.002958165779394247
Email Alerts,event first,1,4324,0.0014790828896971235
Email Alerts,first periphery,1,4917,0.0014790828896971235
Email Alerts,periphery around,1,9597,0.0014790828896971235
Email Alerts,storm flare,1,12890,0.0014790828896971235
Email Alerts,flare solar,1,5005,0.004499522646585961
Email Alerts,wind past,1,15134,0.0014790828896971235
Email Alerts,past total,1,9463,0.002958165779394247
Email Alerts,wind declined,1,15068,0.0014790828896971235
Email Alerts,declined near,1,3110,0.0014790828896971235
Email Alerts,near end,1,8427,0.0014790828896971235
Email Alerts,end phi,1,3981,0.0014790828896971235
Email Alerts,angle polarity,1,678,0.0014790828896971235
Email Alerts,polarity forecast,1,9887,0.0014790828896971235
Email Alerts,positive associated,1,9926,0.0014790828896971235
Email Alerts,region summary,1,11035,0.0014790828896971235
Email Alerts,field reach,1,4743,0.0014790828896971235
Email Alerts,reach unsettled,1,10838,0.0014790828896971235
Email Alerts,unsettled active,1,14242,0.005916331558788494
Email Alerts,active active,1,142,0.002958165779394247
Email Alerts,active minor,1,165,0.002958165779394247
Email Alerts,storming positive,1,12965,0.0014790828896971235
Email Alerts,positive day,1,9930,0.0014790828896971235
Email Alerts,day storming,1,3072,0.0014790828896971235
Email Alerts,storming activity,1,12956,0.0014790828896971235
Email Alerts,activity product,1,269,0.0014790828896971235
Email Alerts,summary note,1,13152,0.0014790828896971235
Email Alerts,note go,1,8821,0.0014790828896971235
Email Alerts,go flux,1,5683,0.0014790828896971235
Email Alerts,flux electron,1,5051,0.0014790828896971235
Email Alerts,flux proton,1,5079,0.0014790828896971235
Email Alerts,flux data,1,5050,0.0014790828896971235
Email Alerts,data went,1,3038,0.0014790828896971235
Email Alerts,went network,1,14968,0.0014790828896971235
Email Alerts,network outage,1,8578,0.0014790828896971235
Email Alerts,outage data,1,9240,0.0014790828896971235
Email Alerts,data intermittent,1,2892,0.0014790828896971235
Email Alerts,intermittent solar,1,6749,0.0014790828896971235
Email Alerts,moderate region,1,8233,0.00443724866909137
Email Alerts,region magnetically,1,11011,0.0014790828896971235
Email Alerts,complex spot,1,2158,0.0014790828896971235
Email Alerts,spot group,1,12718,0.0014790828896971235
Email Alerts,group however,1,5843,0.0014790828896971235
Email Alerts,however region,1,6090,0.0014790828896971235
Email Alerts,region little,1,11007,0.0014790828896971235
Email Alerts,little last,1,7441,0.0014790828896971235
Email Alerts,last leader,1,7110,0.0014790828896971235
Email Alerts,leader previous,1,7194,0.0014790828896971235
Email Alerts,previous new,1,10198,0.0014790828896971235
Email Alerts,new initial,1,8647,0.0014790828896971235
Email Alerts,initial associated,1,6597,0.0014790828896971235
Email Alerts,associated degree,1,949,0.0014790828896971235
Email Alerts,degree filament,1,3146,0.002958165779394247
Email Alerts,filament eruption,1,4846,0.005916331558788494
Email Alerts,lifting returned,1,7290,0.0014790828896971235
Email Alerts,returned flanking,1,11411,0.0014790828896971235
Email Alerts,flanking additional,1,4946,0.0014790828896971235
Email Alerts,additional analysis,1,324,0.0014790828896971235
Email Alerts,analysis filament,1,628,0.0014790828896971235
Email Alerts,filament visible,1,4849,0.0014790828896971235
Email Alerts,visible southeast,1,14536,0.0014790828896971235
Email Alerts,southeast run,1,12475,0.0014790828896971235
Email Alerts,run forecast,1,11520,0.0014790828896971235
Email Alerts,likely due,1,7334,0.0014790828896971235
Email Alerts,proton near,1,10458,0.0014790828896971235
Email Alerts,reflected possible,1,10954,0.0014790828896971235
Email Alerts,possible weak,1,9978,0.0014790828896971235
Email Alerts,weak transient,1,14624,0.002958165779394247
Email Alerts,transient activity,1,13968,0.002958165779394247
Email Alerts,activity geomagnetic,1,220,0.06186843639055696
Email Alerts,wind large,1,15107,0.0014790828896971235
Email Alerts,large filament,1,7085,0.0014790828896971235
Email Alerts,eruption summary,1,4231,0.0014790828896971235
Email Alerts,effect filament,1,3737,0.0014790828896971235
Email Alerts,eruption product,1,4230,0.0014790828896971235
Email Alerts,period minor,1,9558,0.0014790828896971235
Email Alerts,growth either,1,5861,0.0014790828896971235
Email Alerts,coronagraph data,1,2440,0.0014790828896971235
Email Alerts,environment mildly,1,4153,0.0014790828896971235
Email Alerts,sustained solar,1,13348,0.0014790828896971235
Email Alerts,wind steady,1,15172,0.0014790828896971235
Email Alerts,steady forecast,1,12826,0.0014790828896971235
Email Alerts,ranged forecast,1,10776,0.002958165779394247
Email Alerts,forecast product,1,5195,0.00443724866909137
Email Alerts,produced several,1,10335,0.002958165779394247
Email Alerts,several inactive,1,11968,0.0014790828896971235
Email Alerts,inactive either,1,6268,0.0014790828896971235
Email Alerts,chance fully,1,1756,0.0014790828896971235
Email Alerts,fully onto,1,5372,0.0014790828896971235
Email Alerts,environment continued,1,4136,0.00443724866909137
Email Alerts,continued waning,1,2381,0.0014790828896971235
Email Alerts,field gradually,1,4699,0.00443724866909137
Email Alerts,period wind,1,9593,0.002958165779394247
Email Alerts,effect forecast,1,3741,0.002958165779394247
Email Alerts,effect quiet,1,3762,0.0014790828896971235
Email Alerts,produced region,1,10332,0.002958165779394247
Email Alerts,region slight,1,11032,0.002958165779394247
Email Alerts,growth underwent,1,5874,0.0014790828896971235
Email Alerts,underwent slight,1,14168,0.0014790828896971235
Email Alerts,growth remains,1,5870,0.0014790828896971235
Email Alerts,remains spot,1,11121,0.0014790828896971235
Email Alerts,spot visible,1,12729,0.0014790828896971235
Email Alerts,disk relatively,1,3448,0.0014790828896971235
Email Alerts,quiet throughout,1,10623,0.007395414448485618
Email Alerts,period additional,1,9524,0.0014790828896971235
Email Alerts,intermediate west,1,6748,0.0014790828896971235
Email Alerts,west starting,1,14979,0.0014790828896971235
Email Alerts,starting near,1,12774,0.0014790828896971235
Email Alerts,near associated,1,8417,0.0014790828896971235
Email Alerts,associated west,1,984,0.0014790828896971235
Email Alerts,west potentially,1,14978,0.0014790828896971235
Email Alerts,forecast remain,1,5198,0.0014790828896971235
Email Alerts,remain likely,1,11108,0.0014790828896971235
Email Alerts,chance persisting,1,1769,0.0014790828896971235
Email Alerts,persisting energetic,1,9618,0.0014790828896971235
Email Alerts,strength southward,1,13011,0.0014790828896971235
Email Alerts,southward wind,1,12489,0.0014790828896971235
Email Alerts,weak interaction,1,14613,0.002958165779394247
Email Alerts,interaction decreasing,1,6702,0.0014790828896971235
Email Alerts,decreasing weak,1,3121,0.0014790828896971235
Email Alerts,weak mostly,1,14614,0.0014790828896971235
Email Alerts,mostly nominal,1,8279,0.0014790828896971235
Email Alerts,solar position,1,12368,0.0014790828896971235
Email Alerts,unsettled still,1,14258,0.0014790828896971235
Email Alerts,still likely,1,12850,0.0014790828896971235
Email Alerts,influence quiet,1,6443,0.002958165779394247
Email Alerts,activity additional,1,197,0.0014790828896971235
Email Alerts,additional first,1,334,0.0014790828896971235
Email Alerts,second event,1,11806,0.0014790828896971235
Email Alerts,flare beyond,1,4955,0.00443724866909137
Email Alerts,beyond along,1,1373,0.0014790828896971235
Email Alerts,associated shortly,1,978,0.0014790828896971235
Email Alerts,shortly following,1,12036,0.0014790828896971235
Email Alerts,following second,1,5128,0.002958165779394247
Email Alerts,second coronal,1,11804,0.0014790828896971235
Email Alerts,first limited,1,4910,0.0014790828896971235
Email Alerts,limited time,1,7404,0.0014790828896971235
Email Alerts,time analysis,1,13759,0.0014790828896971235
Email Alerts,becomes component,1,1274,0.0014790828896971235
Email Alerts,component region,1,2181,0.0014790828896971235
Email Alerts,region responsible,1,11027,0.00443724866909137
Email Alerts,responsible several,1,11393,0.002958165779394247
Email Alerts,several made,1,11970,0.0014790828896971235
Email Alerts,way towards,1,14602,0.0014790828896971235
Email Alerts,towards west,1,13921,0.0014790828896971235
Email Alerts,limb development,1,7368,0.0014790828896971235
Email Alerts,development intermediate,1,3284,0.0014790828896971235
Email Alerts,intermediate peripheral,1,6740,0.0014790828896971235
Email Alerts,peripheral near,1,9596,0.0014790828896971235
Email Alerts,near large,1,8432,0.0014790828896971235
Email Alerts,large trailing,1,7100,0.0014790828896971235
Email Alerts,trailing responsible,1,13951,0.0014790828896971235
Email Alerts,responsible period,1,11390,0.0014790828896971235
Email Alerts,new formed,1,8638,0.0014790828896971235
Email Alerts,formed showing,1,5273,0.0014790828896971235
Email Alerts,showing little,1,12043,0.0014790828896971235
Email Alerts,little change,1,7440,0.0014790828896971235
Email Alerts,change pending,1,1783,0.0014790828896971235
Email Alerts,pending coronagraph,1,9478,0.0014790828896971235
Email Alerts,low likely,1,7505,0.0014790828896971235
Email Alerts,weak negative,1,14616,0.00443724866909137
Email Alerts,negative influence,1,8539,0.007395414448485618
Email Alerts,ranged total,1,10788,0.002958165779394247
Email Alerts,field primarily,1,4735,0.002958165779394247
Email Alerts,primarily predominantly,1,10218,0.0014790828896971235
Email Alerts,slightly position,1,12214,0.0014790828896971235
Email Alerts,position ambient,1,9916,0.0014790828896971235
Email Alerts,ambient summary,1,589,0.0014790828896971235
Email Alerts,geomagnetic isolated,1,5524,0.0014790828896971235
Email Alerts,quiet position,1,10612,0.0014790828896971235
Email Alerts,position product,1,9923,0.0014790828896971235
Email Alerts,associated type,1,983,0.007395414448485618
Email Alerts,type asymmetric,1,14054,0.0014790828896971235
Email Alerts,asymmetric halo,1,1002,0.0014790828896971235
Email Alerts,halo first,1,5884,0.002958165779394247
Email Alerts,first visible,1,4928,0.0014790828896971235
Email Alerts,visible source,1,14535,0.0014790828896971235
Email Alerts,source region,1,12459,0.0014790828896971235
Email Alerts,region earth,1,10993,0.0014790828896971235
Email Alerts,however flanking,1,6074,0.0014790828896971235
Email Alerts,flanking event,1,4947,0.0014790828896971235
Email Alerts,event summary,1,4355,0.0014790828896971235
Email Alerts,summary region,1,13156,0.0014790828896971235
Email Alerts,several period,1,11974,0.002958165779394247
Email Alerts,period spotted,1,9581,0.00443724866909137
Email Alerts,spotted unremarkable,1,12735,0.0014790828896971235
Email Alerts,unremarkable forecast,1,14238,0.0014790828896971235
Email Alerts,disk region,1,3447,0.0014790828896971235
Email Alerts,region formerly,1,10999,0.0014790828896971235
Email Alerts,formerly responsible,1,5276,0.0014790828896971235
Email Alerts,responsible four,1,11386,0.0014790828896971235
Email Alerts,four last,1,5308,0.0014790828896971235
Email Alerts,last transit,1,7115,0.0014790828896971235
Email Alerts,transit energetic,1,13976,0.0014790828896971235
Email Alerts,wind become,1,15052,0.0014790828896971235
Email Alerts,become slightly,1,1271,0.0014790828896971235
Email Alerts,enhanced weak,1,4079,0.0014790828896971235
Email Alerts,field wind,1,4779,0.002958165779394247
Email Alerts,wind rose,1,15158,0.0014790828896971235
Email Alerts,rose around,1,11484,0.0014790828896971235
Email Alerts,around phi,1,847,0.00443724866909137
Email Alerts,positive sector,1,9947,0.005916331558788494
Email Alerts,enhanced nominal,1,4069,0.0014790828896971235
Email Alerts,nominal summary,1,8751,0.00443724866909137
Email Alerts,forecast quiet,1,5196,0.00887449733818274
Email Alerts,quiet solar,1,10618,0.013311746007274113
Email Alerts,wind product,1,15147,0.0014790828896971235
Email Alerts,activity multiple,1,243,0.00887449733818274
Email Alerts,multiple associated,1,8319,0.0014790828896971235
Email Alerts,activity near,1,244,0.0014790828896971235
Email Alerts,near rotated,1,8438,0.0014790828896971235
Email Alerts,rotated beyond,1,11489,0.0014790828896971235
Email Alerts,beyond associated,1,1374,0.0014790828896971235
Email Alerts,multiple sun,1,8346,0.0014790828896971235
Email Alerts,sun westward,1,13245,0.0014790828896971235
Email Alerts,westward recently,1,14990,0.0014790828896971235
Email Alerts,recently mostly,1,10906,0.0014790828896971235
Email Alerts,spotted stable,1,12733,0.0014790828896971235
Email Alerts,stable quiet,1,12745,0.002958165779394247
Email Alerts,chance primarily,1,1770,0.002958165779394247
Email Alerts,primarily eruptive,1,10210,0.0014790828896971235
Email Alerts,eruptive beyond,1,4233,0.0014790828896971235
Email Alerts,beyond energetic,1,1379,0.002958165779394247
Email Alerts,flux slight,1,5088,0.0014790828896971235
Email Alerts,slight background,1,12199,0.0014790828896971235
Email Alerts,background activity,1,1202,0.0014790828896971235
Email Alerts,activity old,1,253,0.0014790828896971235
Email Alerts,old region,1,9044,0.0014790828896971235
Email Alerts,region forecast,1,10998,0.00443724866909137
Email Alerts,background next,1,1210,0.0014790828896971235
Email Alerts,day solar,1,3070,0.0014790828896971235
Email Alerts,wind decline,1,15067,0.0014790828896971235
Email Alerts,decline ranged,1,3109,0.0014790828896971235
Email Alerts,strength steadily,1,13012,0.0014790828896971235
Email Alerts,steadily decline,1,12818,0.0014790828896971235
Email Alerts,decline period,1,3108,0.0014790828896971235
Email Alerts,flare magnetic,1,4980,0.0014790828896971235
Email Alerts,magnetic configuration,1,7581,0.0014790828896971235
Email Alerts,configuration latter,1,2282,0.0014790828896971235
Email Alerts,latter mixed,1,7145,0.0014790828896971235
Email Alerts,mixed intermediate,1,8099,0.0014790828896971235
Email Alerts,intermediate penumbra,1,6738,0.0014790828896971235
Email Alerts,penumbra period,1,9485,0.0014790828896971235
Email Alerts,new noted,1,8664,0.00443724866909137
Email Alerts,noted went,1,8854,0.0014790828896971235
Email Alerts,went await,1,14967,0.0014790828896971235
Email Alerts,await observatory,1,1177,0.002958165779394247
Email Alerts,observatory coronagraph,1,8944,0.002958165779394247
Email Alerts,imagery likely,1,6159,0.002958165779394247
Email Alerts,likely greater,1,7340,0.0014790828896971235
Email Alerts,greater energetic,1,5775,0.00443724866909137
Email Alerts,summary negative,1,13151,0.002958165779394247
Email Alerts,negative mildly,1,8541,0.0014790828896971235
Email Alerts,strength underwent,1,13013,0.0014790828896971235
Email Alerts,underwent several,1,14167,0.002958165779394247
Email Alerts,several sustained,1,11982,0.0014790828896971235
Email Alerts,southward latter,1,12483,0.0014790828896971235
Email Alerts,forecast negative,1,5187,0.00443724866909137
Email Alerts,effect continue,1,3727,0.007395414448485618
Email Alerts,continue product,1,2367,0.00443724866909137
Email Alerts,flare flare,1,4969,0.002958165779394247
Email Alerts,emission associated,1,3949,0.0014790828896971235
Email Alerts,associated disk,1,950,0.0014790828896971235
Email Alerts,disk determined,1,3434,0.0014790828896971235
Email Alerts,determined orbit,1,3261,0.0014790828896971235
Email Alerts,orbit glancing,1,9167,0.0014790828896971235
Email Alerts,glancing influence,1,5626,0.0014790828896971235
Email Alerts,influence complex,1,6424,0.0014790828896971235
Email Alerts,flare flux,1,4970,0.0014790828896971235
Email Alerts,flux emergence,1,5053,0.00443724866909137
Email Alerts,emergence region,1,3944,0.0014790828896971235
Email Alerts,region fairly,1,10995,0.0014790828896971235
Email Alerts,fairly quiet,1,4609,0.0014790828896971235
Email Alerts,isolated activity,1,6912,0.005916331558788494
Email Alerts,summary electron,1,13145,0.0014790828896971235
Email Alerts,electron orbit,1,3907,0.04141432091151946
Email Alerts,orbit period,1,9185,0.005916331558788494
Email Alerts,forecast northern,1,5190,0.0014790828896971235
Email Alerts,northern hemisphere,1,8791,0.0022497613232929804
Email Alerts,hemisphere could,1,5947,0.0014790828896971235
Email Alerts,could increase,1,2527,0.0014790828896971235
Email Alerts,increase electron,1,6333,0.002958165779394247
Email Alerts,flux threshold,1,5093,0.0014790828896971235
Email Alerts,threshold active,1,13700,0.0014790828896971235
Email Alerts,active western,1,193,0.00443724866909137
Email Alerts,western hemisphere,1,14987,0.011832663117576988
Email Alerts,hemisphere magnetic,1,5949,0.00443724866909137
Email Alerts,complexity reducing,1,2168,0.00443724866909137
Email Alerts,reducing proton,1,10941,0.00443724866909137
Email Alerts,proton therefore,1,10462,0.00443724866909137
Email Alerts,therefore greater,1,13665,0.00443724866909137
Email Alerts,throughout day,1,13707,0.0014790828896971235
Email Alerts,day weak,1,3078,0.0014790828896971235
Email Alerts,weak glancing,1,14610,0.002958165779394247
Email Alerts,blow left,1,1429,0.005916331558788494
Email Alerts,total interplanetary,1,13890,0.0014790828896971235
Email Alerts,field sustaining,1,4764,0.0014790828896971235
Email Alerts,sustaining southward,1,13353,0.0014790828896971235
Email Alerts,southward direction,1,12480,0.0014790828896971235
Email Alerts,direction northward,1,3371,0.0014790828896971235
Email Alerts,northward mostly,1,8803,0.0014790828896971235
Email Alerts,mostly south,1,8288,0.0014790828896971235
Email Alerts,south thereafter,1,12473,0.0014790828896971235
Email Alerts,negative towards,1,8555,0.00443724866909137
Email Alerts,towards sun,1,13919,0.00443724866909137
Email Alerts,orientation positive,1,9218,0.0014790828896971235
Email Alerts,positive polarity,1,9944,0.013311746007274113
Email Alerts,coronal enhancement,1,2454,0.0014790828896971235
Email Alerts,enhancement time,1,4085,0.0014790828896971235
Email Alerts,time waning,1,13834,0.0014790828896971235
Email Alerts,waning towards,1,14565,0.0014790828896971235
Email Alerts,towards nominal,1,13918,0.0014790828896971235
Email Alerts,forecast active,1,5155,0.0014790828896971235
Email Alerts,active early,1,149,0.0014790828896971235
Email Alerts,geomagnetic towards,1,5556,0.0014790828896971235
Email Alerts,towards wane,1,13920,0.0014790828896971235
Email Alerts,wane weak,1,14559,0.0014790828896971235
Email Alerts,weak northern,1,14617,0.0014790828896971235
Email Alerts,northern late,1,8792,0.0014790828896971235
Email Alerts,late next,1,7120,0.0014790828896971235
Email Alerts,next coronal,1,8711,0.0014790828896971235
Email Alerts,coronal position,1,2463,0.0014790828896971235
Email Alerts,position polarity,1,9922,0.0014790828896971235
Email Alerts,polarity minimal,1,9888,0.0014790828896971235
Email Alerts,minimal quiet,1,7999,0.0014790828896971235
Email Alerts,quiet thereafter,1,10622,0.002958165779394247
Email Alerts,thereafter product,1,13659,0.002958165779394247
Email Alerts,region produced,1,11020,0.010353580227879865
Email Alerts,produced activity,1,10316,0.002958165779394247
Email Alerts,region quickly,1,11023,0.002958165779394247
Email Alerts,quickly complexity,1,10588,0.002958165779394247
Email Alerts,complexity activity,1,2164,0.0014790828896971235
Email Alerts,activity stable,1,283,0.0014790828896971235
Email Alerts,stable directed,1,12742,0.002958165779394247
Email Alerts,directed coronagraph,1,3364,0.002958165779394247
Email Alerts,flux high,1,5060,0.005916331558788494
Email Alerts,high flux,1,5972,0.013311746007274113
Email Alerts,total mostly,1,13895,0.002958165779394247
Email Alerts,mostly steady,1,8289,0.005916331558788494
Email Alerts,steady varied,1,12829,0.002958165779394247
Email Alerts,varied wind,1,14441,0.005916331558788494
Email Alerts,wind mostly,1,15122,0.002958165779394247
Email Alerts,steady phi,1,12827,0.002958165779394247
Email Alerts,enhanced influence,1,4063,0.002958165779394247
Email Alerts,influence next,1,6438,0.002958165779394247
Email Alerts,next negative,1,8723,0.002958165779394247
Email Alerts,field influence,1,4705,0.00443724866909137
Email Alerts,influence storm,1,6447,0.00443724866909137
Email Alerts,storm negative,1,12914,0.002958165779394247
Email Alerts,region lost,1,11008,0.0014790828896971235
Email Alerts,lost intermediate,1,7490,0.0014790828896971235
Email Alerts,intermediate around,1,6735,0.0014790828896971235
Email Alerts,limb flare,1,7370,0.0014790828896971235
Email Alerts,flare producer,1,4991,0.002958165779394247
Email Alerts,producer throughout,1,10339,0.0014790828896971235
Email Alerts,period ten,1,9583,0.0014790828896971235
Email Alerts,ten region,1,13601,0.0014790828896971235
Email Alerts,region rapid,1,11025,0.0014790828896971235
Email Alerts,rapid flux,1,10798,0.0014790828896971235
Email Alerts,emergence magnetic,1,3942,0.0014790828896971235
Email Alerts,magnetic shear,1,7619,0.0014790828896971235
Email Alerts,shear across,1,11997,0.0014790828896971235
Email Alerts,across intermediate,1,102,0.0014790828896971235
Email Alerts,intermediate area,1,6734,0.005916331558788494
Email Alerts,area experienced,1,799,0.0014790828896971235
Email Alerts,experienced length,1,4487,0.0014790828896971235
Email Alerts,length increasing,1,7249,0.0014790828896971235
Email Alerts,increasing leader,1,6353,0.0014790828896971235
Email Alerts,leader trailer,1,7196,0.002958165779394247
Email Alerts,trailer region,1,13945,0.0014790828896971235
Email Alerts,region quiet,1,11024,0.002958165779394247
Email Alerts,quiet slight,1,10617,0.0014790828896971235
Email Alerts,slight imagery,1,12204,0.0014790828896971235
Email Alerts,imagery period,1,6161,0.002958165779394247
Email Alerts,orbit remains,1,9189,0.002958165779394247
Email Alerts,remains high,1,11118,0.002958165779394247
Email Alerts,electron possibly,1,3910,0.0014790828896971235
Email Alerts,possibly thereafter,1,9987,0.0014790828896971235
Email Alerts,thereafter active,1,13657,0.0014790828896971235
Email Alerts,negative total,1,8554,0.002958165779394247
Email Alerts,field thereafter,1,4765,0.0014790828896971235
Email Alerts,wind gradual,1,15093,0.0014790828896971235
Email Alerts,gradual decline,1,5739,0.0014790828896971235
Email Alerts,decline aside,1,3107,0.0014790828896971235
Email Alerts,aside phi,1,884,0.0014790828896971235
Email Alerts,negative slight,1,8548,0.0014790828896971235
Email Alerts,left arrive,1,7233,0.002958165779394247
Email Alerts,arrive solar,1,876,0.002958165779394247
Email Alerts,wind effect,1,15073,0.002958165779394247
Email Alerts,effect wane,1,3781,0.005916331558788494
Email Alerts,wane summary,1,14558,0.002958165779394247
Email Alerts,field previous,1,4734,0.0014790828896971235
Email Alerts,previous discussion,1,10194,0.0014790828896971235
Email Alerts,discussion effect,1,3411,0.0014790828896971235
Email Alerts,wane chance,1,14553,0.0014790828896971235
Email Alerts,chance geomagnetic,1,1757,0.0014790828896971235
Email Alerts,geomagnetic glancing,1,5516,0.0014790828896971235
Email Alerts,left however,1,7236,0.0014790828896971235
Email Alerts,confidence negative,1,2276,0.0014790828896971235
Email Alerts,effect end,1,3736,0.002958165779394247
Email Alerts,end weak,1,3982,0.002958165779394247
Email Alerts,positive regime,1,9945,0.002958165779394247
Email Alerts,regime product,1,10971,0.0014790828896971235
Email Alerts,moderate intermediate,1,8223,0.0014790828896971235
Email Alerts,intermediate responsible,1,6742,0.0014790828896971235
Email Alerts,form period,1,5264,0.0014790828896971235
Email Alerts,period western,1,9592,0.0014790828896971235
Email Alerts,limb produced,1,7375,0.002958165779394247
Email Alerts,numerous faint,1,8892,0.0014790828896971235
Email Alerts,faint associated,1,4599,0.0014790828896971235
Email Alerts,first analysis,1,4892,0.002958165779394247
Email Alerts,likely reach,1,7351,0.00443724866909137
Email Alerts,reach moderate,1,10832,0.00443724866909137
Email Alerts,moderate chance,1,8209,0.02070716045575973
Email Alerts,isolated energetic,1,6914,0.0014790828896971235
Email Alerts,flux primarily,1,5078,0.00443724866909137
Email Alerts,environment slightly,1,4171,0.0014790828896971235
Email Alerts,enhanced likely,1,4065,0.0014790828896971235
Email Alerts,likely glancing,1,7339,0.0014790828896971235
Email Alerts,glancing event,1,5622,0.0014790828896971235
Email Alerts,event total,1,4362,0.0014790828896971235
Email Alerts,gradually sustained,1,5747,0.0014790828896971235
Email Alerts,southward reaching,1,12486,0.00443724866909137
Email Alerts,reaching solar,1,10845,0.00443724866909137
Email Alerts,negative continue,1,8534,0.002958165779394247
Email Alerts,continue summary,1,2370,0.002958165779394247
Email Alerts,field active,1,4666,0.00887449733818274
Email Alerts,geomagnetic speed,1,5550,0.002958165779394247
Email Alerts,speed stream,1,12680,0.013311746007274113
Email Alerts,stream effect,1,12988,0.002958165779394247
Email Alerts,moderate flare,1,8214,0.007395414448485618
Email Alerts,flare period,1,4988,0.0014790828896971235
Email Alerts,period decayed,1,9536,0.0014790828896971235
Email Alerts,decayed underwent,1,3104,0.0014790828896971235
Email Alerts,underwent minor,1,14166,0.0014790828896971235
Email Alerts,minor overall,1,8019,0.0014790828896971235
Email Alerts,overall growth,1,9279,0.0014790828896971235
Email Alerts,growth decay,1,5860,0.0014790828896971235
Email Alerts,decay among,1,3089,0.0014790828896971235
Email Alerts,among intermediate,1,597,0.0014790828896971235
Email Alerts,intermediate new,1,6737,0.0014790828896971235
Email Alerts,new imagery,1,8643,0.0014790828896971235
Email Alerts,electron moderate,1,3905,0.002958165779394247
Email Alerts,moderate slight,1,8234,0.002958165779394247
Email Alerts,strength slowly,1,13009,0.0014790828896971235
Email Alerts,slowly throughout,1,12229,0.0014790828896971235
Email Alerts,throughout sustained,1,13722,0.0014790828896971235
Email Alerts,sustained brief,1,13345,0.0014790828896971235
Email Alerts,brief throughout,1,1484,0.0014790828896971235
Email Alerts,negative background,1,8531,0.0014790828896971235
Email Alerts,unsettled quiet,1,14255,0.005916331558788494
Email Alerts,low flare,1,7497,0.010353580227879865
Email Alerts,activity view,1,298,0.0014790828896971235
Email Alerts,view revealing,1,14522,0.0014790828896971235
Email Alerts,revealing possible,1,11415,0.0014790828896971235
Email Alerts,possible small,1,9973,0.0014790828896971235
Email Alerts,small trailing,1,12244,0.0014790828896971235
Email Alerts,trailing rotated,1,13952,0.0014790828896971235
Email Alerts,onto southeast,1,9058,0.0014790828896971235
Email Alerts,southeast limb,1,12474,0.002958165779394247
Email Alerts,limb southeast,1,7381,0.0014790828896971235
Email Alerts,limb beginning,1,7364,0.0014790828896971235
Email Alerts,beginning around,1,1285,0.0014790828896971235
Email Alerts,around eruption,1,831,0.0014790828896971235
Email Alerts,eruption model,1,4229,0.0014790828896971235
Email Alerts,model well,1,8159,0.0014790828896971235
Email Alerts,well ahead,1,14919,0.0014790828896971235
Email Alerts,ahead line,1,483,0.0014790828896971235
Email Alerts,line forecast,1,7411,0.0014790828896971235
Email Alerts,event energetic,1,4321,0.002958165779394247
Email Alerts,background total,1,1222,0.0014790828896971235
Email Alerts,field steady,1,4756,0.0014790828896971235
Email Alerts,steady variable,1,12828,0.0014790828896971235
Email Alerts,negative quiet,1,8547,0.002958165779394247
Email Alerts,activity notable,1,249,0.002958165779394247
Email Alerts,notable event,1,8805,0.0014790828896971235
Email Alerts,event signature,1,4349,0.0014790828896971235
Email Alerts,signature imagery,1,12072,0.0014790828896971235
Email Alerts,analysis component,1,622,0.0014790828896971235
Email Alerts,component rotating,1,2183,0.0014790828896971235
Email Alerts,rotating onto,1,11497,0.0014790828896971235
Email Alerts,onto minor,1,9056,0.0014790828896971235
Email Alerts,minor active,1,8004,0.0014790828896971235
Email Alerts,disk forecast,1,3437,0.0014790828896971235
Email Alerts,potential multiple,1,10010,0.0014790828896971235
Email Alerts,multiple energetic,1,8326,0.0014790828896971235
Email Alerts,high slight,1,5991,0.002958165779394247
Email Alerts,wind steadily,1,15171,0.005916331558788494
Email Alerts,steadily declined,1,12819,0.0014790828896971235
Email Alerts,declined period,1,3112,0.002958165779394247
Email Alerts,strength angle,1,13001,0.0014790828896971235
Email Alerts,angle negatively,1,677,0.0014790828896971235
Email Alerts,negatively forecast,1,8559,0.0014790828896971235
Email Alerts,activity intermediate,1,232,0.0014790828896971235
Email Alerts,intermediate trek,1,6747,0.002958165779394247
Email Alerts,trek towards,1,14013,0.002958165779394247
Email Alerts,western flare,1,14986,0.0014790828896971235
Email Alerts,flare respectively,1,4997,0.0014790828896971235
Email Alerts,respectively trailing,1,11373,0.0014790828896971235
Email Alerts,spot underwent,1,12728,0.002958165779394247
Email Alerts,underwent leading,1,14165,0.002958165779394247
Email Alerts,leading spot,1,7200,0.002958165779394247
Email Alerts,spot rudimentary,1,12725,0.002958165779394247
Email Alerts,rudimentary gamma,1,11518,0.002958165779394247
Email Alerts,gamma magnetic,1,5447,0.002958165779394247
Email Alerts,magnetic intermediate,1,7598,0.002958165779394247
Email Alerts,area new,1,806,0.00443724866909137
Email Alerts,noted remain,1,8848,0.002958165779394247
Email Alerts,observatory stable,1,8961,0.0014790828896971235
Email Alerts,stable relatively,1,12747,0.002958165779394247
Email Alerts,centered unstable,1,1717,0.002958165779394247
Email Alerts,unstable go,1,14263,0.002958165779394247
Email Alerts,go imagery,1,5687,0.00443724866909137
Email Alerts,imagery event,1,6151,0.002958165779394247
Email Alerts,likely decrease,1,7333,0.002958165779394247
Email Alerts,decrease chance,1,3114,0.002958165779394247
Email Alerts,chance beyond,1,1746,0.00443724866909137
Email Alerts,limb energetic,1,7369,0.00443724866909137
Email Alerts,primarily northward,1,10216,0.0014790828896971235
Email Alerts,northward approximately,1,8801,0.0014790828896971235
Email Alerts,approximately sustained,1,765,0.0014790828896971235
Email Alerts,negative around,1,8530,0.0014790828896971235
Email Alerts,around disturbed,1,828,0.0014790828896971235
Email Alerts,disturbed solar,1,3498,0.002958165779394247
Email Alerts,however chance,1,6061,0.002958165779394247
Email Alerts,glancing faint,1,5623,0.002958165779394247
Email Alerts,faint left,1,4601,0.002958165779394247
Email Alerts,left outcome,1,7239,0.002958165779394247
Email Alerts,outcome summary,1,9243,0.002958165779394247
Email Alerts,storming geomagnetic,1,12961,0.002958165779394247
Email Alerts,geomagnetic negative,1,5532,0.002958165779394247
Email Alerts,effect isolated,1,3747,0.002958165779394247
Email Alerts,active effect,1,150,0.00443724866909137
Email Alerts,continue along,1,2362,0.002958165779394247
Email Alerts,along product,1,535,0.002958165779394247
Email Alerts,region intermediate,1,11006,0.002958165779394247
Email Alerts,intermediate trailing,1,6746,0.002958165779394247
Email Alerts,trailing slight,1,13953,0.0014790828896971235
Email Alerts,growth flux,1,5863,0.0014790828896971235
Email Alerts,flux yet,1,5101,0.0014790828896971235
Email Alerts,yet region,1,15300,0.0014790828896971235
Email Alerts,ranged briefly,1,10773,0.0014790828896971235
Email Alerts,briefly phi,1,1488,0.0014790828896971235
Email Alerts,wind left,1,15108,0.0014790828896971235
Email Alerts,storming left,1,12962,0.0014790828896971235
Email Alerts,left effect,1,7235,0.002958165779394247
Email Alerts,wane mostly,1,14554,0.0014790828896971235
Email Alerts,activity several,1,278,0.0014790828896971235
Email Alerts,associated sweep,1,982,0.00443724866909137
Email Alerts,sweep region,1,13366,0.005916331558788494
Email Alerts,several rapid,1,11978,0.0014790828896971235
Email Alerts,rapid intermediate,1,10799,0.0014790828896971235
Email Alerts,intermediate trailer,1,6745,0.002958165779394247
Email Alerts,trailer active,1,13941,0.0014790828896971235
Email Alerts,either gradual,1,3823,0.0014790828896971235
Email Alerts,gradual decay,1,5738,0.0014790828896971235
Email Alerts,decay activity,1,3088,0.0014790828896971235
Email Alerts,activity sweep,1,288,0.0014790828896971235
Email Alerts,sweep likely,1,13364,0.0014790828896971235
Email Alerts,imagery far,1,6152,0.0014790828896971235
Email Alerts,far side,1,4620,0.0014790828896971235
Email Alerts,side forecast,1,12059,0.0014790828896971235
Email Alerts,solar minor,1,12349,0.002958165779394247
Email Alerts,minor radio,1,8023,0.002958165779394247
Email Alerts,isolated remains,1,6919,0.0014790828896971235
Email Alerts,remains active,1,11114,0.0014790828896971235
Email Alerts,active energetic,1,154,0.0014790828896971235
Email Alerts,forecast electron,1,5168,0.0014790828896971235
Email Alerts,high positive,1,5984,0.0014790828896971235
Email Alerts,hole high,1,6034,0.014790828896971236
Email Alerts,high speed,1,5995,0.01774899467636548
Email Alerts,speed influence,1,12672,0.002958165779394247
Email Alerts,influence yet,1,6453,0.0014790828896971235
Email Alerts,yet greater,1,15296,0.0014790828896971235
Email Alerts,continued positive,1,2377,0.0014790828896971235
Email Alerts,strength first,1,13003,0.0014790828896971235
Email Alerts,first period,1,4916,0.0014790828896971235
Email Alerts,period variable,1,9588,0.0014790828896971235
Email Alerts,variable approximately,1,14428,0.0014790828896971235
Email Alerts,approximately mostly,1,764,0.0014790828896971235
Email Alerts,mostly north,1,8280,0.0014790828896971235
Email Alerts,north solar,1,8782,0.0014790828896971235
Email Alerts,wind ace,1,15043,0.0014790828896971235
Email Alerts,ace period,1,70,0.0014790828896971235
Email Alerts,period slowly,1,9578,0.0014790828896971235
Email Alerts,slowly declined,1,12220,0.0014790828896971235
Email Alerts,declined phi,1,3113,0.0014790828896971235
Email Alerts,sector position,1,11837,0.0014790828896971235
Email Alerts,wind persistent,1,15136,0.0014790828896971235
Email Alerts,persistent yet,1,9617,0.0014790828896971235
Email Alerts,yet waning,1,15305,0.002958165779394247
Email Alerts,waning positive,1,14563,0.002958165779394247
Email Alerts,hole influence,1,6035,0.002958165779394247
Email Alerts,influence coupled,1,6425,0.0014790828896971235
Email Alerts,coupled possible,1,2558,0.0014790828896971235
Email Alerts,interaction background,1,6698,0.0014790828896971235
Email Alerts,background diminish,1,1204,0.0014790828896971235
Email Alerts,diminish summary,1,3351,0.0014790828896971235
Email Alerts,active chance,1,146,0.0014790828896971235
Email Alerts,storm positive,1,12926,0.0014790828896971235
Email Alerts,influence active,1,6418,0.00443724866909137
Email Alerts,active possible,1,174,0.002958165779394247
Email Alerts,possible near,1,9965,0.0014790828896971235
Email Alerts,near subside,1,8442,0.0014790828896971235
Email Alerts,subside product,1,13088,0.0014790828896971235
Email Alerts,activity associated,1,198,0.00443724866909137
Email Alerts,region flare,1,10996,0.002958165779394247
Email Alerts,flare slight,1,5004,0.00443724866909137
Email Alerts,decay intermediate,1,3095,0.002958165779394247
Email Alerts,intermediate slight,1,6743,0.0014790828896971235
Email Alerts,growth minor,1,5865,0.0014790828896971235
Email Alerts,minor spotted,1,8027,0.0014790828896971235
Email Alerts,spotted directly,1,12731,0.0014790828896971235
Email Alerts,directly mostly,1,3381,0.0014790828896971235
Email Alerts,mostly imagery,1,8274,0.0014790828896971235
Email Alerts,imagery associated,1,6146,0.0014790828896971235
Email Alerts,region glancing,1,11002,0.0014790828896971235
Email Alerts,blow forecast,1,1426,0.0014790828896971235
Email Alerts,speed approximately,1,12659,0.002958165779394247
Email Alerts,approximately influence,1,763,0.0014790828896971235
Email Alerts,influence waned,1,6451,0.0014790828896971235
Email Alerts,waned total,1,14560,0.002958165779394247
Email Alerts,ranged angle,1,10772,0.0014790828896971235
Email Alerts,negative variable,1,8556,0.0014790828896971235
Email Alerts,variable positive,1,14429,0.0014790828896971235
Email Alerts,positive negative,1,9939,0.0014790828896971235
Email Alerts,influence around,1,6421,0.0014790828896971235
Email Alerts,around blow,1,823,0.0014790828896971235
Email Alerts,blow solar,1,1432,0.0014790828896971235
Email Alerts,quiet influence,1,10604,0.0014790828896971235
Email Alerts,storm glancing,1,12896,0.0014790828896971235
Email Alerts,sweep minor,1,13365,0.0014790828896971235
Email Alerts,minor among,1,8005,0.0014790828896971235
Email Alerts,among active,1,591,0.0014790828896971235
Email Alerts,visible associated,1,14530,0.0014790828896971235
Email Alerts,analysis event,1,626,0.0014790828896971235
Email Alerts,event ejecta,1,4319,0.0014790828896971235
Email Alerts,ejecta pas,1,3835,0.0014790828896971235
Email Alerts,pas behind,1,9437,0.0014790828896971235
Email Alerts,behind earth,1,1301,0.0014790828896971235
Email Alerts,earth influence,1,3660,0.0014790828896971235
Email Alerts,influence periphery,1,6440,0.0014790828896971235
Email Alerts,periphery forecast,1,9599,0.0014790828896971235
Email Alerts,region energetic,1,10994,0.0014790828896971235
Email Alerts,electron polarity,1,3909,0.0014790828896971235
Email Alerts,stream likely,1,12994,0.0014790828896971235
Email Alerts,likely increase,1,7341,0.0014790828896971235
Email Alerts,environment positive,1,4162,0.0014790828896971235
Email Alerts,positive past,1,9941,0.0014790828896971235
Email Alerts,strength elevated,1,13002,0.0014790828896971235
Email Alerts,elevated peak,1,3931,0.0014790828896971235
Email Alerts,peak solar,1,9477,0.0014790828896971235
Email Alerts,steadily period,1,12823,0.0014790828896971235
Email Alerts,geomagnetic positive,1,5539,0.0014790828896971235
Email Alerts,active likely,1,164,0.0014790828896971235
Email Alerts,likely unsettled,1,7359,0.0014790828896971235
Email Alerts,unsettled wane,1,14259,0.0014790828896971235
Email Alerts,old beyond,1,9042,0.0014790828896971235
Email Alerts,beyond eta,1,1380,0.0014790828896971235
Email Alerts,eta produced,1,4276,0.0014790828896971235
Email Alerts,produced disk,1,10319,0.0014790828896971235
Email Alerts,disk stable,1,3454,0.0014790828896971235
Email Alerts,stable showing,1,12749,0.0014790828896971235
Email Alerts,showing separation,1,12045,0.0014790828896971235
Email Alerts,separation leader,1,11908,0.0014790828896971235
Email Alerts,trailer decay,1,13942,0.0014790828896971235
Email Alerts,decay coronagraph,1,3091,0.0014790828896971235
Email Alerts,imagery radio,1,6162,0.002958165779394247
Email Alerts,persistent energetic,1,9612,0.0014790828896971235
Email Alerts,flux towards,1,5097,0.002958165779394247
Email Alerts,towards background,1,13914,0.002958165779394247
Email Alerts,background minor,1,1209,0.0014790828896971235
Email Alerts,background chance,1,1203,0.0014790828896971235
Email Alerts,continued polarity,1,2376,0.0014790828896971235
Email Alerts,coronal western,1,2466,0.0014790828896971235
Email Alerts,hemisphere total,1,5952,0.0014790828896971235
Email Alerts,field phi,1,4732,0.0014790828896971235
Email Alerts,orientation throughout,1,9222,0.0014790828896971235
Email Alerts,speed briefly,1,12661,0.002958165779394247
Email Alerts,briefly near,1,1487,0.0014790828896971235
Email Alerts,near forecast,1,8428,0.002958165779394247
Email Alerts,environment persist,1,4161,0.0014790828896971235
Email Alerts,persist gradual,1,9605,0.0014790828896971235
Email Alerts,gradual weakening,1,5741,0.0014790828896971235
Email Alerts,weakening towards,1,14627,0.0014790828896971235
Email Alerts,towards ambient,1,13913,0.0014790828896971235
Email Alerts,ambient slight,1,587,0.0014790828896971235
Email Alerts,chance blow,1,1747,0.0014790828896971235
Email Alerts,left arrival,1,7232,0.0014790828896971235
Email Alerts,arrival field,1,866,0.0014790828896971235
Email Alerts,period arrive,1,9526,0.0014790828896971235
Email Alerts,arrive summary,1,877,0.0014790828896971235
Email Alerts,forecast continue,1,5161,0.0014790828896971235
Email Alerts,continue positive,1,2366,0.0014790828896971235
Email Alerts,positive mostly,1,9938,0.002958165779394247
Email Alerts,new grown,1,8641,0.0014790828896971235
Email Alerts,grown quickly,1,5856,0.0014790828896971235
Email Alerts,quickly magnetic,1,10591,0.0014790828896971235
Email Alerts,magnetic region,1,7615,0.0014790828896971235
Email Alerts,produced extent,1,10322,0.0014790828896971235
Email Alerts,extent new,1,4532,0.0014790828896971235
Email Alerts,new rotated,1,8686,0.0014790828896971235
Email Alerts,rotated northeast,1,11492,0.0014790828896971235
Email Alerts,northeast limb,1,8784,0.0014790828896971235
Email Alerts,limb coronagraph,1,7366,0.0014790828896971235
Email Alerts,radio growth,1,10717,0.0014790828896971235
Email Alerts,growth magnetic,1,5864,0.002958165779394247
Email Alerts,complexity energetic,1,2165,0.0014790828896971235
Email Alerts,varied varied,1,14440,0.0014790828896971235
Email Alerts,varied several,1,14437,0.0014790828896971235
Email Alerts,several orientation,1,11972,0.0014790828896971235
Email Alerts,orientation solar,1,9219,0.0014790828896971235
Email Alerts,speed phi,1,12675,0.0014790828896971235
Email Alerts,negative throughout,1,8552,0.0014790828896971235
Email Alerts,influence negative,1,6436,0.002958165779394247
Email Alerts,influence forecast,1,6428,0.0014790828896971235
Email Alerts,quiet isolated,1,10605,0.002958165779394247
Email Alerts,isolated unsettled,1,6920,0.002958165779394247
Email Alerts,unsettled influence,1,14248,0.002958165779394247
Email Alerts,negative mostly,1,8542,0.0014790828896971235
Email Alerts,mostly unsettled,1,8290,0.002958165779394247
Email Alerts,unsettled chance,1,14244,0.0014790828896971235
Email Alerts,period data,1,9533,0.0014790828896971235
Email Alerts,enhanced waned,1,4078,0.0014790828896971235
Email Alerts,negative likely,1,8540,0.0014790828896971235
Email Alerts,activity active,1,195,0.00887449733818274
Email Alerts,active around,1,145,0.0014790828896971235
Email Alerts,around visible,1,858,0.002958165779394247
Email Alerts,minor mostly,1,8016,0.0014790828896971235
Email Alerts,mostly decay,1,8271,0.0014790828896971235
Email Alerts,decay either,1,3093,0.0014790828896971235
Email Alerts,either activity,1,3819,0.0014790828896971235
Email Alerts,eruption around,1,4218,0.002958165779394247
Email Alerts,around additional,1,817,0.0014790828896971235
Email Alerts,additional around,1,325,0.0014790828896971235
Email Alerts,around following,1,833,0.0014790828896971235
Email Alerts,following first,1,5115,0.0014790828896971235
Email Alerts,first eruption,1,4901,0.0014790828896971235
Email Alerts,eruption component,1,4220,0.0014790828896971235
Email Alerts,component imagery,1,2177,0.0014790828896971235
Email Alerts,imagery following,1,6155,0.0014790828896971235
Email Alerts,second eruption,1,11805,0.0014790828896971235
Email Alerts,eruption forecast,1,4225,0.0014790828896971235
Email Alerts,forecast decreasing,1,5165,0.0014790828896971235
Email Alerts,decreasing chance,1,3119,0.0014790828896971235
Email Alerts,chance active,1,1743,0.0014790828896971235
Email Alerts,active spot,1,183,0.0014790828896971235
Email Alerts,spot rotate,1,12724,0.0014790828896971235
Email Alerts,rotate beyond,1,11485,0.0014790828896971235
Email Alerts,limb next,1,7373,0.0014790828896971235
Email Alerts,day energetic,1,3047,0.0014790828896971235
Email Alerts,near solar,1,8440,0.002958165779394247
Email Alerts,wind low,1,15113,0.002958165779394247
Email Alerts,low peak,1,7514,0.0014790828896971235
Email Alerts,peak around,1,9473,0.0014790828896971235
Email Alerts,predominantly forecast,1,10131,0.0014790828896971235
Email Alerts,nominal filament,1,8745,0.0014790828896971235
Email Alerts,filament solar,1,4847,0.0014790828896971235
Email Alerts,active filament,1,155,0.0014790828896971235
Email Alerts,filament close,1,4845,0.0014790828896971235
Email Alerts,close product,1,1875,0.0014790828896971235
Email Alerts,high throughout,1,5998,0.00443724866909137
Email Alerts,region shearing,1,11030,0.0014790828896971235
Email Alerts,shearing cluster,1,11999,0.0014790828896971235
Email Alerts,cluster eruption,1,1887,0.0014790828896971235
Email Alerts,around centered,1,825,0.0014790828896971235
Email Alerts,centered thin,1,1715,0.0014790828896971235
Email Alerts,thin imagery,1,13680,0.0014790828896971235
Email Alerts,around far,1,832,0.0014790828896971235
Email Alerts,far forecast,1,4616,0.0014790828896971235
Email Alerts,isolated complex,1,6913,0.005916331558788494
Email Alerts,complex northern,1,2148,0.0014790828896971235
Email Alerts,hemisphere energetic,1,5948,0.0014790828896971235
Email Alerts,greater orbit,1,5780,0.08578680760243317
Email Alerts,orbit associated,1,9146,0.0014790828896971235
Email Alerts,associated high,1,966,0.0014790828896971235
Email Alerts,stream diurnal,1,12987,0.0014790828896971235
Email Alerts,diurnal maximum,1,3500,0.002958165779394247
Email Alerts,maximum throughout,1,7850,0.0014790828896971235
Email Alerts,proton magnetically,1,10456,0.0014790828896971235
Email Alerts,complex moving,1,2146,0.00443724866909137
Email Alerts,moving western,1,8306,0.00443724866909137
Email Alerts,hemisphere solar,1,5951,0.005916331558788494
Email Alerts,summary coronal,1,13141,0.0014790828896971235
Email Alerts,stream time,1,12997,0.0014790828896971235
Email Alerts,time sheath,1,13818,0.0014790828896971235
Email Alerts,sheath likely,1,12001,0.0014790828896971235
Email Alerts,likely left,1,7344,0.0014790828896971235
Email Alerts,around likely,1,836,0.0014790828896971235
Email Alerts,likely tail,1,7357,0.0014790828896971235
Email Alerts,tail high,1,13479,0.0014790828896971235
Email Alerts,stream come,1,12986,0.0014790828896971235
Email Alerts,come back,1,1964,0.0011248806616464902
Email Alerts,back total,1,1200,0.0014790828896971235
Email Alerts,field northward,1,4725,0.0014790828896971235
Email Alerts,northward direction,1,8802,0.0014790828896971235
Email Alerts,direction solar,1,3372,0.0014790828896971235
Email Alerts,forecast waning,1,5212,0.0014790828896971235
Email Alerts,stream nominal,1,12995,0.0014790828896971235
Email Alerts,see another,1,11845,0.0014790828896971235
Email Alerts,another isolated,1,697,0.0014790828896971235
Email Alerts,isolated wane,1,6921,0.0014790828896971235
Email Alerts,center product,1,1696,0.0014790828896971235
Email Alerts,product forecast,1,10340,0.0014790828896971235
Email Alerts,forecast discussion,1,5166,0.0014790828896971235
Email Alerts,center summary,1,1704,0.0014790828896971235
Email Alerts,period intermediate,1,9555,0.002958165779394247
Email Alerts,intermediate period,1,6739,0.0014790828896971235
Email Alerts,period extent,1,9542,0.0014790828896971235
Email Alerts,extent period,1,4533,0.0014790828896971235
Email Alerts,otherwise westerly,1,9239,0.0014790828896971235
Email Alerts,westerly associated,1,14984,0.0014790828896971235
Email Alerts,however component,1,6064,0.0014790828896971235
Email Alerts,moderate isolated,1,8224,0.00443724866909137
Email Alerts,complex energetic,1,2141,0.00443724866909137
Email Alerts,complex western,1,2163,0.0014790828896971235
Email Alerts,wind state,1,15170,0.0014790828896971235
Email Alerts,state total,1,12790,0.0014790828896971235
Email Alerts,gradually primarily,1,5745,0.0014790828896971235
Email Alerts,primarily solar,1,10220,0.0014790828896971235
Email Alerts,wind outside,1,15130,0.0014790828896971235
Email Alerts,outside left,1,9273,0.0014790828896971235
Email Alerts,left negative,1,7237,0.0014790828896971235
Email Alerts,forecast possibility,1,5194,0.0014790828896971235
Email Alerts,possibility glancing,1,9953,0.0014790828896971235
Email Alerts,effect geomagnetic,1,3742,0.002958165779394247
Email Alerts,activity decay,1,206,0.0014790828896971235
Email Alerts,decay leading,1,3097,0.0014790828896971235
Email Alerts,leading period,1,7198,0.0014790828896971235
Email Alerts,period relatively,1,9572,0.0014790828896971235
Email Alerts,quiet underwent,1,10624,0.0014790828896971235
Email Alerts,underwent additional,1,14163,0.0014790828896971235
Email Alerts,additional rotated,1,347,0.0014790828896971235
Email Alerts,rotated view,1,11496,0.0014790828896971235
Email Alerts,view respectively,1,14521,0.0014790828896971235
Email Alerts,respectively otherwise,1,11371,0.0014790828896971235
Email Alerts,unremarkable additionally,1,14236,0.0014790828896971235
Email Alerts,additionally new,1,351,0.0014790828896971235
Email Alerts,high post,1,5985,0.0014790828896971235
Email Alerts,post moderate,1,9988,0.0014790828896971235
Email Alerts,reflected continued,1,10952,0.0014790828896971235
Email Alerts,continued yet,1,2382,0.0014790828896971235
Email Alerts,waning total,1,14564,0.0014790828896971235
Email Alerts,field underwent,1,4770,0.0014790828896971235
Email Alerts,several southward,1,11981,0.0014790828896971235
Email Alerts,magnetic cloud,1,7579,0.0014790828896971235
Email Alerts,cloud passage,1,1882,0.0014790828896971235
Email Alerts,passage forecast,1,9440,0.0014790828896971235
Email Alerts,forecast additional,1,5157,0.0014790828896971235
Email Alerts,additional left,1,338,0.0014790828896971235
Email Alerts,storming effect,1,12959,0.0014790828896971235
Email Alerts,low throughout,1,7524,0.00887449733818274
Email Alerts,period primary,1,9569,0.002958165779394247
Email Alerts,producer responsible,1,10338,0.0014790828896971235
Email Alerts,responsible six,1,11394,0.0014790828896971235
Email Alerts,six flare,1,12185,0.0014790828896971235
Email Alerts,flare imagery,1,4975,0.0014790828896971235
Email Alerts,flux end,1,5054,0.0014790828896971235
Email Alerts,end greater,1,3976,0.0014790828896971235
Email Alerts,electron back,1,3891,0.0014790828896971235
Email Alerts,back towards,1,1201,0.0014790828896971235
Email Alerts,towards chance,1,13916,0.0014790828896971235
Email Alerts,chance could,1,1751,0.0014790828896971235
Email Alerts,could cross,1,2516,0.0014790828896971235
Email Alerts,cross threshold,1,2649,0.0014790828896971235
Email Alerts,threshold diurnal,1,13701,0.0014790828896971235
Email Alerts,maximum time,1,7851,0.0011248806616464902
Email Alerts,time occur,1,13803,0.0014790828896971235
Email Alerts,occur previous,1,8996,0.0014790828896971235
Email Alerts,day active,1,3043,0.0014790828896971235
Email Alerts,summary period,1,13155,0.005916331558788494
Email Alerts,regime reflected,1,10973,0.0014790828896971235
Email Alerts,reflected tail,1,10955,0.0014790828896971235
Email Alerts,tail negative,1,13480,0.0014790828896971235
Email Alerts,negative whose,1,8557,0.0014790828896971235
Email Alerts,whose beyond,1,15028,0.0014790828896971235
Email Alerts,limb total,1,7384,0.0014790828896971235
Email Alerts,field around,1,4668,0.0014790828896971235
Email Alerts,negative component,1,8533,0.0014790828896971235
Email Alerts,component recently,1,2180,0.0014790828896971235
Email Alerts,recently around,1,10899,0.0014790828896971235
Email Alerts,around slight,1,851,0.0014790828896971235
Email Alerts,slight solar,1,12208,0.0014790828896971235
Email Alerts,solar phi,1,12364,0.0014790828896971235
Email Alerts,angle becoming,1,671,0.0014790828896971235
Email Alerts,becoming variable,1,1281,0.0014790828896971235
Email Alerts,variable total,1,14433,0.0014790828896971235
Email Alerts,minor negative,1,8017,0.0014790828896971235
Email Alerts,regime quiet,1,10972,0.0014790828896971235
Email Alerts,activity flaring,1,217,0.0014790828896971235
Email Alerts,flaring region,1,5017,0.0014790828896971235
Email Alerts,decay trailing,1,3102,0.0014790828896971235
Email Alerts,trailing growth,1,13949,0.0014790828896971235
Email Alerts,growth activity,1,5857,0.0014790828896971235
Email Alerts,associated near,1,970,0.0014790828896971235
Email Alerts,near preliminary,1,8437,0.0014790828896971235
Email Alerts,preliminary analysis,1,10141,0.0014790828896971235
Email Alerts,analysis potential,1,641,0.0014790828896971235
Email Alerts,glancing around,1,5618,0.0014790828896971235
Email Alerts,flare likely,1,4979,0.0014790828896971235
Email Alerts,high chance,1,5963,0.0014790828896971235
Email Alerts,potential solar,1,10019,0.0014790828896971235
Email Alerts,arrival wind,1,874,0.0014790828896971235
Email Alerts,field deflected,1,4678,0.002958165779394247
Email Alerts,deflected briefly,1,3136,0.0014790828896971235
Email Alerts,briefly solar,1,1489,0.002958165779394247
Email Alerts,speed total,1,12681,0.06951689581576481
Email Alerts,field slowly,1,4750,0.0014790828896971235
Email Alerts,slowly increasing,1,12225,0.0014790828896971235
Email Alerts,increasing solar,1,6355,0.0014790828896971235
Email Alerts,around possibly,1,848,0.0014790828896971235
Email Alerts,associated second,1,977,0.0014790828896971235
Email Alerts,second phi,1,11816,0.0014790828896971235
Email Alerts,forecast wind,1,5216,0.0014790828896971235
Email Alerts,wind activity,1,15044,0.0014790828896971235
Email Alerts,activity glancing,1,222,0.0014790828896971235
Email Alerts,blow another,1,1423,0.0014790828896971235
Email Alerts,another enhancement,1,694,0.002958165779394247
Email Alerts,enhancement summary,1,4084,0.0014790828896971235
Email Alerts,field moderate,1,4718,0.0014790828896971235
Email Alerts,moderate geomagnetic,1,8217,0.0014790828896971235
Email Alerts,storm activity,1,12866,0.002958165779394247
Email Alerts,forecast storm,1,5207,0.0014790828896971235
Email Alerts,activity slowly,1,280,0.0014790828896971235
Email Alerts,slowly blow,1,12219,0.0014790828896971235
Email Alerts,high today,1,6000,0.0014790828896971235
Email Alerts,today associated,1,13846,0.0014790828896971235
Email Alerts,associated faint,1,956,0.0014790828896971235
Email Alerts,faint coincident,1,4600,0.0014790828896971235
Email Alerts,coincident far,1,1895,0.0014790828896971235
Email Alerts,far sided,1,4621,0.0014790828896971235
Email Alerts,sided could,1,12061,0.0014790828896971235
Email Alerts,could likely,1,2530,0.0014790828896971235
Email Alerts,solar slight,1,12386,0.0014790828896971235
Email Alerts,decay separation,1,3100,0.0014790828896971235
Email Alerts,separation trailing,1,11909,0.0014790828896971235
Email Alerts,trailing new,1,13950,0.0014790828896971235
Email Alerts,new spot,1,8693,0.00443724866909137
Email Alerts,spot emergence,1,12717,0.002958165779394247
Email Alerts,emergence intermediate,1,3941,0.0014790828896971235
Email Alerts,emergence spot,1,3945,0.0014790828896971235
Email Alerts,relatively decay,1,11064,0.0014790828896971235
Email Alerts,decay region,1,3099,0.0014790828896971235
Email Alerts,slightly elevated,1,12210,0.002958165779394247
Email Alerts,elevated solar,1,3932,0.0014790828896971235
Email Alerts,speed increasing,1,12671,0.0014790828896971235
Email Alerts,increasing approximately,1,6346,0.0014790828896971235
Email Alerts,approximately total,1,766,0.0014790828896971235
Email Alerts,solar glancing,1,12323,0.0014790828896971235
Email Alerts,blow elevated,1,1425,0.0014790828896971235
Email Alerts,new near,1,8659,0.0014790828896971235
Email Alerts,near stable,1,8441,0.0014790828896971235
Email Alerts,primarily thereafter,1,10221,0.0014790828896971235
Email Alerts,thereafter varied,1,13661,0.0014790828896971235
Email Alerts,negative period,1,8544,0.0014790828896971235
Email Alerts,period disturbed,1,9538,0.0014790828896971235
Email Alerts,low produced,1,7517,0.0014790828896971235
Email Alerts,period event,1,9541,0.06212148136727919
Email Alerts,event associated,1,4308,0.00443724866909137
Email Alerts,coronagraph however,1,2443,0.0014790828896971235
Email Alerts,given source,1,5611,0.0014790828896971235
Email Alerts,source growth,1,12454,0.0014790828896971235
Email Alerts,growth region,1,5869,0.0014790828896971235
Email Alerts,region though,1,11038,0.0014790828896971235
Email Alerts,though region,1,13695,0.0014790828896971235
Email Alerts,decay forecast,1,3094,0.0014790828896971235
Email Alerts,summary mildly,1,13149,0.0014790828896971235
Email Alerts,positive period,1,9942,0.0014790828896971235
Email Alerts,ranged deflection,1,10774,0.0014790828896971235
Email Alerts,deflection near,1,3139,0.0014790828896971235
Email Alerts,forecast positive,1,5193,0.0014790828896971235
Email Alerts,positive wane,1,9951,0.0014790828896971235
Email Alerts,wane ambient,1,14552,0.0014790828896971235
Email Alerts,ambient solar,1,588,0.002958165779394247
Email Alerts,quiet waning,1,10626,0.0014790828896971235
Email Alerts,quiet ambient,1,10595,0.0014790828896971235
Email Alerts,environment product,1,4163,0.0014790828896971235
Email Alerts,new region,1,8682,0.0014790828896971235
Email Alerts,complexity stable,1,2170,0.0014790828896971235
Email Alerts,produced low,1,10326,0.0014790828896971235
Email Alerts,level region,1,7268,0.0014790828896971235
Email Alerts,flare multiple,1,4984,0.0014790828896971235
Email Alerts,multiple discreet,1,8325,0.0014790828896971235
Email Alerts,radio sweep,1,10746,0.0014790828896971235
Email Alerts,sweep signature,1,13367,0.002958165779394247
Email Alerts,signature trajectory,1,12073,0.0014790828896971235
Email Alerts,trajectory clear,1,13957,0.0014790828896971235
Email Alerts,clear significant,1,1854,0.0014790828896971235
Email Alerts,significant solar,1,12100,0.002958165779394247
Email Alerts,wind separation,1,15160,0.0014790828896971235
Email Alerts,separation decay,1,11907,0.0014790828896971235
Email Alerts,trailing consolidation,1,13948,0.0014790828896971235
Email Alerts,consolidation leader,1,2321,0.0014790828896971235
Email Alerts,leader new,1,7193,0.0014790828896971235
Email Alerts,new flux,1,8636,0.0014790828896971235
Email Alerts,emergence northern,1,3943,0.0014790828896971235
Email Alerts,northern group,1,8790,0.0014790828896971235
Email Alerts,group decayed,1,5840,0.0014790828896971235
Email Alerts,decayed southern,1,3103,0.0014790828896971235
Email Alerts,southern new,1,12478,0.0014790828896971235
Email Alerts,new northernmost,1,8663,0.0014790828896971235
Email Alerts,northernmost filament,1,8800,0.0014790828896971235
Email Alerts,filament southwest,1,4848,0.0014790828896971235
Email Alerts,southwest quadrant,1,12491,0.0014790828896971235
Email Alerts,quadrant around,1,10561,0.0014790828896971235
Email Alerts,around model,1,841,0.0014790828896971235
Email Alerts,model analysis,1,8104,0.0014790828896971235
Email Alerts,analysis plasma,1,640,0.002958165779394247
Email Alerts,plasma pas,1,9808,0.0014790828896971235
Email Alerts,pas orbit,1,9438,0.0014790828896971235
Email Alerts,orbit forecast,1,9163,0.0014790828896971235
Email Alerts,proton complex,1,10445,0.0014790828896971235
Email Alerts,speed mostly,1,12674,0.0014790828896971235
Email Alerts,mostly phi,1,8281,0.0014790828896971235
Email Alerts,solar near,1,12351,0.0014790828896971235
Email Alerts,wind glancing,1,15091,0.0014790828896971235
Email Alerts,multiple throughout,1,8347,0.0014790828896971235
Email Alerts,region primary,1,11019,0.0014790828896971235
Email Alerts,flare around,1,4952,0.002958165779394247
Email Alerts,around better,1,822,0.0014790828896971235
Email Alerts,better view,1,1371,0.0014790828896971235
Email Alerts,view west,1,14525,0.0014790828896971235
Email Alerts,west sweep,1,14980,0.0014790828896971235
Email Alerts,sweep flare,1,13362,0.0014790828896971235
Email Alerts,flare go,1,4971,0.0014790828896971235
Email Alerts,imagery field,1,6153,0.0014790828896971235
Email Alerts,field disk,1,4679,0.0014790828896971235
Email Alerts,disk beyond,1,3427,0.0014790828896971235
Email Alerts,west time,1,14981,0.0014790828896971235
Email Alerts,flare culprit,1,4961,0.0014790828896971235
Email Alerts,culprit imagery,1,2660,0.0014790828896971235
Email Alerts,plasma passing,1,9809,0.0014790828896971235
Email Alerts,passing ripple,1,9447,0.0014790828896971235
Email Alerts,ripple glancing,1,11450,0.0014790828896971235
Email Alerts,flare remain,1,4996,0.0014790828896971235
Email Alerts,remain low,1,11110,0.0014790828896971235
Email Alerts,low slightly,1,7520,0.0014790828896971235
Email Alerts,slightly activity,1,12209,0.0014790828896971235
Email Alerts,activity coming,1,202,0.0014790828896971235
Email Alerts,coming energetic,1,1976,0.0014790828896971235
Email Alerts,flux possible,1,5076,0.0014790828896971235
Email Alerts,possible diurnal,1,9958,0.0014790828896971235
Email Alerts,diurnal high,1,3499,0.0014790828896971235
Email Alerts,high west,1,6004,0.0014790828896971235
Email Alerts,west moving,1,14976,0.0014790828896971235
Email Alerts,moving beyond,1,8303,0.0014790828896971235
Email Alerts,limb reaching,1,7377,0.0014790828896971235
Email Alerts,reaching radiation,1,10844,0.0014790828896971235
Email Alerts,period filament,1,9543,0.0014790828896971235
Email Alerts,eruption late,1,4227,0.0014790828896971235
Email Alerts,late total,1,7121,0.0014790828896971235
Email Alerts,total deflected,1,13884,0.0014790828896971235
Email Alerts,deflected southward,1,3137,0.002958165779394247
Email Alerts,southward roughly,1,12487,0.0014790828896971235
Email Alerts,roughly wind,1,11514,0.0014790828896971235
Email Alerts,low phi,1,7516,0.0014790828896971235
Email Alerts,sun highly,1,13200,0.0014790828896971235
Email Alerts,highly variable,1,6022,0.0014790828896971235
Email Alerts,variable thereafter,1,14432,0.0014790828896971235
Email Alerts,regime likely,1,10968,0.0014790828896971235
Email Alerts,likely continue,1,7332,0.0014790828896971235
Email Alerts,continue longer,1,2365,0.0014790828896971235
Email Alerts,longer causing,1,7470,0.0014790828896971235
Email Alerts,causing current,1,1643,0.0014790828896971235
Email Alerts,current another,1,2679,0.0014790828896971235
Email Alerts,blow associated,1,1424,0.002958165779394247
Email Alerts,sweep solar,1,13368,0.0014790828896971235
Email Alerts,activity section,1,277,0.002958165779394247
Email Alerts,section summary,1,11832,0.0014790828896971235
Email Alerts,active synoptic,1,186,0.0014790828896971235
Email Alerts,synoptic period,1,13377,0.0014790828896971235
Email Alerts,period mostly,1,9560,0.0014790828896971235
Email Alerts,mostly warning,1,8291,0.0014790828896971235
Email Alerts,warning remains,1,14573,0.0014790828896971235
Email Alerts,remains valid,1,11125,0.0014790828896971235
Email Alerts,valid forecast,1,14371,0.0014790828896971235
Email Alerts,storm however,1,12898,0.0014790828896971235
Email Alerts,however weak,1,6104,0.0014790828896971235
Email Alerts,weak passing,1,14618,0.0014790828896971235
Email Alerts,passing multiple,1,9446,0.0014790828896971235
Email Alerts,multiple small,1,8344,0.0014790828896971235
Email Alerts,small disk,1,12235,0.0014790828896971235
Email Alerts,disk coming,1,3429,0.0014790828896971235
Email Alerts,coming day,1,1974,0.0014790828896971235
Email Alerts,day field,1,3048,0.0014790828896971235
Email Alerts,field chance,1,4672,0.0014790828896971235
Email Alerts,chance confidence,1,1750,0.0014790828896971235
Email Alerts,remains especially,1,11116,0.0014790828896971235
Email Alerts,especially low,1,4245,0.0014790828896971235
Email Alerts,low second,1,7518,0.0014790828896971235
Email Alerts,second passing,1,11815,0.0014790828896971235
Email Alerts,passing blow,1,9445,0.0014790828896971235
Email Alerts,section high,1,11828,0.0014790828896971235
Email Alerts,stream positive,1,12996,0.0014790828896971235
Email Alerts,hole number,1,6037,0.0014790828896971235
Email Alerts,number active,1,8875,0.07987047604364467
Email Alerts,low past,1,7513,0.022186243345456852
Email Alerts,past currently,1,9453,0.02070716045575973
Email Alerts,currently sunspot,1,2746,0.07987047604364467
Email Alerts,sunspot activity,1,13250,0.07987047604364467
Email Alerts,solar geophysical,1,12321,0.016269911786668357
Email Alerts,geophysical activity,1,5563,0.15974095208728933
Email Alerts,field past,1,4730,0.07099597870546193
Email Alerts,past solar,1,9460,0.10573878219477008
Email Alerts,total maximum,1,13894,0.06655873003637056
Email Alerts,maximum southward,1,7848,0.06655873003637056
Email Alerts,southward greater,1,12482,0.06507964714667343
Email Alerts,orbit geophysical,1,9166,0.07839139315394754
Email Alerts,chance geophysical,1,1758,0.039935238021822334
Email Alerts,speed greater,1,12670,0.013311746007274113
Email Alerts,quiet number,1,10607,0.014790828896971236
Email Alerts,chance low,1,1762,0.011832663117576988
Email Alerts,solar period,1,12363,0.04499522646585961
Email Alerts,event currently,1,4314,0.057684232698187815
Email Alerts,low geophysical,1,7499,0.01774899467636548
Email Alerts,storm number,1,12918,0.0251444091248511
Email Alerts,storm past,1,12922,0.00887449733818274
Email Alerts,storm unsettled,1,12951,0.002958165779394247
Email Alerts,unsettled number,1,14252,0.0014790828896971235
Email Alerts,moderate geophysical,1,8218,0.005916331558788494
Email Alerts,moderate low,1,8227,0.002958165779394247
Email Alerts,orbit greater,1,9168,0.051767901139399324
Email Alerts,greater number,1,5779,0.005916331558788494
Email Alerts,event report,1,4346,0.0014790828896971235
Email Alerts,report currently,1,11145,0.0014790828896971235
Email Alerts,southward geophysical,1,12481,0.0014790828896971235
Email Alerts,low low,1,7506,0.00443724866909137
Email Alerts,geomagnetic greater,1,5517,0.0014790828896971235
Email Alerts,moderate moderate,1,8228,0.0014790828896971235
Email Alerts,spotted time,1,12734,0.0014790828896971235
Email Alerts,time summary,1,13823,0.0014790828896971235
Email Alerts,period configuration,1,9532,0.0014790828896971235
Email Alerts,configuration period,1,2285,0.0014790828896971235
Email Alerts,period quiet,1,9570,0.002958165779394247
Email Alerts,stable quietly,1,12746,0.0014790828896971235
Email Alerts,quietly rotated,1,10628,0.0014790828896971235
Email Alerts,onto prominence,1,9057,0.0014790828896971235
Email Alerts,prominence subsequently,1,10396,0.0014790828896971235
Email Alerts,subsequently summary,1,13086,0.0014790828896971235
Email Alerts,summary orbit,1,13153,0.0014790828896971235
Email Alerts,activity unsettled,1,297,0.0014790828896971235
Email Alerts,unsettled activity,1,14243,0.0014790828896971235
Email Alerts,activity influence,1,231,0.0014790828896971235
Email Alerts,wind nominal,1,15125,0.0014790828896971235
Email Alerts,nominal positive,1,8748,0.0014790828896971235
Email Alerts,positive data,1,9929,0.0014790828896971235
Email Alerts,data wind,1,3039,0.0014790828896971235
Email Alerts,unsettled space,1,14257,0.00443724866909137
Email Alerts,weather outlook,1,14796,0.03549798935273096
Email Alerts,outlook solar,1,9258,0.03697707224242809
Email Alerts,throughout outlook,1,13718,0.026623492014548226
Email Alerts,outlook orbit,1,9255,0.011832663117576988
Email Alerts,outlook period,1,9256,0.0251444091248511
Email Alerts,persist unsettled,1,9610,0.0014790828896971235
Email Alerts,quiet period,1,10610,0.0014790828896971235
Email Alerts,activity orbit,1,255,0.007395414448485618
Email Alerts,orbit moderate,1,9180,0.0014790828896971235
Email Alerts,moderate high,1,8221,0.002958165779394247
Email Alerts,high geomagnetic,1,5974,0.00887449733818274
Email Alerts,storm enhanced,1,12884,0.0014790828896971235
Email Alerts,enhanced geomagnetic,1,4061,0.0014790828896971235
Email Alerts,activity transient,1,293,0.0014790828896971235
Email Alerts,wind feature,1,15086,0.0014790828896971235
Email Alerts,feature active,1,4649,0.0014790828896971235
Email Alerts,influence generally,1,6429,0.0014790828896971235
Email Alerts,generally throughout,1,5479,0.002958165779394247
Email Alerts,throughout week,1,13726,0.005916331558788494
Email Alerts,week space,1,14907,0.0014790828896971235
Email Alerts,active generally,1,157,0.0014790828896971235
Email Alerts,regime solar,1,10974,0.0014790828896971235
Email Alerts,moderate event,1,8211,0.0014790828896971235
Email Alerts,around associated,1,821,0.0014790828896971235
Email Alerts,signature first,1,12071,0.0014790828896971235
Email Alerts,first modeling,1,4911,0.0014790828896971235
Email Alerts,modeling event,1,8176,0.0014790828896971235
Email Alerts,event far,1,4323,0.0014790828896971235
Email Alerts,far periphery,1,4618,0.0014790828896971235
Email Alerts,periphery earth,1,9598,0.0014790828896971235
Email Alerts,visible several,1,14533,0.0014790828896971235
Email Alerts,several rotated,1,11979,0.0014790828896971235
Email Alerts,rotated across,1,11487,0.0014790828896971235
Email Alerts,across disk,1,96,0.0014790828896971235
Email Alerts,disk leader,1,3439,0.0014790828896971235
Email Alerts,spot stable,1,12727,0.0014790828896971235
Email Alerts,stable throughout,1,12750,0.0014790828896971235
Email Alerts,trailer frequent,1,13943,0.0014790828896971235
Email Alerts,frequent new,1,5341,0.0014790828896971235
Email Alerts,spot orbit,1,12720,0.0014790828896971235
Email Alerts,orbit throughout,1,9198,0.00443724866909137
Email Alerts,period highest,1,9552,0.0014790828896971235
Email Alerts,highest flux,1,6015,0.0014790828896971235
Email Alerts,activity ranged,1,271,0.02070716045575973
Email Alerts,ranged numerous,1,10781,0.0014790828896971235
Email Alerts,numerous frequent,1,8893,0.0014790828896971235
Email Alerts,frequent sustained,1,5342,0.0014790828896971235
Email Alerts,sustained quiet,1,13347,0.0014790828896971235
Email Alerts,quiet space,1,10619,0.00443724866909137
Email Alerts,radio due,1,10710,0.0014790828896971235
Email Alerts,flare potential,1,4989,0.005916331558788494
Email Alerts,potential around,1,9992,0.0014790828896971235
Email Alerts,around low,1,838,0.0014790828896971235
Email Alerts,low orbit,1,7510,0.002958165779394247
Email Alerts,electron range,1,3912,0.0014790828896971235
Email Alerts,range high,1,10768,0.0014790828896971235
Email Alerts,high moderate,1,5980,0.0014790828896971235
Email Alerts,moderate outlook,1,8229,0.0014790828896971235
Email Alerts,period flux,1,9546,0.0014790828896971235
Email Alerts,flux influence,1,5061,0.0014790828896971235
Email Alerts,influence multiple,1,6435,0.002958165779394247
Email Alerts,multiple geomagnetic,1,8329,0.0014790828896971235
Email Alerts,potential influence,1,10007,0.0014790828896971235
Email Alerts,influence cause,1,6423,0.0014790828896971235
Email Alerts,cause around,1,1620,0.0014790828896971235
Email Alerts,around coronal,1,826,0.0014790828896971235
Email Alerts,hole active,1,6033,0.0014790828896971235
Email Alerts,active storm,1,184,0.0014790828896971235
Email Alerts,unsettled weak,1,14260,0.0014790828896971235
Email Alerts,interaction current,1,6701,0.0014790828896971235
Email Alerts,current unsettled,1,2727,0.0014790828896971235
Email Alerts,unsettled outlook,1,14253,0.0014790828896971235
Email Alerts,outlook quiet,1,9257,0.00443724866909137
Email Alerts,activity unremarkable,1,296,0.0014790828896971235
Email Alerts,unremarkable throughout,1,14239,0.0014790828896971235
Email Alerts,throughout orbit,1,13717,0.00443724866909137
Email Alerts,orbit high,1,9170,0.016269911786668357
Email Alerts,moderate flux,1,8216,0.0014790828896971235
Email Alerts,flux throughout,1,5094,0.0014790828896971235
Email Alerts,active slightly,1,180,0.0014790828896971235
Email Alerts,enhanced interplanetary,1,4064,0.0014790828896971235
Email Alerts,regime space,1,10975,0.0014790828896971235
Email Alerts,high outlook,1,5982,0.0014790828896971235
Email Alerts,likely positive,1,7349,0.0014790828896971235
Email Alerts,active throughout,1,187,0.002958165779394247
Email Alerts,throughout highlight,1,13711,0.0014790828896971235
Email Alerts,highlight period,1,6017,0.00887449733818274
Email Alerts,flare orbit,1,4987,0.0014790828896971235
Email Alerts,high influence,1,5978,0.00443724866909137
Email Alerts,influence highlight,1,6431,0.0014790828896971235
Email Alerts,activity highlight,1,229,0.0014790828896971235
Email Alerts,period influence,1,9553,0.0014790828896971235
Email Alerts,influence space,1,6446,0.00443724866909137
Email Alerts,low outlook,1,7511,0.0014790828896971235
Email Alerts,high effect,1,5969,0.0014790828896971235
Email Alerts,effect throughout,1,3775,0.0014790828896971235
Email Alerts,storm active,1,12865,0.00443724866909137
Email Alerts,influence throughout,1,6449,0.0014790828896971235
Email Alerts,flare along,1,4951,0.0014790828896971235
Email Alerts,along west,1,540,0.0014790828896971235
Email Alerts,west plasma,1,14977,0.0014790828896971235
Email Alerts,plasma directed,1,9788,0.0014790828896971235
Email Alerts,directed line,1,3365,0.0014790828896971235
Email Alerts,line however,1,7412,0.0014790828896971235
Email Alerts,however potential,1,6088,0.0014790828896971235
Email Alerts,potential blow,1,9994,0.0014790828896971235
Email Alerts,blow proton,1,1431,0.0014790828896971235
Email Alerts,associated greater,1,963,0.0014790828896971235
Email Alerts,ranged minor,1,10779,0.005916331558788494
Email Alerts,storm period,1,12923,0.0014790828896971235
Email Alerts,period nominal,1,9562,0.002958165779394247
Email Alerts,wind quiet,1,15148,0.0014790828896971235
Email Alerts,quiet wind,1,10627,0.0014790828896971235
Email Alerts,approximately field,1,761,0.0014790828896971235
Email Alerts,field marking,1,4714,0.0014790828896971235
Email Alerts,marking possible,1,7777,0.0014790828896971235
Email Alerts,possible total,1,9976,0.0014790828896971235
Email Alerts,speed geomagnetic,1,12669,0.0011248806616464902
Email Alerts,storm second,1,12937,0.0014790828896971235
Email Alerts,second solar,1,11820,0.0014790828896971235
Email Alerts,speed continued,1,12665,0.0014790828896971235
Email Alerts,continued period,1,2375,0.0014790828896971235
Email Alerts,chance moderate,1,1767,0.0014790828896971235
Email Alerts,moderate exist,1,8212,0.0014790828896971235
Email Alerts,exist visible,1,4466,0.0014790828896971235
Email Alerts,visible orbit,1,14532,0.002958165779394247
Email Alerts,high hole,1,5976,0.0014790828896971235
Email Alerts,influence geomagnetic,1,6430,0.002958165779394247
Email Alerts,low period,1,7515,0.0014790828896971235
Email Alerts,new single,1,8689,0.0014790828896971235
Email Alerts,spot plage,1,12721,0.0014790828896971235
Email Alerts,plage rotated,1,9753,0.0014790828896971235
Email Alerts,field likely,1,4710,0.0014790828896971235
Email Alerts,likely blow,1,7328,0.0014790828896971235
Email Alerts,blow total,1,1434,0.0014790828896971235
Email Alerts,negative day,1,8535,0.0014790828896971235
Email Alerts,day reaching,1,3065,0.0014790828896971235
Email Alerts,reaching briefly,1,10839,0.0014790828896971235
Email Alerts,wind time,1,15181,0.0014790828896971235
Email Alerts,storm quiet,1,12930,0.002958165779394247
Email Alerts,quiet positive,1,10613,0.0014790828896971235
Email Alerts,speed causing,1,12663,0.0014790828896971235
Email Alerts,causing total,1,1648,0.0014790828896971235
Email Alerts,total along,1,13883,0.0014790828896971235
Email Alerts,along solar,1,537,0.0014790828896971235
Email Alerts,briefly geomagnetic,1,1486,0.0014790828896971235
Email Alerts,low show,1,7519,0.0014790828896971235
Email Alerts,show orbit,1,12040,0.0014790828896971235
Email Alerts,electron geomagnetic,1,3896,0.00887449733818274
Email Alerts,unsettled reach,1,14256,0.0014790828896971235
Email Alerts,reach active,1,10828,0.0014790828896971235
Email Alerts,low spotless,1,7523,0.0014790828896971235
Email Alerts,spotless orbit,1,12730,0.0014790828896971235
Email Alerts,orbit geomagnetic,1,9165,0.007395414448485618
Email Alerts,ranged period,1,10782,0.00443724866909137
Email Alerts,speed solar,1,12679,0.002958165779394247
Email Alerts,speed slowly,1,12678,0.0014790828896971235
Email Alerts,slowly geomagnetic,1,12223,0.0014790828896971235
Email Alerts,period space,1,9580,0.005916331558788494
Email Alerts,low moderate,1,7507,0.0014790828896971235
Email Alerts,high weekly,1,6003,0.0014790828896971235
Email Alerts,weekly along,1,14912,0.0014790828896971235
Email Alerts,along sweep,1,538,0.0014790828896971235
Email Alerts,magnetic class,1,7578,0.0014790828896971235
Email Alerts,class slowly,1,1838,0.0014790828896971235
Email Alerts,slowly growth,1,12224,0.0014790828896971235
Email Alerts,growth responsible,1,5871,0.0014790828896971235
Email Alerts,responsible orbit,1,11389,0.0014790828896971235
Email Alerts,high transient,1,6001,0.0014790828896971235
Email Alerts,activity peak,1,262,0.0014790828896971235
Email Alerts,peak flux,1,9475,0.0014790828896971235
Email Alerts,wind weak,1,15189,0.002958165779394247
Email Alerts,transient total,1,13975,0.0014790828896971235
Email Alerts,southward approximately,1,12479,0.0014790828896971235
Email Alerts,approximately geomagnetic,1,762,0.0014790828896971235
Email Alerts,minor quiet,1,8022,0.0014790828896971235
Email Alerts,regime negative,1,10969,0.0014790828896971235
Email Alerts,solar throughout,1,12398,0.00443724866909137
Email Alerts,period chance,1,9530,0.0014790828896971235
Email Alerts,significant flare,1,12085,0.002958165779394247
Email Alerts,activity greater,1,225,0.002958165779394247
Email Alerts,moderate week,1,8235,0.0014790828896971235
Email Alerts,week period,1,14903,0.0014790828896971235
Email Alerts,period associated,1,9527,0.0014790828896971235
Email Alerts,event activity,1,4307,0.0014790828896971235
Email Alerts,activity numerous,1,251,0.002958165779394247
Email Alerts,numerous imagery,1,8894,0.0014790828896971235
Email Alerts,imagery throughout,1,6164,0.0014790828896971235
Email Alerts,week none,1,14901,0.0014790828896971235
Email Alerts,none orbit,1,8759,0.0014790828896971235
Email Alerts,orbit although,1,9144,0.0014790828896971235
Email Alerts,although proton,1,566,0.0014790828896971235
Email Alerts,flux slightly,1,5089,0.0014790828896971235
Email Alerts,background greater,1,1207,0.0014790828896971235
Email Alerts,mostly ranged,1,8285,0.0014790828896971235
Email Alerts,ranged active,1,10771,0.0014790828896971235
Email Alerts,period weak,1,9591,0.0014790828896971235
Email Alerts,negative polarity,1,8545,0.0014790828896971235
Email Alerts,high stream,1,5996,0.0014790828896971235
Email Alerts,stream influence,1,12991,0.002958165779394247
Email Alerts,active weak,1,192,0.0014790828896971235
Email Alerts,flare active,1,4948,0.0014790828896971235
Email Alerts,active orbit,1,169,0.0014790828896971235
Email Alerts,possible possible,1,9968,0.0014790828896971235
Email Alerts,possible enhanced,1,9959,0.0014790828896971235
Email Alerts,ranged flare,1,10775,0.0014790828896971235
Email Alerts,weak activity,1,14606,0.0014790828896971235
Email Alerts,moderate flaring,1,8215,0.0014790828896971235
Email Alerts,flaring saw,1,5018,0.0014790828896971235
Email Alerts,saw reg,1,11613,0.0014790828896971235
Email Alerts,reg associated,1,10960,0.0014790828896971235
Email Alerts,type flare,1,14055,0.0014790828896971235
Email Alerts,event throughout,1,4359,0.00443724866909137
Email Alerts,throughout later,1,13714,0.0014790828896971235
Email Alerts,later highlight,1,7131,0.0014790828896971235
Email Alerts,highlight seen,1,6018,0.0014790828896971235
Email Alerts,seen lifting,1,11881,0.0014790828896971235
Email Alerts,lifting stereo,1,7292,0.0014790828896971235
Email Alerts,stereo coronagraph,1,12839,0.0014790828896971235
Email Alerts,model output,1,8139,0.0014790828896971235
Email Alerts,output weak,1,9267,0.0014790828896971235
Email Alerts,blow greater,1,1427,0.0014790828896971235
Email Alerts,greater event,1,5776,0.0014790828896971235
Email Alerts,event long,1,4337,0.0014790828896971235
Email Alerts,long duration,1,7462,0.0014790828896971235
Email Alerts,duration flare,1,3593,0.0014790828896971235
Email Alerts,flare proton,1,4992,0.0014790828896971235
Email Alerts,proton background,1,10443,0.0014790828896971235
Email Alerts,background highlight,1,1208,0.0014790828896971235
Email Alerts,orbit flux,1,9162,0.00443724866909137
Email Alerts,flux reading,1,5081,0.0014790828896971235
Email Alerts,reading geomagnetic,1,10858,0.0014790828896971235
Email Alerts,activity wind,1,302,0.0014790828896971235
Email Alerts,enhanced total,1,4077,0.0014790828896971235
Email Alerts,total wind,1,13901,0.0014790828896971235
Email Alerts,negative space,1,8550,0.00443724866909137
Email Alerts,mostly flare,1,8273,0.0014790828896971235
Email Alerts,electron activity,1,3890,0.0022497613232929804
Email Alerts,moderate long,1,8226,0.0014790828896971235
Email Alerts,long associated,1,7457,0.0014790828896971235
Email Alerts,event radio,1,4344,0.0014790828896971235
Email Alerts,event full,1,4327,0.0014790828896971235
Email Alerts,full halo,1,5360,0.002958165779394247
Email Alerts,first forecaster,1,4905,0.0014790828896971235
Email Alerts,forecaster modeling,1,5218,0.0014790828896971235
Email Alerts,modeling determined,1,8171,0.0014790828896971235
Email Alerts,determined region,1,3262,0.0014790828896971235
Email Alerts,numerous east,1,8890,0.0014790828896971235
Email Alerts,east limb,1,3688,0.0014790828896971235
Email Alerts,orbit highlight,1,9171,0.0014790828896971235
Email Alerts,active space,1,182,0.002958165779394247
Email Alerts,potential far,1,10000,0.0014790828896971235
Email Alerts,far disk,1,4615,0.0014790828896971235
Email Alerts,disk slight,1,3451,0.0014790828896971235
Email Alerts,chance orbit,1,1768,0.0014790828896971235
Email Alerts,orbit visible,1,9201,0.0014790828896971235
Email Alerts,disk otherwise,1,3442,0.0014790828896971235
Email Alerts,otherwise outlook,1,9236,0.0014790828896971235
Email Alerts,activity outlook,1,256,0.005916331558788494
Email Alerts,storm full,1,12893,0.0014790828896971235
Email Alerts,halo active,1,5881,0.0014790828896971235
Email Alerts,period numerous,1,9564,0.0014790828896971235
Email Alerts,numerous activity,1,8888,0.0014790828896971235
Email Alerts,region six,1,11031,0.0014790828896971235
Email Alerts,six note,1,12189,0.0014790828896971235
Email Alerts,note region,1,8823,0.0014790828896971235
Email Alerts,type associated,1,14053,0.0014790828896971235
Email Alerts,type saw,1,14057,0.0014790828896971235
Email Alerts,saw five,1,11610,0.0014790828896971235
Email Alerts,five class,1,4933,0.0014790828896971235
Email Alerts,class area,1,1835,0.0014790828896971235
Email Alerts,area region,1,807,0.0014790828896971235
Email Alerts,type region,1,14056,0.0014790828896971235
Email Alerts,region region,1,11026,0.002958165779394247
Email Alerts,flare highlight,1,4974,0.0014790828896971235
Email Alerts,activity week,1,301,0.0011248806616464902
Email Alerts,week produced,1,14905,0.0014790828896971235
Email Alerts,produced earth,1,10320,0.0014790828896971235
Email Alerts,earth lone,1,3661,0.0014790828896971235
Email Alerts,lone exception,1,7456,0.0014790828896971235
Email Alerts,exception activity,1,4453,0.0014790828896971235
Email Alerts,activity took,1,291,0.0014790828896971235
Email Alerts,took sun,1,13867,0.0014790828896971235
Email Alerts,sun orbit,1,13218,0.0014790828896971235
Email Alerts,storm reading,1,12932,0.0014790828896971235
Email Alerts,reading activity,1,10857,0.0014790828896971235
Email Alerts,mostly associated,1,8269,0.0014790828896971235
Email Alerts,associated negative,1,971,0.0014790828896971235
Email Alerts,flare throughout,1,5011,0.00443724866909137
Email Alerts,orbit event,1,9161,0.002958165779394247
Email Alerts,period complex,1,9531,0.002958165779394247
Email Alerts,complex magnetically,1,2145,0.002958165779394247
Email Alerts,magnetically active,1,7640,0.002958165779394247
Email Alerts,active greater,1,160,0.002958165779394247
Email Alerts,period activity,1,9523,0.002958165779394247
Email Alerts,activity predominate,1,266,0.0014790828896971235
Email Alerts,predominate weak,1,10134,0.0014790828896971235
Email Alerts,weak region,1,14621,0.0014790828896971235
Email Alerts,region sweep,1,11037,0.0014790828896971235
Email Alerts,sweep glancing,1,13363,0.0014790828896971235
Email Alerts,blow activity,1,1422,0.0014790828896971235
Email Alerts,flare halo,1,4972,0.0014790828896971235
Email Alerts,halo activity,1,5882,0.0014790828896971235
Email Alerts,flux present,1,5077,0.0014790828896971235
Email Alerts,present geomagnetic,1,10150,0.0014790828896971235
Email Alerts,activity generally,1,219,0.0014790828896971235
Email Alerts,generally ranged,1,5477,0.0014790828896971235
Email Alerts,ranged isolated,1,10778,0.0014790828896971235
Email Alerts,quiet effect,1,10598,0.002958165779394247
Email Alerts,effect positive,1,3758,0.0014790828896971235
Email Alerts,ranged produced,1,10784,0.002958165779394247
Email Alerts,produced lower,1,10327,0.0014790828896971235
Email Alerts,lower minor,1,7532,0.0014790828896971235
Email Alerts,minor around,1,8006,0.0014790828896971235
Email Alerts,relatively simple,1,11068,0.0014790828896971235
Email Alerts,simple activity,1,12117,0.0014790828896971235
Email Alerts,past visible,1,9464,0.0014790828896971235
Email Alerts,imagery orbit,1,6160,0.0014790828896971235
Email Alerts,electron reach,1,3913,0.0014790828896971235
Email Alerts,reach high,1,10830,0.0014790828896971235
Email Alerts,influence day,1,6426,0.0014790828896971235
Email Alerts,day geomagnetic,1,3050,0.0014790828896971235
Email Alerts,active unsettled,1,190,0.0014790828896971235
Email Alerts,unsettled likely,1,14250,0.0014790828896971235
Email Alerts,likely activity,1,7324,0.002958165779394247
Email Alerts,primary activity,1,10222,0.0014790828896971235
Email Alerts,produced despite,1,10318,0.0014790828896971235
Email Alerts,despite flare,1,3242,0.0014790828896971235
Email Alerts,activity negative,1,245,0.0014790828896971235
Email Alerts,environment space,1,4173,0.0011248806616464902
Email Alerts,effect active,1,3719,0.0014790828896971235
Email Alerts,wind throughout,1,15180,0.0014790828896971235
Email Alerts,moderate activity,1,8208,0.0014790828896971235
Email Alerts,period none,1,9563,0.0014790828896971235
Email Alerts,none component,1,8755,0.0014790828896971235
Email Alerts,component orbit,1,2179,0.0014790828896971235
Email Alerts,orbit threshold,1,9197,0.0014790828896971235
Email Alerts,event event,1,4322,0.0014790828896971235
Email Alerts,event greater,1,4330,0.0014790828896971235
Email Alerts,influence weak,1,6452,0.0014790828896971235
Email Alerts,weak influence,1,14612,0.0014790828896971235
Email Alerts,influence last,1,6432,0.0014790828896971235
Email Alerts,last mostly,1,7111,0.0014790828896971235
Email Alerts,wind maximum,1,15117,0.0014790828896971235
Email Alerts,maximum wind,1,7852,0.0014790828896971235
Email Alerts,background phi,1,1212,0.0014790828896971235
Email Alerts,phi orientation,1,9658,0.0014790828896971235
Email Alerts,orientation mostly,1,9215,0.0014790828896971235
Email Alerts,orientation field,1,9213,0.0014790828896971235
Email Alerts,field positive,1,4733,0.0014790828896971235
Email Alerts,positive direction,1,9933,0.0014790828896971235
Email Alerts,direction space,1,3373,0.0014790828896971235
Email Alerts,chance proton,1,1771,0.002958165779394247
Email Alerts,proton orbit,1,10459,0.005916331558788494
Email Alerts,field flow,1,4691,0.0014790828896971235
Email Alerts,flow outlook,1,5040,0.0014790828896971235
Email Alerts,outlook mostly,1,9254,0.0014790828896971235
Email Alerts,notable activity,1,8804,0.0014790828896971235
Email Alerts,activity degree,1,207,0.0014790828896971235
Email Alerts,centered proton,1,1712,0.0014790828896971235
Email Alerts,storm total,1,12947,0.0014790828896971235
Email Alerts,steadily near,1,12822,0.0014790828896971235
Email Alerts,near active,1,8416,0.0014790828896971235
Email Alerts,low occasional,1,7509,0.0014790828896971235
Email Alerts,occasional orbit,1,8983,0.0014790828896971235
Email Alerts,field glancing,1,4695,0.0014790828896971235
Email Alerts,glancing multiple,1,5628,0.0014790828896971235
Email Alerts,multiple positive,1,8338,0.0014790828896971235
Email Alerts,produced event,1,10321,0.0014790828896971235
Email Alerts,event various,1,4365,0.0014790828896971235
Email Alerts,various throughout,1,14467,0.0014790828896971235
Email Alerts,throughout flare,1,13709,0.0014790828896971235
Email Alerts,activity radio,1,270,0.0014790828896971235
Email Alerts,associated eruptive,1,954,0.0014790828896971235
Email Alerts,throughout summary,1,13721,0.0014790828896971235
Email Alerts,period throughout,1,9585,0.0014790828896971235
Email Alerts,week solar,1,14906,0.0011248806616464902
Email Alerts,near wind,1,8449,0.0014790828896971235
Email Alerts,steadily transient,1,12825,0.0014790828896971235
Email Alerts,transient feature,1,13970,0.0014790828896971235
Email Alerts,feature combined,1,4650,0.0014790828896971235
Email Alerts,combined slow,1,1949,0.0014790828896971235
Email Alerts,slow wind,1,12218,0.0014790828896971235
Email Alerts,wind unsettled,1,15185,0.0014790828896971235
Email Alerts,moderate due,1,8210,0.0014790828896971235
Email Alerts,potential active,1,9989,0.0014790828896971235
Email Alerts,active near,1,167,0.0014790828896971235
Email Alerts,near west,1,8448,0.0014790828896971235
Email Alerts,west chance,1,14971,0.0014790828896971235
Email Alerts,multiple outlook,1,8337,0.0014790828896971235
Email Alerts,throughout event,1,13708,0.0014790828896971235
Email Alerts,event week,1,4366,0.0014790828896971235
Email Alerts,week unique,1,14908,0.0014790828896971235
Email Alerts,unique event,1,14186,0.0014790828896971235
Email Alerts,region proton,1,11022,0.0014790828896971235
Email Alerts,storm arrival,1,12869,0.0014790828896971235
Email Alerts,arrival left,1,868,0.0014790828896971235
Email Alerts,sun storm,1,13233,0.0014790828896971235
Email Alerts,storm following,1,12891,0.0014790828896971235
Email Alerts,following left,1,5119,0.0014790828896971235
Email Alerts,left quiet,1,7242,0.0014790828896971235
Email Alerts,period slight,1,9577,0.002958165779394247
Email Alerts,radiation throughout,1,10693,0.0014790828896971235
Email Alerts,electron minor,1,3904,0.0014790828896971235
Email Alerts,ranged moderate,1,10780,0.002958165779394247
Email Alerts,flare shock,1,5002,0.002958165779394247
Email Alerts,shock shock,1,12029,0.002958165779394247
Email Alerts,shock region,1,12024,0.002958165779394247
Email Alerts,region active,1,10978,0.002958165779394247
Email Alerts,active either,1,151,0.005916331558788494
Email Alerts,either potential,1,3827,0.00443724866909137
Email Alerts,period unsettled,1,9587,0.002958165779394247
Email Alerts,multiple negative,1,8336,0.00443724866909137
Email Alerts,negative wrap,1,8558,0.0014790828896971235
Email Alerts,wrap solar,1,15268,0.0014790828896971235
Email Alerts,high active,1,5961,0.0014790828896971235
Email Alerts,week geomagnetic,1,14898,0.0014790828896971235
Email Alerts,throughout likely,1,13715,0.0014790828896971235
Email Alerts,orbit barring,1,9148,0.0014790828896971235
Email Alerts,barring significant,1,1244,0.0014790828896971235
Email Alerts,minor moderate,1,8015,0.0014790828896971235
Email Alerts,produced produced,1,10331,0.002958165779394247
Email Alerts,event produced,1,4342,0.0014790828896971235
Email Alerts,produced active,1,10315,0.002958165779394247
Email Alerts,potential orbit,1,10013,0.0014790828896971235
Email Alerts,activity effect,1,209,0.0014790828896971235
Email Alerts,enhanced effect,1,4057,0.0014790828896971235
Email Alerts,effect greater,1,3743,0.0014790828896971235
Email Alerts,greater total,1,5784,0.0014790828896971235
Email Alerts,total reaching,1,13896,0.0014790828896971235
Email Alerts,reaching time,1,10848,0.0014790828896971235
Email Alerts,time wind,1,13836,0.0014790828896971235
Email Alerts,solar outlook,1,12360,0.0014790828896971235
Email Alerts,period significant,1,9574,0.0014790828896971235
Email Alerts,solar orbit,1,12358,0.0014790828896971235
Email Alerts,electron effect,1,3894,0.0014790828896971235
Email Alerts,field weak,1,4778,0.0014790828896971235
Email Alerts,weak effect,1,14607,0.0014790828896971235
Email Alerts,ranged high,1,10777,0.0014790828896971235
Email Alerts,high region,1,5986,0.0014790828896971235
Email Alerts,coronagraph orbit,1,2448,0.0014790828896971235
Email Alerts,active summary,1,185,0.0014790828896971235
Email Alerts,period back,1,9528,0.0014790828896971235
Email Alerts,back onto,1,1198,0.0014790828896971235
Email Alerts,disk later,1,3438,0.0014790828896971235
Email Alerts,later outlook,1,7132,0.0014790828896971235
Email Alerts,orbit due,1,9156,0.0014790828896971235
Email Alerts,outlook geomagnetic,1,9253,0.0014790828896971235
Email Alerts,active unsettle,1,189,0.0014790828896971235
Email Alerts,unsettle likely,1,14241,0.0014790828896971235
News Articles,space weather,2,12586,0.5257072628400956
News Articles,weather research,2,14831,0.01025672451086193
News Articles,weather solar,2,14848,0.04102689804344772
News Articles,solar space,2,12389,0.02051344902172386
News Articles,upper atmosphere,2,14281,0.04102689804344772
News Articles,technological space,2,13555,0.01025672451086193
News Articles,weather disrupt,2,14684,0.01025672451086193
News Articles,disrupt radio,2,3466,0.02051344902172386
News Articles,electric power,2,3859,0.030770173532585786
News Articles,infrastructure security,2,6558,0.01025672451086193
News Articles,national space,2,8387,0.02051344902172386
News Articles,weather strategy,2,14860,0.01025672451086193
News Articles,strategy action,2,12977,0.01025672451086193
News Articles,action plan,2,138,0.01025672451086193
News Articles,accurate space,2,64,0.01025672451086193
News Articles,weather national,2,14779,0.02051344902172386
News Articles,national oceanic,2,8378,0.05128362255430965
News Articles,oceanic atmospheric,2,9008,0.05128362255430965
News Articles,atmospheric administration,2,1050,0.05128362255430965
News Articles,national science,2,8384,0.02051344902172386
News Articles,science foundation,2,11711,0.02051344902172386
News Articles,federal government,2,4658,0.01025672451086193
News Articles,analysis space,2,649,0.01025672451086193
News Articles,need space,2,8515,0.01025672451086193
News Articles,sun sun,2,13236,0.02051344902172386
News Articles,sun solar,2,13231,0.08205379608689543
News Articles,solar wind,2,12407,0.09558313869819919
News Articles,weather weather,2,14887,0.01025672451086193
News Articles,solar observatory,2,12357,0.007965261558183266
News Articles,space traffic,2,12584,0.01025672451086193
News Articles,improve weather,2,6251,0.01025672451086193
News Articles,space radiation,2,12559,0.030770173532585786
News Articles,international space,2,6772,0.01025672451086193
News Articles,space station,2,12573,0.01025672451086193
News Articles,weather space,2,14850,0.030770173532585786
News Articles,field space,2,4754,0.007965261558183266
News Articles,space environment,2,12515,0.02051344902172386
News Articles,satellite communication,2,11555,0.01025672451086193
News Articles,solar solar,2,12387,0.007965261558183266
News Articles,weather forecasting,2,14720,0.030770173532585786
News Articles,since even,2,12140,0.01025672451086193
News Articles,earth space,2,3673,0.02051344902172386
News Articles,space technology,2,12580,0.01025672451086193
News Articles,weather prediction,2,14810,0.10354840025638246
News Articles,improve space,2,6248,0.01025672451086193
News Articles,space physic,2,12554,0.01025672451086193
News Articles,weather produce,2,14820,0.01025672451086193
News Articles,operational data,2,9090,0.01025672451086193
News Articles,research space,2,11302,0.01025672451086193
News Articles,source space,2,12461,0.01025672451086193
News Articles,magnetic field,2,7590,0.19913153895458166
News Articles,satellite information,2,11575,0.01025672451086193
News Articles,coronal mass,2,2460,0.19913153895458166
News Articles,solar energetic,2,12309,0.007965261558183266
News Articles,mass ejection,2,7788,0.06372209246546613
News Articles,mass space,2,7814,0.01025672451086193
News Articles,weather event,2,14701,0.06154034706517157
News Articles,solar effect,2,12307,0.01025672451086193
News Articles,compact coronagraph,2,2117,0.01025672451086193
News Articles,wind solar,2,15164,0.015930523116366533
News Articles,solar coronal,2,12290,0.030770173532585786
News Articles,goddard space,2,5701,0.0717970715760335
News Articles,space flight,2,12524,0.11282396961948123
News Articles,flight center,2,5026,0.030770173532585786
News Articles,center space,2,1703,0.01025672451086193
News Articles,prediction center,2,10105,0.03982630779091633
News Articles,industry government,2,6404,0.01025672451086193
News Articles,weather new,2,14783,0.01025672451086193
News Articles,new weather,2,8702,0.01025672451086193
News Articles,weather capability,2,14654,0.01025672451086193
News Articles,national international,2,8374,0.01025672451086193
News Articles,support space,2,13283,0.01025672451086193
News Articles,solar system,2,12396,0.02051344902172386
News Articles,research national,2,11278,0.030770173532585786
News Articles,solar terrestrial,2,12397,0.01025672451086193
News Articles,geomagnetic activity,2,5497,0.023895784674549798
News Articles,critical infrastructure,2,2632,0.01025672451086193
News Articles,enhanced solar,2,4074,0.007965261558183266
News Articles,wind mass,2,15116,0.01025672451086193
News Articles,since space,2,12152,0.01025672451086193
News Articles,way evolve,2,14592,0.01025672451086193
News Articles,operational environmental,2,9096,0.02051344902172386
News Articles,national weather,2,8390,0.01025672451086193
News Articles,weather service,2,14840,0.02051344902172386
News Articles,human solar,2,6117,0.01025672451086193
News Articles,survey force,2,13328,0.01025672451086193
News Articles,force research,2,5141,0.01025672451086193
News Articles,power grid,2,10046,0.047791569349099595
News Articles,electrical grid,2,3864,0.01025672451086193
News Articles,weather case,2,14656,0.01025672451086193
News Articles,weather forecast,2,14718,0.02051344902172386
News Articles,geophysical union,2,5568,0.01025672451086193
News Articles,atmospheric space,2,1067,0.01025672451086193
News Articles,flight space,2,5032,0.02051344902172386
News Articles,scientific research,2,11779,0.01025672451086193
News Articles,affect radio,2,428,0.01025672451086193
News Articles,radio signal,2,10741,0.01025672451086193
News Articles,affect critical,2,418,0.01025672451086193
News Articles,active region,2,177,0.015930523116366533
News Articles,weather could,2,14670,0.01025672451086193
News Articles,atmosphere ionosphere,2,1025,0.01025672451086193
News Articles,understanding space,2,14148,0.01025672451086193
News Articles,continuous solar,2,2395,0.01025672451086193
News Articles,solar magnetic,2,12344,0.007965261558183266
News Articles,plasma magnetic,2,9802,0.030770173532585786
News Articles,solar maximum,2,12346,0.09231052059775735
News Articles,radiation analysis,2,10643,0.01025672451086193
News Articles,magnetic upper,2,7634,0.01025672451086193
News Articles,science solar,2,11755,0.01025672451086193
News Articles,solar dynamic,2,12303,0.04102689804344772
News Articles,dynamic observatory,2,3615,0.02051344902172386
News Articles,field magnetic,2,4713,0.030770173532585786
News Articles,solar atmosphere,2,12282,0.01025672451086193
News Articles,solar well,2,12406,0.01025672451086193
News Articles,field sun,2,4762,0.01025672451086193
News Articles,wind magnetic,2,15114,0.007965261558183266
News Articles,magnetic never,2,7609,0.01025672451086193
News Articles,toward wind,2,13912,0.01025672451086193
News Articles,sun earth,2,13176,0.01025672451086193
News Articles,observer time,2,8968,0.01025672451086193
News Articles,vantage point,2,14417,0.01025672451086193
News Articles,ejection earth,2,3839,0.01025672451086193
News Articles,solar cycle,2,12296,0.030770173532585786
News Articles,cycle solar,2,2765,0.030770173532585786
News Articles,next solar,2,8730,0.01025672451086193
News Articles,weather climate,2,14660,0.01025672451086193
News Articles,like solar,2,7320,0.01025672451086193
News Articles,solar activity,2,12273,0.047791569349099595
News Articles,monitor sun,2,8254,0.01025672451086193
News Articles,provide continuous,2,10472,0.01025672451086193
News Articles,wind sun,2,15179,0.01025672451086193
News Articles,data solar,2,2990,0.01025672451086193
News Articles,around sun,2,853,0.01025672451086193
News Articles,behavior space,2,1299,0.01025672451086193
News Articles,weather rare,2,14827,0.01025672451086193
News Articles,well well,2,14962,0.01025672451086193
News Articles,either space,2,3831,0.01025672451086193
News Articles,weather available,2,14645,0.01025672451086193
News Articles,potential radiation,2,10015,0.01025672451086193
News Articles,time radiation,2,13813,0.01025672451086193
News Articles,atmosphere satellite,2,1038,0.01025672451086193
News Articles,weather technological,2,14869,0.01025672451086193
News Articles,important factor,2,6209,0.01025672451086193
News Articles,storm time,2,12946,0.01025672451086193
News Articles,along magnetic,2,533,0.02051344902172386
News Articles,ionosphere geomagnetic,2,6835,0.01025672451086193
News Articles,weather radiation,2,14825,0.01025672451086193
News Articles,radiation radiation,2,10679,0.01025672451086193
News Articles,geomagnetic disturbance,2,5506,0.01025672451086193
News Articles,geomagnetic storm,2,5551,0.07965261558183266
News Articles,storm even,2,12886,0.01025672451086193
News Articles,severe space,2,11987,0.01025672451086193
News Articles,intense magnetic,2,6677,0.01025672451086193
News Articles,effect united,2,3778,0.01025672451086193
News Articles,field north,2,4724,0.01025672451086193
News Articles,weather presentation,2,14813,0.01025672451086193
News Articles,use weather,2,14328,0.01025672451086193
News Articles,weather large,2,14757,0.01025672451086193
News Articles,mass solar,2,7813,0.007965261558183266
News Articles,terrestrial space,2,13620,0.02051344902172386
News Articles,many different,2,7747,0.01025672451086193
News Articles,weather next,2,14785,0.01025672451086193
News Articles,major space,2,7685,0.01025672451086193
News Articles,weather activity,2,14632,0.02051344902172386
News Articles,whether space,2,15008,0.01025672451086193
News Articles,data way,2,3034,0.01025672451086193
News Articles,activity space,2,282,0.007965261558183266
News Articles,field solar,2,4751,0.007965261558183266
News Articles,even data,2,4286,0.01025672451086193
News Articles,air force,2,487,0.01025672451086193
News Articles,toward earth,2,13904,0.030770173532585786
News Articles,sun new,2,13215,0.01025672451086193
News Articles,new solar,2,8690,0.01025672451086193
News Articles,space solar,2,12569,0.02051344902172386
News Articles,arrival time,2,872,0.02051344902172386
News Articles,time coronal,2,13767,0.01025672451086193
News Articles,forecasting capability,2,5225,0.02051344902172386
News Articles,orbit critical,2,9153,0.01025672451086193
News Articles,satellite go,2,11571,0.01025672451086193
News Articles,data scientific,2,2981,0.01025672451086193
News Articles,good people,2,5713,0.01025672451086193
News Articles,significant space,2,12101,0.01025672451086193
News Articles,performance technological,2,9517,0.01025672451086193
News Articles,activity solar,2,281,0.023895784674549798
News Articles,field line,2,4712,0.01025672451086193
News Articles,facing sun,2,4566,0.01025672451086193
News Articles,solar storm,2,12390,0.05128362255430965
News Articles,activity magnetic,2,238,0.01025672451086193
News Articles,space terrestrial,2,12582,0.01025672451086193
News Articles,affecting communication,2,437,0.01025672451086193
News Articles,magnetic magnetic,2,7605,0.030770173532585786
News Articles,power system,2,10067,0.01025672451086193
News Articles,day launch,2,3053,0.01025672451086193
News Articles,see data,2,11849,0.01025672451086193
News Articles,radiation exposure,2,10660,0.01025672451086193
News Articles,satellite industry,2,11574,0.01025672451086193
News Articles,solar radiation,2,12375,0.01025672451086193
News Articles,radiation storm,2,10688,0.06154034706517157
News Articles,storm forecast,2,12892,0.01025672451086193
News Articles,radio blackout,2,10701,0.01025672451086193
News Articles,region activity,2,10979,0.01025672451086193
News Articles,solar flare,2,12316,0.09231052059775735
News Articles,associated solar,2,979,0.02051344902172386
News Articles,geomagnetic geomagnetic,2,5515,0.01025672451086193
News Articles,storm storm,2,12942,0.01025672451086193
News Articles,storm effect,2,12881,0.01025672451086193
News Articles,storm solar,2,12940,0.02051344902172386
News Articles,earth radio,2,3667,0.02051344902172386
News Articles,high frequency,2,5973,0.04102689804344772
News Articles,frequency radio,2,5337,0.02051344902172386
News Articles,electron solar,2,3915,0.01025672451086193
News Articles,geomagnetic quiet,2,5543,0.01025672451086193
News Articles,period solar,2,9579,0.01025672451086193
News Articles,first clear,2,4895,0.01025672451086193
News Articles,sun influence,2,13204,0.01025672451086193
News Articles,first event,2,4902,0.01025672451086193
News Articles,region rotated,2,11028,0.01025672451086193
News Articles,associated flare,2,959,0.01025672451086193
News Articles,flare solar,2,5005,0.01025672451086193
News Articles,activity geomagnetic,2,220,0.01025672451086193
News Articles,northern hemisphere,2,8791,0.01025672451086193
News Articles,come back,2,1964,0.01025672451086193
News Articles,maximum time,2,7851,0.01025672451086193
News Articles,past solar,2,9460,0.01025672451086193
News Articles,solar period,2,12363,0.01025672451086193
News Articles,speed geomagnetic,2,12669,0.01025672451086193
News Articles,electron activity,2,3890,0.02051344902172386
News Articles,activity week,2,301,0.02051344902172386
News Articles,environment space,2,4173,0.02051344902172386
News Articles,week solar,2,14906,0.01025672451086193
News Articles,cable explanation,2,1528,0.013486360149660514
News Articles,explanation suspect,2,4494,0.013486360149660514
News Articles,suspect weather,2,13341,0.013486360149660514
News Articles,weather investigating,2,14750,0.013486360149660514
News Articles,investigating weather,2,6791,0.013486360149660514
News Articles,weather geomagnetic,2,14730,0.013486360149660514
News Articles,geomagnetic provide,2,5542,0.013486360149660514
News Articles,provide television,2,10499,0.013486360149660514
News Articles,television global,2,13581,0.013486360149660514
News Articles,global rotation,2,5665,0.013486360149660514
News Articles,rotation essentially,2,11500,0.013486360149660514
News Articles,essentially location,2,4261,0.013486360149660514
News Articles,location throughout,2,7453,0.013486360149660514
News Articles,throughout time,2,13724,0.013486360149660514
News Articles,time cover,2,13768,0.013486360149660514
News Articles,cover sensitive,2,2601,0.013486360149660514
News Articles,sensitive electronics,2,11893,0.013486360149660514
News Articles,electronics shielding,2,3926,0.02697272029932103
News Articles,shielding time,2,12015,0.013486360149660514
News Articles,radiation penetrate,2,10674,0.013486360149660514
News Articles,penetrate understand,2,9481,0.013486360149660514
News Articles,understand environment,2,14117,0.013486360149660514
News Articles,environment tolerant,2,4180,0.013486360149660514
News Articles,tolerant beneficial,2,13862,0.013486360149660514
News Articles,beneficial astronautics,2,1318,0.013486360149660514
News Articles,astronautics sensitive,2,991,0.013486360149660514
News Articles,sensitive weather,2,11897,0.013486360149660514
News Articles,weather paper,2,14797,0.013486360149660514
News Articles,paper journal,2,9354,0.013486360149660514
News Articles,journal space,2,6946,0.013486360149660514
News Articles,weather team,2,14868,0.013486360149660514
News Articles,team space,2,13530,0.013486360149660514
News Articles,weather found,2,14721,0.013486360149660514
News Articles,found electron,2,5287,0.013486360149660514
News Articles,cycle particle,2,2763,0.013486360149660514
News Articles,particle flux,2,9387,0.013486360149660514
News Articles,flux theorize,2,5092,0.013486360149660514
News Articles,theorize time,2,13652,0.013486360149660514
News Articles,time internal,2,13790,0.013486360149660514
News Articles,internal charging,2,6752,0.02697272029932103
News Articles,charging key,2,1807,0.013486360149660514
News Articles,key responsible,2,6993,0.013486360149660514
News Articles,responsible strengthening,2,11396,0.013486360149660514
News Articles,strengthening current,2,13016,0.013486360149660514
News Articles,current next,2,2704,0.013486360149660514
News Articles,next data,2,8714,0.013486360149660514
News Articles,data faster,2,2866,0.013486360149660514
News Articles,faster higher,2,4638,0.013486360149660514
News Articles,higher data,2,6006,0.013486360149660514
News Articles,data along,2,2795,0.013486360149660514
News Articles,along weather,2,539,0.013486360149660514
News Articles,radiation didnt,2,10654,0.013486360149660514
News Articles,didnt design,2,3299,0.013486360149660514
News Articles,design space,2,3233,0.02697272029932103
News Articles,radiation much,2,10669,0.013486360149660514
News Articles,much lifetime,2,8314,0.013486360149660514
News Articles,lifetime radiation,2,7287,0.013486360149660514
News Articles,exposure vary,2,4515,0.013486360149660514
News Articles,vary orbit,2,14472,0.013486360149660514
News Articles,orbit instance,2,9175,0.013486360149660514
News Articles,instance dangerous,2,6636,0.013486360149660514
News Articles,dangerous choose,2,2785,0.013486360149660514
News Articles,choose survive,2,1823,0.013486360149660514
News Articles,survive space,2,13339,0.013486360149660514
News Articles,space lot,2,12537,0.013486360149660514
News Articles,lot dynamic,2,7491,0.013486360149660514
News Articles,dynamic predict,2,3618,0.013486360149660514
News Articles,predict many,2,10095,0.013486360149660514
News Articles,different way,2,3340,0.04045908044898154
News Articles,way wreak,2,14605,0.013486360149660514
News Articles,wreak electronics,2,15270,0.013486360149660514
News Articles,electronics hard,2,3923,0.013486360149660514
News Articles,hard part,2,5896,0.013486360149660514
News Articles,part something,2,9369,0.013486360149660514
News Articles,something go,2,12428,0.013486360149660514
News Articles,go wrong,2,5696,0.013486360149660514
News Articles,wrong analysis,2,15272,0.013486360149660514
News Articles,analysis figure,2,627,0.013486360149660514
News Articles,figure add,2,4781,0.013486360149660514
News Articles,add another,2,318,0.013486360149660514
News Articles,another satellite,2,704,0.013486360149660514
News Articles,satellite community,2,11556,0.013486360149660514
News Articles,community forecasting,2,2079,0.013486360149660514
News Articles,forecasting better,2,5224,0.013486360149660514
News Articles,better operate,2,1359,0.013486360149660514
News Articles,operate say,2,9077,0.013486360149660514
News Articles,say high,2,11616,0.013486360149660514
News Articles,high right,2,5989,0.013486360149660514
News Articles,right really,2,11438,0.02697272029932103
News Articles,really understand,2,10874,0.013486360149660514
News Articles,understand primary,2,14122,0.013486360149660514
News Articles,primary goal,2,10227,0.013486360149660514
News Articles,goal bridge,2,5697,0.013486360149660514
News Articles,bridge gap,2,1476,0.013486360149660514
News Articles,gap community,2,5449,0.013486360149660514
News Articles,community satellite,2,2105,0.013486360149660514
News Articles,satellite space,2,11594,0.02697272029932103
News Articles,space equipment,2,12517,0.013486360149660514
News Articles,equipment company,2,4203,0.013486360149660514
News Articles,company operational,2,2122,0.013486360149660514
News Articles,data temperature,2,3012,0.013486360149660514
News Articles,temperature data,2,13584,0.013486360149660514
News Articles,scientific data,2,11772,0.013486360149660514
News Articles,data considered,2,2834,0.013486360149660514
News Articles,considered hard,2,2311,0.013486360149660514
News Articles,hard unrecoverable,2,5897,0.013486360149660514
News Articles,unrecoverable temporary,2,14235,0.013486360149660514
News Articles,temporary team,2,13599,0.013486360149660514
News Articles,team noted,2,13528,0.013486360149660514
News Articles,noted failure,2,8833,0.013486360149660514
News Articles,failure weather,2,4598,0.013486360149660514
News Articles,weather failure,2,14706,0.013486360149660514
News Articles,failure multiple,2,4590,0.013486360149660514
News Articles,multiple included,2,8332,0.013486360149660514
News Articles,included activity,2,6308,0.013486360149660514
News Articles,activity satellite,2,274,0.013486360149660514
News Articles,satellite incorporate,2,11573,0.013486360149660514
News Articles,incorporate radiation,2,6326,0.013486360149660514
News Articles,radiation space,2,10687,0.013486360149660514
News Articles,space orbit,2,12552,0.013486360149660514
News Articles,orbit team,2,9196,0.013486360149660514
News Articles,team found,2,13525,0.013486360149660514
News Articles,found amplifier,2,5285,0.013486360149660514
News Articles,amplifier geomagnetic,2,613,0.013486360149660514
News Articles,activity normally,2,248,0.013486360149660514
News Articles,normally consider,2,8773,0.013486360149660514
News Articles,consider safe,2,2304,0.013486360149660514
News Articles,safe finding,2,11529,0.013486360149660514
News Articles,finding reliable,2,4887,0.013486360149660514
News Articles,reliable metric,2,11100,0.013486360149660514
News Articles,metric radiation,2,7957,0.013486360149660514
News Articles,radiation discovered,2,10655,0.013486360149660514
News Articles,discovered many,2,3397,0.013486360149660514
News Articles,many broke,2,7738,0.013486360149660514
News Articles,broke electron,2,1504,0.013486360149660514
News Articles,activity overyear,2,258,0.013486360149660514
News Articles,overyear period,2,9296,0.013486360149660514
News Articles,solar amplifier,2,12277,0.013486360149660514
News Articles,amplifier time,2,614,0.013486360149660514
News Articles,time electron,2,13775,0.013486360149660514
News Articles,activity penetrate,2,263,0.013486360149660514
News Articles,penetrate accumulate,2,9480,0.02697272029932103
News Articles,accumulate causing,2,48,0.013486360149660514
News Articles,causing internal,2,1645,0.013486360149660514
News Articles,charging damage,2,1805,0.013486360149660514
News Articles,damage electronics,2,2775,0.02697272029932103
News Articles,electronics carry,2,3922,0.013486360149660514
News Articles,carry backup,2,1597,0.013486360149660514
News Articles,backup mission,2,1226,0.013486360149660514
News Articles,mission fail,2,8059,0.013486360149660514
News Articles,fail get,2,4583,0.013486360149660514
News Articles,get mission,2,5573,0.013486360149660514
News Articles,mission run,2,8076,0.013486360149660514
News Articles,run company,2,11519,0.013486360149660514
News Articles,company satellite,2,2123,0.013486360149660514
News Articles,satellite understanding,2,11600,0.013486360149660514
News Articles,space better,2,12500,0.013486360149660514
News Articles,better improve,2,1354,0.013486360149660514
News Articles,improve planetary,2,6245,0.013486360149660514
News Articles,planetary research,2,9778,0.013486360149660514
News Articles,space balance,2,12499,0.013486360149660514
News Articles,balance adequate,2,1239,0.013486360149660514
News Articles,adequate design,2,366,0.013486360149660514
News Articles,space environmental,2,12516,0.013486360149660514
News Articles,environmental expensive,2,4188,0.013486360149660514
News Articles,expensive operational,2,4481,0.013486360149660514
News Articles,operational harsh,2,9103,0.013486360149660514
News Articles,harsh help,2,5904,0.013486360149660514
News Articles,help design,2,5935,0.013486360149660514
News Articles,design robust,2,3232,0.013486360149660514
News Articles,robust satellite,2,11474,0.013486360149660514
News Articles,satellite baker,2,11551,0.013486360149660514
News Articles,baker research,2,1237,0.013486360149660514
News Articles,foundation graphic,2,5293,0.013486360149660514
News Articles,graphic possible,2,5757,0.013486360149660514
News Articles,possible solar,2,9974,0.013486360149660514
News Articles,activity goddard,2,223,0.013486360149660514
News Articles,flight pat,2,5028,0.04045908044898154
News Articles,pat open,2,9467,0.013486360149660514
News Articles,open weather,2,9071,0.013486360149660514
News Articles,weather news,2,14784,0.013486360149660514
News Articles,news quickly,2,8708,0.013486360149660514
News Articles,quickly forecast,2,10590,0.013486360149660514
News Articles,forecast location,2,5180,0.013486360149660514
News Articles,location behavior,2,7450,0.013486360149660514
News Articles,behavior exercise,2,1296,0.013486360149660514
News Articles,exercise around,2,4459,0.013486360149660514
News Articles,around bus,2,824,0.013486360149660514
News Articles,bus similarly,2,1524,0.013486360149660514
News Articles,similarly weather,2,12116,0.013486360149660514
News Articles,weather real,2,14828,0.013486360149660514
News Articles,real effect,2,10859,0.013486360149660514
News Articles,effect space,2,3771,0.02697272029932103
News Articles,system activity,2,13382,0.013486360149660514
News Articles,space even,2,12518,0.013486360149660514
News Articles,even without,2,4304,0.013486360149660514
News Articles,without major,2,15203,0.013486360149660514
News Articles,major solar,2,7684,0.02697272029932103
News Articles,activity density,2,208,0.013486360149660514
News Articles,density environment,2,3192,0.013486360149660514
News Articles,space empty,2,12513,0.013486360149660514
News Articles,empty think,2,3960,0.013486360149660514
News Articles,think space,2,13684,0.013486360149660514
News Articles,physic goddard,2,9688,0.013486360149660514
News Articles,environment terrestrial,2,4179,0.013486360149660514
News Articles,terrestrial extreme,2,13611,0.013486360149660514
News Articles,extreme space,2,4551,0.02697272029932103
News Articles,radio endanger,2,10711,0.013486360149660514
News Articles,endanger past,2,3984,0.013486360149660514
News Articles,past sun,2,9462,0.013486360149660514
News Articles,sun even,2,13180,0.02697272029932103
News Articles,even temporarily,2,4300,0.013486360149660514
News Articles,temporarily large,2,13598,0.013486360149660514
News Articles,large electrical,2,7084,0.013486360149660514
News Articles,electrical forecasting,2,3863,0.013486360149660514
News Articles,forecasting proper,2,5247,0.013486360149660514
News Articles,proper preparation,2,10425,0.013486360149660514
News Articles,preparation disruptive,2,10143,0.013486360149660514
News Articles,disruptive effect,2,3467,0.013486360149660514
News Articles,weather quite,2,14824,0.013486360149660514
News Articles,quite different,2,10629,0.013486360149660514
News Articles,different average,2,3305,0.013486360149660514
News Articles,average terrestrial,2,1157,0.013486360149660514
News Articles,solar sun,2,12392,0.02697272029932103
News Articles,sun electrically,2,13177,0.02697272029932103
News Articles,electrically plasma,2,3869,0.013486360149660514
News Articles,plasma fourth,2,9795,0.013486360149660514
News Articles,fourth plasma,2,5315,0.013486360149660514
News Articles,plasma constantly,2,9786,0.013486360149660514
News Articles,constantly toward,2,2325,0.013486360149660514
News Articles,wind pouring,2,15142,0.013486360149660514
News Articles,pouring energy,2,10036,0.013486360149660514
News Articles,energy space,2,4024,0.013486360149660514
News Articles,space much,2,12543,0.013486360149660514
News Articles,much dramatic,2,8309,0.013486360149660514
News Articles,dramatic solar,2,3567,0.013486360149660514
News Articles,solar tremendous,2,12401,0.013486360149660514
News Articles,tremendous sun,2,14014,0.013486360149660514
News Articles,sun energy,2,13178,0.013486360149660514
News Articles,energy coronal,2,4007,0.013486360149660514
News Articles,mass plasma,2,7809,0.013486360149660514
News Articles,magnetic sun,2,7628,0.04045908044898154
News Articles,sun geomagnetic,2,13190,0.02697272029932103
News Articles,geomagnetic resulting,2,5547,0.013486360149660514
News Articles,resulting occur,2,11403,0.013486360149660514
News Articles,occur day,2,8991,0.013486360149660514
News Articles,day later,2,3052,0.04045908044898154
News Articles,later solar,2,7135,0.013486360149660514
News Articles,solar time,2,12399,0.013486360149660514
News Articles,solar goddard,2,12325,0.013486360149660514
News Articles,pat sun,2,9468,0.013486360149660514
News Articles,cycle common,2,2759,0.013486360149660514
News Articles,common middle,2,2036,0.013486360149660514
News Articles,middle solar,2,7966,0.013486360149660514
News Articles,maximum solar,2,7847,0.013486360149660514
News Articles,maximum sun,2,7849,0.02697272029932103
News Articles,sun produce,2,13223,0.013486360149660514
News Articles,produce several,2,10310,0.013486360149660514
News Articles,several per,2,11973,0.013486360149660514
News Articles,per day,2,9499,0.013486360149660514
News Articles,day truly,2,3076,0.013486360149660514
News Articles,truly massive,2,14030,0.013486360149660514
News Articles,massive per,2,7821,0.013486360149660514
News Articles,per year,2,9503,0.013486360149660514
News Articles,year science,2,15281,0.013486360149660514
News Articles,solar minimum,2,12348,0.013486360149660514
News Articles,minimum sun,2,8003,0.013486360149660514
News Articles,sun quiet,2,13224,0.013486360149660514
News Articles,quiet extended,2,10601,0.013486360149660514
News Articles,extended cycle,2,4523,0.013486360149660514
News Articles,maximum around,2,7837,0.04045908044898154
News Articles,around doesnt,2,829,0.013486360149660514
News Articles,doesnt space,2,3525,0.013486360149660514
News Articles,large magnetic,2,7090,0.02697272029932103
News Articles,field molten,2,4719,0.013486360149660514
News Articles,molten iron,2,8244,0.013486360149660514
News Articles,iron core,2,6897,0.013486360149660514
News Articles,core field,2,2419,0.013486360149660514
News Articles,field away,2,4670,0.013486360149660514
News Articles,away solar,2,1193,0.013486360149660514
News Articles,wind streaming,2,15174,0.013486360149660514
News Articles,streaming toward,2,13000,0.013486360149660514
News Articles,earth rainstorm,2,3669,0.013486360149660514
News Articles,rainstorm area,2,10758,0.013486360149660514
News Articles,area magnetic,2,804,0.013486360149660514
News Articles,sun goddard,2,13193,0.013486360149660514
News Articles,pat large,2,9466,0.013486360149660514
News Articles,large side,2,7098,0.013486360149660514
News Articles,side away,2,12056,0.013486360149660514
News Articles,away roughly,2,1192,0.013486360149660514
News Articles,roughly much,2,11512,0.013486360149660514
News Articles,much side,2,8317,0.013486360149660514
News Articles,side facing,2,12058,0.013486360149660514
News Articles,sun radius,2,13225,0.013486360149660514
News Articles,radius around,2,10751,0.013486360149660514
News Articles,around really,2,849,0.013486360149660514
News Articles,really nice,2,10867,0.013486360149660514
News Articles,nice protective,2,8736,0.013486360149660514
News Articles,protective shield,2,10441,0.013486360149660514
News Articles,shield radiation,2,12011,0.013486360149660514
News Articles,radiation bad,2,10646,0.013486360149660514
News Articles,bad weather,2,1228,0.013486360149660514
News Articles,weather another,2,14640,0.013486360149660514
News Articles,another thick,2,709,0.013486360149660514
News Articles,thick atmosphere,2,13677,0.013486360149660514
News Articles,atmosphere harmful,2,1023,0.013486360149660514
News Articles,harmful light,2,5901,0.013486360149660514
News Articles,light radiation,2,7297,0.013486360149660514
News Articles,radiation sun,2,10691,0.013486360149660514
News Articles,sun reaching,2,13226,0.013486360149660514
News Articles,reaching surface,2,10846,0.013486360149660514
News Articles,surface protection,2,13308,0.013486360149660514
News Articles,protection perfect,2,10437,0.013486360149660514
News Articles,perfect main,2,9508,0.013486360149660514
News Articles,main way,2,7665,0.013486360149660514
News Articles,way surface,2,14601,0.013486360149660514
News Articles,surface affect,2,13297,0.013486360149660514
News Articles,affect earth,2,419,0.013486360149660514
News Articles,blackout storm,2,1418,0.013486360149660514
News Articles,storm energy,2,12883,0.013486360149660514
News Articles,energy light,2,4014,0.013486360149660514
News Articles,light light,2,7295,0.013486360149660514
News Articles,light eight,2,7294,0.013486360149660514
News Articles,eight earth,2,3817,0.013486360149660514
News Articles,earth effect,2,3648,0.013486360149660514
News Articles,effect almost,2,3721,0.013486360149660514
News Articles,almost immediate,2,521,0.013486360149660514
News Articles,immediate electromagnetic,2,6167,0.013486360149660514
News Articles,electromagnetic energy,2,3879,0.013486360149660514
News Articles,energy upper,2,4030,0.013486360149660514
News Articles,atmosphere region,2,1035,0.013486360149660514
News Articles,region communication,2,10986,0.013486360149660514
News Articles,communication travel,2,2060,0.013486360149660514
News Articles,travel cause,2,14000,0.013486360149660514
News Articles,cause signal,2,1639,0.013486360149660514
News Articles,signal radio,2,12067,0.013486360149660514
News Articles,radio often,2,10732,0.013486360149660514
News Articles,often used,2,9035,0.013486360149660514
News Articles,used emergency,2,14334,0.013486360149660514
News Articles,emergency people,2,3947,0.013486360149660514
News Articles,people imagine,2,9492,0.013486360149660514
News Articles,imagine storm,2,6165,0.013486360149660514
News Articles,storm disaster,2,12879,0.013486360149660514
News Articles,disaster radio,2,3391,0.013486360149660514
News Articles,radio essential,2,10712,0.013486360149660514
News Articles,essential keeping,2,4254,0.013486360149660514
News Articles,keeping people,2,6956,0.013486360149660514
News Articles,people safe,2,9496,0.013486360149660514
News Articles,safe hurricane,2,11530,0.013486360149660514
News Articles,hurricane notified,2,6123,0.013486360149660514
News Articles,notified quickly,2,8858,0.013486360149660514
News Articles,quickly change,2,10587,0.013486360149660514
News Articles,change radio,2,1784,0.02697272029932103
News Articles,radio solar,2,10742,0.013486360149660514
News Articles,storm small,2,12939,0.013486360149660514
News Articles,small accelerated,2,12230,0.013486360149660514
News Articles,accelerated speed,2,26,0.013486360149660514
News Articles,speed carry,2,12662,0.013486360149660514
News Articles,carry permeate,2,1602,0.013486360149660514
News Articles,permeate endanger,2,9601,0.013486360149660514
News Articles,endanger radiation,2,3985,0.013486360149660514
News Articles,radiation impact,2,10662,0.013486360149660514
News Articles,impact sensitive,2,6183,0.013486360149660514
News Articles,sensitive shielded,2,11896,0.013486360149660514
News Articles,shielded basement,2,12013,0.013486360149660514
News Articles,basement geomagnetic,2,1253,0.013486360149660514
News Articles,solar eruption,2,12310,0.013486360149660514
News Articles,eruption giant,2,4226,0.013486360149660514
News Articles,giant reach,2,5587,0.013486360149660514
News Articles,reach orbit,2,10834,0.013486360149660514
News Articles,orbit electromagnetic,2,9158,0.013486360149660514
News Articles,electromagnetic rippling,2,3886,0.013486360149660514
News Articles,rippling induce,2,11451,0.013486360149660514
News Articles,induce important,2,6385,0.013486360149660514
News Articles,important electrical,2,6206,0.013486360149660514
News Articles,electrical surface,2,3867,0.013486360149660514
News Articles,surface power,2,13307,0.013486360149660514
News Articles,power major,2,10052,0.013486360149660514
News Articles,major geomagnetic,2,7674,0.013486360149660514
News Articles,geomagnetic united,2,5558,0.013486360149660514
News Articles,united happening,2,14201,0.013486360149660514
News Articles,happening monitor,2,5892,0.013486360149660514
News Articles,monitor space,2,8253,0.013486360149660514
News Articles,space keep,2,12535,0.013486360149660514
News Articles,keep close,2,6949,0.013486360149660514
News Articles,close weather,2,1876,0.013486360149660514
News Articles,prediction official,2,10111,0.013486360149660514
News Articles,official source,2,9021,0.013486360149660514
News Articles,foundation survey,2,5297,0.013486360149660514
News Articles,plan solar,2,9756,0.013486360149660514
News Articles,weather prepare,2,14812,0.013486360149660514
News Articles,prepare space,2,10147,0.02697272029932103
News Articles,weather shimmer,2,14842,0.013486360149660514
News Articles,shimmer beam,2,12017,0.013486360149660514
News Articles,beam foreground,2,1265,0.013486360149660514
News Articles,foreground federal,2,5258,0.013486360149660514
News Articles,government monitor,2,5729,0.013486360149660514
News Articles,monitor prepare,2,8252,0.013486360149660514
News Articles,weather resistant,2,14832,0.013486360149660514
News Articles,resistant shelter,2,11340,0.013486360149660514
News Articles,shelter certain,2,12010,0.013486360149660514
News Articles,certain space,2,1728,0.013486360149660514
News Articles,weather power,2,14808,0.013486360149660514
News Articles,grid implement,2,5794,0.013486360149660514
News Articles,implement geomagnetic,2,6187,0.013486360149660514
News Articles,united government,2,14200,0.013486360149660514
News Articles,government information,2,5727,0.013486360149660514
News Articles,information weather,2,6491,0.013486360149660514
News Articles,weather damage,2,14678,0.013486360149660514
News Articles,damage however,2,2777,0.013486360149660514
News Articles,however there,2,6102,0.013486360149660514
News Articles,there thing,2,13656,0.013486360149660514
News Articles,thing space,2,13683,0.013486360149660514
News Articles,event prepare,2,4341,0.013486360149660514
News Articles,prepare aurora,2,10144,0.013486360149660514
News Articles,aurora near,2,1092,0.013486360149660514
News Articles,near beautiful,2,8420,0.013486360149660514
News Articles,beautiful storm,2,1266,0.013486360149660514
News Articles,storm atmosphere,2,12870,0.013486360149660514
News Articles,atmosphere location,2,1027,0.013486360149660514
News Articles,location view,2,7455,0.013486360149660514
News Articles,view chocolate,2,14517,0.013486360149660514
News Articles,chocolate goddard,2,1822,0.013486360149660514
News Articles,center week,2,1708,0.013486360149660514
News Articles,solar screaming,2,12382,0.013486360149660514
News Articles,screaming towards,2,11794,0.013486360149660514
News Articles,towards earth,2,13917,0.02697272029932103
News Articles,earth solar,2,3672,0.013486360149660514
News Articles,solar astronomer,2,12280,0.013486360149660514
News Articles,astronomer physicist,2,992,0.013486360149660514
News Articles,physicist discus,2,9735,0.013486360149660514
News Articles,discus explosive,2,3402,0.013486360149660514
News Articles,explosive behavior,2,4510,0.013486360149660514
News Articles,weather electric,2,14693,0.013486360149660514
News Articles,electric grid,2,3854,0.013486360149660514
News Articles,grid sponsor,2,5806,0.013486360149660514
News Articles,sponsor message,2,12710,0.02697272029932103
News Articles,message related,2,7942,0.013486360149660514
News Articles,related space,2,11058,0.013486360149660514
News Articles,space newly,2,12549,0.013486360149660514
News Articles,newly fallen,2,8703,0.013486360149660514
News Articles,fallen offer,2,4613,0.013486360149660514
News Articles,offer fresh,2,9011,0.013486360149660514
News Articles,fresh space,2,5345,0.013486360149660514
News Articles,space telescope,2,12581,0.013486360149660514
News Articles,telescope yet,2,13580,0.013486360149660514
News Articles,yet space,2,15302,0.013486360149660514
News Articles,space host,2,12530,0.013486360149660514
News Articles,host youve,2,6045,0.013486360149660514
News Articles,youve probably,2,15309,0.013486360149660514
News Articles,probably news,2,10259,0.013486360149660514
News Articles,news week,2,8709,0.013486360149660514
News Articles,week flare,2,14897,0.013486360149660514
News Articles,flare science,2,4999,0.013486360149660514
News Articles,science everything,2,11709,0.013486360149660514
News Articles,everything work,2,4385,0.013486360149660514
News Articles,work solar,2,15221,0.013486360149660514
News Articles,storm actually,2,12867,0.013486360149660514
News Articles,actually sun,2,312,0.013486360149660514
News Articles,sun good,2,13194,0.013486360149660514
News Articles,good solar,2,5714,0.013486360149660514
News Articles,effect earth,2,3731,0.013486360149660514
News Articles,earth still,2,3675,0.02697272029932103
News Articles,still unsolved,2,12858,0.013486360149660514
News Articles,unsolved sun,2,14261,0.013486360149660514
News Articles,flight welcome,2,5035,0.013486360149660514
News Articles,welcome thank,2,14918,0.013486360149660514
News Articles,thank welcome,2,13637,0.04045908044898154
News Articles,welcome space,2,14916,0.02697272029932103
News Articles,prediction radio,2,10113,0.013486360149660514
News Articles,radio station,2,10744,0.013486360149660514
News Articles,station thanks,2,12801,0.013486360149660514
News Articles,thanks show,2,13640,0.013486360149660514
News Articles,show welcome,2,12041,0.013486360149660514
News Articles,welcome sun,2,14917,0.013486360149660514
News Articles,sun flare,2,13186,0.013486360149660514
News Articles,flare sun,2,5008,0.013486360149660514
News Articles,sun time,2,13239,0.013486360149660514
News Articles,time sunspot,2,13824,0.013486360149660514
News Articles,sunspot region,2,13253,0.013486360149660514
News Articles,region saw,2,11029,0.013486360149660514
News Articles,saw radiation,2,11612,0.013486360149660514
News Articles,radiation subatomic,2,10690,0.013486360149660514
News Articles,subatomic steadily,2,13073,0.013486360149660514
News Articles,steadily stayed,2,12824,0.013486360149660514
News Articles,stayed high,2,12817,0.013486360149660514
News Articles,high day,2,5964,0.013486360149660514
News Articles,day whole,2,3079,0.013486360149660514
News Articles,whole explosion,2,15024,0.013486360149660514
News Articles,explosion sun,2,4509,0.013486360149660514
News Articles,sun mass,2,13210,0.013486360149660514
News Articles,mass million,2,7804,0.013486360149660514
News Articles,million streaming,2,7993,0.013486360149660514
News Articles,streaming solar,2,12999,0.013486360149660514
News Articles,system pretty,2,13433,0.013486360149660514
News Articles,pretty much,2,10186,0.013486360149660514
News Articles,much couple,2,8308,0.013486360149660514
News Articles,couple day,2,2555,0.013486360149660514
News Articles,later produced,2,7133,0.013486360149660514
News Articles,produced spectacular,2,10336,0.013486360149660514
News Articles,spectacular auroral,2,12651,0.013486360149660514
News Articles,auroral still,2,1108,0.013486360149660514
News Articles,still activity,2,12843,0.013486360149660514
News Articles,activity going,2,224,0.013486360149660514
News Articles,going well,2,5708,0.013486360149660514
News Articles,well interesting,2,14935,0.013486360149660514
News Articles,interesting ask,2,6724,0.013486360149660514
News Articles,ask since,2,886,0.013486360149660514
News Articles,even bigger,2,4284,0.013486360149660514
News Articles,bigger dramatic,2,1395,0.013486360149660514
News Articles,dramatic flare,2,3566,0.013486360149660514
News Articles,flare even,2,4968,0.013486360149660514
News Articles,even powerful,2,4295,0.013486360149660514
News Articles,powerful day,2,10069,0.013486360149660514
News Articles,day radiation,2,3063,0.013486360149660514
News Articles,storm right,2,12936,0.013486360149660514
News Articles,right right,2,11439,0.013486360149660514
News Articles,right number,2,11434,0.013486360149660514
News Articles,number new,2,8877,0.013486360149660514
News Articles,flare speak,2,5007,0.013486360149660514
News Articles,speak bigger,2,12622,0.02697272029932103
News Articles,bigger week,2,1398,0.013486360149660514
News Articles,week page,2,14902,0.013486360149660514
News Articles,page talking,2,9301,0.013486360149660514
News Articles,talking solar,2,13507,0.05394544059864206
News Articles,solar number,2,12355,0.02697272029932103
News Articles,number big,2,8876,0.013486360149660514
News Articles,big well,2,1394,0.013486360149660514
News Articles,well talk,2,14955,0.013486360149660514
News Articles,talk stay,2,13504,0.013486360149660514
News Articles,stay talking,2,12815,0.02697272029932103
News Articles,solar astronomy,2,12281,0.013486360149660514
News Articles,astronomy hour,2,997,0.013486360149660514
News Articles,hour space,2,6053,0.013486360149660514
News Articles,center number,2,1690,0.013486360149660514
News Articles,number solar,2,8878,0.013486360149660514
News Articles,solar right,2,12380,0.013486360149660514
News Articles,right speak,2,11441,0.013486360149660514
News Articles,bigger happening,2,1396,0.013486360149660514
News Articles,happening although,2,5891,0.013486360149660514
News Articles,although correct,2,557,0.013486360149660514
News Articles,correct active,2,2477,0.013486360149660514
News Articles,region magnetic,2,11010,0.013486360149660514
News Articles,field produce,2,4736,0.013486360149660514
News Articles,produce coronal,2,10308,0.02697272029932103
News Articles,mass region,2,7811,0.013486360149660514
News Articles,week coronal,2,14895,0.013486360149660514
News Articles,ejection associated,2,3837,0.02697272029932103
News Articles,associated big,2,946,0.013486360149660514
News Articles,big away,2,1389,0.013486360149660514
News Articles,away earth,2,1189,0.013486360149660514
News Articles,earth direct,2,3647,0.013486360149660514
News Articles,direct ultraviolet,2,3362,0.013486360149660514
News Articles,ultraviolet flare,2,14073,0.013486360149660514
News Articles,flare radiation,2,4994,0.04045908044898154
News Articles,radiation coronal,2,10651,0.013486360149660514
News Articles,ejection still,2,3846,0.013486360149660514
News Articles,still make,2,12851,0.013486360149660514
News Articles,make seeing,2,7693,0.013486360149660514
News Articles,seeing effect,2,11876,0.013486360149660514
News Articles,effect well,2,3782,0.013486360149660514
News Articles,well flare,2,14932,0.02697272029932103
News Articles,flare main,2,4981,0.013486360149660514
News Articles,main atmospheric,2,7654,0.013486360149660514
News Articles,atmospheric way,2,1070,0.013486360149660514
News Articles,way well,2,14604,0.013486360149660514
News Articles,well really,2,14949,0.013486360149660514
News Articles,really probably,2,10870,0.013486360149660514
News Articles,probably wouldnt,2,10261,0.013486360149660514
News Articles,wouldnt somebody,2,15265,0.013486360149660514
News Articles,somebody plane,2,12427,0.013486360149660514
News Articles,plane flying,2,9764,0.013486360149660514
News Articles,flying know,2,5103,0.013486360149660514
News Articles,know across,2,7022,0.013486360149660514
News Articles,across pacific,2,109,0.013486360149660514
News Articles,pacific ocean,2,9298,0.013486360149660514
News Articles,ocean right,2,9006,0.013486360149660514
News Articles,right youd,2,11445,0.013486360149660514
News Articles,youd find,2,15308,0.013486360149660514
News Articles,find radio,2,4883,0.013486360149660514
News Articles,radio probably,2,10735,0.013486360149660514
News Articles,probably working,2,10260,0.013486360149660514
News Articles,working solar,2,15229,0.013486360149660514
News Articles,solar way,2,12404,0.013486360149660514
News Articles,way signal,2,14600,0.013486360149660514
News Articles,signal atmosphere,2,12062,0.013486360149660514
News Articles,ionosphere right,2,6858,0.013486360149660514
News Articles,right different,2,11429,0.013486360149660514
News Articles,different normal,2,3323,0.013486360149660514
News Articles,normal state,2,8772,0.013486360149660514
News Articles,state radio,2,12787,0.013486360149660514
News Articles,signal doesnt,2,12064,0.013486360149660514
News Articles,doesnt fact,2,3523,0.013486360149660514
News Articles,fact pacific,2,4575,0.013486360149660514
News Articles,pacific right,2,9299,0.013486360149660514
News Articles,right feeling,2,11430,0.013486360149660514
News Articles,feeling solar,2,4662,0.013486360149660514
News Articles,flare today,2,5012,0.013486360149660514
News Articles,today eastern,2,13848,0.013486360149660514
News Articles,eastern time,2,3692,0.013486360149660514
News Articles,time yet,2,13837,0.013486360149660514
News Articles,yet magnetic,2,15298,0.013486360149660514
News Articles,sun magnetic,2,13209,0.013486360149660514
News Articles,field compute,2,4674,0.013486360149660514
News Articles,compute like,2,2218,0.013486360149660514
News Articles,like might,2,7316,0.02697272029932103
News Articles,might hear,2,7972,0.013486360149660514
News Articles,hear percent,2,5917,0.013486360149660514
News Articles,percent say,2,9506,0.013486360149660514
News Articles,say know,2,11617,0.013486360149660514
News Articles,know percent,2,7030,0.013486360149660514
News Articles,percent area,2,9504,0.013486360149660514
News Articles,area saying,2,808,0.013486360149660514
News Articles,saying whatever,2,11619,0.013486360149660514
News Articles,whatever flying,2,14993,0.013486360149660514
News Articles,flying trouble,2,5105,0.013486360149660514
News Articles,trouble knowing,2,14026,0.013486360149660514
News Articles,knowing probably,2,7038,0.013486360149660514
News Articles,probably another,2,10255,0.013486360149660514
News Articles,another solar,2,707,0.013486360149660514
News Articles,solar exactly,2,12312,0.013486360149660514
News Articles,exactly right,2,4408,0.013486360149660514
News Articles,right see,2,11440,0.013486360149660514
News Articles,see communication,2,11848,0.013486360149660514
News Articles,communication sit,2,2056,0.013486360149660514
News Articles,sit orbit,2,12172,0.013486360149660514
News Articles,orbit earth,2,9157,0.013486360149660514
News Articles,still get,2,12847,0.013486360149660514
News Articles,get signal,2,5577,0.013486360149660514
News Articles,signal sun,2,12068,0.013486360149660514
News Articles,sun whats,2,13246,0.013486360149660514
News Articles,whats internal,2,14995,0.013486360149660514
News Articles,internal magnetism,2,6758,0.013486360149660514
News Articles,magnetism pure,2,7642,0.013486360149660514
News Articles,pure simple,2,10552,0.013486360149660514
News Articles,simple magnetic,2,12118,0.013486360149660514
News Articles,magnetic make,2,7606,0.013486360149660514
News Articles,make sun,2,7696,0.013486360149660514
News Articles,electrically intense,2,3868,0.013486360149660514
News Articles,magnetic know,2,7601,0.013486360149660514
News Articles,know magnetic,2,7029,0.013486360149660514
News Articles,field strong,2,4760,0.013486360149660514
News Articles,strong enough,2,13024,0.013486360149660514
News Articles,enough inside,2,4087,0.013486360149660514
News Articles,inside sun,2,6633,0.02697272029932103
News Articles,sun appear,2,13167,0.013486360149660514
News Articles,appear magnetic,2,721,0.013486360149660514
News Articles,magnetic get,2,7594,0.013486360149660514
News Articles,get twisted,2,5580,0.013486360149660514
News Articles,twisted outshape,2,14050,0.013486360149660514
News Articles,outshape basically,2,9270,0.013486360149660514
News Articles,basically magnetic,2,1260,0.013486360149660514
News Articles,magnetic energy,2,7586,0.013486360149660514
News Articles,energy explosively,2,4010,0.013486360149660514
News Articles,explosively come,2,4512,0.013486360149660514
News Articles,come ultimately,2,1970,0.013486360149660514
News Articles,ultimately produced,2,14071,0.013486360149660514
News Articles,produced inside,2,10325,0.013486360149660514
News Articles,sun hot,2,13201,0.013486360149660514
News Articles,hot corona,2,6048,0.013486360149660514
News Articles,corona confined,2,2422,0.013486360149660514
News Articles,confined move,2,2288,0.013486360149660514
News Articles,move along,2,8297,0.013486360149660514
News Articles,magnetic see,2,7618,0.013486360149660514
News Articles,see magnetic,2,11858,0.013486360149660514
News Articles,field normally,2,4723,0.013486360149660514
News Articles,normally look,2,8774,0.013486360149660514
News Articles,look magnetic,2,7482,0.013486360149660514
News Articles,field field,2,4689,0.013486360149660514
News Articles,field going,2,4697,0.013486360149660514
News Articles,going north,2,5707,0.013486360149660514
News Articles,north coming,2,8777,0.013486360149660514
News Articles,coming south,2,1980,0.013486360149660514
News Articles,south solar,2,12472,0.013486360149660514
News Articles,wind million,2,15120,0.02697272029932103
News Articles,million solar,2,7992,0.013486360149660514
News Articles,magnetic day,2,7584,0.013486360149660514
News Articles,day side,2,3068,0.013486360149660514
News Articles,side earth,2,12057,0.013486360149660514
News Articles,earth night,2,3664,0.013486360149660514
News Articles,night side,2,8741,0.013486360149660514
News Articles,side magnetic,2,12060,0.013486360149660514
News Articles,field get,2,4694,0.013486360149660514
News Articles,get magnetic,2,5572,0.013486360149660514
News Articles,magnetic coronal,2,7583,0.013486360149660514
News Articles,mass magnetic,2,7801,0.013486360149660514
News Articles,magnetic explosion,2,7588,0.013486360149660514
News Articles,explosion go,2,4508,0.02697272029932103
News Articles,go coronal,2,5681,0.013486360149660514
News Articles,ejection produced,2,3843,0.013486360149660514
News Articles,produced magnetic,2,10328,0.013486360149660514
News Articles,magnetic key,2,7600,0.013486360149660514
News Articles,key magnetic,2,6976,0.013486360149660514
News Articles,field opposite,2,4728,0.013486360149660514
News Articles,opposite directed,2,9132,0.013486360149660514
News Articles,directed produce,2,3366,0.013486360149660514
News Articles,produce magnetic,2,10309,0.013486360149660514
News Articles,field ultimately,2,4769,0.013486360149660514
News Articles,ultimately streaming,2,14072,0.013486360149660514
News Articles,streaming back,2,12998,0.013486360149660514
News Articles,back along,2,1196,0.013486360149660514
News Articles,line atmosphere,2,7408,0.013486360149660514
News Articles,atmosphere wow,2,1049,0.013486360149660514
News Articles,wow terrific,2,15267,0.013486360149660514
News Articles,terrific aurora,2,13623,0.013486360149660514
News Articles,aurora coronal,2,1085,0.013486360149660514
News Articles,ejection magnetic,2,3842,0.013486360149660514
News Articles,field radiation,2,4740,0.013486360149660514
News Articles,storm magnetic,2,12909,0.02697272029932103
News Articles,prediction sun,2,10116,0.013486360149660514
News Articles,sun get,2,13191,0.013486360149660514
News Articles,get official,2,5575,0.013486360149660514
News Articles,official coronal,2,9020,0.013486360149660514
News Articles,earth induced,2,3659,0.013486360149660514
News Articles,induced power,2,6393,0.013486360149660514
News Articles,power power,2,10058,0.013486360149660514
News Articles,system protect,2,13434,0.013486360149660514
News Articles,protect sure,2,10435,0.013486360149660514
News Articles,sure sufficient,2,13294,0.013486360149660514
News Articles,sufficient extra,2,13117,0.013486360149660514
News Articles,extra something,2,4539,0.013486360149660514
News Articles,something industry,2,12429,0.013486360149660514
News Articles,industry sure,2,6416,0.013486360149660514
News Articles,sure theyre,2,13295,0.013486360149660514
News Articles,theyre able,2,13674,0.013486360149660514
News Articles,able correctly,2,4,0.013486360149660514
News Articles,correctly less,2,2482,0.013486360149660514
News Articles,less ago,2,7253,0.02697272029932103
News Articles,ago right,2,471,0.013486360149660514
News Articles,right werent,2,11444,0.013486360149660514
News Articles,werent really,2,14969,0.013486360149660514
News Articles,really stage,2,10872,0.013486360149660514
News Articles,stage say,2,12753,0.013486360149660514
News Articles,say weather,2,11618,0.013486360149660514
News Articles,forecasting stage,2,5251,0.013486360149660514
News Articles,stage canonical,2,12752,0.013486360149660514
News Articles,canonical thing,2,1548,0.013486360149660514
News Articles,thing people,2,13681,0.013486360149660514
News Articles,people behind,2,9491,0.013486360149660514
News Articles,behind weather,2,1303,0.013486360149660514
News Articles,forecasting certain,2,5226,0.013486360149660514
News Articles,certain much,2,1725,0.013486360149660514
News Articles,much better,2,8307,0.013486360149660514
News Articles,better mass,2,1356,0.013486360149660514
News Articles,mass observe,2,7807,0.013486360149660514
News Articles,observe sun,2,8967,0.013486360149660514
News Articles,sun predict,2,13222,0.013486360149660514
News Articles,predict model,2,10096,0.013486360149660514
News Articles,model weather,2,8158,0.013486360149660514
News Articles,service use,2,11933,0.013486360149660514
News Articles,use coronal,2,14300,0.013486360149660514
News Articles,ejection storm,2,3847,0.013486360149660514
News Articles,time less,2,13794,0.013486360149660514
News Articles,ago well,2,474,0.013486360149660514
News Articles,well early,2,14931,0.013486360149660514
News Articles,early active,2,3632,0.013486360149660514
News Articles,rotated away,2,11488,0.013486360149660514
News Articles,away position,2,1191,0.013486360149660514
News Articles,position coronal,2,9917,0.013486360149660514
News Articles,mass harmlessly,2,7794,0.013486360149660514
News Articles,harmlessly space,2,5903,0.013486360149660514
News Articles,space maybe,2,12540,0.013486360149660514
News Articles,maybe realize,2,7855,0.013486360149660514
News Articles,realize sun,2,10864,0.013486360149660514
News Articles,sun actually,2,13164,0.013486360149660514
News Articles,actually axis,2,309,0.013486360149660514
News Articles,axis every,2,1195,0.013486360149660514
News Articles,every rotation,2,4382,0.013486360149660514
News Articles,rotation talk,2,11506,0.013486360149660514
News Articles,talk significant,2,13502,0.013486360149660514
News Articles,significant interesting,2,12088,0.013486360149660514
News Articles,interesting get,2,6725,0.013486360149660514
News Articles,get near,2,5574,0.013486360149660514
News Articles,near day,2,8424,0.013486360149660514
News Articles,day motion,2,3056,0.013486360149660514
News Articles,motion get,2,8293,0.013486360149660514
News Articles,get wrapped,2,5581,0.013486360149660514
News Articles,wrapped around,2,15269,0.013486360149660514
News Articles,sun like,2,13207,0.013486360149660514
News Articles,like magnetic,2,7315,0.013486360149660514
News Articles,sun differential,2,13175,0.013486360149660514
News Articles,differential rotation,2,3342,0.013486360149660514
News Articles,rotation fact,2,11501,0.013486360149660514
News Articles,fact faster,2,4569,0.013486360149660514
News Articles,faster layer,2,4639,0.013486360149660514
News Articles,layer near,2,7180,0.013486360149660514
News Articles,near surface,2,8444,0.013486360149660514
News Articles,surface surface,2,13309,0.013486360149660514
News Articles,surface move,2,13304,0.013486360149660514
News Articles,move inward,2,8299,0.013486360149660514
News Articles,inward rotation,2,6805,0.013486360149660514
News Articles,rotation stay,2,11505,0.013486360149660514
News Articles,stay constant,2,12814,0.013486360149660514
News Articles,constant know,2,2323,0.013486360149660514
News Articles,know layer,2,7028,0.013486360149660514
News Articles,layer way,2,7181,0.013486360149660514
News Articles,way magnetic,2,14597,0.013486360149660514
News Articles,magnetic fascinating,2,7589,0.013486360149660514
News Articles,fascinating stuff,2,4627,0.013486360149660514
News Articles,stuff weve,2,13070,0.013486360149660514
News Articles,weve really,2,14992,0.013486360149660514
News Articles,really warm,2,10875,0.013486360149660514
News Articles,warm weather,2,14567,0.013486360149660514
News Articles,weather like,2,14760,0.02697272029932103
News Articles,like hot,2,7313,0.013486360149660514
News Articles,hot summer,2,6051,0.013486360149660514
News Articles,summer solar,2,13160,0.013486360149660514
News Articles,solar excuse,2,12313,0.013486360149660514
News Articles,excuse melt,2,4455,0.013486360149660514
News Articles,melt ozone,2,7919,0.013486360149660514
News Articles,ozone already,2,9297,0.013486360149660514
News Articles,already much,2,543,0.013486360149660514
News Articles,much know,2,8313,0.013486360149660514
News Articles,know ice,2,7027,0.013486360149660514
News Articles,ice already,2,6126,0.013486360149660514
News Articles,already thanks,2,549,0.013486360149660514
News Articles,thanks calling,2,13639,0.013486360149660514
News Articles,calling well,2,1543,0.013486360149660514
News Articles,well see,2,14953,0.013486360149660514
News Articles,see thank,2,11872,0.013486360149660514
News Articles,thank great,2,13634,0.013486360149660514
News Articles,great sun,2,5769,0.013486360149660514
News Articles,influence respect,2,6444,0.013486360149660514
News Articles,respect probably,2,11368,0.013486360149660514
News Articles,probably even,2,10258,0.013486360149660514
News Articles,even though,2,4301,0.013486360149660514
News Articles,though sun,2,13696,0.013486360149660514
News Articles,sun got,2,13195,0.013486360149660514
News Articles,got time,2,5719,0.013486360149660514
News Articles,time got,2,13784,0.013486360149660514
News Articles,got energy,2,5715,0.013486360149660514
News Articles,energy sun,2,4027,0.013486360149660514
News Articles,earth amount,2,3639,0.013486360149660514
News Articles,amount even,2,608,0.013486360149660514
News Articles,even complete,2,4285,0.013486360149660514
News Articles,complete sunspot,2,2134,0.013486360149660514
News Articles,sunspot cycle,2,13252,0.013486360149660514
News Articles,cycle know,2,2760,0.013486360149660514
News Articles,know sun,2,7034,0.013486360149660514
News Articles,sun activity,2,13163,0.013486360149660514
News Articles,activity part,2,259,0.013486360149660514
News Articles,part long,2,9368,0.013486360149660514
News Articles,long run,2,7465,0.013486360149660514
News Articles,run weather,2,11523,0.013486360149660514
News Articles,weather probably,2,14817,0.013486360149660514
News Articles,probably different,2,10256,0.013486360149660514
News Articles,different basically,2,3306,0.013486360149660514
News Articles,basically theme,2,1261,0.013486360149660514
News Articles,theme coming,2,13643,0.013486360149660514
News Articles,coming people,2,1977,0.013486360149660514
News Articles,people affect,2,9488,0.013486360149660514
News Articles,affect flare,2,422,0.013486360149660514
News Articles,flare like,2,4978,0.013486360149660514
News Articles,might affect,2,7970,0.013486360149660514
News Articles,affect either,2,420,0.013486360149660514
News Articles,space moon,2,12542,0.013486360149660514
News Articles,moon like,2,8258,0.013486360149660514
News Articles,like sure,2,7321,0.013486360149660514
News Articles,sure well,2,13296,0.013486360149660514
News Articles,well certainly,2,14924,0.013486360149660514
News Articles,certainly international,2,1730,0.013486360149660514
News Articles,station right,2,12799,0.013486360149660514
News Articles,right concerned,2,11426,0.013486360149660514
News Articles,concerned concerned,2,2234,0.013486360149660514
News Articles,concerned activity,2,2233,0.013486360149660514
News Articles,activity happening,2,226,0.013486360149660514
News Articles,happening right,2,5893,0.04045908044898154
News Articles,really action,2,10866,0.013486360149660514
News Articles,action large,2,137,0.013486360149660514
News Articles,large risk,2,7095,0.013486360149660514
News Articles,risk theyre,2,11466,0.013486360149660514
News Articles,theyre extra,2,13675,0.013486360149660514
News Articles,extra slightly,2,4538,0.013486360149660514
News Articles,slightly higher,2,12212,0.013486360149660514
News Articles,higher age,2,6005,0.013486360149660514
News Articles,age theyre,2,448,0.013486360149660514
News Articles,theyre radiation,2,13676,0.013486360149660514
News Articles,radiation know,2,10664,0.013486360149660514
News Articles,know shuttle,2,7032,0.013486360149660514
News Articles,shuttle example,2,12055,0.013486360149660514
News Articles,example robot,2,4441,0.013486360149660514
News Articles,robot arm,2,11470,0.013486360149660514
News Articles,arm storm,2,815,0.013486360149660514
News Articles,storm certain,2,12871,0.013486360149660514
News Articles,certain aware,2,1723,0.013486360149660514
News Articles,aware huge,2,1178,0.013486360149660514
News Articles,huge solar,2,6109,0.02697272029932103
News Articles,storm well,2,12955,0.013486360149660514
News Articles,well perfect,2,14945,0.013486360149660514
News Articles,perfect day,2,9507,0.013486360149660514
News Articles,day sir,2,3069,0.013486360149660514
News Articles,sir observatory,2,12171,0.013486360149660514
News Articles,observatory watching,2,8965,0.013486360149660514
News Articles,watching sun,2,14579,0.013486360149660514
News Articles,sun every,2,13182,0.013486360149660514
News Articles,every day,2,4380,0.013486360149660514
News Articles,day sun,2,3073,0.013486360149660514
News Articles,sun telescope,2,13238,0.013486360149660514
News Articles,telescope across,2,13579,0.013486360149660514
News Articles,across draw,2,97,0.013486360149660514
News Articles,draw particular,2,3568,0.013486360149660514
News Articles,particular day,2,9413,0.013486360149660514
News Articles,day finished,2,3049,0.013486360149660514
News Articles,finished drawing,2,4888,0.013486360149660514
News Articles,drawing measuring,2,3569,0.013486360149660514
News Articles,measuring sun,2,7909,0.013486360149660514
News Articles,sun sudden,2,13234,0.013486360149660514
News Articles,sudden bright,2,13106,0.013486360149660514
News Articles,bright magnetic,2,1490,0.013486360149660514
News Articles,never seen,2,8607,0.013486360149660514
News Articles,seen something,2,11883,0.013486360149660514
News Articles,something wrong,2,12433,0.013486360149660514
News Articles,wrong quickly,2,15275,0.013486360149660514
News Articles,quickly careful,2,10586,0.013486360149660514
News Articles,careful observer,2,1591,0.013486360149660514
News Articles,time verify,2,13832,0.013486360149660514
News Articles,verify find,2,14494,0.013486360149660514
News Articles,find anybody,2,4882,0.013486360149660514
News Articles,anybody came,2,714,0.013486360149660514
News Articles,came back,2,1544,0.013486360149660514
News Articles,back already,2,1197,0.013486360149660514
News Articles,already talking,2,548,0.013486360149660514
News Articles,flare keep,2,4977,0.013486360149660514
News Articles,keep something,2,6952,0.013486360149660514
News Articles,something special,2,12431,0.013486360149660514
News Articles,special really,2,12626,0.013486360149660514
News Articles,really observatory,2,10868,0.013486360149660514
News Articles,observatory shake,2,8957,0.013486360149660514
News Articles,shake magnetic,2,11993,0.013486360149660514
News Articles,north sensitive,2,8781,0.013486360149660514
News Articles,sensitive enough,2,11894,0.013486360149660514
News Articles,enough magnetic,2,4088,0.013486360149660514
News Articles,field shaking,2,4749,0.013486360149660514
News Articles,shaking geomagnetic,2,11994,0.013486360149660514
News Articles,geomagnetic magnetic,2,5528,0.02697272029932103
News Articles,magnetic garden,2,7593,0.013486360149660514
News Articles,garden magnetic,2,5458,0.013486360149660514
News Articles,magnetic doesnt,2,7585,0.013486360149660514
News Articles,doesnt herein,2,3524,0.013486360149660514
News Articles,herein ever,2,5953,0.013486360149660514
News Articles,ever magnetic,2,4379,0.013486360149660514
News Articles,magnetic every,2,7587,0.013486360149660514
News Articles,every magnetic,2,4381,0.013486360149660514
News Articles,magnetic world,2,7639,0.013486360149660514
News Articles,world saturated,2,15264,0.013486360149660514
News Articles,saturated except,2,11607,0.013486360149660514
News Articles,except storm,2,4452,0.013486360149660514
News Articles,storm like,2,12906,0.013486360149660514
News Articles,like day,2,7308,0.013486360149660514
News Articles,day really,2,3066,0.013486360149660514
News Articles,really telegraph,2,10873,0.013486360149660514
News Articles,telegraph touch,2,13576,0.013486360149660514
News Articles,touch operator,2,13902,0.013486360149660514
News Articles,operator east,2,9130,0.013486360149660514
News Articles,east coast,2,3687,0.013486360149660514
News Articles,coast wood,2,1888,0.013486360149660514
News Articles,wood got,2,15209,0.013486360149660514
News Articles,got scorched,2,5717,0.013486360149660514
News Articles,scorched paper,2,11793,0.013486360149660514
News Articles,paper burned,2,9353,0.013486360149660514
News Articles,burned average,2,1517,0.013486360149660514
News Articles,average person,2,1156,0.013486360149660514
News Articles,person see,2,9619,0.013486360149660514
News Articles,see well,2,11874,0.013486360149660514
News Articles,well aurora,2,14921,0.013486360149660514
News Articles,aurora didnt,2,1086,0.013486360149660514
News Articles,didnt could,2,3298,0.013486360149660514
News Articles,could southern,2,2540,0.013486360149660514
News Articles,southern horizon,2,12477,0.013486360149660514
News Articles,horizon still,2,6041,0.013486360149660514
News Articles,still see,2,12856,0.013486360149660514
News Articles,see fire,2,11855,0.013486360149660514
News Articles,fire equator,2,4890,0.013486360149660514
News Articles,equator seen,2,4200,0.013486360149660514
News Articles,seen entire,2,11878,0.013486360149660514
News Articles,entire globe,2,4121,0.013486360149660514
News Articles,globe know,2,5677,0.013486360149660514
News Articles,know fashion,2,7025,0.013486360149660514
News Articles,fashion well,2,4628,0.013486360149660514
News Articles,well particular,2,14944,0.013486360149660514
News Articles,particular event,2,9416,0.013486360149660514
News Articles,event really,2,4345,0.013486360149660514
News Articles,really past,2,10869,0.013486360149660514
News Articles,past associated,2,9449,0.013486360149660514
News Articles,flare coronal,2,4960,0.013486360149660514
News Articles,mass coronal,2,7783,0.013486360149660514
News Articles,ejection doesnt,2,3838,0.013486360149660514
News Articles,doesnt tell,2,3526,0.013486360149660514
News Articles,tell exactly,2,13582,0.013486360149660514
News Articles,exactly strong,2,4409,0.013486360149660514
News Articles,strong storm,2,13037,0.013486360149660514
News Articles,magnetic good,2,7595,0.013486360149660514
News Articles,good indicator,2,5712,0.013486360149660514
News Articles,indicator ever,2,6379,0.013486360149660514
News Articles,ever impulse,2,4378,0.013486360149660514
News Articles,impulse know,2,6265,0.013486360149660514
News Articles,know got,2,7026,0.013486360149660514
News Articles,got magnetic,2,5716,0.013486360149660514
News Articles,field flare,2,4690,0.013486360149660514
News Articles,flare week,2,5014,0.013486360149660514
News Articles,week big,2,14894,0.013486360149660514
News Articles,big explosion,2,1392,0.013486360149660514
News Articles,go got,2,5686,0.013486360149660514
News Articles,got typical,2,5720,0.013486360149660514
News Articles,typical radiant,2,14059,0.013486360149660514
News Articles,radiant energy,2,10639,0.013486360149660514
News Articles,energy million,2,4018,0.013486360149660514
News Articles,million energy,2,7987,0.013486360149660514
News Articles,energy wow,2,4031,0.013486360149660514
News Articles,wow right,2,15266,0.013486360149660514
News Articles,right bit,2,11422,0.013486360149660514
News Articles,bit well,2,1406,0.013486360149660514
News Articles,well come,2,14927,0.013486360149660514
News Articles,back talk,2,1199,0.013486360149660514
News Articles,talk sun,2,13505,0.013486360149660514
News Articles,number stay,2,8879,0.013486360149660514
News Articles,sun space,2,13232,0.02697272029932103
News Articles,prediction big,2,10104,0.013486360149660514
News Articles,big solar,2,1393,0.013486360149660514
News Articles,flare happening,2,4973,0.013486360149660514
News Articles,right sun,2,11443,0.013486360149660514
News Articles,sun right,2,13229,0.013486360149660514
News Articles,right studio,2,11442,0.013486360149660514
News Articles,studio space,2,13060,0.013486360149660514
News Articles,solar last,2,12340,0.013486360149660514
News Articles,last solar,2,7114,0.013486360149660514
News Articles,radiation high,2,10661,0.013486360149660514
News Articles,high earth,2,5967,0.013486360149660514
News Articles,prediction put,2,10112,0.013486360149660514
News Articles,put flare,2,10559,0.013486360149660514
News Articles,flare put,2,4993,0.013486360149660514
News Articles,put radiation,2,10560,0.013486360149660514
News Articles,even happening,2,4289,0.013486360149660514
News Articles,right flare,2,11431,0.013486360149660514
News Articles,flare practically,2,4990,0.013486360149660514
News Articles,practically radiation,2,10078,0.013486360149660514
News Articles,storm continue,2,12875,0.013486360149660514
News Articles,continue hard,2,2364,0.013486360149660514
News Articles,hard estimate,2,5895,0.013486360149660514
News Articles,estimate without,2,4271,0.013486360149660514
News Articles,without seen,2,15206,0.013486360149660514
News Articles,seen data,2,11877,0.013486360149660514
News Articles,data recently,2,2964,0.013486360149660514
News Articles,recently long,2,10905,0.013486360149660514
News Articles,long continue,2,7458,0.013486360149660514
News Articles,continue cause,2,2363,0.013486360149660514
News Articles,cause know,2,1629,0.013486360149660514
News Articles,know potential,2,7031,0.013486360149660514
News Articles,radiation reach,2,10681,0.013486360149660514
News Articles,reach sufficient,2,10837,0.013486360149660514
News Articles,sufficient coming,2,13114,0.013486360149660514
News Articles,coming polar,2,1978,0.013486360149660514
News Articles,polar causing,2,9863,0.013486360149660514
News Articles,causing aurora,2,1642,0.013486360149660514
News Articles,aurora high,2,1089,0.013486360149660514
News Articles,frequency polar,2,5336,0.013486360149660514
News Articles,polar airplane,2,9860,0.013486360149660514
News Articles,airplane flying,2,498,0.013486360149660514
News Articles,flying problem,2,5104,0.013486360149660514
News Articles,problem cant,2,10265,0.013486360149660514
News Articles,cant see,2,1550,0.013486360149660514
News Articles,see satellite,2,11864,0.013486360149660514
News Articles,communication sitting,2,2057,0.013486360149660514
News Articles,sitting fact,2,12173,0.013486360149660514
News Articles,fact polar,2,4576,0.013486360149660514
News Articles,polar important,2,9871,0.013486360149660514
News Articles,important get,2,6212,0.013486360149660514
News Articles,get cost,2,5570,0.013486360149660514
News Articles,cost see,2,2496,0.013486360149660514
News Articles,way going,2,14595,0.013486360149660514
News Articles,going energetic,2,5705,0.013486360149660514
News Articles,energetic rising,2,4000,0.013486360149660514
News Articles,rising yes,2,11453,0.013486360149660514
News Articles,yes speak,2,15285,0.013486360149660514
News Articles,speak many,2,12623,0.013486360149660514
News Articles,many many,2,7750,0.013486360149660514
News Articles,many watchdog,2,7758,0.013486360149660514
News Articles,watchdog well,2,14578,0.013486360149660514
News Articles,well weather,2,14961,0.013486360149660514
News Articles,weather taking,2,14867,0.013486360149660514
News Articles,taking space,2,13497,0.013486360149660514
News Articles,weather flare,2,14715,0.013486360149660514
News Articles,storm measured,2,12910,0.013486360149660514
News Articles,measured weather,2,7880,0.013486360149660514
News Articles,weather leverage,2,14759,0.013486360149660514
News Articles,leverage asset,2,7272,0.013486360149660514
News Articles,asset example,2,900,0.013486360149660514
News Articles,example coronal,2,4421,0.013486360149660514
News Articles,associated headed,2,965,0.013486360149660514
News Articles,headed nowhere,2,5914,0.013486360149660514
News Articles,nowhere towards,2,8871,0.013486360149660514
News Articles,earth weve,2,3680,0.013486360149660514
News Articles,weve got,2,14991,0.013486360149660514
News Articles,got solar,2,5718,0.013486360149660514
News Articles,satellite whats,2,11602,0.013486360149660514
News Articles,whats happening,2,14994,0.013486360149660514
News Articles,happening use,2,5894,0.013486360149660514
News Articles,use forecast,2,14304,0.013486360149660514
News Articles,forecast coronal,2,5162,0.013486360149660514
News Articles,mass hit,2,7795,0.02697272029932103
News Articles,hit next,2,6030,0.013486360149660514
News Articles,next people,2,8726,0.013486360149660514
News Articles,people know,2,9493,0.013486360149660514
News Articles,know bit,2,7023,0.013486360149660514
News Articles,bit overhour,2,1405,0.013486360149660514
News Articles,overhour ago,2,9288,0.013486360149660514
News Articles,ago thank,2,473,0.013486360149660514
News Articles,thank taking,2,13636,0.013486360149660514
News Articles,taking thank,2,13498,0.013486360149660514
News Articles,flight thank,2,5033,0.013486360149660514
News Articles,thank space,2,13635,0.013486360149660514
News Articles,prediction thank,2,10117,0.013486360149660514
News Articles,welcome reserved,2,14915,0.013486360149660514
News Articles,reserved visit,2,11334,0.013486360149660514
News Articles,visit information,2,14539,0.013486360149660514
News Articles,information rush,2,6480,0.013486360149660514
News Articles,rush contractor,2,11526,0.013486360149660514
News Articles,contractor text,2,2397,0.013486360149660514
News Articles,text final,2,13633,0.013486360149660514
News Articles,final form,2,4857,0.013486360149660514
News Articles,form future,2,5262,0.013486360149660514
News Articles,future accuracy,2,5411,0.013486360149660514
News Articles,accuracy availability,2,51,0.013486360149660514
News Articles,availability vary,2,1128,0.013486360149660514
News Articles,vary authoritative,2,14470,0.013486360149660514
News Articles,authoritative audio,2,1111,0.013486360149660514
News Articles,audio record,2,1080,0.013486360149660514
News Articles,record photo,2,10927,0.013486360149660514
News Articles,photo solar,2,9664,0.013486360149660514
News Articles,observatory flare,2,8949,0.013486360149660514
News Articles,flare bright,2,4956,0.013486360149660514
News Articles,bright solar,2,1491,0.013486360149660514
News Articles,dynamic hide,2,3607,0.013486360149660514
News Articles,hide caption,2,5960,0.013486360149660514
News Articles,caption toggle,2,1576,0.013486360149660514
News Articles,toggle caption,2,13860,0.013486360149660514
News Articles,caption solar,2,1575,0.013486360149660514
News Articles,dynamic cape,2,3600,0.013486360149660514
News Articles,cape solar,2,1574,0.013486360149660514
News Articles,solar could,2,12292,0.02697272029932103
News Articles,could stress,2,2543,0.013486360149660514
News Articles,stress power,2,13018,0.013486360149660514
News Articles,power even,2,10043,0.013486360149660514
News Articles,even major,2,4293,0.013486360149660514
News Articles,administration geomagnetic,2,374,0.013486360149660514
News Articles,storm watch,2,12953,0.013486360149660514
News Articles,watch sun,2,14577,0.013486360149660514
News Articles,sun week,2,13244,0.013486360149660514
News Articles,week could,2,14896,0.02697272029932103
News Articles,could temporarily,2,2546,0.013486360149660514
News Articles,temporarily disrupt,2,13597,0.013486360149660514
News Articles,disrupt power,2,3465,0.013486360149660514
News Articles,power radio,2,10061,0.013486360149660514
News Articles,radio notified,2,10730,0.013486360149660514
News Articles,notified federal,2,8857,0.013486360149660514
News Articles,federal emergency,2,4656,0.02697272029932103
News Articles,emergency management,2,3946,0.04045908044898154
News Articles,management agency,2,7714,0.013486360149660514
News Articles,agency possible,2,461,0.013486360149660514
News Articles,possible power,2,9969,0.013486360149660514
News Articles,power organization,2,10057,0.013486360149660514
News Articles,organization devastating,2,9212,0.013486360149660514
News Articles,devastating hurricane,2,3266,0.013486360149660514
News Articles,hurricane across,2,6122,0.013486360149660514
News Articles,across toward,2,121,0.013486360149660514
News Articles,toward sponsor,2,13911,0.013486360149660514
News Articles,message expect,2,7940,0.013486360149660514
News Articles,expect latest,2,4476,0.013486360149660514
News Articles,latest solar,2,7137,0.013486360149660514
News Articles,solar wont,2,12408,0.013486360149660514
News Articles,wont know,2,15208,0.013486360149660514
News Articles,know sure,2,7035,0.013486360149660514
News Articles,sure million,2,13292,0.013486360149660514
News Articles,million million,2,7990,0.013486360149660514
News Articles,million away,2,7986,0.013486360149660514
News Articles,away huge,2,1190,0.013486360149660514
News Articles,solar power,2,12370,0.02697272029932103
News Articles,grid satellite,2,5803,0.013486360149660514
News Articles,satellite enough,2,11563,0.013486360149660514
News Articles,enough power,2,4090,0.013486360149660514
News Articles,power solar,2,10064,0.013486360149660514
News Articles,solar surge,2,12395,0.013486360149660514
News Articles,surge bigger,2,13312,0.013486360149660514
News Articles,bigger scientist,2,1397,0.013486360149660514
News Articles,scientist rob,2,11789,0.013486360149660514
News Articles,rob space,2,11469,0.013486360149660514
News Articles,center bit,2,1666,0.013486360149660514
News Articles,bit comfort,2,1404,0.013486360149660514
News Articles,comfort level,2,1971,0.013486360149660514
News Articles,level hereto,2,7265,0.013486360149660514
News Articles,hereto let,2,5954,0.013486360149660514
News Articles,let prepare,2,7260,0.013486360149660514
News Articles,prepare concerned,2,10145,0.013486360149660514
News Articles,concerned potential,2,2236,0.013486360149660514
News Articles,potential power,2,10014,0.013486360149660514
News Articles,power ago,2,10037,0.013486360149660514
News Articles,ago space,2,472,0.013486360149660514
News Articles,weather forecaster,2,14719,0.013486360149660514
News Articles,forecaster storm,2,5219,0.013486360149660514
News Articles,storm trigger,2,12949,0.013486360149660514
News Articles,trigger northern,2,14017,0.013486360149660514
News Articles,northern lower,2,8793,0.013486360149660514
News Articles,lower northern,2,7533,0.013486360149660514
News Articles,northern though,2,8799,0.013486360149660514
News Articles,though exact,2,13691,0.013486360149660514
News Articles,exact time,2,4405,0.013486360149660514
News Articles,time uncertain,2,13828,0.013486360149660514
News Articles,uncertain upward,2,14086,0.013486360149660514
News Articles,upward often,2,14289,0.013486360149660514
News Articles,often capture,2,9025,0.013486360149660514
News Articles,capture human,2,1581,0.013486360149660514
News Articles,storm produced,2,12929,0.013486360149660514
News Articles,produced across,2,10314,0.013486360149660514
News Articles,across northern,2,108,0.013486360149660514
News Articles,hemisphere major,2,5950,0.013486360149660514
News Articles,major current,2,7670,0.013486360149660514
News Articles,current year,2,2728,0.013486360149660514
News Articles,year cycle,2,15277,0.04045908044898154
News Articles,cycle sparking,2,2766,0.013486360149660514
News Articles,sparking recent,2,12597,0.013486360149660514
News Articles,recent solar,2,10892,0.013486360149660514
News Articles,flare since,2,5003,0.013486360149660514
News Articles,since spotted,2,12153,0.013486360149660514
News Articles,spotted electromagnetic,2,12732,0.013486360149660514
News Articles,electromagnetic radiation,2,3885,0.013486360149660514
News Articles,radiation travel,2,10694,0.013486360149660514
News Articles,travel reach,2,14002,0.013486360149660514
News Articles,reach eight,2,10829,0.013486360149660514
News Articles,eight disrupt,2,3816,0.013486360149660514
News Articles,radio northern,2,10729,0.013486360149660514
News Articles,northern could,2,8788,0.013486360149660514
News Articles,could see,2,2537,0.013486360149660514
News Articles,see northern,2,11862,0.02697272029932103
News Articles,northern geomagnetic,2,8789,0.013486360149660514
News Articles,geomagnetic cause,2,5500,0.013486360149660514
News Articles,cause northern,2,1635,0.013486360149660514
News Articles,northern phenomenon,2,8795,0.013486360149660514
News Articles,phenomenon coronal,2,9642,0.013486360149660514
News Articles,mass erupt,2,7790,0.013486360149660514
News Articles,erupt sun,2,4217,0.013486360149660514
News Articles,sun create,2,13173,0.013486360149660514
News Articles,create solar,2,2625,0.013486360149660514
News Articles,solar interact,2,12334,0.013486360149660514
News Articles,interact magnetic,2,6696,0.013486360149660514
News Articles,magnetic spew,2,7625,0.013486360149660514
News Articles,spew plasma,2,12683,0.013486360149660514
News Articles,field hit,2,4700,0.013486360149660514
News Articles,hit potential,2,6031,0.013486360149660514
News Articles,potential mass,2,10009,0.013486360149660514
News Articles,mass could,2,7784,0.013486360149660514
News Articles,could aurora,2,2505,0.013486360149660514
News Articles,aurora northern,2,1093,0.013486360149660514
News Articles,northern met,2,8794,0.013486360149660514
News Articles,met office,2,7944,0.013486360149660514
News Articles,office space,2,9019,0.013486360149660514
News Articles,weather manager,2,14769,0.013486360149660514
News Articles,manager second,2,7726,0.013486360149660514
News Articles,second associated,2,11802,0.013486360149660514
News Articles,flare enhanced,2,4967,0.013486360149660514
News Articles,enhanced auroral,2,4054,0.013486360149660514
News Articles,auroral south,2,1107,0.013486360149660514
News Articles,south across,2,12467,0.013486360149660514
News Articles,across central,2,89,0.013486360149660514
News Articles,central similar,2,1719,0.013486360149660514
News Articles,similar though,2,12112,0.013486360149660514
News Articles,though cloud,2,13689,0.013486360149660514
News Articles,cloud rain,2,1883,0.013486360149660514
News Articles,rain could,2,10757,0.013486360149660514
News Articles,could hamper,2,2523,0.013486360149660514
News Articles,hamper potential,2,5887,0.013486360149660514
News Articles,potential northern,2,10012,0.013486360149660514
News Articles,northern space,2,8798,0.013486360149660514
News Articles,prediction flare,2,10107,0.013486360149660514
News Articles,flare scale,2,4998,0.013486360149660514
News Articles,scale something,2,11663,0.013486360149660514
News Articles,something solar,2,12430,0.013486360149660514
News Articles,maximum year,2,7853,0.02697272029932103
News Articles,year sun,2,15283,0.013486360149660514
News Articles,sun active,2,13162,0.02697272029932103
News Articles,active phase,2,171,0.013486360149660514
News Articles,phase geomagnetic,2,9635,0.013486360149660514
News Articles,geomagnetic meaning,2,5530,0.013486360149660514
News Articles,meaning aurora,2,7859,0.013486360149660514
News Articles,aurora borealis,2,1084,0.013486360149660514
News Articles,borealis next,2,1437,0.013486360149660514
News Articles,next maximum,2,8721,0.013486360149660514
News Articles,maximum six,2,7846,0.013486360149660514
News Articles,six event,2,12184,0.013486360149660514
News Articles,event use,2,4364,0.013486360149660514
News Articles,use six,2,14322,0.013486360149660514
News Articles,six intensity,2,12187,0.013486360149660514
News Articles,intensity reach,2,6684,0.013486360149660514
News Articles,reach solar,2,10836,0.013486360149660514
News Articles,solar early,2,12305,0.013486360149660514
News Articles,early weather,2,3637,0.013486360149660514
News Articles,weather presenter,2,14814,0.013486360149660514
News Articles,presenter king,2,10176,0.013486360149660514
News Articles,king look,2,7020,0.013486360149660514
News Articles,look good,2,7480,0.013486360149660514
News Articles,people aurora,2,9489,0.013486360149660514
News Articles,aurora far,2,1087,0.013486360149660514
News Articles,far getting,2,4617,0.013486360149660514
News Articles,getting odd,2,5586,0.013486360149660514
News Articles,odd cloud,2,9009,0.013486360149660514
News Articles,cloud activity,2,1879,0.013486360149660514
News Articles,activity turn,2,294,0.013486360149660514
News Articles,turn clear,2,14037,0.013486360149660514
News Articles,clear night,2,1852,0.013486360149660514
News Articles,night towards,2,8742,0.013486360149660514
News Articles,towards central,2,13915,0.013486360149660514
News Articles,central south,2,1720,0.02697272029932103
News Articles,south hamper,2,12469,0.013486360149660514
News Articles,hamper night,2,5886,0.013486360149660514
News Articles,night despite,2,8740,0.013486360149660514
News Articles,despite evening,2,3240,0.013486360149660514
News Articles,evening starting,2,4306,0.013486360149660514
News Articles,starting reserved,2,12775,0.013486360149660514
News Articles,reserved responsible,2,11329,0.013486360149660514
News Articles,responsible read,2,11392,0.013486360149660514
News Articles,read linking,2,10850,0.013486360149660514
News Articles,linking somnolence,2,7429,0.013486360149660514
News Articles,somnolence time,2,12437,0.013486360149660514
News Articles,time fully,2,13781,0.013486360149660514
News Articles,fully goddard,2,5370,0.013486360149660514
News Articles,flight solar,2,5031,0.013486360149660514
News Articles,activity enhanced,2,211,0.02697272029932103
News Articles,enhanced forecasting,2,4060,0.02697272029932103
News Articles,capability space,2,1568,0.02697272029932103
News Articles,weather laboratory,2,14755,0.04045908044898154
News Articles,laboratory recently,2,7069,0.013486360149660514
News Articles,recently received,2,10909,0.013486360149660514
News Articles,received support,2,10881,0.013486360149660514
News Articles,technology program,2,13568,0.013486360149660514
News Articles,program ensemble,2,10361,0.013486360149660514
News Articles,ensemble technique,2,4108,0.013486360149660514
News Articles,technique already,2,13543,0.013486360149660514
News Articles,already potential,2,545,0.013486360149660514
News Articles,potential severe,2,10018,0.013486360149660514
News Articles,severe weather,2,11989,0.013486360149660514
News Articles,case goddard,2,1608,0.013486360149660514
News Articles,goddard multiple,2,5700,0.013486360149660514
News Articles,multiple possible,2,8339,0.013486360149660514
News Articles,possible quickly,2,9971,0.013486360149660514
News Articles,quickly use,2,10592,0.013486360149660514
News Articles,could space,2,2541,0.013486360149660514
News Articles,available better,2,1131,0.013486360149660514
News Articles,better space,2,1363,0.013486360149660514
News Articles,laboratory ensemble,2,7061,0.013486360149660514
News Articles,ensemble forecasting,2,4099,0.04045908044898154
News Articles,forecasting time,2,5254,0.013486360149660514
News Articles,time improve,2,13787,0.013486360149660514
News Articles,improve navigation,2,6243,0.013486360149660514
News Articles,navigation generation,2,8407,0.013486360149660514
News Articles,generation weather,2,5486,0.013486360149660514
News Articles,like done,2,7309,0.013486360149660514
News Articles,done ensemble,2,3537,0.013486360149660514
News Articles,forecasting space,2,5249,0.04045908044898154
News Articles,capability come,2,1553,0.013486360149660514
News Articles,come soon,2,1968,0.013486360149660514
News Articles,soon either,2,12438,0.013486360149660514
News Articles,either sun,2,3832,0.013486360149660514
News Articles,sun growing,2,13197,0.013486360149660514
News Articles,growing sun,2,5855,0.013486360149660514
News Articles,period sun,2,9582,0.013486360149660514
News Articles,flare sunspot,2,5009,0.013486360149660514
News Articles,sunspot although,2,13251,0.013486360149660514
News Articles,although always,2,555,0.013486360149660514
News Articles,always produce,2,580,0.013486360149660514
News Articles,mass gigantic,2,7793,0.013486360149660514
News Articles,gigantic billion,2,5588,0.013486360149660514
News Articles,billion million,2,1402,0.013486360149660514
News Articles,million per,2,7991,0.013486360149660514
News Articles,per erupt,2,9500,0.013486360149660514
News Articles,erupt atmosphere,2,4216,0.013486360149660514
News Articles,atmosphere stream,2,1044,0.013486360149660514
News Articles,stream interplanetary,2,12993,0.013486360149660514
News Articles,interplanetary space,2,6780,0.013486360149660514
News Articles,space previous,2,12556,0.013486360149660514
News Articles,previous combined,2,10191,0.013486360149660514
News Articles,combined threat,2,1953,0.013486360149660514
News Articles,threat luckily,2,13698,0.013486360149660514
News Articles,luckily produced,2,7540,0.013486360149660514
News Articles,produced geomagnetic,2,10324,0.013486360149660514
News Articles,solar field,2,12315,0.013486360149660514
News Articles,field toward,2,4768,0.013486360149660514
News Articles,toward atmosphere,2,13903,0.013486360149660514
News Articles,atmosphere chief,2,1012,0.013486360149660514
News Articles,chief however,2,1821,0.013486360149660514
News Articles,however year,2,6106,0.013486360149660514
News Articles,time powerful,2,13809,0.013486360149660514
News Articles,powerful often,2,10073,0.013486360149660514
News Articles,often associated,2,9023,0.013486360149660514
News Articles,flare become,2,4954,0.013486360149660514
News Articles,become numerous,2,1270,0.013486360149660514
News Articles,numerous affect,2,8889,0.013486360149660514
News Articles,affect past,2,426,0.013486360149660514
News Articles,power protective,2,10059,0.013486360149660514
News Articles,protective exactly,2,10438,0.013486360149660514
News Articles,exactly sun,2,4410,0.013486360149660514
News Articles,even week,2,4302,0.013486360149660514
News Articles,week let,2,14900,0.013486360149660514
News Articles,let sun,2,7261,0.013486360149660514
News Articles,active given,2,159,0.013486360149660514
News Articles,given another,2,5596,0.013486360149660514
News Articles,another chief,2,691,0.013486360149660514
News Articles,chief forecaster,2,1820,0.013486360149660514
News Articles,forecaster forecasting,2,5217,0.013486360149660514
News Articles,forecasting acumen,2,5220,0.013486360149660514
News Articles,acumen space,2,314,0.013486360149660514
News Articles,radiation remains,2,10682,0.013486360149660514
News Articles,remains established,2,11117,0.013486360149660514
News Articles,established safety,2,4268,0.013486360149660514
News Articles,safety advanced,2,11533,0.013486360149660514
News Articles,advanced solar,2,398,0.013486360149660514
News Articles,solar proton,2,12373,0.013486360149660514
News Articles,proton forecasting,2,10453,0.013486360149660514
News Articles,forecasting enhanced,2,5233,0.013486360149660514
News Articles,enhanced alert,2,4053,0.013486360149660514
News Articles,alert currently,2,500,0.013486360149660514
News Articles,currently model,2,2737,0.013486360149660514
News Articles,model calculating,2,8110,0.013486360149660514
News Articles,calculating time,2,1536,0.013486360149660514
News Articles,time derived,2,13772,0.013486360149660514
News Articles,derived near,2,3214,0.013486360149660514
News Articles,near data,2,8423,0.013486360149660514
News Articles,observatory solar,2,8959,0.02697272029932103
News Articles,terrestrial observatory,2,13616,0.013486360149660514
News Articles,observatory among,2,8940,0.013486360149660514
News Articles,among since,2,602,0.013486360149660514
News Articles,since scientific,2,12151,0.013486360149660514
News Articles,research continuous,2,11236,0.013486360149660514
News Articles,continuous data,2,2386,0.013486360149660514
News Articles,data stream,2,3007,0.013486360149660514
News Articles,stream furthermore,2,12990,0.013486360149660514
News Articles,furthermore data,2,5387,0.013486360149660514
News Articles,data grow,2,2880,0.013486360149660514
News Articles,grow time,2,5852,0.013486360149660514
News Articles,time agree,2,13756,0.013486360149660514
News Articles,agree air,2,475,0.013486360149660514
News Articles,force use,2,5144,0.013486360149660514
News Articles,use whether,2,14329,0.013486360149660514
News Articles,space asset,2,12498,0.02697272029932103
News Articles,asset storm,2,911,0.013486360149660514
News Articles,storm ensemble,2,12885,0.013486360149660514
News Articles,forecasting however,2,5238,0.013486360149660514
News Articles,however generating,2,6077,0.013486360149660514
News Articles,generating different,2,5481,0.013486360149660514
News Articles,different speed,2,3334,0.013486360149660514
News Articles,speed propagation,2,12676,0.013486360149660514
News Articles,propagation direction,2,10409,0.013486360149660514
News Articles,direction angular,2,3369,0.013486360149660514
News Articles,angular extent,2,682,0.013486360149660514
News Articles,extent multiple,2,4531,0.013486360149660514
News Articles,multiple provide,2,8341,0.013486360149660514
News Articles,provide different,2,10475,0.013486360149660514
News Articles,evolve next,2,4398,0.013486360149660514
News Articles,next forecast,2,8717,0.013486360149660514
News Articles,forecast team,2,5209,0.013486360149660514
News Articles,team already,2,13524,0.013486360149660514
News Articles,already new,2,544,0.013486360149660514
News Articles,new computer,2,8627,0.013486360149660514
News Articles,computer specialized,2,2222,0.013486360149660514
News Articles,specialized huge,2,12627,0.013486360149660514
News Articles,huge current,2,6108,0.013486360149660514
News Articles,current capability,2,2681,0.013486360149660514
News Articles,capability solar,2,1566,0.013486360149660514
News Articles,maximum capability,2,7838,0.013486360149660514
News Articles,capability really,2,1564,0.013486360149660514
News Articles,really pushing,2,10871,0.013486360149660514
News Articles,pushing forecasting,2,10557,0.013486360149660514
News Articles,laboratory capability,2,7060,0.013486360149660514
News Articles,center issuing,2,1682,0.013486360149660514
News Articles,issuing national,2,6924,0.013486360149660514
News Articles,weather track,2,14875,0.013486360149660514
News Articles,track space,2,13926,0.013486360149660514
News Articles,capability project,2,1563,0.013486360149660514
News Articles,project atmosphere,2,10390,0.013486360149660514
News Articles,atmosphere day,2,1014,0.013486360149660514
News Articles,later failure,2,7129,0.013486360149660514
News Articles,failure storm,2,4594,0.013486360149660514
News Articles,storm sun,2,12944,0.013486360149660514
News Articles,geomagnetic occur,2,5536,0.013486360149660514
News Articles,occur space,2,9000,0.013486360149660514
News Articles,weather earth,2,14689,0.013486360149660514
News Articles,space sun,2,12576,0.013486360149660514
News Articles,sun blast,2,13170,0.013486360149660514
News Articles,blast space,2,1419,0.013486360149660514
News Articles,weather asset,2,14643,0.02697272029932103
News Articles,asset improve,2,903,0.013486360149660514
News Articles,weather many,2,14770,0.013486360149660514
News Articles,many complicated,2,7739,0.013486360149660514
News Articles,complicated understand,2,2172,0.013486360149660514
News Articles,understand defend,2,14116,0.013486360149660514
News Articles,defend sun,2,3126,0.013486360149660514
News Articles,sun occasionally,2,13216,0.013486360149660514
News Articles,occasionally huge,2,8986,0.013486360149660514
News Articles,huge space,2,6110,0.013486360149660514
News Articles,space active,2,12493,0.013486360149660514
News Articles,active like,2,163,0.013486360149660514
News Articles,field sometimes,2,4752,0.013486360149660514
News Articles,sometimes sun,2,12434,0.013486360149660514
News Articles,sun hurl,2,13202,0.013486360149660514
News Articles,hurl unusually,2,6121,0.013486360149660514
News Articles,unusually strong,2,14267,0.013486360149660514
News Articles,strong particular,2,13031,0.013486360149660514
News Articles,particular enhanced,2,9415,0.013486360149660514
News Articles,wind hit,2,15096,0.013486360149660514
News Articles,hit storm,2,6032,0.013486360149660514
News Articles,storm common,2,12873,0.013486360149660514
News Articles,common coronal,2,2031,0.013486360149660514
News Articles,mass sun,2,7817,0.013486360149660514
News Articles,wind coronal,2,15063,0.013486360149660514
News Articles,coronal outer,2,2462,0.013486360149660514
News Articles,outer atmosphere,2,9244,0.02697272029932103
News Articles,atmosphere wind,2,1048,0.013486360149660514
News Articles,wind important,2,15098,0.013486360149660514
News Articles,factor faster,2,4578,0.013486360149660514
News Articles,faster speed,2,4642,0.013486360149660514
News Articles,storm normally,2,12915,0.013486360149660514
News Articles,normally solar,2,8775,0.013486360149660514
News Articles,million strong,2,7994,0.013486360149660514
News Articles,strong solar,2,13036,0.013486360149660514
News Articles,solar release,2,12378,0.013486360149660514
News Articles,release five,2,11072,0.013486360149660514
News Articles,five geomagnetic,2,4939,0.013486360149660514
News Articles,geomagnetic coronal,2,5503,0.013486360149660514
News Articles,hit earth,2,6029,0.02697272029932103
News Articles,earth electrical,2,3649,0.013486360149660514
News Articles,electrical extreme,2,3862,0.013486360149660514
News Articles,extreme actually,2,4544,0.013486360149660514
News Articles,actually set,2,311,0.013486360149660514
News Articles,set telegraph,2,11956,0.013486360149660514
News Articles,telegraph research,2,13575,0.013486360149660514
News Articles,research geomagnetic,2,11259,0.013486360149660514
News Articles,geomagnetic magnitude,2,5529,0.013486360149660514
News Articles,magnitude hit,2,7652,0.013486360149660514
News Articles,earth cause,2,3641,0.02697272029932103
News Articles,cause roughly,2,1638,0.013486360149660514
News Articles,roughly magnetic,2,11511,0.013486360149660514
News Articles,magnetic shield,2,7620,0.013486360149660514
News Articles,shield sun,2,12012,0.013486360149660514
News Articles,wind life,2,15109,0.013486360149660514
News Articles,life form,2,7280,0.013486360149660514
News Articles,form unlucky,2,5266,0.013486360149660514
News Articles,unlucky directly,2,14232,0.013486360149660514
News Articles,directly thankfully,2,3383,0.013486360149660514
News Articles,thankfully magnetic,2,13638,0.013486360149660514
News Articles,field humanity,2,4702,0.013486360149660514
News Articles,humanity first,2,6120,0.013486360149660514
News Articles,first thing,2,4926,0.013486360149660514
News Articles,thing solar,2,13682,0.013486360149660514
News Articles,wind region,2,15153,0.013486360149660514
News Articles,region surrounding,2,11036,0.013486360149660514
News Articles,surrounding plasma,2,13317,0.013486360149660514
News Articles,plasma strong,2,9819,0.013486360149660514
News Articles,strong magnetic,2,13029,0.013486360149660514
News Articles,mass energy,2,7789,0.013486360149660514
News Articles,energy momentum,2,4019,0.013486360149660514
News Articles,momentum layer,2,8245,0.013486360149660514
News Articles,layer absorb,2,7178,0.013486360149660514
News Articles,absorb energy,2,11,0.013486360149660514
News Articles,energy everyday,2,4009,0.013486360149660514
News Articles,everyday wind,2,4383,0.013486360149660514
News Articles,wind strong,2,15175,0.013486360149660514
News Articles,strong get,2,13027,0.013486360149660514
News Articles,get transfer,2,5579,0.013486360149660514
News Articles,transfer excess,2,13960,0.013486360149660514
News Articles,excess upper,2,4454,0.013486360149660514
News Articles,atmosphere near,2,1032,0.013486360149660514
News Articles,near aurora,2,8418,0.013486360149660514
News Articles,aurora upper,2,1095,0.013486360149660514
News Articles,atmosphere harm,2,1022,0.013486360149660514
News Articles,harm space,2,5900,0.013486360149660514
News Articles,space different,2,12510,0.013486360149660514
News Articles,way geomagnetic,2,14594,0.013486360149660514
News Articles,geomagnetic threaten,2,5553,0.013486360149660514
News Articles,threaten serve,2,13699,0.013486360149660514
News Articles,serve ground,2,11918,0.013486360149660514
News Articles,ground daily,2,5814,0.013486360149660514
News Articles,daily atmosphere,2,2769,0.013486360149660514
News Articles,atmosphere energy,2,1017,0.013486360149660514
News Articles,energy magnetic,2,4015,0.013486360149660514
News Articles,magnetic upward,2,7635,0.013486360149660514
News Articles,upward expansion,2,14288,0.013486360149660514
News Articles,expansion significantly,2,4475,0.013486360149660514
News Articles,significantly atmosphere,2,12105,0.013486360149660514
News Articles,atmosphere earth,2,1015,0.013486360149660514
News Articles,earth higher,2,3656,0.013486360149660514
News Articles,higher density,2,6007,0.013486360149660514
News Articles,density drag,2,3188,0.013486360149660514
News Articles,drag problem,2,3561,0.013486360149660514
News Articles,problem geomagnetic,2,10271,0.013486360149660514
News Articles,storm via,2,12952,0.013486360149660514
News Articles,via orbit,2,14511,0.013486360149660514
News Articles,orbit typically,2,9199,0.013486360149660514
News Articles,typically somewhere,2,14067,0.013486360149660514
News Articles,somewhere surface,2,12436,0.013486360149660514
News Articles,surface use,2,13310,0.013486360149660514
News Articles,use overcome,2,14316,0.013486360149660514
News Articles,overcome raise,2,9284,0.013486360149660514
News Articles,raise final,2,10759,0.013486360149660514
News Articles,final latest,2,4858,0.013486360149660514
News Articles,latest storm,2,7139,0.013486360149660514
News Articles,storm orbit,2,12920,0.013486360149660514
News Articles,orbit could,2,9152,0.013486360149660514
News Articles,could overcome,2,2533,0.013486360149660514
News Articles,overcome significantly,2,9285,0.013486360149660514
News Articles,significantly drag,2,12106,0.013486360149660514
News Articles,drag slowly,2,3564,0.013486360149660514
News Articles,slowly falling,2,12222,0.013486360149660514
News Articles,falling toward,2,4614,0.013486360149660514
News Articles,earth eventually,2,3651,0.013486360149660514
News Articles,eventually atmosphere,2,4369,0.013486360149660514
News Articles,atmosphere hazard,2,1024,0.013486360149660514
News Articles,hazard space,2,5910,0.013486360149660514
News Articles,asset significant,2,909,0.013486360149660514
News Articles,significant strong,2,12102,0.013486360149660514
News Articles,strong geomagnetic,2,13026,0.013486360149660514
News Articles,geomagnetic penetrate,2,5538,0.013486360149660514
News Articles,accumulate electronics,2,49,0.013486360149660514
News Articles,electronics lightning,2,3924,0.013486360149660514
News Articles,lightning strike,2,7306,0.013486360149660514
News Articles,strike damage,2,13020,0.013486360149660514
News Articles,electronics penetrating,2,3925,0.013486360149660514
News Articles,penetrating even,2,9482,0.013486360149660514
News Articles,even mild,2,4294,0.013486360149660514
News Articles,mild geomagnetic,2,7981,0.013486360149660514
News Articles,geomagnetic alter,2,5499,0.013486360149660514
News Articles,alter output,2,550,0.013486360149660514
News Articles,output signal,2,9266,0.013486360149660514
News Articles,signal electronic,2,12065,0.013486360149660514
News Articles,electronic phenomenon,2,3919,0.013486360149660514
News Articles,phenomenon cause,2,9640,0.013486360149660514
News Articles,cause electronics,2,1625,0.013486360149660514
News Articles,electronics system,2,3928,0.013486360149660514
News Articles,system error,2,13409,0.013486360149660514
News Articles,error critical,2,4211,0.013486360149660514
News Articles,critical entire,2,2630,0.013486360149660514
News Articles,entire satellite,2,4129,0.013486360149660514
News Articles,satellite fail,2,11567,0.013486360149660514
News Articles,fail small,2,4585,0.013486360149660514
News Articles,small common,2,12233,0.013486360149660514
News Articles,common usually,2,2040,0.013486360149660514
News Articles,usually fixable,2,14365,0.013486360149660514
News Articles,fixable total,2,4944,0.013486360149660514
News Articles,total though,2,13900,0.013486360149660514
News Articles,though finally,2,13692,0.013486360149660514
News Articles,finally geomagnetic,2,4870,0.013486360149660514
News Articles,geomagnetic disrupt,2,5505,0.013486360149660514
News Articles,disrupt earth,2,3463,0.013486360149660514
News Articles,radio many,2,10725,0.013486360149660514
News Articles,many like,2,7748,0.013486360149660514
News Articles,like example,2,7310,0.013486360149660514
News Articles,example atmosphere,2,4414,0.013486360149660514
News Articles,atmosphere always,2,1008,0.013486360149660514
News Articles,always radio,2,581,0.013486360149660514
News Articles,radio amount,2,10698,0.013486360149660514
News Articles,amount correct,2,607,0.013486360149660514
News Articles,correct distortion,2,2478,0.013486360149660514
News Articles,distortion building,2,3472,0.013486360149660514
News Articles,building communication,2,1509,0.013486360149660514
News Articles,communication geomagnetic,2,2049,0.013486360149660514
News Articles,geomagnetic ionosphere,2,5523,0.013486360149660514
News Articles,ionosphere roughly,2,6859,0.013486360149660514
News Articles,roughly altitude,2,11507,0.013486360149660514
News Articles,altitude range,2,577,0.013486360149660514
News Articles,range change,2,10766,0.013486360149660514
News Articles,radio travel,2,10749,0.013486360149660514
News Articles,travel atmosphere,2,13999,0.013486360149660514
News Articles,atmosphere become,2,1009,0.013486360149660514
News Articles,become wrong,2,1272,0.013486360149660514
News Articles,wrong geomagnetic,2,15273,0.013486360149660514
News Articles,geomagnetic example,2,5511,0.013486360149660514
News Articles,example onto,2,4435,0.013486360149660514
News Articles,onto throw,2,9059,0.013486360149660514
News Articles,throw many,2,13728,0.013486360149660514
News Articles,many aviation,2,7737,0.013486360149660514
News Articles,aviation maritime,2,1164,0.013486360149660514
News Articles,maritime transportation,2,7771,0.013486360149660514
News Articles,transportation farming,2,13996,0.013486360149660514
News Articles,farming military,2,4625,0.013486360149660514
News Articles,military simply,2,7985,0.013486360149660514
News Articles,simply tenable,2,12125,0.013486360149660514
News Articles,tenable autonomous,2,13603,0.013486360149660514
News Articles,autonomous driving,2,1117,0.013486360149660514
News Articles,driving require,2,3587,0.013486360149660514
News Articles,require accurate,2,11170,0.013486360149660514
News Articles,weather critically,2,14674,0.013486360149660514
News Articles,critically important,2,2644,0.013486360149660514
News Articles,important modern,2,6221,0.013486360149660514
News Articles,modern protecting,2,8237,0.013486360149660514
News Articles,protecting space,2,10436,0.013486360149660514
News Articles,asset space,2,910,0.013486360149660514
News Articles,space important,2,12531,0.013486360149660514
News Articles,important electronics,2,6207,0.013486360149660514
News Articles,shielding powerful,2,12014,0.013486360149660514
News Articles,powerful geomagnetic,2,10070,0.013486360149660514
News Articles,forecast safeguard,2,5199,0.013486360149660514
News Articles,safeguard certain,2,11532,0.013486360149660514
News Articles,certain sensitive,2,1727,0.013486360149660514
News Articles,sensitive better,2,11892,0.013486360149660514
News Articles,better modeling,2,1357,0.013486360149660514
News Articles,modeling significantly,2,8199,0.013486360149660514
News Articles,significantly past,2,12108,0.013486360149660514
News Articles,past often,2,9456,0.013486360149660514
News Articles,often wrong,2,9039,0.013486360149660514
News Articles,wrong national,2,15274,0.013486360149660514
News Articles,administration mass,2,377,0.013486360149660514
News Articles,mass storm,2,7816,0.013486360149660514
News Articles,storm day,2,12877,0.013486360149660514
News Articles,launch mission,2,7161,0.013486360149660514
News Articles,mission went,2,8082,0.013486360149660514
News Articles,went ahead,2,14966,0.013486360149660514
News Articles,ahead anyway,2,482,0.013486360149660514
News Articles,anyway often,2,716,0.013486360149660514
News Articles,often essential,2,9029,0.013486360149660514
News Articles,essential disposition,2,4252,0.013486360149660514
News Articles,disposition make,2,3462,0.013486360149660514
News Articles,make assistant,2,7689,0.013486360149660514
News Articles,assistant engineering,2,941,0.013486360149660514
News Articles,engineering west,2,4050,0.013486360149660514
News Articles,west university,2,14983,0.013486360149660514
News Articles,university conversation,2,14211,0.013486360149660514
News Articles,conversation common,2,2413,0.013486360149660514
News Articles,common license,2,2035,0.013486360149660514
News Articles,license read,2,7277,0.013486360149660514
News Articles,read original,2,10851,0.013486360149660514
News Articles,original article,2,9228,0.013486360149660514
News Articles,article study,2,878,0.013486360149660514
News Articles,study extreme,2,13063,0.013486360149660514
News Articles,extreme solar,2,4550,0.013486360149660514
News Articles,could severe,2,2538,0.013486360149660514
News Articles,severe power,2,11986,0.013486360149660514
News Articles,power national,2,10054,0.013486360149660514
News Articles,national study,2,8388,0.013486360149660514
News Articles,study resulting,2,13068,0.013486360149660514
News Articles,resulting report,2,11404,0.013486360149660514
News Articles,report first,2,11147,0.013486360149660514
News Articles,clear economic,2,1846,0.013486360149660514
News Articles,economic data,2,3697,0.013486360149660514
News Articles,data effectively,2,2855,0.013486360149660514
News Articles,effectively sun,2,3797,0.013486360149660514
News Articles,sun environment,2,13179,0.013486360149660514
News Articles,rare natural,2,10809,0.013486360149660514
News Articles,natural frequency,2,8394,0.013486360149660514
News Articles,frequency high,2,5335,0.013486360149660514
News Articles,high obviously,2,5981,0.013486360149660514
News Articles,obviously life,2,8982,0.013486360149660514
News Articles,life blood,2,7278,0.013486360149660514
News Articles,blood fisher,2,1421,0.013486360149660514
News Articles,fisher possible,2,4930,0.013486360149660514
News Articles,possible public,2,9970,0.013486360149660514
News Articles,public safety,2,10541,0.013486360149660514
News Articles,safety vital,2,11536,0.013486360149660514
News Articles,vital understand,2,14542,0.013486360149660514
News Articles,understand extreme,2,14118,0.013486360149660514
News Articles,activity besides,2,199,0.013486360149660514
News Articles,besides solar,2,1334,0.013486360149660514
News Articles,sun periodically,2,13221,0.013486360149660514
News Articles,periodically coronal,2,9595,0.013486360149660514
News Articles,mass immense,2,7796,0.013486360149660514
News Articles,immense directed,2,6168,0.013486360149660514
News Articles,directed toward,2,3367,0.013486360149660514
News Articles,cause large,2,1630,0.013486360149660514
News Articles,atmosphere space,2,1042,0.02697272029932103
News Articles,weather affect,2,14636,0.013486360149660514
News Articles,affect performance,2,427,0.013486360149660514
News Articles,produce solar,2,10311,0.013486360149660514
News Articles,storm electromagnetic,2,12882,0.013486360149660514
News Articles,electromagnetic induce,2,3882,0.013486360149660514
News Articles,induce extreme,2,6384,0.013486360149660514
News Articles,extreme power,2,4547,0.013486360149660514
News Articles,power causing,2,10040,0.013486360149660514
News Articles,causing widespread,2,1649,0.013486360149660514
News Articles,widespread affecting,2,15039,0.013486360149660514
News Articles,communication support,2,2058,0.013486360149660514
News Articles,support severe,2,13281,0.013486360149660514
News Articles,energetic radiation,2,3999,0.013486360149660514
News Articles,radiation damage,2,10653,0.013486360149660514
News Articles,damage used,2,2780,0.013486360149660514
News Articles,used commercial,2,14331,0.013486360149660514
News Articles,commercial global,2,1999,0.013486360149660514
News Articles,global weather,2,5675,0.013486360149660514
News Articles,new technology,2,8697,0.013486360149660514
News Articles,technology since,2,13572,0.013486360149660514
News Articles,since government,2,12143,0.013486360149660514
News Articles,government ground,2,5725,0.013486360149660514
News Articles,ground raising,2,5828,0.013486360149660514
News Articles,raising public,2,10764,0.013486360149660514
News Articles,public awareness,2,10534,0.013486360149660514
News Articles,awareness improving,2,1184,0.013486360149660514
News Articles,improving vulnerable,2,6263,0.013486360149660514
News Articles,vulnerable infrastructure,2,14550,0.013486360149660514
News Articles,infrastructure advanced,2,6496,0.013486360149660514
News Articles,advanced forecasting,2,395,0.013486360149660514
News Articles,forecasting without,2,5257,0.013486360149660514
News Articles,without preventive,2,15205,0.013486360149660514
News Articles,preventive sensitive,2,10190,0.013486360149660514
News Articles,sensitive asset,2,11891,0.013486360149660514
News Articles,asset could,2,897,0.013486360149660514
News Articles,could make,2,2532,0.013486360149660514
News Articles,make society,2,7694,0.013486360149660514
News Articles,society future,2,12264,0.013486360149660514
News Articles,future potential,2,5427,0.013486360149660514
News Articles,potential damage,2,9996,0.013486360149660514
News Articles,damage significant,2,2779,0.013486360149660514
News Articles,next national,2,8722,0.013486360149660514
News Articles,international industry,2,6765,0.013486360149660514
News Articles,government study,2,5735,0.013486360149660514
News Articles,study report,2,13067,0.013486360149660514
News Articles,report space,2,11153,0.013486360149660514
News Articles,event societal,2,4351,0.013486360149660514
News Articles,societal effect,2,12258,0.013486360149660514
News Articles,effect damage,2,3729,0.013486360149660514
News Articles,damage policy,2,2778,0.013486360149660514
News Articles,policy quite,2,9902,0.013486360149660514
News Articles,quite significant,2,10630,0.013486360149660514
News Articles,significant begun,2,12077,0.013486360149660514
News Articles,begun extremely,2,1292,0.013486360149660514
News Articles,extremely quantitative,2,4555,0.013486360149660514
News Articles,quantitative way,2,10577,0.013486360149660514
News Articles,way baker,2,14590,0.013486360149660514
News Articles,baker professor,2,1235,0.013486360149660514
News Articles,professor laboratory,2,10351,0.013486360149660514
News Articles,laboratory atmospheric,2,7059,0.013486360149660514
News Articles,technological delighted,2,13548,0.013486360149660514
News Articles,delighted support,2,3156,0.013486360149660514
News Articles,support together,2,13285,0.013486360149660514
News Articles,together industry,2,13855,0.013486360149660514
News Articles,industry begin,2,6399,0.013486360149660514
News Articles,begin public,2,1282,0.013486360149660514
News Articles,public policy,2,10540,0.013486360149660514
News Articles,policy near,2,9900,0.013486360149660514
News Articles,near year,2,8450,0.013486360149660514
News Articles,year activity,2,15276,0.013486360149660514
News Articles,solar intensity,2,12333,0.013486360149660514
News Articles,intensity toward,2,6687,0.013486360149660514
News Articles,toward next,2,13907,0.013486360149660514
News Articles,around unusual,2,857,0.013486360149660514
News Articles,unusual activity,2,14264,0.013486360149660514
News Articles,could disrupt,2,2519,0.013486360149660514
News Articles,disrupt important,2,3464,0.013486360149660514
News Articles,important society,2,6226,0.013486360149660514
News Articles,society first,2,12263,0.013486360149660514
News Articles,first severe,2,4922,0.013486360149660514
News Articles,severe geomagnetic,2,11985,0.013486360149660514
News Articles,storm least,2,12903,0.013486360149660514
News Articles,least five,2,7228,0.013486360149660514
News Articles,five coronal,2,4937,0.013486360149660514
News Articles,mass time,2,7818,0.013486360149660514
News Articles,time earth,2,13774,0.013486360149660514
News Articles,earth geomagnetic,2,3655,0.013486360149660514
News Articles,geomagnetic classification,2,5501,0.013486360149660514
News Articles,classification activity,2,1841,0.013486360149660514
News Articles,magnetic last,2,7603,0.013486360149660514
News Articles,last weekend,2,7116,0.013486360149660514
News Articles,weekend national,2,14909,0.013486360149660514
News Articles,administration evening,2,371,0.013486360149660514
News Articles,evening marking,2,4305,0.013486360149660514
News Articles,marking first,2,7776,0.013486360149660514
News Articles,event since,2,4350,0.013486360149660514
News Articles,weather storm,2,14859,0.02697272029932103
News Articles,storm could,2,12876,0.04045908044898154
News Articles,could trigger,2,2547,0.013486360149660514
News Articles,trigger numerous,2,14018,0.013486360149660514
News Articles,numerous effect,2,8891,0.013486360149660514
News Articles,effect possibly,2,3760,0.013486360149660514
News Articles,possibly affecting,2,9983,0.013486360149660514
News Articles,affecting power,2,440,0.013486360149660514
News Articles,power high,2,10047,0.013486360149660514
News Articles,radio technology,2,10747,0.013486360149660514
News Articles,technology solar,2,13573,0.013486360149660514
News Articles,activity talking,2,289,0.013486360149660514
News Articles,talking sun,2,13508,0.013486360149660514
News Articles,space eventually,2,12519,0.013486360149660514
News Articles,eventually radiation,2,4375,0.013486360149660514
News Articles,radiation magnetic,2,10665,0.013486360149660514
News Articles,magnetic sphere,2,7626,0.013486360149660514
News Articles,sphere surrounding,2,12689,0.013486360149660514
News Articles,surrounding upper,2,13319,0.013486360149660514
News Articles,upper directly,2,14283,0.013486360149660514
News Articles,directly affect,2,3377,0.02697272029932103
News Articles,affect knocking,2,424,0.013486360149660514
News Articles,knocking ionosphere,2,7021,0.013486360149660514
News Articles,ionosphere radio,2,6853,0.02697272029932103
News Articles,radio prevent,2,10734,0.013486360149660514
News Articles,prevent radio,2,10189,0.013486360149660514
News Articles,radio successfully,2,10745,0.013486360149660514
News Articles,successfully bouncing,2,13099,0.013486360149660514
News Articles,bouncing ionosphere,2,1447,0.013486360149660514
News Articles,radio increase,2,10720,0.013486360149660514
News Articles,increase penetrating,2,6339,0.013486360149660514
News Articles,penetrating ionosphere,2,9483,0.013486360149660514
News Articles,disturbance could,2,3489,0.013486360149660514
News Articles,could affect,2,2501,0.013486360149660514
News Articles,critical technology,2,2642,0.013486360149660514
News Articles,technology agriculture,2,13558,0.013486360149660514
News Articles,agriculture oil,2,481,0.013486360149660514
News Articles,oil gas,2,9040,0.013486360149660514
News Articles,gas affect,2,5459,0.013486360149660514
News Articles,radio aircraft,2,10697,0.013486360149660514
News Articles,aircraft emergency,2,493,0.013486360149660514
News Articles,management military,2,7720,0.013486360149660514
News Articles,military even,2,7984,0.013486360149660514
News Articles,even ham,2,4288,0.013486360149660514
News Articles,ham radio,2,5885,0.013486360149660514
News Articles,radio high,2,10718,0.02697272029932103
News Articles,radio impact,2,10719,0.013486360149660514
News Articles,impact orbit,2,6180,0.013486360149660514
News Articles,orbit surface,2,9195,0.013486360149660514
News Articles,surface potentially,2,13306,0.013486360149660514
News Articles,potentially electric,2,10029,0.013486360149660514
News Articles,grid navigation,2,5798,0.04045908044898154
News Articles,navigation radio,2,8410,0.02697272029932103
News Articles,radio satellite,2,10740,0.02697272029932103
News Articles,center release,2,1697,0.013486360149660514
News Articles,release notified,2,11075,0.013486360149660514
News Articles,notified take,2,8859,0.013486360149660514
News Articles,take protective,2,13491,0.013486360149660514
News Articles,protective wireless,2,10442,0.013486360149660514
News Articles,wireless radio,2,15195,0.013486360149660514
News Articles,frequency bandit,2,5332,0.013486360149660514
News Articles,bandit unlikely,2,1243,0.013486360149660514
News Articles,unlikely storm,2,14231,0.013486360149660514
News Articles,storm directly,2,12878,0.013486360149660514
News Articles,affect cellular,2,416,0.013486360149660514
News Articles,cellular service,2,1660,0.013486360149660514
News Articles,service phone,2,11929,0.013486360149660514
News Articles,phone typically,2,9663,0.013486360149660514
News Articles,typically cellular,2,14061,0.013486360149660514
News Articles,cellular location,2,1656,0.013486360149660514
News Articles,location phone,2,7451,0.013486360149660514
News Articles,phone location,2,9662,0.013486360149660514
News Articles,location underlying,2,7454,0.013486360149660514
News Articles,underlying electrical,2,14107,0.013486360149660514
News Articles,electrical infrastructure,2,3865,0.013486360149660514
News Articles,infrastructure wireless,2,6573,0.013486360149660514
News Articles,wireless remains,2,15196,0.013486360149660514
News Articles,remains unaffected,2,11122,0.013486360149660514
News Articles,unaffected space,2,14081,0.013486360149660514
News Articles,event direct,2,4316,0.013486360149660514
News Articles,direct safety,2,3358,0.013486360149660514
News Articles,safety line,2,11535,0.013486360149660514
News Articles,line radio,2,7420,0.013486360149660514
News Articles,radio commercial,2,10704,0.013486360149660514
News Articles,commercial cellular,2,1991,0.013486360149660514
News Articles,cellular electronic,2,1655,0.013486360149660514
News Articles,electronic space,2,3921,0.013486360149660514
News Articles,weather federal,2,14708,0.013486360149660514
News Articles,management infrastructure,2,7719,0.013486360149660514
News Articles,security agency,2,11840,0.013486360149660514
News Articles,agency weather,2,465,0.013486360149660514
News Articles,weather finding,2,14712,0.013486360149660514
News Articles,finding radio,2,4886,0.013486360149660514
News Articles,radio generally,2,10716,0.013486360149660514
News Articles,generally weather,2,5480,0.013486360149660514
News Articles,presentation note,2,10163,0.013486360149660514
News Articles,note copper,2,8815,0.013486360149660514
News Articles,copper telephone,2,2417,0.013486360149660514
News Articles,telephone different,2,13578,0.013486360149660514
News Articles,different noted,2,3324,0.013486360149660514
News Articles,noted major,2,8839,0.013486360149660514
News Articles,solar despite,2,12298,0.013486360149660514
News Articles,despite widely,2,3248,0.013486360149660514
News Articles,widely cellular,2,15035,0.013486360149660514
News Articles,cellular network,2,1659,0.013486360149660514
News Articles,network around,2,8567,0.013486360149660514
News Articles,around time,2,855,0.013486360149660514
News Articles,time agency,2,13755,0.013486360149660514
News Articles,agency highly,2,454,0.013486360149660514
News Articles,highly unlikely,2,6020,0.013486360149660514
News Articles,unlikely reiterated,2,14230,0.013486360149660514
News Articles,reiterated weekend,2,11050,0.013486360149660514
News Articles,weekend unless,2,14911,0.013486360149660514
News Articles,unless broad,2,14228,0.013486360149660514
News Articles,broad power,2,1503,0.013486360149660514
News Articles,power seen,2,10063,0.013486360149660514
News Articles,seen past,2,11882,0.013486360149660514
News Articles,past weather,2,9465,0.013486360149660514
News Articles,could impact,2,2525,0.02697272029932103
News Articles,impact brent,2,6170,0.013486360149660514
News Articles,brent space,2,1475,0.013486360149660514
News Articles,weather branch,2,14651,0.013486360149660514
News Articles,branch told,2,1466,0.013486360149660514
News Articles,told conference,2,13861,0.013486360149660514
News Articles,conference available,2,2272,0.013486360149660514
News Articles,available yes,2,1153,0.013486360149660514
News Articles,yes certainly,2,15284,0.013486360149660514
News Articles,certainly secondary,2,1731,0.013486360149660514
News Articles,secondary space,2,11825,0.013486360149660514
News Articles,weather jeopardize,2,14753,0.013486360149660514
News Articles,jeopardize power,2,6928,0.013486360149660514
News Articles,power whose,2,10068,0.013486360149660514
News Articles,whose alert,2,15026,0.013486360149660514
News Articles,alert week,2,505,0.013486360149660514
News Articles,week possible,2,14904,0.013486360149660514
News Articles,possible widespread,2,9980,0.013486360149660514
News Articles,widespread voltage,2,15041,0.013486360149660514
News Articles,voltage control,2,14545,0.013486360149660514
News Articles,control protective,2,2407,0.013486360149660514
News Articles,protective mistakenly,2,10440,0.013486360149660514
News Articles,mistakenly trip,2,8085,0.013486360149660514
News Articles,trip key,2,14022,0.013486360149660514
News Articles,key asset,2,6961,0.013486360149660514
News Articles,asset power,2,906,0.013486360149660514
News Articles,power space,2,10065,0.013486360149660514
News Articles,event massive,2,4338,0.013486360149660514
News Articles,massive canada,2,7820,0.013486360149660514
News Articles,canada nine,2,1546,0.013486360149660514
News Articles,nine geomagnetic,2,8743,0.013486360149660514
News Articles,geomagnetic important,2,5521,0.013486360149660514
News Articles,important geomagnetic,2,6211,0.013486360149660514
News Articles,storm weekend,2,12954,0.013486360149660514
News Articles,weekend power,2,14910,0.013486360149660514
News Articles,power known,2,10050,0.013486360149660514
News Articles,known geomagnetic,2,7052,0.013486360149660514
News Articles,geomagnetic event,2,5510,0.013486360149660514
News Articles,event telegraph,2,4357,0.013486360149660514
News Articles,telegraph catch,2,13574,0.013486360149660514
News Articles,catch electrical,2,1617,0.013486360149660514
News Articles,grid could,2,5791,0.013486360149660514
News Articles,could effect,2,2520,0.013486360149660514
News Articles,effect cellular,2,3725,0.013486360149660514
News Articles,cellular might,2,1657,0.013486360149660514
News Articles,might lose,2,7975,0.013486360149660514
News Articles,lose data,2,7483,0.013486360149660514
News Articles,data host,2,2885,0.013486360149660514
News Articles,host many,2,6044,0.013486360149660514
News Articles,many wireless,2,7759,0.013486360149660514
News Articles,wireless already,2,15194,0.013486360149660514
News Articles,already maintain,2,542,0.013486360149660514
News Articles,maintain backup,2,7668,0.013486360149660514
News Articles,backup power,2,1227,0.013486360149660514
News Articles,power mobile,2,10053,0.013486360149660514
News Articles,mobile cellular,2,8100,0.013486360149660514
News Articles,cellular natural,2,1658,0.013486360149660514
News Articles,natural major,2,8395,0.013486360149660514
News Articles,major incident,2,7676,0.013486360149660514
News Articles,incident redundancy,2,6272,0.013486360149660514
News Articles,redundancy resiliency,2,10943,0.013486360149660514
News Articles,resiliency critical,2,11337,0.013486360149660514
News Articles,infrastructure power,2,6552,0.02697272029932103
News Articles,grid fail,2,5793,0.013486360149660514
News Articles,fail might,2,4584,0.013486360149660514
News Articles,might rather,2,7977,0.013486360149660514
News Articles,rather whether,2,10826,0.013486360149660514
News Articles,whether could,2,15003,0.013486360149660514
News Articles,could stay,2,2542,0.013486360149660514
News Articles,stay underscore,2,12816,0.013486360149660514
News Articles,underscore point,2,14114,0.013486360149660514
News Articles,point weather,2,9847,0.013486360149660514
News Articles,event largely,2,4336,0.013486360149660514
News Articles,largely youd,2,7106,0.013486360149660514
News Articles,youd extended,2,15307,0.013486360149660514
News Articles,extended power,2,4526,0.013486360149660514
News Articles,power example,2,10044,0.013486360149660514
News Articles,example government,2,4428,0.013486360149660514
News Articles,government keeping,2,5728,0.013486360149660514
News Articles,keeping extra,2,6954,0.013486360149660514
News Articles,extra charger,2,4536,0.013486360149660514
News Articles,charger available,2,1804,0.013486360149660514
News Articles,available small,2,1150,0.013486360149660514
News Articles,small electronic,2,12236,0.013486360149660514
News Articles,electronic say,2,3920,0.013486360149660514
News Articles,say electric,2,11615,0.013486360149660514
News Articles,power limit,2,10051,0.013486360149660514
News Articles,limit electricity,2,7387,0.013486360149660514
News Articles,electricity usage,2,3870,0.013486360149660514
News Articles,usage weather,2,14297,0.013486360149660514
News Articles,event gas,2,4328,0.013486360149660514
News Articles,gas station,2,5462,0.013486360149660514
News Articles,station need,2,12798,0.013486360149660514
News Articles,need report,2,8508,0.013486360149660514
News Articles,report sun,2,11154,0.013486360149660514
News Articles,administration operational,2,380,0.013486360149660514
News Articles,environmental weather,2,4195,0.013486360149660514
News Articles,weather satellite,2,14835,0.02697272029932103
News Articles,satellite falcon,2,11569,0.013486360149660514
News Articles,falcon heavy,2,4610,0.013486360149660514
News Articles,heavy rocket,2,5929,0.013486360149660514
News Articles,rocket space,2,11478,0.013486360149660514
News Articles,space launch,2,12536,0.013486360149660514
News Articles,launch weather,2,7175,0.013486360149660514
News Articles,weather favorable,2,14707,0.013486360149660514
News Articles,favorable launch,2,4645,0.013486360149660514
News Articles,launch fourth,2,7157,0.013486360149660514
News Articles,fourth final,2,5314,0.013486360149660514
News Articles,final operational,2,4859,0.013486360149660514
News Articles,environmental western,2,4196,0.013486360149660514
News Articles,western sophisticated,2,14989,0.013486360149660514
News Articles,sophisticated system,2,12440,0.013486360149660514
News Articles,system changer,2,13392,0.013486360149660514
News Articles,changer ken,2,1787,0.013486360149660514
News Articles,ken graham,2,6957,0.013486360149660514
News Articles,graham national,2,5753,0.013486360149660514
News Articles,service news,2,11928,0.013486360149660514
News Articles,news conference,2,8707,0.013486360149660514
News Articles,conference since,2,2273,0.013486360149660514
News Articles,since first,2,12142,0.013486360149660514
News Articles,first series,2,4921,0.013486360149660514
News Articles,series latest,2,11913,0.013486360149660514
News Articles,latest new,2,7136,0.013486360149660514
News Articles,new save,2,8688,0.013486360149660514
News Articles,save protect,2,11608,0.013486360149660514
News Articles,protect circular,2,10432,0.013486360149660514
News Articles,circular orbit,2,1827,0.013486360149660514
News Articles,orbit equator,2,9160,0.013486360149660514
News Articles,equator satellite,2,4199,0.013486360149660514
News Articles,satellite east,2,11562,0.013486360149660514
News Articles,east satellite,2,3689,0.02697272029932103
News Articles,satellite replace,2,11591,0.013486360149660514
News Articles,replace go,2,11143,0.013486360149660514
News Articles,go former,2,5684,0.013486360149660514
News Articles,former go,2,5275,0.013486360149660514
News Articles,go east,2,5682,0.013486360149660514
News Articles,go go,2,5685,0.04045908044898154
News Articles,go west,2,5695,0.013486360149660514
News Articles,west meanwhile,2,14975,0.013486360149660514
News Articles,meanwhile go,2,7862,0.013486360149660514
News Articles,go satellite,2,5691,0.013486360149660514
News Articles,satellite essentially,2,11564,0.013486360149660514
News Articles,essentially backup,2,4260,0.013486360149660514
News Articles,backup go,2,1225,0.013486360149660514
News Articles,go collect,2,5680,0.013486360149660514
News Articles,collect atmospheric,2,1914,0.013486360149660514
News Articles,atmospheric solar,2,1066,0.013486360149660514
News Articles,solar climatic,2,12286,0.013486360149660514
News Articles,climatic ocean,2,1869,0.013486360149660514
News Articles,ocean data,2,9004,0.013486360149660514
News Articles,data cover,2,2838,0.013486360149660514
News Articles,cover half,2,2598,0.013486360149660514
News Articles,half globe,2,5880,0.013486360149660514
News Articles,globe west,2,5678,0.013486360149660514
News Articles,west apart,2,14970,0.013486360149660514
News Articles,apart sun,2,719,0.013486360149660514
News Articles,cycle active,2,2756,0.013486360149660514
News Articles,active increasingly,2,161,0.013486360149660514
News Articles,increasingly intense,2,6360,0.013486360149660514
News Articles,intense solar,2,6678,0.02697272029932103
News Articles,mass mass,2,7802,0.013486360149660514
News Articles,mass large,2,7800,0.013486360149660514
News Articles,large gas,2,7087,0.013486360149660514
News Articles,gas plasma,2,5461,0.013486360149660514
News Articles,magnetic release,2,7616,0.013486360149660514
News Articles,release outer,2,11076,0.013486360149660514
News Articles,outer cause,2,9246,0.013486360149660514
News Articles,cause geomagnetic,2,1627,0.013486360149660514
News Articles,field electric,2,4681,0.013486360149660514
News Articles,satellite intense,2,11576,0.013486360149660514
News Articles,solar never,2,12352,0.013486360149660514
News Articles,never see,2,8606,0.013486360149660514
News Articles,northern solar,2,8797,0.013486360149660514
News Articles,activity dance,2,205,0.013486360149660514
News Articles,dance around,2,2784,0.013486360149660514
News Articles,around northern,2,845,0.013486360149660514
News Articles,northern borealis,2,8787,0.013486360149660514
News Articles,borealis southern,2,1438,0.013486360149660514
News Articles,southern coronal,2,12476,0.013486360149660514
News Articles,mass reach,2,7810,0.013486360149660514
News Articles,reach magnetic,2,10831,0.013486360149660514
News Articles,field interact,2,4706,0.013486360149660514
News Articles,interact different,2,6693,0.013486360149660514
News Articles,different colored,2,3307,0.013486360149660514
News Articles,colored multiple,2,1935,0.013486360149660514
News Articles,multiple improve,2,8330,0.013486360149660514
News Articles,weather compact,2,14666,0.02697272029932103
News Articles,coronagraph detect,2,2441,0.013486360149660514
News Articles,detect solar,2,3256,0.013486360149660514
News Articles,mass size,2,7812,0.013486360149660514
News Articles,size velocity,2,12198,0.013486360149660514
News Articles,velocity density,2,14486,0.013486360149660514
News Articles,density solar,2,3200,0.013486360149660514
News Articles,solar coronagraph,2,12289,0.013486360149660514
News Articles,coronagraph provide,2,2451,0.013486360149660514
News Articles,solar hot,2,12330,0.013486360149660514
News Articles,hot outer,2,6050,0.013486360149660514
News Articles,weather originate,2,14795,0.013486360149660514
News Articles,originate weather,2,9230,0.013486360149660514
News Articles,weather allow,2,14637,0.013486360149660514
News Articles,allow space,2,518,0.013486360149660514
News Articles,prediction weather,2,10118,0.013486360149660514
News Articles,compact operational,2,2118,0.013486360149660514
News Articles,operational satellite,2,9122,0.013486360149660514
News Articles,satellite monitor,2,11582,0.013486360149660514
News Articles,sun assistant,2,13169,0.013486360149660514
News Articles,assistant administrator,2,940,0.013486360149660514
News Articles,administrator satellite,2,383,0.013486360149660514
News Articles,information new,2,6471,0.013486360149660514
News Articles,new instrument,2,8649,0.013486360149660514
News Articles,instrument deliver,2,6645,0.013486360149660514
News Articles,deliver space,2,3157,0.013486360149660514
News Articles,center previous,2,1693,0.013486360149660514
News Articles,previous eight,2,10195,0.013486360149660514
News Articles,eight graham,2,3818,0.013486360149660514
News Articles,graham geomagnetic,2,5752,0.013486360149660514
News Articles,geomagnetic impact,2,5520,0.013486360149660514
News Articles,impact infrastructure,2,6177,0.013486360149660514
News Articles,navigation aviation,2,8404,0.013486360149660514
News Articles,aviation faster,2,1159,0.013486360149660514
News Articles,faster observation,2,4640,0.013486360149660514
News Articles,observation alert,2,8904,0.013486360149660514
News Articles,alert infrastructure,2,503,0.013486360149660514
News Articles,infrastructure potential,2,6551,0.013486360149660514
News Articles,potential take,2,10022,0.013486360149660514
News Articles,take orbit,2,13488,0.013486360149660514
News Articles,orbit monitor,2,9181,0.013486360149660514
News Articles,monitor weather,2,8256,0.013486360149660514
News Articles,climate environmental,2,1862,0.013486360149660514
News Articles,environmental across,2,4183,0.013486360149660514
News Articles,across north,2,107,0.013486360149660514
News Articles,north central,2,8776,0.013486360149660514
News Articles,south atlantic,2,12468,0.013486360149660514
News Articles,atlantic west,2,1004,0.013486360149660514
News Articles,west unique,2,14982,0.013486360149660514
News Articles,unique vantage,2,14192,0.013486360149660514
News Articles,point tropical,2,9846,0.013486360149660514
News Articles,tropical send,2,14025,0.013486360149660514
News Articles,send atlantic,2,11888,0.013486360149660514
News Articles,atlantic ocean,2,1003,0.013486360149660514
News Articles,ocean provide,2,9005,0.013486360149660514
News Articles,provide near,2,10486,0.013486360149660514
News Articles,near satellite,2,8439,0.013486360149660514
News Articles,satellite technology,2,11597,0.013486360149660514
News Articles,technology capture,2,13559,0.013486360149660514
News Articles,capture valuable,2,1585,0.013486360149660514
News Articles,valuable wind,2,14401,0.013486360149660514
News Articles,wind specific,2,15167,0.013486360149660514
News Articles,specific eye,2,12632,0.013486360149660514
News Articles,eye lightning,2,4556,0.013486360149660514
News Articles,lightning activity,2,7301,0.013486360149660514
News Articles,activity help,2,227,0.013486360149660514
News Articles,help better,2,5933,0.013486360149660514
News Articles,better understand,2,1369,0.013486360149660514
News Articles,understand potential,2,14121,0.013486360149660514
News Articles,potential carry,2,9995,0.013486360149660514
News Articles,carry first,2,1599,0.013486360149660514
News Articles,first operational,2,4913,0.013486360149660514
News Articles,operational lightning,2,9107,0.013486360149660514
News Articles,lightning mapper,2,7305,0.02697272029932103
News Articles,mapper develop,2,7767,0.013486360149660514
News Articles,develop activity,2,3267,0.013486360149660514
News Articles,activity understanding,2,295,0.013486360149660514
News Articles,understanding develop,2,14130,0.013486360149660514
News Articles,develop intensify,2,3270,0.013486360149660514
News Articles,intensify help,2,6681,0.013486360149660514
News Articles,help predict,2,5939,0.02697272029932103
News Articles,predict whether,2,10100,0.013486360149660514
News Articles,whether flash,2,15004,0.013486360149660514
News Articles,flash flooding,2,5019,0.013486360149660514
News Articles,flooding hail,2,5037,0.013486360149660514
News Articles,hail lightning,2,5879,0.013486360149660514
News Articles,mapper take,2,7768,0.013486360149660514
News Articles,take per,2,13489,0.013486360149660514
News Articles,per lightning,2,9501,0.013486360149660514
News Articles,lightning like,2,7304,0.013486360149660514
News Articles,like never,2,7317,0.013486360149660514
News Articles,never main,2,8604,0.013486360149660514
News Articles,main track,2,7664,0.013486360149660514
News Articles,track dangerous,2,13923,0.013486360149660514
News Articles,dangerous weather,2,2786,0.013486360149660514
News Articles,weather environmental,2,14699,0.013486360149660514
News Articles,environmental better,2,4186,0.013486360149660514
News Articles,better warning,2,1372,0.013486360149660514
News Articles,warning pam,2,14571,0.013486360149660514
News Articles,pam program,2,9302,0.013486360149660514
News Articles,program use,2,10383,0.013486360149660514
News Articles,use hot,2,14305,0.013486360149660514
News Articles,hot intensity,2,6049,0.013486360149660514
News Articles,intensity smoke,2,6686,0.013486360149660514
News Articles,smoke output,2,12249,0.013486360149660514
News Articles,output air,2,9261,0.013486360149660514
News Articles,air quality,2,488,0.013486360149660514
News Articles,quality even,2,10568,0.013486360149660514
News Articles,data help,2,2882,0.013486360149660514
News Articles,predict satellite,2,10097,0.013486360149660514
News Articles,satellite use,2,11601,0.013486360149660514
News Articles,use lightning,2,14310,0.013486360149660514
News Articles,lightning lightning,2,7303,0.013486360149660514
News Articles,lightning environmental,2,7302,0.013486360149660514
News Articles,environmental track,2,4194,0.013486360149660514
News Articles,track include,2,13924,0.013486360149660514
News Articles,include low,2,6290,0.013486360149660514
News Articles,low impact,2,7501,0.013486360149660514
News Articles,impact air,2,6169,0.013486360149660514
News Articles,air sea,2,489,0.013486360149660514
News Articles,sea volcanic,2,11796,0.013486360149660514
News Articles,volcanic ash,2,14544,0.013486360149660514
News Articles,ash dioxide,2,883,0.013486360149660514
News Articles,dioxide atmospheric,2,3352,0.013486360149660514
News Articles,atmospheric river,2,1064,0.013486360149660514
News Articles,river atmosphere,2,11467,0.013486360149660514
News Articles,atmosphere carry,2,1010,0.013486360149660514
News Articles,carry moisture,2,1601,0.013486360149660514
News Articles,moisture flooding,2,8243,0.013486360149660514
News Articles,flooding formation,2,5036,0.013486360149660514
News Articles,formation collect,2,5270,0.013486360149660514
News Articles,collect climate,2,1915,0.013486360149660514
News Articles,climate heat,2,1864,0.013486360149660514
News Articles,heat sea,2,5918,0.013486360149660514
News Articles,sea surface,2,11795,0.013486360149660514
News Articles,surface impact,2,13302,0.013486360149660514
News Articles,impact marine,2,6178,0.013486360149660514
News Articles,marine food,2,7769,0.013486360149660514
News Articles,food chain,2,5136,0.013486360149660514
News Articles,chain coral,2,1733,0.013486360149660514
News Articles,coral bleaching,2,2418,0.013486360149660514
News Articles,bleaching space,2,1420,0.013486360149660514
News Articles,industry safe,2,6413,0.013486360149660514
News Articles,safe fall,2,11528,0.013486360149660514
News Articles,fall new,2,4612,0.013486360149660514
News Articles,new study,2,8694,0.013486360149660514
News Articles,study geophysical,2,13065,0.013486360149660514
News Articles,union event,2,14181,0.013486360149660514
News Articles,event geomagnetic,2,4329,0.013486360149660514
News Articles,storm last,2,12901,0.013486360149660514
News Articles,last day,2,7109,0.013486360149660514
News Articles,day magnetic,2,3055,0.013486360149660514
News Articles,magnetic found,2,7591,0.013486360149660514
News Articles,found experienced,2,5288,0.013486360149660514
News Articles,experienced drag,2,4486,0.013486360149660514
News Articles,drag fell,2,3552,0.013486360149660514
News Articles,fell harmlessly,2,4663,0.013486360149660514
News Articles,harmlessly atmosphere,2,5902,0.013486360149660514
News Articles,atmosphere pound,2,1034,0.013486360149660514
News Articles,pound burned,2,10035,0.013486360149660514
News Articles,burned storm,2,1518,0.013486360149660514
News Articles,storm national,2,12912,0.013486360149660514
News Articles,administration latest,2,376,0.013486360149660514
News Articles,latest space,2,7138,0.013486360149660514
News Articles,forecast simply,2,5201,0.013486360149660514
News Articles,simply potential,2,12124,0.013486360149660514
News Articles,potential geomagnetic,2,10003,0.013486360149660514
News Articles,activity study,2,285,0.013486360149660514
News Articles,study claim,2,13062,0.013486360149660514
News Articles,claim current,2,1833,0.013486360149660514
News Articles,current satellite,2,2719,0.013486360149660514
News Articles,satellite receive,2,11590,0.013486360149660514
News Articles,receive general,2,10879,0.013486360149660514
News Articles,general watch,2,5470,0.013486360149660514
News Articles,watch data,2,14576,0.013486360149660514
News Articles,data web,2,3036,0.013486360149660514
News Articles,web none,2,14893,0.013486360149660514
News Articles,none currently,2,8756,0.013486360149660514
News Articles,currently specifically,2,2745,0.013486360149660514
News Articles,specifically orbit,2,12643,0.013486360149660514
News Articles,critical density,2,2628,0.013486360149660514
News Articles,density enhancement,2,3190,0.013486360149660514
News Articles,enhancement information,2,4082,0.013486360149660514
News Articles,information certainly,2,6458,0.013486360149660514
News Articles,certainly become,2,1729,0.013486360149660514
News Articles,become essential,2,1267,0.013486360149660514
News Articles,essential dealing,2,4251,0.013486360149660514
News Articles,dealing space,2,3082,0.013486360149660514
News Articles,traffic increasingly,2,13938,0.013486360149660514
News Articles,increasingly crowded,2,6358,0.013486360149660514
News Articles,crowded space,2,2652,0.013486360149660514
News Articles,environment geomagnetic,2,4146,0.013486360149660514
News Articles,quiet perturbed,2,10611,0.013486360149660514
News Articles,perturbed study,2,9630,0.013486360149660514
News Articles,study fix,2,13064,0.013486360149660514
News Articles,fix believe,2,4943,0.013486360149660514
News Articles,believe need,2,1304,0.013486360149660514
News Articles,forecast measure,2,5181,0.013486360149660514
News Articles,measure geomagnetic,2,7866,0.013486360149660514
News Articles,geomagnetic hoped,2,5519,0.013486360149660514
News Articles,hoped arrival,2,6040,0.013486360149660514
News Articles,time activity,2,13754,0.013486360149660514
News Articles,activity accurate,2,194,0.013486360149660514
News Articles,accurate improve,2,59,0.013486360149660514
News Articles,improve satellite,2,6246,0.013486360149660514
News Articles,satellite similar,2,11593,0.013486360149660514
News Articles,similar type,2,12113,0.013486360149660514
News Articles,type activity,2,14052,0.013486360149660514
News Articles,around maximum,2,840,0.013486360149660514
News Articles,sun increase,2,13203,0.013486360149660514
News Articles,increase emit,2,6334,0.013486360149660514
News Articles,emit powerful,2,3952,0.013486360149660514
News Articles,powerful impact,2,10071,0.013486360149660514
News Articles,impact everything,2,6175,0.013486360149660514
News Articles,everything space,2,4384,0.013486360149660514
News Articles,space magnitude,2,12538,0.013486360149660514
News Articles,magnitude arrival,2,7650,0.013486360149660514
News Articles,time accurately,2,13753,0.013486360149660514
News Articles,accurately complex,2,67,0.013486360149660514
News Articles,complex space,2,2157,0.013486360149660514
News Articles,impact category,2,6171,0.013486360149660514
News Articles,category goddard,2,1618,0.013486360149660514
News Articles,center previously,2,1694,0.013486360149660514
News Articles,previously stated,2,10207,0.013486360149660514
