Document,Word,DocumentIndex,WordIndex,TfidfValue
Email Alerts,threedayforecasttxt,0,11853,0.041067508914565856
Email Alerts,utc,0,12418,0.16060329379089147
Email Alerts,preparedthedeptcommerce,0,9070,0.0828683662026061
Email Alerts,noaa,0,7826,0.17065218101910895
Email Alerts,space,0,10788,0.07233226961977461
Email Alerts,weather,0,12752,0.07233226961977461
Email Alerts,prediction,0,9036,0.04894339201817084
Email Alerts,center,0,1768,0.049809646744156166
Email Alerts,geomagnetic,0,4927,0.16718716211516765
Email Alerts,activity,0,167,0.31964799388858484
Email Alerts,observation,0,8015,0.04894339201817084
Email Alerts,forecast,0,4602,0.262908309336546
Email Alerts,greatest,0,5066,0.06302352846677818
Email Alerts,observedkp,0,8071,0.041067508914565856
Email Alerts,past,0,8585,0.12170878900093812
Email Alerts,hour,0,5385,0.12214191636393078
Email Alerts,scale,0,10286,0.04591150047722221
Email Alerts,level,0,6552,0.3590625839209171
Email Alerts,expectedkp,0,4105,0.041067508914565856
Email Alerts,scalenoaaindex,0,10290,0.013933619096013415
Email Alerts,breakdown,0,1429,0.041067508914565856
Email Alerts,mayminormoderate,0,7062,0.0014666967469487806
Email Alerts,storminglikely,0,11056,0.002933393493897561
Email Alerts,duethe,0,3413,0.030117438382354172
Email Alerts,arrivalcmes,0,924,0.0014666967469487806
Email Alerts,left,0,6530,0.013385528169935188
Email Alerts,sun,0,11309,0.008229419896860584
Email Alerts,course,0,2522,0.0005577303404139662
Email Alerts,solar,0,10723,0.37075702272171895
Email Alerts,radiation,0,9474,0.0840267084205765
Email Alerts,radiationobservednoaa,0,9478,0.041067508914565856
Email Alerts,go,0,4984,0.025987641779559742
Email Alerts,sscale,0,10915,0.041067508914565856
Email Alerts,storm,0,11039,0.13773450143166663
Email Alerts,threshold,0,11857,0.05133438614320732
Email Alerts,maychance,0,7053,0.0007333483734743903
Email Alerts,forminor,0,4678,0.01833370933685976
Email Alerts,persist,0,8724,0.011733573975590245
Email Alerts,period,0,8649,0.09268925568042974
Email Alerts,given,0,4959,0.004764400992919286
Email Alerts,observed,0,8056,0.06496910444889935
Email Alerts,fromin,0,4776,0.0007333483734743903
Email Alerts,particular,0,8544,0.00043312736299266235
Email Alerts,radio,0,9483,0.0965874019473637
Email Alerts,blackout,0,1360,0.09615427458437104
Email Alerts,reaching,0,9558,0.019057603971677144
Email Alerts,thelevels,0,11722,0.02786723819202683
Email Alerts,largest,0,6377,0.04851026465517818
Email Alerts,wasmay,0,12657,0.002200045120423171
Email Alerts,maystrong,0,7072,0.0007333483734743903
Email Alerts,duexclass,0,3421,0.0007333483734743903
Email Alerts,flare,0,4410,0.09182300095444441
Email Alerts,likely,0,6643,0.03736793280773574
Email Alerts,primarily,0,9110,0.015058719191177086
Email Alerts,magnetic,0,6867,0.012560693526787209
Email Alerts,complexity,0,2146,0.005577303404139662
Email Alerts,staturear,0,10999,0.0007333483734743903
Email Alerts,noaaindex,0,7836,0.027133889818552442
Email Alerts,decg,0,2778,0.0014666967469487806
Email Alerts,minorgreater,0,7295,0.040334160541091464
Email Alerts,expectedsignificant,0,4130,0.03666741867371952
Email Alerts,transientrecurrent,0,12039,0.02346714795118049
Email Alerts,wind,0,12998,0.1485626855064832
Email Alerts,feature,0,4282,0.015159457704743182
Email Alerts,dec,0,2758,0.0014666967469487806
Email Alerts,active,0,156,0.06453597708590669
Email Alerts,region,0,9675,0.09312238304342241
Email Alerts,favorable,0,4279,0.011154606808279325
Email Alerts,productionforecast,0,9225,0.013933619096013415
Email Alerts,wasdec,0,12631,0.0007333483734743903
Email Alerts,decminorgreater,0,2792,0.0007333483734743903
Email Alerts,scalethe,0,10302,0.006600135361269513
Email Alerts,octsevere,0,8154,0.0007333483734743903
Email Alerts,occurred,0,8111,0.0021656368149633115
Email Alerts,earlyoctminorstrong,0,3469,0.0007333483734743903
Email Alerts,expected,0,4083,0.034650189039412985
Email Alerts,restthe,0,10029,0.005866786987795122
Email Alerts,day,0,2729,0.008229419896860584
Email Alerts,duepersistent,0,3397,0.002200045120423171
Email Alerts,cme,0,1978,0.05327466564809747
Email Alerts,activityminor,0,199,0.0007333483734743903
Email Alerts,expectedoct,0,4111,0.002200045120423171
Email Alerts,dueresidual,0,3407,0.0014666967469487806
Email Alerts,possiblehss,0,8962,0.0007333483734743903
Email Alerts,octminor,0,8147,0.0007333483734743903
Email Alerts,earlythe,0,3471,0.004400090240846342
Email Alerts,since,0,10645,0.0008662547259853247
Email Alerts,dropped,0,3330,0.0005577303404139662
Email Alerts,wasoct,0,12668,0.002200045120423171
Email Alerts,activitylikelybe,0,195,0.014666967469487806
Email Alerts,moderateminormoderate,0,7448,0.0014666967469487806
Email Alerts,withchance,0,13040,0.07040144385354147
Email Alerts,xclass,0,13218,0.019490731334669806
Email Alerts,flaresstrong,0,4436,0.002200045120423171
Email Alerts,correction,0,2454,0.002933393493897561
Email Alerts,julminor,0,6198,0.002200045120423171
Email Alerts,likelyjul,0,6658,0.002200045120423171
Email Alerts,arrivalthe,0,931,0.006600135361269513
Email Alerts,cmes,0,1994,0.022955750238611104
Email Alerts,therea,0,11757,0.03161829749846435
Email Alerts,slight,0,10685,0.045467599155412194
Email Alerts,chance,0,1835,0.1444696295744549
Email Alerts,wasjul,0,12648,0.002933393493897561
Email Alerts,julminormoderate,0,6199,0.002200045120423171
Email Alerts,withslight,0,13116,0.05573447638405366
Email Alerts,forr,0,4695,0.0014666967469487806
Email Alerts,strong,0,11121,0.0017325094519706494
Email Alerts,event,0,3960,0.09009049150247377
Email Alerts,duemultiple,0,3391,0.005866786987795122
Email Alerts,complex,0,2144,0.015159457704743182
Email Alerts,regionsthe,0,9769,0.043502966552289364
Email Alerts,visible,0,12560,0.021193752935730715
Email Alerts,disk,0,3147,0.02955970804194021
Email Alerts,forstrong,0,4704,0.009533528855167074
Email Alerts,novg,0,7930,0.0036667418673719514
Email Alerts,wasnov,0,12667,0.002933393493897561
Email Alerts,novminormoderate,0,7932,0.0014666967469487806
Email Alerts,mayg,0,7057,0.0007333483734743903
Email Alerts,forminorgreater,0,4679,0.007333483734743903
Email Alerts,next,0,7815,0.005197528355911948
Email Alerts,three,0,11851,0.05890532136700208
Email Alerts,potential,0,8978,0.00909567462284591
Email Alerts,ar,0,842,0.0007333483734743903
Email Alerts,duemclass,0,3390,0.002933393493897561
Email Alerts,evolutionars,0,4006,0.0007333483734743903
Email Alerts,andwelltheir,0,712,0.0007333483734743903
Email Alerts,recent,0,9598,0.00043312736299266235
Email Alerts,historyadditionhigh,0,5348,0.0007333483734743903
Email Alerts,forisolatedstrong,0,4658,0.002200045120423171
Email Alerts,maywell,0,7082,0.0007333483734743903
Email Alerts,historyxclass,0,5351,0.0007333483734743903
Email Alerts,augg,0,1061,0.002200045120423171
Email Alerts,increasing,0,5703,0.005577303404139662
Email Alerts,conditionsaug,0,2205,0.002200045120423171
Email Alerts,following,0,4569,0.00446184272331173
Email Alerts,theflare,0,11704,0.005866786987795122
Email Alerts,near,0,7624,0.014293202978757857
Email Alerts,wasaug,0,12622,0.002933393493897561
Email Alerts,augminormoderate,0,1064,0.0036667418673719514
Email Alerts,rstrong,0,10197,0.027133889818552442
Email Alerts,aprg,0,841,0.0014666967469487806
Email Alerts,apr,0,838,0.0014666967469487806
Email Alerts,forecastradio,0,4629,0.013200270722539025
Email Alerts,therean,0,11762,0.002230921361655865
Email Alerts,forminormoderate,0,4680,0.017600360963385367
Email Alerts,daysprimarily,0,2741,0.0007333483734743903
Email Alerts,returnold,0,10068,0.004400090240846342
Email Alerts,octg,0,8146,0.0014666967469487806
Email Alerts,oct,0,8144,0.0014666967469487806
Email Alerts,activityexpectedbeminormoderatelevels,0,176,0.002200045120423171
Email Alerts,levelsmore,0,6590,0.002200045120423171
Email Alerts,magnetically,0,6868,0.008800180481692683
Email Alerts,emergethepartthe,0,3693,0.002200045120423171
Email Alerts,novminorgreater,0,7931,0.0007333483734743903
Email Alerts,expectednov,0,4109,0.002200045120423171
Email Alerts,decayinga,0,2771,0.0007333483734743903
Email Alerts,chancenovproton,0,1842,0.0007333483734743903
Email Alerts,activityexpectedbe,0,173,0.046200947528886586
Email Alerts,low,0,6808,0.043745863662258896
Email Alerts,mclass,0,7083,0.05500112801057928
Email Alerts,rrminormoderate,0,10194,0.015400315842962196
Email Alerts,andslight,0,683,0.01833370933685976
Email Alerts,chancexclass,0,1850,0.0014666967469487806
Email Alerts,greater,0,5065,0.18739739437909264
Email Alerts,mev,0,7223,0.16006860769880832
Email Alerts,proton,0,9326,0.06496910444889935
Email Alerts,fluxremain,0,4515,0.0014666967469487806
Email Alerts,elevated,0,3670,0.008066832108218293
Email Alerts,rminor,0,10130,0.013933619096013415
Email Alerts,forstronggreater,0,4705,0.002933393493897561
Email Alerts,marg,0,6986,0.0007333483734743903
Email Alerts,mar,0,6983,0.0011154606808279324
Email Alerts,marslight,0,7000,0.0007333483734743903
Email Alerts,dueisolated,0,3385,0.0007333483734743903
Email Alerts,periodar,0,8653,0.0007333483734743903
Email Alerts,exit,0,4069,0.004400090240846342
Email Alerts,western,0,12848,0.02063602259531675
Email Alerts,limb,0,6678,0.02342467429738658
Email Alerts,chanceg,0,1838,0.0007333483734743903
Email Alerts,minor,0,7294,0.03123289906318211
Email Alerts,conditionsoct,0,2221,0.0007333483734743903
Email Alerts,duea,0,3349,0.00892368544662346
Email Alerts,glancing,0,4970,0.02346714795118049
Email Alerts,blow,0,1379,0.013385528169935188
Email Alerts,fromeruptionthe,0,4766,0.0007333483734743903
Email Alerts,associated,0,994,0.02772015123153039
Email Alerts,regionoctutc,0,9742,0.0007333483734743903
Email Alerts,fluxexpectedremainbackground,0,4501,0.006600135361269513
Email Alerts,forsolar,0,4701,0.0014666967469487806
Email Alerts,octregions,0,8153,0.0007333483734743903
Email Alerts,transit,0,12041,0.005133438614320732
Email Alerts,activityexpectedbelow,0,174,0.002933393493897561
Email Alerts,moderate,0,7440,0.049134341022784155
Email Alerts,levelsminormoderate,0,6589,0.005133438614320732
Email Alerts,fieldexpectedreachminor,0,4333,0.0007333483734743903
Email Alerts,forisolatedmoderate,0,4657,0.0014666967469487806
Email Alerts,periodocteffects,0,8679,0.0007333483734743903
Email Alerts,fromcme,0,4759,0.00446184272331173
Email Alerts,sunoct,0,11345,0.0007333483734743903
Email Alerts,continuewane,0,2370,0.0014666967469487806
Email Alerts,octar,0,8145,0.0007333483734743903
Email Alerts,approach,0,808,0.0030318915409486362
Email Alerts,octminormoderate,0,8148,0.0007333483734743903
Email Alerts,marminor,0,6996,0.0007333483734743903
Email Alerts,likelymar,0,6660,0.0007333483734743903
Email Alerts,dueanticipated,0,3355,0.002200045120423171
Email Alerts,transient,0,12038,0.00446184272331173
Email Alerts,influence,0,5757,0.06063783081897273
Email Alerts,wasmar,0,12656,0.0007333483734743903
Email Alerts,arrivaltwo,0,932,0.0007333483734743903
Email Alerts,arrivalglancing,0,927,0.0007333483734743903
Email Alerts,effect,0,3530,0.02208949551262578
Email Alerts,sunjul,0,11336,0.0007333483734743903
Email Alerts,julg,0,6197,0.0007333483734743903
Email Alerts,juls,0,6201,0.0007333483734743903
Email Alerts,jung,0,6204,0.0007333483734743903
Email Alerts,juns,0,6206,0.0007333483734743903
Email Alerts,junminormoderate,0,6205,0.0007333483734743903
Email Alerts,flaresor,0,4435,0.0007333483734743903
Email Alerts,due,0,3348,0.004400090240846342
Email Alerts,primarilythe,0,9114,0.005866786987795122
Email Alerts,potentialregions,0,8991,0.005133438614320732
Email Alerts,mayextreme,0,7056,0.0007333483734743903
Email Alerts,expectedmay,0,4108,0.0007333483734743903
Email Alerts,duecme,0,3360,0.004400090240846342
Email Alerts,impactsstrong,0,5556,0.0007333483734743903
Email Alerts,storminglikelycontinue,0,11057,0.0007333483734743903
Email Alerts,early,0,3460,0.0017325094519706494
Email Alerts,hoursmay,0,5389,0.0007333483734743903
Email Alerts,isolatedminor,0,6088,0.0014666967469487806
Email Alerts,storminglikelymayconditions,0,11060,0.0007333483734743903
Email Alerts,previous,0,9108,0.0017325094519706494
Email Alerts,wane,0,12589,0.009533528855167074
Email Alerts,mayminor,0,7061,0.0007333483734743903
Email Alerts,dueactivity,0,3350,0.0014666967469487806
Email Alerts,originating,0,8371,0.0014666967469487806
Email Alerts,maystronggreater,0,7074,0.0007333483734743903
Email Alerts,isolated,0,6086,0.02786723819202683
Email Alerts,periodsg,0,8686,0.002933393493897561
Email Alerts,storming,0,11050,0.011000225602115854
Email Alerts,expectedjan,0,4101,0.0036667418673719514
Email Alerts,first,0,4387,0.00909567462284591
Email Alerts,duelingering,0,3388,0.0014666967469487806
Email Alerts,thenpositive,0,11745,0.0014666967469487806
Email Alerts,polarityhss,0,8906,0.07773492758828536
Email Alerts,effectsconditions,0,3543,0.0007333483734743903
Email Alerts,likelycontinue,0,6647,0.002200045120423171
Email Alerts,janch,0,6151,0.0014666967469487806
Email Alerts,hs,0,5428,0.022733799577706097
Email Alerts,persists,0,8736,0.0036667418673719514
Email Alerts,janslight,0,6165,0.005133438614320732
Email Alerts,fors,0,4697,0.004400090240846342
Email Alerts,current,0,2617,0.0064969104448899355
Email Alerts,total,0,11997,0.05110902883313416
Email Alerts,wasjan,0,12647,0.006600135361269513
Email Alerts,janminormoderate,0,6159,0.007333483734743903
Email Alerts,janmflares,0,6156,0.0014666967469487806
Email Alerts,continue,0,2338,0.004764400992919286
Email Alerts,continuesevolve,0,2362,0.0014666967469487806
Email Alerts,isolatedperiods,0,6090,0.0007333483734743903
Email Alerts,remain,0,9843,0.005019573063725695
Email Alerts,likelyjanch,0,6657,0.0007333483734743903
Email Alerts,jan,0,6147,0.004400090240846342
Email Alerts,stormexpectedcontinuejanreturnbackgroundlike,0,11043,0.0007333483734743903
Email Alerts,conditionsexpectedjan,0,2212,0.0014666967469487806
Email Alerts,whereslight,0,12884,0.0007333483734743903
Email Alerts,forevent,0,4648,0.0007333483734743903
Email Alerts,isolatedstronggreater,0,6091,0.0036667418673719514
Email Alerts,janar,0,6148,0.0014666967469487806
Email Alerts,continuesmature,0,2365,0.0014666967469487806
Email Alerts,andnumberactive,0,636,0.0014666967469487806
Email Alerts,febg,0,4288,0.005133438614320732
Email Alerts,feb,0,4286,0.002933393493897561
Email Alerts,wasfeb,0,12635,0.006600135361269513
Email Alerts,mclassminormoderate,0,7084,0.005133438614320732
Email Alerts,xclassstrong,0,13219,0.002933393493897561
Email Alerts,jang,0,6154,0.008066832108218293
Email Alerts,activeg,0,159,0.002933393493897561
Email Alerts,effectsand,0,3540,0.0007333483734743903
Email Alerts,andhss,0,605,0.0014666967469487806
Email Alerts,effectsjan,0,3550,0.0007333483734743903
Email Alerts,ambient,0,474,0.0036667418673719514
Email Alerts,condition,0,2198,0.05457404773707546
Email Alerts,janminorgreater,0,6158,0.0007333483734743903
Email Alerts,currently,0,2619,0.023822004964596428
Email Alerts,observedthe,0,8094,0.004400090240846342
Email Alerts,expectedcontinue,0,4090,0.008066832108218293
Email Alerts,decaya,0,2764,0.0007333483734743903
Email Alerts,chancejan,0,1840,0.0014666967469487806
Email Alerts,febminor,0,4289,0.002200045120423171
Email Alerts,likelyfeb,0,6654,0.002933393493897561
Email Alerts,dueinfluence,0,3382,0.004400090240846342
Email Alerts,fromch,0,4758,0.0007333483734743903
Email Alerts,activitylikelyreach,0,196,0.006600135361269513
Email Alerts,duepotential,0,3401,0.0036667418673719514
Email Alerts,fromactive,0,4752,0.002230921361655865
Email Alerts,clusterthequadrant,0,1976,0.0014666967469487806
Email Alerts,clusterthe,0,1975,0.0014666967469487806
Email Alerts,sunsquadrant,0,11351,0.0014666967469487806
Email Alerts,protonscross,0,9327,0.0007333483734743903
Email Alerts,theminorgreater,0,11736,0.0007333483734743903
Email Alerts,alert,0,388,0.001299382088977987
Email Alerts,febminormoderate,0,4291,0.002933393493897561
Email Alerts,janminor,0,6157,0.0014666967469487806
Email Alerts,duepossible,0,3400,0.0036667418673719514
Email Alerts,fromevent,0,4767,0.002200045120423171
Email Alerts,sunjan,0,11333,0.002933393493897561
Email Alerts,thenrecurrent,0,11746,0.0014666967469487806
Email Alerts,positive,0,8952,0.034021550765251936
Email Alerts,andar,0,536,0.0014666967469487806
Email Alerts,probability,0,9140,0.006600135361269513
Email Alerts,increase,0,5677,0.0021656368149633115
Email Alerts,slightlydays,0,10687,0.0014666967469487806
Email Alerts,janarscaobetal,0,6149,0.0007333483734743903
Email Alerts,anddaobeta,0,567,0.0014666967469487806
Email Alerts,febminorgreater,0,4290,0.0007333483734743903
Email Alerts,latejan,0,6403,0.0007333483734743903
Email Alerts,effectssignificant,0,3565,0.0007333483734743903
Email Alerts,increasinglikelyfeb,0,5705,0.0007333483734743903
Email Alerts,clustersunspot,0,1974,0.005866786987795122
Email Alerts,groupsthequadrant,0,5104,0.005866786987795122
Email Alerts,rotating,0,10183,0.0014666967469487806
Email Alerts,closerthe,0,1958,0.0011154606808279324
Email Alerts,thusbetter,0,11877,0.0007333483734743903
Email Alerts,connection,0,2266,0.0005577303404139662
Email Alerts,earth,0,3472,0.0030318915409486362
Email Alerts,dueseveral,0,3409,0.0007333483734743903
Email Alerts,sunspot,0,11349,0.03234835974401004
Email Alerts,group,0,5091,0.005577303404139662
Email Alerts,potentialmultiple,0,8987,0.002933393493897561
Email Alerts,periodlatejan,0,8670,0.0007333483734743903
Email Alerts,dueglancing,0,3379,0.0014666967469487806
Email Alerts,peripherythe,0,8717,0.0014666967469487806
Email Alerts,persistjan,0,8734,0.0007333483734743903
Email Alerts,janmultiple,0,6160,0.002933393493897561
Email Alerts,producing,0,9218,0.003465018903941299
Email Alerts,decrease,0,2795,0.002788651702069831
Email Alerts,slightlyjanmultiple,0,10688,0.0007333483734743903
Email Alerts,butremains,0,1519,0.0007333483734743903
Email Alerts,dueonseta,0,3395,0.002200045120423171
Email Alerts,subsequent,0,11190,0.0005577303404139662
Email Alerts,negative,0,7761,0.03736793280773574
Email Alerts,thisbasedthe,0,11820,0.002200045120423171
Email Alerts,persistent,0,8731,0.002230921361655865
Email Alerts,activityregion,0,203,0.002200045120423171
Email Alerts,forrgreater,0,4696,0.002200045120423171
Email Alerts,storminglikelyfeb,0,11058,0.0007333483734743903
Email Alerts,remainschance,0,9861,0.0007333483734743903
Email Alerts,fluxreachminor,0,4514,0.011000225602115854
Email Alerts,message,0,7197,0.01472633034175052
Email Alerts,code,0,2005,0.009481415787037425
Email Alerts,altkrnserial,0,464,0.002200045120423171
Email Alerts,number,0,7962,0.032484552224449674
Email Alerts,rnissue,0,10139,0.012466922349064635
Email Alerts,time,0,11890,0.018624476608684482
Email Alerts,utcrnrnalert,0,12437,0.005133438614320732
Email Alerts,kindexrn,0,6260,0.002200045120423171
Email Alerts,reached,0,9540,0.049376519381163504
Email Alerts,utcrnsynoptic,0,12445,0.002200045120423171
Email Alerts,utcrn,0,12430,0.002200045120423171
Email Alerts,rnactive,0,10137,0.002200045120423171
Email Alerts,warning,0,12615,0.0030318915409486362
Email Alerts,yesrnnoaa,0,13240,0.0014666967469487806
Email Alerts,minorrnrnnoaa,0,7297,0.002933393493897561
Email Alerts,description,0,2935,0.00725049442538156
Email Alerts,canfound,0,1589,0.009533528855167074
Email Alerts,atrnwwwswpcnoaagovnoaascalesexplanationrnrnpotential,0,1043,0.008800180481692683
Email Alerts,impact,0,5535,0.0060637830818972725
Email Alerts,areaimpact,0,870,0.007333483734743903
Email Alerts,polewarddegrees,0,8919,0.003904112382897764
Email Alerts,latituderninduced,0,6428,0.005133438614320732
Email Alerts,weak,0,12732,0.016731910212418988
Email Alerts,power,0,8998,0.003898146266933961
Email Alerts,grid,0,5076,0.0030318915409486362
Email Alerts,fluctuation,0,4475,0.0030318915409486362
Email Alerts,occurrnspacecraft,0,8133,0.002200045120423171
Email Alerts,impactsatellite,0,5547,0.0016731910212418985
Email Alerts,operation,0,8269,0.001299382088977987
Email Alerts,possiblernaurora,0,8968,0.002200045120423171
Email Alerts,aurora,0,1068,0.0030318915409486362
Email Alerts,mayvisiblehigh,0,7080,0.0036667418673719514
Email Alerts,latitudesnorthern,0,6430,0.002200045120423171
Email Alerts,tierthesuchnorthern,0,11886,0.002200045120423171
Email Alerts,michigan,0,7233,0.0016731910212418985
Email Alerts,maine,0,6914,0.002200045120423171
Email Alerts,warkrnserial,0,12611,0.002200045120423171
Email Alerts,utcrnrnextended,0,12439,0.002200045120423171
Email Alerts,kindexexpectedrnextensionserial,0,6258,0.0014666967469487806
Email Alerts,rnvalid,0,10140,0.002200045120423171
Email Alerts,utcrnnow,0,12436,0.002200045120423171
Email Alerts,valid,0,12456,0.002933393493897561
Email Alerts,utcrnwarning,0,12447,0.002933393493897561
Email Alerts,persistencernrnnoaa,0,8730,0.0014666967469487806
Email Alerts,occurrnaurora,0,8132,0.0014666967469487806
Email Alerts,latitude,0,6426,0.0017325094519706494
Email Alerts,suchcanada,0,11215,0.0014666967469487806
Email Alerts,alaska,0,386,0.0014666967469487806
Email Alerts,moderaternrnnoaa,0,7450,0.002200045120423171
Email Alerts,occur,0,8108,0.0021656368149633115
Email Alerts,highlatitude,0,5324,0.0011154606808279324
Email Alerts,system,0,11449,0.0017325094519706494
Email Alerts,experience,0,4140,0.001299382088977987
Email Alerts,voltage,0,12577,0.0008662547259853247
Email Alerts,alarmsrnspacecraft,0,385,0.0014666967469487806
Email Alerts,satellite,0,10248,0.0017325094519706494
Email Alerts,orientation,0,8361,0.01003914612745139
Email Alerts,irregularity,0,6080,0.0011154606808279324
Email Alerts,increased,0,5680,0.010828184074816559
Email Alerts,draglow,0,3298,0.0014666967469487806
Email Alerts,earthorbit,0,3486,0.0014666967469487806
Email Alerts,satellitespossiblernradio,0,10257,0.0014666967469487806
Email Alerts,high,0,5307,0.030752042772479025
Email Alerts,frequency,0,4743,0.003898146266933961
Email Alerts,propagation,0,9295,0.0017325094519706494
Email Alerts,fadehigher,0,4240,0.0014666967469487806
Email Alerts,latitudesrnaurora,0,6431,0.0014666967469487806
Email Alerts,mayseenlownew,0,7071,0.0014666967469487806
Email Alerts,yorkwisconsinwashington,0,13245,0.0014666967469487806
Email Alerts,state,0,10966,0.001299382088977987
Email Alerts,utcrnrnwarning,0,12443,0.0007333483734743903
Email Alerts,kindexexpectedrnvalid,0,6259,0.0007333483734743903
Email Alerts,utcrnvalidfeb,0,12446,0.0007333483734743903
Email Alerts,onsetrnnoaa,0,8251,0.0007333483734743903
Email Alerts,yesrnrnnoaa,0,13241,0.0007333483734743903
Email Alerts,sumpxrnserial,0,11305,0.0007333483734743903
Email Alerts,utcrnrnsummary,0,12441,0.002200045120423171
Email Alerts,integral,0,5915,0.002933393493897561
Email Alerts,flux,0,4481,0.06713474126386267
Email Alerts,exceeded,0,4043,0.004400090240846342
Email Alerts,pfurnbegin,0,8756,0.0014666967469487806
Email Alerts,utcrnmaximum,0,12434,0.0036667418673719514
Email Alerts,utcrnend,0,12432,0.002933393493897561
Email Alerts,pfurnnoaa,0,8758,0.0007333483734743903
Email Alerts,atrnwwwswpcnoaagovnoaascalesexplanation,0,1042,0.0007333483734743903
Email Alerts,warpxrnserial,0,12620,0.0007333483734743903
Email Alerts,pfu,0,8755,0.012466922349064635
Email Alerts,expectedrnextensionserial,0,4129,0.0007333483734743903
Email Alerts,persistencernpredicted,0,8729,0.0007333483734743903
Email Alerts,impactspolarhigh,0,5552,0.0014666967469487806
Email Alerts,resultingfadeslower,0,10036,0.0014666967469487806
Email Alerts,sumrrnserial,0,11306,0.0007333483734743903
Email Alerts,utcrnrnsummaryradio,0,12442,0.0007333483734743903
Email Alerts,burstrnbegin,0,1497,0.0007333483734743903
Email Alerts,utcrnduration,0,12431,0.0007333483734743903
Email Alerts,minutesrnpeak,0,7303,0.0007333483734743903
Email Alerts,sfurnlatest,0,10500,0.0007333483734743903
Email Alerts,penticton,0,8618,0.0007333483734743903
Email Alerts,noon,0,7870,0.0007333483734743903
Email Alerts,sfurnrnrnrndescriptioncm,0,10501,0.0007333483734743903
Email Alerts,burst,0,1494,0.002788651702069831
Email Alerts,indicates,0,5730,0.0007333483734743903
Email Alerts,electromagnetic,0,3652,0.00043312736299266235
Email Alerts,withsolar,0,13117,0.0014666967469487806
Email Alerts,flarethewavelength,0,4442,0.0007333483734743903
Email Alerts,doublegreater,0,3269,0.0007333483734743903
Email Alerts,initialradio,0,5833,0.0007333483734743903
Email Alerts,background,0,1130,0.012827797829521223
Email Alerts,canindicativesignificant,0,1599,0.0007333483734743903
Email Alerts,noiseassociation,0,7844,0.0007333483734743903
Email Alerts,noisegenerally,0,7845,0.0007333483734743903
Email Alerts,shortlived,0,10550,0.0011154606808279324
Email Alerts,cause,0,1732,0.0008662547259853247
Email Alerts,interference,0,5964,0.0005577303404139662
Email Alerts,sensitive,0,10427,0.0005577303404139662
Email Alerts,receiver,0,9595,0.0005577303404139662
Email Alerts,including,0,5662,0.00043312736299266235
Email Alerts,radar,0,9468,0.0005577303404139662
Email Alerts,gps,0,5042,0.00043312736299266235
Email Alerts,communication,0,2103,0.0017325094519706494
Email Alerts,alttprnserial,0,466,0.0014666967469487806
Email Alerts,typeradio,0,12136,0.010266877228641464
Email Alerts,emissionrnbegin,0,3697,0.0014666967469487806
Email Alerts,utcrnrnrnrndescription,0,12440,0.0007333483734743903
Email Alerts,typeemissions,0,12132,0.0014666967469487806
Email Alerts,occurassociation,0,8109,0.0014666967469487806
Email Alerts,major,0,6928,0.00043312736299266235
Email Alerts,eruptionsthe,0,3886,0.0014666967469487806
Email Alerts,typically,0,12153,0.0008662547259853247
Email Alerts,coronal,0,2442,0.009528801985838572
Email Alerts,mass,0,7009,0.001299382088977987
Email Alerts,ejection,0,3618,0.0008662547259853247
Email Alerts,utcrnestimated,0,12433,0.0007333483734743903
Email Alerts,velocity,0,12517,0.00043312736299266235
Email Alerts,kmsrnrnrnrndescription,0,6285,0.0007333483734743903
Email Alerts,indicatecoronal,0,5722,0.0007333483734743903
Email Alerts,ejectionassociated,0,3620,0.0007333483734743903
Email Alerts,withflare,0,13059,0.0007333483734743903
Email Alerts,altpxrnserial,0,465,0.0007333483734743903
Email Alerts,utcrnnoaa,0,12435,0.0014666967469487806
Email Alerts,sumxrnserial,0,11308,0.0007333483734743903
Email Alerts,xray,0,13224,0.003898146266933961
Email Alerts,xrnbegin,0,13226,0.0007333483734743903
Email Alerts,utcrnxray,0,12448,0.0014666967469487806
Email Alerts,class,0,1924,0.002230921361655865
Email Alerts,xrnlocation,0,13227,0.0007333483734743903
Email Alerts,nwrnnoaa,0,7998,0.0014666967469487806
Email Alerts,strongrnrnnoaa,0,11129,0.0007333483734743903
Email Alerts,consistslarge,0,2292,0.0007333483734743903
Email Alerts,portionsthe,0,8939,0.0007333483734743903
Email Alerts,sunlit,0,11340,0.002200045120423171
Email Alerts,sideearth,0,10595,0.0014666967469487806
Email Alerts,strongestthe,0,11127,0.0014666967469487806
Email Alerts,subsolar,0,11196,0.0007333483734743903
Email Alerts,pointrnradio,0,8890,0.0007333483734743903
Email Alerts,wide,0,12930,0.0005577303404139662
Email Alerts,area,0,865,0.004331273629926623
Email Alerts,blackouthf,0,1361,0.0014666967469487806
Email Alerts,abouthour,0,32,0.0007333483734743903
Email Alerts,altxmfrnserial,0,467,0.0007333483734743903
Email Alerts,mrnthreshold,0,7522,0.0007333483734743903
Email Alerts,centeredsubsolar,0,1775,0.0007333483734743903
Email Alerts,pointthe,0,8897,0.0011154606808279324
Email Alerts,extentblackouthf,0,4200,0.0007333483734743903
Email Alerts,dependent,0,2899,0.0007333483734743903
Email Alerts,upon,0,12311,0.0011154606808279324
Email Alerts,intensity,0,5926,0.00043312736299266235
Email Alerts,realtime,0,9582,0.00043312736299266235
Email Alerts,informationaffected,0,5778,0.0007333483734743903
Email Alerts,duration,0,3425,0.0011154606808279324
Email Alerts,please,0,8875,0.0007333483734743903
Email Alerts,see,0,10385,0.0008662547259853247
Email Alerts,altefrnserial,0,449,0.0007333483734743903
Email Alerts,utcrnrncontinued,0,12438,0.0007333483734743903
Email Alerts,electron,0,3653,0.07666354324970123
Email Alerts,pfurncontinuationserial,0,8757,0.0007333483734743903
Email Alerts,rnbegin,0,10138,0.0007333483734743903
Email Alerts,utcrnyesterday,0,12449,0.0007333483734743903
Email Alerts,maximum,0,7040,0.021223240786640455
Email Alerts,pfurnrnrnrnpotential,0,8759,0.0007333483734743903
Email Alerts,significant,0,10613,0.0021656368149633115
Email Alerts,charging,0,1883,0.00043312736299266235
Email Alerts,resultingincreased,0,10037,0.0007333483734743903
Email Alerts,risksatellite,0,10124,0.0007333483734743903
Email Alerts,watarnserial,0,12691,0.0007333483734743903
Email Alerts,utcrnrnwatch,0,12444,0.0007333483734743903
Email Alerts,categorypredictedrnrnhighest,0,1731,0.0007333483734743903
Email Alerts,predicteddayrnfeb,0,9028,0.0007333483734743903
Email Alerts,none,0,7855,0.003346382042483797
Email Alerts,belowfeb,0,1297,0.0007333483734743903
Email Alerts,grnrnthis,0,5085,0.0007333483734743903
Email Alerts,supersedes,0,11363,0.0007333483734743903
Email Alerts,anyall,0,751,0.0007333483734743903
Email Alerts,prior,0,9119,0.0005577303404139662
Email Alerts,watcheseffectrnrnnoaa,0,12694,0.0007333483734743903
Email Alerts,sumxmrnserial,0,11307,0.0007333483734743903
Email Alerts,mrnbegin,0,7520,0.0007333483734743903
Email Alerts,mrnlocation,0,7521,0.0007333483734743903
Email Alerts,moderaternrncomment,0,7449,0.0007333483734743903
Email Alerts,chancean,0,1836,0.0007333483734743903
Email Alerts,laterthe,0,6420,0.0007333483734743903
Email Alerts,dayrnrnnoaa,0,2734,0.0007333483734743903
Email Alerts,centered,0,1772,0.008066832108218293
Email Alerts,primarilysubsolar,0,9113,0.0007333483734743903
Email Alerts,sideearthrnradio,0,10596,0.0007333483734743903
Email Alerts,limited,0,6694,0.0011154606808279324
Email Alerts,tensminutes,0,11572,0.0007333483734743903
Email Alerts,product,0,9222,0.031790629403596074
Email Alerts,forecastdiscussiontxt,0,4605,0.041067508914565856
Email Alerts,issued,0,6095,0.025121387053574418
Email Alerts,summary,0,11295,0.1271625176143843
Email Alerts,numerous,0,7993,0.003898146266933961
Email Alerts,cclass,0,1756,0.041067508914565856
Email Alerts,mostthe,0,7506,0.0030318915409486362
Email Alerts,producedregions,0,9206,0.0007333483734743903
Email Alerts,beyond,0,1333,0.01171233714869329
Email Alerts,east,0,3504,0.0011154606808279324
Email Alerts,west,0,12845,0.006692764084967594
Email Alerts,regionhsxalpha,0,9735,0.005133438614320732
Email Alerts,exhibited,0,4060,0.011733573975590245
Email Alerts,decay,0,2763,0.008365955106209494
Email Alerts,remained,0,9848,0.02200045120423171
Email Alerts,quiet,0,9450,0.04071397212131026
Email Alerts,regioncsobetagamma,0,9691,0.0007333483734743903
Email Alerts,continueddecay,0,2342,0.0007333483734743903
Email Alerts,regioncsobeta,0,9690,0.005133438614320732
Email Alerts,numbered,0,7965,0.0608679149983744
Email Alerts,otherwise,0,8387,0.002230921361655865
Email Alerts,unremarkable,0,12281,0.002933393493897561
Email Alerts,utcapproximately,0,12419,0.0007333483734743903
Email Alerts,degree,0,2842,0.001299382088977987
Email Alerts,long,0,6762,0.001299382088977987
Email Alerts,filament,0,4368,0.011000225602115854
Email Alerts,nearwas,0,7656,0.0014666967469487806
Email Alerts,lifting,0,6620,0.0036667418673719514
Email Alerts,corresponding,0,2459,0.0007333483734743903
Email Alerts,dimming,0,3079,0.0011154606808279324
Email Alerts,observedsuvi,0,8093,0.0014666967469487806
Email Alerts,imagery,0,5508,0.024540134978214515
Email Alerts,andfilament,0,585,0.0007333483734743903
Email Alerts,eruption,0,3883,0.007796292533867922
Email Alerts,offthe,0,8185,0.0011154606808279324
Email Alerts,eastsuvi,0,3508,0.0007333483734743903
Email Alerts,resulting,0,10035,0.00043312736299266235
Email Alerts,coronagraph,0,2436,0.01126131143780922
Email Alerts,imagerybeing,0,5512,0.0007333483734743903
Email Alerts,analyzed,0,522,0.0016731910212418985
Email Alerts,modeledthe,0,7374,0.0007333483734743903
Email Alerts,timethis,0,11931,0.002200045120423171
Email Alerts,summaryother,0,11300,0.0007333483734743903
Email Alerts,potentially,0,8984,0.001299382088977987
Email Alerts,earthdirected,0,3478,0.010596876467865357
Email Alerts,likelycontinuelow,0,6648,0.0007333483734743903
Email Alerts,levelsapr,0,6561,0.0014666967469487806
Email Alerts,apra,0,839,0.0007333483734743903
Email Alerts,anticipated,0,742,0.008365955106209494
Email Alerts,energetic,0,3750,0.02425513232758909
Email Alerts,particle,0,8531,0.02425513232758909
Email Alerts,wasbackground,0,12624,0.02346714795118049
Email Alerts,wasnormalmoderate,0,12665,0.03373402517982195
Email Alerts,fluxexpectedcontinuenormalmoderate,0,4496,0.013200270722539025
Email Alerts,parameter,0,8503,0.022955750238611104
Email Alerts,reflected,0,9654,0.005133438614320732
Email Alerts,field,0,4313,0.10438369448123162
Email Alerts,ranged,0,9503,0.02933393493897561
Email Alerts,thecomponent,0,11694,0.03300067680634756
Email Alerts,withsignificant,0,13112,0.0007333483734743903
Email Alerts,sustained,0,11410,0.00446184272331173
Email Alerts,southward,0,10778,0.031790629403596074
Email Alerts,deflection,0,2831,0.003346382042483797
Email Alerts,speed,0,10858,0.05933844872999474
Email Alerts,averaged,0,1107,0.007333483734743903
Email Alerts,km,0,6269,0.031185170135471688
Email Alerts,phi,0,8785,0.028444247361112278
Email Alerts,predominantly,0,9055,0.014666967469487806
Email Alerts,enhancementsthe,0,3791,0.005133438614320732
Email Alerts,environment,0,3820,0.010828184074816559
Email Alerts,anticipatedwane,0,747,0.0007333483734743903
Email Alerts,courseapr,0,2524,0.0007333483734743903
Email Alerts,withreturnnominal,0,13109,0.0014666967469487806
Email Alerts,conditionsapr,0,2203,0.0007333483734743903
Email Alerts,disturbance,0,3199,0.00043312736299266235
Email Alerts,againapr,0,317,0.0007333483734743903
Email Alerts,duenegative,0,3392,0.012466922349064635
Email Alerts,geospace,0,4933,0.03123289906318211
Email Alerts,wasquietunsettled,0,12677,0.007333483734743903
Email Alerts,quietunsettled,0,9462,0.05866786987795122
Email Alerts,expectedand,0,4084,0.0007333483734743903
Email Alerts,duech,0,3358,0.009533528855167074
Email Alerts,effectsprimarily,0,3559,0.0007333483734743903
Email Alerts,environmentexpectedapr,0,3827,0.0007333483734743903
Email Alerts,regionbxobeta,0,9681,0.002933393493897561
Email Alerts,producedm,0,9193,0.005133438614320732
Email Alerts,flareutc,0,4443,0.02420049632465488
Email Alerts,largestthe,0,6385,0.0036667418673719514
Email Alerts,throughout,0,11867,0.028153278594523053
Email Alerts,regiondaibetagamma,0,9696,0.005133438614320732
Email Alerts,growth,0,5109,0.011154606808279325
Email Alerts,remaining,0,9857,0.01126131143780922
Email Alerts,either,0,3608,0.00563065571890461
Email Alerts,stablein,0,10927,0.008066832108218293
Email Alerts,decayearthdirected,0,2765,0.004400090240846342
Email Alerts,detected,0,2968,0.002788651702069831
Email Alerts,forecastminormoderate,0,4626,0.004400090240846342
Email Alerts,remainedbackground,0,9849,0.005866786987795122
Email Alerts,fluxexpectedremainnormalmoderate,0,4502,0.002200045120423171
Email Alerts,werenominal,0,12840,0.0036667418673719514
Email Alerts,reachedand,0,9541,0.005133438614320732
Email Alerts,varied,0,12497,0.009533528855167074
Email Alerts,expectedremainnominal,0,4123,0.0014666967469487806
Email Alerts,levelsdecdecincreasesolar,0,6571,0.0007333483734743903
Email Alerts,parameterslikely,0,8508,0.0014666967469487806
Email Alerts,fromequatorial,0,4765,0.0014666967469487806
Email Alerts,unsettled,0,12286,0.02566719307160366
Email Alerts,fieldexpectedbe,0,4319,0.004400090240846342
Email Alerts,unsettleddec,0,12288,0.0007333483734743903
Email Alerts,regionfkcbetagammadelta,0,9731,0.0014666967469487806
Email Alerts,producedimpulsiveflare,0,9191,0.0007333483734743903
Email Alerts,rmoderateutc,0,10134,0.002933393493897561
Email Alerts,eventthe,0,3990,0.02900197770152624
Email Alerts,development,0,3008,0.0011154606808279324
Email Alerts,continued,0,2340,0.005019573063725695
Email Alerts,among,0,480,0.001299382088977987
Email Alerts,clusteractive,0,1970,0.0007333483734743903
Email Alerts,regionsthequadrant,0,9770,0.0007333483734743903
Email Alerts,withfew,0,13057,0.002933393493897561
Email Alerts,small,0,10695,0.0017325094519706494
Email Alerts,delta,0,2860,0.002200045120423171
Email Alerts,spot,0,10890,0.030117438382354172
Email Alerts,emergingnew,0,3695,0.0007333483734743903
Email Alerts,appeared,0,766,0.0011154606808279324
Email Alerts,nearbut,0,7632,0.002933393493897561
Email Alerts,numberedthe,0,7968,0.0007333483734743903
Email Alerts,writing,0,13214,0.0007333483734743903
Email Alerts,model,0,7362,0.002598764177955974
Email Alerts,analysisa,0,505,0.0014666967469487806
Email Alerts,large,0,6370,0.0017325094519706494
Email Alerts,theflareutc,0,11706,0.0007333483734743903
Email Alerts,visiblelascoimagery,0,12563,0.0007333483734743903
Email Alerts,beginningutc,0,1274,0.005133438614320732
Email Alerts,south,0,10770,0.0008662547259853247
Email Alerts,indicatedpossible,0,5727,0.0014666967469487806
Email Alerts,arrivalearth,0,925,0.0005577303404139662
Email Alerts,later,0,6419,0.0017325094519706494
Email Alerts,halfdec,0,5139,0.0007333483734743903
Email Alerts,activitylikely,0,194,0.0007333483734743903
Email Alerts,forisolated,0,4656,0.002200045120423171
Email Alerts,well,0,12813,0.0030318915409486362
Email Alerts,thethreshold,0,11800,0.0007333483734743903
Email Alerts,mostly,0,7499,0.02955970804194021
Email Alerts,eruptedthe,0,3880,0.0014666967469487806
Email Alerts,far,0,4262,0.0030318915409486362
Email Alerts,sidethe,0,10598,0.0016731910212418985
Email Alerts,crossed,0,2585,0.0007333483734743903
Email Alerts,thresholdutc,0,11863,0.0014666967469487806
Email Alerts,withpeak,0,13100,0.006600135361269513
Email Alerts,fluxpfuutc,0,4512,0.0014666967469487806
Email Alerts,decreasing,0,2804,0.002200045120423171
Email Alerts,remainsslight,0,9863,0.0014666967469487806
Email Alerts,weakly,0,12747,0.002933393493897561
Email Alerts,enhanced,0,3775,0.01992385869766247
Email Alerts,reachedpeaknt,0,9552,0.0007333483734743903
Email Alerts,andvaried,0,708,0.0007333483734743903
Email Alerts,angle,0,721,0.019520561914488817
Email Alerts,expectedprevail,0,4115,0.013200270722539025
Email Alerts,chancesee,0,1846,0.0007333483734743903
Email Alerts,influencesa,0,5765,0.0014666967469487806
Email Alerts,decdec,0,2776,0.0014666967469487806
Email Alerts,direct,0,3084,0.00043312736299266235
Email Alerts,quietactive,0,9451,0.022733799577706097
Email Alerts,forecastminor,0,4625,0.0036667418673719514
Email Alerts,expecteddec,0,4092,0.002200045120423171
Email Alerts,isolatedmoderate,0,6089,0.0007333483734743903
Email Alerts,arrivala,0,922,0.006600135361269513
Email Alerts,waning,0,12594,0.005866786987795122
Email Alerts,carry,0,1698,0.00043312736299266235
Email Alerts,wherecould,0,12882,0.0007333483734743903
Email Alerts,interact,0,5935,0.00043312736299266235
Email Alerts,withpositive,0,13102,0.0007333483734743903
Email Alerts,polarity,0,8904,0.008365955106209494
Email Alerts,hole,0,5364,0.00736316517087526
Email Alerts,largely,0,6371,0.00043312736299266235
Email Alerts,periodsdec,0,8684,0.0014666967469487806
Email Alerts,plus,0,8879,0.0005577303404139662
Email Alerts,additional,0,229,0.006692764084967594
Email Alerts,enhancement,0,3783,0.004764400992919286
Email Alerts,sundec,0,11321,0.0007333483734743903
Email Alerts,waslow,0,12652,0.005133438614320732
Email Alerts,lowlevel,0,6828,0.002933393493897561
Email Alerts,newly,0,7811,0.00043312736299266235
Email Alerts,regioncrobeta,0,9688,0.002933393493897561
Email Alerts,simple,0,10629,0.0008662547259853247
Email Alerts,relatively,0,9801,0.005577303404139662
Email Alerts,much,0,7527,0.00043312736299266235
Email Alerts,like,0,6634,0.00043312736299266235
Email Alerts,four,0,4723,0.0011154606808279324
Email Alerts,spotted,0,10901,0.003346382042483797
Email Alerts,includedfilament,0,5648,0.002200045120423171
Email Alerts,northcenter,0,7879,0.0007333483734743903
Email Alerts,beginning,0,1267,0.002788651702069831
Email Alerts,imageryrequiredidentify,0,5518,0.0007333483734743903
Email Alerts,analyze,0,521,0.0007333483734743903
Email Alerts,lowmar,0,6830,0.0007333483734743903
Email Alerts,lowlow,0,6829,0.005866786987795122
Email Alerts,slowly,0,10691,0.003465018903941299
Email Alerts,became,0,1199,0.003346382042483797
Email Alerts,thelimb,0,11723,0.014666967469487806
Email Alerts,reachedminor,0,9549,0.005133438614320732
Email Alerts,fluxexpectedcontinues,0,4497,0.002200045120423171
Email Alerts,levelsmar,0,6587,0.0014666967469487806
Email Alerts,forconditionspersist,0,4598,0.0007333483734743903
Email Alerts,expectedbe,0,4087,0.00725049442538156
Email Alerts,belowlevels,0,1298,0.0007333483734743903
Email Alerts,fluxexpectedbenormalmoderate,0,4493,0.006600135361269513
Email Alerts,duepositive,0,3399,0.011000225602115854
Email Alerts,strength,0,11106,0.014666967469487806
Email Alerts,wasor,0,12669,0.0014666967469487806
Email Alerts,belowand,0,1293,0.0007333483734743903
Email Alerts,duecontinuedhss,0,3363,0.002933393493897561
Email Alerts,expectedreturnmar,0,4125,0.0014666967469487806
Email Alerts,wasquiet,0,12674,0.0036667418673719514
Email Alerts,fieldexpectedrange,0,4331,0.0007333483734743903
Email Alerts,expectedmar,0,4106,0.002933393493897561
Email Alerts,duean,0,3351,0.002230921361655865
Email Alerts,impulsive,0,5624,0.0007333483734743903
Email Alerts,msfutc,0,7525,0.0014666967469487806
Email Alerts,multiple,0,7545,0.0060637830818972725
Email Alerts,observedregiondkibeta,0,8084,0.0007333483734743903
Email Alerts,stableslightly,0,10928,0.0007333483734743903
Email Alerts,decayingcme,0,2772,0.0007333483734743903
Email Alerts,thelimbsoholascoimagery,0,11727,0.0007333483734743903
Email Alerts,withc,0,13038,0.002200045120423171
Email Alerts,analysisin,0,507,0.0007333483734743903
Email Alerts,progress,0,9259,0.0005577303404139662
Email Alerts,however,0,5403,0.0064969104448899355
Email Alerts,northerly,0,7883,0.0007333483734743903
Email Alerts,trajectoryearthdirected,0,12029,0.0007333483734743903
Email Alerts,componentunlikely,0,2166,0.0007333483734743903
Email Alerts,averaging,0,1108,0.0007333483734743903
Email Alerts,around,0,914,0.014293202978757857
Email Alerts,predominately,0,9058,0.0014666967469487806
Email Alerts,expectedbecome,0,4088,0.0014666967469487806
Email Alerts,enhancedapr,0,3776,0.0007333483734743903
Email Alerts,continuing,0,2371,0.002788651702069831
Email Alerts,apradditioncontinuedhss,0,840,0.0007333483734743903
Email Alerts,expectedrecovernominal,0,4120,0.0007333483734743903
Email Alerts,unsettledactive,0,12287,0.01833370933685976
Email Alerts,lateapr,0,6398,0.0007333483734743903
Email Alerts,passagecmes,0,8574,0.0007333483734743903
Email Alerts,combined,0,2065,0.0008662547259853247
Email Alerts,withhss,0,13068,0.0007333483734743903
Email Alerts,expectedaprconditions,0,4085,0.0007333483734743903
Email Alerts,regiondkibetagamma,0,9706,0.0014666967469487806
Email Alerts,produced,0,9183,0.010828184074816559
Email Alerts,strongest,0,11123,0.0021656368149633115
Email Alerts,flarethe,0,4441,0.003346382042483797
Email Alerts,periodm,0,8674,0.0007333483734743903
Email Alerts,rminorutc,0,10131,0.002933393493897561
Email Alerts,evolution,0,4004,0.0005577303404139662
Email Alerts,seen,0,10402,0.0008662547259853247
Email Alerts,mostlythe,0,7504,0.002933393493897561
Email Alerts,intermediate,0,5969,0.015400315842962196
Email Alerts,spotsregions,0,10899,0.0007333483734743903
Email Alerts,ekcbetagammaekibetagamma,0,3630,0.0007333483734743903
Email Alerts,andekibetagamma,0,575,0.002200045120423171
Email Alerts,stable,0,10922,0.008800180481692683
Email Alerts,regionsdsobeta,0,9757,0.0007333483734743903
Email Alerts,andhsxalpha,0,606,0.0014666967469487806
Email Alerts,numberedthey,0,7969,0.0007333483734743903
Email Alerts,rotated,0,10177,0.007808224765795528
Email Alerts,onto,0,8254,0.00446184272331173
Email Alerts,thelimbearthdirected,0,11724,0.0007333483734743903
Email Alerts,observedavailable,0,8061,0.012466922349064635
Email Alerts,flaresminormoderate,0,4432,0.007333483734743903
Email Alerts,steadyaroundand,0,11006,0.0007333483734743903
Email Alerts,decreased,0,2796,0.005577303404139662
Email Alerts,kmskms,0,6279,0.008800180481692683
Email Alerts,coursethe,0,2526,0.0036667418673719514
Email Alerts,expectedbeor,0,4089,0.0007333483734743903
Email Alerts,levelsaug,0,6563,0.004400090240846342
Email Alerts,slightly,0,10686,0.009481415787037425
Email Alerts,possible,0,8957,0.00736316517087526
Email Alerts,glancingblow,0,4971,0.0007333483734743903
Email Alerts,sunaug,0,11315,0.002200045120423171
Email Alerts,fieldlikelycontinuemostly,0,4341,0.0007333483734743903
Email Alerts,periodsactive,0,8683,0.004400090240846342
Email Alerts,influencethe,0,5771,0.0011154606808279324
Email Alerts,peripherya,0,8716,0.0007333483734743903
Email Alerts,increasedmoderate,0,5687,0.0014666967469487806
Email Alerts,impulsiveflare,0,5625,0.0007333483734743903
Email Alerts,observedutc,0,8095,0.01833370933685976
Email Alerts,regioneaobeta,0,9716,0.0007333483734743903
Email Alerts,regionwellfrom,0,9775,0.0007333483734743903
Email Alerts,regionsdkobetalcsobeta,0,9756,0.0007333483734743903
Email Alerts,anddsibetagamma,0,571,0.0007333483734743903
Email Alerts,little,0,6735,0.0016731910212418985
Email Alerts,physical,0,8796,0.0005577303404139662
Email Alerts,change,0,1852,0.003465018903941299
Email Alerts,five,0,4399,0.0017325094519706494
Email Alerts,reemerged,0,9643,0.0007333483734743903
Email Alerts,new,0,7810,0.012993820889779871
Email Alerts,numberedlarge,0,7967,0.0007333483734743903
Email Alerts,roughly,0,10186,0.001299382088977987
Email Alerts,nearlifted,0,7643,0.0014666967469487806
Email Alerts,beginningaround,0,1269,0.0007333483734743903
Email Alerts,andexpectedmiss,0,581,0.0007333483734743903
Email Alerts,upstreamearthfullhalo,0,12318,0.0007333483734743903
Email Alerts,beginningutcbelievedbefarside,0,1275,0.0007333483734743903
Email Alerts,eventno,0,3973,0.0007333483734743903
Email Alerts,clear,0,1948,0.0008662547259853247
Email Alerts,sourcethe,0,10768,0.0011154606808279324
Email Alerts,discernable,0,3107,0.0007333483734743903
Email Alerts,possibly,0,8972,0.0017325094519706494
Email Alerts,farside,0,4266,0.0011154606808279324
Email Alerts,wastyperadio,0,12684,0.0036667418673719514
Email Alerts,sweeputc,0,11423,0.0007333483734743903
Email Alerts,withspeedkmsearthdirected,0,13121,0.0007333483734743903
Email Alerts,detectedavailable,0,2969,0.004400090240846342
Email Alerts,data,0,2681,0.0030318915409486362
Email Alerts,fluxexpectedpersistbackground,0,4498,0.004400090240846342
Email Alerts,wasa,0,12621,0.004400090240846342
Email Alerts,mildly,0,7266,0.008066832108218293
Email Alerts,influencesdec,0,5767,0.0007333483734743903
Email Alerts,yet,0,13242,0.0021656368149633115
Email Alerts,waninghss,0,12595,0.002200045120423171
Email Alerts,forpossible,0,4692,0.0005577303404139662
Email Alerts,onemore,0,8216,0.0007333483734743903
Email Alerts,nearmiss,0,7646,0.0007333483734743903
Email Alerts,decgradual,0,2779,0.0007333483734743903
Email Alerts,returnnominal,0,10067,0.0036667418673719514
Email Alerts,fieldexpectedbequiet,0,4321,0.012466922349064635
Email Alerts,likelydec,0,6650,0.0036667418673719514
Email Alerts,duewaninghss,0,3418,0.0014666967469487806
Email Alerts,andpossible,0,658,0.002933393493897561
Email Alerts,arrivalonemore,0,929,0.0007333483734743903
Email Alerts,expectedpassclose,0,4112,0.0007333483734743903
Email Alerts,proximityearth,0,9366,0.0007333483734743903
Email Alerts,expecteddecpossible,0,4093,0.0007333483734743903
Email Alerts,wasmoderate,0,12660,0.0036667418673719514
Email Alerts,regioncaobeta,0,9683,0.0036667418673719514
Email Alerts,periodit,0,8669,0.0014666967469487806
Email Alerts,limbmn,0,6682,0.0007333483734743903
Email Alerts,producedadditionalflarewithassociated,0,9184,0.0007333483734743903
Email Alerts,dueits,0,3386,0.0005577303404139662
Email Alerts,close,0,1954,0.0008662547259853247
Email Alerts,proximitythe,0,9367,0.0007333483734743903
Email Alerts,cmeexpectedmiss,0,1985,0.0007333483734743903
Email Alerts,westearth,0,12846,0.0007333483734743903
Email Alerts,regionekcbetagammadelta,0,9721,0.004400090240846342
Email Alerts,complexthe,0,2150,0.0005577303404139662
Email Alerts,developed,0,2996,0.002788651702069831
Email Alerts,trailer,0,12022,0.004400090240846342
Email Alerts,grewarea,0,5074,0.0007333483734743903
Email Alerts,regiondaobeta,0,9698,0.002933393493897561
Email Alerts,fully,0,4827,0.0008662547259853247
Email Alerts,ten,0,11560,0.0011154606808279324
Email Alerts,beginningapproximately,0,1268,0.002200045120423171
Email Alerts,utcdsf,0,12423,0.0007333483734743903
Email Alerts,observedgonghalpha,0,8068,0.0007333483734743903
Email Alerts,imageryapparent,0,5509,0.0007333483734743903
Email Alerts,identifiedsubsequent,0,5483,0.0007333483734743903
Email Alerts,steadybackground,0,11007,0.004400090240846342
Email Alerts,andwas,0,711,0.00043312736299266235
Email Alerts,wereor,0,12842,0.0007333483734743903
Email Alerts,majoritythe,0,6930,0.003346382042483797
Email Alerts,mostlya,0,7500,0.0007333483734743903
Email Alerts,likelyexperience,0,6653,0.0007333483734743903
Email Alerts,occurredthe,0,8120,0.0016731910212418985
Email Alerts,latejulreturnambient,0,6407,0.0007333483734743903
Email Alerts,conditionslikely,0,2219,0.002200045120423171
Email Alerts,seeminor,0,10398,0.0007333483734743903
Email Alerts,influencea,0,5758,0.0036667418673719514
Email Alerts,latejulcme,0,6406,0.0007333483734743903
Email Alerts,responsible,0,10020,0.007796292533867922
Email Alerts,largestwhich,0,6388,0.002200045120423171
Email Alerts,wasm,0,12655,0.019067057710334148
Email Alerts,thiscontinuedbe,0,11823,0.0007333483734743903
Email Alerts,regionthe,0,9771,0.003904112382897764
Email Alerts,trailingnw,0,12025,0.0007333483734743903
Email Alerts,dsobeta,0,3341,0.0007333483734743903
Email Alerts,unnumberedthis,0,12278,0.002200045120423171
Email Alerts,timewe,0,11933,0.002200045120423171
Email Alerts,await,0,1115,0.002933393493897561
Email Alerts,observatory,0,8047,0.0021656368149633115
Email Alerts,report,0,9879,0.001299382088977987
Email Alerts,signsdecay,0,10615,0.002200045120423171
Email Alerts,regionl,0,9739,0.02493384469812927
Email Alerts,decayedplageapproximately,0,2768,0.0007333483734743903
Email Alerts,utcfilament,0,12424,0.0007333483734743903
Email Alerts,northarhrxalpha,0,7878,0.0007333483734743903
Email Alerts,observedgoes,0,8066,0.0014666967469487806
Email Alerts,suvi,0,11412,0.002200045120423171
Email Alerts,angstrom,0,723,0.0007333483734743903
Email Alerts,seeminglysubsequent,0,10397,0.0007333483734743903
Email Alerts,easterly,0,3505,0.0007333483734743903
Email Alerts,faint,0,4253,0.0036667418673719514
Email Alerts,narrow,0,7593,0.0005577303404139662
Email Alerts,firstseenlascocoronagraph,0,4394,0.0007333483734743903
Email Alerts,modeling,0,7377,0.001299382088977987
Email Alerts,effort,0,3583,0.001299382088977987
Email Alerts,suggest,0,11269,0.0014666967469487806
Email Alerts,thatweak,0,11676,0.0007333483734743903
Email Alerts,blowearth,0,1380,0.0007333483734743903
Email Alerts,maypossibleearly,0,7067,0.0007333483734743903
Email Alerts,additionallymore,0,232,0.0007333483734743903
Email Alerts,impressive,0,5611,0.0007333483734743903
Email Alerts,westerly,0,12847,0.0014666967469487806
Email Alerts,observedlascocoronagraph,0,8073,0.0007333483734743903
Email Alerts,appearshave,0,772,0.0014666967469487806
Email Alerts,originated,0,8370,0.004400090240846342
Email Alerts,andtherefore,0,701,0.0007333483734743903
Email Alerts,activityexpectedcontinuemoderate,0,185,0.0007333483734743903
Email Alerts,forxclass,0,4716,0.01833370933685976
Email Alerts,potentialregion,0,8989,0.0014666967469487806
Email Alerts,forecastchance,0,4603,0.0007333483734743903
Email Alerts,locationar,0,6750,0.0007333483734743903
Email Alerts,withchancereach,0,13042,0.0014666967469487806
Email Alerts,beginningmar,0,1270,0.0007333483734743903
Email Alerts,sunmar,0,11342,0.0007333483734743903
Email Alerts,northwardnear,0,7890,0.0007333483734743903
Email Alerts,neutral,0,7804,0.0005577303404139662
Email Alerts,gradually,0,5048,0.003346382042483797
Email Alerts,kmsjust,0,6278,0.0014666967469487806
Email Alerts,kmsthe,0,6287,0.002200045120423171
Email Alerts,endthe,0,3747,0.007333483734743903
Email Alerts,takingfew,0,11503,0.0007333483734743903
Email Alerts,brief,0,1438,0.0011154606808279324
Email Alerts,excursion,0,4052,0.0014666967469487806
Email Alerts,intonegative,0,6000,0.002933393493897561
Email Alerts,sector,0,10376,0.005577303404139662
Email Alerts,ambientlike,0,475,0.002933393493897561
Email Alerts,remaindermarcme,0,9846,0.0007333483734743903
Email Alerts,expectedprevailmar,0,4118,0.0007333483734743903
Email Alerts,withreturnisolated,0,13107,0.0007333483734743903
Email Alerts,periodslatemar,0,8691,0.0007333483734743903
Email Alerts,remainedmoderate,0,9852,0.0007333483734743903
Email Alerts,two,0,12120,0.05673968455203877
Email Alerts,regiondkcbetagamma,0,9704,0.002933393493897561
Email Alerts,form,0,4660,0.0008662547259853247
Email Alerts,flareand,0,4411,0.0007333483734743903
Email Alerts,regiondkcbetadelta,0,9703,0.0007333483734743903
Email Alerts,formutc,0,4688,0.0007333483734743903
Email Alerts,eleven,0,3674,0.0007333483734743903
Email Alerts,majoritythem,0,6931,0.0007333483734743903
Email Alerts,experiencing,0,4147,0.0007333483734743903
Email Alerts,trailing,0,12023,0.007333483734743903
Email Alerts,spotregion,0,10893,0.0007333483734743903
Email Alerts,sheared,0,10517,0.0007333483734743903
Email Alerts,become,0,1218,0.0008662547259853247
Email Alerts,regionfkibetagammadelta,0,9732,0.0007333483734743903
Email Alerts,remains,0,9859,0.003898146266933961
Email Alerts,continuesproduce,0,2366,0.0007333483734743903
Email Alerts,regioninterestregion,0,9738,0.0007333483734743903
Email Alerts,becauseits,0,1207,0.0005577303404139662
Email Alerts,fairly,0,4255,0.0014666967469487806
Email Alerts,quickly,0,9449,0.002230921361655865
Email Alerts,expanding,0,4074,0.0005577303404139662
Email Alerts,outthe,0,8430,0.00043312736299266235
Email Alerts,primary,0,9115,0.0021656368149633115
Email Alerts,penumbra,0,8619,0.0014666967469487806
Email Alerts,aforementioned,0,305,0.004400090240846342
Email Alerts,driver,0,3316,0.0005577303404139662
Email Alerts,moving,0,7517,0.002788651702069831
Email Alerts,forward,0,4711,0.0005577303404139662
Email Alerts,nearbeginningaround,0,7631,0.0007333483734743903
Email Alerts,though,0,11842,0.001299382088977987
Email Alerts,bulkmaterial,0,1488,0.0007333483734743903
Email Alerts,appearedhave,0,768,0.0007333483734743903
Email Alerts,reabsorbed,0,9538,0.0007333483734743903
Email Alerts,beenearthdirected,0,1229,0.0007333483734743903
Email Alerts,activityexpectedbemoderatehigh,0,178,0.0014666967469487806
Email Alerts,auga,0,1058,0.0014666967469487806
Email Alerts,remaingeoeffective,0,9856,0.0014666967469487806
Email Alerts,location,0,6747,0.0008662547259853247
Email Alerts,southwardas,0,10779,0.0014666967469487806
Email Alerts,muchfor,0,7529,0.0014666967469487806
Email Alerts,prolonged,0,9278,0.0005577303404139662
Email Alerts,beena,0,1227,0.0007333483734743903
Email Alerts,gradual,0,5047,0.002933393493897561
Email Alerts,rise,0,10112,0.0007333483734743903
Email Alerts,perioda,0,8650,0.002933393493897561
Email Alerts,peakkmsdeclined,0,8606,0.0007333483734743903
Email Alerts,expectedremain,0,4121,0.004400090240846342
Email Alerts,weakening,0,12737,0.0014666967469487806
Email Alerts,reachedsevere,0,9555,0.0014666967469487806
Email Alerts,levelslatethe,0,6583,0.0007333483734743903
Email Alerts,synoptic,0,11446,0.0011154606808279324
Email Alerts,periodhas,0,8665,0.0014666967469487806
Email Alerts,remainedg,0,9850,0.0007333483734743903
Email Alerts,muchthe,0,7533,0.0017325094519706494
Email Alerts,forecastmoderate,0,4627,0.0014666967469487806
Email Alerts,partsaug,0,8563,0.0007333483734743903
Email Alerts,activeunsettled,0,162,0.0007333483734743903
Email Alerts,thereafter,0,11759,0.006600135361269513
Email Alerts,levelsaugcme,0,6564,0.0014666967469487806
Email Alerts,diminish,0,3072,0.0014666967469487806
Email Alerts,bri,0,1434,0.002200045120423171
Email Alerts,returnedlow,0,10059,0.0007333483734743903
Email Alerts,nearly,0,7644,0.0014666967469487806
Email Alerts,allthe,0,418,0.0005577303404139662
Email Alerts,growthits,0,5111,0.0014666967469487806
Email Alerts,maintained,0,6918,0.0005577303404139662
Email Alerts,gamma,0,4867,0.002200045120423171
Email Alerts,configuration,0,2251,0.002230921361655865
Email Alerts,regionscaibetacaobeta,0,9749,0.0007333483734743903
Email Alerts,andhaxalpha,0,604,0.0007333483734743903
Email Alerts,stabledisplayed,0,10924,0.0007333483734743903
Email Alerts,observedcoronagraph,0,8063,0.002933393493897561
Email Alerts,observedlascoimageryapproximately,0,8075,0.0007333483734743903
Email Alerts,withlarge,0,13081,0.0007333483734743903
Email Alerts,prominence,0,9279,0.0014666967469487806
Email Alerts,lifted,0,6619,0.0016731910212418985
Email Alerts,analysis,0,504,0.00736316517087526
Email Alerts,indicatedmiss,0,5726,0.0007333483734743903
Email Alerts,aheadearth,0,356,0.0014666967469487806
Email Alerts,second,0,10366,0.003465018903941299
Email Alerts,waslarge,0,12650,0.0007333483734743903
Email Alerts,explosive,0,4182,0.0005577303404139662
Email Alerts,occurredapproximately,0,8113,0.0007333483734743903
Email Alerts,notedsuvi,0,7908,0.0007333483734743903
Email Alerts,old,0,8197,0.0016731910212418985
Email Alerts,seenlascoimageryutc,0,10406,0.0007333483734743903
Email Alerts,limbis,0,6681,0.0007333483734743903
Email Alerts,expectedhaveearthdirected,0,4100,0.0007333483734743903
Email Alerts,component,0,2152,0.003898146266933961
Email Alerts,normalmoderate,0,7874,0.015400315842962196
Email Alerts,reachingpeak,0,9564,0.0014666967469487806
Email Alerts,valuepfu,0,12472,0.0007333483734743903
Email Alerts,thus,0,11876,0.0005577303404139662
Email Alerts,reachedpeak,0,9550,0.04400090240846342
Email Alerts,valuepfuutc,0,12473,0.0014666967469487806
Email Alerts,novnov,0,7933,0.0007333483734743903
Email Alerts,expecteddiminisha,0,4096,0.0007333483734743903
Email Alerts,forthresholds,0,4707,0.0007333483734743903
Email Alerts,returningnear,0,10065,0.0007333483734743903
Email Alerts,levelsnov,0,6592,0.002933393493897561
Email Alerts,indicativea,0,5733,0.0014666967469487806
Email Alerts,ssbcthe,0,10914,0.0007333483734743903
Email Alerts,moved,0,7514,0.0007333483734743903
Email Alerts,intogeoeffective,0,5993,0.002933393493897561
Email Alerts,position,0,8947,0.006135033744553629
Email Alerts,betweenand,0,1329,0.0005577303404139662
Email Alerts,fluctuated,0,4472,0.0014666967469487806
Email Alerts,predominantlya,0,9056,0.0007333483734743903
Email Alerts,occasional,0,8105,0.0014666967469487806
Email Alerts,oscillation,0,8375,0.0016731910212418985
Email Alerts,intopositive,0,6001,0.0014666967469487806
Email Alerts,anticipatedbecome,0,743,0.0014666967469487806
Email Alerts,dueanticipatedhss,0,3356,0.0007333483734743903
Email Alerts,continuedmoderate,0,2349,0.0014666967469487806
Email Alerts,regiondacbetagamma,0,9693,0.0014666967469487806
Email Alerts,producedmsf,0,9200,0.002200045120423171
Email Alerts,andmat,0,624,0.0007333483734743903
Email Alerts,regioncaibeta,0,9682,0.0014666967469487806
Email Alerts,contributedm,0,2392,0.0007333483734743903
Email Alerts,rminorutcit,0,10132,0.0014666967469487806
Email Alerts,edged,0,3516,0.0007333483734743903
Email Alerts,towards,0,12006,0.00725049442538156
Email Alerts,almost,0,424,0.0005577303404139662
Email Alerts,addedthe,0,226,0.0007333483734743903
Email Alerts,mflare,0,7226,0.0014666967469487806
Email Alerts,mix,0,7342,0.0007333483734743903
Email Alerts,producingcsf,0,9220,0.0007333483734743903
Email Alerts,continuedevolve,0,2346,0.0014666967469487806
Email Alerts,numerouslist,0,7994,0.0007333483734743903
Email Alerts,displayedleast,0,3169,0.0007333483734743903
Email Alerts,appearedbe,0,767,0.0007333483734743903
Email Alerts,nearthecomponent,0,7654,0.0007333483734743903
Email Alerts,saw,0,10273,0.001299382088977987
Email Alerts,deflectionsand,0,2832,0.0007333483734743903
Email Alerts,nominal,0,7851,0.008365955106209494
Email Alerts,augaug,0,1059,0.0007333483734743903
Email Alerts,interaction,0,5937,0.002230921361655865
Email Alerts,withch,0,13039,0.0007333483734743903
Email Alerts,could,0,2476,0.002598764177955974
Email Alerts,bring,0,1445,0.0005577303404139662
Email Alerts,imf,0,5529,0.028444247361112278
Email Alerts,augaugweakhss,0,1060,0.0007333483734743903
Email Alerts,move,0,7513,0.0021656368149633115
Email Alerts,chancesof,0,1848,0.0007333483734743903
Email Alerts,regionproducedimpulsiveflare,0,9744,0.0007333483734743903
Email Alerts,leader,0,6470,0.006600135361269513
Email Alerts,thereachedfar,0,11758,0.0007333483734743903
Email Alerts,southsolar,0,10776,0.0014666967469487806
Email Alerts,followingprolonged,0,4577,0.0007333483734743903
Email Alerts,periodsouthwardforecast,0,8695,0.0007333483734743903
Email Alerts,fieldexpectedreach,0,4332,0.0007333483734743903
Email Alerts,numbermclass,0,7977,0.0007333483734743903
Email Alerts,flaresinclude,0,4426,0.0007333483734743903
Email Alerts,thanevents,0,11598,0.0007333483734743903
Email Alerts,thirteen,0,11816,0.0007333483734743903
Email Alerts,designated,0,2940,0.0007333483734743903
Email Alerts,presentthe,0,9092,0.0014666967469487806
Email Alerts,solidlyupper,0,10735,0.0007333483734743903
Email Alerts,main,0,6913,0.0008662547259853247
Email Alerts,regionsnote,0,9764,0.0007333483734743903
Email Alerts,today,0,11953,0.001299382088977987
Email Alerts,werefkcbetagammadeltaekcbetagammadeltaeaibeta,0,12835,0.0007333483734743903
Email Alerts,underwent,0,12231,0.006600135361269513
Email Alerts,growththe,0,5113,0.0014666967469487806
Email Alerts,coveragewas,0,2540,0.0007333483734743903
Email Alerts,daym,0,2731,0.0007333483734743903
Email Alerts,rmoderateutcalso,0,10135,0.0007333483734743903
Email Alerts,producedmthat,0,9201,0.0007333483734743903
Email Alerts,peakedutc,0,8604,0.002200045120423171
Email Alerts,section,0,10372,0.001299382088977987
Email Alerts,sourcemclass,0,10761,0.0007333483734743903
Email Alerts,flaresincludemnutc,0,4427,0.0007333483734743903
Email Alerts,earthview,0,3496,0.0007333483734743903
Email Alerts,revealed,0,10074,0.0005577303404139662
Email Alerts,itselfa,0,6130,0.0007333483734743903
Email Alerts,larger,0,6373,0.0011154606808279324
Email Alerts,assigneda,0,978,0.0007333483734743903
Email Alerts,recently,0,9600,0.001299382088977987
Email Alerts,emerged,0,3687,0.0011154606808279324
Email Alerts,plentyradio,0,8876,0.0007333483734743903
Email Alerts,noted,0,7903,0.0017325094519706494
Email Alerts,nothing,0,7913,0.0005577303404139662
Email Alerts,prolific,0,9277,0.0007333483734743903
Email Alerts,onethe,0,8220,0.00043312736299266235
Email Alerts,equateda,0,3842,0.0007333483734743903
Email Alerts,tenflaremhz,0,11567,0.0007333483734743903
Email Alerts,sfu,0,10499,0.005133438614320732
Email Alerts,unit,0,12248,0.0005577303404139662
Email Alerts,typeest,0,12133,0.002200045120423171
Email Alerts,velocitykms,0,12518,0.004400090240846342
Email Alerts,andradio,0,669,0.0007333483734743903
Email Alerts,sweep,0,11418,0.011733573975590245
Email Alerts,indicativecme,0,5734,0.0014666967469487806
Email Alerts,movement,0,7515,0.0014666967469487806
Email Alerts,another,0,733,0.0030318915409486362
Email Alerts,tenflare,0,11566,0.002200045120423171
Email Alerts,several,0,10490,0.004331273629926623
Email Alerts,initial,0,5830,0.0016731910212418985
Email Alerts,likelyhave,0,6655,0.0007333483734743903
Email Alerts,recentflare,0,9599,0.0007333483734743903
Email Alerts,havecme,0,5198,0.0007333483734743903
Email Alerts,withbasedthe,0,13035,0.0007333483734743903
Email Alerts,usaf,0,12333,0.0007333483734743903
Email Alerts,reported,0,9882,0.00043312736299266235
Email Alerts,willanalyzedensureglancing,0,12947,0.0007333483734743903
Email Alerts,moderatehigh,0,7447,0.002933393493897561
Email Alerts,andchance,0,553,0.0014666967469487806
Email Alerts,numbermagnetically,0,7976,0.0007333483734743903
Email Alerts,rotate,0,10176,0.0014666967469487806
Email Alerts,outview,0,8432,0.0007333483734743903
Email Alerts,daysnew,0,2740,0.0007333483734743903
Email Alerts,regionindicatednsogong,0,9737,0.0007333483734743903
Email Alerts,helioseismologylikelyrotate,0,5267,0.0007333483734743903
Email Alerts,viewday,0,12538,0.0007333483734743903
Email Alerts,threefour,0,11855,0.0005577303404139662
Email Alerts,normal,0,7871,0.0005577303404139662
Email Alerts,fluxanticipatedcontinuenormalmoderate,0,4482,0.0007333483734743903
Email Alerts,related,0,9784,0.00043312736299266235
Email Alerts,effectschance,0,3542,0.0007333483734743903
Email Alerts,ongoing,0,8225,0.0005577303404139662
Email Alerts,fromandin,0,4753,0.0007333483734743903
Email Alerts,addition,0,228,0.0005577303404139662
Email Alerts,complexregionsincludewillrotating,0,2149,0.0007333483734743903
Email Alerts,intomore,0,5997,0.0007333483734743903
Email Alerts,locationthe,0,6757,0.0014666967469487806
Email Alerts,southwest,0,10784,0.0011154606808279324
Email Alerts,arrival,0,921,0.003898146266933961
Email Alerts,passage,0,8572,0.004400090240846342
Email Alerts,whileis,0,12913,0.0005577303404139662
Email Alerts,unknown,0,12264,0.0005577303404139662
Email Alerts,certaintybelieve,0,1798,0.0007333483734743903
Email Alerts,thisbeexpected,0,11821,0.0007333483734743903
Email Alerts,initiallyutc,0,5832,0.0007333483734743903
Email Alerts,promptly,0,9287,0.0007333483734743903
Email Alerts,againutc,0,323,0.0007333483734743903
Email Alerts,peakednt,0,8603,0.002200045120423171
Email Alerts,notably,0,7894,0.0007333483734743903
Email Alerts,eventually,0,3991,0.001299382088977987
Email Alerts,seemedsettle,0,10396,0.0007333483734743903
Email Alerts,intosouthward,0,6003,0.0007333483734743903
Email Alerts,orientationutc,0,8363,0.0007333483734743903
Email Alerts,reachedmaximum,0,9546,0.0007333483734743903
Email Alerts,deviationsolar,0,3033,0.0007333483734743903
Email Alerts,kmsbetween,0,6275,0.0007333483734743903
Email Alerts,firmly,0,4386,0.0007333483734743903
Email Alerts,secondary,0,10367,0.00043312736299266235
Email Alerts,whenvaried,0,12879,0.0007333483734743903
Email Alerts,enhancedaugcme,0,3777,0.0007333483734743903
Email Alerts,continues,0,2360,0.002788651702069831
Email Alerts,additionallyare,0,231,0.0007333483734743903
Email Alerts,still,0,11025,0.0008662547259853247
Email Alerts,anticipating,0,748,0.0007333483734743903
Email Alerts,keep,0,6226,0.00043312736299266235
Email Alerts,begin,0,1266,0.001299382088977987
Email Alerts,weakeningaug,0,12738,0.0007333483734743903
Email Alerts,withreturna,0,13106,0.0007333483734743903
Email Alerts,fieldaug,0,4316,0.0007333483734743903
Email Alerts,continueoccurany,0,2358,0.0007333483734743903
Email Alerts,future,0,4849,0.00043312736299266235
Email Alerts,notsurprising,0,7925,0.0007333483734743903
Email Alerts,withisolated,0,13077,0.0036667418673719514
Email Alerts,periodg,0,8663,0.0014666967469487806
Email Alerts,timeframevaried,0,11905,0.0007333483734743903
Email Alerts,responsecme,0,10016,0.0007333483734743903
Email Alerts,likelyaug,0,6644,0.0007333483734743903
Email Alerts,duecontinuing,0,3364,0.0007333483734743903
Email Alerts,anticipateddecreaseactive,0,745,0.0007333483734743903
Email Alerts,withreturnmainly,0,13108,0.0007333483734743903
Email Alerts,pending,0,8613,0.0014666967469487806
Email Alerts,followingxb,0,4579,0.0007333483734743903
Email Alerts,regiondkcbetagammadelta,0,9705,0.0014666967469487806
Email Alerts,discreet,0,3122,0.0014666967469487806
Email Alerts,signature,0,10601,0.005866786987795122
Email Alerts,included,0,5644,0.00043312736299266235
Email Alerts,sweepswellaradio,0,11422,0.0007333483734743903
Email Alerts,growing,0,5107,0.00043312736299266235
Email Alerts,smaller,0,10696,0.0005577303404139662
Email Alerts,startingseparate,0,10962,0.0007333483734743903
Email Alerts,andmn,0,627,0.0007333483734743903
Email Alerts,flareutcwellseveral,0,4445,0.0007333483734743903
Email Alerts,addedm,0,224,0.0007333483734743903
Email Alerts,andm,0,622,0.0016731910212418985
Email Alerts,flareutcit,0,4444,0.002200045120423171
Email Alerts,made,0,6851,0.0011154606808279324
Email Alerts,way,0,12706,0.0008662547259853247
Email Alerts,simplificationit,0,10632,0.0007333483734743903
Email Alerts,neared,0,7638,0.0007333483734743903
Email Alerts,inactive,0,5628,0.0014666967469487806
Email Alerts,currentlyearthdirected,0,2620,0.0007333483734743903
Email Alerts,visibleavailable,0,12561,0.0007333483734743903
Email Alerts,willconductedthe,0,12955,0.0007333483734743903
Email Alerts,halo,0,5145,0.0036667418673719514
Email Alerts,theflaremore,0,11705,0.0007333483734743903
Email Alerts,becomes,0,1222,0.002230921361655865
Email Alerts,available,0,1095,0.0008662547259853247
Email Alerts,activityexpectedbemoderate,0,177,0.0014666967469487806
Email Alerts,returnednear,0,10060,0.0014666967469487806
Email Alerts,nearto,0,7655,0.0007333483734743903
Email Alerts,average,0,1106,0.00043312736299266235
Email Alerts,nearthe,0,7653,0.0007333483734743903
Email Alerts,latter,0,6432,0.0016731910212418985
Email Alerts,halfthe,0,5144,0.002230921361655865
Email Alerts,andthrough,0,704,0.0007333483734743903
Email Alerts,value,0,12468,0.002230921361655865
Email Alerts,potentialhss,0,8982,0.0007333483734743903
Email Alerts,fromnorthern,0,4786,0.0007333483734743903
Email Alerts,geoeffective,0,4920,0.005577303404139662
Email Alerts,starting,0,10958,0.0008662547259853247
Email Alerts,enhancementssolar,0,3790,0.0014666967469487806
Email Alerts,possiblethe,0,8970,0.0007333483734743903
Email Alerts,connects,0,2269,0.0007333483734743903
Email Alerts,confidence,0,2244,0.002230921361655865
Email Alerts,lowits,0,6825,0.0007333483734743903
Email Alerts,remainderaugresidual,0,9844,0.0007333483734743903
Email Alerts,diminishesnorthern,0,3076,0.0007333483734743903
Email Alerts,holeanticipatedbecome,0,5365,0.0007333483734743903
Email Alerts,leada,0,6465,0.00043312736299266235
Email Alerts,enhancementthe,0,3792,0.0014666967469487806
Email Alerts,confidencelowthis,0,2248,0.002200045120423171
Email Alerts,regiondaibetagammadelta,0,9697,0.0014666967469487806
Email Alerts,largestcsfutc,0,6379,0.0007333483734743903
Email Alerts,grew,0,5073,0.0007333483734743903
Email Alerts,regaineddelta,0,9664,0.0007333483734743903
Email Alerts,configurationits,0,2252,0.002200045120423171
Email Alerts,stableabout,0,10923,0.0007333483734743903
Email Alerts,utcdegree,0,12422,0.0007333483734743903
Email Alerts,longoriented,0,6774,0.0007333483734743903
Email Alerts,sse,0,10916,0.0007333483734743903
Email Alerts,limbsoholasco,0,6686,0.0007333483734743903
Email Alerts,run,0,10202,0.001299382088977987
Email Alerts,output,0,8419,0.0008662547259853247
Email Alerts,suggestedearthdirected,0,11272,0.0014666967469487806
Email Alerts,componentadditional,0,2153,0.0007333483734743903
Email Alerts,reflectedslightly,0,9656,0.0007333483734743903
Email Alerts,withnegative,0,13094,0.0007333483734743903
Email Alerts,week,0,12799,0.003465018903941299
Email Alerts,reachedfar,0,9543,0.0007333483734743903
Email Alerts,declined,0,2787,0.0036667418673719514
Email Alerts,diminishing,0,3077,0.002200045120423171
Email Alerts,expectedmarch,0,4107,0.0007333483734743903
Email Alerts,hsscme,0,5432,0.0007333483734743903
Email Alerts,dissipates,0,3183,0.0007333483734743903
Email Alerts,influenceanother,0,5759,0.0007333483734743903
Email Alerts,wasquietactive,0,12675,0.007333483734743903
Email Alerts,combinedhss,0,2067,0.0007333483734743903
Email Alerts,mara,0,6984,0.0007333483734743903
Email Alerts,effective,0,3533,0.0005577303404139662
Email Alerts,wasxb,0,12690,0.0007333483734743903
Email Alerts,rstrongutc,0,10199,0.0007333483734743903
Email Alerts,regionekibetagammadeltaaddition,0,9725,0.0007333483734743903
Email Alerts,seven,0,10488,0.0005577303404139662
Email Alerts,regionsdaibetadkibetagamma,0,9753,0.0007333483734743903
Email Alerts,observedregions,0,8086,0.0007333483734743903
Email Alerts,regionaxxalpha,0,9679,0.004400090240846342
Email Alerts,flaring,0,4447,0.002933393493897561
Email Alerts,regionaxxalphaaround,0,9680,0.0007333483734743903
Email Alerts,resulteda,0,10032,0.0007333483734743903
Email Alerts,blownov,0,1382,0.0007333483734743903
Email Alerts,persisteds,0,8727,0.0007333483734743903
Email Alerts,fluxexpectedbe,0,4490,0.002933393493897561
Email Alerts,prevailed,0,9103,0.0036667418673719514
Email Alerts,withincreaseinterplanetary,0,13072,0.0007333483734743903
Email Alerts,latethe,0,6423,0.0014666967469487806
Email Alerts,expectedprevailnov,0,4119,0.0007333483734743903
Email Alerts,likelynov,0,6663,0.002200045120423171
Email Alerts,duecontinued,0,3362,0.004400090240846342
Email Alerts,quietnov,0,9460,0.0007333483734743903
Email Alerts,pairimpulsive,0,8484,0.0007333483734743903
Email Alerts,showed,0,10577,0.002230921361655865
Email Alerts,penumbral,0,8620,0.0007333483734743903
Email Alerts,regionekibetadelta,0,9723,0.0007333483734743903
Email Alerts,stablehalo,0,10926,0.0007333483734743903
Email Alerts,observedlascoimagery,0,8074,0.002200045120423171
Email Alerts,ejecta,0,3613,0.0016731910212418985
Email Alerts,determinedhave,0,2985,0.0014666967469487806
Email Alerts,behind,0,1284,0.0008662547259853247
Email Alerts,limbno,0,6684,0.0007333483734743903
Email Alerts,componentexpected,0,2156,0.0007333483734743903
Email Alerts,additionallypairsmall,0,233,0.0007333483734743903
Email Alerts,offtheandat,0,8186,0.0007333483734743903
Email Alerts,utcnarrow,0,12427,0.0007333483734743903
Email Alerts,thebeginningutc,0,11690,0.0007333483734743903
Email Alerts,outputthis,0,8421,0.0007333483734743903
Email Alerts,suggested,0,11271,0.002788651702069831
Email Alerts,wasearth,0,12632,0.0007333483734743903
Email Alerts,directed,0,3085,0.0017325094519706494
Email Alerts,couldseen,0,2498,0.0007333483734743903
Email Alerts,willconductedimagery,0,12953,0.0007333483734743903
Email Alerts,based,0,1167,0.0005577303404139662
Email Alerts,andcsobeta,0,565,0.0007333483734743903
Email Alerts,increasedhigh,0,5686,0.0014666967469487806
Email Alerts,withmaximum,0,13087,0.002933393493897561
Email Alerts,fluxexpectedreach,0,4499,0.0007333483734743903
Email Alerts,levelsdec,0,6570,0.0007333483734743903
Email Alerts,backnormalmoderate,0,1133,0.0007333483734743903
Email Alerts,steadyaround,0,11005,0.0007333483734743903
Email Alerts,withvariablecomponent,0,13133,0.002200045120423171
Email Alerts,away,0,1121,0.0016731910212418985
Email Alerts,decdecincreasesolar,0,2777,0.0007333483734743903
Email Alerts,beenmostly,0,1234,0.0007333483734743903
Email Alerts,fieldlikelyremainmostly,0,4343,0.0007333483734743903
Email Alerts,increasingisolated,0,5704,0.0007333483734743903
Email Alerts,remainedlow,0,9851,0.0014666967469487806
Email Alerts,regiondaobetagamma,0,9699,0.0014666967469487806
Email Alerts,continuedproduce,0,2350,0.0007333483734743903
Email Alerts,thoughdid,0,11843,0.0007333483734743903
Email Alerts,exhibit,0,4059,0.0007333483734743903
Email Alerts,lost,0,6800,0.0011154606808279324
Email Alerts,configurationwas,0,2253,0.0007333483734743903
Email Alerts,periodc,0,8654,0.0007333483734743903
Email Alerts,weakclass,0,12734,0.0007333483734743903
Email Alerts,withpeakpfuutc,0,13101,0.0007333483734743903
Email Alerts,nearbackground,0,7628,0.0007333483734743903
Email Alerts,regime,0,9670,0.00446184272331173
Email Alerts,nearbz,0,7633,0.0007333483734743903
Email Alerts,hadfew,0,5134,0.0014666967469487806
Email Alerts,deflectionsnear,0,2834,0.0007333483734743903
Email Alerts,kmsabout,0,6271,0.0014666967469487806
Email Alerts,utcincreasednt,0,12425,0.0007333483734743903
Email Alerts,indicated,0,5723,0.002230921361655865
Email Alerts,deviationsthe,0,3034,0.0005577303404139662
Email Alerts,displayed,0,3168,0.0007333483734743903
Email Alerts,enhancedmar,0,3780,0.0007333483734743903
Email Alerts,environmentexpectedsee,0,3830,0.0007333483734743903
Email Alerts,conditionsa,0,2201,0.0007333483734743903
Email Alerts,quietisolated,0,9456,0.0007333483734743903
Email Alerts,marnew,0,6997,0.0007333483734743903
Email Alerts,polarityhssexpectedmove,0,8908,0.0007333483734743903
Email Alerts,bringingquietunsettled,0,1448,0.0007333483734743903
Email Alerts,possibleminor,0,8966,0.0007333483734743903
Email Alerts,marthe,0,7001,0.0007333483734743903
Email Alerts,pass,0,8571,0.002200045120423171
Email Alerts,enoughearth,0,3796,0.0014666967469487806
Email Alerts,thisa,0,11817,0.0005577303404139662
Email Alerts,forecastthis,0,4639,0.0007333483734743903
Email Alerts,levelsregion,0,6596,0.0007333483734743903
Email Alerts,nearproducedmsf,0,7648,0.0007333483734743903
Email Alerts,decayedplage,0,2767,0.0007333483734743903
Email Alerts,remergeda,0,9866,0.0007333483734743903
Email Alerts,single,0,10647,0.0011154606808279324
Email Alerts,regionekibetagamma,0,9724,0.002933393493897561
Email Alerts,thiswas,0,11835,0.0007333483734743903
Email Alerts,formajoritythe,0,4661,0.0007333483734743903
Email Alerts,regionsaxxalpha,0,9746,0.0007333483734743903
Email Alerts,andcaobeta,0,551,0.0007333483734743903
Email Alerts,stablewesterly,0,10929,0.0007333483734743903
Email Alerts,withsurge,0,13125,0.0007333483734743903
Email Alerts,followedfield,0,4561,0.0007333483734743903
Email Alerts,line,0,6703,0.001299382088977987
Email Alerts,nearas,0,7627,0.0007333483734743903
Email Alerts,seenc,0,10404,0.0007333483734743903
Email Alerts,imageryapproximately,0,5510,0.002200045120423171
Email Alerts,modelingthis,0,7387,0.002200045120423171
Email Alerts,suggestsmiss,0,11280,0.0007333483734743903
Email Alerts,aheadearths,0,357,0.0014666967469487806
Email Alerts,orbit,0,8321,0.05673968455203877
Email Alerts,fromwas,0,4810,0.002200045120423171
Email Alerts,observedc,0,8062,0.002200045120423171
Email Alerts,eventcurrently,0,3967,0.0007333483734743903
Email Alerts,underway,0,12230,0.0014666967469487806
Email Alerts,dueweak,0,3419,0.005133438614320732
Email Alerts,cir,0,1910,0.0014666967469487806
Email Alerts,benign,0,1316,0.0007333483734743903
Email Alerts,ranging,0,9515,0.0005577303404139662
Email Alerts,coursejul,0,2525,0.0007333483734743903
Email Alerts,enhancementexpected,0,3784,0.0007333483734743903
Email Alerts,midlatejula,0,7250,0.0007333483734743903
Email Alerts,polarityhsslikelybecome,0,8909,0.0007333483734743903
Email Alerts,expectedjul,0,4103,0.0007333483734743903
Email Alerts,expectedjulmidlatejul,0,4104,0.0007333483734743903
Email Alerts,onset,0,8247,0.0005577303404139662
Email Alerts,producedmb,0,9195,0.0007333483734743903
Email Alerts,periodtypeest,0,8709,0.0007333483734743903
Email Alerts,along,0,427,0.0030318915409486362
Email Alerts,withtenflare,0,13126,0.0007333483734743903
Email Alerts,eventcmesuspectedbe,0,3966,0.0007333483734743903
Email Alerts,imageryneed,0,5515,0.0007333483734743903
Email Alerts,conformation,0,2258,0.0007333483734743903
Email Alerts,regionekcbetadelta,0,9719,0.0007333483734743903
Email Alerts,continuedbe,0,2341,0.0007333483734743903
Email Alerts,notable,0,7893,0.0016731910212418985
Email Alerts,eruptive,0,3888,0.0016731910212418985
Email Alerts,includedc,0,5646,0.0014666967469487806
Email Alerts,fromunspotted,0,4809,0.0007333483734743903
Email Alerts,areathe,0,880,0.0007333483734743903
Email Alerts,eastregiondaibetagammadelta,0,3507,0.0007333483734743903
Email Alerts,producedtypeest,0,9211,0.0007333483734743903
Email Alerts,sweepassociated,0,11419,0.0007333483734743903
Email Alerts,seensoholascoimageryutc,0,10410,0.0007333483734743903
Email Alerts,modeled,0,7372,0.0005577303404139662
Email Alerts,result,0,10030,0.0008662547259853247
Email Alerts,slowmoving,0,10692,0.0007333483734743903
Email Alerts,periphery,0,8715,0.002200045120423171
Email Alerts,passearth,0,8578,0.0007333483734743903
Email Alerts,rstronggreater,0,10198,0.0007333483734743903
Email Alerts,returnednominal,0,10061,0.0007333483734743903
Email Alerts,belowsolar,0,1304,0.0007333483734743903
Email Alerts,lowto,0,6834,0.0007333483734743903
Email Alerts,end,0,3734,0.002230921361655865
Email Alerts,transitioned,0,12046,0.002200045120423171
Email Alerts,negativepositive,0,7766,0.0007333483734743903
Email Alerts,likelyprevail,0,6665,0.0014666967469487806
Email Alerts,maystronger,0,7073,0.0007333483734743903
Email Alerts,disturbanceexpected,0,3200,0.0007333483734743903
Email Alerts,latemay,0,6412,0.0007333483734743903
Email Alerts,reach,0,9539,0.002598764177955974
Email Alerts,levelsmay,0,6588,0.002200045120423171
Email Alerts,likelymay,0,6661,0.0014666967469487806
Email Alerts,influencesadditionthe,0,5766,0.0007333483734743903
Email Alerts,periodsgg,0,8688,0.0007333483734743903
Email Alerts,minormoderate,0,7296,0.0011154606808279324
Email Alerts,note,0,7902,0.0008662547259853247
Email Alerts,went,0,12833,0.0011154606808279324
Email Alerts,offlineutc,0,8183,0.0007333483734743903
Email Alerts,network,0,7786,0.00043312736299266235
Email Alerts,outage,0,8394,0.0005577303404139662
Email Alerts,begancomearound,0,1256,0.0007333483734743903
Email Alerts,intermittent,0,5971,0.0007333483734743903
Email Alerts,gap,0,4869,0.00043312736299266235
Email Alerts,workin,0,13156,0.0007333483734743903
Email Alerts,progressrestore,0,9264,0.0007333483734743903
Email Alerts,service,0,10457,0.00043312736299266235
Email Alerts,isolatedflareutc,0,6087,0.0007333483734743903
Email Alerts,regionfaibetagammadelta,0,9730,0.0007333483734743903
Email Alerts,changed,0,1853,0.0005577303404139662
Email Alerts,last,0,6394,0.001299382088977987
Email Alerts,decayits,0,2774,0.0014666967469487806
Email Alerts,modelingthe,0,7386,0.0011154606808279324
Email Alerts,nearthat,0,7652,0.0007333483734743903
Email Alerts,offutc,0,8190,0.0007333483734743903
Email Alerts,returned,0,10056,0.0007333483734743903
Email Alerts,flanking,0,4409,0.0014666967469487806
Email Alerts,influencesearthlatejun,0,5768,0.0007333483734743903
Email Alerts,eventongoingsecond,0,3975,0.0007333483734743903
Email Alerts,erupted,0,3878,0.0016731910212418985
Email Alerts,nearwithassociated,0,7658,0.0007333483734743903
Email Alerts,southeast,0,10773,0.002200045120423171
Email Alerts,limbmodel,0,6683,0.0007333483734743903
Email Alerts,eventalsoprogress,0,3962,0.0007333483734743903
Email Alerts,fluxexpectedbeor,0,4494,0.0007333483734743903
Email Alerts,fromnearat,0,4783,0.0007333483734743903
Email Alerts,periodprolonged,0,8681,0.0007333483734743903
Email Alerts,periodsouthwardreaching,0,8696,0.0007333483734743903
Email Alerts,junenhancement,0,6203,0.0007333483734743903
Email Alerts,latejunlikelylate,0,6410,0.0007333483734743903
Email Alerts,mostjun,0,7498,0.0007333483734743903
Email Alerts,storminglate,0,11055,0.0007333483734743903
Email Alerts,arrivalflanking,0,926,0.0007333483734743903
Email Alerts,regionproducedmn,0,9745,0.0007333483734743903
Email Alerts,notedregion,0,7906,0.0007333483734743903
Email Alerts,muchafter,0,7528,0.0007333483734743903
Email Alerts,steady,0,11004,0.004400090240846342
Email Alerts,regionekobetagamma,0,9727,0.0014666967469487806
Email Alerts,regiondaibeta,0,9694,0.0014666967469487806
Email Alerts,increasedarea,0,5681,0.0007333483734743903
Email Alerts,decregion,0,2805,0.0007333483734743903
Email Alerts,rotates,0,10180,0.003346382042483797
Email Alerts,fromdownntthe,0,4763,0.0007333483734743903
Email Alerts,variablesolar,0,12491,0.0007333483734743903
Email Alerts,forecastgradual,0,4611,0.0007333483734743903
Email Alerts,returnambient,0,10053,0.0007333483734743903
Email Alerts,fieldexpectedcontinuequietactive,0,4330,0.0007333483734743903
Email Alerts,throughdeccme,0,11864,0.0007333483734743903
Email Alerts,wanereturnmostly,0,12591,0.0007333483734743903
Email Alerts,conditionsexpected,0,2210,0.002200045120423171
Email Alerts,periodmutc,0,8677,0.0007333483734743903
Email Alerts,withaccompanying,0,13028,0.0007333483734743903
Email Alerts,typesweep,0,12148,0.002200045120423171
Email Alerts,est,0,3907,0.002933393493897561
Email Alerts,continuedexhibit,0,2347,0.002200045120423171
Email Alerts,groupthe,0,5105,0.0007333483734743903
Email Alerts,spotscme,0,10894,0.0007333483734743903
Email Alerts,thispossibly,0,11831,0.0007333483734743903
Email Alerts,regiondaobetautctypesweep,0,9700,0.0007333483734743903
Email Alerts,withestimated,0,13054,0.004400090240846342
Email Alerts,speedkms,0,10861,0.0007333483734743903
Email Alerts,bulkthis,0,1490,0.0007333483734743903
Email Alerts,cmeexpectedbe,0,1983,0.0007333483734743903
Email Alerts,farthe,0,4268,0.0007333483734743903
Email Alerts,analysisongoingdeterminetherean,0,509,0.0007333483734743903
Email Alerts,componentother,0,2161,0.0014666967469487806
Email Alerts,persisting,0,8732,0.0007333483734743903
Email Alerts,continuedreflectedenhancementthe,0,2352,0.0007333483734743903
Email Alerts,reachedthecomponent,0,9556,0.0007333483734743903
Email Alerts,deviated,0,3032,0.0007333483734743903
Email Alerts,neara,0,7625,0.0014666967469487806
Email Alerts,maximumsolar,0,7043,0.0007333483734743903
Email Alerts,thehss,0,11712,0.0007333483734743903
Email Alerts,diminishlateaug,0,3078,0.0007333483734743903
Email Alerts,imfreturna,0,5532,0.0007333483734743903
Email Alerts,regimeexpected,0,9671,0.0007333483734743903
Email Alerts,augthehss,0,1066,0.0007333483734743903
Email Alerts,earlyaug,0,3461,0.0007333483734743903
Email Alerts,weakhss,0,12744,0.0014666967469487806
Email Alerts,leadmostly,0,6488,0.0007333483734743903
Email Alerts,wasmn,0,12659,0.0007333483734743903
Email Alerts,producedregioncaobetagamma,0,9205,0.0007333483734743903
Email Alerts,thelimbutc,0,11728,0.002200045120423171
Email Alerts,flaresobvious,0,4434,0.0007333483734743903
Email Alerts,eitherthese,0,3611,0.0007333483734743903
Email Alerts,shortly,0,10551,0.0005577303404139662
Email Alerts,producedc,0,9186,0.002933393493897561
Email Alerts,correlatesa,0,2457,0.0007333483734743903
Email Alerts,observedlascoimageryutc,0,8076,0.0007333483734743903
Email Alerts,imageryavailablethis,0,5511,0.0007333483734743903
Email Alerts,butthorough,0,1522,0.0007333483734743903
Email Alerts,willconductedinformation,0,12954,0.0007333483734743903
Email Alerts,availabledeterminetherean,0,1097,0.0007333483734743903
Email Alerts,flaresit,0,4428,0.002200045120423171
Email Alerts,regionshow,0,9760,0.0007333483734743903
Email Alerts,adding,0,227,0.0005577303404139662
Email Alerts,spotswelladditional,0,10900,0.0007333483734743903
Email Alerts,peripheral,0,8714,0.0007333483734743903
Email Alerts,spotwas,0,10902,0.0007333483734743903
Email Alerts,forfew,0,4651,0.0005577303404139662
Email Alerts,beingc,0,1285,0.0007333483734743903
Email Alerts,formed,0,4671,0.0005577303404139662
Email Alerts,showing,0,10578,0.0011154606808279324
Email Alerts,cmeearthdirected,0,1981,0.0007333483734743903
Email Alerts,returnedbackground,0,10058,0.0007333483734743903
Email Alerts,expectedremainbackground,0,4122,0.0007333483734743903
Email Alerts,underwenthandfulsouthward,0,12233,0.0007333483734743903
Email Alerts,reachingminimumphi,0,9561,0.0007333483734743903
Email Alerts,enhancednovnegative,0,3782,0.0007333483734743903
Email Alerts,persistnov,0,8735,0.0007333483734743903
Email Alerts,expecteddecreasenear,0,4094,0.0007333483734743903
Email Alerts,backgroundthemoves,0,1131,0.0007333483734743903
Email Alerts,outa,0,8392,0.0011154606808279324
Email Alerts,expectedreturnnov,0,4127,0.0007333483734743903
Email Alerts,periodsnov,0,8693,0.0007333483734743903
Email Alerts,expectedreturnthemoves,0,4128,0.0007333483734743903
Email Alerts,levelsxsf,0,6599,0.0007333483734743903
Email Alerts,regionehibetagamma,0,9718,0.0007333483734743903
Email Alerts,type,0,12129,0.0021656368149633115
Email Alerts,emission,0,3696,0.0017325094519706494
Email Alerts,occurredwellan,0,8124,0.0007333483734743903
Email Alerts,asymmetric,0,1017,0.0007333483734743903
Email Alerts,theinimageryutc,0,11717,0.0007333483734743903
Email Alerts,source,0,10759,0.0008662547259853247
Email Alerts,bulkthe,0,1489,0.002788651702069831
Email Alerts,cmeexpectedbetheandof,0,1984,0.0007333483734743903
Email Alerts,influencelikely,0,5762,0.0007333483734743903
Email Alerts,accordingpreliminary,0,107,0.0007333483734743903
Email Alerts,modelling,0,7393,0.0036667418673719514
Email Alerts,analysisthis,0,515,0.0007333483734743903
Email Alerts,timingongoingthe,0,11937,0.0007333483734743903
Email Alerts,formsf,0,4685,0.0007333483734743903
Email Alerts,formerly,0,4674,0.0007333483734743903
Email Alerts,flaresits,0,4429,0.0007333483734743903
Email Alerts,remainednormalmoderate,0,9853,0.0007333483734743903
Email Alerts,polaritybecame,0,8905,0.0007333483734743903
Email Alerts,fluctuating,0,4474,0.0007333483734743903
Email Alerts,rose,0,10175,0.0007333483734743903
Email Alerts,settlingnear,0,10485,0.0007333483734743903
Email Alerts,remainedthe,0,9855,0.002200045120423171
Email Alerts,weakinfluence,0,12746,0.0007333483734743903
Email Alerts,dueweakinfluence,0,3420,0.0007333483734743903
Email Alerts,undernominal,0,12205,0.002933393493897561
Email Alerts,longduration,0,6764,0.0005577303404139662
Email Alerts,regionlit,0,9740,0.0007333483734743903
Email Alerts,wasc,0,12626,0.013933619096013415
Email Alerts,signaturessoholascoimagerythe,0,10604,0.0007333483734743903
Email Alerts,regionnowthe,0,9741,0.0007333483734743903
Email Alerts,farsidethe,0,4267,0.0007333483734743903
Email Alerts,ejectaexpectedhead,0,3614,0.0007333483734743903
Email Alerts,westward,0,12849,0.0007333483734743903
Email Alerts,upstreamearth,0,12317,0.0005577303404139662
Email Alerts,potentialregionit,0,8990,0.0007333483734743903
Email Alerts,duerecent,0,3403,0.0007333483734743903
Email Alerts,fluxexpectedremain,0,4500,0.004400090240846342
Email Alerts,weregradual,0,12836,0.0007333483734743903
Email Alerts,decline,0,2786,0.002200045120423171
Email Alerts,steadily,0,11003,0.0021656368149633115
Email Alerts,fromtoby,0,4803,0.0007333483734743903
Email Alerts,reporting,0,9888,0.007333483734743903
Email Alerts,orientedthe,0,8365,0.0014666967469487806
Email Alerts,periodwas,0,8712,0.0007333483734743903
Email Alerts,activitywellit,0,206,0.0007333483734743903
Email Alerts,maintainedgamma,0,6919,0.0007333483734743903
Email Alerts,regionsckobeta,0,9750,0.0007333483734743903
Email Alerts,andekcbetagamma,0,573,0.0007333483734743903
Email Alerts,tackedcclass,0,11489,0.0007333483734743903
Email Alerts,flareswell,0,4439,0.0007333483734743903
Email Alerts,presenting,0,9091,0.0007333483734743903
Email Alerts,mixed,0,7343,0.0007333483734743903
Email Alerts,polaritiesits,0,8903,0.0007333483734743903
Email Alerts,producingc,0,9219,0.0007333483734743903
Email Alerts,unnumberedwe,0,12279,0.0007333483734743903
Email Alerts,reportsearthdirected,0,9891,0.0014666967469487806
Email Alerts,foror,0,4690,0.002933393493897561
Email Alerts,deflectionsduring,0,2833,0.0007333483734743903
Email Alerts,fieldexpectedbeunsettledactive,0,4327,0.0007333483734743903
Email Alerts,remainderjan,0,9845,0.0007333483734743903
Email Alerts,jannegative,0,6161,0.0007333483734743903
Email Alerts,beenlow,0,1232,0.013933619096013415
Email Alerts,wascutc,0,12629,0.0007333483734743903
Email Alerts,vicinityplage,0,12534,0.0007333483734743903
Email Alerts,regionthis,0,9773,0.0007333483734743903
Email Alerts,accompanieda,0,95,0.0007333483734743903
Email Alerts,theof,0,11748,0.0007333483734743903
Email Alerts,determined,0,2982,0.0014666967469487806
Email Alerts,cmemiss,0,1991,0.0007333483734743903
Email Alerts,howeverweak,0,5412,0.0007333483734743903
Email Alerts,notruled,0,7923,0.0007333483734743903
Email Alerts,latefeb,0,6401,0.0036667418673719514
Email Alerts,regionekibetagammathe,0,9726,0.0007333483734743903
Email Alerts,one,0,8206,0.05673968455203877
Email Alerts,emergence,0,3689,0.0036667418673719514
Email Alerts,andincreaseinterior,0,612,0.0007333483734743903
Email Alerts,canseenregiondaibetadelta,0,1628,0.0007333483734743903
Email Alerts,withsingle,0,13114,0.0007333483734743903
Email Alerts,flarecutc,0,4414,0.0007333483734743903
Email Alerts,fluxgeostationary,0,4504,0.0036667418673719514
Email Alerts,beenmoderate,0,1233,0.012466922349064635
Email Alerts,weakhssthe,0,12745,0.0007333483734743903
Email Alerts,northern,0,7884,0.0017325094519706494
Email Alerts,hemisphere,0,5282,0.005577303404139662
Email Alerts,simpletheir,0,10631,0.002200045120423171
Email Alerts,reducing,0,9640,0.0016731910212418985
Email Alerts,impactful,0,5540,0.002200045120423171
Email Alerts,therefore,0,11767,0.0016731910212418985
Email Alerts,belowminor,0,1299,0.004400090240846342
Email Alerts,followingnegative,0,4575,0.0007333483734743903
Email Alerts,andorpossible,0,648,0.0007333483734743903
Email Alerts,diskthe,0,3160,0.0007333483734743903
Email Alerts,interplanetary,0,5979,0.0008662547259853247
Email Alerts,sustaining,0,11411,0.0005577303404139662
Email Alerts,direction,0,3088,0.001299382088977987
Email Alerts,northward,0,7889,0.002200045120423171
Email Alerts,forecastnorthern,0,4628,0.0007333483734743903
Email Alerts,hemispheric,0,5283,0.0007333483734743903
Email Alerts,holeexpectedbecome,0,5366,0.0007333483734743903
Email Alerts,possiblethis,0,8971,0.0007333483734743903
Email Alerts,beenquietactive,0,1237,0.007333483734743903
Email Alerts,partsfeb,0,8564,0.0007333483734743903
Email Alerts,fieldexpectedtrend,0,4335,0.0007333483734743903
Email Alerts,conditionseffects,0,2209,0.0007333483734743903
Email Alerts,negativehss,0,7763,0.0007333483734743903
Email Alerts,transitiona,0,12045,0.002200045120423171
Email Alerts,hemispherichss,0,5284,0.0007333483734743903
Email Alerts,late,0,6397,0.0014666967469487806
Email Alerts,basedthe,0,1179,0.0011154606808279324
Email Alerts,minimal,0,7287,0.0005577303404139662
Email Alerts,increasedrminor,0,5693,0.0007333483734743903
Email Alerts,impulsiveflareutc,0,5626,0.0007333483734743903
Email Alerts,continueddevelop,0,2344,0.0014666967469487806
Email Alerts,increasemagnetic,0,5697,0.0014666967469487806
Email Alerts,regionckobeta,0,9686,0.0007333483734743903
Email Alerts,quietearth,0,9454,0.0014666967469487806
Email Alerts,fluxlikelyremainmoderatehigh,0,4510,0.002200045120423171
Email Alerts,enhancednegative,0,3781,0.002933393493897561
Email Alerts,fieldremained,0,4351,0.0014666967469487806
Email Alerts,nearwhile,0,7657,0.0014666967469487806
Email Alerts,environmentexpectedbe,0,3828,0.0014666967469487806
Email Alerts,dueonset,0,3394,0.0014666967469487806
Email Alerts,wasunsettledactive,0,12686,0.0014666967469487806
Email Alerts,febch,0,4287,0.0036667418673719514
Email Alerts,dueanflareutc,0,3354,0.002933393493897561
Email Alerts,regioneaibetagamma,0,9715,0.0014666967469487806
Email Alerts,lookshave,0,6781,0.0014666967469487806
Email Alerts,muchits,0,7531,0.0007333483734743903
Email Alerts,butbecoming,0,1509,0.0007333483734743903
Email Alerts,difficultanalyzeit,0,3058,0.0007333483734743903
Email Alerts,regiondaibetadelta,0,9695,0.0007333483734743903
Email Alerts,producer,0,9216,0.002933393493897561
Email Alerts,rapid,0,9518,0.0011154606808279324
Email Alerts,shear,0,10516,0.0005577303404139662
Email Alerts,across,0,142,0.0008662547259853247
Email Alerts,experienced,0,4142,0.00043312736299266235
Email Alerts,quitebitgrowth,0,9464,0.0007333483734743903
Email Alerts,length,0,6538,0.0005577303404139662
Email Alerts,increasingsize,0,5707,0.0007333483734743903
Email Alerts,dueconsolidationinterior,0,3361,0.0007333483734743903
Email Alerts,regardlessgrowth,0,9668,0.0007333483734743903
Email Alerts,followingch,0,4570,0.0014666967469487806
Email Alerts,returningmoderate,0,10064,0.0007333483734743903
Email Alerts,continuedreflect,0,2351,0.0007333483734743903
Email Alerts,aroundwithmostly,0,916,0.0007333483734743903
Email Alerts,variablecomponent,0,12490,0.0007333483734743903
Email Alerts,wassustained,0,12682,0.0007333483734743903
Email Alerts,periodsouthwardbetween,0,8694,0.0007333483734743903
Email Alerts,shifted,0,10531,0.0007333483734743903
Email Alerts,backvariable,0,1141,0.0007333483734743903
Email Alerts,beenthe,0,1241,0.0007333483734743903
Email Alerts,aside,0,948,0.0007333483734743903
Email Alerts,fromfew,0,4770,0.00043312736299266235
Email Alerts,expecteddiminish,0,4095,0.0007333483734743903
Email Alerts,forweak,0,4714,0.002200045120423171
Email Alerts,diskfeb,0,3153,0.0014666967469487806
Email Alerts,confidencelowthe,0,2247,0.0014666967469487806
Email Alerts,arrive,0,933,0.0016731910212418985
Email Alerts,willdisturbed,0,12957,0.0014666967469487806
Email Alerts,andgradual,0,596,0.0014666967469487806
Email Alerts,forecastchanges,0,4604,0.0007333483734743903
Email Alerts,discussion,0,3130,0.0011154606808279324
Email Alerts,febnegative,0,4292,0.0007333483734743903
Email Alerts,stormingearlymid,0,11051,0.0007333483734743903
Email Alerts,sunfeb,0,11328,0.002933393493897561
Email Alerts,thislow,0,11828,0.0007333483734743903
Email Alerts,expectedprevailfebany,0,4116,0.0007333483734743903
Email Alerts,regioneacbetadelta,0,9712,0.0007333483734743903
Email Alerts,maintainedweak,0,6921,0.0007333483734743903
Email Alerts,deltaits,0,2861,0.0007333483734743903
Email Alerts,exhibiting,0,4061,0.0007333483734743903
Email Alerts,signsdecaywas,0,10617,0.0007333483734743903
Email Alerts,began,0,1253,0.0021656368149633115
Email Alerts,transitthe,0,12056,0.0007333483734743903
Email Alerts,andat,0,540,0.0007333483734743903
Email Alerts,respectivelyslow,0,10008,0.0007333483734743903
Email Alerts,aforementionedflare,0,306,0.0007333483734743903
Email Alerts,seencoronagraph,0,10405,0.0007333483734743903
Email Alerts,whilesubstantial,0,12918,0.0007333483734743903
Email Alerts,componentnot,0,2160,0.0007333483734743903
Email Alerts,modelingcurrently,0,7381,0.0005577303404139662
Email Alerts,fluxlikelyremainmoderate,0,4509,0.005133438614320732
Email Alerts,hasslight,0,5187,0.002200045120423171
Email Alerts,chancereachingminor,0,1845,0.004400090240846342
Email Alerts,potentialar,0,8979,0.002200045120423171
Email Alerts,increasedpeaksthecomponent,0,5692,0.0007333483734743903
Email Alerts,underwentfew,0,12232,0.0007333483734743903
Email Alerts,fromrecurrent,0,4790,0.002200045120423171
Email Alerts,anticipatedbeginfeb,0,744,0.0014666967469487806
Email Alerts,expectedfeb,0,4097,0.006600135361269513
Email Alerts,effectsminor,0,3552,0.002200045120423171
Email Alerts,storminglikelyfebhigh,0,11059,0.0014666967469487806
Email Alerts,stream,0,11096,0.004331273629926623
Email Alerts,withreturnprimarily,0,13110,0.0007333483734743903
Email Alerts,levelsfeb,0,6573,0.008066832108218293
Email Alerts,continuedslowly,0,2355,0.0007333483734743903
Email Alerts,decayed,0,2766,0.0014666967469487806
Email Alerts,overall,0,8437,0.0005577303404139662
Email Alerts,regionsbxobeta,0,9747,0.0007333483734743903
Email Alerts,andbxobeta,0,546,0.0007333483734743903
Email Alerts,stableearthdirected,0,10925,0.0014666967469487806
Email Alerts,wasnormal,0,12663,0.0007333483734743903
Email Alerts,fluxexpectedbenormal,0,4492,0.0007333483734743903
Email Alerts,peaknt,0,8607,0.0007333483734743903
Email Alerts,southwardwas,0,10782,0.0007333483734743903
Email Alerts,interval,0,5989,0.0005577303404139662
Email Alerts,expectedpersist,0,4114,0.002200045120423171
Email Alerts,expectedreturnjan,0,4124,0.0007333483734743903
Email Alerts,likelyjan,0,6656,0.002933393493897561
Email Alerts,followedquiet,0,4564,0.0014666967469487806
Email Alerts,levelsjan,0,6580,0.005133438614320732
Email Alerts,expectedprevailjan,0,4117,0.0007333483734743903
Email Alerts,regiondkobetagamma,0,9708,0.0014666967469487806
Email Alerts,regionchobeta,0,9685,0.0007333483734743903
Email Alerts,continuedrotate,0,2353,0.0007333483734743903
Email Alerts,view,0,12537,0.001299382088977987
Email Alerts,revealing,0,10075,0.0007333483734743903
Email Alerts,periodnarrow,0,8678,0.0007333483734743903
Email Alerts,utcassociation,0,12420,0.0007333483734743903
Email Alerts,withfilament,0,13058,0.0014666967469487806
Email Alerts,suggestis,0,11276,0.0007333483734743903
Email Alerts,ahead,0,355,0.00043312736299266235
Email Alerts,souththe,0,10777,0.0005577303404139662
Email Alerts,sunearth,0,11322,0.002230921361655865
Email Alerts,variable,0,12488,0.002788651702069831
Email Alerts,influencereturnmostly,0,5764,0.0007333483734743903
Email Alerts,withmclass,0,13088,0.0007333483734743903
Email Alerts,wasfilament,0,12636,0.0007333483734743903
Email Alerts,channelthequadrant,0,1867,0.0007333483734743903
Email Alerts,beganerupt,0,1258,0.0007333483734743903
Email Alerts,utccme,0,12421,0.0014666967469487806
Email Alerts,observedsubsequent,0,8092,0.0007333483734743903
Email Alerts,soholascocoronagraph,0,10722,0.0007333483734743903
Email Alerts,modellingthe,0,7395,0.002200045120423171
Email Alerts,eventunderwaydeterminean,0,3992,0.0007333483734743903
Email Alerts,producednew,0,9203,0.0007333483734743903
Email Alerts,regionflux,0,9733,0.0007333483734743903
Email Alerts,transiting,0,12043,0.0007333483734743903
Email Alerts,chancemclass,0,1841,0.002200045120423171
Email Alerts,flarestrong,0,4437,0.002200045120423171
Email Alerts,dueflare,0,3374,0.0007333483734743903
Email Alerts,nearing,0,7642,0.0007333483734743903
Email Alerts,belowphi,0,1303,0.0007333483734743903
Email Alerts,negatively,0,7764,0.0007333483734743903
Email Alerts,oriented,0,8364,0.0011154606808279324
Email Alerts,likelycontinuenominal,0,6649,0.0007333483734743903
Email Alerts,fieldlikelybemostly,0,4340,0.0014666967469487806
Email Alerts,regionesibetagamma,0,9729,0.0014666967469487806
Email Alerts,continuedshow,0,2354,0.002200045120423171
Email Alerts,signsdecayits,0,10616,0.002200045120423171
Email Alerts,trek,0,12072,0.0014666967469487806
Email Alerts,limbproducedc,0,6685,0.0007333483734743903
Email Alerts,andflareutc,0,587,0.0007333483734743903
Email Alerts,respectively,0,10007,0.0011154606808279324
Email Alerts,developedsimple,0,3001,0.0014666967469487806
Email Alerts,regioncrobetagamma,0,9689,0.0014666967469487806
Email Alerts,evolutionits,0,4011,0.0014666967469487806
Email Alerts,leading,0,6475,0.0016731910212418985
Email Alerts,begandevelop,0,1257,0.0014666967469487806
Email Alerts,rudimentary,0,10200,0.0014666967469487806
Email Alerts,penumbrawella,0,8621,0.0014666967469487806
Email Alerts,nearandbut,0,7626,0.0007333483734743903
Email Alerts,utclarge,0,12426,0.0014666967469487806
Email Alerts,nearbecame,0,7629,0.0014666967469487806
Email Alerts,unstable,0,12297,0.0011154606808279324
Email Alerts,seemssuggest,0,10401,0.0014666967469487806
Email Alerts,wasreabsorption,0,12678,0.0014666967469487806
Email Alerts,andcorroborateda,0,562,0.0014666967469487806
Email Alerts,lackejecta,0,6349,0.0014666967469487806
Email Alerts,visiblecoronagraph,0,12562,0.0014666967469487806
Email Alerts,imageryother,0,5516,0.0014666967469487806
Email Alerts,furtherfebonlyisolated,0,4839,0.0014666967469487806
Email Alerts,foreventsar,0,4649,0.0014666967469487806
Email Alerts,decreasefebar,0,2801,0.0014666967469487806
Email Alerts,fromrangetoto,0,4789,0.0007333483734743903
Email Alerts,peaksnt,0,8610,0.0007333483734743903
Email Alerts,approximately,0,835,0.004400090240846342
Email Alerts,forecastenhanced,0,4606,0.002933393493897561
Email Alerts,disturbed,0,3205,0.0011154606808279324
Email Alerts,environmentexpectedcontinue,0,3829,0.0014666967469487806
Email Alerts,particularshould,0,8552,0.0014666967469487806
Email Alerts,beginwanefeb,0,1277,0.0014666967469487806
Email Alerts,foradditional,0,4584,0.0014666967469487806
Email Alerts,enhancementlate,0,3787,0.0014666967469487806
Email Alerts,dueany,0,3357,0.0014666967469487806
Email Alerts,fromslow,0,4796,0.0014666967469487806
Email Alerts,outcome,0,8402,0.0011154606808279324
Email Alerts,stormingexpectedfeb,0,11054,0.0014666967469487806
Email Alerts,withchanceglancing,0,13041,0.0014666967469487806
Email Alerts,observedregiondaibetagammanew,0,8083,0.0007333483734743903
Email Alerts,regionemerging,0,9728,0.0007333483734743903
Email Alerts,assignedactive,0,979,0.0007333483734743903
Email Alerts,numberearthdirected,0,7964,0.0007333483734743903
Email Alerts,kmsn,0,6283,0.0007333483734743903
Email Alerts,briefly,0,1439,0.002788651702069831
Email Alerts,environmentlikelyjan,0,3832,0.0007333483734743903
Email Alerts,passinga,0,8583,0.0007333483734743903
Email Alerts,sunjantransition,0,11335,0.0007333483734743903
Email Alerts,backnominal,0,1132,0.0007333483734743903
Email Alerts,unsettledg,0,12289,0.002200045120423171
Email Alerts,formoderatelikelyjan,0,4682,0.0007333483734743903
Email Alerts,jancme,0,6152,0.0014666967469487806
Email Alerts,levelsthe,0,6598,0.0005577303404139662
Email Alerts,clusterregionsthechurned,0,1972,0.0007333483734743903
Email Alerts,regioncaobetagamma,0,9684,0.0014666967469487806
Email Alerts,periodutc,0,8710,0.0007333483734743903
Email Alerts,andmutc,0,632,0.0007333483734743903
Email Alerts,regiondsibetagammadelta,0,9711,0.0007333483734743903
Email Alerts,addedmutc,0,225,0.0007333483734743903
Email Alerts,developedtheand,0,3003,0.0007333483734743903
Email Alerts,includedtyperadio,0,5652,0.0014666967469487806
Email Alerts,withhalo,0,13065,0.0007333483734743903
Email Alerts,observedsoholascocoronagraph,0,8088,0.0014666967469487806
Email Alerts,side,0,10593,0.0005577303404139662
Email Alerts,febthe,0,4296,0.002200045120423171
Email Alerts,clusterspot,0,1973,0.0007333483734743903
Email Alerts,fluxlikelyreach,0,4507,0.0007333483734743903
Email Alerts,beginsdiminish,0,1276,0.0007333483734743903
Email Alerts,haveslight,0,5214,0.016867012589910975
Email Alerts,nearfor,0,7640,0.0007333483734743903
Email Alerts,seeingslight,0,10392,0.0007333483734743903
Email Alerts,increasepeakntutc,0,5698,0.0007333483734743903
Email Alerts,whenrotated,0,12875,0.0014666967469487806
Email Alerts,north,0,7877,0.00043312736299266235
Email Alerts,speedsobservedthe,0,10867,0.0007333483734743903
Email Alerts,ace,0,130,0.0005577303404139662
Email Alerts,spacecraft,0,10793,0.00043312736299266235
Email Alerts,periodendjust,0,8657,0.0007333483734743903
Email Alerts,coupled,0,2512,0.0005577303404139662
Email Alerts,cmefeb,0,1986,0.0007333483734743903
Email Alerts,expectedreturnnear,0,4126,0.0007333483734743903
Email Alerts,levelsfebchcme,0,6574,0.0007333483734743903
Email Alerts,frompositive,0,4787,0.002200045120423171
Email Alerts,fieldlikelysee,0,4344,0.0007333483734743903
Email Alerts,earlyfebthe,0,3464,0.0007333483734743903
Email Alerts,againthe,0,321,0.0005577303404139662
Email Alerts,enoughthe,0,3798,0.0007333483734743903
Email Alerts,earthreturnquietunsettled,0,3488,0.0007333483734743903
Email Alerts,expectedfebchcme,0,4098,0.0007333483734743903
Email Alerts,subside,0,11194,0.0007333483734743903
Email Alerts,remainedrminor,0,9854,0.0007333483734743903
Email Alerts,arearegion,0,871,0.0007333483734743903
Email Alerts,observedregioneaibetagamma,0,8085,0.0007333483734743903
Email Alerts,notedthe,0,7909,0.0007333483734743903
Email Alerts,regionscme,0,9752,0.0007333483734743903
Email Alerts,directly,0,3093,0.00043312736299266235
Email Alerts,beganutc,0,1265,0.002933393493897561
Email Alerts,observedgoesccor,0,8067,0.0007333483734743903
Email Alerts,msf,0,7524,0.0007333483734743903
Email Alerts,indicatedpotential,0,5728,0.0007333483734743903
Email Alerts,midlatejan,0,7248,0.0014666967469487806
Email Alerts,likelyminormoderate,0,6662,0.0007333483734743903
Email Alerts,continueddecline,0,2343,0.0007333483734743903
Email Alerts,kmsnear,0,6284,0.002200045120423171
Email Alerts,kmsch,0,6276,0.0007333483734743903
Email Alerts,waned,0,12590,0.0014666967469487806
Email Alerts,betweenphi,0,1331,0.0007333483734743903
Email Alerts,whenbecame,0,12869,0.0007333483734743903
Email Alerts,forecastslow,0,4634,0.0007333483734743903
Email Alerts,levelsexpected,0,6572,0.0007333483734743903
Email Alerts,janhss,0,6155,0.0007333483734743903
Email Alerts,subsides,0,11195,0.0007333483734743903
Email Alerts,midlatejanglancing,0,7249,0.0007333483734743903
Email Alerts,cmelikelyenhance,0,1989,0.0007333483734743903
Email Alerts,followedmostly,0,4562,0.0014666967469487806
Email Alerts,conditionsjanhss,0,2217,0.0007333483734743903
Email Alerts,diminishes,0,3075,0.0007333483734743903
Email Alerts,periodslikely,0,8692,0.0007333483734743903
Email Alerts,followingmn,0,4574,0.0007333483734743903
Email Alerts,rmodereateutc,0,10136,0.0007333483734743903
Email Alerts,regioneacbetagammadelta,0,9713,0.0007333483734743903
Email Alerts,andtenflare,0,696,0.0007333483734743903
Email Alerts,diskcme,0,3149,0.0007333483734743903
Email Alerts,imageryutc,0,5520,0.0007333483734743903
Email Alerts,would,0,13177,0.00043312736299266235
Email Alerts,pas,0,8570,0.0014666967469487806
Email Alerts,possiblefeb,0,8961,0.0007333483734743903
Email Alerts,orbitexpectedremainnormalmoderate,0,8338,0.0007333483734743903
Email Alerts,levelsfebpositive,0,6575,0.0007333483734743903
Email Alerts,fluxreach,0,4513,0.002200045120423171
Email Alerts,peak,0,8602,0.0016731910212418985
Email Alerts,reachingthecomponent,0,9566,0.0007333483734743903
Email Alerts,rotatedfar,0,10178,0.0007333483734743903
Email Alerts,southaround,0,10771,0.0007333483734743903
Email Alerts,kmskmsthe,0,6280,0.0007333483734743903
Email Alerts,transitionedpredominantly,0,12047,0.0007333483734743903
Email Alerts,fieldlikelyreachminor,0,4342,0.0007333483734743903
Email Alerts,levelsfebthe,0,6576,0.0007333483734743903
Email Alerts,thelimbne,0,11725,0.0007333483734743903
Email Alerts,ekibetagammadeltasw,0,3634,0.0007333483734743903
Email Alerts,cao,0,1651,0.0007333483734743903
Email Alerts,eta,0,3938,0.0007333483734743903
Email Alerts,andsw,0,693,0.0007333483734743903
Email Alerts,hsxalpha,0,5434,0.0007333483734743903
Email Alerts,activitycontinuesbe,0,168,0.0007333483734743903
Email Alerts,separation,0,10440,0.002200045120423171
Email Alerts,portion,0,8938,0.0007333483734743903
Email Alerts,wereearthdirected,0,12834,0.0007333483734743903
Email Alerts,pfuutc,0,8760,0.0036667418673719514
Email Alerts,continuestrend,0,2368,0.0007333483734743903
Email Alerts,endedutc,0,3741,0.002933393493897561
Email Alerts,fluxexpectedbemoderatehigh,0,4491,0.0014666967469487806
Email Alerts,continuetrend,0,2369,0.0007333483734743903
Email Alerts,summaryenhanced,0,11297,0.0007333483734743903
Email Alerts,effectspositive,0,3556,0.0007333483734743903
Email Alerts,holesthe,0,5367,0.0007333483734743903
Email Alerts,withtrend,0,13130,0.0007333483734743903
Email Alerts,forglancing,0,4653,0.0014666967469487806
Email Alerts,diskjan,0,3154,0.0007333483734743903
Email Alerts,confidencelowits,0,2246,0.0007333483734743903
Email Alerts,butenhancementthe,0,1512,0.0007333483734743903
Email Alerts,forbrief,0,4588,0.0007333483734743903
Email Alerts,followit,0,4580,0.0007333483734743903
Email Alerts,janthe,0,6166,0.0007333483734743903
Email Alerts,regiondribetagamma,0,9709,0.0007333483734743903
Email Alerts,grown,0,5108,0.0007333483734743903
Email Alerts,anddeveloping,0,568,0.0007333483734743903
Email Alerts,complexitywell,0,2148,0.0007333483734743903
Email Alerts,periodcutc,0,8655,0.0007333483734743903
Email Alerts,regionekcbetagamma,0,9720,0.0014666967469487806
Email Alerts,regiondkibetagammadelta,0,9707,0.0007333483734743903
Email Alerts,growthaerial,0,5110,0.0007333483734743903
Email Alerts,extent,0,4199,0.0008662547259853247
Email Alerts,numberedit,0,7966,0.0007333483734743903
Email Alerts,viewthe,0,12549,0.0005577303404139662
Email Alerts,northeast,0,7880,0.0007333483734743903
Email Alerts,producedcutcearthdirected,0,9188,0.0007333483734743903
Email Alerts,janseveral,0,6164,0.0007333483734743903
Email Alerts,continueshow,0,2364,0.0007333483734743903
Email Alerts,reachingpeakpfuutc,0,9565,0.0007333483734743903
Email Alerts,periodssustained,0,8700,0.0007333483734743903
Email Alerts,negativesouthward,0,7767,0.0007333483734743903
Email Alerts,expectedwane,0,4132,0.0014666967469487806
Email Alerts,jannew,0,6162,0.0007333483734743903
Email Alerts,polarityhssexpectedenhance,0,8907,0.0007333483734743903
Email Alerts,likelydipmostly,0,6651,0.0007333483734743903
Email Alerts,periodsjan,0,8690,0.0007333483734743903
Email Alerts,fromnew,0,4784,0.0007333483734743903
Email Alerts,returnsjan,0,10070,0.0007333483734743903
Email Alerts,regionsbxobetaaxxalpha,0,9748,0.0007333483734743903
Email Alerts,periodpositive,0,8680,0.0007333483734743903
Email Alerts,fromhigharound,0,4775,0.0007333483734743903
Email Alerts,periodendofperiod,0,8658,0.0007333483734743903
Email Alerts,followingm,0,4572,0.0007333483734743903
Email Alerts,fromarea,0,4754,0.0007333483734743903
Email Alerts,quietassociated,0,9452,0.0007333483734743903
Email Alerts,nearbeginning,0,7630,0.0014666967469487806
Email Alerts,observedsoholascoimagery,0,8089,0.0007333483734743903
Email Alerts,unlikelycme,0,12273,0.0007333483734743903
Email Alerts,identifiedcoronagraph,0,5479,0.0007333483734743903
Email Alerts,flarestrongjan,0,4438,0.0007333483734743903
Email Alerts,continuedecreasethe,0,2345,0.0007333483734743903
Email Alerts,chancereach,0,1844,0.0007333483734743903
Email Alerts,fluxlikelyremain,0,4508,0.0007333483734743903
Email Alerts,indicatedminor,0,5725,0.0007333483734743903
Email Alerts,strengthabovethat,0,11107,0.0007333483734743903
Email Alerts,utcreachedpeaknt,0,12428,0.0007333483734743903
Email Alerts,utcsignificant,0,12450,0.0007333483734743903
Email Alerts,periodssouthwardwere,0,8699,0.0007333483734743903
Email Alerts,negativevariable,0,7768,0.0007333483734743903
Email Alerts,modellinga,0,7394,0.0007333483734743903
Email Alerts,suggestschance,0,11279,0.0007333483734743903
Email Alerts,latejanearlyjan,0,6404,0.0007333483734743903
Email Alerts,possiblejanthe,0,8965,0.0007333483734743903
Email Alerts,eightminor,0,3604,0.0007333483734743903
Email Alerts,twomoderate,0,12123,0.0007333483734743903
Email Alerts,wasmutc,0,12662,0.0014666967469487806
Email Alerts,continuesgrow,0,2363,0.0007333483734743903
Email Alerts,wasdaibetagamma,0,12630,0.0007333483734743903
Email Alerts,lotsplitting,0,6804,0.0007333483734743903
Email Alerts,shearing,0,10518,0.0007333483734743903
Email Alerts,occurringmuchthe,0,8130,0.0007333483734743903
Email Alerts,clustertheregions,0,1977,0.0007333483734743903
Email Alerts,outsidethis,0,8427,0.0007333483734743903
Email Alerts,cluster,0,1969,0.0005577303404139662
Email Alerts,decayfilament,0,2770,0.0007333483734743903
Email Alerts,thin,0,11808,0.0005577303404139662
Email Alerts,canseenlascocoronagraph,0,1627,0.0007333483734743903
Email Alerts,modelledbe,0,7392,0.0007333483734743903
Email Alerts,southmakeimpactearth,0,10775,0.0007333483734743903
Email Alerts,beenother,0,1235,0.0007333483734743903
Email Alerts,detectedimageryof,0,2971,0.0007333483734743903
Email Alerts,activityexpectedreach,0,188,0.007333483734743903
Email Alerts,groupsthe,0,5103,0.0005577303404139662
Email Alerts,electronsgeostationary,0,3660,0.0007333483734743903
Email Alerts,injectionparticles,0,5840,0.0007333483734743903
Email Alerts,reachedpeakpfuutc,0,9554,0.0007333483734743903
Email Alerts,risenhigh,0,10114,0.0007333483734743903
Email Alerts,diurnal,0,3206,0.002200045120423171
Email Alerts,disruptedthe,0,3175,0.0005577303404139662
Email Alerts,sheath,0,10519,0.0005577303404139662
Email Alerts,driverwhat,0,3325,0.0007333483734743903
Email Alerts,thepartthe,0,11754,0.0007333483734743903
Email Alerts,utcreturnwhatmost,0,12429,0.0007333483734743903
Email Alerts,tail,0,11493,0.0011154606808279324
Email Alerts,come,0,2071,0.00043312736299266235
Email Alerts,back,0,1127,0.0016731910212418985
Email Alerts,remainingthe,0,9858,0.0007333483734743903
Email Alerts,weakenedaround,0,12736,0.0007333483734743903
Email Alerts,cmeexpected,0,1982,0.0007333483734743903
Email Alerts,febreturnmore,0,4295,0.0007333483734743903
Email Alerts,beenquiet,0,1236,0.016133664216436586
Email Alerts,periodactive,0,8651,0.0014666967469487806
Email Alerts,conditionschhss,0,2206,0.0007333483734743903
Email Alerts,butexpectedremain,0,1513,0.0007333483734743903
Email Alerts,mostlyquietunsettled,0,7503,0.0007333483734743903
Email Alerts,areaalso,0,867,0.0007333483734743903
Email Alerts,producedmandflares,0,9194,0.0007333483734743903
Email Alerts,regionckobetagamma,0,9687,0.0007333483734743903
Email Alerts,grewoverall,0,5075,0.0007333483734743903
Email Alerts,unremarkablefaint,0,12282,0.0007333483734743903
Email Alerts,eventnot,0,3974,0.0007333483734743903
Email Alerts,anticipatedhavesignificant,0,746,0.0007333483734743903
Email Alerts,haschancereachingminor,0,5178,0.0014666967469487806
Email Alerts,clustermagnetically,0,1971,0.002200045120423171
Email Alerts,returnedan,0,10057,0.0007333483734743903
Email Alerts,decreasedand,0,2798,0.0007333483734743903
Email Alerts,northwardneutral,0,7891,0.0007333483734743903
Email Alerts,decreasedbelow,0,2799,0.0007333483734743903
Email Alerts,undergoslight,0,12198,0.0007333483734743903
Email Alerts,enhancementfeb,0,3785,0.0007333483734743903
Email Alerts,outside,0,8426,0.0005577303404139662
Email Alerts,chanceglancing,0,1839,0.0007333483734743903
Email Alerts,possibility,0,8953,0.0005577303404139662
Email Alerts,primarilyits,0,9111,0.0007333483734743903
Email Alerts,producingm,0,9221,0.0007333483734743903
Email Alerts,decaywell,0,2775,0.0007333483734743903
Email Alerts,regionsdaobeta,0,9755,0.0007333483734743903
Email Alerts,growththey,0,5115,0.0007333483734743903
Email Alerts,gained,0,4861,0.0007333483734743903
Email Alerts,producedandflaresand,0,9185,0.0007333483734743903
Email Alerts,periodwell,0,8713,0.0007333483734743903
Email Alerts,additionally,0,230,0.0005577303404139662
Email Alerts,corroborating,0,2460,0.0007333483734743903
Email Alerts,janarshsxalphal,0,6150,0.0007333483734743903
Email Alerts,post,0,8974,0.0007333483734743903
Email Alerts,thereafterslight,0,11760,0.0007333483734743903
Email Alerts,peaksand,0,8609,0.0007333483734743903
Email Alerts,indicating,0,5731,0.0005577303404139662
Email Alerts,cloud,0,1963,0.00043312736299266235
Email Alerts,possiblejan,0,8964,0.0007333483734743903
Email Alerts,sunjanfurther,0,11334,0.0007333483734743903
Email Alerts,disturbanceexpectedjan,0,3201,0.0007333483734743903
Email Alerts,duewaning,0,3417,0.0014666967469487806
Email Alerts,six,0,10671,0.0008662547259853247
Email Alerts,regionsckobetagamma,0,9751,0.0007333483734743903
Email Alerts,anddaibetadeltaearthdirected,0,566,0.0007333483734743903
Email Alerts,forecastthehss,0,4638,0.0007333483734743903
Email Alerts,comesan,0,2073,0.0007333483734743903
Email Alerts,fluxexpectedtrend,0,4503,0.0007333483734743903
Email Alerts,cross,0,2579,0.0005577303404139662
Email Alerts,trenddecreasing,0,12075,0.0007333483734743903
Email Alerts,thresholdit,0,11862,0.0007333483734743903
Email Alerts,shouldshorter,0,10569,0.0007333483734743903
Email Alerts,whose,0,12926,0.00043312736299266235
Email Alerts,sourcemoving,0,10762,0.0007333483734743903
Email Alerts,wasshiftthe,0,12680,0.0007333483734743903
Email Alerts,withdroppinga,0,13048,0.0007333483734743903
Email Alerts,risethe,0,10116,0.0007333483734743903
Email Alerts,windskms,0,13017,0.0007333483734743903
Email Alerts,becoming,0,1224,0.0005577303404139662
Email Alerts,increasednt,0,5691,0.0014666967469487806
Email Alerts,earlymiddayfeb,0,3468,0.0007333483734743903
Email Alerts,wasquietg,0,12676,0.0007333483734743903
Email Alerts,stormingexpected,0,11053,0.0007333483734743903
Email Alerts,earlyfebany,0,3463,0.0007333483734743903
Email Alerts,conditionsfeb,0,2213,0.0014666967469487806
Email Alerts,regionsekcbetadelta,0,9758,0.0007333483734743903
Email Alerts,andcaibetagamma,0,548,0.0007333483734743903
Email Alerts,observedregion,0,8080,0.0007333483734743903
Email Alerts,andthe,0,699,0.00043312736299266235
Email Alerts,spotsregion,0,10898,0.002200045120423171
Email Alerts,observedregiondaibeta,0,8082,0.0007333483734743903
Email Alerts,andnewly,0,634,0.0007333483734743903
Email Alerts,regioneaibeta,0,9714,0.0007333483734743903
Email Alerts,includedcme,0,5647,0.0007333483734743903
Email Alerts,liftoffutc,0,6622,0.0007333483734743903
Email Alerts,preliminary,0,9065,0.0007333483734743903
Email Alerts,middayjan,0,7240,0.0007333483734743903
Email Alerts,flaresjanregion,0,4431,0.0007333483734743903
Email Alerts,influenceslight,0,5769,0.0007333483734743903
Email Alerts,summaryshock,0,11301,0.0007333483734743903
Email Alerts,observedsolar,0,8091,0.0007333483734743903
Email Alerts,parametersutc,0,8514,0.0007333483734743903
Email Alerts,increasedaroundbz,0,5684,0.0007333483734743903
Email Alerts,deflected,0,2830,0.002200045120423171
Email Alerts,southwardat,0,10780,0.0007333483734743903
Email Alerts,increasedaround,0,5683,0.0007333483734743903
Email Alerts,diminishedntutc,0,3074,0.0007333483734743903
Email Alerts,againthecomponent,0,322,0.0007333483734743903
Email Alerts,reachedmaximumat,0,9547,0.0007333483734743903
Email Alerts,timebetween,0,11896,0.0007333483734743903
Email Alerts,whenswitched,0,12877,0.0007333483734743903
Email Alerts,persistsslow,0,8737,0.0007333483734743903
Email Alerts,levelslikelyjanmiddayjanpotential,0,6585,0.0007333483734743903
Email Alerts,cmelikelycause,0,1988,0.0014666967469487806
Email Alerts,levelscme,0,6566,0.0007333483734743903
Email Alerts,progressed,0,9260,0.0007333483734743903
Email Alerts,unsettledgg,0,12290,0.0007333483734743903
Email Alerts,moderatestrong,0,7451,0.0007333483734743903
Email Alerts,dayjancme,0,2730,0.0007333483734743903
Email Alerts,expectedjancme,0,4102,0.0007333483734743903
Email Alerts,wanesmiddayjanglancing,0,12593,0.0007333483734743903
Email Alerts,withisolatedat,0,13078,0.0007333483734743903
Email Alerts,regionekcbetagammadeltapossibly,0,9722,0.0007333483734743903
Email Alerts,thelimbutcsoholascoimagery,0,11729,0.0007333483734743903
Email Alerts,coincident,0,2019,0.0007333483734743903
Email Alerts,wasnortherly,0,12666,0.0007333483734743903
Email Alerts,eruptionutc,0,3887,0.0007333483734743903
Email Alerts,determinedbe,0,2983,0.0007333483734743903
Email Alerts,sided,0,10594,0.0007333483734743903
Email Alerts,onlyobserveda,0,8239,0.0007333483734743903
Email Alerts,frame,0,4731,0.0007333483734743903
Email Alerts,beforedissipatedthere,0,1247,0.0007333483734743903
Email Alerts,notmuchan,0,7920,0.0007333483734743903
Email Alerts,effectthe,0,3575,0.0007333483734743903
Email Alerts,windadditionalflare,0,13000,0.0007333483734743903
Email Alerts,occurredutc,0,8123,0.0007333483734743903
Email Alerts,regionhaxalpha,0,9734,0.0014666967469487806
Email Alerts,observedregioncaibeta,0,8081,0.0007333483734743903
Email Alerts,windexpectedbecome,0,13004,0.0007333483734743903
Email Alerts,enhancedfeb,0,3779,0.0014666967469487806
Email Alerts,followedquietunsettledfeb,0,4567,0.0007333483734743903
Email Alerts,cmereturnmostly,0,1993,0.0007333483734743903
Email Alerts,conditionsexpectedfeb,0,2211,0.0007333483734743903
Email Alerts,producedsingleflareutc,0,9208,0.0007333483734743903
Email Alerts,producedflareutc,0,9189,0.0007333483734743903
Email Alerts,declininglate,0,2790,0.0007333483734743903
Email Alerts,southwardthrough,0,10781,0.0007333483734743903
Email Alerts,betweensolar,0,1332,0.0007333483734743903
Email Alerts,withcme,0,13043,0.0014666967469487806
Email Alerts,seennasa,0,10408,0.0007333483734743903
Email Alerts,regionearthdirectednot,0,9717,0.0007333483734743903
Email Alerts,notednew,0,7905,0.0007333483734743903
Email Alerts,nedaobeta,0,7666,0.0007333483734743903
Email Alerts,fluxexpectedcontinuenormal,0,4495,0.0007333483734743903
Email Alerts,underwentsouthward,0,12234,0.0007333483734743903
Email Alerts,werekms,0,12837,0.0007333483734743903
Email Alerts,unsettledjan,0,12292,0.0007333483734743903
Email Alerts,returnan,0,10054,0.0007333483734743903
Email Alerts,regionsdaibetagamma,0,9754,0.0007333483734743903
Email Alerts,andekcbetagammadelta,0,574,0.0007333483734743903
Email Alerts,burststyperadio,0,1501,0.0007333483734743903
Email Alerts,trajectory,0,12028,0.0007333483734743903
Email Alerts,lacka,0,6335,0.0007333483734743903
Email Alerts,signaturestcor,0,10605,0.0007333483734743903
Email Alerts,imageryis,0,5514,0.0007333483734743903
Email Alerts,unlikelycause,0,12272,0.0007333483734743903
Email Alerts,consolidation,0,2294,0.0007333483734743903
Email Alerts,occurredits,0,8117,0.0007333483734743903
Email Alerts,partthe,0,8568,0.00043312736299266235
Email Alerts,andcaibeta,0,547,0.0007333483734743903
Email Alerts,slightlytheir,0,10689,0.0007333483734743903
Email Alerts,southern,0,10774,0.0005577303404139662
Email Alerts,emergedtheir,0,3688,0.0007333483734743903
Email Alerts,northernmost,0,7885,0.0007333483734743903
Email Alerts,areasdegree,0,874,0.0007333483734743903
Email Alerts,quadrant,0,9410,0.0007333483734743903
Email Alerts,utcsubsequent,0,12451,0.0007333483734743903
Email Alerts,observedlascoat,0,8072,0.0007333483734743903
Email Alerts,suggests,0,11277,0.0005577303404139662
Email Alerts,plasma,0,8853,0.001299382088977987
Email Alerts,havechancereachingminor,0,5196,0.0007333483734743903
Email Alerts,windexpectedremainor,0,13005,0.0007333483734743903
Email Alerts,expectedcontinuefeb,0,4091,0.0007333483734743903
Email Alerts,followedquietunsettled,0,4566,0.0014666967469487806
Email Alerts,dueanat,0,3352,0.0007333483734743903
Email Alerts,regiondacbeta,0,9692,0.0007333483734743903
Email Alerts,continuerotate,0,2359,0.0007333483734743903
Email Alerts,better,0,1326,0.00043312736299266235
Email Alerts,arethe,0,899,0.00043312736299266235
Email Alerts,beendecaystabletyperadio,0,1228,0.0007333483734743903
Email Alerts,withvelocitykms,0,13134,0.0007333483734743903
Email Alerts,withearthside,0,13050,0.0007333483734743903
Email Alerts,showsbreakthe,0,10584,0.0007333483734743903
Email Alerts,linesthepartthe,0,6711,0.0007333483734743903
Email Alerts,limbabout,0,6679,0.0007333483734743903
Email Alerts,orbiter,0,8327,0.0005577303404139662
Email Alerts,couldthe,0,2499,0.0007333483734743903
Email Alerts,culprit,0,2609,0.0007333483734743903
Email Alerts,difficulttellcme,0,3065,0.0007333483734743903
Email Alerts,observedsoholasco,0,8087,0.0007333483734743903
Email Alerts,modelled,0,7391,0.0007333483734743903
Email Alerts,show,0,10576,0.0008662547259853247
Email Alerts,passing,0,8582,0.002200045120423171
Email Alerts,withweak,0,13136,0.0007333483734743903
Email Alerts,ripple,0,10110,0.0007333483734743903
Email Alerts,arriving,0,936,0.0007333483734743903
Email Alerts,blowjan,0,1381,0.0007333483734743903
Email Alerts,fromfor,0,4771,0.0007333483734743903
Email Alerts,andfor,0,589,0.0007333483734743903
Email Alerts,dueenhanced,0,3372,0.0007333483734743903
Email Alerts,coming,0,2077,0.0008662547259853247
Email Alerts,orbitexpectedremain,0,8337,0.0007333483734743903
Email Alerts,mostlynormalmoderate,0,7501,0.0007333483734743903
Email Alerts,withelevated,0,13051,0.0007333483734743903
Email Alerts,maximato,0,7039,0.0007333483734743903
Email Alerts,dueregionsthe,0,3406,0.0007333483734743903
Email Alerts,theminor,0,11735,0.0014666967469487806
Email Alerts,levelslow,0,6586,0.0007333483734743903
Email Alerts,protonsexpectedremainbackground,0,9328,0.0007333483734743903
Email Alerts,mayduethe,0,7054,0.0007333483734743903
Email Alerts,projectedarrive,0,9275,0.0007333483734743903
Email Alerts,fieldwas,0,4366,0.0007333483734743903
Email Alerts,withextended,0,13055,0.0007333483734743903
Email Alerts,periodthecomponent,0,8705,0.0007333483734743903
Email Alerts,droppinglowsolar,0,3331,0.0007333483734743903
Email Alerts,priorutc,0,9130,0.0007333483734743903
Email Alerts,highly,0,5332,0.00043312736299266235
Email Alerts,janfilament,0,6153,0.0007333483734743903
Email Alerts,tendlast,0,11563,0.0007333483734743903
Email Alerts,longer,0,6765,0.0005577303404139662
Email Alerts,thatwhats,0,11678,0.0007333483734743903
Email Alerts,causing,0,1751,0.0008662547259853247
Email Alerts,conditionsreturnnominal,0,2223,0.0007333483734743903
Email Alerts,levelslikely,0,6584,0.0007333483734743903
Email Alerts,discussedthe,0,3128,0.0005577303404139662
Email Alerts,otherwisekindex,0,8388,0.0007333483734743903
Email Alerts,fieldexpectedremain,0,4334,0.0007333483734743903
Email Alerts,intermixed,0,5972,0.0007333483734743903
Email Alerts,confidencelow,0,2245,0.0007333483734743903
Email Alerts,likelyunsettledwithslight,0,6669,0.0007333483734743903
Email Alerts,activeconditions,0,158,0.0007333483734743903
Email Alerts,especially,0,3894,0.0005577303404139662
Email Alerts,describedthe,0,2932,0.0005577303404139662
Email Alerts,suggestsarrivaljan,0,11278,0.0007333483734743903
Email Alerts,mayoverrunthe,0,7064,0.0007333483734743903
Email Alerts,thatexpectedarrivefeb,0,11622,0.0007333483734743903
Email Alerts,sdf,0,10356,0.03960081216761707
Email Alerts,issuedzsepanalysissolar,0,6108,0.004400090240846342
Email Alerts,fromtosolar,0,4804,0.03960081216761707
Email Alerts,beenvery,0,1244,0.011000225602115854
Email Alerts,disksolar,0,3159,0.03960081216761707
Email Alerts,lowdays,0,6813,0.008066832108218293
Email Alerts,iia,0,5491,0.03960081216761707
Email Alerts,geophysical,0,4929,0.04677775520320753
Email Alerts,summarytothe,0,11303,0.03960081216761707
Email Alerts,reachedpeakkmsz,0,9551,0.03960081216761707
Email Alerts,reachedatthe,0,9542,0.03300067680634756
Email Alerts,componentbz,0,2155,0.03300067680634756
Email Alerts,atelectrons,0,1019,0.030067283312450004
Email Alerts,mevgeosynchronous,0,7224,0.041067508914565856
Email Alerts,levelpfu,0,6556,0.03886746379414268
Email Alerts,iib,0,5492,0.03886746379414268
Email Alerts,levelsdays,0,6569,0.027133889818552442
Email Alerts,issuedzoctanalysissolar,0,6107,0.0014666967469487806
Email Alerts,forcclass,0,4589,0.006600135361269513
Email Alerts,flaredays,0,4416,0.019800406083808536
Email Alerts,lowday,0,6812,0.0007333483734743903
Email Alerts,fieldexpectedbequietactive,0,4322,0.008066832108218293
Email Alerts,levelsday,0,6568,0.059401218251425615
Email Alerts,issuedzjulanalysissolar,0,6102,0.0036667418673719514
Email Alerts,issuedzauganalysissolar,0,6098,0.002200045120423171
Email Alerts,beenquietunsettled,0,1240,0.012466922349064635
Email Alerts,issuedzmayanalysissolar,0,6105,0.005133438614320732
Email Alerts,issuedznovanalysissolar,0,6106,0.002200045120423171
Email Alerts,formclass,0,4670,0.008066832108218293
Email Alerts,flareday,0,4415,0.005133438614320732
Email Alerts,issuedzfebanalysissolar,0,6100,0.002200045120423171
Email Alerts,fieldexpectedbequietunsettled,0,4326,0.009533528855167074
Email Alerts,wasb,0,12623,0.0007333483734743903
Email Alerts,observedz,0,8098,0.02860058656550122
Email Alerts,flaresdays,0,4424,0.011733573975590245
Email Alerts,regionthere,0,9772,0.022733799577706097
Email Alerts,fieldexpectedbequietmajor,0,4323,0.0007333483734743903
Email Alerts,issuedzdecanalysissolar,0,6099,0.005133438614320732
Email Alerts,issuedzapranalysissolar,0,6097,0.002200045120423171
Email Alerts,quietmajor,0,9458,0.0014666967469487806
Email Alerts,issuedzmaranalysissolar,0,6104,0.002200045120423171
Email Alerts,issuedzjananalysissolar,0,6101,0.008066832108218293
Email Alerts,issuedzjunanalysissolar,0,6103,0.0007333483734743903
Email Alerts,fieldexpectedbequietminor,0,4324,0.005866786987795122
Email Alerts,quietminor,0,9459,0.004400090240846342
Email Alerts,unsettledmajor,0,12293,0.0007333483734743903
Email Alerts,chancecrossing,0,1837,0.014666967469487806
Email Alerts,thresholddays,0,11860,0.012466922349064635
Email Alerts,activemajor,0,161,0.0007333483734743903
Email Alerts,beenquietminor,0,1239,0.0014666967469487806
Email Alerts,beenhigh,0,1231,0.006600135361269513
Email Alerts,beenunsettledminor,0,1243,0.002200045120423171
Email Alerts,unsettledminor,0,12294,0.004400090240846342
Email Alerts,fieldexpectedbeactivesevere,0,4320,0.0014666967469487806
Email Alerts,flaresday,0,4423,0.002933393493897561
Email Alerts,atprotons,0,1041,0.002200045120423171
Email Alerts,levelpfuz,0,6557,0.002200045120423171
Email Alerts,fieldexpectedbeunsettledmajor,0,4328,0.0007333483734743903
Email Alerts,havechancecrossing,0,5195,0.002933393493897561
Email Alerts,thresholdday,0,11859,0.005133438614320732
Email Alerts,wasx,0,12689,0.002933393493897561
Email Alerts,wasprogressof,0,12673,0.0007333483734743903
Email Alerts,regiondsbetagamma,0,9710,0.0007333483734743903
Email Alerts,beenquietmajor,0,1238,0.0007333483734743903
Email Alerts,atiib,0,1020,0.0007333483734743903
Email Alerts,fieldexpectedbequietsevere,0,4325,0.0007333483734743903
Email Alerts,likelybe,0,6645,0.0005577303404139662
Email Alerts,beenunsettledactive,0,1242,0.0007333483734743903
Email Alerts,fieldexpectedbeunsettledminor,0,4329,0.0007333483734743903
Email Alerts,populated,0,8929,0.0005577303404139662
Email Alerts,diskvarious,0,3161,0.0007333483734743903
Email Alerts,classarea,0,1925,0.03373402517982195
Email Alerts,hsxjul,0,5435,0.0014666967469487806
Email Alerts,maintainedhtype,0,6920,0.0007333483734743903
Email Alerts,formedthe,0,4672,0.0007333483734743903
Email Alerts,diskjul,0,3155,0.0007333483734743903
Email Alerts,decayedplageaugwas,0,2769,0.0007333483734743903
Email Alerts,axxaug,0,1123,0.0014666967469487806
Email Alerts,quietly,0,9457,0.0007333483734743903
Email Alerts,diskeruptive,0,3152,0.0007333483734743903
Email Alerts,middayjulslowmoving,0,7241,0.0007333483734743903
Email Alerts,subsequently,0,11191,0.0005577303404139662
Email Alerts,determinednot,0,2987,0.0007333483734743903
Email Alerts,haveearthdirected,0,5201,0.0007333483734743903
Email Alerts,cmesactivitynote,0,1995,0.0007333483734743903
Email Alerts,periodproton,0,8682,0.009533528855167074
Email Alerts,observedgeosynchronous,0,8065,0.016133664216436586
Email Alerts,fluxgeosynchronous,0,4505,0.035200721926770734
Email Alerts,middayaug,0,7239,0.0014666967469487806
Email Alerts,whenciradvancea,0,12870,0.0007333483734743903
Email Alerts,polalarityhss,0,8899,0.0007333483734743903
Email Alerts,evidentthe,0,4003,0.0007333483734743903
Email Alerts,reacted,0,9567,0.0007333483734743903
Email Alerts,outlook,0,8413,0.040334160541091464
Email Alerts,activityexpectedbevery,0,184,0.0036667418673719514
Email Alerts,expectedgeosynchronous,0,4099,0.012466922349064635
Email Alerts,orbitexpectedbenormalmoderate,0,8335,0.004400090240846342
Email Alerts,activityexpectedbeunsettledactive,0,183,0.002200045120423171
Email Alerts,duerecurrenthss,0,3405,0.005866786987795122
Email Alerts,expectedaughss,0,4086,0.0007333483734743903
Email Alerts,againaug,0,318,0.0007333483734743903
Email Alerts,remainderthe,0,9847,0.016867012589910975
Email Alerts,lowactive,0,6809,0.0007333483734743903
Email Alerts,andapparent,0,533,0.0007333483734743903
Email Alerts,attributedthe,0,1054,0.0007333483734743903
Email Alerts,passagea,0,8573,0.0007333483734743903
Email Alerts,observedfeb,0,8064,0.0014666967469487806
Email Alerts,generally,0,4901,0.001299382088977987
Email Alerts,quietquietunsettled,0,9461,0.0014666967469487806
Email Alerts,orbitexpectedreach,0,8336,0.005133438614320732
Email Alerts,normalnormalmoderate,0,7875,0.0007333483734743903
Email Alerts,infuencesmultiple,0,5819,0.0007333483734743903
Email Alerts,recurrenthsss,0,9629,0.002933393493897561
Email Alerts,fromregion,0,4792,0.0014666967469487806
Email Alerts,kmstenflare,0,6286,0.0007333483734743903
Email Alerts,andcme,0,556,0.0007333483734743903
Email Alerts,observedsoholascoimageryutc,0,8090,0.0007333483734743903
Email Alerts,analysisthe,0,513,0.0005577303404139662
Email Alerts,potentialinteract,0,8983,0.0007333483734743903
Email Alerts,decthe,0,2806,0.0007333483734743903
Email Alerts,currentlythe,0,2622,0.0007333483734743903
Email Alerts,diskl,0,3156,0.0007333483734743903
Email Alerts,ckonov,0,1921,0.0007333483734743903
Email Alerts,largestproduced,0,6384,0.0007333483734743903
Email Alerts,beingcsfutc,0,1286,0.0007333483734743903
Email Alerts,frequent,0,4746,0.0011154606808279324
Email Alerts,emergenceproton,0,3690,0.0007333483734743903
Email Alerts,wasnormalhigh,0,12664,0.0007333483734743903
Email Alerts,highest,0,5318,0.0005577303404139662
Email Alerts,periodsweakly,0,8704,0.0007333483734743903
Email Alerts,enhancedcombined,0,3778,0.0007333483734743903
Email Alerts,periodssouthwardproduced,0,8698,0.0007333483734743903
Email Alerts,periodsunsettled,0,8702,0.0007333483734743903
Email Alerts,conditionsnov,0,2220,0.0007333483734743903
Email Alerts,blackoutsnov,0,1364,0.0007333483734743903
Email Alerts,decproton,0,2794,0.0007333483734743903
Email Alerts,orbitexpected,0,8329,0.0014666967469487806
Email Alerts,range,0,9500,0.00043312736299266235
Email Alerts,enhancementselectron,0,3789,0.0007333483734743903
Email Alerts,activityexpectedbequietg,0,180,0.0014666967469487806
Email Alerts,influenceexpectedproduce,0,5761,0.0007333483734743903
Email Alerts,conditionsdecminor,0,2208,0.0007333483734743903
Email Alerts,conditionsdec,0,2207,0.0007333483734743903
Email Alerts,conditionsinfluence,0,2215,0.0007333483734743903
Email Alerts,wanesdec,0,12592,0.0007333483734743903
Email Alerts,sheetlikelyproduce,0,10521,0.0007333483734743903
Email Alerts,periodexpectedbe,0,8659,0.0007333483734743903
Email Alerts,regionsl,0,9762,0.008066832108218293
Email Alerts,axxoct,0,1124,0.0007333483734743903
Email Alerts,andl,0,619,0.009533528855167074
Email Alerts,crooct,0,2578,0.0007333483734743903
Email Alerts,absentsignificant,0,50,0.0007333483734743903
Email Alerts,periodearthdirected,0,8656,0.0007333483734743903
Email Alerts,observedproton,0,8079,0.002933393493897561
Email Alerts,levelsand,0,6560,0.002200045120423171
Email Alerts,underbackground,0,12195,0.0007333483734743903
Email Alerts,activitylikelyreachmoderate,0,198,0.0007333483734743903
Email Alerts,levelsoct,0,6593,0.0007333483734743903
Email Alerts,withminor,0,13090,0.0014666967469487806
Email Alerts,duerecurrent,0,3404,0.0014666967469487806
Email Alerts,highlight,0,5326,0.005133438614320732
Email Alerts,bclass,0,1193,0.0007333483734743903
Email Alerts,activityearthdirected,0,171,0.0007333483734743903
Email Alerts,imageryproton,0,5517,0.0014666967469487806
Email Alerts,levelsapril,0,6562,0.0014666967469487806
Email Alerts,activitylikelyreachminor,0,197,0.0007333483734743903
Email Alerts,conditionsapril,0,2204,0.0007333483734743903
Email Alerts,negativepolarityhss,0,7765,0.0007333483734743903
Email Alerts,wasvery,0,12688,0.0014666967469487806
Email Alerts,whileincreaselow,0,12912,0.0007333483734743903
Email Alerts,dhomay,0,3042,0.0007333483734743903
Email Alerts,dkomay,0,3229,0.0007333483734743903
Email Alerts,wascfutc,0,12627,0.0007333483734743903
Email Alerts,typeand,0,12130,0.0007333483734743903
Email Alerts,limbsoholascoimagery,0,6687,0.0007333483734743903
Email Alerts,wsaenlil,0,13216,0.0007333483734743903
Email Alerts,latejunearlyjungreater,0,6409,0.0007333483734743903
Email Alerts,sminor,0,10706,0.0014666967469487806
Email Alerts,aforementionedflaremay,0,307,0.0007333483734743903
Email Alerts,decreasednormalmoderate,0,2800,0.0007333483734743903
Email Alerts,fluxthe,0,4516,0.0007333483734743903
Email Alerts,quietg,0,9455,0.0036667418673719514
Email Alerts,earlymayutcimpulsive,0,3467,0.0007333483734743903
Email Alerts,increasesolar,0,5699,0.0014666967469487806
Email Alerts,withsimultaneous,0,13113,0.0007333483734743903
Email Alerts,increasetotal,0,5702,0.0007333483734743903
Email Alerts,marking,0,6992,0.0005577303404139662
Email Alerts,conglomerationcmes,0,2259,0.0007333483734743903
Email Alerts,continuedincreasent,0,2348,0.0007333483734743903
Email Alerts,earlymay,0,3466,0.0007333483734743903
Email Alerts,responded,0,10012,0.002788651702069831
Email Alerts,halfmay,0,5142,0.0007333483734743903
Email Alerts,followedquietactive,0,4565,0.0014666967469487806
Email Alerts,observedmay,0,8077,0.0007333483734743903
Email Alerts,againjunslight,0,319,0.0007333483734743903
Email Alerts,exist,0,4062,0.0005577303404139662
Email Alerts,returnregionthe,0,10069,0.0007333483734743903
Email Alerts,diskproton,0,3158,0.0014666967469487806
Email Alerts,duecoronal,0,3365,0.0007333483734743903
Email Alerts,streamhss,0,11098,0.002933393493897561
Email Alerts,levelsisolatedflare,0,6579,0.0007333483734743903
Email Alerts,lateaug,0,6399,0.0014666967469487806
Email Alerts,precededan,0,9012,0.0007333483734743903
Email Alerts,areaactive,0,866,0.0007333483734743903
Email Alerts,plage,0,8835,0.0007333483734743903
Email Alerts,diskaugearthdirected,0,3148,0.0007333483734743903
Email Alerts,stormingenhancementthe,0,11052,0.0007333483734743903
Email Alerts,fromglancing,0,4774,0.0007333483734743903
Email Alerts,reachedpeakntutc,0,9553,0.0007333483734743903
Email Alerts,speedthis,0,10871,0.0007333483734743903
Email Alerts,observedaug,0,8059,0.002933393493897561
Email Alerts,lateaugthe,0,6400,0.0007333483734743903
Email Alerts,middleauglikely,0,7246,0.0007333483734743903
Email Alerts,precedingweak,0,9016,0.0007333483734743903
Email Alerts,fieldincreasea,0,4339,0.0007333483734743903
Email Alerts,maximumntutc,0,7042,0.0007333483734743903
Email Alerts,withprolonged,0,13105,0.0007333483734743903
Email Alerts,periodsouthwardto,0,8697,0.0007333483734743903
Email Alerts,increasednear,0,5688,0.0014666967469487806
Email Alerts,kmsaug,0,6274,0.0007333483734743903
Email Alerts,decliningbelow,0,2789,0.0007333483734743903
Email Alerts,kmsmiddayaug,0,6281,0.0007333483734743903
Email Alerts,augregion,0,1065,0.0007333483734743903
Email Alerts,continuesdevelop,0,2361,0.0007333483734743903
Email Alerts,activityproton,0,202,0.0007333483734743903
Email Alerts,undermostly,0,12203,0.0007333483734743903
Email Alerts,spotless,0,10892,0.0007333483734743903
Email Alerts,diskearthdirected,0,3150,0.0007333483734743903
Email Alerts,fluxpfu,0,4511,0.0007333483734743903
Email Alerts,parametersjul,0,8507,0.0007333483734743903
Email Alerts,latejulapproximately,0,6405,0.0007333483734743903
Email Alerts,beganincreasea,0,1261,0.0007333483734743903
Email Alerts,peakntutc,0,8608,0.0007333483734743903
Email Alerts,followedan,0,4558,0.0007333483734743903
Email Alerts,speednear,0,10863,0.0007333483734743903
Email Alerts,kmsa,0,6270,0.0007333483734743903
Email Alerts,diminishednominal,0,3073,0.0007333483734743903
Email Alerts,levelsjul,0,6581,0.0014666967469487806
Email Alerts,andlproton,0,621,0.0007333483734743903
Email Alerts,waslowhigh,0,12653,0.002200045120423171
Email Alerts,againnov,0,320,0.0014666967469487806
Email Alerts,duem,0,3389,0.0007333483734743903
Email Alerts,ekinov,0,3635,0.0007333483734743903
Email Alerts,weremfutcmsnutc,0,12838,0.0007333483734743903
Email Alerts,andmsfutcwella,0,631,0.0007333483734743903
Email Alerts,totalcflares,0,11998,0.0007333483734743903
Email Alerts,occurrednov,0,8119,0.0007333483734743903
Email Alerts,reportedprevious,0,9884,0.0007333483734743903
Email Alerts,weekly,0,12805,0.0007333483734743903
Email Alerts,dueanflare,0,3353,0.0007333483734743903
Email Alerts,regionutc,0,9774,0.002200045120423171
Email Alerts,withassociated,0,13033,0.0007333483734743903
Email Alerts,andsfu,0,680,0.0007333483734743903
Email Alerts,intobetagammadelta,0,5990,0.0007333483734743903
Email Alerts,decayingnear,0,2773,0.0007333483734743903
Email Alerts,millionthsnov,0,7280,0.0007333483734743903
Email Alerts,dainov,0,2659,0.0007333483734743903
Email Alerts,beganexhibit,0,1259,0.0007333483734743903
Email Alerts,developmenttrailing,0,3027,0.0007333483734743903
Email Alerts,beginningnov,0,1272,0.0007333483734743903
Email Alerts,cflaresearthdirected,0,1803,0.0007333483734743903
Email Alerts,increasednearwhile,0,5690,0.0007333483734743903
Email Alerts,reachingmaximumthe,0,9560,0.0007333483734743903
Email Alerts,stormingnov,0,11061,0.0007333483734743903
Email Alerts,observednov,0,8078,0.0007333483734743903
Email Alerts,novweak,0,7934,0.0007333483734743903
Email Alerts,kmsmiddaynov,0,6282,0.0007333483734743903
Email Alerts,increasednearlatenov,0,5689,0.0007333483734743903
Email Alerts,decliningnear,0,2791,0.0007333483734743903
Email Alerts,ekisep,0,3636,0.0007333483734743903
Email Alerts,producedmn,0,9199,0.0014666967469487806
Email Alerts,faisep,0,4256,0.0007333483734743903
Email Alerts,producedmutc,0,9202,0.0014666967469487806
Email Alerts,followedthe,0,4568,0.0014666967469487806
Email Alerts,periodmsfutc,0,8676,0.0007333483734743903
Email Alerts,dhisep,0,3041,0.0007333483734743903
Email Alerts,kmsand,0,6272,0.0007333483734743903
Email Alerts,typesignatures,0,12139,0.0007333483734743903
Email Alerts,periodtotalcclass,0,8707,0.0007333483734743903
Email Alerts,recordedadditionregions,0,9621,0.0007333483734743903
Email Alerts,dkisep,0,3226,0.0007333483734743903
Email Alerts,drosep,0,3333,0.0007333483734743903
Email Alerts,offboth,0,8157,0.0007333483734743903
Email Alerts,componentsproton,0,2163,0.0007333483734743903
Email Alerts,although,0,457,0.00043312736299266235
Email Alerts,levelssep,0,6597,0.0007333483734743903
Email Alerts,earlyseptember,0,3470,0.0007333483734743903
Email Alerts,observedand,0,8058,0.004400090240846342
Email Alerts,exceptionan,0,4047,0.0007333483734743903
Email Alerts,lateseptember,0,6421,0.0007333483734743903
Email Alerts,unsettledisolated,0,12291,0.0007333483734743903
Email Alerts,persistedand,0,8726,0.0007333483734743903
Email Alerts,activityseptemberoctober,0,204,0.0007333483734743903
Email Alerts,duecurrent,0,3367,0.0005577303404139662
Email Alerts,returning,0,10063,0.0007333483734743903
Email Alerts,regionsproton,0,9765,0.0007333483734743903
Email Alerts,octoberresponsech,0,8151,0.0007333483734743903
Email Alerts,activityexpectedbeunsettled,0,182,0.0014666967469487806
Email Alerts,octoberminormoderate,0,8150,0.0007333483734743903
Email Alerts,octoberwell,0,8152,0.0007333483734743903
Email Alerts,activityduech,0,169,0.0007333483734743903
Email Alerts,withmajoritythe,0,13086,0.0007333483734743903
Email Alerts,dkoaug,0,3227,0.0007333483734743903
Email Alerts,pickedon,0,8811,0.0007333483734743903
Email Alerts,recorded,0,9619,0.0005577303404139662
Email Alerts,dkcaug,0,3223,0.0007333483734743903
Email Alerts,ekiaugfurther,0,3633,0.0007333483734743903
Email Alerts,increaseactivity,0,5678,0.0007333483734743903
Email Alerts,rmoderate,0,10133,0.0036667418673719514
Email Alerts,formanflareutc,0,4665,0.0007333483734743903
Email Alerts,reg,0,9663,0.0007333483734743903
Email Alerts,largestmsfutc,0,6381,0.0007333483734743903
Email Alerts,typesweeps,0,12149,0.0007333483734743903
Email Alerts,andsfuburst,0,681,0.0014666967469487806
Email Alerts,observedaugthe,0,8060,0.0007333483734743903
Email Alerts,forman,0,4664,0.0007333483734743903
Email Alerts,wastypesweep,0,12685,0.0007333483734743903
Email Alerts,periodvarietycmes,0,8711,0.0007333483734743903
Email Alerts,thelimbobservedlasco,0,11726,0.0007333483734743903
Email Alerts,stereo,0,11021,0.0005577303404139662
Email Alerts,effectsany,0,3541,0.0007333483734743903
Email Alerts,mevpfu,0,7225,0.0007333483734743903
Email Alerts,resulta,0,10031,0.0007333483734743903
Email Alerts,msn,0,7526,0.0007333483734743903
Email Alerts,rgn,0,10093,0.002200045120423171
Email Alerts,startedutc,0,10957,0.0007333483734743903
Email Alerts,elevatedthe,0,3672,0.0007333483734743903
Email Alerts,washigh,0,12640,0.002933393493897561
Email Alerts,reading,0,9573,0.002200045120423171
Email Alerts,middaythethrough,0,7243,0.0007333483734743903
Email Alerts,middaytheduean,0,7242,0.0007333483734743903
Email Alerts,fieldnt,0,4347,0.0007333483734743903
Email Alerts,speedsabout,0,10864,0.0007333483734743903
Email Alerts,activityexpectedbemostly,0,179,0.0007333483734743903
Email Alerts,departs,0,2892,0.0007333483734743903
Email Alerts,rgns,0,10094,0.0007333483734743903
Email Alerts,activityexpected,0,172,0.0007333483734743903
Email Alerts,thea,0,11684,0.0007333483734743903
Email Alerts,forproton,0,4693,0.002933393493897561
Email Alerts,eventaug,0,3965,0.0007333483734743903
Email Alerts,orbitexpectedbemoderatesolar,0,8334,0.0007333483734743903
Email Alerts,durationflare,0,3426,0.0007333483734743903
Email Alerts,ekcjan,0,3632,0.0014666967469487806
Email Alerts,wascm,0,12628,0.0007333483734743903
Email Alerts,assymetric,0,1002,0.0007333483734743903
Email Alerts,full,0,4822,0.0011154606808279324
Email Alerts,visiblelascoimageryutc,0,12564,0.0007333483734743903
Email Alerts,forecaster,0,4607,0.00043312736299266235
Email Alerts,analysiswsa,0,518,0.0007333483734743903
Email Alerts,enlil,0,3793,0.0007333483734743903
Email Alerts,cmearriveearth,0,1979,0.0007333483734743903
Email Alerts,csojan,0,2604,0.0007333483734743903
Email Alerts,unkown,0,12265,0.0007333483734743903
Email Alerts,dueforeshorteningthe,0,3375,0.0007333483734743903
Email Alerts,dueinfluences,0,3383,0.002200045120423171
Email Alerts,islolated,0,6084,0.0007333483734743903
Email Alerts,flaresjan,0,4430,0.0007333483734743903
Email Alerts,febregion,0,4294,0.0007333483734743903
Email Alerts,rotatesthe,0,10182,0.0007333483734743903
Email Alerts,eventgeosynchronous,0,3969,0.0007333483734743903
Email Alerts,regionon,0,9743,0.0007333483734743903
Email Alerts,febproton,0,4293,0.0014666967469487806
Email Alerts,recurrenthss,0,9628,0.0007333483734743903
Email Alerts,activityexpectedreachminormoderate,0,190,0.0007333483734743903
Email Alerts,fromrecurrenthss,0,4791,0.0007333483734743903
Email Alerts,expectedthe,0,4131,0.0014666967469487806
Email Alerts,daysthe,0,2743,0.0007333483734743903
Email Alerts,daofebl,0,2677,0.0014666967469487806
Email Alerts,fkifeb,0,4407,0.0007333483734743903
Email Alerts,dkifeb,0,3224,0.002200045120423171
Email Alerts,experiencedminormoderate,0,4143,0.0007333483734743903
Email Alerts,regionincludem,0,9736,0.0007333483734743903
Email Alerts,observedutcminor,0,8096,0.0007333483734743903
Email Alerts,occurredfeb,0,8115,0.0007333483734743903
Email Alerts,witnessed,0,13137,0.0014666967469487806
Email Alerts,totalminor,0,11999,0.0014666967469487806
Email Alerts,wasmsfutc,0,12661,0.0007333483734743903
Email Alerts,csofeb,0,2603,0.0007333483734743903
Email Alerts,emissionsminor,0,3698,0.0007333483734743903
Email Alerts,reachedfeb,0,9544,0.0007333483734743903
Email Alerts,daofebstrong,0,2678,0.0007333483734743903
Email Alerts,producedxb,0,9213,0.0007333483734743903
Email Alerts,endedfeb,0,3740,0.0007333483734743903
Email Alerts,dsf,0,3337,0.0007333483734743903
Email Alerts,numrous,0,7995,0.0007333483734743903
Email Alerts,detectedbe,0,2970,0.0007333483734743903
Email Alerts,miss,0,7312,0.0005577303404139662
Email Alerts,lone,0,6761,0.0007333483734743903
Email Alerts,exception,0,4046,0.0007333483734743903
Email Alerts,took,0,11974,0.0005577303404139662
Email Alerts,placethe,0,8834,0.0005577303404139662
Email Alerts,wasprimarly,0,12672,0.0007333483734743903
Email Alerts,withsingleminor,0,13115,0.0007333483734743903
Email Alerts,activityexpectedbelowmclass,0,175,0.0014666967469487806
Email Alerts,activityminormoderate,0,200,0.0014666967469487806
Email Alerts,howeverchance,0,5405,0.0014666967469487806
Email Alerts,exists,0,4065,0.0011154606808279324
Email Alerts,orbitexpectedbehigh,0,8330,0.002200045120423171
Email Alerts,predominate,0,9057,0.0007333483734743903
Email Alerts,fkifebl,0,4408,0.0007333483734743903
Email Alerts,dkofeb,0,3228,0.0007333483734743903
Email Alerts,largestthese,0,6386,0.0007333483734743903
Email Alerts,waslong,0,12651,0.0007333483734743903
Email Alerts,durationfrom,0,3427,0.0007333483734743903
Email Alerts,wthassociated,0,13217,0.0007333483734743903
Email Alerts,andprojected,0,662,0.0005577303404139662
Email Alerts,cmeflare,0,1987,0.0007333483734743903
Email Alerts,presentfeb,0,9089,0.0014666967469487806
Email Alerts,producedlong,0,9192,0.0007333483734743903
Email Alerts,durationrstrong,0,3428,0.0007333483734743903
Email Alerts,eventutc,0,3993,0.0007333483734743903
Email Alerts,wasfast,0,12634,0.0007333483734743903
Email Alerts,andassociated,0,539,0.0007333483734743903
Email Alerts,assumetric,0,998,0.0007333483734743903
Email Alerts,daysproton,0,2742,0.0007333483734743903
Email Alerts,present,0,9076,0.0005577303404139662
Email Alerts,gminor,0,4980,0.0014666967469487806
Email Alerts,persisted,0,8725,0.0011154606808279324
Email Alerts,increasingunsettledgminor,0,5708,0.0007333483734743903
Email Alerts,activityexpectedrange,0,187,0.0014666967469487806
Email Alerts,activegminor,0,160,0.0007333483734743903
Email Alerts,lowmoderate,0,6831,0.004400090240846342
Email Alerts,classareadkoaug,0,1929,0.0007333483734743903
Email Alerts,periodlongdurationat,0,8673,0.0007333483734743903
Email Alerts,lower,0,6816,0.00043312736299266235
Email Alerts,classareaesoaug,0,1936,0.0007333483734743903
Email Alerts,andarea,0,537,0.0007333483734743903
Email Alerts,sweepaug,0,11420,0.0007333483734743903
Email Alerts,nonethe,0,7856,0.0005577303404139662
Email Alerts,appearedon,0,769,0.0007333483734743903
Email Alerts,lineproton,0,6707,0.0014666967469487806
Email Alerts,conditionssingle,0,2224,0.0007333483734743903
Email Alerts,periodsustainedsouth,0,8703,0.0007333483734743903
Email Alerts,likelybebackgroundmoderate,0,6646,0.0007333483734743903
Email Alerts,likelysep,0,6667,0.0007333483734743903
Email Alerts,elevationsgeomagnetic,0,3673,0.0036667418673719514
Email Alerts,periodexpectedbequiet,0,8662,0.0007333483734743903
Email Alerts,lowhigh,0,6824,0.002200045120423171
Email Alerts,classareafsidec,0,1938,0.0007333483734743903
Email Alerts,classareaeaidec,0,1930,0.0007333483734743903
Email Alerts,sourcesflare,0,10764,0.0007333483734743903
Email Alerts,wasmb,0,12658,0.0007333483734743903
Email Alerts,additiontheevent,0,237,0.0007333483734743903
Email Alerts,fourminor,0,4725,0.0007333483734743903
Email Alerts,fiveminor,0,4401,0.0007333483734743903
Email Alerts,despite,0,2955,0.00043312736299266235
Email Alerts,andnumberfilament,0,637,0.0007333483734743903
Email Alerts,weekearthdirected,0,12800,0.002200045120423171
Email Alerts,detectedproton,0,2973,0.0007333483734743903
Email Alerts,combinationweak,0,2063,0.0007333483734743903
Email Alerts,andbackground,0,541,0.0007333483734743903
Email Alerts,andminor,0,626,0.0014666967469487806
Email Alerts,influencesminor,0,5770,0.0007333483734743903
Email Alerts,waslowmoderate,0,12654,0.0014666967469487806
Email Alerts,ekojan,0,3637,0.0007333483734743903
Email Alerts,largesttheseflares,0,6387,0.0007333483734743903
Email Alerts,producedtotalcclass,0,9210,0.0014666967469487806
Email Alerts,daijan,0,2657,0.0007333483734743903
Email Alerts,largestcnutc,0,6378,0.0007333483734743903
Email Alerts,producedregionsl,0,9207,0.0007333483734743903
Email Alerts,daodecl,0,2676,0.0007333483734743903
Email Alerts,bxodecl,0,1531,0.0007333483734743903
Email Alerts,dsijan,0,3339,0.0007333483734743903
Email Alerts,dkijan,0,3225,0.0007333483734743903
Email Alerts,determinedhaveearthdirected,0,2986,0.0007333483734743903
Email Alerts,protonsgeosynchronous,0,9329,0.0007333483734743903
Email Alerts,reachedmaximumpfuutc,0,9548,0.0007333483734743903
Email Alerts,relatedtheevent,0,9797,0.0007333483734743903
Email Alerts,regiondec,0,9701,0.0007333483734743903
Email Alerts,wasunsettledisolated,0,12687,0.0007333483734743903
Email Alerts,halfjan,0,5141,0.0007333483734743903
Email Alerts,wasslightly,0,12681,0.0007333483734743903
Email Alerts,speedsnear,0,10866,0.0007333483734743903
Email Alerts,weremostly,0,12839,0.0007333483734743903
Email Alerts,intomostly,0,5998,0.0007333483734743903
Email Alerts,activityexpectedjanslight,0,186,0.0007333483734743903
Email Alerts,existsgeosynchronous,0,4066,0.0007333483734743903
Email Alerts,orbitexpectedbemoderatehigh,0,8333,0.0007333483734743903
Email Alerts,duegeoeffectivehss,0,3376,0.0007333483734743903
Email Alerts,flow,0,4464,0.0005577303404139662
Email Alerts,periodlikelybe,0,8671,0.0007333483734743903
Email Alerts,classareaeaoutc,0,1931,0.0007333483734743903
Email Alerts,otherflares,0,8384,0.0007333483734743903
Email Alerts,classareaekcl,0,1933,0.0007333483734743903
Email Alerts,classareadai,0,1926,0.0007333483734743903
Email Alerts,classareafai,0,1937,0.0007333483734743903
Email Alerts,includedapproximately,0,5645,0.0007333483734743903
Email Alerts,latejun,0,6408,0.0007333483734743903
Email Alerts,nearno,0,7647,0.0007333483734743903
Email Alerts,levelsjun,0,6582,0.0014666967469487806
Email Alerts,sunjun,0,11337,0.0007333483734743903
Email Alerts,strengeth,0,11105,0.0007333483734743903
Email Alerts,kmsapproximately,0,6273,0.0007333483734743903
Email Alerts,earlyjun,0,3465,0.0007333483734743903
Email Alerts,durationthe,0,3429,0.0007333483734743903
Email Alerts,orbitexpectedbemoderate,0,8332,0.0007333483734743903
Email Alerts,classareadaojun,0,1927,0.0014666967469487806
Email Alerts,periodimpulsiveflare,0,8668,0.0007333483734743903
Email Alerts,producedr,0,9204,0.0007333483734743903
Email Alerts,withimpulsiveflareutc,0,13069,0.0007333483734743903
Email Alerts,various,0,12504,0.0005577303404139662
Email Alerts,identified,0,5477,0.0005577303404139662
Email Alerts,anythe,0,753,0.0007333483734743903
Email Alerts,includedtypeii,0,5651,0.0007333483734743903
Email Alerts,sweepjun,0,11421,0.0014666967469487806
Email Alerts,andadditional,0,527,0.0007333483734743903
Email Alerts,typeii,0,12135,0.0014666967469487806
Email Alerts,notthe,0,7926,0.0005577303404139662
Email Alerts,periodsignificant,0,8689,0.0007333483734743903
Email Alerts,influencedthe,0,5760,0.0007333483734743903
Email Alerts,onseta,0,8248,0.0005577303404139662
Email Alerts,postive,0,8977,0.0007333483734743903
Email Alerts,speedspeak,0,10868,0.0007333483734743903
Email Alerts,kmsjun,0,6277,0.0007333483734743903
Email Alerts,decreaseda,0,2797,0.0007333483734743903
Email Alerts,lowkms,0,6826,0.0007333483734743903
Email Alerts,latejunweak,0,6411,0.0007333483734743903
Email Alerts,observedjun,0,8070,0.0007333483734743903
Email Alerts,withsouthwardof,0,13118,0.0007333483734743903
Email Alerts,slow,0,10690,0.0005577303404139662
Email Alerts,limbdecreaselow,0,6680,0.0007333483734743903
Email Alerts,rrminormoderatelikely,0,10195,0.0007333483734743903
Email Alerts,julyproton,0,6202,0.0007333483734743903
Email Alerts,orbitexpectedbelowmoderate,0,8331,0.0007333483734743903
Email Alerts,periodlikelybemostly,0,8672,0.0007333483734743903
Email Alerts,periodtotalmflares,0,8708,0.0007333483734743903
Email Alerts,xflare,0,13220,0.0007333483734743903
Email Alerts,unique,0,12247,0.00043312736299266235
Email Alerts,wasimpulsiveflareutc,0,12646,0.0007333483734743903
Email Alerts,passagemultiple,0,8576,0.0007333483734743903
Email Alerts,julminorstrong,0,6200,0.0007333483734743903
Email Alerts,levelsisolated,0,6578,0.0007333483734743903
Email Alerts,possibleaug,0,8959,0.0007333483734743903
Email Alerts,observedjan,0,8069,0.002933393493897561
Email Alerts,eaijan,0,3455,0.0014666967469487806
Email Alerts,withmsf,0,13091,0.0014666967469487806
Email Alerts,producedtypesweep,0,9212,0.0014666967469487806
Email Alerts,shock,0,10538,0.002230921361655865
Email Alerts,fkcjan,0,4406,0.0014666967469487806
Email Alerts,producedmfutc,0,9198,0.0014666967469487806
Email Alerts,withtypesweep,0,13131,0.0014666967469487806
Email Alerts,producedmf,0,9196,0.0014666967469487806
Email Alerts,quietcontributed,0,9453,0.002933393493897561
Email Alerts,janproton,0,6163,0.002200045120423171
Email Alerts,anmd,0,725,0.0014666967469487806
Email Alerts,reachedjan,0,9545,0.002200045120423171
Email Alerts,attributedinfluence,0,1053,0.002200045120423171
Email Alerts,polarityhsss,0,8910,0.002200045120423171
Email Alerts,pre,0,9010,0.0011154606808279324
Email Alerts,stylecolor,0,11167,0.0007333483734743903
Email Alerts,rgb,0,10092,0.0007333483734743903
Email Alerts,overflowwrap,0,8446,0.0007333483734743903
Email Alerts,breakword,0,1432,0.0007333483734743903
Email Alerts,textwrapmode,0,11595,0.0007333483734743903
Email Alerts,wrap,0,13211,0.0007333483734743903
Email Alerts,classareaekcfeb,0,1932,0.0007333483734743903
Email Alerts,diskproducedm,0,3157,0.0007333483734743903
Email Alerts,periodadditionseveralandevents,0,8652,0.0007333483734743903
Email Alerts,ssbc,0,10913,0.0007333483734743903
Email Alerts,onsetnegative,0,8250,0.0007333483734743903
Email Alerts,periodminormoderate,0,8675,0.0007333483734743903
Email Alerts,eventsproton,0,3980,0.0007333483734743903
Email Alerts,barring,0,1165,0.0007333483734743903
Email Alerts,activityexpectedreachminor,0,189,0.0007333483734743903
Email Alerts,ekcfeb,0,3631,0.0007333483734743903
Email Alerts,largestmutc,0,6382,0.002200045120423171
Email Alerts,caofeb,0,1652,0.0007333483734743903
Email Alerts,daifeb,0,2656,0.0007333483734743903
Email Alerts,largestmnutc,0,6380,0.0007333483734743903
Email Alerts,waspfuburst,0,12671,0.0007333483734743903
Email Alerts,andkms,0,618,0.0007333483734743903
Email Alerts,dsifeb,0,3338,0.0007333483734743903
Email Alerts,fieldhighsnt,0,4337,0.0007333483734743903
Email Alerts,activityexpectedberr,0,181,0.0007333483734743903
Email Alerts,throughoutmajoritythe,0,11868,0.0007333483734743903
Email Alerts,duenumerous,0,3393,0.0007333483734743903
Email Alerts,combinationpositive,0,2059,0.0007333483734743903
Email Alerts,followingmflareutc,0,4573,0.0007333483734743903
Email Alerts,classareadkijan,0,1928,0.0014666967469487806
Email Alerts,tenminor,0,11568,0.0007333483734743903
Email Alerts,classareaeki,0,1934,0.0007333483734743903
Email Alerts,producedmflareutc,0,9197,0.0007333483734743903
Email Alerts,eventsearthdirected,0,3977,0.0007333483734743903
Email Alerts,unsettledquiet,0,12295,0.0007333483734743903
Email Alerts,levelsactivityto,0,6559,0.0007333483734743903
Email Alerts,potentialdriven,0,8981,0.0007333483734743903
Email Alerts,primarilyregionsl,0,9112,0.0007333483734743903
Email Alerts,classareaekijanthe,0,1935,0.0007333483734743903
Email Alerts,earthfacing,0,3479,0.0007333483734743903
Email Alerts,sunwellmultiple,0,11356,0.0007333483734743903
Email Alerts,duerotated,0,3408,0.0007333483734743903
Email Alerts,eventssgreatergeosynchronous,0,3981,0.0007333483734743903
Email Alerts,orbitlikelybehigh,0,8343,0.0007333483734743903
Email Alerts,periodexpectedbenormalmoderate,0,8661,0.0007333483734743903
Email Alerts,levelsconditions,0,6567,0.0007333483734743903
Email Alerts,unsettle,0,12285,0.0007333483734743903
Email Alerts,periodexpectedbemostly,0,8660,0.0007333483734743903
Academic Articles,noaa,1,7826,0.03341872259719441
Academic Articles,space,1,10788,0.4260887131142287
Academic Articles,weather,1,12752,0.3945979937437955
Academic Articles,prediction,1,9036,0.021850703236627113
Academic Articles,center,1,1768,0.030848051628179454
Academic Articles,geomagnetic,1,4927,0.020565367752119635
Academic Articles,activity,1,167,0.023778706463388328
Academic Articles,observation,1,8015,0.07454945810143368
Academic Articles,forecast,1,4602,0.02313603872113459
Academic Articles,greatest,1,5066,0.000827551730243201
Academic Articles,past,1,8585,0.0025706709690149544
Academic Articles,hour,1,5385,0.007069345164791125
Academic Articles,scale,1,10286,0.03213338711268693
Academic Articles,level,1,6552,0.0077120129070448636
Academic Articles,duethe,1,3413,0.009930620762918412
Academic Articles,left,1,6530,0.002482655190729603
Academic Articles,sun,1,11309,0.034704058081701884
Academic Articles,course,1,2522,0.004137758651216006
Academic Articles,solar,1,10723,0.154882925883151
Academic Articles,radiation,1,9474,0.03213338711268693
Academic Articles,go,1,4984,0.0038560064535224318
Academic Articles,storm,1,11039,0.0282773806591645
Academic Articles,period,1,8649,0.008997348391552341
Academic Articles,given,1,4959,0.00964001613380608
Academic Articles,observed,1,8056,0.006426677422537387
Academic Articles,particular,1,8544,0.004498674195776171
Academic Articles,radio,1,9483,0.011568019360567295
Academic Articles,blackout,1,1360,0.0012853354845074772
Academic Articles,reaching,1,9558,0.005141341938029909
Academic Articles,largest,1,6377,0.005141341938029909
Academic Articles,flare,1,4410,0.005784009680283648
Academic Articles,likely,1,6643,0.004965310381459206
Academic Articles,primarily,1,9110,0.002482655190729603
Academic Articles,magnetic,1,6867,0.04627207744226918
Academic Articles,complexity,1,2146,0.000827551730243201
Academic Articles,wind,1,12998,0.07133611939016499
Academic Articles,feature,1,4282,0.0019280032267612159
Academic Articles,active,1,156,0.011568019360567295
Academic Articles,region,1,9675,0.023778706463388328
Academic Articles,occurred,1,8111,0.0032133387112686933
Academic Articles,expected,1,4083,0.0025706709690149544
Academic Articles,day,1,2729,0.008997348391552341
Academic Articles,cme,1,1978,0.011568019360567295
Academic Articles,since,1,10645,0.010282683876059817
Academic Articles,xclass,1,13218,0.0006426677422537386
Academic Articles,cmes,1,1994,0.017994696783104683
Academic Articles,therea,1,11757,0.004498674195776171
Academic Articles,strong,1,11121,0.005141341938029909
Academic Articles,event,1,3960,0.035989393566209366
Academic Articles,complex,1,2144,0.008354680649298602
Academic Articles,regionsthe,1,9769,0.000827551730243201
Academic Articles,visible,1,12560,0.000827551730243201
Academic Articles,disk,1,3147,0.004137758651216006
Academic Articles,next,1,7815,0.013496022587328512
Academic Articles,three,1,11851,0.010925351618313556
Academic Articles,potential,1,8978,0.010282683876059817
Academic Articles,recent,1,9598,0.010282683876059817
Academic Articles,increasing,1,5703,0.006620413841945608
Academic Articles,following,1,4569,0.025654103637539234
Academic Articles,near,1,7624,0.005784009680283648
Academic Articles,therean,1,11762,0.000827551730243201
Academic Articles,low,1,6808,0.008997348391552341
Academic Articles,greater,1,5065,0.003310206920972804
Academic Articles,mev,1,7223,0.002482655190729603
Academic Articles,proton,1,9326,0.005141341938029909
Academic Articles,mar,1,6983,0.000827551730243201
Academic Articles,limb,1,6678,0.000827551730243201
Academic Articles,minor,1,7294,0.001655103460486402
Academic Articles,duea,1,3349,0.001655103460486402
Academic Articles,associated,1,994,0.007069345164791125
Academic Articles,fromcme,1,4759,0.000827551730243201
Academic Articles,approach,1,808,0.025064041947895806
Academic Articles,transient,1,12038,0.006620413841945608
Academic Articles,influence,1,5757,0.0019280032267612159
Academic Articles,effect,1,3530,0.023778706463388328
Academic Articles,early,1,3460,0.0012853354845074772
Academic Articles,previous,1,9108,0.007069345164791125
Academic Articles,first,1,4387,0.015424025814089727
Academic Articles,current,1,2617,0.045629409700015444
Academic Articles,total,1,11997,0.0077120129070448636
Academic Articles,continue,1,2338,0.0006426677422537386
Academic Articles,remain,1,9843,0.004137758651216006
Academic Articles,condition,1,2198,0.017352029040850942
Academic Articles,currently,1,2619,0.013496022587328512
Academic Articles,alert,1,388,0.0006426677422537386
Academic Articles,positive,1,8952,0.002482655190729603
Academic Articles,increase,1,5677,0.00964001613380608
Academic Articles,connection,1,2266,0.002482655190729603
Academic Articles,earth,1,3472,0.03856006453522432
Academic Articles,group,1,5091,0.018206138065350423
Academic Articles,producing,1,9218,0.0019280032267612159
Academic Articles,decrease,1,2795,0.002482655190729603
Academic Articles,subsequent,1,11190,0.001655103460486402
Academic Articles,negative,1,7761,0.000827551730243201
Academic Articles,persistent,1,8731,0.003310206920972804
Academic Articles,message,1,7197,0.0012853354845074772
Academic Articles,code,1,2005,0.002482655190729603
Academic Articles,number,1,7962,0.0012853354845074772
Academic Articles,time,1,11890,0.0366320613084631
Academic Articles,reached,1,9540,0.0012853354845074772
Academic Articles,warning,1,12615,0.004498674195776171
Academic Articles,description,1,2935,0.001655103460486402
Academic Articles,impact,1,5535,0.016709361298597205
Academic Articles,polewarddegrees,1,8919,0.000827551730243201
Academic Articles,weak,1,12732,0.003310206920972804
Academic Articles,power,1,8998,0.012853354845074773
Academic Articles,grid,1,5076,0.010925351618313556
Academic Articles,fluctuation,1,4475,0.0012853354845074772
Academic Articles,impactsatellite,1,5547,0.000827551730243201
Academic Articles,operation,1,8269,0.13046155167750895
Academic Articles,aurora,1,1068,0.0032133387112686933
Academic Articles,latitude,1,6426,0.0032133387112686933
Academic Articles,occur,1,8108,0.005784009680283648
Academic Articles,highlatitude,1,5324,0.003310206920972804
Academic Articles,system,1,11449,0.0964001613380608
Academic Articles,experience,1,4140,0.0019280032267612159
Academic Articles,voltage,1,12577,0.0012853354845074772
Academic Articles,satellite,1,10248,0.05141341938029909
Academic Articles,orientation,1,8361,0.001655103460486402
Academic Articles,irregularity,1,6080,0.008275517302432011
Academic Articles,increased,1,5680,0.006426677422537387
Academic Articles,high,1,5307,0.0077120129070448636
Academic Articles,frequency,1,4743,0.0025706709690149544
Academic Articles,propagation,1,9295,0.010925351618313556
Academic Articles,state,1,10966,0.013496022587328512
Academic Articles,flux,1,4481,0.015424025814089727
Academic Articles,burst,1,1494,0.002482655190729603
Academic Articles,electromagnetic,1,3652,0.0038560064535224318
Academic Articles,background,1,1130,0.004965310381459206
Academic Articles,shortlived,1,10550,0.000827551730243201
Academic Articles,cause,1,1732,0.013496022587328512
Academic Articles,interference,1,5964,0.001655103460486402
Academic Articles,receiver,1,9595,0.000827551730243201
Academic Articles,including,1,5662,0.04048806776198553
Academic Articles,radar,1,9468,0.006620413841945608
Academic Articles,gps,1,5042,0.0025706709690149544
Academic Articles,communication,1,2103,0.012853354845074773
Academic Articles,major,1,6928,0.011568019360567295
Academic Articles,typically,1,12153,0.0025706709690149544
Academic Articles,coronal,1,2442,0.01413869032958225
Academic Articles,mass,1,7009,0.017994696783104683
Academic Articles,ejection,1,3618,0.010282683876059817
Academic Articles,velocity,1,12517,0.0006426677422537386
Academic Articles,xray,1,13224,0.0006426677422537386
Academic Articles,class,1,1924,0.001655103460486402
Academic Articles,wide,1,12930,0.001655103460486402
Academic Articles,area,1,865,0.007069345164791125
Academic Articles,pointthe,1,8897,0.002482655190729603
Academic Articles,upon,1,12311,0.003310206920972804
Academic Articles,intensity,1,5926,0.0019280032267612159
Academic Articles,realtime,1,9582,0.015424025814089727
Academic Articles,duration,1,3425,0.001655103460486402
Academic Articles,see,1,10385,0.02442137420564207
Academic Articles,electron,1,3653,0.01928003226761216
Academic Articles,maximum,1,7040,0.0038560064535224318
Academic Articles,significant,1,10613,0.017994696783104683
Academic Articles,charging,1,1883,0.0019280032267612159
Academic Articles,prior,1,9119,0.003310206920972804
Academic Articles,limited,1,6694,0.009103069032675212
Academic Articles,product,1,9222,0.019033689795593625
Academic Articles,issued,1,6095,0.0012853354845074772
Academic Articles,summary,1,11295,0.006620413841945608
Academic Articles,numerous,1,7993,0.0012853354845074772
Academic Articles,mostthe,1,7506,0.0019280032267612159
Academic Articles,beyond,1,1333,0.004137758651216006
Academic Articles,decay,1,2763,0.000827551730243201
Academic Articles,quiet,1,9450,0.0025706709690149544
Academic Articles,otherwise,1,8387,0.000827551730243201
Academic Articles,degree,1,2842,0.0038560064535224318
Academic Articles,long,1,6762,0.004498674195776171
Academic Articles,dimming,1,3079,0.000827551730243201
Academic Articles,imagery,1,5508,0.000827551730243201
Academic Articles,eruption,1,3883,0.0012853354845074772
Academic Articles,resulting,1,10035,0.0025706709690149544
Academic Articles,coronagraph,1,2436,0.0032133387112686933
Academic Articles,potentially,1,8984,0.004498674195776171
Academic Articles,anticipated,1,742,0.004137758651216006
Academic Articles,energetic,1,3750,0.014781358071835988
Academic Articles,particle,1,8531,0.04305873873100049
Academic Articles,parameter,1,8503,0.008354680649298602
Academic Articles,field,1,4313,0.053341422607060304
Academic Articles,sustained,1,11410,0.003310206920972804
Academic Articles,southward,1,10778,0.000827551730243201
Academic Articles,deflection,1,2831,0.001655103460486402
Academic Articles,speed,1,10858,0.006426677422537387
Academic Articles,km,1,6269,0.0006426677422537386
Academic Articles,phi,1,8785,0.000827551730243201
Academic Articles,environment,1,3820,0.02763471291691076
Academic Articles,disturbance,1,3199,0.012853354845074773
Academic Articles,geospace,1,4933,0.03227451747948484
Academic Articles,throughout,1,11867,0.006426677422537387
Academic Articles,growth,1,5109,0.000827551730243201
Academic Articles,remaining,1,9857,0.0006426677422537386
Academic Articles,either,1,3608,0.004498674195776171
Academic Articles,eventthe,1,3990,0.000827551730243201
Academic Articles,development,1,3008,0.013240827683891216
Academic Articles,continued,1,2340,0.002482655190729603
Academic Articles,among,1,480,0.008997348391552341
Academic Articles,small,1,10695,0.005784009680283648
Academic Articles,appeared,1,766,0.000827551730243201
Academic Articles,model,1,7362,0.14717091297610616
Academic Articles,large,1,6370,0.016066693556343464
Academic Articles,south,1,10770,0.0006426677422537386
Academic Articles,arrivalearth,1,925,0.001655103460486402
Academic Articles,later,1,6419,0.0012853354845074772
Academic Articles,well,1,12813,0.01863736452535842
Academic Articles,mostly,1,7499,0.002482655190729603
Academic Articles,far,1,4262,0.0006426677422537386
Academic Articles,sidethe,1,10598,0.000827551730243201
Academic Articles,enhanced,1,3775,0.0032133387112686933
Academic Articles,angle,1,721,0.000827551730243201
Academic Articles,direct,1,3084,0.0032133387112686933
Academic Articles,carry,1,1698,0.0032133387112686933
Academic Articles,interact,1,5935,0.0012853354845074772
Academic Articles,polarity,1,8904,0.001655103460486402
Academic Articles,hole,1,5364,0.0006426677422537386
Academic Articles,largely,1,6371,0.0006426677422537386
Academic Articles,plus,1,8879,0.000827551730243201
Academic Articles,additional,1,229,0.01572348287462082
Academic Articles,enhancement,1,3783,0.0025706709690149544
Academic Articles,newly,1,7811,0.0006426677422537386
Academic Articles,simple,1,10629,0.0006426677422537386
Academic Articles,relatively,1,9801,0.001655103460486402
Academic Articles,much,1,7527,0.0025706709690149544
Academic Articles,like,1,6634,0.0038560064535224318
Academic Articles,four,1,4723,0.013240827683891216
Academic Articles,beginning,1,1267,0.001655103460486402
Academic Articles,slowly,1,10691,0.0012853354845074772
Academic Articles,became,1,1199,0.000827551730243201
Academic Articles,expectedbe,1,4087,0.000827551730243201
Academic Articles,duean,1,3351,0.000827551730243201
Academic Articles,multiple,1,7545,0.011568019360567295
Academic Articles,progress,1,9259,0.002482655190729603
Academic Articles,however,1,5403,0.025706709690149546
Academic Articles,around,1,914,0.00964001613380608
Academic Articles,continuing,1,2371,0.002482655190729603
Academic Articles,combined,1,2065,0.010282683876059817
Academic Articles,produced,1,9183,0.0019280032267612159
Academic Articles,strongest,1,11123,0.0032133387112686933
Academic Articles,evolution,1,4004,0.005792862111702408
Academic Articles,seen,1,10402,0.0012853354845074772
Academic Articles,decreased,1,2796,0.000827551730243201
Academic Articles,possible,1,8957,0.0077120129070448636
Academic Articles,influencethe,1,5771,0.000827551730243201
Academic Articles,little,1,6735,0.000827551730243201
Academic Articles,physical,1,8796,0.022343896716566426
Academic Articles,change,1,1852,0.0077120129070448636
Academic Articles,five,1,4399,0.0038560064535224318
Academic Articles,new,1,7810,0.06298143874086638
Academic Articles,roughly,1,10186,0.0012853354845074772
Academic Articles,clear,1,1948,0.005784009680283648
Academic Articles,sourcethe,1,10768,0.000827551730243201
Academic Articles,possibly,1,8972,0.0012853354845074772
Academic Articles,farside,1,4266,0.003310206920972804
Academic Articles,data,1,2681,0.2757044614268539
Academic Articles,yet,1,13242,0.012210687102821034
Academic Articles,forpossible,1,4692,0.000827551730243201
Academic Articles,dueits,1,3386,0.000827551730243201
Academic Articles,close,1,1954,0.0006426677422537386
Academic Articles,developed,1,2996,0.003310206920972804
Academic Articles,fully,1,4827,0.0025706709690149544
Academic Articles,ten,1,11560,0.000827551730243201
Academic Articles,andwas,1,711,0.0006426677422537386
Academic Articles,majoritythe,1,6930,0.003310206920972804
Academic Articles,occurredthe,1,8120,0.000827551730243201
Academic Articles,responsible,1,10020,0.0025706709690149544
Academic Articles,regionthe,1,9771,0.001655103460486402
Academic Articles,observatory,1,8047,0.017352029040850942
Academic Articles,report,1,9879,0.005141341938029909
Academic Articles,narrow,1,7593,0.000827551730243201
Academic Articles,modeling,1,7377,0.062338770998612646
Academic Articles,effort,1,3583,0.019922700009865898
Academic Articles,neutral,1,7804,0.019033689795593625
Academic Articles,gradually,1,5048,0.001655103460486402
Academic Articles,brief,1,1438,0.000827551730243201
Academic Articles,sector,1,10376,0.0074479655721888085
Academic Articles,two,1,12120,0.02313603872113459
Academic Articles,form,1,4660,0.0012853354845074772
Academic Articles,become,1,1218,0.0006426677422537386
Academic Articles,remains,1,9859,0.0012853354845074772
Academic Articles,becauseits,1,1207,0.000827551730243201
Academic Articles,expanding,1,4074,0.002482655190729603
Academic Articles,outthe,1,8430,0.0038560064535224318
Academic Articles,primary,1,9115,0.0032133387112686933
Academic Articles,driver,1,3316,0.009103069032675212
Academic Articles,moving,1,7517,0.000827551730243201
Academic Articles,forward,1,4711,0.004137758651216006
Academic Articles,though,1,11842,0.0006426677422537386
Academic Articles,location,1,6747,0.0032133387112686933
Academic Articles,prolonged,1,9278,0.000827551730243201
Academic Articles,synoptic,1,11446,0.001655103460486402
Academic Articles,muchthe,1,7533,0.0012853354845074772
Academic Articles,allthe,1,418,0.000827551730243201
Academic Articles,configuration,1,2251,0.003310206920972804
Academic Articles,analysis,1,504,0.02442137420564207
Academic Articles,second,1,10366,0.007069345164791125
Academic Articles,old,1,8197,0.000827551730243201
Academic Articles,component,1,2152,0.007069345164791125
Academic Articles,thus,1,11876,0.018206138065350423
Academic Articles,betweenand,1,1329,0.002482655190729603
Academic Articles,oscillation,1,8375,0.002482655190729603
Academic Articles,saw,1,10273,0.0012853354845074772
Academic Articles,nominal,1,7851,0.001655103460486402
Academic Articles,interaction,1,5937,0.016551034604864023
Academic Articles,could,1,2476,0.020565367752119635
Academic Articles,bring,1,1445,0.003310206920972804
Academic Articles,imf,1,5529,0.003310206920972804
Academic Articles,move,1,7513,0.0012853354845074772
Academic Articles,main,1,6913,0.004498674195776171
Academic Articles,today,1,11953,0.0032133387112686933
Academic Articles,section,1,10372,0.0032133387112686933
Academic Articles,revealed,1,10074,0.000827551730243201
Academic Articles,larger,1,6373,0.006620413841945608
Academic Articles,recently,1,9600,0.00964001613380608
Academic Articles,emerged,1,3687,0.005792862111702408
Academic Articles,noted,1,7903,0.014781358071835988
Academic Articles,nothing,1,7913,0.000827551730243201
Academic Articles,onethe,1,8220,0.0019280032267612159
Academic Articles,unit,1,12248,0.000827551730243201
Academic Articles,another,1,733,0.008354680649298602
Academic Articles,several,1,10490,0.008997348391552341
Academic Articles,initial,1,5830,0.004137758651216006
Academic Articles,reported,1,9882,0.0019280032267612159
Academic Articles,threefour,1,11855,0.001655103460486402
Academic Articles,related,1,9784,0.0038560064535224318
Academic Articles,ongoing,1,8225,0.006620413841945608
Academic Articles,addition,1,228,0.001655103460486402
Academic Articles,southwest,1,10784,0.001655103460486402
Academic Articles,arrival,1,921,0.0032133387112686933
Academic Articles,whileis,1,12913,0.001655103460486402
Academic Articles,unknown,1,12264,0.000827551730243201
Academic Articles,eventually,1,3991,0.0025706709690149544
Academic Articles,secondary,1,10367,0.0025706709690149544
Academic Articles,continues,1,2360,0.000827551730243201
Academic Articles,still,1,11025,0.007069345164791125
Academic Articles,keep,1,6226,0.0006426677422537386
Academic Articles,begin,1,1266,0.0006426677422537386
Academic Articles,future,1,4849,0.11375219037891174
Academic Articles,included,1,5644,0.0038560064535224318
Academic Articles,growing,1,5107,0.0006426677422537386
Academic Articles,smaller,1,10696,0.003310206920972804
Academic Articles,andm,1,622,0.000827551730243201
Academic Articles,made,1,6851,0.009103069032675212
Academic Articles,way,1,12706,0.005784009680283648
Academic Articles,becomes,1,1222,0.000827551730243201
Academic Articles,available,1,1095,0.015424025814089727
Academic Articles,average,1,1106,0.0006426677422537386
Academic Articles,latter,1,6432,0.001655103460486402
Academic Articles,halfthe,1,5144,0.000827551730243201
Academic Articles,value,1,12468,0.010758172493161614
Academic Articles,geoeffective,1,4920,0.001655103460486402
Academic Articles,starting,1,10958,0.0012853354845074772
Academic Articles,confidence,1,2244,0.000827551730243201
Academic Articles,leada,1,6465,0.0006426677422537386
Academic Articles,run,1,10202,0.0012853354845074772
Academic Articles,output,1,8419,0.0038560064535224318
Academic Articles,week,1,12799,0.0006426677422537386
Academic Articles,effective,1,3533,0.008275517302432011
Academic Articles,seven,1,10488,0.000827551730243201
Academic Articles,showed,1,10577,0.000827551730243201
Academic Articles,ejecta,1,3613,0.000827551730243201
Academic Articles,behind,1,1284,0.0006426677422537386
Academic Articles,suggested,1,11271,0.01572348287462082
Academic Articles,directed,1,3085,0.0006426677422537386
Academic Articles,based,1,1167,0.004137758651216006
Academic Articles,lost,1,6800,0.000827551730243201
Academic Articles,regime,1,9670,0.003310206920972804
Academic Articles,indicated,1,5723,0.004137758651216006
Academic Articles,deviationsthe,1,3034,0.000827551730243201
Academic Articles,thisa,1,11817,0.001655103460486402
Academic Articles,single,1,10647,0.010758172493161614
Academic Articles,line,1,6703,0.012853354845074773
Academic Articles,orbit,1,8321,0.025064041947895806
Academic Articles,ranging,1,9515,0.005792862111702408
Academic Articles,onset,1,8247,0.001655103460486402
Academic Articles,along,1,427,0.006426677422537387
Academic Articles,notable,1,7893,0.003310206920972804
Academic Articles,eruptive,1,3888,0.001655103460486402
Academic Articles,modeled,1,7372,0.001655103460486402
Academic Articles,result,1,10030,0.006426677422537387
Academic Articles,end,1,3734,0.004965310381459206
Academic Articles,reach,1,9539,0.0012853354845074772
Academic Articles,minormoderate,1,7296,0.000827551730243201
Academic Articles,note,1,7902,0.008997348391552341
Academic Articles,network,1,7786,0.015424025814089727
Academic Articles,gap,1,4869,0.02892004840141824
Academic Articles,service,1,10457,0.02892004840141824
Academic Articles,changed,1,1853,0.002482655190729603
Academic Articles,last,1,6394,0.0012853354845074772
Academic Articles,modelingthe,1,7386,0.004137758651216006
Academic Articles,rotates,1,10180,0.001655103460486402
Academic Articles,shortly,1,10551,0.001655103460486402
Academic Articles,adding,1,227,0.000827551730243201
Academic Articles,forfew,1,4651,0.000827551730243201
Academic Articles,formed,1,4671,0.000827551730243201
Academic Articles,showing,1,10578,0.003310206920972804
Academic Articles,outa,1,8392,0.000827551730243201
Academic Articles,type,1,12129,0.0012853354845074772
Academic Articles,emission,1,3696,0.0032133387112686933
Academic Articles,source,1,10759,0.034704058081701884
Academic Articles,bulkthe,1,1489,0.000827551730243201
Academic Articles,longduration,1,6764,0.000827551730243201
Academic Articles,upstreamearth,1,12317,0.000827551730243201
Academic Articles,steadily,1,11003,0.0019280032267612159
Academic Articles,one,1,8206,0.022493370978880853
Academic Articles,northern,1,7884,0.0006426677422537386
Academic Articles,reducing,1,9640,0.001655103460486402
Academic Articles,therefore,1,11767,0.003310206920972804
Academic Articles,interplanetary,1,5979,0.007069345164791125
Academic Articles,sustaining,1,11411,0.000827551730243201
Academic Articles,direction,1,3088,0.0019280032267612159
Academic Articles,basedthe,1,1179,0.004137758651216006
Academic Articles,minimal,1,7287,0.000827551730243201
Academic Articles,rapid,1,9518,0.001655103460486402
Academic Articles,shear,1,10516,0.000827551730243201
Academic Articles,across,1,142,0.022493370978880853
Academic Articles,experienced,1,4142,0.0006426677422537386
Academic Articles,length,1,6538,0.002482655190729603
Academic Articles,fromfew,1,4770,0.0006426677422537386
Academic Articles,arrive,1,933,0.000827551730243201
Academic Articles,discussion,1,3130,0.026481655367782433
Academic Articles,began,1,1253,0.004498674195776171
Academic Articles,modelingcurrently,1,7381,0.000827551730243201
Academic Articles,stream,1,11096,0.008997348391552341
Academic Articles,overall,1,8437,0.006620413841945608
Academic Articles,interval,1,5989,0.000827551730243201
Academic Articles,view,1,12537,0.004498674195776171
Academic Articles,ahead,1,355,0.0006426677422537386
Academic Articles,sunearth,1,11322,0.016551034604864023
Academic Articles,variable,1,12488,0.003310206920972804
Academic Articles,oriented,1,8364,0.000827551730243201
Academic Articles,respectively,1,10007,0.002482655190729603
Academic Articles,leading,1,6475,0.000827551730243201
Academic Articles,unstable,1,12297,0.000827551730243201
Academic Articles,disturbed,1,3205,0.000827551730243201
Academic Articles,outcome,1,8402,0.003310206920972804
Academic Articles,briefly,1,1439,0.000827551730243201
Academic Articles,levelsthe,1,6598,0.000827551730243201
Academic Articles,north,1,7877,0.005784009680283648
Academic Articles,ace,1,130,0.000827551730243201
Academic Articles,spacecraft,1,10793,0.03534672582395562
Academic Articles,coupled,1,2512,0.004137758651216006
Academic Articles,directly,1,3093,0.0025706709690149544
Academic Articles,would,1,13177,0.05141341938029909
Academic Articles,peak,1,8602,0.001655103460486402
Academic Articles,extent,1,4199,0.0012853354845074772
Academic Articles,viewthe,1,12549,0.002482655190729603
Academic Articles,cluster,1,1969,0.000827551730243201
Academic Articles,thin,1,11808,0.000827551730243201
Academic Articles,groupsthe,1,5103,0.000827551730243201
Academic Articles,sheath,1,10519,0.000827551730243201
Academic Articles,tail,1,11493,0.002482655190729603
Academic Articles,come,1,2071,0.0025706709690149544
Academic Articles,outside,1,8426,0.002482655190729603
Academic Articles,possibility,1,8953,0.001655103460486402
Academic Articles,additionally,1,230,0.001655103460486402
Academic Articles,indicating,1,5731,0.001655103460486402
Academic Articles,cloud,1,1963,0.0025706709690149544
Academic Articles,six,1,10671,0.005141341938029909
Academic Articles,cross,1,2579,0.001655103460486402
Academic Articles,whose,1,12926,0.0025706709690149544
Academic Articles,becoming,1,1224,0.003310206920972804
Academic Articles,andthe,1,699,0.0077120129070448636
Academic Articles,partthe,1,8568,0.0032133387112686933
Academic Articles,plasma,1,8853,0.034704058081701884
Academic Articles,better,1,1326,0.010925351618313556
Academic Articles,arethe,1,899,0.0006426677422537386
Academic Articles,orbiter,1,8327,0.000827551730243201
Academic Articles,show,1,10576,0.0032133387112686933
Academic Articles,coming,1,2077,0.0025706709690149544
Academic Articles,highly,1,5332,0.0012853354845074772
Academic Articles,longer,1,6765,0.005792862111702408
Academic Articles,causing,1,1751,0.0019280032267612159
Academic Articles,discussedthe,1,3128,0.001655103460486402
Academic Articles,especially,1,3894,0.010758172493161614
Academic Articles,describedthe,1,2932,0.000827551730243201
Academic Articles,geophysical,1,4929,0.008997348391552341
Academic Articles,populated,1,8929,0.000827551730243201
Academic Articles,subsequently,1,11191,0.002482655190729603
Academic Articles,generally,1,4901,0.005141341938029909
Academic Articles,analysisthe,1,513,0.001655103460486402
Academic Articles,frequent,1,4746,0.000827551730243201
Academic Articles,highest,1,5318,0.002482655190729603
Academic Articles,range,1,9500,0.0038560064535224318
Academic Articles,responded,1,10012,0.001655103460486402
Academic Articles,exist,1,4062,0.002482655190729603
Academic Articles,although,1,457,0.010282683876059817
Academic Articles,duecurrent,1,3367,0.000827551730243201
Academic Articles,stereo,1,11021,0.001655103460486402
Academic Articles,full,1,4822,0.012413275953648016
Academic Articles,forecaster,1,4607,0.0025706709690149544
Academic Articles,miss,1,7312,0.000827551730243201
Academic Articles,took,1,11974,0.004137758651216006
Academic Articles,placethe,1,8834,0.002482655190729603
Academic Articles,exists,1,4065,0.003310206920972804
Academic Articles,present,1,9076,0.004965310381459206
Academic Articles,persisted,1,8725,0.000827551730243201
Academic Articles,lower,1,6816,0.008997348391552341
Academic Articles,nonethe,1,7856,0.000827551730243201
Academic Articles,despite,1,2955,0.0038560064535224318
Academic Articles,flow,1,4464,0.008275517302432011
Academic Articles,various,1,12504,0.022343896716566426
Academic Articles,identified,1,5477,0.005792862111702408
Academic Articles,onseta,1,8248,0.000827551730243201
Academic Articles,slow,1,10690,0.000827551730243201
Academic Articles,unique,1,12247,0.0032133387112686933
Academic Articles,shock,1,10538,0.014068379414134417
Academic Articles,pre,1,9010,0.001655103460486402
Academic Articles,planning,1,8847,0.1055487143558731
Academic Articles,research,1,9952,0.28219514001293156
Academic Articles,infrastructure,1,5803,0.1655103460486402
Academic Articles,proceedingsthe,1,9161,0.11098936973504182
Academic Articles,phaseworkshop,1,8776,0.1131656318867093
Academic Articles,national,1,7608,0.1655103460486402
Academic Articles,academysciences,1,69,0.10990123865920808
Academic Articles,right,1,10100,0.09351334551748171
Academic Articles,reserved,1,9989,0.08192762129407691
Academic Articles,vii,1,12552,0.0010881310758337434
Academic Articles,preface,1,9060,0.0021762621516674867
Academic Articles,describedincluding,1,2927,0.0010881310758337434
Academic Articles,eventsthe,1,3984,0.0043525243033349734
Academic Articles,sunthe,1,11353,0.002482655190729603
Academic Articles,windnearearth,1,13011,0.0010881310758337434
Academic Articles,andour,1,650,0.0010881310758337434
Academic Articles,upper,1,12312,0.010758172493161614
Academic Articles,atmosphere,1,1024,0.024826551907296032
Academic Articles,affect,1,298,0.01737858633510722
Academic Articles,spaceborne,1,10791,0.005440655379168716
Academic Articles,groundbased,1,5087,0.026481655367782433
Academic Articles,technological,1,11535,0.011585724223404816
Academic Articles,human,1,5440,0.010758172493161614
Academic Articles,life,1,6611,0.000827551730243201
Academic Articles,endeavor,1,3737,0.0010881310758337434
Academic Articles,affecting,1,301,0.005792862111702408
Academic Articles,systemsa,1,11468,0.0010881310758337434
Academic Articles,globalscale,1,4975,0.0021762621516674867
Academic Articles,disrupt,1,3173,0.000827551730243201
Academic Articles,highfrequency,1,5320,0.000827551730243201
Academic Articles,signal,1,10599,0.006620413841945608
Academic Articles,satellitebased,1,10249,0.0010881310758337434
Academic Articles,navigational,1,7620,0.0010881310758337434
Academic Articles,positioning,1,8948,0.004965310381459206
Academic Articles,timing,1,11935,0.005440655379168716
Academic Articles,electric,1,3640,0.019033689795593625
Academic Articles,delivery,1,2858,0.0043525243033349734
Academic Articles,cascading,1,1706,0.000827551730243201
Academic Articles,socioeconomic,1,10718,0.0010881310758337434
Academic Articles,disruption,1,3177,0.000827551730243201
Academic Articles,presentincreased,1,9090,0.0010881310758337434
Academic Articles,health,1,5242,0.0010881310758337434
Academic Articles,risk,1,10118,0.013240827683891216
Academic Articles,astronautswellaviation,1,1010,0.0010881310758337434
Academic Articles,flight,1,4459,0.014068379414134417
Academic Articles,crew,1,2571,0.0010881310758337434
Academic Articles,passengerstranspolar,1,8581,0.0010881310758337434
Academic Articles,executive,1,4055,0.005440655379168716
Academic Articles,legislative,1,6532,0.0010881310758337434
Academic Articles,worked,1,13147,0.0021762621516674867
Academic Articles,toward,1,12004,0.006620413841945608
Academic Articles,improvingpreparedness,1,5622,0.0010881310758337434
Academic Articles,strengthening,1,11108,0.000827551730243201
Academic Articles,vitalnational,1,12570,0.0010881310758337434
Academic Articles,security,1,10383,0.003310206920972804
Academic Articles,economy,1,3512,0.0010881310758337434
Academic Articles,notablymarch,1,7895,0.0010881310758337434
Academic Articles,white,1,12919,0.015233835061672406
Academic Articles,house,1,5394,0.0021762621516674867
Academic Articles,released,1,9807,0.001655103460486402
Academic Articles,strategy,1,11089,0.018206138065350423
Academic Articles,action,1,146,0.011585724223404816
Academic Articles,plan,1,8836,0.012413275953648016
Academic Articles,nswsap,1,7957,0.0043525243033349734
Academic Articles,contained,1,2321,0.000827551730243201
Academic Articles,strategic,1,11085,0.0043525243033349734
Academic Articles,objective,1,8005,0.0032643932275012296
Academic Articles,necessaryachievespace,1,7660,0.0010881310758337434
Academic Articles,weatherready,1,12779,0.0010881310758337434
Academic Articles,nation,1,7607,0.0021762621516674867
Academic Articles,provided,1,9337,0.00979317968250369
Academic Articles,guidance,1,5125,0.0032643932275012296
Academic Articles,activitiesthe,1,166,0.0021762621516674867
Academic Articles,mitigation,1,7339,0.01632196613750615
Academic Articles,sworm,1,11430,0.00979317968250369
Academic Articles,passagedecemberpublic,1,8575,0.0010881310758337434
Academic Articles,law,1,6452,0.0032643932275012296
Academic Articles,promoting,1,9285,0.005440655379168716
Academic Articles,observationsspace,1,8039,0.005440655379168716
Academic Articles,weatherimprove,1,12765,0.006528786455002459
Academic Articles,forecastingtomorrow,1,4623,0.006528786455002459
Academic Articles,act,1,143,0.018498228289173635
Academic Articles,proswift,1,9318,0.017410097213339894
Academic Articles,codified,1,2010,0.0032643932275012296
Academic Articles,elementsthe,1,3667,0.0032643932275012296
Academic Articles,nsw,1,7956,0.0010881310758337434
Academic Articles,sap,1,10244,0.0010881310758337434
Academic Articles,prescribed,1,9073,0.0010881310758337434
Academic Articles,role,1,10150,0.0043525243033349734
Academic Articles,objectivesthe,1,8006,0.0010881310758337434
Academic Articles,relevant,1,9817,0.018498228289173635
Academic Articles,federal,1,4297,0.004965310381459206
Academic Articles,agency,1,332,0.03392962093997124
Academic Articles,effortsimprove,1,3594,0.0010881310758337434
Academic Articles,transition,1,12044,0.010881310758337433
Academic Articles,researchoperations,1,9969,0.0043525243033349734
Academic Articles,speakthe,1,10838,0.0010881310758337434
Academic Articles,importancetimely,1,5587,0.0010881310758337434
Academic Articles,accurate,1,128,0.014068379414134417
Academic Articles,academy,1,68,0.013057572910004919
Academic Articles,approachedthe,1,812,0.0010881310758337434
Academic Articles,aeronautics,1,296,0.011969441834171174
Academic Articles,administra,1,260,0.0021762621516674867
Academic Articles,tion,1,11940,0.013057572910004919
Academic Articles,nasa,1,7594,0.06041127630775368
Academic Articles,oceanic,1,8141,0.010758172493161614
Academic Articles,atmospheric,1,1037,0.035584724400457644
Academic Articles,administration,1,261,0.016551034604864023
Academic Articles,science,1,10324,0.13985624241110098
Academic Articles,foundation,1,4722,0.010758172493161614
Academic Articles,nsforganizeworkshop,1,7951,0.0021762621516674867
Academic Articles,examine,1,4023,0.006528786455002459
Academic Articles,operational,1,8270,0.06123882803799688
Academic Articles,whatspace,1,12865,0.0010881310758337434
Academic Articles,weathersolar,1,12785,0.0010881310758337434
Academic Articles,frequently,1,4747,0.0021762621516674867
Academic Articles,asked,1,950,0.007616917530836203
Academic Articles,question,1,9434,0.03475717267021444
Academic Articles,american,1,478,0.025027014744176092
Academic Articles,meteorological,1,7204,0.005440655379168716
Academic Articles,society,1,10716,0.003310206920972804
Academic Articles,statementsoftheamsinforcespaceweatherexecutive,1,10976,0.0010881310758337434
Academic Articles,order,1,8349,0.0010881310758337434
Academic Articles,created,1,2555,0.0032643932275012296
Academic Articles,subcommittee,1,11170,0.006528786455002459
Academic Articles,auspicesthe,1,1078,0.0010881310758337434
Academic Articles,technology,1,11538,0.025654103637539234
Academic Articles,council,1,2506,0.007616917530836203
Academic Articles,nstcthe,1,7955,0.0010881310758337434
Academic Articles,officescience,1,8176,0.0032643932275012296
Academic Articles,policy,1,8920,0.009930620762918412
Academic Articles,ostpordercoordinate,1,8383,0.0010881310758337434
Academic Articles,government,1,5037,0.011585724223404816
Academic Articles,regarding,1,9666,0.008705048606669947
Academic Articles,weatherplanning,1,12776,0.0021762621516674867
Academic Articles,viii,1,12553,0.0010881310758337434
Academic Articles,support,1,11368,0.03972248305167365
Academic Articles,enterprise,1,3809,0.0043525243033349734
Academic Articles,includinganalysisexisting,1,5663,0.0021762621516674867
Academic Articles,measure,1,7096,0.0074479655721888085
Academic Articles,ment,1,7158,0.0032643932275012296
Academic Articles,opportunity,1,8307,0.02067449044084112
Academic Articles,request,1,9906,0.0021762621516674867
Academic Articles,modifiedinclude,1,7458,0.0010881310758337434
Academic Articles,workshop,1,13162,0.05114216056418593
Academic Articles,phaseof,1,8768,0.0010881310758337434
Academic Articles,occurredtwo,1,8122,0.0010881310758337434
Academic Articles,partsjune,1,8565,0.0010881310758337434
Academic Articles,proceeding,1,9157,0.010881310758337433
Academic Articles,summarizing,1,11294,0.001655103460486402
Academic Articles,published,1,9378,0.0032643932275012296
Academic Articles,sponsorednoaaconsultation,1,10887,0.0010881310758337434
Academic Articles,nsf,1,7946,0.03590832550251353
Academic Articles,task,1,11519,0.014145703985838663
Academic Articles,focusedspace,1,4538,0.0010881310758337434
Academic Articles,measurement,1,7106,0.0703418970706721
Academic Articles,continuity,1,2372,0.0021762621516674867
Academic Articles,need,1,7667,0.09434089724772492
Academic Articles,nsfconsultation,1,7949,0.0010881310758337434
Academic Articles,requestedfollowon,1,9908,0.0021762621516674867
Academic Articles,phasethat,1,8774,0.0010881310758337434
Academic Articles,focusthe,1,4552,0.005440655379168716
Academic Articles,agenda,1,336,0.0032643932275012296
Academic Articles,neededimprove,1,7694,0.0043525243033349734
Academic Articles,understandingsunearth,1,12221,0.0010881310758337434
Academic Articles,specifically,1,10844,0.006620413841945608
Academic Articles,organizing,1,8358,0.0032643932275012296
Academic Articles,committee,1,2094,0.011969441834171174
Academic Articles,trendsavailable,1,12077,0.0043525243033349734
Academic Articles,useconstellationssmall,1,12338,0.0043525243033349734
Academic Articles,hosted,1,5378,0.006528786455002459
Academic Articles,payload,1,8598,0.006528786455002459
Academic Articles,international,1,5975,0.01737858633510722
Academic Articles,collaboration,1,2025,0.021762621516674865
Academic Articles,buy,1,1527,0.01958635936500738
Academic Articles,likelydrive,1,6652,0.0043525243033349734
Academic Articles,architecture,1,847,0.058759078095022135
Academic Articles,review,1,10077,0.010881310758337433
Academic Articles,existing,1,4063,0.025027014744176092
Academic Articles,developing,1,3005,0.009103069032675212
Academic Articles,consider,1,2277,0.010758172493161614
Academic Articles,adequacy,1,249,0.0043525243033349734
Academic Articles,usesexisting,1,12399,0.0043525243033349734
Academic Articles,program,1,9241,0.04634289689361926
Academic Articles,living,1,6739,0.005440655379168716
Academic Articles,withstar,1,13122,0.0043525243033349734
Academic Articles,lws,1,6841,0.0043525243033349734
Academic Articles,application,1,781,0.04461337410918347
Academic Articles,initiative,1,5837,0.0043525243033349734
Academic Articles,researchoperationsand,1,9970,0.0032643932275012296
Academic Articles,operationsresearchprograms,1,8281,0.0032643932275012296
Academic Articles,goal,1,4985,0.014895931144377617
Academic Articles,described,1,2923,0.025027014744176092
Academic Articles,opportunitiesspace,1,8306,0.0021762621516674867
Academic Articles,validation,1,12462,0.03917271873001476
Academic Articles,includingreviewthe,1,5665,0.0021762621516674867
Academic Articles,statusdata,1,11000,0.0021762621516674867
Academic Articles,assimilation,1,983,0.03373206335084604
Academic Articles,ensemble,1,3800,0.025654103637539234
Academic Articles,howincorporate,1,5415,0.005440655379168716
Academic Articles,mission,1,7317,0.0769623109126177
Academic Articles,oneoffotherwise,1,8217,0.0043525243033349734
Academic Articles,nonoperational,1,7863,0.0010881310758337434
Academic Articles,assess,1,966,0.007616917530836203
Academic Articles,databy,1,2691,0.0010881310758337434
Academic Articles,providing,1,9360,0.015233835061672406
Academic Articles,beaconsnasa,1,1195,0.0043525243033349734
Academic Articles,missionsimprove,1,7326,0.0043525243033349734
Academic Articles,forecasting,1,4612,0.023999000177052834
Academic Articles,take,1,11498,0.011585724223404816
Academic Articles,account,1,113,0.0043525243033349734
Academic Articles,resultsstudies,1,10042,0.0021762621516674867
Academic Articles,heliophysics,1,5261,0.035584724400457644
Academic Articles,division,1,3216,0.015233835061672406
Academic Articles,investmentscritical,1,6026,0.0021762621516674867
Academic Articles,capability,1,1664,0.04055003478191685
Academic Articles,identify,1,5485,0.0043525243033349734
Academic Articles,key,1,6242,0.05048065554483526
Academic Articles,element,1,3663,0.006528786455002459
Academic Articles,neededestablishrobust,1,7691,0.0032643932275012296
Academic Articles,conducted,1,2232,0.001655103460486402
Academic Articles,virtually,1,12558,0.0010881310758337434
Academic Articles,duecovid,1,3366,0.0010881310758337434
Academic Articles,travel,1,12063,0.005792862111702408
Academic Articles,restriction,1,10027,0.0010881310758337434
Academic Articles,occurredapril,1,8114,0.0010881310758337434
Academic Articles,sessionsagency,1,10465,0.0010881310758337434
Academic Articles,update,1,12304,0.008705048606669947
Academic Articles,observational,1,8016,0.03482019442667979
Academic Articles,emerging,1,3694,0.008705048606669947
Academic Articles,relevantthe,1,9823,0.0021762621516674867
Academic Articles,community,1,2106,0.06454903495896969
Academic Articles,tiesoperational,1,11887,0.0010881310758337434
Academic Articles,presentation,1,9078,0.03889493132143045
Academic Articles,poster,1,8975,0.0010881310758337434
Academic Articles,video,1,12535,0.0021762621516674867
Academic Articles,canfoundthe,1,1591,0.0010881310758337434
Academic Articles,project,1,9272,0.004137758651216006
Academic Articles,website,1,12797,0.000827551730243201
Academic Articles,opera,1,8261,0.006528786455002459
Academic Articles,tions,1,11946,0.013057572910004919
Academic Articles,phaserobert,1,8771,0.0010881310758337434
Academic Articles,pool,1,8925,0.0010881310758337434
Academic Articles,serveda,1,10452,0.0010881310758337434
Academic Articles,rapporteur,1,9522,0.0010881310758337434
Academic Articles,withinitial,1,13075,0.0021762621516674867
Academic Articles,draftthe,1,3294,0.0010881310758337434
Academic Articles,planned,1,8845,0.008705048606669947
Academic Articles,sessionscreatinglistquestions,1,10466,0.0010881310758337434
Academic Articles,guide,1,5128,0.0010881310758337434
Academic Articles,invited,1,6031,0.0010881310758337434
Academic Articles,speakersaddress,1,10835,0.0010881310758337434
Academic Articles,statement,1,10975,0.0010881310758337434
Academic Articles,issue,1,6094,0.026115145820009837
Academic Articles,session,1,10463,0.025027014744176092
Academic Articles,leda,1,6523,0.002482655190729603
Academic Articles,memberthe,1,7157,0.0010881310758337434
Academic Articles,proceedingsorganized,1,9159,0.0010881310758337434
Academic Articles,appendixmodified,1,774,0.0010881310758337434
Academic Articles,clarity,1,1923,0.0010881310758337434
Academic Articles,conciseness,1,2193,0.0010881310758337434
Academic Articles,chapter,1,1868,0.014145703985838663
Academic Articles,start,1,10952,0.0032643932275012296
Academic Articles,withsummarymajor,1,13124,0.0010881310758337434
Academic Articles,theme,1,11730,0.014068379414134417
Academic Articles,statementtaskshouldnoted,1,10978,0.0010881310758337434
Academic Articles,speaker,1,10834,0.013057572910004919
Academic Articles,provide,1,9336,0.03227451747948484
Academic Articles,answersthe,1,736,0.0010881310758337434
Academic Articles,elementthe,1,3668,0.0010881310758337434
Academic Articles,academiessciences,1,67,0.010881310758337433
Academic Articles,engineering,1,3766,0.01737858633510722
Academic Articles,medicine,1,7140,0.00979317968250369
Academic Articles,proceedingsa,1,9158,0.005440655379168716
Academic Articles,washingtonthe,1,12644,0.006528786455002459
Academic Articles,press,1,9097,0.006528786455002459
Academic Articles,phasephaseii,1,8769,0.0010881310758337434
Academic Articles,accessed,1,84,0.0043525243033349734
Academic Articles,prefaceuseoneoff,1,9061,0.0010881310758337434
Academic Articles,participant,1,8523,0.00979317968250369
Academic Articles,expressed,1,4192,0.006528786455002459
Academic Articles,advance,1,267,0.021762621516674865
Academic Articles,crossmission,1,2587,0.0010881310758337434
Academic Articles,collaborationbuilding,1,2026,0.0010881310758337434
Academic Articles,finally,1,4373,0.014068379414134417
Academic Articles,includessummarydiscussionsworkforce,1,5660,0.0010881310758337434
Academic Articles,explicitly,1,4166,0.0021762621516674867
Academic Articles,mentionedthe,1,7166,0.0010881310758337434
Academic Articles,statementtask,1,10977,0.006528786455002459
Academic Articles,includedhuman,1,5649,0.0010881310758337434
Academic Articles,aligns,1,402,0.0010881310758337434
Academic Articles,topicssession,1,11992,0.0010881310758337434
Academic Articles,provides,1,9357,0.0074479655721888085
Academic Articles,context,1,2332,0.0021762621516674867
Academic Articles,work,1,13145,0.011585724223404816
Academic Articles,shop,1,10544,0.0010881310758337434
Academic Articles,recognizing,1,9604,0.005440655379168716
Academic Articles,different,1,3053,0.029791862288755234
Academic Articles,challenge,1,1809,0.027203276895843582
Academic Articles,needsresearch,1,7740,0.0010881310758337434
Academic Articles,heliosphere,1,5268,0.03482019442667979
Academic Articles,magnetosphereionospherethermospheremesosphere,1,6891,0.0021762621516674867
Academic Articles,ground,1,5086,0.03061941401899844
Academic Articles,focuseachthese,1,4525,0.0010881310758337434
Academic Articles,separately,1,10439,0.0010881310758337434
Academic Articles,final,1,4372,0.008275517302432011
Academic Articles,cover,1,2532,0.004965310381459206
Academic Articles,entire,1,3813,0.010758172493161614
Academic Articles,systemdiscussing,1,11455,0.0010881310758337434
Academic Articles,needsthe,1,7745,0.006528786455002459
Academic Articles,addressing,1,246,0.008705048606669947
Academic Articles,impliestime,1,5574,0.0010881310758337434
Academic Articles,focusedalready,1,4528,0.0010881310758337434
Academic Articles,existingshortly,1,4064,0.0010881310758337434
Academic Articles,upcoming,1,12303,0.007616917530836203
Academic Articles,assetswellthe,1,977,0.0010881310758337434
Academic Articles,impactspace,1,5550,0.0021762621516674867
Academic Articles,weathernearterm,1,12770,0.0010881310758337434
Academic Articles,developmentsthe,1,3023,0.0010881310758337434
Academic Articles,impactsystems,1,5560,0.0010881310758337434
Academic Articles,increasingly,1,5706,0.003310206920972804
Academic Articles,relyprecision,1,9838,0.0010881310758337434
Academic Articles,navigation,1,7619,0.009930620762918412
Academic Articles,coverstime,1,2549,0.0010881310758337434
Academic Articles,scaleperhaps,1,10292,0.0010881310758337434
Academic Articles,year,1,13233,0.004965310381459206
Academic Articles,finallyisbe,1,4375,0.0010881310758337434
Academic Articles,practice,1,9007,0.00979317968250369
Academic Articles,include,1,5643,0.028964310558512035
Academic Articles,findingsrecommendations,1,4381,0.0010881310758337434
Academic Articles,organizer,1,8357,0.0010881310758337434
Academic Articles,soughtget,1,10758,0.0010881310758337434
Academic Articles,widest,1,12935,0.0010881310758337434
Academic Articles,po,1,8881,0.0010881310758337434
Academic Articles,sible,1,10592,0.0010881310758337434
Academic Articles,representation,1,9893,0.0021762621516674867
Academic Articles,contentsthis,1,2329,0.0010881310758337434
Academic Articles,limitedthe,1,6698,0.0043525243033349734
Academic Articles,givenplanning,1,4962,0.0010881310758337434
Academic Articles,reservedplanning,1,9990,0.0032643932275012296
Academic Articles,reservedreviewers,1,9991,0.0010881310758337434
Academic Articles,revieweddraft,1,10079,0.0010881310758337434
Academic Articles,formindividuals,1,4677,0.0010881310758337434
Academic Articles,chosen,1,1900,0.0021762621516674867
Academic Articles,diverse,1,3207,0.0021762621516674867
Academic Articles,perspective,1,8740,0.00979317968250369
Academic Articles,technical,1,11528,0.0043525243033349734
Academic Articles,expertise,1,4157,0.006528786455002459
Academic Articles,purposethis,1,9393,0.0010881310758337434
Academic Articles,independent,1,5712,0.0032643932275012296
Academic Articles,reviewto,1,10085,0.0010881310758337434
Academic Articles,candid,1,1580,0.0010881310758337434
Academic Articles,criti,1,2573,0.0021762621516674867
Academic Articles,cal,1,1537,0.0043525243033349734
Academic Articles,comment,1,2081,0.011969441834171174
Academic Articles,assist,1,992,0.0010881310758337434
Academic Articles,medicinemaking,1,7141,0.0010881310758337434
Academic Articles,proceedingssoundpossible,1,9160,0.0010881310758337434
Academic Articles,andensure,1,577,0.0010881310758337434
Academic Articles,thatmeets,1,11644,0.0010881310758337434
Academic Articles,institutional,1,5889,0.0010881310758337434
Academic Articles,standard,1,10937,0.014145703985838663
Academic Articles,quality,1,9414,0.0074479655721888085
Academic Articles,objectivity,1,8007,0.0010881310758337434
Academic Articles,evidence,1,4000,0.0021762621516674867
Academic Articles,responsivenessthe,1,10023,0.0010881310758337434
Academic Articles,charge,1,1878,0.0021762621516674867
Academic Articles,draft,1,3292,0.0021762621516674867
Academic Articles,manuscript,1,6969,0.0010881310758337434
Academic Articles,confidentialprotect,1,2250,0.0010881310758337434
Academic Articles,integritythe,1,5920,0.0010881310758337434
Academic Articles,processthank,1,9176,0.0010881310758337434
Academic Articles,individual,1,5739,0.004137758651216006
Academic Articles,reviewthis,1,10084,0.0021762621516674867
Academic Articles,seebany,1,10387,0.0021762621516674867
Academic Articles,dattabarua,1,2725,0.005440655379168716
Academic Articles,illinois,1,5495,0.0021762621516674867
Academic Articles,institutetechnology,1,5884,0.005440655379168716
Academic Articles,christine,1,1901,0.0032643932275012296
Academic Articles,gabrielse,1,4857,0.0010881310758337434
Academic Articles,aerospace,1,297,0.006620413841945608
Academic Articles,corporation,1,2450,0.015233835061672406
Academic Articles,joe,1,6182,0.005440655379168716
Academic Articles,giacalone,1,4944,0.0010881310758337434
Academic Articles,universityarizona,1,12254,0.0010881310758337434
Academic Articles,david,1,2728,0.001655103460486402
Academic Articles,hysell,1,5456,0.0021762621516674867
Academic Articles,cornell,1,2433,0.0021762621516674867
Academic Articles,university,1,12252,0.027309207098025635
Academic Articles,susan,1,11405,0.0021762621516674867
Academic Articles,lepri,1,6543,0.005440655379168716
Academic Articles,universitymichigan,1,12259,0.006528786455002459
Academic Articles,harlan,1,5170,0.0010881310758337434
Academic Articles,spence,1,10873,0.0010881310758337434
Academic Articles,universitynew,1,12260,0.0032643932275012296
Academic Articles,hampshire,1,5151,0.0032643932275012296
Academic Articles,reviewer,1,10080,0.0010881310758337434
Academic Articles,listed,1,6721,0.0021762621516674867
Academic Articles,many,1,6970,0.016551034604864023
Academic Articles,constructive,1,2317,0.0010881310758337434
Academic Articles,suggestion,1,11275,0.0032643932275012296
Academic Articles,askedendorse,1,954,0.0010881310758337434
Academic Articles,contentthe,1,2331,0.0010881310758337434
Academic Articles,release,1,9805,0.004137758651216006
Academic Articles,overseenlouislanzerotti,1,8455,0.0010881310758337434
Academic Articles,nae,1,7586,0.0010881310758337434
Academic Articles,jersey,1,6175,0.0043525243033349734
Academic Articles,institutetechnologywas,1,5887,0.0010881310758337434
Academic Articles,making,1,6948,0.015233835061672406
Academic Articles,certain,1,1796,0.001655103460486402
Academic Articles,thatindependent,1,11634,0.0010881310758337434
Academic Articles,examinationthis,1,4022,0.0010881310758337434
Academic Articles,carried,1,1693,0.0032643932275012296
Academic Articles,outaccordance,1,8393,0.0010881310758337434
Academic Articles,standardsthe,1,10945,0.0010881310758337434
Academic Articles,care,1,1683,0.0021762621516674867
Academic Articles,considered,1,2281,0.000827551730243201
Academic Articles,responsibility,1,10019,0.0021762621516674867
Academic Articles,content,1,2324,0.007616917530836203
Academic Articles,rest,1,10024,0.0010881310758337434
Academic Articles,entirely,1,3814,0.0010881310758337434
Academic Articles,authoring,1,1081,0.0010881310758337434
Academic Articles,academiesplanning,1,66,0.0010881310758337434
Academic Articles,xiii,1,13222,0.0010881310758337434
Academic Articles,interagency,1,5944,0.01958635936500738
Academic Articles,partnership,1,8558,0.015233835061672406
Academic Articles,waysworking,1,12730,0.0010881310758337434
Academic Articles,user,1,12393,0.021516344986323228
Academic Articles,diversityworkforce,1,3213,0.0032643932275012296
Academic Articles,reference,1,9646,0.017410097213339894
Academic Articles,keynote,1,6247,0.010881310758337433
Academic Articles,magnetosphere,1,6883,0.05792862111702407
Academic Articles,ionosphere,1,6054,0.05048065554483526
Academic Articles,thermosphere,1,11782,0.02317144844680963
Academic Articles,mesosphere,1,7192,0.007616917530836203
Academic Articles,crossscale,1,2593,0.014145703985838663
Academic Articles,crossregion,1,2591,0.007616917530836203
Academic Articles,coupling,1,2515,0.0326439322750123
Academic Articles,xiv,1,13223,0.0010881310758337434
Academic Articles,machine,1,6844,0.024826551907296032
Academic Articles,learning,1,6512,0.029379539047511068
Academic Articles,fusion,1,4848,0.013057572910004919
Academic Articles,resource,1,10002,0.030467670123344812
Academic Articles,curation,1,2615,0.018498228289173635
Academic Articles,appendixesstatementtaskworkshop,1,773,0.0010881310758337434
Academic Articles,agendaposter,1,338,0.0010881310758337434
Academic Articles,sessionthe,1,10467,0.0021762621516674867
Academic Articles,workshopacronyms,1,13163,0.0010881310758337434
Academic Articles,abbreviationsbiographiescommittee,1,0,0.0010881310758337434
Academic Articles,member,1,7153,0.018498228289173635
Academic Articles,staff,1,10930,0.0010881310758337434
Academic Articles,approachedofficials,1,811,0.0010881310758337434
Academic Articles,environmental,1,3822,0.014895931144377617
Academic Articles,information,1,5775,0.03144696574924164
Academic Articles,nesdisthe,1,7777,0.0021762621516674867
Academic Articles,divisionthe,1,3221,0.0021762621516674867
Academic Articles,sectionthe,1,10375,0.0021762621516674867
Academic Articles,phasefocusedspace,1,8766,0.0010881310758337434
Academic Articles,andproceedings,1,661,0.0010881310758337434
Academic Articles,scientific,1,10337,0.019033689795593625
Academic Articles,understandingthe,1,12222,0.01632196613750615
Academic Articles,weathersummarythe,1,12788,0.0010881310758337434
Academic Articles,workshoppresentedthis,1,13164,0.0010881310758337434
Academic Articles,thespace,1,11796,0.005440655379168716
Academic Articles,includesnumberstakeholders,1,5658,0.0010881310758337434
Academic Articles,bothand,1,1401,0.0032643932275012296
Academic Articles,nasacurrently,1,7595,0.0010881310758337434
Academic Articles,establishingspace,1,3918,0.0010881310758337434
Academic Articles,within,1,13070,0.028964310558512035
Academic Articles,reflects,1,9660,0.0010881310758337434
Academic Articles,broadened,1,1452,0.0010881310758337434
Academic Articles,roleheliophysicsthe,1,10155,0.0010881310758337434
Academic Articles,researchtooperationsoperationstoresearch,1,9980,0.0032643932275012296
Academic Articles,ror,1,10174,0.03482019442667979
Academic Articles,process,1,9162,0.03972248305167365
Academic Articles,informationlunar,1,5786,0.0010881310758337434
Academic Articles,planetary,1,8841,0.009930620762918412
Academic Articles,endeavorswelldevelop,1,3738,0.0010881310758337434
Academic Articles,ing,1,5820,0.02067449044084112
Academic Articles,example,1,4025,0.03144696574924164
Academic Articles,hermes,1,5296,0.0021762621516674867
Academic Articles,instrument,1,5891,0.03972248305167365
Academic Articles,packagebe,1,8479,0.0021762621516674867
Academic Articles,placedthe,1,8830,0.0021762621516674867
Academic Articles,lunarorbiting,1,6840,0.0021762621516674867
Academic Articles,gateway,1,4887,0.0021762621516674867
Academic Articles,make,1,6933,0.008275517302432011
Academic Articles,measurementssupport,1,7122,0.0010881310758337434
Academic Articles,lunar,1,6839,0.006528786455002459
Academic Articles,dem,1,2865,0.0010881310758337434
Academic Articles,onstrate,1,8253,0.0010881310758337434
Academic Articles,neededconducthuman,1,7688,0.0010881310758337434
Academic Articles,missionmars,1,7322,0.0010881310758337434
Academic Articles,hso,1,5429,0.0032643932275012296
Academic Articles,basic,1,1183,0.006528786455002459
Academic Articles,applicationsfocused,1,785,0.0021762621516674867
Academic Articles,researchwellrealtime,1,9984,0.0010881310758337434
Academic Articles,nsfcarrying,1,7948,0.0010881310758337434
Academic Articles,outvarietyspace,1,8431,0.0010881310758337434
Academic Articles,housedmultiple,1,5395,0.0010881310758337434
Academic Articles,directorate,1,3095,0.007616917530836203
Academic Articles,exam,1,4021,0.0010881310758337434
Academic Articles,ple,1,8874,0.0010881310758337434
Academic Articles,directorategeosciences,1,3097,0.0021762621516674867
Academic Articles,energetics,1,3751,0.0021762621516674867
Academic Articles,dynamicsatmospheric,1,3444,0.0021762621516674867
Academic Articles,cedar,1,1763,0.0032643932275012296
Academic Articles,gem,1,4899,0.0021762621516674867
Academic Articles,heliospheric,1,5276,0.018206138065350423
Academic Articles,shine,1,10533,0.0021762621516674867
Academic Articles,programswellfacilities,1,9257,0.0010881310758337434
Academic Articles,suchthe,1,11255,0.02285075259250861
Academic Articles,ncar,1,7621,0.0032643932275012296
Academic Articles,mathematical,1,7024,0.0021762621516674867
Academic Articles,divisionphysics,1,3220,0.0021762621516674867
Academic Articles,physic,1,8795,0.04468779343313285
Academic Articles,supportswide,1,11376,0.0021762621516674867
Academic Articles,networkobserv,1,7793,0.0010881310758337434
Academic Articles,facility,1,4230,0.013057572910004919
Academic Articles,telescope,1,11548,0.001655103460486402
Academic Articles,magnetometer,1,6878,0.010881310758337433
Academic Articles,neutron,1,7805,0.0032643932275012296
Academic Articles,monitor,1,7472,0.009103069032675212
Academic Articles,networkscitizenscience,1,7797,0.0021762621516674867
Academic Articles,nsfsupported,1,7952,0.0010881310758337434
Academic Articles,observing,1,8100,0.025027014744176092
Academic Articles,networkprimarily,1,7796,0.0010881310758337434
Academic Articles,balloonbased,1,1154,0.0021762621516674867
Academic Articles,instrumentationwellcubesats,1,5896,0.0010881310758337434
Academic Articles,publicprivate,1,9376,0.005440655379168716
Academic Articles,industryimportant,1,5750,0.0010881310758337434
Academic Articles,priority,1,9126,0.007616917530836203
Academic Articles,nsfthe,1,7953,0.0010881310758337434
Academic Articles,developmentthe,1,3026,0.0021762621516674867
Academic Articles,workforce,1,13149,0.015233835061672406
Academic Articles,departmentdefense,1,2891,0.006528786455002459
Academic Articles,reorganized,1,9873,0.0032643932275012296
Academic Articles,force,1,4590,0.010758172493161614
Academic Articles,domain,1,3242,0.02285075259250861
Academic Articles,awareness,1,1119,0.008275517302432011
Academic Articles,goalthat,1,4993,0.0010881310758337434
Academic Articles,effortto,1,3600,0.0021762621516674867
Academic Articles,createholistic,1,2562,0.0021762621516674867
Academic Articles,picturethe,1,8814,0.0021762621516674867
Academic Articles,inclusionspecific,1,5668,0.0010881310758337434
Academic Articles,involve,1,6032,0.006528786455002459
Academic Articles,developmentan,1,3009,0.0010881310758337434
Academic Articles,integrated,1,5916,0.001655103460486402
Academic Articles,software,1,10720,0.006528786455002459
Academic Articles,suite,1,11282,0.010881310758337433
Academic Articles,consistingdata,1,2290,0.0021762621516674867
Academic Articles,applicationswellinteragency,1,793,0.0010881310758337434
Academic Articles,agreement,1,348,0.010881310758337433
Academic Articles,establishedfacilitate,1,3912,0.0010881310758337434
Academic Articles,sharingdata,1,10511,0.0021762621516674867
Academic Articles,using,1,12410,0.024826551907296032
Academic Articles,open,1,8257,0.010758172493161614
Academic Articles,enabling,1,3723,0.008705048606669947
Academic Articles,participating,1,8528,0.0010881310758337434
Academic Articles,agenciesimprove,1,328,0.0010881310758337434
Academic Articles,capabilitiesthose,1,1662,0.0010881310758337434
Academic Articles,concerning,1,2191,0.00979317968250369
Academic Articles,commercial,1,2088,0.03889493132143045
Academic Articles,traffic,1,12021,0.010758172493161614
Academic Articles,management,1,6953,0.0074479655721888085
Academic Articles,charter,1,1887,0.0021762621516674867
Academic Articles,complement,1,2135,0.0032643932275012296
Academic Articles,thosethe,1,11841,0.0010881310758337434
Academic Articles,focusescapacity,1,4541,0.0010881310758337434
Academic Articles,buildingadvance,1,1471,0.0010881310758337434
Academic Articles,improve,1,5613,0.011585724223404816
Academic Articles,mentspace,1,7173,0.0010881310758337434
Academic Articles,involves,1,6043,0.004137758651216006
Academic Articles,fundamental,1,4834,0.006528786455002459
Academic Articles,transitioning,1,12048,0.0043525243033349734
Academic Articles,supporting,1,11374,0.0043525243033349734
Academic Articles,private,1,9131,0.011969441834171174
Academic Articles,sectorfill,1,10377,0.0021762621516674867
Academic Articles,andprovide,1,663,0.0021762621516674867
Academic Articles,valueadded,1,12470,0.0021762621516674867
Academic Articles,paradigm,1,8500,0.0043525243033349734
Academic Articles,combine,1,2064,0.0043525243033349734
Academic Articles,establishmentdedicated,1,3920,0.0010881310758337434
Academic Articles,improvementsprovide,1,5619,0.0021762621516674867
Academic Articles,furthermore,1,4840,0.014068379414134417
Academic Articles,becomethird,1,1223,0.0010881310758337434
Academic Articles,pillarnoaas,1,8819,0.0021762621516674867
Academic Articles,nesdis,1,7776,0.0021762621516674867
Academic Articles,structure,1,11135,0.0402608498058485
Academic Articles,aimsprovideinte,1,369,0.0010881310758337434
Academic Articles,grated,1,5060,0.0010881310758337434
Academic Articles,digital,1,3068,0.0032643932275012296
Academic Articles,understandingearths,1,12211,0.0021762621516674867
Academic Articles,longterm,1,6775,0.014145703985838663
Academic Articles,crewed,1,2572,0.0032643932275012296
Academic Articles,continuedthe,1,2356,0.0010881310758337434
Academic Articles,signed,1,10607,0.0021762621516674867
Academic Articles,nasanoaa,1,7601,0.0010881310758337434
Academic Articles,agreementproviding,1,351,0.0010881310758337434
Academic Articles,supportall,1,11369,0.0010881310758337434
Academic Articles,spaceflight,1,10808,0.0032643932275012296
Academic Articles,station,1,10989,0.004137758651216006
Academic Articles,artemis,1,937,0.0021762621516674867
Academic Articles,martian,1,7002,0.0010881310758337434
Academic Articles,officespace,1,8178,0.004965310381459206
Academic Articles,commerceprototypingopenarchitecture,1,2087,0.0010881310758337434
Academic Articles,repository,1,9892,0.007616917530836203
Academic Articles,oadr,1,8000,0.005440655379168716
Academic Articles,environmentfacilitate,1,3831,0.0010881310758337434
Academic Articles,researchtooperationsefforts,1,9979,0.0010881310758337434
Academic Articles,relatedspace,1,9795,0.0021762621516674867
Academic Articles,managementcentral,1,6954,0.0010881310758337434
Academic Articles,elementthenational,1,3669,0.0010881310758337434
Academic Articles,effortthe,1,3599,0.0010881310758337434
Academic Articles,putplacespace,1,9402,0.0010881310758337434
Academic Articles,overseenthe,1,8456,0.0021762621516674867
Academic Articles,subcommitteethe,1,11173,0.0010881310758337434
Academic Articles,technol,1,11533,0.0021762621516674867
Academic Articles,ogy,1,8193,0.0043525243033349734
Academic Articles,lawoctober,1,6454,0.0010881310758337434
Academic Articles,codifiespolicyprepare,1,2011,0.0010881310758337434
Academic Articles,protect,1,9319,0.001655103460486402
Academic Articles,social,1,10714,0.0021762621516674867
Academic Articles,economic,1,3511,0.005792862111702408
Academic Articles,impactsspace,1,5555,0.0032643932275012296
Academic Articles,weathermandated,1,12768,0.0010881310758337434
Academic Articles,establishmenta,1,3919,0.0010881310758337434
Academic Articles,working,1,13157,0.004965310381459206
Academic Articles,groupcoordinate,1,5094,0.0010881310758337434
Academic Articles,branch,1,1425,0.001655103460486402
Academic Articles,actionsimprove,1,152,0.0021762621516674867
Academic Articles,understanding,1,12210,0.028136758828268833
Academic Articles,predictionspace,1,9047,0.001655103460486402
Academic Articles,phenomenon,1,8784,0.012413275953648016
Academic Articles,andspace,1,687,0.0010881310758337434
Academic Articles,advisory,1,291,0.007616917530836203
Academic Articles,groupreceive,1,5099,0.0010881310758337434
Academic Articles,advice,1,288,0.0032643932275012296
Academic Articles,academia,1,60,0.009103069032675212
Academic Articles,usersaddition,1,12395,0.0010881310758337434
Academic Articles,roundtable,1,10188,0.0021762621516674867
Academic Articles,help,1,5277,0.009930620762918412
Academic Articles,coordination,1,2419,0.010881310758337433
Academic Articles,agenciesthe,1,331,0.0010881310758337434
Academic Articles,prioritiesupdating,1,9123,0.0010881310758337434
Academic Articles,framework,1,4732,0.021762621516674865
Academic Articles,benchmark,1,1307,0.006528786455002459
Academic Articles,hazard,1,5226,0.010758172493161614
Academic Articles,mapping,1,6977,0.002482655190729603
Academic Articles,exploration,1,4168,0.0043525243033349734
Academic Articles,situational,1,10662,0.0043525243033349734
Academic Articles,aviation,1,1109,0.009103069032675212
Academic Articles,continuitysatellite,1,2376,0.0010881310758337434
Academic Articles,intent,1,5932,0.0010881310758337434
Academic Articles,expressedthe,1,4193,0.0010881310758337434
Academic Articles,nswsapto,1,7958,0.0010881310758337434
Academic Articles,provideformal,1,9349,0.0010881310758337434
Academic Articles,structureensureeffective,1,11139,0.0010881310758337434
Academic Articles,term,1,11575,0.005440655379168716
Academic Articles,termscommon,1,11579,0.0010881310758337434
Academic Articles,use,1,12336,0.024826551907296032
Academic Articles,coordinationplanning,1,2423,0.0010881310758337434
Academic Articles,thecommercial,1,11692,0.0010881310758337434
Academic Articles,particularly,1,8545,0.011969441834171174
Academic Articles,industry,1,5746,0.021516344986323228
Academic Articles,haslong,1,5183,0.0021762621516674867
Academic Articles,historyusing,1,5350,0.0021762621516674867
Academic Articles,forecastsdecision,1,4633,0.0010881310758337434
Academic Articles,reliability,1,9825,0.010881310758337433
Academic Articles,nerc,1,7775,0.0043525243033349734
Academic Articles,mandatory,1,6961,0.0021762621516674867
Academic Articles,operator,1,8289,0.004137758651216006
Academic Articles,assessment,1,968,0.0032643932275012296
Academic Articles,extreme,1,4212,0.008275517302432011
Academic Articles,guiding,1,5129,0.0010881310758337434
Academic Articles,operatorsthe,1,8297,0.0010881310758337434
Academic Articles,industrythe,1,5751,0.0010881310758337434
Academic Articles,handbooming,1,5153,0.0010881310758337434
Academic Articles,bringing,1,1446,0.001655103460486402
Academic Articles,actorsthe,1,208,0.0010881310758337434
Academic Articles,createdneededucate,1,2559,0.0010881310758337434
Academic Articles,provider,1,9354,0.010758172493161614
Academic Articles,operatorshowadaptand,1,8293,0.0010881310758337434
Academic Articles,mitigate,1,7338,0.0021762621516674867
Academic Articles,longest,1,6767,0.0021762621516674867
Academic Articles,lead,1,6464,0.01958635936500738
Academic Articles,ideally,1,5474,0.0021762621516674867
Academic Articles,hoursadvanceof,1,5386,0.0010881310758337434
Academic Articles,importance,1,5575,0.005440655379168716
Academic Articles,challengesreaching,1,1825,0.0010881310758337434
Academic Articles,availabilitythe,1,1094,0.0010881310758337434
Academic Articles,required,1,9912,0.007616917530836203
Academic Articles,levelscientific,1,6565,0.0010881310758337434
Academic Articles,understand,1,12209,0.006620413841945608
Academic Articles,ingprocesses,1,5822,0.0010881310758337434
Academic Articles,underlie,1,12201,0.0010881310758337434
Academic Articles,intrinsic,1,6007,0.0010881310758337434
Academic Articles,scalesthe,1,10299,0.0010881310758337434
Academic Articles,liesthe,1,6610,0.0010881310758337434
Academic Articles,intersectionthe,1,5988,0.0010881310758337434
Academic Articles,natural,1,7612,0.001655103460486402
Academic Articles,objectfundamental,1,8004,0.0021762621516674867
Academic Articles,sci,1,10322,0.0032643932275012296
Academic Articles,entific,1,3812,0.0010881310758337434
Academic Articles,hazardshuman,1,5231,0.0010881310758337434
Academic Articles,addressedoperational,1,242,0.0010881310758337434
Academic Articles,interestedengineering,1,5952,0.0010881310758337434
Academic Articles,intersection,1,5987,0.0021762621516674867
Academic Articles,includes,1,5656,0.005440655379168716
Academic Articles,applied,1,796,0.02067449044084112
Academic Articles,engineeringwellro,1,3768,0.0010881310758337434
Academic Articles,canbroken,1,1572,0.0021762621516674867
Academic Articles,category,1,1730,0.003310206920972804
Academic Articles,causeddirect,1,1736,0.0010881310758337434
Academic Articles,sunsolar,1,11348,0.000827551730243201
Academic Articles,effectson,1,3554,0.0010881310758337434
Academic Articles,aboard,1,29,0.0021762621516674867
Academic Articles,aircraft,1,374,0.004137758651216006
Academic Articles,ionospheric,1,6064,0.03373206335084604
Academic Articles,effectsaffecting,1,3539,0.0010881310758337434
Academic Articles,highfrequencyradio,1,5321,0.0010881310758337434
Academic Articles,thermospheric,1,11793,0.014068379414134417
Academic Articles,expansion,1,4076,0.001655103460486402
Academic Articles,orbital,1,8323,0.006528786455002459
Academic Articles,collision,1,2048,0.007616917530836203
Academic Articles,hazardssatellites,1,5233,0.0010881310758337434
Academic Articles,object,1,8003,0.001655103460486402
Academic Articles,geomagnetically,1,4928,0.007616917530836203
Academic Articles,induced,1,5742,0.006620413841945608
Academic Articles,gics,1,4948,0.010881310758337433
Academic Articles,leaddamagepower,1,6468,0.0010881310758337434
Academic Articles,systemsthe,1,11476,0.0032643932275012296
Academic Articles,levelunderstanding,1,6601,0.0010881310758337434
Academic Articles,requiredpredict,1,9918,0.0010881310758337434
Academic Articles,behavior,1,1281,0.004965310381459206
Academic Articles,requiressystems,1,9945,0.0010881310758337434
Academic Articles,involving,1,6044,0.0043525243033349734
Academic Articles,coordinated,1,2415,0.023938883668342348
Academic Articles,concurrent,1,2197,0.0043525243033349734
Academic Articles,advanced,1,268,0.0074479655721888085
Academic Articles,modernized,1,7454,0.0010881310758337434
Academic Articles,tool,1,11976,0.013057572910004919
Academic Articles,exampleorderbetter,1,4034,0.0010881310758337434
Academic Articles,behaviorcoronal,1,1282,0.0010881310758337434
Academic Articles,driversspace,1,3322,0.0021762621516674867
Academic Articles,weatheris,1,12766,0.0032643932275012296
Academic Articles,importanttrack,1,5606,0.0021762621516674867
Academic Articles,evolutionreal,1,4012,0.0010881310758337434
Academic Articles,andthree,1,703,0.0010881310758337434
Academic Articles,dimensionsthey,1,3071,0.0021762621516674867
Academic Articles,levelcoordinationnot,1,6554,0.0010881310758337434
Academic Articles,reflectedthe,1,9657,0.0010881310758337434
Academic Articles,strategically,1,11086,0.005440655379168716
Academic Articles,fromsystemsscience,1,4800,0.0021762621516674867
Academic Articles,perspectiveeach,1,8742,0.0021762621516674867
Academic Articles,missionevaluatedits,1,7321,0.0010881310758337434
Academic Articles,willonad,1,12981,0.0010881310758337434
Academic Articles,hoc,1,5359,0.0032643932275012296
Academic Articles,basis,1,1185,0.0032643932275012296
Academic Articles,suffer,1,11263,0.0032643932275012296
Academic Articles,fromsimilar,1,4794,0.0010881310758337434
Academic Articles,lackcoordination,1,6341,0.0021762621516674867
Academic Articles,requiresextensive,1,9940,0.0010881310758337434
Academic Articles,simultaneously,1,10642,0.0021762621516674867
Academic Articles,fleetwould,1,4454,0.0010881310758337434
Academic Articles,greatly,1,5067,0.0021762621516674867
Academic Articles,benefit,1,1312,0.014145703985838663
Academic Articles,multisatellite,1,7550,0.0021762621516674867
Academic Articles,necessary,1,7659,0.0043525243033349734
Academic Articles,place,1,8829,0.008705048606669947
Academic Articles,vast,1,12509,0.005440655379168716
Academic Articles,regionsspacemany,1,9767,0.0010881310758337434
Academic Articles,enable,1,3718,0.007616917530836203
Academic Articles,missionsstudy,1,7332,0.0010881310758337434
Academic Articles,smallest,1,10699,0.0010881310758337434
Academic Articles,scalemesoscales,1,10289,0.0010881310758337434
Academic Articles,magnetosphereionospherethermosphere,1,6890,0.0032643932275012296
Academic Articles,require,1,9910,0.04717044862386246
Academic Articles,substantial,1,11198,0.0032643932275012296
Academic Articles,investmentsintercalibrationthe,1,6027,0.0010881310758337434
Academic Articles,instru,1,5890,0.0010881310758337434
Academic Articles,mentswelldeveloping,1,7176,0.0010881310758337434
Academic Articles,robust,1,10145,0.005792862111702408
Academic Articles,methodsincorporate,1,7216,0.0010881310758337434
Academic Articles,interpretive,1,5985,0.0010881310758337434
Academic Articles,constellation,1,2300,0.03155580119917856
Academic Articles,coveringrangescales,1,2544,0.0010881310758337434
Academic Articles,important,1,5589,0.026481655367782433
Academic Articles,extend,1,4194,0.0010881310758337434
Academic Articles,atmospherepulkkinen,1,1031,0.0010881310758337434
Academic Articles,terrestrial,1,11583,0.01737858633510722
Academic Articles,mesoscale,1,7189,0.026115145820009837
Academic Articles,definition,1,2823,0.0043525243033349734
Academic Articles,regiondependent,1,9702,0.0010881310758337434
Academic Articles,smallmesoscales,1,10701,0.0010881310758337434
Academic Articles,tensmetersand,1,11571,0.0010881310758337434
Academic Articles,magnetospheric,1,6904,0.00979317968250369
Academic Articles,tenskilometersa,1,11570,0.0010881310758337434
Academic Articles,radiiplanning,1,9481,0.0010881310758337434
Academic Articles,inner,1,5846,0.006528786455002459
Academic Articles,heliospherethe,1,5275,0.0021762621516674867
Academic Articles,nearearth,1,7635,0.006620413841945608
Academic Articles,similarlywas,1,10624,0.0010881310758337434
Academic Articles,notedsome,1,7907,0.0010881310758337434
Academic Articles,thatdense,1,11618,0.0010881310758337434
Academic Articles,networkgroundbased,1,7791,0.0021762621516674867
Academic Articles,spacebased,1,10790,0.009930620762918412
Academic Articles,operatedthe,1,8263,0.0010881310758337434
Academic Articles,willrequiredprovide,1,12991,0.0021762621516674867
Academic Articles,highconfidence,1,5311,0.0032643932275012296
Academic Articles,leadtime,1,6501,0.0032643932275012296
Academic Articles,predictionsgics,1,9044,0.0010881310758337434
Academic Articles,hazardspower,1,5232,0.0010881310758337434
Academic Articles,asset,1,972,0.009930620762918412
Academic Articles,rare,1,9523,0.008275517302432011
Academic Articles,neither,1,7773,0.0021762621516674867
Academic Articles,understood,1,12225,0.006528786455002459
Academic Articles,representedexisting,1,9900,0.0010881310758337434
Academic Articles,set,1,10468,0.02317144844680963
Academic Articles,dominatedquiet,1,3250,0.0032643932275012296
Academic Articles,pose,1,8941,0.005440655379168716
Academic Articles,modelswellvalidationphysicsbased,1,7436,0.0010881310758337434
Academic Articles,tryaddress,1,12093,0.0010881310758337434
Academic Articles,continuous,1,2379,0.010758172493161614
Academic Articles,monitoringspace,1,7478,0.0010881310758337434
Academic Articles,weatherneededobserve,1,12771,0.0010881310758337434
Academic Articles,observationsuch,1,8043,0.0010881310758337434
Academic Articles,saidprovideunique,1,10231,0.0010881310758337434
Academic Articles,opportunityincrease,1,8309,0.0010881310758337434
Academic Articles,knowledgetheir,1,6300,0.0010881310758337434
Academic Articles,impactsthe,1,5558,0.005792862111702408
Academic Articles,environmentthe,1,3833,0.0021762621516674867
Academic Articles,consideration,1,2279,0.006528786455002459
Academic Articles,detailed,1,2961,0.005440655379168716
Academic Articles,tracking,1,12014,0.004965310381459206
Academic Articles,list,1,6720,0.008705048606669947
Academic Articles,top,1,11980,0.007616917530836203
Academic Articles,sheet,1,10520,0.007616917530836203
Academic Articles,ion,1,6047,0.01572348287462082
Academic Articles,injectionsbursts,1,5841,0.0021762621516674867
Academic Articles,magnetotail,1,6906,0.008705048606669947
Academic Articles,geosynchronous,1,4936,0.003310206920972804
Academic Articles,medium,1,7142,0.0043525243033349734
Academic Articles,ring,1,10109,0.011969441834171174
Academic Articles,belt,1,1305,0.019033689795593625
Academic Articles,acceleration,1,77,0.0043525243033349734
Academic Articles,pro,1,9136,0.005440655379168716
Academic Articles,cesses,1,1801,0.0021762621516674867
Academic Articles,ionosphericand,1,6065,0.0032643932275012296
Academic Articles,eregion,1,3862,0.0032643932275012296
Academic Articles,precipitationwelle,1,9020,0.0010881310758337434
Academic Articles,fregion,1,4740,0.0043525243033349734
Academic Articles,cusp,1,2634,0.0032643932275012296
Academic Articles,auroral,1,1072,0.010758172493161614
Academic Articles,precipitation,1,9017,0.010881310758337433
Academic Articles,global,1,4974,0.04799800035410567
Academic Articles,devotedfinding,1,3037,0.0010881310758337434
Academic Articles,wayscouple,1,12720,0.0010881310758337434
Academic Articles,regimessolar,1,9673,0.0021762621516674867
Academic Articles,windmagnetosphere,1,13010,0.0032643932275012296
Academic Articles,transitionsplasmadominated,1,12055,0.0010881310758337434
Academic Articles,versus,1,12525,0.013057572910004919
Academic Articles,magneticpressuredominated,1,6869,0.0010881310758337434
Academic Articles,alfvn,1,399,0.0021762621516674867
Academic Articles,collisional,1,2049,0.0010881310758337434
Academic Articles,collisionless,1,2052,0.0010881310758337434
Academic Articles,spatial,1,10829,0.026115145820009837
Academic Articles,scalesmagnetohydrodynamic,1,10296,0.0010881310758337434
Academic Articles,kinetic,1,6264,0.008705048606669947
Academic Articles,multiscale,1,7551,0.011969441834171174
Academic Articles,multistep,1,7557,0.0032643932275012296
Academic Articles,importantunderstanding,1,5608,0.0043525243033349734
Academic Articles,physicsspace,1,8808,0.0010881310758337434
Academic Articles,observedwell,1,8097,0.0021762621516674867
Academic Articles,thisespecially,1,11825,0.0010881310758337434
Academic Articles,true,1,12090,0.0032643932275012296
Academic Articles,whichcoupledthe,1,12895,0.0010881310758337434
Academic Articles,alsothe,1,445,0.0021762621516674867
Academic Articles,even,1,3951,0.009103069032675212
Academic Articles,stratosphere,1,11093,0.0010881310758337434
Academic Articles,forcing,1,4594,0.010881310758337433
Academic Articles,belowan,1,1292,0.0032643932275012296
Academic Articles,often,1,8192,0.012413275953648016
Academic Articles,neglected,1,7770,0.0010881310758337434
Academic Articles,aspectspace,1,961,0.0032643932275012296
Academic Articles,monitoring,1,7473,0.028291407971677326
Academic Articles,monitoringcritical,1,7474,0.0010881310758337434
Academic Articles,nowcasting,1,7937,0.006528786455002459
Academic Articles,butcreates,1,1510,0.0010881310758337434
Academic Articles,extra,1,4206,0.001655103460486402
Academic Articles,downlinking,1,3279,0.0021762621516674867
Academic Articles,capacity,1,1672,0.0032643932275012296
Academic Articles,requirementsresearchfocused,1,9934,0.0010881310758337434
Academic Articles,concerned,1,2190,0.000827551730243201
Academic Articles,validating,1,12461,0.0021762621516674867
Academic Articles,simulation,1,10635,0.02067449044084112
Academic Articles,experiment,1,4148,0.013057572910004919
Academic Articles,osses,1,8378,0.010881310758337433
Academic Articles,caninvaluableprovid,1,1600,0.0010881310758337434
Academic Articles,costbenefit,1,2466,0.0032643932275012296
Academic Articles,analysesadding,1,500,0.0010881310758337434
Academic Articles,measurementsimprove,1,7116,0.0010881310758337434
Academic Articles,performanceaddition,1,8634,0.0010881310758337434
Academic Articles,canconductedidentify,1,1574,0.0010881310758337434
Academic Articles,missing,1,7315,0.014145703985838663
Academic Articles,andimprove,1,608,0.0010881310758337434
Academic Articles,assessmentmodel,1,969,0.0010881310758337434
Academic Articles,error,1,3871,0.009930620762918412
Academic Articles,outneighboring,1,8414,0.0010881310758337434
Academic Articles,researcher,1,9961,0.009103069032675212
Academic Articles,scientist,1,10339,0.011585724223404816
Academic Articles,wouldbeneficial,1,13184,0.0021762621516674867
Academic Articles,gaining,1,4862,0.0043525243033349734
Academic Articles,numerical,1,7991,0.007616917530836203
Academic Articles,computa,1,2177,0.0021762621516674867
Academic Articles,tional,1,11941,0.0043525243033349734
Academic Articles,toolsspace,1,11978,0.0010881310758337434
Academic Articles,physicsbased,1,8802,0.014145703985838663
Academic Articles,treat,1,12070,0.0010881310758337434
Academic Articles,indicate,1,5721,0.0043525243033349734
Academic Articles,wayimprove,1,12714,0.0010881310758337434
Academic Articles,accuracypredictionsto,1,126,0.0010881310758337434
Academic Articles,resolution,1,9998,0.021762621516674865
Academic Articles,computational,1,2179,0.00979317968250369
Academic Articles,representationphysical,1,9895,0.0021762621516674867
Academic Articles,technique,1,11529,0.008275517302432011
Academic Articles,methodsplanning,1,7218,0.0010881310758337434
Academic Articles,pressing,1,9098,0.0021762621516674867
Academic Articles,becausedespite,1,1204,0.0010881310758337434
Academic Articles,already,1,430,0.004137758651216006
Academic Articles,acquiredthe,1,138,0.0010881310758337434
Academic Articles,matchedmodeling,1,7017,0.0010881310758337434
Academic Articles,lacksuitable,1,6362,0.0010881310758337434
Academic Articles,arises,1,909,0.0043525243033349734
Academic Articles,becausethe,1,1212,0.0032643932275012296
Academic Articles,qualityfor,1,9416,0.0010881310758337434
Academic Articles,matavailable,1,7014,0.0010881310758337434
Academic Articles,databecause,1,2689,0.0010881310758337434
Academic Articles,madeall,1,6852,0.0010881310758337434
Academic Articles,madethe,1,6860,0.0021762621516674867
Academic Articles,locationsare,1,6752,0.0010881310758337434
Academic Articles,madesufficient,1,6859,0.0010881310758337434
Academic Articles,cadence,1,1534,0.0032643932275012296
Academic Articles,contain,1,2320,0.0021762621516674867
Academic Articles,onlysmall,1,8242,0.0021762621516674867
Academic Articles,numberextreme,1,7971,0.0010881310758337434
Academic Articles,lackdata,1,6344,0.0021762621516674867
Academic Articles,remainschallenge,1,9860,0.0010881310758337434
Academic Articles,manythe,1,6971,0.0021762621516674867
Academic Articles,modeldevelopment,1,7371,0.0010881310758337434
Academic Articles,methodology,1,7212,0.005440655379168716
Academic Articles,employedparticular,1,3712,0.0010881310758337434
Academic Articles,neededcreate,1,7690,0.0032643932275012296
Academic Articles,standardized,1,10941,0.0032643932275012296
Academic Articles,suited,1,11283,0.0032643932275012296
Academic Articles,applicationsthe,1,792,0.0010881310758337434
Academic Articles,needto,1,7751,0.0032643932275012296
Academic Articles,acquire,1,136,0.0010881310758337434
Academic Articles,simultaneous,1,10641,0.0021762621516674867
Academic Articles,frommany,1,4780,0.0010881310758337434
Academic Articles,locationspossible,1,6755,0.0010881310758337434
Academic Articles,company,1,2122,0.009103069032675212
Academic Articles,operating,1,8268,0.0032643932275012296
Academic Articles,onboard,1,8201,0.009103069032675212
Academic Articles,offerpotential,1,8168,0.0010881310758337434
Academic Articles,solution,1,10739,0.02067449044084112
Academic Articles,somethe,1,10746,0.006620413841945608
Academic Articles,sparsity,1,10828,0.0010881310758337434
Academic Articles,assuming,1,999,0.0010881310758337434
Academic Articles,wouldavailable,1,13182,0.0010881310758337434
Academic Articles,communitybecoming,1,2111,0.0010881310758337434
Academic Articles,multidisciplinaryoptimal,1,7540,0.0010881310758337434
Academic Articles,usenew,1,12389,0.0010881310758337434
Academic Articles,method,1,7209,0.011969441834171174
Academic Articles,suchensemble,1,11226,0.0010881310758337434
Academic Articles,assimilationmachine,1,989,0.0010881310758337434
Academic Articles,requires,1,9937,0.026115145820009837
Academic Articles,bringingexperts,1,1447,0.0010881310758337434
Academic Articles,computer,1,2183,0.002482655190729603
Academic Articles,appliedother,1,799,0.0010881310758337434
Academic Articles,fieldsother,1,4359,0.0010881310758337434
Academic Articles,applicationspace,1,790,0.0021762621516674867
Academic Articles,problem,1,9146,0.028136758828268833
Academic Articles,developmentdedicated,1,3011,0.0010881310758337434
Academic Articles,setswellmethods,1,10482,0.0010881310758337434
Academic Articles,tunedthe,1,12101,0.0010881310758337434
Academic Articles,specific,1,10843,0.006620413841945608
Academic Articles,problemsubstantial,1,9151,0.0010881310758337434
Academic Articles,disciplinary,1,3111,0.0010881310758337434
Academic Articles,discipline,1,3112,0.005440655379168716
Academic Articles,developer,1,3004,0.0032643932275012296
Academic Articles,size,1,10672,0.004137758651216006
Academic Articles,computing,1,2184,0.006528786455002459
Academic Articles,storage,1,11034,0.006528786455002459
Academic Articles,push,1,9396,0.0010881310758337434
Academic Articles,capacityeven,1,1674,0.0010881310758337434
Academic Articles,supercomputing,1,11359,0.0010881310758337434
Academic Articles,facilitiesparticular,1,4229,0.0010881310758337434
Academic Articles,must,1,7568,0.007616917530836203
Academic Articles,address,1,238,0.010881310758337433
Academic Articles,potentialsignificantly,1,8992,0.0021762621516674867
Academic Articles,eachthese,1,3453,0.0021762621516674867
Academic Articles,methodolo,1,7210,0.0010881310758337434
Academic Articles,giescurrently,1,4950,0.0010881310758337434
Academic Articles,limitedits,1,6697,0.0010881310758337434
Academic Articles,limitedcomputing,1,6695,0.0010881310758337434
Academic Articles,developmentsolutions,1,3022,0.0010881310758337434
Academic Articles,sparse,1,10824,0.007616917530836203
Academic Articles,learningcurrently,1,6515,0.0010881310758337434
Academic Articles,bothdata,1,1403,0.0010881310758337434
Academic Articles,quantity,1,9430,0.0021762621516674867
Academic Articles,produce,1,9182,0.003310206920972804
Academic Articles,best,1,1323,0.014145703985838663
Academic Articles,aimedboth,1,364,0.0010881310758337434
Academic Articles,underlying,1,12202,0.004965310381459206
Academic Articles,typical,1,12152,0.000827551730243201
Academic Articles,black,1,1357,0.008705048606669947
Academic Articles,box,1,1422,0.0043525243033349734
Academic Articles,scarcitya,1,10304,0.0010881310758337434
Academic Articles,real,1,9575,0.003310206920972804
Academic Articles,containing,1,2322,0.0010881310758337434
Academic Articles,onlyrare,1,8240,0.0010881310758337434
Academic Articles,occurrence,1,8125,0.0021762621516674867
Academic Articles,arerelevancesevere,1,893,0.0010881310758337434
Academic Articles,createsserious,1,2564,0.0021762621516674867
Academic Articles,algorithm,1,400,0.006528786455002459
Academic Articles,andalso,1,530,0.002482655190729603
Academic Articles,defining,1,2822,0.0032643932275012296
Academic Articles,meaningful,1,7089,0.0021762621516674867
Academic Articles,metric,1,7221,0.006620413841945608
Academic Articles,abilitya,1,5,0.0021762621516674867
Academic Articles,modelpredict,1,7398,0.0021762621516674867
Academic Articles,interesting,1,5954,0.002482655190729603
Academic Articles,interdisciplinary,1,5950,0.0032643932275012296
Academic Articles,team,1,11524,0.006620413841945608
Academic Articles,neededtrain,1,7711,0.0010881310758337434
Academic Articles,generationspace,1,4913,0.0021762621516674867
Academic Articles,physicistsparticularis,1,8800,0.0010881310758337434
Academic Articles,importantsee,1,5604,0.0010881310758337434
Academic Articles,thatsufficient,1,11669,0.0010881310758337434
Academic Articles,fractionthe,1,4730,0.0010881310758337434
Academic Articles,communityequipped,1,2114,0.0010881310758337434
Academic Articles,skill,1,10676,0.0021762621516674867
Academic Articles,knowledge,1,6295,0.014145703985838663
Academic Articles,needtheir,1,7750,0.0010881310758337434
Academic Articles,increasedspacecraft,1,5694,0.0010881310758337434
Academic Articles,launch,1,6434,0.03144696574924164
Academic Articles,analytics,1,519,0.008705048606669947
Academic Articles,instrumentation,1,5893,0.005440655379168716
Academic Articles,vision,1,12565,0.0010881310758337434
Academic Articles,operationstopthe,1,8283,0.0010881310758337434
Academic Articles,prioritiesincrease,1,9121,0.0010881310758337434
Academic Articles,standingthe,1,10947,0.0010881310758337434
Academic Articles,solarterrestrial,1,10731,0.0010881310758337434
Academic Articles,cycle,1,2643,0.008275517302432011
Academic Articles,shouldincludedthe,1,10561,0.0010881310758337434
Academic Articles,trend,1,12074,0.0032643932275012296
Academic Articles,playmajor,1,8869,0.0021762621516674867
Academic Articles,roleshaping,1,10164,0.0010881310758337434
Academic Articles,central,1,1792,0.001655103460486402
Academic Articles,themesthe,1,11732,0.006528786455002459
Academic Articles,topicinfrastructure,1,11985,0.0010881310758337434
Academic Articles,needplan,1,7725,0.0021762621516674867
Academic Articles,aheadplanning,1,358,0.0010881310758337434
Academic Articles,infrastructurekey,1,5810,0.0010881310758337434
Academic Articles,needincrease,1,7722,0.0021762621516674867
Academic Articles,infrastructureincorporating,1,5809,0.0010881310758337434
Academic Articles,scientificfuture,1,10338,0.0010881310758337434
Academic Articles,intercalibrationscience,1,5947,0.0010881310758337434
Academic Articles,instrumentsthat,1,5907,0.0021762621516674867
Academic Articles,canincorpo,1,1598,0.0010881310758337434
Academic Articles,rated,1,9527,0.0010881310758337434
Academic Articles,preplanning,1,9071,0.0010881310758337434
Academic Articles,neededaddress,1,7680,0.0021762621516674867
Academic Articles,calibration,1,1546,0.005440655379168716
Academic Articles,uniformity,1,12244,0.0010881310758337434
Academic Articles,latency,1,6413,0.005440655379168716
Academic Articles,establishedprogramrecord,1,3915,0.0021762621516674867
Academic Articles,identifies,1,5484,0.0032643932275012296
Academic Articles,essential,1,3903,0.006620413841945608
Academic Articles,continu,1,2337,0.0032643932275012296
Academic Articles,ouslyobtained,1,8391,0.0021762621516674867
Academic Articles,observationsthe,1,8042,0.009103069032675212
Academic Articles,geostationary,1,4935,0.008275517302432011
Academic Articles,academic,1,63,0.00979317968250369
Academic Articles,fact,1,4234,0.0074479655721888085
Academic Articles,needsbe,1,7733,0.010881310758337433
Academic Articles,providednear,1,9344,0.0021762621516674867
Academic Articles,realtimeenable,1,9583,0.0010881310758337434
Academic Articles,decision,1,2784,0.0032643932275012296
Academic Articles,potentialproduce,1,8988,0.0010881310758337434
Academic Articles,productssubstantially,1,9232,0.0010881310758337434
Academic Articles,cost,1,2463,0.0074479655721888085
Academic Articles,anda,1,526,0.0021762621516674867
Academic Articles,faster,1,4273,0.005792862111702408
Academic Articles,schedule,1,10311,0.0010881310758337434
Academic Articles,contractual,1,2385,0.0021762621516674867
Academic Articles,mechanismslaunch,1,7136,0.0010881310758337434
Academic Articles,commoditized,1,2099,0.0021762621516674867
Academic Articles,moreover,1,7489,0.0010881310758337434
Academic Articles,accessalready,1,81,0.0010881310758337434
Academic Articles,insteadbuilding,1,5879,0.0032643932275012296
Academic Articles,infrastructureexamplesuch,1,5806,0.0021762621516674867
Academic Articles,wouldthe,1,13205,0.0010881310758337434
Academic Articles,usecommercial,1,12337,0.0010881310758337434
Academic Articles,networksprovide,1,7798,0.0021762621516674867
Academic Articles,downlink,1,3278,0.0043525243033349734
Academic Articles,reducedlatency,1,9637,0.0021762621516674867
Academic Articles,acquisition,1,140,0.010881310758337433
Academic Articles,offer,1,8159,0.008275517302432011
Academic Articles,valuable,1,12467,0.003310206920972804
Academic Articles,usesuch,1,12402,0.0032643932275012296
Academic Articles,face,1,4219,0.001655103460486402
Academic Articles,signifi,1,10610,0.0010881310758337434
Academic Articles,cant,1,1635,0.000827551730243201
Academic Articles,foremost,1,4642,0.0010881310758337434
Academic Articles,vendor,1,12519,0.0032643932275012296
Academic Articles,mustofferedappealing,1,7577,0.0010881310758337434
Academic Articles,propositionhostinginstrumentproviding,1,9314,0.0010881310758337434
Academic Articles,datathe,1,2718,0.0043525243033349734
Academic Articles,customizationtheir,1,2640,0.0010881310758337434
Academic Articles,partfurther,1,8521,0.0010881310758337434
Academic Articles,challengeproviding,1,1815,0.0010881310758337434
Academic Articles,nasafunded,1,7597,0.000827551730243201
Academic Articles,custom,1,2635,0.0021762621516674867
Academic Articles,instrumentscommercial,1,5899,0.0010881310758337434
Academic Articles,spacecraftthat,1,10806,0.0021762621516674867
Academic Articles,thegovernment,1,11709,0.000827551730243201
Academic Articles,procurement,1,9179,0.005440655379168716
Academic Articles,suitedengaging,1,11284,0.0021762621516674867
Academic Articles,tendmove,1,11564,0.0010881310758337434
Academic Articles,commitment,1,2091,0.0010881310758337434
Academic Articles,regardlessthe,1,9669,0.0010881310758337434
Academic Articles,mayproprietary,1,7069,0.0010881310758337434
Academic Articles,concern,1,2189,0.013057572910004919
Academic Articles,limit,1,6688,0.006620413841945608
Academic Articles,getting,1,4942,0.003310206920972804
Academic Articles,metadata,1,7200,0.005440655379168716
Academic Articles,neededvalidate,1,7714,0.0010881310758337434
Academic Articles,calibrate,1,1545,0.0021762621516674867
Academic Articles,lastly,1,6396,0.0032643932275012296
Academic Articles,mustallocated,1,7571,0.0010881310758337434
Academic Articles,archiving,1,863,0.0043525243033349734
Academic Articles,verification,1,12521,0.0032643932275012296
Academic Articles,distributionthe,1,3198,0.0010881310758337434
Academic Articles,willneededweigh,1,12978,0.0010881310758337434
Academic Articles,relatedrideshare,1,9794,0.0010881310758337434
Academic Articles,nonoptimal,1,7864,0.0010881310758337434
Academic Articles,distributionobserving,1,3197,0.0010881310758337434
Academic Articles,waysdoing,1,12723,0.0010881310758337434
Academic Articles,business,1,1504,0.0021762621516674867
Academic Articles,managing,1,6959,0.0043525243033349734
Academic Articles,willneededorderincrease,1,12976,0.0010881310758337434
Academic Articles,efficiencythe,1,3578,0.0021762621516674867
Academic Articles,manufacturing,1,6968,0.0010881310758337434
Academic Articles,operationsatellite,1,8274,0.0010881310758337434
Academic Articles,constellationswellthe,1,2307,0.0010881310758337434
Academic Articles,efficiencytheir,1,3579,0.0010881310758337434
Academic Articles,novel,1,7929,0.008705048606669947
Academic Articles,approachesbuilding,1,813,0.0010881310758337434
Academic Articles,caneffectively,1,1585,0.0010881310758337434
Academic Articles,used,1,12341,0.012413275953648016
Academic Articles,shouldexamined,1,10560,0.0010881310758337434
Academic Articles,systemslevel,1,11471,0.0010881310758337434
Academic Articles,arising,1,910,0.0032643932275012296
Academic Articles,fleet,1,4452,0.001655103460486402
Academic Articles,coverage,1,2533,0.015233835061672406
Academic Articles,volume,1,12578,0.007616917530836203
Academic Articles,storing,1,11038,0.0010881310758337434
Academic Articles,accessing,1,90,0.0010881310758337434
Academic Articles,processing,1,9173,0.0043525243033349734
Academic Articles,willneeded,1,12972,0.0021762621516674867
Academic Articles,especiallyensure,1,3895,0.0010881310758337434
Academic Articles,willavail,1,12948,0.0010881310758337434
Academic Articles,able,1,19,0.003310206920972804
Academic Articles,operationalneeded,1,8272,0.0010881310758337434
Academic Articles,needbe,1,7670,0.013240827683891216
Academic Articles,supported,1,11370,0.0032643932275012296
Academic Articles,incentivizedsupport,1,5636,0.0021762621516674867
Academic Articles,citednot,1,1918,0.0010881310758337434
Academic Articles,glamorous,1,4969,0.0021762621516674867
Academic Articles,thisnecessaryobtain,1,11829,0.0010881310758337434
Academic Articles,needed,1,7677,0.014895931144377617
Academic Articles,completethreedimensional,1,2142,0.0010881310758337434
Academic Articles,coveragethe,1,2539,0.006528786455002459
Academic Articles,comprehensive,1,2172,0.010881310758337433
Academic Articles,highresolutionboth,1,5337,0.0021762621516674867
Academic Articles,energy,1,3755,0.019861241525836824
Academic Articles,measurementsthe,1,7125,0.01958635936500738
Academic Articles,predicting,1,9032,0.008275517302432011
Academic Articles,coronais,1,2441,0.0010881310758337434
Academic Articles,critically,1,2575,0.002482655190729603
Academic Articles,importantcontinuously,1,5591,0.0010881310758337434
Academic Articles,photospheric,1,8794,0.008705048606669947
Academic Articles,steradian,1,11020,0.0010881310758337434
Academic Articles,formulation,1,4687,0.0021762621516674867
Academic Articles,noaagovsitesdefaultfilessessioniiitalaatelsayedsecondspaceweatherprogramformulationpdf,1,7835,0.0010881310758337434
Academic Articles,nationalacademiesorgeventdocsdddbbadbefffbbaefcplanning,1,7609,0.0010881310758337434
Academic Articles,canobtainedoutoftheecliptic,1,1617,0.0010881310758337434
Academic Articles,threedimensional,1,11854,0.010881310758337433
Academic Articles,reconstructionincoming,1,9615,0.0021762621516674867
Academic Articles,theandvantage,1,11689,0.0010881310758337434
Academic Articles,point,1,8883,0.02317144844680963
Academic Articles,themonitors,1,11739,0.0010881310758337434
Academic Articles,useful,1,12380,0.00979317968250369
Academic Articles,measuring,1,7133,0.005792862111702408
Academic Articles,likelylaunch,1,6659,0.0010881310758337434
Academic Articles,earthward,1,3497,0.0032643932275012296
Academic Articles,andbeing,1,542,0.0021762621516674867
Academic Articles,earthwardheading,1,3498,0.0010881310758337434
Academic Articles,heavy,1,5253,0.0074479655721888085
Academic Articles,composition,1,2168,0.01632196613750615
Academic Articles,compositionthe,1,2171,0.000827551730243201
Academic Articles,winda,1,12999,0.0010881310758337434
Academic Articles,gapcurrentsitu,1,4871,0.0021762621516674867
Academic Articles,ments,1,7171,0.00979317968250369
Academic Articles,keydifferentiating,1,6244,0.0010881310758337434
Academic Articles,highspeed,1,5338,0.0043525243033349734
Academic Articles,icmesidentifying,1,5468,0.0010881310758337434
Academic Articles,internal,1,5974,0.006620413841945608
Academic Articles,structurethe,1,11148,0.005440655379168716
Academic Articles,icme,1,5460,0.006528786455002459
Academic Articles,andconstraining,1,561,0.0010881310758337434
Academic Articles,modelscoro,1,7406,0.0010881310758337434
Academic Articles,nal,1,7587,0.0010881310758337434
Academic Articles,initiation,1,5836,0.0032643932275012296
Academic Articles,energization,1,3752,0.005440655379168716
Academic Articles,heating,1,5246,0.007616917530836203
Academic Articles,essentialimprove,1,3904,0.0010881310758337434
Academic Articles,understandingsolar,1,12219,0.0010881310758337434
Academic Articles,quantificationthe,1,9423,0.0032643932275012296
Academic Articles,pressurea,1,9100,0.0021762621516674867
Academic Articles,bridging,1,1437,0.0021762621516674867
Academic Articles,gapheliophysics,1,4872,0.0010881310758337434
Academic Articles,currentlymajor,1,2621,0.0010881310758337434
Academic Articles,studythe,1,11165,0.0010881310758337434
Academic Articles,andgeospacebridge,1,594,0.0010881310758337434
Academic Articles,andpredict,1,659,0.0010881310758337434
Academic Articles,transientsthe,1,12040,0.0010881310758337434
Academic Articles,fuse,1,4846,0.0021762621516674867
Academic Articles,researchboth,1,9953,0.0021762621516674867
Academic Articles,resolve,1,10000,0.0032643932275012296
Academic Articles,upstreamearthscales,1,12321,0.0010881310758337434
Academic Articles,collecting,1,2039,0.0021762621516674867
Academic Articles,multipoint,1,7548,0.013057572910004919
Academic Articles,critical,1,2574,0.013240827683891216
Academic Articles,developmentparticular,1,3019,0.0010881310758337434
Academic Articles,improv,1,5612,0.0010881310758337434
Academic Articles,empirical,1,3710,0.008705048606669947
Academic Articles,studieswhere,1,11159,0.0010881310758337434
Academic Articles,kind,1,6257,0.0010881310758337434
Academic Articles,advancesthe,1,278,0.0010881310758337434
Academic Articles,donea,1,3254,0.0021762621516674867
Academic Articles,com,1,2056,0.010881310758337433
Academic Articles,prehensive,1,9064,0.0010881310758337434
Academic Articles,missionsoperational,1,7330,0.0010881310758337434
Academic Articles,completionthe,1,2143,0.0010881310758337434
Academic Articles,prime,1,9116,0.0021762621516674867
Academic Articles,phasea,1,8762,0.0010881310758337434
Academic Articles,opportunitiescontinue,1,8303,0.0010881310758337434
Academic Articles,designing,1,2950,0.0021762621516674867
Academic Articles,outset,1,8424,0.0010881310758337434
Academic Articles,targetsmind,1,11518,0.0010881310758337434
Academic Articles,ease,1,3502,0.0010881310758337434
Academic Articles,ccor,1,1762,0.0021762621516674867
Academic Articles,compact,1,2119,0.001655103460486402
Academic Articles,developeda,1,2997,0.0010881310758337434
Academic Articles,naval,1,7618,0.0021762621516674867
Academic Articles,laboratory,1,6329,0.009930620762918412
Academic Articles,noaabe,1,7827,0.0010881310758337434
Academic Articles,flownboth,1,4467,0.0010881310758337434
Academic Articles,follow,1,4555,0.0043525243033349734
Academic Articles,onlagrange,1,8228,0.0032643932275012296
Academic Articles,swfol,1,11424,0.0043525243033349734
Academic Articles,goesrgeosyn,1,5003,0.0010881310758337434
Academic Articles,chronous,1,1905,0.0010881310758337434
Academic Articles,collaborationintendedcontinuecritical,1,2028,0.0010881310758337434
Academic Articles,series,1,10445,0.001655103460486402
Academic Articles,initiatedthe,1,5835,0.0010881310758337434
Academic Articles,esanasa,1,3890,0.0010881310758337434
Academic Articles,soho,1,10721,0.0032643932275012296
Academic Articles,light,1,6623,0.003310206920972804
Academic Articles,launched,1,6435,0.004137758651216006
Academic Articles,projecta,1,9273,0.0010881310758337434
Academic Articles,coordinationwellinstrument,1,2425,0.0010881310758337434
Academic Articles,deployment,1,2909,0.005440655379168716
Academic Articles,budgetsplanning,1,1466,0.0010881310758337434
Academic Articles,setting,1,10483,0.0032643932275012296
Academic Articles,stage,1,10932,0.001655103460486402
Academic Articles,withoverviewthe,1,13098,0.0010881310758337434
Academic Articles,attention,1,1046,0.0010881310758337434
Academic Articles,giventhe,1,4964,0.0010881310758337434
Academic Articles,driversa,1,3318,0.0010881310758337434
Academic Articles,rapidly,1,9519,0.0032643932275012296
Academic Articles,changing,1,1865,0.002482655190729603
Academic Articles,landscapespace,1,6369,0.0010881310758337434
Academic Articles,impactthe,1,5561,0.006528786455002459
Academic Articles,passagethe,1,8577,0.0010881310758337434
Academic Articles,actdecember,1,144,0.0010881310758337434
Academic Articles,withkeynote,1,13079,0.0010881310758337434
Academic Articles,summarized,1,11290,0.0032643932275012296
Academic Articles,phasespace,1,8772,0.0010881310758337434
Academic Articles,heldnasem,1,5255,0.0010881310758337434
Academic Articles,panel,1,8487,0.08596235499086571
Academic Articles,focuseda,1,4527,0.0010881310758337434
Academic Articles,aspectthe,1,963,0.0010881310758337434
Academic Articles,involvedspace,1,6038,0.0043525243033349734
Academic Articles,detail,1,2960,0.0032643932275012296
Academic Articles,withparticular,1,13099,0.0010881310758337434
Academic Articles,emphasisworkforce,1,3708,0.0010881310758337434
Academic Articles,diversity,1,3209,0.006528786455002459
Academic Articles,summarizes,1,11293,0.005440655379168716
Academic Articles,discussionseachthose,1,3138,0.0010881310758337434
Academic Articles,provisionsthe,1,9365,0.0010881310758337434
Academic Articles,delineationfederal,1,2854,0.0010881310758337434
Academic Articles,transitionoperationsaddressedthe,1,12052,0.0010881310758337434
Academic Articles,actpart,1,209,0.0010881310758337434
Academic Articles,creationthe,1,2569,0.0010881310758337434
Academic Articles,swag,1,11414,0.007616917530836203
Academic Articles,swagtasked,1,11415,0.0010881310758337434
Academic Articles,formal,1,4662,0.0021762621516674867
Academic Articles,mechanismstransition,1,7139,0.0021762621516674867
Academic Articles,finding,1,4379,0.001655103460486402
Academic Articles,capabilitiesnasa,1,1657,0.0010881310758337434
Academic Articles,thegeological,1,11708,0.0021762621516674867
Academic Articles,survey,1,11401,0.022343896716566426
Academic Articles,agenciesappropriatenoaa,1,327,0.0010881310758337434
Academic Articles,createsgovernmentuniversitycommercial,1,2563,0.0010881310758337434
Academic Articles,roundtablespace,1,10189,0.0010881310758337434
Academic Articles,hostedthe,1,5381,0.0021762621516674867
Academic Articles,academiesfacilitate,1,64,0.0010881310758337434
Academic Articles,transfer,1,12031,0.005792862111702408
Academic Articles,participantsthe,1,8524,0.0010881310758337434
Academic Articles,directs,1,3101,0.0010881310758337434
Academic Articles,noaadevelop,1,7831,0.0010881310758337434
Academic Articles,imag,1,5500,0.0010881310758337434
Academic Articles,ery,1,3889,0.0010881310758337434
Academic Articles,imaging,1,5525,0.014895931144377617
Academic Articles,requiredprovide,1,9919,0.0010881310758337434
Academic Articles,forecastsadditiondirects,1,4630,0.0010881310758337434
Academic Articles,noaaconsider,1,7830,0.0010881310758337434
Academic Articles,enhancementits,1,3786,0.0010881310758337434
Academic Articles,via,1,12528,0.004965310381459206
Academic Articles,prize,1,9133,0.0021762621516674867
Academic Articles,authority,1,1083,0.0010881310758337434
Academic Articles,microsatellites,1,7235,0.0010881310758337434
Academic Articles,opportunitiesdeploy,1,8304,0.0010881310758337434
Academic Articles,instrumentinstrumentsa,1,5897,0.0010881310758337434
Academic Articles,payloadan,1,8599,0.0010881310758337434
Academic Articles,seecongress,1,10388,0.0010881310758337434
Academic Articles,obser,1,8010,0.0021762621516674867
Academic Articles,vationsspace,1,12512,0.0010881310758337434
Academic Articles,actth,1,210,0.0010881310758337434
Academic Articles,congress,1,2260,0.0010881310758337434
Academic Articles,public,1,9372,0.004137758651216006
Academic Articles,activitiessupport,1,165,0.0010881310758337434
Academic Articles,swxsabeing,1,11438,0.0010881310758337434
Academic Articles,setwithin,1,10487,0.0010881310758337434
Academic Articles,hpd,1,5424,0.0021762621516674867
Academic Articles,commissionedspace,1,2090,0.0010881310758337434
Academic Articles,performeda,1,8645,0.0010881310758337434
Academic Articles,committeespace,1,2097,0.0021762621516674867
Academic Articles,expert,1,4156,0.003310206920972804
Academic Articles,enduser,1,3748,0.0021762621516674867
Academic Articles,undernasa,1,12204,0.0010881310758337434
Academic Articles,orderthe,1,8353,0.0010881310758337434
Academic Articles,john,1,6183,0.006528786455002459
Academic Articles,hopkins,1,5374,0.014145703985838663
Academic Articles,proving,1,9362,0.005440655379168716
Academic Articles,collaborative,1,2032,0.007616917530836203
Academic Articles,evaluation,1,3948,0.0043525243033349734
Academic Articles,established,1,3911,0.004965310381459206
Academic Articles,researchtooperations,1,9978,0.005440655379168716
Academic Articles,operationstoresearch,1,8284,0.0043525243033349734
Academic Articles,frameworkandhostednasa,1,4734,0.0010881310758337434
Academic Articles,goddard,1,4997,0.009930620762918412
Academic Articles,testbed,1,11587,0.007616917530836203
Academic Articles,swptplannedbe,1,11436,0.0010881310758337434
Academic Articles,locatednoaas,1,6746,0.0010881310758337434
Academic Articles,centeraccelerate,1,1769,0.0010881310758337434
Academic Articles,improvementoperational,1,5617,0.0010881310758337434
Academic Articles,frameworka,1,4733,0.0010881310758337434
Academic Articles,ionospherethermosphere,1,6061,0.00979317968250369
Academic Articles,introduced,1,6009,0.0021762621516674867
Academic Articles,operationsthe,1,8282,0.0021762621516674867
Academic Articles,swpcopenarchitecture,1,11434,0.0010881310758337434
Academic Articles,prototype,1,9333,0.0010881310758337434
Academic Articles,environmentdevelopednoaa,1,3826,0.0010881310758337434
Academic Articles,commercefacilitatetransition,1,2086,0.0010881310758337434
Academic Articles,oadra,1,8001,0.0010881310758337434
Academic Articles,image,1,5501,0.010881310758337433
Academic Articles,willprovidednoaas,1,12984,0.0010881310758337434
Academic Articles,launchplanned,1,6447,0.0021762621516674867
Academic Articles,actionsresearch,1,155,0.0010881310758337434
Academic Articles,advancing,1,280,0.005440655379168716
Academic Articles,societal,1,10715,0.004965310381459206
Academic Articles,resiliency,1,9994,0.002482655190729603
Academic Articles,answer,1,734,0.004137758651216006
Academic Articles,establishedfocus,1,3913,0.0010881310758337434
Academic Articles,areadata,1,869,0.0010881310758337434
Academic Articles,needsbeing,1,7734,0.0010881310758337434
Academic Articles,signedinteragency,1,10608,0.0021762621516674867
Academic Articles,agreementprovide,1,350,0.0010881310758337434
Academic Articles,conductall,1,2230,0.0010881310758337434
Academic Articles,formalizedror,1,4663,0.0010881310758337434
Academic Articles,frameworkdirectedthe,1,4735,0.0010881310758337434
Academic Articles,groupdevelopinguser,1,5095,0.0010881310758337434
Academic Articles,productsexecutive,1,9229,0.0010881310758337434
Academic Articles,officethe,1,8179,0.0043525243033349734
Academic Articles,president,1,9094,0.0032643932275012296
Academic Articles,operationtoresearch,1,8287,0.0021762621516674867
Academic Articles,committeehomeland,1,2095,0.0032643932275012296
Academic Articles,securitythe,1,10384,0.0021762621516674867
Academic Articles,weatherrorframeworkpdfthe,1,12782,0.0010881310758337434
Academic Articles,presidentsbudget,1,9095,0.0010881310758337434
Academic Articles,requested,1,9907,0.000827551730243201
Academic Articles,million,1,7277,0.001655103460486402
Academic Articles,swpt,1,11435,0.0021762621516674867
Academic Articles,constructionbegin,1,2316,0.0010881310758337434
Academic Articles,enacted,1,3725,0.0010881310758337434
Academic Articles,budget,1,1465,0.0043525243033349734
Academic Articles,funding,1,4836,0.015233835061672406
Academic Articles,phaseproceedingsthe,1,8770,0.0010881310758337434
Academic Articles,panelist,1,8489,0.04243711195751598
Academic Articles,jim,1,6179,0.0021762621516674867
Academic Articles,spann,1,10822,0.0043525243033349734
Academic Articles,leadnasas,1,6490,0.0010881310758337434
Academic Articles,mangala,1,6963,0.0010881310758337434
Academic Articles,sharma,1,10513,0.0032643932275012296
Academic Articles,gram,1,5053,0.0010881310758337434
Academic Articles,director,1,3094,0.0010881310758337434
Academic Articles,researchthe,1,9976,0.0032643932275012296
Academic Articles,divisionatmospheric,1,3218,0.0043525243033349734
Academic Articles,geoagsthe,1,4917,0.0010881310758337434
Academic Articles,elsayed,1,3677,0.001655103460486402
Academic Articles,talaat,1,11505,0.002482655190729603
Academic Articles,directorthe,1,3100,0.000827551730243201
Academic Articles,officeprojects,1,8175,0.0010881310758337434
Academic Articles,askedaddress,1,951,0.014145703985838663
Academic Articles,willtake,1,12994,0.0010881310758337434
Academic Articles,advantagethe,1,286,0.0021762621516674867
Academic Articles,focusspace,1,4550,0.0010881310758337434
Academic Articles,interface,1,5960,0.006528786455002459
Academic Articles,mayneeded,1,7063,0.0010881310758337434
Academic Articles,fluentsmooth,1,4479,0.0010881310758337434
Academic Articles,thatneedengagespace,1,11649,0.0010881310758337434
Academic Articles,mecha,1,7134,0.0010881310758337434
Academic Articles,nismsinvolve,1,7825,0.0010881310758337434
Academic Articles,educationnextgeneration,1,3526,0.0010881310758337434
Academic Articles,look,1,6778,0.001655103460486402
Academic Articles,engineersdifferent,1,3769,0.0010881310758337434
Academic Articles,know,1,6290,0.002482655190729603
Academic Articles,administrationthe,1,262,0.0010881310758337434
Academic Articles,rolespace,1,10166,0.0032643932275012296
Academic Articles,weathernoted,1,12772,0.0010881310758337434
Academic Articles,nasasettinga,1,7605,0.0010881310758337434
Academic Articles,dedicated,1,2807,0.0021762621516674867
Academic Articles,modify,1,7459,0.0010881310758337434
Academic Articles,inter,1,5933,0.0043525243033349734
Academic Articles,nally,1,7588,0.0010881310758337434
Academic Articles,fund,1,4833,0.0021762621516674867
Academic Articles,rolethe,1,10169,0.0032643932275012296
Academic Articles,enterpriseadvancing,1,3810,0.0010881310758337434
Academic Articles,researchproviding,1,9975,0.0010881310758337434
Academic Articles,exploratory,1,4170,0.0021762621516674867
Academic Articles,buildingtheory,1,1477,0.0010881310758337434
Academic Articles,analysiswellfor,1,517,0.0010881310758337434
Academic Articles,usethe,1,12405,0.005440655379168716
Academic Articles,designedexplore,1,2943,0.0010881310758337434
Academic Articles,analysisthat,1,512,0.0010881310758337434
Academic Articles,valuea,1,12469,0.0021762621516674867
Academic Articles,capabilityspace,1,1667,0.0010881310758337434
Academic Articles,demonstrated,1,2872,0.0043525243033349734
Academic Articles,becomecandidate,1,1219,0.0010881310758337434
Academic Articles,transitionopera,1,12051,0.0021762621516674867
Academic Articles,thussaid,1,11879,0.0010881310758337434
Academic Articles,divisionuniquely,1,3222,0.0010881310758337434
Academic Articles,poisedsupport,1,8898,0.0010881310758337434
Academic Articles,programintendeda,1,9244,0.0010881310758337434
Academic Articles,resourceunify,1,10005,0.0010881310758337434
Academic Articles,drive,1,3309,0.0043525243033349734
Academic Articles,understandingits,1,12216,0.0010881310758337434
Academic Articles,mechanism,1,7135,0.004965310381459206
Academic Articles,pillar,1,8818,0.00979317968250369
Academic Articles,figure,1,4367,0.06289393149848328
Academic Articles,investigation,1,6020,0.006528786455002459
Academic Articles,hasparticular,1,5186,0.0010881310758337434
Academic Articles,goalsnasas,1,4991,0.0010881310758337434
Academic Articles,canfoundnote,1,1590,0.0010881310758337434
Academic Articles,acronym,1,141,0.0032643932275012296
Academic Articles,definedappendixsource,1,2818,0.0021762621516674867
Academic Articles,presentationworkshop,1,9084,0.0402608498058485
Academic Articles,describing,1,2934,0.0032643932275012296
Academic Articles,represents,1,9903,0.0010881310758337434
Academic Articles,goalprovidingcoordinated,1,4987,0.0010881310758337434
Academic Articles,approachobserving,1,826,0.0010881310758337434
Academic Articles,partnerstransitioning,1,8562,0.0010881310758337434
Academic Articles,innovative,1,5848,0.0043525243033349734
Academic Articles,safe,1,10208,0.000827551730243201
Academic Articles,explorationthe,1,4169,0.0010881310758337434
Academic Articles,robotic,1,10143,0.0010881310758337434
Academic Articles,mean,1,7087,0.004137758651216006
Academic Articles,returncrewed,1,10055,0.0010881310758337434
Academic Articles,missionsthe,1,7333,0.0032643932275012296
Academic Articles,moon,1,7487,0.000827551730243201
Academic Articles,subsequentlymars,1,11192,0.0010881310758337434
Academic Articles,roleexplorationto,1,10153,0.0010881310758337434
Academic Articles,less,1,6545,0.004965310381459206
Academic Articles,mature,1,7034,0.0043525243033349734
Academic Articles,withlongterm,1,13084,0.0010881310758337434
Academic Articles,aimhelp,1,366,0.0010881310758337434
Academic Articles,hasnumbercurrent,1,5185,0.0010881310758337434
Academic Articles,contrib,1,2389,0.0010881310758337434
Academic Articles,utethe,1,12452,0.0010881310758337434
Academic Articles,examplesupportexploration,1,4040,0.0010881310758337434
Academic Articles,measurementssupportlunar,1,7123,0.0010881310758337434
Academic Articles,demonstrate,1,2871,0.0032643932275012296
Academic Articles,tech,1,11527,0.0043525243033349734
Academic Articles,nologies,1,7850,0.0021762621516674867
Academic Articles,neededconduct,1,7687,0.0010881310758337434
Academic Articles,missionsmarssupport,1,7327,0.0010881310758337434
Academic Articles,grant,1,5055,0.0010881310758337434
Academic Articles,centersexcellence,1,1789,0.0010881310758337434
Academic Articles,targeted,1,11517,0.0021762621516674867
Academic Articles,researchdevelop,1,9958,0.0021762621516674867
Academic Articles,respondoperational,1,10014,0.0010881310758337434
Academic Articles,cansome,1,1631,0.0010881310758337434
Academic Articles,case,1,1707,0.019033689795593625
Academic Articles,funded,1,4835,0.0010881310758337434
Academic Articles,completed,1,2139,0.0021762621516674867
Academic Articles,highpriority,1,5333,0.0010881310758337434
Academic Articles,areriskbeing,1,894,0.0010881310758337434
Academic Articles,decommissioned,1,2793,0.0021762621516674867
Academic Articles,availablethat,1,1100,0.0010881310758337434
Academic Articles,neededsignificantly,1,7702,0.0010881310758337434
Academic Articles,stated,1,10969,0.001655103460486402
Academic Articles,consistent,1,2288,0.0043525243033349734
Academic Articles,broader,1,1453,0.005440655379168716
Academic Articles,agendafocusedfundamental,1,337,0.0010881310758337434
Academic Articles,neededachieve,1,7679,0.0021762621516674867
Academic Articles,scien,1,10323,0.0010881310758337434
Academic Articles,tific,1,11888,0.0010881310758337434
Academic Articles,people,1,8622,0.004137758651216006
Academic Articles,engagedthe,1,3759,0.0010881310758337434
Academic Articles,weatherrelated,1,12781,0.0043525243033349734
Academic Articles,contributensfs,1,2396,0.0010881310758337434
Academic Articles,goalsempower,1,4989,0.0010881310758337434
Academic Articles,mathematics,1,7025,0.0021762621516674867
Academic Articles,stem,1,11012,0.0032643932275012296
Academic Articles,talentfully,1,11507,0.0010881310758337434
Academic Articles,participatescience,1,8527,0.0010881310758337434
Academic Articles,andcreate,1,564,0.0010881310758337434
Academic Articles,andtranslate,1,706,0.0010881310758337434
Academic Articles,benefitsociety,1,1314,0.0010881310758337434
Academic Articles,researchnsfsupportedmultiple,1,9968,0.0010881310758337434
Academic Articles,directorategeosci,1,3096,0.0010881310758337434
Academic Articles,ences,1,3729,0.0010881310758337434
Academic Articles,programscoupling,1,9250,0.0010881310758337434
Academic Articles,divisionastronomical,1,3217,0.0021762621516674867
Academic Articles,astronomy,1,1014,0.001655103460486402
Academic Articles,astrophysical,1,1015,0.0010881310758337434
Academic Articles,relevantheliophysics,1,9820,0.0010881310758337434
Academic Articles,weathera,1,12753,0.002482655190729603
Academic Articles,grand,1,5054,0.0010881310758337434
Academic Articles,challengegeosciences,1,1813,0.0010881310758337434
Academic Articles,seeksdevelopdeep,1,10393,0.0010881310758337434
Academic Articles,transformative,1,12033,0.0010881310758337434
Academic Articles,dynamic,1,3443,0.028136758828268833
Academic Articles,weatherwellto,1,12792,0.0010881310758337434
Academic Articles,link,1,6714,0.0032643932275012296
Academic Articles,observer,1,8099,0.001655103460486402
Academic Articles,theorist,1,11750,0.0010881310758337434
Academic Articles,modeler,1,7375,0.0021762621516674867
Academic Articles,experimenter,1,4152,0.0010881310758337434
Academic Articles,educator,1,3528,0.0010881310758337434
Academic Articles,together,1,11964,0.004137758651216006
Academic Articles,workforcean,1,13151,0.0010881310758337434
Academic Articles,prioritynsfthat,1,9127,0.0010881310758337434
Academic Articles,madenumberearlycareer,1,6857,0.0010881310758337434
Academic Articles,faculty,1,4239,0.0021762621516674867
Academic Articles,award,1,1117,0.0010881310758337434
Academic Articles,coveringwide,1,2545,0.0010881310758337434
Academic Articles,rangedisciplines,1,9505,0.0010881310758337434
Academic Articles,relevantspace,1,9822,0.0021762621516674867
Academic Articles,dynamicsthe,1,3448,0.006528786455002459
Academic Articles,coronasatellite,1,2447,0.0010881310758337434
Academic Articles,debrislow,1,2757,0.0010881310758337434
Academic Articles,orbitplanning,1,8345,0.0010881310758337434
Academic Articles,networkobserving,1,7795,0.0010881310758337434
Academic Articles,breadththe,1,1427,0.0010881310758337434
Academic Articles,coherent,1,2017,0.0010881310758337434
Academic Articles,incoherent,1,5670,0.0043525243033349734
Academic Articles,radarsneutron,1,9469,0.0010881310758337434
Academic Articles,cubesats,1,2606,0.0010881310758337434
Academic Articles,electrodynamics,1,3648,0.00979317968250369
Academic Articles,response,1,10015,0.006528786455002459
Academic Articles,ampere,1,493,0.0043525243033349734
Academic Articles,nsfalso,1,7947,0.0010881310758337434
Academic Articles,startingfocus,1,10960,0.0010881310758337434
Academic Articles,heavilydata,1,5251,0.0010881310758337434
Academic Articles,infra,1,5802,0.0010881310758337434
Academic Articles,activitiesdescribedtalaat,1,163,0.0010881310758337434
Academic Articles,call,1,1550,0.0010881310758337434
Academic Articles,noaabuild,1,7828,0.0010881310758337434
Academic Articles,capacityadvance,1,1673,0.0010881310758337434
Academic Articles,policyaccelerate,1,8921,0.0010881310758337434
Academic Articles,growthnoaa,1,5112,0.0010881310758337434
Academic Articles,andapplyintegrative,1,534,0.0010881310758337434
Academic Articles,chartercomplementarythosenasa,1,1888,0.0010881310758337434
Academic Articles,nsfmentioned,1,7950,0.0010881310758337434
Academic Articles,implementationthe,1,5568,0.0010881310758337434
Academic Articles,respondingthe,1,10013,0.0010881310758337434
Academic Articles,detailedthe,1,2962,0.0010881310758337434
Academic Articles,improving,1,5621,0.010758172493161614
Academic Articles,sus,1,11404,0.0010881310758337434
Academic Articles,taining,1,11496,0.0021762621516674867
Academic Articles,focusdata,1,4524,0.0010881310758337434
Academic Articles,laying,1,6463,0.0010881310758337434
Academic Articles,communityit,1,2115,0.0010881310758337434
Academic Articles,relatesdata,1,9798,0.0010881310758337434
Academic Articles,availability,1,1091,0.005792862111702408
Academic Articles,carrie,1,1692,0.0021762621516674867
Academic Articles,communityorderimprove,1,2117,0.0010881310758337434
Academic Articles,advancesspace,1,276,0.0021762621516674867
Academic Articles,thatparallelthe,1,11654,0.0010881310758337434
Academic Articles,said,1,10216,0.03889493132143045
Academic Articles,relied,1,9830,0.0010881310758337434
Academic Articles,heavilyresearch,1,5252,0.0010881310758337434
Academic Articles,lackedformal,1,6347,0.0010881310758337434
Academic Articles,inputror,1,5853,0.0010881310758337434
Academic Articles,emphasized,1,3709,0.008705048606669947
Academic Articles,indicesindicatorsspace,1,5737,0.0010881310758337434
Academic Articles,estab,1,3908,0.0010881310758337434
Academic Articles,lishmentdedicated,1,6719,0.0010881310758337434
Academic Articles,necessaryprotect,1,7664,0.0010881310758337434
Academic Articles,incorporate,1,5674,0.002482655190729603
Academic Articles,contribution,1,2398,0.0032643932275012296
Academic Articles,partnerstest,1,8560,0.0010881310758337434
Academic Articles,evaluate,1,3946,0.0021762621516674867
Academic Articles,accelerate,1,71,0.0043525243033349734
Academic Articles,transitionnew,1,12050,0.0010881310758337434
Academic Articles,capabilitiesoperations,1,1658,0.0021762621516674867
Academic Articles,improvement,1,5616,0.0010881310758337434
Academic Articles,maintenanceexisting,1,6925,0.0010881310758337434
Academic Articles,regional,1,9676,0.0043525243033349734
Academic Articles,local,1,6741,0.0043525243033349734
Academic Articles,specification,1,10847,0.005440655379168716
Academic Articles,tailoredthe,1,11495,0.0021762621516674867
Academic Articles,needsdecisionmakers,1,7736,0.0010881310758337434
Academic Articles,augment,1,1062,0.0021762621516674867
Academic Articles,index,1,5713,0.008705048606669947
Academic Articles,usessuiteoperational,1,12401,0.0010881310758337434
Academic Articles,covering,1,2542,0.007616917530836203
Academic Articles,willfurther,1,12959,0.0010881310758337434
Academic Articles,propagationcoronal,1,9296,0.0010881310758337434
Academic Articles,upgraded,1,12308,0.000827551730243201
Academic Articles,swmf,1,11429,0.0010881310758337434
Academic Articles,usedpredict,1,12368,0.0010881310758337434
Academic Articles,upgradedmodel,1,12309,0.0010881310758337434
Academic Articles,whole,1,12924,0.002482655190729603
Academic Articles,modelionosphere,1,7390,0.0010881310758337434
Academic Articles,plasmasphere,1,8858,0.006528786455002459
Academic Articles,exosphere,1,4071,0.0010881310758337434
Academic Articles,wamipe,1,12588,0.0010881310758337434
Academic Articles,civil,1,1919,0.0010881310758337434
Academic Articles,includinghuman,1,5664,0.0010881310758337434
Academic Articles,dose,1,3265,0.006528786455002459
Academic Articles,modeladdition,1,7364,0.0010881310758337434
Academic Articles,agreementnoaa,1,349,0.0010881310758337434
Academic Articles,longtime,1,6777,0.0010881310758337434
Academic Articles,surface,1,11383,0.006620413841945608
Academic Articles,goalnoaas,1,4986,0.0010881310758337434
Academic Articles,nesdisto,1,7778,0.0010881310758337434
Academic Articles,provideintegrated,1,9351,0.0010881310758337434
Academic Articles,environmenta,1,3821,0.0021762621516674867
Academic Articles,evolve,1,4016,0.004137758651216006
Academic Articles,rapidlyaddress,1,9520,0.0010881310758337434
Academic Articles,thisaccomplishedcombining,1,11818,0.0010881310758337434
Academic Articles,thosepartners,1,11839,0.0010881310758337434
Academic Articles,elevateda,1,3671,0.0010881310758337434
Academic Articles,third,1,11815,0.0021762621516674867
Academic Articles,nesdisworkingintegrate,1,7779,0.0010881310758337434
Academic Articles,partner,1,8555,0.010881310758337433
Academic Articles,willmonitoredthelagrange,1,12970,0.0010881310758337434
Academic Articles,geosta,1,4934,0.0010881310758337434
Academic Articles,tionary,1,11943,0.0010881310758337434
Academic Articles,potentiallythelagrange,1,8986,0.0010881310758337434
Academic Articles,futuresetcommon,1,4854,0.0010881310758337434
Academic Articles,verify,1,12523,0.000827551730243201
Academic Articles,improved,1,5614,0.006620413841945608
Academic Articles,alloperational,1,411,0.0010881310758337434
Academic Articles,todayessential,1,11956,0.0010881310758337434
Academic Articles,continuitysolar,1,2377,0.0010881310758337434
Academic Articles,missioncurrentlydevelopment,1,7319,0.0010881310758337434
Academic Articles,design,1,2939,0.014895931144377617
Academic Articles,carrycompact,1,1699,0.0010881310758337434
Academic Articles,coronagraphprovide,1,2438,0.0010881310758337434
Academic Articles,obtained,1,8102,0.006528786455002459
Academic Articles,alsoincludedthe,1,437,0.0010881310758337434
Academic Articles,goesu,1,5005,0.000827551730243201
Academic Articles,spacecraftbe,1,10794,0.0010881310758337434
Academic Articles,launchedaddition,1,6436,0.0010881310758337434
Academic Articles,goest,1,5004,0.0010881310758337434
Academic Articles,successfully,1,11204,0.003310206920972804
Academic Articles,launchedmarch,1,6437,0.0010881310758337434
Academic Articles,renamed,1,9872,0.0010881310758337434
Academic Articles,setspace,1,10478,0.0010881310758337434
Academic Articles,similarthose,1,10627,0.0032643932275012296
Academic Articles,replace,1,9877,0.001655103460486402
Academic Articles,goesjanuary,1,5001,0.0010881310758337434
Academic Articles,achievement,1,132,0.0010881310758337434
Academic Articles,wasreduce,1,12679,0.0010881310758337434
Academic Articles,latencyionospheric,1,6416,0.0010881310758337434
Academic Articles,meteorology,1,7206,0.0021762621516674867
Academic Articles,iono,1,6053,0.0032643932275012296
Academic Articles,sphere,1,10876,0.004137758651216006
Academic Articles,climate,1,1949,0.008275517302432011
Academic Articles,cosmic,1,2461,0.005440655379168716
Academic Articles,missionunder,1,7335,0.0010881310758337434
Academic Articles,minute,1,7300,0.003310206920972804
Academic Articles,weissal,1,12809,0.0010881310758337434
Academic Articles,acquired,1,137,0.0010881310758337434
Academic Articles,usednoaas,1,12365,0.0010881310758337434
Academic Articles,ionosphereplanning,1,6058,0.0010881310758337434
Academic Articles,supportnoaa,1,11375,0.0010881310758337434
Academic Articles,multiagency,1,7537,0.0010881310758337434
Academic Articles,ccmcmajor,1,1759,0.0010881310758337434
Academic Articles,exercise,1,4057,0.000827551730243201
Academic Articles,willfocusedunderstanding,1,12958,0.0010881310758337434
Academic Articles,identifying,1,5486,0.0010881310758337434
Academic Articles,step,1,11014,0.003310206920972804
Academic Articles,menttargeted,1,7177,0.0010881310758337434
Academic Articles,newysworking,1,7814,0.0010881310758337434
Academic Articles,examined,1,4024,0.001655103460486402
Academic Articles,arise,1,908,0.005440655379168716
Academic Articles,organization,1,8356,0.002482655190729603
Academic Articles,andparticular,1,651,0.0021762621516674867
Academic Articles,waysimprove,1,12724,0.0010881310758337434
Academic Articles,jinni,1,6180,0.0021762621516674867
Academic Articles,meehanprogram,1,7144,0.0010881310758337434
Academic Articles,managernoaas,1,6957,0.0010881310758337434
Academic Articles,nw,1,7997,0.0021762621516674867
Academic Articles,dan,1,2669,0.0043525243033349734
Academic Articles,mosesprogram,1,7496,0.0010881310758337434
Academic Articles,scientistnasas,1,10340,0.0010881310758337434
Academic Articles,tammy,1,11512,0.0010881310758337434
Academic Articles,dickinson,1,3045,0.0021762621516674867
Academic Articles,presidentscience,1,9096,0.0010881310758337434
Academic Articles,matter,1,7032,0.0010881310758337434
Academic Articles,inc,1,5631,0.006528786455002459
Academic Articles,sage,1,10215,0.0010881310758337434
Academic Articles,andorkalead,1,647,0.0010881310758337434
Academic Articles,engineer,1,3765,0.004137758651216006
Academic Articles,questionsthe,1,9440,0.0032643932275012296
Academic Articles,updatesthe,1,12305,0.0010881310758337434
Academic Articles,challengesmeehan,1,1823,0.0010881310758337434
Academic Articles,explained,1,4162,0.0021762621516674867
Academic Articles,strategythenational,1,11092,0.0010881310758337434
Academic Articles,putplace,1,9401,0.0010881310758337434
Academic Articles,thereby,1,11764,0.0021762621516674867
Academic Articles,superseding,1,11364,0.0010881310758337434
Academic Articles,document,1,3233,0.001655103460486402
Academic Articles,subcommitteeinteragency,1,11171,0.0010881310758337434
Academic Articles,thatorganized,1,11652,0.0010881310758337434
Academic Articles,nstc,1,7954,0.0010881310758337434
Academic Articles,ostp,1,8382,0.0021762621516674867
Academic Articles,signedoctober,1,10609,0.0010881310758337434
Academic Articles,lawalso,1,6453,0.0010881310758337434
Academic Articles,policythe,1,8923,0.0010881310758337434
Academic Articles,united,1,12249,0.008275517302432011
Academic Articles,statesprepare,1,10984,0.0010881310758337434
Academic Articles,weatherestablishedinteragency,1,12762,0.0010881310758337434
Academic Articles,iwgcoordinate,1,6140,0.0010881310758337434
Academic Articles,programdetermine,1,9242,0.0010881310758337434
Academic Articles,geo,1,4916,0.005440655379168716
Academic Articles,leo,1,6541,0.007616917530836203
Academic Articles,informa,1,5774,0.0021762621516674867
Academic Articles,establishedspace,1,3916,0.0010881310758337434
Academic Articles,receive,1,9591,0.000827551730243201
Academic Articles,meehan,1,7143,0.0021762621516674867
Academic Articles,authorize,1,1084,0.0010881310758337434
Academic Articles,rather,1,9531,0.004965310381459206
Academic Articles,servesa,1,10456,0.0010881310758337434
Academic Articles,meansprioritize,1,7091,0.0010881310758337434
Academic Articles,effortsmarch,1,3595,0.0010881310758337434
Academic Articles,justfew,1,6209,0.0010881310758337434
Academic Articles,researchto,1,9977,0.0021762621516674867
Academic Articles,developedresponseonethe,1,3000,0.0010881310758337434
Academic Articles,andprovidesformal,1,664,0.0010881310758337434
Academic Articles,aimedensuringeffective,1,365,0.0010881310758337434
Academic Articles,subcommitteenowthe,1,11172,0.0010881310758337434
Academic Articles,processupdating,1,9177,0.0010881310758337434
Academic Articles,ambassador,1,473,0.0010881310758337434
Academic Articles,continuityavailabilitysatellite,1,2373,0.0010881310758337434
Academic Articles,manythese,1,6973,0.0021762621516674867
Academic Articles,lack,1,6334,0.006528786455002459
Academic Articles,concrete,1,2196,0.0010881310758337434
Academic Articles,implementation,1,5567,0.008705048606669947
Academic Articles,moses,1,7495,0.0010881310758337434
Academic Articles,reviewed,1,10078,0.0021762621516674867
Academic Articles,noting,1,7917,0.005440655379168716
Academic Articles,executivenswsap,1,4056,0.0010881310758337434
Academic Articles,legislativethe,1,6533,0.0010881310758337434
Academic Articles,mandate,1,6960,0.0010881310758337434
Academic Articles,agencyaddress,1,333,0.0010881310758337434
Academic Articles,worksthe,1,13166,0.000827551730243201
Academic Articles,armthespace,1,912,0.0010881310758337434
Academic Articles,effortsaid,1,3589,0.0010881310758337434
Academic Articles,andparticularcoordinates,1,652,0.0010881310758337434
Academic Articles,theair,1,11685,0.0010881310758337434
Academic Articles,highlightsthe,1,5331,0.0010881310758337434
Academic Articles,effortprovide,1,3588,0.0010881310758337434
Academic Articles,ccmc,1,1758,0.011969441834171174
Academic Articles,researchoperationsoperationsresearch,1,9972,0.0010881310758337434
Academic Articles,swpc,1,11431,0.0074479655721888085
Academic Articles,noaanational,1,7838,0.0010881310758337434
Academic Articles,sdfhhdwkhuudphzrun,1,10357,0.0010881310758337434
Academic Articles,dqgdwlrqdosdfhhdwkhuwudwhj,1,3289,0.0010881310758337434
Academic Articles,hyhorsirupdophfkdqlvpv,1,5455,0.0010881310758337434
Academic Articles,irulqfoxghdfdghplfsulydwhvhfwrudqglqwhuqdwlrqdosduwqhuv,1,6082,0.0010881310758337434
Academic Articles,gpqgihngzyqjigoies,1,5041,0.0010881310758337434
Academic Articles,hjgkejkgijihkgiinniejqpihdei,1,5358,0.0010881310758337434
Academic Articles,qijpigdgeihh,1,9407,0.0010881310758337434
Academic Articles,ihegqdihjpigoqvqogziqgx,1,5490,0.0010881310758337434
Academic Articles,gifkqgigjyipigoijyijhg,1,4951,0.0010881310758337434
Academic Articles,gihkgeihnjpihdeiqijpig,1,4953,0.0010881310758337434
Academic Articles,ijigdgqhijeeiyigjidjpjpi,1,5493,0.0010881310758337434
Academic Articles,gdgeihhih,1,4896,0.0010881310758337434
Academic Articles,kwwsv,1,6325,0.0010881310758337434
Academic Articles,zzzzklwhkrxvhjryzsfrqwhqwxsordg,1,13267,0.0010881310758337434
Academic Articles,vsdfhhdwkhuu,1,12583,0.0010881310758337434
Academic Articles,dphzrunsgiplanning,1,3288,0.0010881310758337434
Academic Articles,putplacethe,1,9403,0.0010881310758337434
Academic Articles,chaireddickinson,1,1807,0.0010881310758337434
Academic Articles,appointedsworm,1,804,0.0010881310758337434
Academic Articles,groupan,1,5092,0.0010881310758337434
Academic Articles,saidit,1,10228,0.0010881310758337434
Academic Articles,get,1,4937,0.004137758651216006
Academic Articles,sectorspace,1,10381,0.0010881310758337434
Academic Articles,priori,1,9120,0.0021762621516674867
Academic Articles,tie,1,11883,0.0021762621516674867
Academic Articles,whichnow,1,12900,0.0010881310758337434
Academic Articles,addressedto,1,245,0.0010881310758337434
Academic Articles,conductuser,1,2241,0.0010881310758337434
Academic Articles,etc,1,3939,0.007616917530836203
Academic Articles,develop,1,2994,0.005792862111702408
Academic Articles,sectorspecific,1,10382,0.0010881310758337434
Academic Articles,eachthemadditionthe,1,3452,0.0010881310758337434
Academic Articles,roundtablethe,1,10190,0.0010881310758337434
Academic Articles,requiredthe,1,9921,0.0010881310758337434
Academic Articles,whicha,1,12891,0.0032643932275012296
Academic Articles,subgroupthe,1,11177,0.0010881310758337434
Academic Articles,entity,1,3815,0.005440655379168716
Academic Articles,munication,1,7563,0.0032643932275012296
Academic Articles,coordinationspace,1,2424,0.0010881310758337434
Academic Articles,andorka,1,644,0.0010881310758337434
Academic Articles,offeredbroad,1,8160,0.0010881310758337434
Academic Articles,overviewthespace,1,8467,0.0010881310758337434
Academic Articles,interestsspace,1,5959,0.0010881310758337434
Academic Articles,oppor,1,8301,0.0021762621516674867
Academic Articles,tunities,1,12103,0.0010881310758337434
Academic Articles,vital,1,12569,0.000827551730243201
Academic Articles,warfighters,1,12610,0.0010881310758337434
Academic Articles,forcedeveloping,1,4591,0.0010881310758337434
Academic Articles,toolkit,1,11977,0.0043525243033349734
Academic Articles,defense,1,2813,0.008705048606669947
Academic Articles,setd,1,10469,0.0043525243033349734
Academic Articles,andorkaal,1,645,0.0010881310758337434
Academic Articles,warfighter,1,12609,0.0010881310758337434
Academic Articles,goalthis,1,4994,0.0010881310758337434
Academic Articles,requireintegrated,1,9927,0.0010881310758337434
Academic Articles,applicationssupportthe,1,791,0.0010881310758337434
Academic Articles,forceestablishingnumberindepen,1,4593,0.0010881310758337434
Academic Articles,dent,1,2885,0.0010881310758337434
Academic Articles,sharing,1,10510,0.007616917530836203
Academic Articles,synchronizing,1,11443,0.0010881310758337434
Academic Articles,store,1,11036,0.0010881310758337434
Academic Articles,establishing,1,3917,0.0032643932275012296
Academic Articles,agenciesparticipatecapability,1,329,0.0010881310758337434
Academic Articles,mentsimportant,1,7172,0.0010881310758337434
Academic Articles,discussionthe,1,3143,0.0043525243033349734
Academic Articles,noaacommercial,1,7829,0.0010881310758337434
Academic Articles,pursued,1,9394,0.0010881310758337434
Academic Articles,academiafeed,1,61,0.0010881310758337434
Academic Articles,environmentuser,1,3834,0.0010881310758337434
Academic Articles,covered,1,2541,0.0032643932275012296
Academic Articles,hazel,1,5237,0.0010881310758337434
Academic Articles,bainresearch,1,1146,0.0010881310758337434
Academic Articles,scientistnoaas,1,10341,0.0010881310758337434
Academic Articles,universitycolorado,1,12256,0.010758172493161614
Academic Articles,michele,1,7231,0.0010881310758337434
Academic Articles,cashresearch,1,1720,0.0010881310758337434
Academic Articles,leadswpc,1,6498,0.0010881310758337434
Academic Articles,mark,1,6989,0.0021762621516674867
Academic Articles,olsonsenior,1,8199,0.0010881310758337434
Academic Articles,managerthe,1,6958,0.0010881310758337434
Academic Articles,michael,1,7230,0.000827551730243201
Academic Articles,stillsformer,1,11031,0.0010881310758337434
Academic Articles,directorflight,1,3098,0.0010881310758337434
Academic Articles,dispatchunited,1,3164,0.0010881310758337434
Academic Articles,airline,1,378,0.006528786455002459
Academic Articles,scott,1,10351,0.0021762621516674867
Academic Articles,leonard,1,6542,0.0043525243033349734
Academic Articles,directornoaas,1,3099,0.000827551730243201
Academic Articles,commerce,1,2085,0.0043525243033349734
Academic Articles,modelsother,1,7418,0.0010881310758337434
Academic Articles,neededsupply,1,7704,0.0010881310758337434
Academic Articles,highquality,1,5334,0.0021762621516674867
Academic Articles,howwe,1,5422,0.0032643932275012296
Academic Articles,educate,1,3519,0.0021762621516674867
Academic Articles,communitybe,1,2110,0.0010881310758337434
Academic Articles,abledemand,1,21,0.0010881310758337434
Academic Articles,usenovel,1,12391,0.0010881310758337434
Academic Articles,competence,1,2131,0.0010881310758337434
Academic Articles,gapsthe,1,4879,0.0032643932275012296
Academic Articles,focusedthe,1,4539,0.006528786455002459
Academic Articles,muchneeded,1,7532,0.0010881310758337434
Academic Articles,effortstransition,1,3597,0.0010881310758337434
Academic Articles,identifyingsubsetkey,1,5487,0.0010881310758337434
Academic Articles,commitmentimproving,1,2092,0.0010881310758337434
Academic Articles,willaccomplisheddeveloping,1,12944,0.0010881310758337434
Academic Articles,newupdated,1,7813,0.0010881310758337434
Academic Articles,capabilitiespartner,1,1660,0.0010881310758337434
Academic Articles,ship,1,10534,0.0021762621516674867
Academic Articles,enterprisesdescribedthe,1,3811,0.0010881310758337434
Academic Articles,academiesorgourworkspaceweatherroundtableplanning,1,65,0.0010881310758337434
Academic Articles,subsection,1,11189,0.0010881310758337434
Academic Articles,willimprovedan,1,12964,0.0010881310758337434
Academic Articles,efficient,1,3581,0.0043525243033349734
Academic Articles,transitioningcapabilities,1,12049,0.0010881310758337434
Academic Articles,researchoperationsengagementforecasters,1,9971,0.0010881310758337434
Academic Articles,operatorsevaluation,1,8292,0.0010881310758337434
Academic Articles,testing,1,11590,0.0032643932275012296
Academic Articles,feedback,1,4299,0.0010881310758337434
Academic Articles,andusing,1,707,0.0010881310758337434
Academic Articles,experimentsdetermine,1,4153,0.0010881310758337434
Academic Articles,efficiency,1,3576,0.0010881310758337434
Academic Articles,bain,1,1145,0.0021762621516674867
Academic Articles,thatimportant,1,11632,0.0010881310758337434
Academic Articles,componentimproving,1,2159,0.0010881310758337434
Academic Articles,modelsto,1,7431,0.0010881310758337434
Academic Articles,establish,1,3909,0.0010881310758337434
Academic Articles,communicate,1,2102,0.0021762621516674867
Academic Articles,baseline,1,1180,0.0043525243033349734
Academic Articles,benchmarking,1,1308,0.0010881310758337434
Academic Articles,communityassess,1,2109,0.0010881310758337434
Academic Articles,meritsnew,1,7184,0.0010881310758337434
Academic Articles,capabilitieswellenable,1,1663,0.0010881310758337434
Academic Articles,agenciesprioritize,1,330,0.0010881310758337434
Academic Articles,validationsolar,1,12465,0.0010881310758337434
Academic Articles,impactspatially,1,5551,0.0010881310758337434
Academic Articles,distributed,1,3190,0.00979317968250369
Academic Articles,dataan,1,2683,0.0021762621516674867
Academic Articles,modeladditiontransitioning,1,7365,0.0010881310758337434
Academic Articles,discussed,1,3125,0.00979317968250369
Academic Articles,needuse,1,7757,0.0010881310758337434
Academic Articles,observationsoperationsthe,1,8033,0.0010881310758337434
Academic Articles,relyincreasing,1,9836,0.0010881310758337434
Academic Articles,amountsresearch,1,492,0.0010881310758337434
Academic Articles,mustensured,1,7576,0.0010881310758337434
Academic Articles,researchfocused,1,9964,0.0010881310758337434
Academic Articles,thatusedan,1,11675,0.0010881310758337434
Academic Articles,inputoperational,1,5851,0.0010881310758337434
Academic Articles,hasguarantee,1,5181,0.0010881310758337434
Academic Articles,continuityits,1,2375,0.0010881310758337434
Academic Articles,cash,1,1719,0.0021762621516674867
Academic Articles,expandedbains,1,4073,0.0010881310758337434
Academic Articles,detailthe,1,2965,0.0010881310758337434
Academic Articles,researchtooperationsprocess,1,9981,0.0010881310758337434
Academic Articles,andwhatneededtransform,1,713,0.0010881310758337434
Academic Articles,reliable,1,9829,0.002482655190729603
Academic Articles,detailingformalapproach,1,2963,0.0010881310758337434
Academic Articles,describedseriesreadiness,1,2931,0.0010881310758337434
Academic Articles,rls,1,10129,0.0010881310758337434
Academic Articles,usedindicate,1,12355,0.0010881310758337434
Academic Articles,maturitya,1,7035,0.0010881310758337434
Academic Articles,processadvance,1,9164,0.0010881310758337434
Academic Articles,readiness,1,9572,0.0043525243033349734
Academic Articles,levelshigher,1,6577,0.0010881310758337434
Academic Articles,frameworkthe,1,4737,0.0010881310758337434
Academic Articles,hostednasas,1,5379,0.0010881310758337434
Academic Articles,testbedbeing,1,11588,0.0010881310758337434
Academic Articles,establishednoaas,1,3914,0.0010881310758337434
Academic Articles,funnel,1,4838,0.0010881310758337434
Academic Articles,processeswhich,1,9172,0.0010881310758337434
Academic Articles,advancesresearch,1,275,0.0010881310758337434
Academic Articles,arc,1,844,0.0032643932275012296
Academic Articles,coe,1,2013,0.0010881310758337434
Academic Articles,centerexcellence,1,1777,0.0010881310758337434
Academic Articles,researchoperationsoperationsresearchreadiness,1,9973,0.0010881310758337434
Academic Articles,michelle,1,7232,0.0010881310758337434
Academic Articles,roor,1,10172,0.0010881310758337434
Academic Articles,tstep,1,12097,0.0010881310758337434
Academic Articles,coeplanning,1,2015,0.0010881310758337434
Academic Articles,experimentsfacilitate,1,4155,0.0010881310758337434
Academic Articles,transitionresearch,1,12053,0.0010881310758337434
Academic Articles,conduct,1,2229,0.0010881310758337434
Academic Articles,experimentseptember,1,4154,0.0010881310758337434
Academic Articles,regulator,1,9777,0.0010881310758337434
Academic Articles,external,1,4204,0.0010881310758337434
Academic Articles,partnersexplore,1,8557,0.0010881310758337434
Academic Articles,experi,1,4139,0.0010881310758337434
Academic Articles,concept,1,2186,0.008705048606669947
Academic Articles,feedbackdevelopers,1,4301,0.0010881310758337434
Academic Articles,couldcomprehensively,1,2485,0.0010881310758337434
Academic Articles,rep,1,9874,0.0021762621516674867
Academic Articles,resentatives,1,9987,0.0021762621516674867
Academic Articles,perspectiveshow,1,8744,0.0010881310758337434
Academic Articles,informationused,1,5799,0.0010881310758337434
Academic Articles,typesinformation,1,12140,0.0010881310758337434
Academic Articles,resiliencythese,1,9995,0.0010881310758337434
Academic Articles,representative,1,9897,0.0021762621516674867
Academic Articles,engagement,1,3760,0.0032643932275012296
Academic Articles,olson,1,8198,0.0010881310758337434
Academic Articles,withbrief,1,13037,0.0021762621516674867
Academic Articles,descriptionthe,1,2937,0.0032643932275012296
Academic Articles,describ,1,2921,0.0010881310758337434
Academic Articles,tasksdeveloping,1,11523,0.0010881310758337434
Academic Articles,enforcing,1,3757,0.0010881310758337434
Academic Articles,electrical,1,3641,0.003310206920972804
Academic Articles,minimizing,1,7289,0.005440655379168716
Academic Articles,likelihoodgrid,1,6641,0.0010881310758337434
Academic Articles,failure,1,4243,0.013240827683891216
Academic Articles,blackoutsparticular,1,1366,0.0010881310758337434
Academic Articles,imple,1,5565,0.0010881310758337434
Academic Articles,mentedreduce,1,7162,0.0010881310758337434
Academic Articles,gmds,1,4979,0.0021762621516674867
Academic Articles,proceduresmitigate,1,9155,0.0010881310758337434
Academic Articles,gmd,1,4978,0.0021762621516674867
Academic Articles,planner,1,8846,0.0021762621516674867
Academic Articles,owner,1,8471,0.0021762621516674867
Academic Articles,systemmitigaterare,1,11462,0.0010881310758337434
Academic Articles,highintensity,1,5323,0.0010881310758337434
Academic Articles,probabilityoccurrence,1,9142,0.0010881310758337434
Academic Articles,onceyears,1,8205,0.0010881310758337434
Academic Articles,identifiednumberresearch,1,5482,0.0010881310758337434
Academic Articles,actionable,1,147,0.0021762621516674867
Academic Articles,granularitythe,1,5057,0.0010881310758337434
Academic Articles,levelgeomagnetic,1,6555,0.0010881310758337434
Academic Articles,characterizeda,1,1876,0.0010881310758337434
Academic Articles,gscale,1,5117,0.0021762621516674867
Academic Articles,coversbroad,1,2548,0.0010881310758337434
Academic Articles,rangedis,1,9504,0.0010881310758337434
Academic Articles,turbance,1,12105,0.0010881310758337434
Academic Articles,magnitude,1,6909,0.002482655190729603
Academic Articles,smallerstorms,1,10698,0.0010881310758337434
Academic Articles,whereas,1,12881,0.006528786455002459
Academic Articles,strongstorms,1,11130,0.0010881310758337434
Academic Articles,howeverthese,1,5411,0.0010881310758337434
Academic Articles,arerare,1,892,0.0010881310758337434
Academic Articles,needrelymore,1,7728,0.0010881310758337434
Academic Articles,determinationthe,1,2980,0.0021762621516674867
Academic Articles,geographic,1,4924,0.0010881310758337434
Academic Articles,extentthe,1,4203,0.0010881310758337434
Academic Articles,uncertainty,1,12181,0.027203276895843582
Academic Articles,estimate,1,3922,0.006620413841945608
Academic Articles,vulnerabilitiesthe,1,12584,0.0010881310758337434
Academic Articles,knowledgethe,1,6299,0.005440655379168716
Academic Articles,detailsthe,1,2964,0.0043525243033349734
Academic Articles,locationsevere,1,6753,0.0010881310758337434
Academic Articles,geoelectric,1,4923,0.005440655379168716
Academic Articles,property,1,9305,0.0032643932275012296
Academic Articles,temporal,1,11556,0.01632196613750615
Academic Articles,granularity,1,5056,0.0010881310758337434
Academic Articles,thestructurethe,1,11799,0.0010881310758337434
Academic Articles,conductivitywellfurther,1,2240,0.0010881310758337434
Academic Articles,researchget,1,9965,0.0010881310758337434
Academic Articles,esti,1,3921,0.0021762621516674867
Academic Articles,matesinduced,1,7022,0.0010881310758337434
Academic Articles,currentsregions,1,2630,0.0010881310758337434
Academic Articles,conductivity,1,2238,0.011969441834171174
Academic Articles,distribution,1,3192,0.008705048606669947
Academic Articles,initiateddata,1,5834,0.0010881310758337434
Academic Articles,collection,1,2040,0.0043525243033349734
Academic Articles,programsupport,1,9256,0.0010881310758337434
Academic Articles,gic,1,4947,0.0010881310758337434
Academic Articles,datainduced,1,2702,0.0010881310758337434
Academic Articles,variability,1,12483,0.00979317968250369
Academic Articles,collected,1,2035,0.0032643932275012296
Academic Articles,willmade,1,12968,0.000827551730243201
Academic Articles,throughpublic,1,11869,0.0010881310758337434
Academic Articles,portal,1,8936,0.0010881310758337434
Academic Articles,beginningmid,1,1271,0.0010881310758337434
Academic Articles,recognizes,1,9603,0.0021762621516674867
Academic Articles,fromstrong,1,4798,0.0010881310758337434
Academic Articles,industrial,1,5745,0.0021762621516674867
Academic Articles,stakeholder,1,10934,0.0021762621516674867
Academic Articles,facilitated,1,4226,0.0010881310758337434
Academic Articles,bothandprocesses,1,1402,0.0010881310758337434
Academic Articles,facilitatedregular,1,4227,0.0010881310758337434
Academic Articles,informationexchange,1,5783,0.0010881310758337434
Academic Articles,meeting,1,7146,0.0021762621516674867
Academic Articles,focuson,1,4548,0.0021762621516674867
Academic Articles,polar,1,8900,0.025654103637539234
Academic Articles,route,1,10191,0.001655103460486402
Academic Articles,whereand,1,12880,0.0010881310758337434
Academic Articles,carrier,1,1694,0.002482655190729603
Academic Articles,requiredmonitor,1,9917,0.0010881310758337434
Academic Articles,andhaveplan,1,602,0.0010881310758337434
Academic Articles,dos,1,3264,0.0032643932275012296
Academic Articles,flown,1,4466,0.0010881310758337434
Academic Articles,occasion,1,8104,0.0010881310758337434
Academic Articles,altered,1,451,0.0010881310758337434
Academic Articles,routesaltitudes,1,10192,0.0010881310758337434
Academic Articles,desiredirectly,1,2953,0.0010881310758337434
Academic Articles,relate,1,9783,0.0010881310758337434
Academic Articles,alongroutethe,1,428,0.0010881310758337434
Academic Articles,passenger,1,8580,0.0021762621516674867
Academic Articles,couldachievedcollecting,1,2478,0.0010881310758337434
Academic Articles,seelater,1,10394,0.0010881310758337434
Academic Articles,discussioncollection,1,3132,0.0010881310758337434
Academic Articles,modelssup,1,7426,0.0010881310758337434
Academic Articles,port,1,8935,0.0010881310758337434
Academic Articles,avoid,1,1110,0.0010881310758337434
Academic Articles,overreactionspace,1,8454,0.0010881310758337434
Academic Articles,warningsis,1,12618,0.0010881310758337434
Academic Articles,timeimportant,1,11907,0.0010881310758337434
Academic Articles,industryhour,1,5749,0.0010881310758337434
Academic Articles,allow,1,412,0.009103069032675212
Academic Articles,airlinesreschedule,1,379,0.0010881310758337434
Academic Articles,cargo,1,1687,0.0010881310758337434
Academic Articles,shorter,1,10548,0.0010881310758337434
Academic Articles,usefulthey,1,12383,0.0010881310758337434
Academic Articles,integrity,1,5919,0.0010881310758337434
Academic Articles,mayaffected,1,7048,0.0010881310758337434
Academic Articles,sincecarriers,1,10646,0.0010881310758337434
Academic Articles,requiredalways,1,9913,0.0010881310758337434
Academic Articles,maintain,1,6917,0.000827551730243201
Academic Articles,affected,1,299,0.0010881310758337434
Academic Articles,needget,1,7718,0.0010881310758337434
Academic Articles,hazardsa,1,5229,0.0010881310758337434
Academic Articles,timely,1,11911,0.0010881310758337434
Academic Articles,manner,1,6966,0.0010881310758337434
Academic Articles,stressed,1,11113,0.0021762621516674867
Academic Articles,educationan,1,3524,0.0010881310758337434
Academic Articles,elementimproving,1,3664,0.0010881310758337434
Academic Articles,responsespace,1,10017,0.0010881310758337434
Academic Articles,america,1,477,0.000827551730243201
Academic Articles,involvedproviding,1,6037,0.0010881310758337434
Academic Articles,educationvarious,1,3527,0.0010881310758337434
Academic Articles,effortsair,1,3590,0.0010881310758337434
Academic Articles,air,1,373,0.003310206920972804
Academic Articles,controller,1,2400,0.0010881310758337434
Academic Articles,serveestablish,1,10454,0.0010881310758337434
Academic Articles,common,1,2100,0.004965310381459206
Academic Articles,protocol,1,9325,0.0010881310758337434
Academic Articles,eventsadditionstandard,1,3976,0.0010881310758337434
Academic Articles,package,1,8478,0.0021762621516674867
Academic Articles,shoulddistributed,1,10558,0.0010881310758337434
Academic Articles,industryensure,1,5748,0.0010881310758337434
Academic Articles,proce,1,9154,0.0010881310758337434
Academic Articles,dures,1,3430,0.0010881310758337434
Academic Articles,followedall,1,4557,0.0010881310758337434
Academic Articles,openarchitecture,1,8258,0.0010881310758337434
Academic Articles,oadrprototype,1,8002,0.0010881310758337434
Academic Articles,forestablishednoaas,1,4647,0.0010881310758337434
Academic Articles,developedpartnership,1,2999,0.0010881310758337434
Academic Articles,academiaresponsespace,1,62,0.0010881310758337434
Academic Articles,directive,1,3092,0.0010881310758337434
Academic Articles,man,1,6951,0.0010881310758337434
Academic Articles,datebuildoperational,1,2723,0.0010881310758337434
Academic Articles,systemprovide,1,11466,0.0010881310758337434
Academic Articles,ssasubsetspace,1,10912,0.0010881310758337434
Academic Articles,avoidance,1,1111,0.005440655379168716
Academic Articles,managementsatelliteslow,1,6955,0.0010881310758337434
Academic Articles,willusedexpand,1,12996,0.0010881310758337434
Academic Articles,ssa,1,10911,0.0010881310758337434
Academic Articles,requirement,1,9930,0.010881310758337433
Academic Articles,experimentation,1,4150,0.0010881310758337434
Academic Articles,servea,1,10451,0.0010881310758337434
Academic Articles,architecturecloud,1,849,0.0010881310758337434
Academic Articles,scalableaccommodate,1,10285,0.0010881310758337434
Academic Articles,numbersatel,1,7980,0.0010881310758337434
Academic Articles,lites,1,6734,0.0021762621516674867
Academic Articles,launchedthe,1,6439,0.0010881310758337434
Academic Articles,modular,1,7460,0.0010881310758337434
Academic Articles,willadaptablesupport,1,12945,0.0010881310758337434
Academic Articles,measurementswellsatellite,1,7129,0.0010881310758337434
Academic Articles,informationpriorityto,1,5792,0.0010881310758337434
Academic Articles,promote,1,9283,0.0021762621516674867
Academic Articles,theand,1,11687,0.0010881310758337434
Academic Articles,overviewthe,1,8465,0.0021762621516674867
Academic Articles,dealt,1,2753,0.0010881310758337434
Academic Articles,diversitythe,1,3212,0.0010881310758337434
Academic Articles,france,1,4739,0.0010881310758337434
Academic Articles,bagenalthe,1,1144,0.0010881310758337434
Academic Articles,macarthur,1,6843,0.0010881310758337434
Academic Articles,jonesthe,1,6189,0.0010881310758337434
Academic Articles,edward,1,3529,0.0010881310758337434
Academic Articles,gonzaleznasas,1,5030,0.0010881310758337434
Academic Articles,whatthe,1,12866,0.0021762621516674867
Academic Articles,statethe,1,10987,0.01632196613750615
Academic Articles,demographic,1,2869,0.00979317968250369
Academic Articles,reason,1,9584,0.002482655190729603
Academic Articles,lackdiversitythe,1,6346,0.0010881310758337434
Academic Articles,geosciences,1,4932,0.0010881310758337434
Academic Articles,whenhavediverse,1,12872,0.0010881310758337434
Academic Articles,retainin,1,10046,0.0010881310758337434
Academic Articles,relatedequity,1,9785,0.0010881310758337434
Academic Articles,bagenal,1,1143,0.007616917530836203
Academic Articles,beganoffering,1,1263,0.0010881310758337434
Academic Articles,demographicsthe,1,2870,0.0010881310758337434
Academic Articles,sub,1,11168,0.0021762621516674867
Academic Articles,stantial,1,10949,0.0010881310758337434
Academic Articles,amountinformation,1,486,0.0010881310758337434
Academic Articles,compiledthe,1,2134,0.0010881310758337434
Academic Articles,statistical,1,10997,0.00979317968250369
Academic Articles,institutephysics,1,5883,0.0021762621516674867
Academic Articles,aip,1,371,0.0032643932275012296
Academic Articles,doneassociation,1,3255,0.0010881310758337434
Academic Articles,decadal,1,2759,0.00979317968250369
Academic Articles,astrophysics,1,1016,0.0032643932275012296
Academic Articles,conductedthe,1,2235,0.0021762621516674867
Academic Articles,email,1,3681,0.0010881310758337434
Academic Articles,union,1,12246,0.006620413841945608
Academic Articles,astronomical,1,1013,0.0021762621516674867
Academic Articles,moldwin,1,7465,0.0010881310758337434
Academic Articles,morrow,1,7493,0.0010881310758337434
Academic Articles,representationthe,1,9896,0.0032643932275012296
Academic Articles,broken,1,1456,0.0010881310758337434
Academic Articles,downfourthe,1,3275,0.0010881310758337434
Academic Articles,fran,1,4738,0.0010881310758337434
Academic Articles,boulder,1,1413,0.007616917530836203
Academic Articles,equity,1,3856,0.0021762621516674867
Academic Articles,inclusion,1,5667,0.0032643932275012296
Academic Articles,accessibilitythe,1,87,0.0021762621516674867
Academic Articles,leadershipcom,1,6472,0.0010881310758337434
Academic Articles,peted,1,8753,0.0010881310758337434
Academic Articles,woman,1,13140,0.0010881310758337434
Academic Articles,catchingnonwhite,1,1726,0.0010881310758337434
Academic Articles,racial,1,9466,0.0021762621516674867
Academic Articles,severely,1,10493,0.0032643932275012296
Academic Articles,represented,1,9899,0.0021762621516674867
Academic Articles,whylow,1,12928,0.0010881310758337434
Academic Articles,whyslow,1,12929,0.0010881310758337434
Academic Articles,dominant,1,3248,0.0021762621516674867
Academic Articles,situation,1,10661,0.006620413841945608
Academic Articles,shownall,1,10581,0.0010881310758337434
Academic Articles,disciplinesthat,1,3114,0.0010881310758337434
Academic Articles,workforcepredominantly,1,13153,0.0010881310758337434
Academic Articles,male,1,6949,0.0010881310758337434
Academic Articles,female,1,4306,0.0010881310758337434
Academic Articles,catchingbut,1,1725,0.0010881310758337434
Academic Articles,nonwhite,1,7869,0.0010881310758337434
Academic Articles,underrepresented,1,12207,0.005440655379168716
Academic Articles,undergraduate,1,12199,0.005440655379168716
Academic Articles,educationa,1,3522,0.0010881310758337434
Academic Articles,barriercareersstem,1,1162,0.0010881310758337434
Academic Articles,saidhas,1,10225,0.0010881310758337434
Academic Articles,known,1,6302,0.004137758651216006
Academic Articles,decade,1,2760,0.004137758651216006
Academic Articles,thatlarge,1,11641,0.0010881310758337434
Academic Articles,numberstudents,1,7987,0.0010881310758337434
Academic Articles,taking,1,11502,0.003310206920972804
Academic Articles,math,1,7023,0.0021762621516674867
Academic Articles,physicsa,1,8801,0.0021762621516674867
Academic Articles,drop,1,3329,0.0010881310758337434
Academic Articles,percentall,1,8629,0.0010881310758337434
Academic Articles,persistinggraduation,1,8733,0.0010881310758337434
Academic Articles,thisparticularly,1,11830,0.0010881310758337434
Academic Articles,prevalent,1,9104,0.0010881310758337434
Academic Articles,population,1,8930,0.006528786455002459
Academic Articles,bradforthal,1,1423,0.0010881310758337434
Academic Articles,seymour,1,10494,0.0010881310758337434
Academic Articles,hunter,1,5447,0.0010881310758337434
Academic Articles,firstyear,1,4397,0.0010881310758337434
Academic Articles,retaining,1,10047,0.0010881310758337434
Academic Articles,studentsthe,1,11156,0.0010881310758337434
Academic Articles,sciencesthe,1,10333,0.000827551730243201
Academic Articles,topicdoctoral,1,11984,0.0010881310758337434
Academic Articles,degreesphysics,1,2845,0.0010881310758337434
Academic Articles,numberlatinohispanic,1,7974,0.0010881310758337434
Academic Articles,african,1,309,0.0032643932275012296
Academic Articles,phdstiny,1,8778,0.0010881310758337434
Academic Articles,numbersus,1,7989,0.0010881310758337434
Academic Articles,nonus,1,7868,0.0010881310758337434
Academic Articles,phd,1,8777,0.0010881310758337434
Academic Articles,equal,1,3840,0.0010881310758337434
Academic Articles,eventhe,1,3970,0.000827551730243201
Academic Articles,talent,1,11506,0.0010881310758337434
Academic Articles,poollarge,1,8926,0.0010881310758337434
Academic Articles,attractiveus,1,1051,0.0010881310758337434
Academic Articles,questioned,1,9437,0.0021762621516674867
Academic Articles,strategyso,1,11091,0.0010881310758337434
Academic Articles,strongly,1,11128,0.0010881310758337434
Academic Articles,relyingforeign,1,9837,0.0010881310758337434
Academic Articles,studentsprovide,1,11155,0.0010881310758337434
Academic Articles,withhighly,1,13066,0.0010881310758337434
Academic Articles,educated,1,3520,0.0010881310758337434
Academic Articles,urged,1,12328,0.0010881310758337434
Academic Articles,statesimprove,1,10981,0.0010881310758337434
Academic Articles,domestic,1,3247,0.0010881310758337434
Academic Articles,pipelineprepare,1,8824,0.0010881310758337434
Academic Articles,decreasethe,1,2803,0.0010881310758337434
Academic Articles,numberforeign,1,7972,0.0010881310758337434
Academic Articles,student,1,11152,0.008705048606669947
Academic Articles,comingthe,1,2078,0.0010881310758337434
Academic Articles,statessimilar,1,10985,0.0010881310758337434
Academic Articles,situationseensurveysthe,1,10665,0.0010881310758337434
Academic Articles,submitting,1,11187,0.0021762621516674867
Academic Articles,proposalsnasa,1,9309,0.0010881310758337434
Academic Articles,online,1,8229,0.0021762621516674867
Academic Articles,personal,1,8739,0.0010881310758337434
Academic Articles,profile,1,9238,0.00979317968250369
Academic Articles,solicitedthe,1,10734,0.0010881310758337434
Academic Articles,timeproposal,1,11913,0.0010881310758337434
Academic Articles,submission,1,11184,0.0010881310758337434
Academic Articles,barbier,1,1158,0.0010881310758337434
Academic Articles,wilson,1,12997,0.0010881310758337434
Academic Articles,somewhat,1,10751,0.0010881310758337434
Academic Articles,sharewomen,1,10509,0.0010881310758337434
Academic Articles,proposalspercent,1,9310,0.0010881310758337434
Academic Articles,latinohispanic,1,6424,0.0021762621516674867
Academic Articles,similar,1,10618,0.002482655190729603
Academic Articles,recommendationexpand,1,9606,0.0010881310758337434
Academic Articles,datais,1,2704,0.000827551730243201
Academic Articles,includepanelthe,1,5654,0.0010881310758337434
Academic Articles,profession,1,9233,0.0021762621516674867
Academic Articles,evaluat,1,3945,0.0010881310758337434
Academic Articles,actingdemographic,1,145,0.0010881310758337434
Academic Articles,oneits,1,8215,0.0010881310758337434
Academic Articles,physicist,1,8797,0.003310206920972804
Academic Articles,shoulduseda,1,10574,0.0010881310758337434
Academic Articles,employing,1,3714,0.0021762621516674867
Academic Articles,aipconductdemographics,1,372,0.0010881310758337434
Academic Articles,proposal,1,9308,0.0032643932275012296
Academic Articles,submittednasa,1,11185,0.0010881310758337434
Academic Articles,needimprove,1,7720,0.000827551730243201
Academic Articles,shouldcombined,1,10557,0.0021762621516674867
Academic Articles,jones,1,6187,0.0021762621516674867
Academic Articles,pointed,1,8885,0.013057572910004919
Academic Articles,thatis,1,11636,0.008705048606669947
Academic Articles,thereconsistency,1,11765,0.0010881310758337434
Academic Articles,collectedvari,1,2038,0.0010881310758337434
Academic Articles,ous,1,8390,0.0021762621516674867
Academic Articles,collectedthe,1,2037,0.0010881310758337434
Academic Articles,compiled,1,2132,0.0010881310758337434
Academic Articles,career,1,1684,0.0032643932275012296
Academic Articles,graduate,1,5049,0.0032643932275012296
Academic Articles,earlycareer,1,3462,0.0010881310758337434
Academic Articles,midcareer,1,7238,0.0010881310758337434
Academic Articles,seniorcareer,1,10421,0.0010881310758337434
Academic Articles,focused,1,4526,0.0043525243033349734
Academic Articles,solelyone,1,10733,0.0010881310758337434
Academic Articles,grouppostdoctoral,1,5098,0.0010881310758337434
Academic Articles,applestoapples,1,775,0.0010881310758337434
Academic Articles,comparison,1,2128,0.0032643932275012296
Academic Articles,difficult,1,3057,0.0021762621516674867
Academic Articles,spoke,1,10885,0.014145703985838663
Academic Articles,soar,1,10712,0.0021762621516674867
Academic Articles,graduatetograduate,1,5051,0.0010881310758337434
Academic Articles,bridge,1,1436,0.003310206920972804
Academic Articles,strivesget,1,11119,0.0010881310758337434
Academic Articles,historically,1,5346,0.0032643932275012296
Academic Articles,involvedgeosciences,1,6036,0.0010881310758337434
Academic Articles,centeredthe,1,1776,0.0010881310758337434
Academic Articles,lackdiversity,1,6345,0.0010881310758337434
Academic Articles,lackawarenesscareer,1,6338,0.0010881310758337434
Academic Articles,lackmathematics,1,6353,0.0010881310758337434
Academic Articles,preparationunderserved,1,9068,0.0010881310758337434
Academic Articles,school,1,10317,0.0032643932275012296
Academic Articles,feelingsisolation,1,4304,0.0010881310758337434
Academic Articles,stereotype,1,11023,0.0010881310758337434
Academic Articles,threat,1,11848,0.001655103460486402
Academic Articles,imposter,1,5610,0.0010881310758337434
Academic Articles,syndrome,1,11445,0.0010881310758337434
Academic Articles,implicit,1,5572,0.0010881310758337434
Academic Articles,bias,1,1337,0.0032643932275012296
Academic Articles,thoserecommendation,1,11840,0.0010881310758337434
Academic Articles,letter,1,6551,0.0021762621516674867
Academic Articles,lackrepresentation,1,6359,0.0010881310758337434
Academic Articles,andsensebelonging,1,679,0.0010881310758337434
Academic Articles,accumulationmany,1,119,0.0010881310758337434
Academic Articles,disadvantage,1,3103,0.0010881310758337434
Academic Articles,systemic,1,11459,0.0032643932275012296
Academic Articles,racism,1,9467,0.0010881310758337434
Academic Articles,applicantsthe,1,780,0.0010881310758337434
Academic Articles,reflect,1,9653,0.0021762621516674867
Academic Articles,canresponsible,1,1625,0.0010881310758337434
Academic Articles,participation,1,8529,0.0021762621516674867
Academic Articles,ratethe,1,9529,0.001655103460486402
Academic Articles,applicant,1,779,0.0032643932275012296
Academic Articles,aligned,1,401,0.0010881310758337434
Academic Articles,traditional,1,12019,0.0043525243033349734
Academic Articles,degreesthey,1,2846,0.0010881310758337434
Academic Articles,changesinterruptions,1,1860,0.0010881310758337434
Academic Articles,pathway,1,8591,0.0021762621516674867
Academic Articles,gpa,1,5040,0.0010881310758337434
Academic Articles,especiallytheir,1,3900,0.0010881310758337434
Academic Articles,yearcollege,1,13235,0.0010881310758337434
Academic Articles,variableand,1,12489,0.0010881310758337434
Academic Articles,perhaps,1,8646,0.0021762621516674867
Academic Articles,biasedlettersrecommendation,1,1338,0.0010881310758337434
Academic Articles,ibid,1,5457,0.0010881310758337434
Academic Articles,nasem,1,7606,0.0032643932275012296
Academic Articles,somethese,1,10747,0.0010881310758337434
Academic Articles,mightworking,1,7264,0.0010881310758337434
Academic Articles,whileschoolsupport,1,12917,0.0010881310758337434
Academic Articles,themselvestheir,1,11742,0.000827551730243201
Academic Articles,family,1,4261,0.0010881310758337434
Academic Articles,asking,1,956,0.0021762621516674867
Academic Articles,mentorsunderstand,1,7170,0.0010881310758337434
Academic Articles,potentialwellto,1,8995,0.0010881310758337434
Academic Articles,target,1,11516,0.0010881310758337434
Academic Articles,actionsaddress,1,151,0.0010881310758337434
Academic Articles,underrepresentation,1,12206,0.0021762621516674867
Academic Articles,recruitment,1,9626,0.0010881310758337434
Academic Articles,baseminorityserving,1,1182,0.0010881310758337434
Academic Articles,institution,1,5888,0.0010881310758337434
Academic Articles,tribal,1,12078,0.0010881310758337434
Academic Articles,college,1,2046,0.006528786455002459
Academic Articles,conferencesalso,1,2243,0.0010881310758337434
Academic Articles,keymitigating,1,6246,0.0010881310758337434
Academic Articles,furthermoreis,1,4842,0.0032643932275012296
Academic Articles,importantencouragewider,1,5596,0.0010881310758337434
Academic Articles,populationtake,1,8933,0.0010881310758337434
Academic Articles,diversify,1,3208,0.0010881310758337434
Academic Articles,workforceall,1,13150,0.0010881310758337434
Academic Articles,path,1,8587,0.004965310381459206
Academic Articles,retentiona,1,10049,0.0010881310758337434
Academic Articles,job,1,6181,0.0010881310758337434
Academic Articles,employee,1,3713,0.0043525243033349734
Academic Articles,desireinclusive,1,2954,0.0010881310758337434
Academic Articles,culture,1,2610,0.0010881310758337434
Academic Articles,haveneed,1,5210,0.0010881310758337434
Academic Articles,forsensebelonging,1,4698,0.0010881310758337434
Academic Articles,createdseeing,1,2560,0.0010881310758337434
Academic Articles,organiza,1,8355,0.0010881310758337434
Academic Articles,wantfeel,1,12600,0.0010881310758337434
Academic Articles,listenedand,1,6725,0.0010881310758337434
Academic Articles,wanthave,1,12601,0.0010881310758337434
Academic Articles,affinity,1,303,0.0010881310758337434
Academic Articles,mentoring,1,7167,0.0010881310758337434
Academic Articles,availablethem,1,1102,0.0010881310758337434
Academic Articles,serveforumsraise,1,10455,0.0010881310758337434
Academic Articles,importanteveryoneexampleseffective,1,5597,0.0010881310758337434
Academic Articles,retention,1,10048,0.0010881310758337434
Academic Articles,gonzalez,1,5029,0.0021762621516674867
Academic Articles,mentioned,1,7163,0.007616917530836203
Academic Articles,affin,1,302,0.0010881310758337434
Academic Articles,ity,1,6138,0.0010881310758337434
Academic Articles,groupsnasa,1,5102,0.0010881310758337434
Academic Articles,native,1,7611,0.0010881310758337434
Academic Articles,membersthe,1,7155,0.0021762621516674867
Academic Articles,lgbtq,1,6604,0.0010881310758337434
Academic Articles,asian,1,947,0.0010881310758337434
Academic Articles,veteran,1,12527,0.0010881310758337434
Academic Articles,andforth,1,591,0.000827551730243201
Academic Articles,championsthe,1,1834,0.0010881310758337434
Academic Articles,leadership,1,6471,0.0010881310758337434
Academic Articles,attend,1,1045,0.0010881310758337434
Academic Articles,meet,1,7145,0.0021762621516674867
Academic Articles,ings,1,5823,0.0010881310758337434
Academic Articles,hear,1,5243,0.000827551730243201
Academic Articles,actthem,1,211,0.0010881310758337434
Academic Articles,mentorships,1,7169,0.0010881310758337434
Academic Articles,apprenticeship,1,807,0.0021762621516674867
Academic Articles,meansstrengthen,1,7093,0.0010881310758337434
Academic Articles,offersgood,1,8170,0.0010881310758337434
Academic Articles,exampleproviding,1,4037,0.0043525243033349734
Academic Articles,mentoringmultiple,1,7168,0.0010881310758337434
Academic Articles,organi,1,8354,0.0010881310758337434
Academic Articles,zation,1,13255,0.0010881310758337434
Academic Articles,hasmentoring,1,5184,0.0010881310758337434
Academic Articles,called,1,1551,0.002482655190729603
Academic Articles,approachwhat,1,830,0.0010881310758337434
Academic Articles,mightcalled,1,7258,0.0010881310758337434
Academic Articles,multiyear,1,7562,0.0010881310758337434
Academic Articles,shipstaking,1,10537,0.0010881310758337434
Academic Articles,andorkajm,1,646,0.0010881310758337434
Academic Articles,cox,1,2551,0.0010881310758337434
Academic Articles,andfraizer,1,592,0.0010881310758337434
Academic Articles,sda,1,10355,0.0021762621516674867
Academic Articles,attribution,1,1055,0.0010881310758337434
Academic Articles,spectrum,1,10856,0.0010881310758337434
Academic Articles,streamlinedadvanced,1,11101,0.0010881310758337434
Academic Articles,maui,1,7036,0.0010881310758337434
Academic Articles,optical,1,8314,0.007616917530836203
Academic Articles,surveillance,1,11400,0.0010881310758337434
Academic Articles,conference,1,2242,0.000827551730243201
Academic Articles,amos,1,481,0.0010881310758337434
Academic Articles,barbierandwilson,1,1159,0.0010881310758337434
Academic Articles,presentationthe,1,9083,0.0043525243033349734
Academic Articles,committeeincreasing,1,2096,0.0010881310758337434
Academic Articles,inclusionthe,1,5669,0.0021762621516674867
Academic Articles,leadershipcompeted,1,6473,0.0021762621516674867
Academic Articles,washingtonnational,1,12642,0.0010881310758337434
Academic Articles,missionsmeeting,1,7328,0.0010881310758337434
Academic Articles,bradforthe,1,1424,0.0010881310758337434
Academic Articles,millerdichtelleibovichfeigmartinbjorkmanschultz,1,7276,0.0010881310758337434
Academic Articles,andsmith,1,684,0.0010881310758337434
Academic Articles,education,1,3521,0.0043525243033349734
Academic Articles,nature,1,7613,0.0043525243033349734
Academic Articles,weathoperations,1,12795,0.0010881310758337434
Academic Articles,moldwinandmorrow,1,7466,0.0010881310758337434
Academic Articles,study,1,11161,0.009103069032675212
Academic Articles,ann,1,726,0.0010881310758337434
Academic Articles,arbor,1,843,0.0010881310758337434
Academic Articles,nasareportnasas,1,7604,0.0021762621516674867
Academic Articles,programreportnasas,1,9248,0.0010881310758337434
Academic Articles,compiledapl,1,2133,0.0010881310758337434
Academic Articles,septemberapril,1,10442,0.0010881310758337434
Academic Articles,sciencepinksfspublicatomsfilesgapanalysisreportfullfinalpdf,1,10331,0.0010881310758337434
Academic Articles,andsearch,1,677,0.0010881310758337434
Academic Articles,announces,1,728,0.0010881310758337434
Academic Articles,appointeesnew,1,805,0.0010881310758337434
Academic Articles,news,1,7812,0.000827551730243201
Academic Articles,doctorate,1,3232,0.0010881310758337434
Academic Articles,recipient,1,9601,0.0010881310758337434
Academic Articles,fromuniversities,1,4808,0.0010881310758337434
Academic Articles,alexandrianational,1,398,0.0010881310758337434
Academic Articles,statistic,1,10996,0.0032643932275012296
Academic Articles,seymourandhunter,1,10495,0.0010881310758337434
Academic Articles,talking,1,11510,0.000827551730243201
Academic Articles,leaving,1,6522,0.0010881310758337434
Academic Articles,revisited,1,10087,0.0010881310758337434
Academic Articles,persistence,1,8728,0.0010881310758337434
Academic Articles,relocation,1,9834,0.0010881310758337434
Academic Articles,lossundergraduate,1,6799,0.0010881310758337434
Academic Articles,cham,1,1832,0.0010881310758337434
Academic Articles,switzerland,1,11428,0.0010881310758337434
Academic Articles,springer,1,10906,0.0010881310758337434
Academic Articles,weissws,1,12810,0.0010881310758337434
Academic Articles,schreinerbraunxiaserafino,1,10319,0.0010881310758337434
Academic Articles,andhuang,1,607,0.0010881310758337434
Academic Articles,summarythree,1,11302,0.0010881310758337434
Academic Articles,yearsorbit,1,13237,0.0010881310758337434
Academic Articles,heliospherelarge,1,5271,0.0010881310758337434
Academic Articles,sharethe,1,10508,0.0010881310758337434
Academic Articles,devotedthe,1,3040,0.006528786455002459
Academic Articles,aspectsspace,1,962,0.0021762621516674867
Academic Articles,thermospheremesosphere,1,11788,0.0021762621516674867
Academic Articles,itm,1,6127,0.013057572910004919
Academic Articles,andto,1,705,0.000827551730243201
Academic Articles,effectsspace,1,3567,0.001655103460486402
Academic Articles,addressed,1,239,0.02067449044084112
Academic Articles,partsthe,1,8567,0.005440655379168716
Academic Articles,devotedresearch,1,3039,0.0032643932275012296
Academic Articles,relatedthe,1,9796,0.006528786455002459
Academic Articles,missionthe,1,7334,0.0010881310758337434
Academic Articles,hsoevaluatedthat,1,5431,0.0010881310758337434
Academic Articles,researchdoneanhoc,1,9960,0.0010881310758337434
Academic Articles,basisall,1,1186,0.0010881310758337434
Academic Articles,areasspace,1,878,0.0032643932275012296
Academic Articles,systemsystemsimportant,1,11480,0.0010881310758337434
Academic Articles,corona,1,2435,0.019033689795593625
Academic Articles,evolutionglobal,1,4009,0.0010881310758337434
Academic Articles,monitoringthe,1,7479,0.004965310381459206
Academic Articles,fieldorderunderstand,1,4349,0.0010881310758337434
Academic Articles,validate,1,12458,0.0032643932275012296
Academic Articles,modelscoronal,1,7407,0.0010881310758337434
Academic Articles,ejectionsis,1,3626,0.0010881310758337434
Academic Articles,propagationthree,1,9299,0.0010881310758337434
Academic Articles,nearsun,1,7650,0.0010881310758337434
Academic Articles,stateimportant,1,10973,0.0010881310758337434
Academic Articles,intercalibrationthe,1,5949,0.0043525243033349734
Academic Articles,incorporating,1,5676,0.005440655379168716
Academic Articles,crucial,1,2600,0.006528786455002459
Academic Articles,elementsforming,1,3665,0.0010881310758337434
Academic Articles,vantage,1,12482,0.005792862111702408
Academic Articles,pointsplanning,1,8895,0.0010881310758337434
Academic Articles,nasanoaansf,1,7603,0.0010881310758337434
Academic Articles,tooperationsand,1,11979,0.0010881310758337434
Academic Articles,operationstoresearchprograms,1,8285,0.0010881310758337434
Academic Articles,non,1,7852,0.0032643932275012296
Academic Articles,summarize,1,11289,0.0021762621516674867
Academic Articles,discussionsthose,1,3142,0.0021762621516674867
Academic Articles,topic,1,11982,0.018498228289173635
Academic Articles,herechapter,1,5288,0.0010881310758337434
Academic Articles,focusesthe,1,4544,0.0010881310758337434
Academic Articles,meso,1,7188,0.0021762621516674867
Academic Articles,focuschapterthe,1,4522,0.0010881310758337434
Academic Articles,needsunderstand,1,7746,0.0010881310758337434
Academic Articles,weathersummarizing,1,12787,0.0010881310758337434
Academic Articles,presentationsthe,1,9082,0.0021762621516674867
Academic Articles,varying,1,12506,0.003310206920972804
Academic Articles,usedthis,1,12373,0.0010881310758337434
Academic Articles,chapterssome,1,1870,0.0010881310758337434
Academic Articles,summarydonea,1,11296,0.0010881310758337434
Academic Articles,saidturnother,1,10233,0.0021762621516674867
Academic Articles,caseswhich,1,1716,0.0010881310758337434
Academic Articles,overlap,1,8450,0.0043525243033349734
Academic Articles,presenta,1,9077,0.0010881310758337434
Academic Articles,becamegroup,1,1200,0.0021762621516674867
Academic Articles,summarymorea,1,11299,0.0021762621516674867
Academic Articles,synthesis,1,11448,0.0021762621516674867
Academic Articles,onlyfew,1,8236,0.0021762621516674867
Academic Articles,attributedindividual,1,1052,0.0021762621516674867
Academic Articles,issueresearch,1,6112,0.0010881310758337434
Academic Articles,mainly,1,6916,0.0021762621516674867
Academic Articles,relat,1,9782,0.0010881310758337434
Academic Articles,ingthe,1,5824,0.0043525243033349734
Academic Articles,heliospherepanelpresenters,1,5273,0.0010881310758337434
Academic Articles,andsecond,1,678,0.0021762621516674867
Academic Articles,tookthe,1,11975,0.0010881310758337434
Academic Articles,topicmodel,1,11988,0.0010881310758337434
Academic Articles,drew,1,3306,0.0032643932275012296
Academic Articles,turnerthe,1,12113,0.0010881310758337434
Academic Articles,laboratoryjohns,1,6330,0.006528786455002459
Academic Articles,judy,1,6196,0.0010881310758337434
Academic Articles,karpennasas,1,6219,0.0010881310758337434
Academic Articles,centerlugazthe,1,1783,0.0010881310758337434
Academic Articles,kathryn,1,6223,0.0010881310758337434
Academic Articles,whitmannasas,1,12922,0.0010881310758337434
Academic Articles,johnson,1,6184,0.003310206920972804
Academic Articles,whatwe,1,12868,0.006528786455002459
Academic Articles,needunderstandenable,1,7755,0.0032643932275012296
Academic Articles,predictive,1,9052,0.017410097213339894
Academic Articles,capabilitythe,1,1668,0.0043525243033349734
Academic Articles,shown,1,10580,0.007616917530836203
Academic Articles,needsmake,1,7737,0.0010881310758337434
Academic Articles,progressthat,1,9267,0.005440655379168716
Academic Articles,turner,1,12112,0.011969441834171174
Academic Articles,karpen,1,6218,0.0032643932275012296
Academic Articles,askeddiscuss,1,953,0.0010881310758337434
Academic Articles,statespace,1,10983,0.0010881310758337434
Academic Articles,adequacyand,1,250,0.0010881310758337434
Academic Articles,gapsexisting,1,4875,0.0010881310758337434
Academic Articles,programsthe,1,9255,0.0021762621516674867
Academic Articles,lugaz,1,6838,0.0043525243033349734
Academic Articles,whitman,1,12921,0.007616917530836203
Academic Articles,needunderstandpredict,1,7756,0.0021762621516674867
Academic Articles,icmes,1,5465,0.005440655379168716
Academic Articles,stealth,1,11008,0.0021762621516674867
Academic Articles,imfand,1,5530,0.0010881310758337434
Academic Articles,talk,1,11508,0.002482655190729603
Academic Articles,findingsa,1,4380,0.000827551730243201
Academic Articles,explicit,1,4165,0.0010881310758337434
Academic Articles,specified,1,10849,0.0010881310758337434
Academic Articles,onlyconsideredthe,1,8232,0.0010881310758337434
Academic Articles,contextimproved,1,2335,0.0010881310758337434
Academic Articles,sciencespace,1,10332,0.0021762621516674867
Academic Articles,defined,1,2817,0.0010881310758337434
Academic Articles,weatherthe,1,12790,0.0032643932275012296
Academic Articles,environmentan,1,3824,0.0021762621516674867
Academic Articles,posedhumans,1,8943,0.0010881310758337434
Academic Articles,mitigationoperational,1,7340,0.0010881310758337434
Academic Articles,span,1,10821,0.003310206920972804
Academic Articles,engineeringwellresearchtooperationsoperationstoresearch,1,3767,0.0010881310758337434
Academic Articles,activitiesplanning,1,164,0.0010881310758337434
Academic Articles,break,1,1428,0.0010881310758337434
Academic Articles,pathssatellites,1,8589,0.0010881310758337434
Academic Articles,infrastructurethe,1,5817,0.0010881310758337434
Academic Articles,characterized,1,1875,0.0010881310758337434
Academic Articles,accordingtheir,1,111,0.0010881310758337434
Academic Articles,likelihood,1,6640,0.0021762621516674867
Academic Articles,consequence,1,2270,0.002482655190729603
Academic Articles,andthen,1,700,0.0010881310758337434
Academic Articles,factor,1,4235,0.004965310381459206
Academic Articles,suchscientific,1,11248,0.0010881310758337434
Academic Articles,meritprioritize,1,7183,0.0010881310758337434
Academic Articles,prioritiesthe,1,9122,0.0010881310758337434
Academic Articles,observables,1,8014,0.0043525243033349734
Academic Articles,windperigeospace,1,13015,0.0010881310758337434
Academic Articles,andand,1,531,0.0032643932275012296
Academic Articles,cislunar,1,1916,0.0021762621516674867
Academic Articles,meo,1,7178,0.0021762621516674867
Academic Articles,importanceground,1,5579,0.0010881310758337434
Academic Articles,reminded,1,9867,0.0010881310758337434
Academic Articles,audience,1,1056,0.0021762621516674867
Academic Articles,taskedassess,1,11522,0.0010881310758337434
Academic Articles,highestpriority,1,5319,0.0010881310758337434
Academic Articles,couldaddressed,1,2479,0.0010881310758337434
Academic Articles,withnearfuture,1,13093,0.0010881310758337434
Academic Articles,systemofsystems,1,11463,0.0010881310758337434
Academic Articles,combiningnetworkstateoftheart,1,2070,0.0010881310758337434
Academic Articles,neededfill,1,7693,0.0010881310758337434
Academic Articles,examplecomplementmonitors,1,4029,0.0010881310758337434
Academic Articles,dedicatedandmonitors,1,2808,0.0021762621516674867
Academic Articles,trailingmonitors,1,12024,0.0010881310758337434
Academic Articles,coveragesolar,1,2538,0.0010881310758337434
Academic Articles,monitorslagrange,1,7481,0.0010881310758337434
Academic Articles,aidsep,1,360,0.0010881310758337434
Academic Articles,monitoringmonitors,1,7476,0.0010881310758337434
Academic Articles,upstream,1,12316,0.0021762621516674867
Academic Articles,sentinel,1,10436,0.0010881310758337434
Academic Articles,fieldsgrids,1,4356,0.0010881310758337434
Academic Articles,insitu,1,5862,0.0021762621516674867
Academic Articles,sepsl,1,10441,0.0010881310758337434
Academic Articles,andadvanced,1,529,0.0010881310758337434
Academic Articles,parker,1,8516,0.005440655379168716
Academic Articles,spirall,1,10883,0.0010881310758337434
Academic Articles,remote,1,9869,0.013057572910004919
Academic Articles,sensing,1,10426,0.00979317968250369
Academic Articles,coronagraphs,1,2439,0.007616917530836203
Academic Articles,withll,1,13083,0.0010881310758337434
Academic Articles,andstereoscopic,1,689,0.0010881310758337434
Academic Articles,structurescmes,1,11141,0.0021762621516674867
Academic Articles,spiral,1,10882,0.0032643932275012296
Academic Articles,monitoringwandstereoscopic,1,7480,0.0010881310758337434
Academic Articles,leadingmonitors,1,6480,0.0010881310758337434
Academic Articles,usefulmonitor,1,12381,0.0010881310758337434
Academic Articles,backsidethe,1,1136,0.0021762621516674867
Academic Articles,sunobservations,1,11344,0.0010881310758337434
Academic Articles,offernumberdistinct,1,8167,0.0010881310758337434
Academic Articles,advantage,1,281,0.0010881310758337434
Academic Articles,longerterm,1,6766,0.0010881310758337434
Academic Articles,chal,1,1808,0.0032643932275012296
Academic Articles,lengedcomplicated,1,6535,0.0010881310758337434
Academic Articles,boundary,1,1418,0.015233835061672406
Academic Articles,astronaut,1,1005,0.000827551730243201
Academic Articles,safetyadditionthe,1,10213,0.0010881310758337434
Academic Articles,abovesaid,1,45,0.0010881310758337434
Academic Articles,neededorderimprove,1,7696,0.0010881310758337434
Academic Articles,decadeis,1,2761,0.0010881310758337434
Academic Articles,shellthe,1,10523,0.0010881310758337434
Academic Articles,host,1,5377,0.000827551730243201
Academic Articles,alsousedprovide,1,448,0.0010881310758337434
Academic Articles,knowledgethis,1,6301,0.0010881310758337434
Academic Articles,filling,1,4370,0.0010881310758337434
Academic Articles,requiresystems,1,9948,0.0010881310758337434
Academic Articles,creating,1,2565,0.001655103460486402
Academic Articles,suchsystem,1,11254,0.0021762621516674867
Academic Articles,requirelongterm,1,9929,0.0010881310758337434
Academic Articles,agen,1,326,0.0010881310758337434
Academic Articles,cieswelldedicated,1,1908,0.0010881310758337434
Academic Articles,caninvaluableproviding,1,1601,0.0010881310758337434
Academic Articles,respectmodel,1,10009,0.0010881310758337434
Academic Articles,performancethe,1,8640,0.0021762621516674867
Academic Articles,lll,1,6740,0.0010881310758337434
Academic Articles,observationssolar,1,8038,0.0021762621516674867
Academic Articles,investment,1,6024,0.0043525243033349734
Academic Articles,transport,1,12060,0.008705048606669947
Academic Articles,helioseismol,1,5265,0.0010881310758337434
Academic Articles,provideddata,1,9340,0.0010881310758337434
Academic Articles,canusedfillthe,1,1644,0.0010881310758337434
Academic Articles,thatimprove,1,11633,0.0010881310758337434
Academic Articles,predictionswillnecessarybetter,1,9049,0.0010881310758337434
Academic Articles,phenomenathe,1,8783,0.0021762621516674867
Academic Articles,turbulence,1,12106,0.0043525243033349734
Academic Articles,nonlinear,1,7861,0.005440655379168716
Academic Articles,responsethe,1,10018,0.0021762621516674867
Academic Articles,conductance,1,2231,0.0043525243033349734
Academic Articles,outflow,1,8405,0.005440655379168716
Academic Articles,needfigure,1,7716,0.0010881310758337434
Academic Articles,howcouple,1,5399,0.0010881310758337434
Academic Articles,transitionsmagnetic,1,12054,0.0010881310758337434
Academic Articles,fieldplasmadriven,1,4350,0.0010881310758337434
Academic Articles,subsuperalfvnic,1,11201,0.0010881310758337434
Academic Articles,collisionalcollisionless,1,2050,0.0010881310758337434
Academic Articles,advantagenumerical,1,284,0.0010881310758337434
Academic Articles,weatherdriven,1,12760,0.0010881310758337434
Academic Articles,argued,1,906,0.005440655379168716
Academic Articles,idealized,1,5473,0.0010881310758337434
Academic Articles,usedata,1,12345,0.0010881310758337434
Academic Articles,couplingwellthrough,1,2521,0.0010881310758337434
Academic Articles,datadriven,1,2694,0.0021762621516674867
Academic Articles,madefaster,1,6855,0.0010881310758337434
Academic Articles,ma,1,6842,0.0010881310758337434
Academic Articles,sively,1,10670,0.0010881310758337434
Academic Articles,parallel,1,8501,0.0010881310758337434
Academic Articles,iswat,1,6122,0.0010881310758337434
Academic Articles,progressstandardizing,1,9266,0.0010881310758337434
Academic Articles,verificationresearch,1,12522,0.0010881310758337434
Academic Articles,priortransition,1,9129,0.0010881310758337434
Academic Articles,serious,1,10449,0.0032643932275012296
Academic Articles,gaptraining,1,4882,0.0010881310758337434
Academic Articles,physicistsheliophysicsspace,1,8799,0.0010881310758337434
Academic Articles,cooperation,1,2410,0.000827551730243201
Academic Articles,willcrucial,1,12956,0.0010881310758337434
Academic Articles,undertaking,1,12228,0.0010881310758337434
Academic Articles,taskcouple,1,11521,0.0010881310758337434
Academic Articles,started,1,10955,0.001655103460486402
Academic Articles,notion,1,7918,0.0010881310758337434
Academic Articles,upstreamearthneededorderforecast,1,12320,0.0010881310758337434
Academic Articles,upstreamearthl,1,12319,0.0010881310758337434
Academic Articles,give,1,4956,0.007616917530836203
Academic Articles,knowing,1,6292,0.000827551730243201
Academic Articles,parametersthe,1,8512,0.0010881310758337434
Academic Articles,leaf,1,6506,0.0010881310758337434
Academic Articles,thatnot,1,11651,0.0021762621516674867
Academic Articles,feasible,1,4281,0.0010881310758337434
Academic Articles,fielddriven,1,4318,0.0010881310758337434
Academic Articles,createdcorotat,1,2557,0.0010881310758337434
Academic Articles,cirsmore,1,1914,0.0010881310758337434
Academic Articles,difficultpredict,1,3063,0.0010881310758337434
Academic Articles,suchcmecmecmecir,1,11219,0.0010881310758337434
Academic Articles,ordered,1,8350,0.0010881310758337434
Academic Articles,accordingdecreasing,1,103,0.0010881310758337434
Academic Articles,accuracy,1,120,0.004137758651216006
Academic Articles,andsitu,1,682,0.008705048606669947
Academic Articles,heliospheretermsmodeling,1,5274,0.0010881310758337434
Academic Articles,revolve,1,10090,0.0010881310758337434
Academic Articles,emerge,1,3686,0.0032643932275012296
Academic Articles,resultfast,1,10034,0.0010881310758337434
Academic Articles,canaddresseddifferent,1,1567,0.0010881310758337434
Academic Articles,dependingwhether,1,2903,0.0021762621516674867
Academic Articles,forecastmade,1,4624,0.0010881310758337434
Academic Articles,beforeafter,1,1245,0.0010881310758337434
Academic Articles,butall,1,1505,0.0010881310758337434
Academic Articles,limitation,1,6690,0.0032643932275012296
Academic Articles,usingcombinationfull,1,12411,0.0010881310758337434
Academic Articles,approximation,1,836,0.0010881310758337434
Academic Articles,basedphysicsbased,1,1176,0.0010881310758337434
Academic Articles,drivensolar,1,3314,0.0021762621516674867
Academic Articles,timesto,1,11926,0.0010881310758337434
Academic Articles,canobtainedcombining,1,1616,0.0010881310758337434
Academic Articles,inputswith,1,5857,0.0010881310758337434
Academic Articles,superstorms,1,11365,0.0010881310758337434
Academic Articles,periodsgeneral,1,8687,0.0010881310758337434
Academic Articles,likelyrequire,1,6666,0.0010881310758337434
Academic Articles,aspect,1,957,0.0043525243033349734
Academic Articles,nonstandard,1,7866,0.0010881310758337434
Academic Articles,successive,1,11207,0.0021762621516674867
Academic Articles,interactionsother,1,5939,0.0010881310758337434
Academic Articles,unusual,1,12299,0.0021762621516674867
Academic Articles,inputsall,1,5854,0.0010881310758337434
Academic Articles,formation,1,4667,0.001655103460486402
Academic Articles,variabilitycirs,1,12484,0.0010881310758337434
Academic Articles,suchcmecme,1,11218,0.0010881310758337434
Academic Articles,cmesordermake,1,1998,0.0010881310758337434
Academic Articles,progressthis,1,9269,0.0010881310758337434
Academic Articles,twothree,1,12126,0.0010881310758337434
Academic Articles,dis,1,3102,0.0010881310758337434
Academic Articles,tinct,1,11938,0.0010881310758337434
Academic Articles,withview,1,13135,0.0010881310758337434
Academic Articles,fromtrailing,1,4806,0.0010881310758337434
Academic Articles,done,1,3253,0.002482655190729603
Academic Articles,ecliptic,1,3510,0.007616917530836203
Academic Articles,plane,1,8837,0.005792862111702408
Academic Articles,keyunderstanding,1,6251,0.0010881310758337434
Academic Articles,noncme,1,7854,0.0010881310758337434
Academic Articles,eventswellunder,1,3988,0.0010881310758337434
Academic Articles,standing,1,10946,0.0010881310758337434
Academic Articles,regardingsitu,1,9667,0.0010881310758337434
Academic Articles,merging,1,7181,0.0010881310758337434
Academic Articles,assimila,1,980,0.0010881310758337434
Academic Articles,tionboth,1,11944,0.0010881310758337434
Academic Articles,parameterizationsimulations,1,8504,0.0010881310758337434
Academic Articles,accuracyforecasts,1,123,0.0010881310758337434
Academic Articles,remotesensing,1,9871,0.0032643932275012296
Academic Articles,definedappendixsourcelugaz,1,2819,0.0010881310758337434
Academic Articles,na,1,7585,0.0010881310758337434
Academic Articles,phaseapril,1,8763,0.0010881310758337434
Academic Articles,noelugazunhedu,1,7842,0.0010881310758337434
Academic Articles,timeaccuracy,1,11891,0.0010881310758337434
Academic Articles,accuracybow,1,122,0.0010881310758337434
Academic Articles,subl,1,11182,0.0010881310758337434
Academic Articles,cruiser,1,2601,0.0010881310758337434
Academic Articles,min,1,7284,0.0021762621516674867
Academic Articles,swx,1,11437,0.0010881310758337434
Academic Articles,diamond,1,3044,0.0010881310758337434
Academic Articles,mimis,1,7283,0.0010881310758337434
Academic Articles,proposed,1,9311,0.0043525243033349734
Academic Articles,operationsformulation,1,8277,0.0010881310758337434
Academic Articles,sdo,1,10358,0.0021762621516674867
Academic Articles,lasco,1,6392,0.0010881310758337434
Academic Articles,punch,1,9386,0.0032643932275012296
Academic Articles,vigil,1,12551,0.0010881310758337434
Academic Articles,solarisetc,1,10726,0.0010881310758337434
Academic Articles,spwx,1,10907,0.0010881310758337434
Academic Articles,researchplanning,1,9974,0.0010881310758337434
Academic Articles,wayforecast,1,12712,0.0010881310758337434
Academic Articles,earthto,1,3494,0.0010881310758337434
Academic Articles,measurein,1,7105,0.0010881310758337434
Academic Articles,situthe,1,10667,0.0010881310758337434
Academic Articles,donel,1,3260,0.0010881310758337434
Academic Articles,neededaccurately,1,7678,0.0010881310758337434
Academic Articles,characterize,1,1874,0.0043525243033349734
Academic Articles,canadvanced,1,1569,0.0010881310758337434
Academic Articles,usingsitu,1,12413,0.0010881310758337434
Academic Articles,mesoscales,1,7190,0.006528786455002459
Academic Articles,evolutionthe,1,4013,0.0021762621516674867
Academic Articles,windtime,1,13020,0.0010881310758337434
Academic Articles,scalesless,1,10295,0.0010881310758337434
Academic Articles,dayover,1,2733,0.0010881310758337434
Academic Articles,fromto,1,4802,0.0021762621516674867
Academic Articles,bow,1,1421,0.006528786455002459
Academic Articles,determining,1,2988,0.0021762621516674867
Academic Articles,lengthscalescmes,1,6540,0.0010881310758337434
Academic Articles,thattimes,1,11674,0.0010881310758337434
Academic Articles,cansignificant,1,1629,0.0010881310758337434
Academic Articles,differencesthe,1,3052,0.0021762621516674867
Academic Articles,measuredl,1,7099,0.0010881310758337434
Academic Articles,andearths,1,572,0.000827551730243201
Academic Articles,multispacecraft,1,7555,0.0032643932275012296
Academic Articles,insiderideshares,1,5859,0.0010881310758337434
Academic Articles,wouldperfectly,1,13202,0.0010881310758337434
Academic Articles,unfortunatelyseveral,1,12239,0.0010881310758337434
Academic Articles,resultsonly,1,10041,0.0010881310758337434
Academic Articles,random,1,9499,0.0010881310758337434
Academic Articles,conjunctionsthe,1,2262,0.0010881310758337434
Academic Articles,focusedforecasting,1,4531,0.0010881310758337434
Academic Articles,eventswellallclear,1,3987,0.0010881310758337434
Academic Articles,sufficiently,1,11267,0.0043525243033349734
Academic Articles,lowallow,1,6810,0.0010881310758337434
Academic Articles,extravehicularother,1,4211,0.0010881310758337434
Academic Articles,impactedspace,1,5539,0.0010881310758337434
Academic Articles,iss,1,6093,0.0010881310758337434
Academic Articles,placelow,1,8831,0.0010881310758337434
Academic Articles,inside,1,5858,0.001655103460486402
Academic Articles,protective,1,9324,0.000827551730243201
Academic Articles,reduces,1,9639,0.0010881310758337434
Academic Articles,threatindividuals,1,11850,0.0010881310758337434
Academic Articles,farther,1,4269,0.0010881310758337434
Academic Articles,outspace,1,8429,0.0010881310758337434
Academic Articles,predictionboth,1,9039,0.0010881310758337434
Academic Articles,allclear,1,404,0.0021762621516674867
Academic Articles,definitionallclearnot,1,2825,0.0010881310758337434
Academic Articles,basedparticle,1,1175,0.0010881310758337434
Academic Articles,srag,1,10909,0.0010881310758337434
Academic Articles,augments,1,1063,0.0010881310758337434
Academic Articles,withadditional,1,13029,0.0010881310758337434
Academic Articles,applyvarietythreshold,1,803,0.0010881310758337434
Academic Articles,levelsmultiple,1,6591,0.0010881310758337434
Academic Articles,thatsetstandard,1,11663,0.0010881310758337434
Academic Articles,ensure,1,3804,0.0043525243033349734
Academic Articles,usability,1,12331,0.0021762621516674867
Academic Articles,operationswellfacilitate,1,8286,0.0010881310758337434
Academic Articles,crossmodel,1,2588,0.0010881310758337434
Academic Articles,comparisonsmajor,1,2129,0.0010881310758337434
Academic Articles,difficultypredicting,1,3066,0.0010881310758337434
Academic Articles,eventsthat,1,3983,0.0010881310758337434
Academic Articles,withand,1,13031,0.0010881310758337434
Academic Articles,fast,1,4272,0.006528786455002459
Academic Articles,rarely,1,9525,0.0032643932275012296
Academic Articles,preeruption,1,9059,0.0021762621516674867
Academic Articles,forecastingdonecombining,1,4615,0.0010881310758337434
Academic Articles,thatmxclass,1,11647,0.0010881310758337434
Academic Articles,thatfast,1,11626,0.0010881310758337434
Academic Articles,willproduced,1,12982,0.0021762621516674867
Academic Articles,thatsep,1,11662,0.0010881310758337434
Academic Articles,propagatethe,1,9293,0.0010881310758337434
Academic Articles,locationinterest,1,6751,0.0010881310758337434
Academic Articles,improvementsforecasting,1,5618,0.0010881310758337434
Academic Articles,anythese,1,754,0.000827551730243201
Academic Articles,reli,1,9824,0.0010881310758337434
Academic Articles,abilitysep,1,18,0.0010881310758337434
Academic Articles,posteruption,1,8976,0.0032643932275012296
Academic Articles,wave,1,12699,0.022343896716566426
Academic Articles,protonsvarious,1,9332,0.0010881310758337434
Academic Articles,combinationsestimate,1,2060,0.0010881310758337434
Academic Articles,characteristic,1,1871,0.0021762621516674867
Academic Articles,unfortunately,1,12238,0.0021762621516674867
Academic Articles,unablemake,1,12165,0.0010881310758337434
Academic Articles,priorthe,1,9128,0.0021762621516674867
Academic Articles,wellconnected,1,12817,0.0010881310758337434
Academic Articles,manual,1,6967,0.0010881310758337434
Academic Articles,occasionally,1,8106,0.000827551730243201
Academic Articles,holdslotpromiseimproving,1,5363,0.0010881310758337434
Academic Articles,reflectedcommon,1,9655,0.0010881310758337434
Academic Articles,themethe,1,11733,0.0032643932275012296
Academic Articles,importanceunderstanding,1,5588,0.0010881310758337434
Academic Articles,systemsystems,1,11479,0.006528786455002459
Academic Articles,highcadence,1,5310,0.0021762621516674867
Academic Articles,magnetograph,1,6873,0.005440655379168716
Academic Articles,ultraviolet,1,12159,0.005792862111702408
Academic Articles,measurementslandfigure,1,7119,0.0010881310758337434
Academic Articles,closedsayingis,1,1955,0.0010881310758337434
Academic Articles,operationally,1,8271,0.0043525243033349734
Academic Articles,relevantsep,1,9821,0.0010881310758337434
Academic Articles,production,1,9224,0.006528786455002459
Academic Articles,publicly,1,9375,0.0010881310758337434
Academic Articles,avail,1,1090,0.0021762621516674867
Academic Articles,developmentmodels,1,3016,0.0010881310758337434
Academic Articles,moderatedcommittee,1,7443,0.007616917530836203
Academic Articles,pete,1,8752,0.0010881310758337434
Academic Articles,riley,1,10108,0.0010881310758337434
Academic Articles,consistedpanelists,1,2287,0.0010881310758337434
Academic Articles,todd,1,11958,0.0010881310758337434
Academic Articles,hoeksemastanford,1,5360,0.0010881310758337434
Academic Articles,sarah,1,10245,0.0010881310758337434
Academic Articles,gibsonthe,1,4946,0.0010881310758337434
Academic Articles,cooper,1,2409,0.0021762621516674867
Academic Articles,downspredictive,1,3284,0.0010881310758337434
Academic Articles,craig,1,2553,0.0021762621516674867
Academic Articles,deforestthe,1,2836,0.0010881310758337434
Academic Articles,institute,1,5882,0.005440655379168716
Academic Articles,valentin,1,12454,0.0010881310758337434
Academic Articles,pilletthe,1,8820,0.0010881310758337434
Academic Articles,phil,1,8786,0.0032643932275012296
Academic Articles,chamberlinthe,1,1833,0.0010881310758337434
Academic Articles,universitycoloradoplanning,1,12258,0.0010881310758337434
Academic Articles,illustrationpre,1,5498,0.0010881310758337434
Academic Articles,katie,1,6224,0.0021762621516674867
Academic Articles,locationsmeasurementsprioritize,1,6754,0.0010881310758337434
Academic Articles,euv,1,3942,0.010881310758337433
Academic Articles,ultravioletpepperl,1,12163,0.0010881310758337434
Academic Articles,fuchs,1,4819,0.0010881310758337434
Academic Articles,ssi,1,10917,0.0010881310758337434
Academic Articles,synchronous,1,11444,0.0021762621516674867
Academic Articles,serial,1,10444,0.0010881310758337434
Academic Articles,limitationssolar,1,6692,0.0010881310758337434
Academic Articles,pairimages,1,8483,0.0010881310758337434
Academic Articles,radial,1,9472,0.0010881310758337434
Academic Articles,fieldin,1,4338,0.000827551730243201
Academic Articles,qmaps,1,9409,0.0010881310758337434
Academic Articles,resultthe,1,10043,0.0010881310758337434
Academic Articles,separateddays,1,10438,0.0010881310758337434
Academic Articles,thatnew,1,11650,0.0010881310758337434
Academic Articles,changeresponse,1,1859,0.0010881310758337434
Academic Articles,linewhenexisting,1,6713,0.0010881310758337434
Academic Articles,down,1,3274,0.0010881310758337434
Academic Articles,generated,1,4903,0.001655103460486402
Academic Articles,joint,1,6185,0.0021762621516674867
Academic Articles,qmap,1,9408,0.0010881310758337434
Academic Articles,basedpotential,1,1177,0.0010881310758337434
Academic Articles,courtesythe,1,2529,0.0010881310758337434
Academic Articles,stanford,1,10948,0.0010881310758337434
Academic Articles,inccommon,1,5633,0.0010881310758337434
Academic Articles,evolutionglobalsteradian,1,4010,0.0010881310758337434
Academic Articles,timedependent,1,11901,0.0021762621516674867
Academic Articles,bound,1,1416,0.0021762621516674867
Academic Articles,ary,1,944,0.0021762621516674867
Academic Articles,conditionthe,1,2228,0.0010881310758337434
Academic Articles,thishow,1,11826,0.0010881310758337434
Academic Articles,modelsthe,1,7427,0.00979317968250369
Academic Articles,driven,1,3310,0.0032643932275012296
Academic Articles,weatherpredictive,1,12777,0.0010881310758337434
Academic Articles,firstprinciplesmagnetohydrodynamics,1,4393,0.0010881310758337434
Academic Articles,formationthe,1,4669,0.0010881310758337434
Academic Articles,conditionalso,1,2199,0.0010881310758337434
Academic Articles,understandingfundamental,1,12212,0.0010881310758337434
Academic Articles,suchmagnetic,1,11238,0.0010881310758337434
Academic Articles,viewsthe,1,12548,0.0010881310758337434
Academic Articles,mag,1,6862,0.0032643932275012296
Academic Articles,netic,1,7784,0.0021762621516674867
Academic Articles,fullsurface,1,4825,0.0010881310758337434
Academic Articles,eithera,1,3609,0.0010881310758337434
Academic Articles,seriesstatic,1,10447,0.0010881310758337434
Academic Articles,snapshot,1,10708,0.0010881310758337434
Academic Articles,weeksview,1,12806,0.0010881310758337434
Academic Articles,diskelseinvoking,1,3151,0.0010881310758337434
Academic Articles,artificially,1,942,0.0010881310758337434
Academic Articles,boundarynot,1,1419,0.0010881310758337434
Academic Articles,dependencethe,1,2896,0.0021762621516674867
Academic Articles,coronanot,1,2445,0.0010881310758337434
Academic Articles,constrained,1,2309,0.0021762621516674867
Academic Articles,basedany,1,1169,0.0010881310758337434
Academic Articles,surfaceany,1,11385,0.0010881310758337434
Academic Articles,criticalunderstanding,1,2576,0.0010881310758337434
Academic Articles,topology,1,11994,0.0021762621516674867
Academic Articles,whichcme,1,12894,0.0010881310758337434
Academic Articles,propagates,1,9292,0.0010881310758337434
Academic Articles,unlike,1,12270,0.0010881310758337434
Academic Articles,aroundthe,1,915,0.0010881310758337434
Academic Articles,front,1,4812,0.0021762621516674867
Academic Articles,never,1,7806,0.000827551730243201
Academic Articles,measured,1,7097,0.006620413841945608
Academic Articles,withoutseverely,1,13097,0.0010881310758337434
Academic Articles,limiting,1,6700,0.0010881310758337434
Academic Articles,observ,1,8011,0.0010881310758337434
Academic Articles,estimatesthe,1,3931,0.0032643932275012296
Academic Articles,providedthe,1,9347,0.0043525243033349734
Academic Articles,hinode,1,5342,0.0010881310758337434
Academic Articles,spectropolarimeter,1,10855,0.0010881310758337434
Academic Articles,sporadically,1,10889,0.0010881310758337434
Academic Articles,instrumental,1,5892,0.0010881310758337434
Academic Articles,limitationsother,1,6691,0.0010881310758337434
Academic Articles,fulldisk,1,4823,0.0010881310758337434
Academic Articles,datafrom,1,2697,0.0032643932275012296
Academic Articles,helioseismic,1,5264,0.0032643932275012296
Academic Articles,imager,1,5503,0.006528786455002459
Academic Articles,sdohmi,1,10359,0.0032643932275012296
Academic Articles,gongnot,1,5028,0.0010881310758337434
Academic Articles,estimatespolar,1,3928,0.0010881310758337434
Academic Articles,rangecredible,1,9502,0.0010881310758337434
Academic Articles,estimateslarge,1,3927,0.0010881310758337434
Academic Articles,vastly,1,12510,0.0010881310758337434
Academic Articles,predicted,1,9027,0.001655103460486402
Academic Articles,needsmeasurements,1,7738,0.0010881310758337434
Academic Articles,wouldneeded,1,13197,0.0010881310758337434
Academic Articles,pole,1,8914,0.003310206920972804
Academic Articles,simultaneouslyplanning,1,10644,0.0010881310758337434
Academic Articles,needtrack,1,7752,0.0010881310758337434
Academic Articles,evolutioncmesthree,1,4007,0.0010881310758337434
Academic Articles,dimen,1,3069,0.0010881310758337434
Academic Articles,sionsthey,1,10653,0.0010881310758337434
Academic Articles,earthsolar,1,3490,0.000827551730243201
Academic Articles,currentcoronagraph,1,2618,0.0010881310758337434
Academic Articles,incapabledistinguishing,1,5632,0.0010881310758337434
Academic Articles,scenario,1,10309,0.0032643932275012296
Academic Articles,mul,1,7535,0.0010881310758337434
Academic Articles,tiple,1,11948,0.0010881310758337434
Academic Articles,viewpointsstereoscopy,1,12546,0.0010881310758337434
Academic Articles,betweenl,1,1330,0.0010881310758337434
Academic Articles,offsunearthline,1,8184,0.0010881310758337434
Academic Articles,measurementsa,1,7108,0.0032643932275012296
Academic Articles,imagersthe,1,5507,0.0021762621516674867
Academic Articles,providestop,1,9359,0.0010881310758337434
Academic Articles,traveling,1,12064,0.0032643932275012296
Academic Articles,planet,1,8840,0.003310206920972804
Academic Articles,reside,1,9993,0.0010881310758337434
Academic Articles,allows,1,413,0.0032643932275012296
Academic Articles,detectionthe,1,2976,0.0021762621516674867
Academic Articles,longitudinal,1,6771,0.0021762621516674867
Academic Articles,structurecmes,1,11136,0.0010881310758337434
Academic Articles,corotating,1,2449,0.0032643932275012296
Academic Articles,interac,1,5934,0.0021762621516674867
Academic Articles,shocksnearterm,1,10541,0.0010881310758337434
Academic Articles,willofferedthe,1,12980,0.0010881310758337434
Academic Articles,polarimeterunify,1,8901,0.0021762621516674867
Academic Articles,polarized,1,8912,0.0010881310758337434
Academic Articles,whitelight,1,12920,0.0010881310758337434
Academic Articles,imagersprovide,1,5506,0.0010881310758337434
Academic Articles,chiralitythe,1,1896,0.0021762621516674867
Academic Articles,informationthe,1,5797,0.004965310381459206
Academic Articles,ratiopolarized,1,9533,0.0010881310758337434
Academic Articles,lighttotal,1,6632,0.0010881310758337434
Academic Articles,brightness,1,1444,0.0010881310758337434
Academic Articles,distancethe,1,3187,0.0010881310758337434
Academic Articles,seriesthis,1,10448,0.0010881310758337434
Academic Articles,ratio,1,9532,0.0010881310758337434
Academic Articles,modelsnot,1,7417,0.0021762621516674867
Academic Articles,magnetohydrodynamic,1,6876,0.0032643932275012296
Academic Articles,mhd,1,7227,0.011969441834171174
Academic Articles,computationally,1,2180,0.0032643932275012296
Academic Articles,expensive,1,4138,0.003310206920972804
Academic Articles,neededresolve,1,7701,0.0010881310758337434
Academic Articles,structurescales,1,11140,0.0010881310758337434
Academic Articles,relevantearth,1,9819,0.0010881310758337434
Academic Articles,magnetized,1,6871,0.0043525243033349734
Academic Articles,withappropriate,1,13032,0.0010881310758337434
Academic Articles,estimationthe,1,3935,0.0021762621516674867
Academic Articles,fieldthe,1,4365,0.003310206920972804
Academic Articles,ideal,1,5472,0.0010881310758337434
Academic Articles,maya,1,7047,0.0010881310758337434
Academic Articles,usedearth,1,12350,0.0010881310758337434
Academic Articles,suchhurricane,1,11235,0.0010881310758337434
Academic Articles,trackingadditionthe,1,12015,0.0010881310758337434
Academic Articles,imagingthe,1,5527,0.0043525243033349734
Academic Articles,middle,1,7244,0.003310206920972804
Academic Articles,identifiedan,1,5478,0.0010881310758337434
Academic Articles,pieceunderstand,1,8817,0.0010881310758337434
Academic Articles,restructuringthe,1,10028,0.0010881310758337434
Academic Articles,aftercme,1,310,0.0010881310758337434
Academic Articles,coronameasurements,1,2444,0.0010881310758337434
Academic Articles,viewpointsadditionthe,1,12545,0.0010881310758337434
Academic Articles,radius,1,9486,0.004137758651216006
Academic Articles,representsobservational,1,9904,0.0010881310758337434
Academic Articles,gapthe,1,4880,0.0010881310758337434
Academic Articles,rangeimagers,1,9506,0.0010881310758337434
Academic Articles,recording,1,9623,0.0010881310758337434
Academic Articles,outflowing,1,8406,0.0010881310758337434
Academic Articles,plasmahigher,1,8855,0.0010881310758337434
Academic Articles,altitudesthis,1,463,0.0010881310758337434
Academic Articles,ambiguity,1,476,0.0010881310758337434
Academic Articles,whethercoronal,1,12888,0.0010881310758337434
Academic Articles,cmewide,1,1999,0.0010881310758337434
Academic Articles,slownarrow,1,10693,0.0010881310758337434
Academic Articles,fastseen,1,4277,0.0010881310758337434
Academic Articles,fromsingle,1,4795,0.0032643932275012296
Academic Articles,viewpoint,1,12543,0.005440655379168716
Academic Articles,deforest,1,2835,0.0010881310758337434
Academic Articles,coincides,1,2020,0.0043525243033349734
Academic Articles,acceleratedcreates,1,73,0.0010881310758337434
Academic Articles,uncertaintiesphysical,1,12174,0.0010881310758337434
Academic Articles,modelscme,1,7405,0.0021762621516674867
Academic Articles,imagers,1,5504,0.008705048606669947
Academic Articles,eliminate,1,3676,0.0010881310758337434
Academic Articles,sampling,1,10240,0.007616917530836203
Academic Articles,eitherextending,1,3610,0.0010881310758337434
Academic Articles,fieldsvieweuv,1,4363,0.0010881310758337434
Academic Articles,higherby,1,5315,0.0010881310758337434
Academic Articles,noisewhite,1,7848,0.0010881310758337434
Academic Articles,closethe,1,1960,0.0021762621516674867
Academic Articles,surfacelongerterm,1,11388,0.0010881310758337434
Academic Articles,goalto,1,4995,0.0021762621516674867
Academic Articles,capabilityroutinely,1,1666,0.0010881310758337434
Academic Articles,mapsthe,1,6982,0.0010881310758337434
Academic Articles,vector,1,12514,0.005440655379168716
Academic Articles,photosphere,1,8793,0.0032643932275012296
Academic Articles,chromosphere,1,1902,0.0010881310758337434
Academic Articles,woulda,1,13178,0.0032643932275012296
Academic Articles,advancement,1,270,0.0021762621516674867
Academic Articles,inferred,1,5756,0.0010881310758337434
Academic Articles,modelsparticular,1,7419,0.0021762621516674867
Academic Articles,observationsfilament,1,8028,0.0010881310758337434
Academic Articles,channel,1,1866,0.0032643932275012296
Academic Articles,chromospheremagnetic,1,1903,0.0010881310758337434
Academic Articles,track,1,12012,0.000827551730243201
Academic Articles,helicity,1,5257,0.0010881310758337434
Academic Articles,buildup,1,1480,0.0021762621516674867
Academic Articles,characteristicssolar,1,1872,0.0010881310758337434
Academic Articles,liftoff,1,6621,0.0010881310758337434
Academic Articles,dynamo,1,3449,0.0032643932275012296
Academic Articles,cyclewill,1,2651,0.0010881310758337434
Academic Articles,assessmentwhere,1,971,0.0010881310758337434
Academic Articles,neststhe,1,7782,0.0010881310758337434
Academic Articles,appearan,1,764,0.0010881310758337434
Academic Articles,patternshow,1,8595,0.0010881310758337434
Academic Articles,willprogressthese,1,12983,0.0010881310758337434
Academic Articles,interior,1,5967,0.0010881310758337434
Academic Articles,onlydone,1,8234,0.0010881310758337434
Academic Articles,indirect,1,5738,0.0010881310758337434
Academic Articles,helioseismology,1,5266,0.0021762621516674867
Academic Articles,predictability,1,9026,0.0032643932275012296
Academic Articles,cycleand,1,2644,0.0010881310758337434
Academic Articles,couplingspace,1,2519,0.0021762621516674867
Academic Articles,weatheratmospheric,1,12757,0.0010881310758337434
Academic Articles,meridional,1,7182,0.0032643932275012296
Academic Articles,circulation,1,1912,0.0032643932275012296
Academic Articles,insight,1,5861,0.005440655379168716
Academic Articles,clock,1,1953,0.0010881310758337434
Academic Articles,howeverchallenge,1,5404,0.0010881310758337434
Academic Articles,observationsthat,1,8041,0.0010881310758337434
Academic Articles,shouldmeasured,1,10564,0.0010881310758337434
Academic Articles,consistently,1,2289,0.0010881310758337434
Academic Articles,irradiancea,1,6076,0.0010881310758337434
Academic Articles,input,1,5849,0.01958635936500738
Academic Articles,driving,1,3326,0.004137758651216006
Academic Articles,continuously,1,2380,0.0010881310758337434
Academic Articles,irradiance,1,6075,0.00979317968250369
Academic Articles,soft,1,10719,0.0010881310758337434
Academic Articles,xrays,1,13225,0.001655103460486402
Academic Articles,atmospheresearth,1,1033,0.0010881310758337434
Academic Articles,marschamberlin,1,6998,0.0010881310758337434
Academic Articles,photon,1,8790,0.0010881310758337434
Academic Articles,arespecific,1,897,0.0010881310758337434
Academic Articles,shortterm,1,10552,0.0021762621516674867
Academic Articles,variation,1,12493,0.007616917530836203
Academic Articles,causedsolar,1,1740,0.0010881310758337434
Academic Articles,flaresfor,1,4425,0.0010881310758337434
Academic Articles,haveimmediate,1,5205,0.0010881310758337434
Academic Articles,especiallylow,1,3896,0.0010881310758337434
Academic Articles,understooda,1,12226,0.0010881310758337434
Academic Articles,great,1,5064,0.001655103460486402
Academic Articles,enough,1,3794,0.004137758651216006
Academic Articles,degreepredict,1,2844,0.0010881310758337434
Academic Articles,impactirradiance,1,5542,0.0010881310758337434
Academic Articles,proxy,1,9368,0.0021762621516674867
Academic Articles,capture,1,1679,0.0074479655721888085
Academic Articles,spectral,1,10852,0.0032643932275012296
Academic Articles,fromcomplementing,1,4761,0.0010881310758337434
Academic Articles,informationevolutionactive,1,5782,0.0010881310758337434
Academic Articles,nicholeen,1,7818,0.0010881310758337434
Academic Articles,viall,1,12532,0.0010881310758337434
Academic Articles,followed,1,4556,0.006528786455002459
Academic Articles,borovskythe,1,1395,0.0010881310758337434
Academic Articles,vic,1,12533,0.0010881310758337434
Academic Articles,pizzonoaas,1,8828,0.0010881310758337434
Academic Articles,stuart,1,11150,0.0010881310758337434
Academic Articles,balethe,1,1151,0.0010881310758337434
Academic Articles,universitycalifornia,1,12255,0.005440655379168716
Academic Articles,berkeley,1,1320,0.0010881310758337434
Academic Articles,nick,1,7819,0.0032643932275012296
Academic Articles,argenasas,1,903,0.0010881310758337434
Academic Articles,erika,1,3868,0.0010881310758337434
Academic Articles,palmeriopredictive,1,8485,0.0010881310758337434
Academic Articles,observationsdiscussed,1,8023,0.0010881310758337434
Academic Articles,abovewellremote,1,48,0.0010881310758337434
Academic Articles,mentsthe,1,7174,0.0021762621516674867
Academic Articles,requirefleetmonitors,1,9923,0.0010881310758337434
Academic Articles,observationslfarside,1,8031,0.0010881310758337434
Academic Articles,believed,1,1289,0.000827551730243201
Academic Articles,coveragemore,1,2537,0.0010881310758337434
Academic Articles,table,1,11488,0.011969441834171174
Academic Articles,discussionsolar,1,3140,0.0010881310758337434
Academic Articles,accuracythe,1,127,0.0032643932275012296
Academic Articles,conditionsthe,1,2226,0.000827551730243201
Academic Articles,optimal,1,8316,0.0021762621516674867
Academic Articles,numbermeasurement,1,7978,0.0010881310758337434
Academic Articles,believing,1,1290,0.0010881310758337434
Academic Articles,returnadding,1,10052,0.0010881310758337434
Academic Articles,thancouplespacecraftthe,1,11597,0.0010881310758337434
Academic Articles,wider,1,12933,0.000827551730243201
Academic Articles,spreadsolar,1,10905,0.0010881310758337434
Academic Articles,offecliptic,1,8158,0.0010881310758337434
Academic Articles,viewscmes,1,12547,0.0010881310758337434
Academic Articles,advocated,1,292,0.0021762621516674867
Academic Articles,prioritizingpolar,1,9125,0.0010881310758337434
Academic Articles,viewpointopposedadditional,1,12544,0.0010881310758337434
Academic Articles,inecliptic,1,5752,0.0010881310758337434
Academic Articles,advancesobserving,1,274,0.0010881310758337434
Academic Articles,mi,1,7229,0.0010881310758337434
Academic Articles,sion,1,10652,0.0021762621516674867
Academic Articles,suchulysses,1,11259,0.0010881310758337434
Academic Articles,coverageboth,1,2534,0.0010881310758337434
Academic Articles,rotation,1,10184,0.004137758651216006
Academic Articles,deformation,1,2837,0.0010881310758337434
Academic Articles,illuminate,1,5496,0.0010881310758337434
Academic Articles,causesthe,1,1749,0.0021762621516674867
Academic Articles,predictionsearth,1,9042,0.0010881310758337434
Academic Articles,pizzo,1,8827,0.0010881310758337434
Academic Articles,designedhave,1,2944,0.0010881310758337434
Academic Articles,expectationsmanage,1,4082,0.0010881310758337434
Academic Articles,methodstrack,1,7219,0.0010881310758337434
Academic Articles,specificallysitu,1,10846,0.0010881310758337434
Academic Articles,faraday,1,4263,0.0032643932275012296
Academic Articles,corollariesthe,1,2434,0.0010881310758337434
Academic Articles,importancemultiple,1,5582,0.0021762621516674867
Academic Articles,calibrationinstrumentsboard,1,1547,0.0010881310758337434
Academic Articles,spacecraftcrucial,1,10797,0.0010881310758337434
Academic Articles,constrain,1,2308,0.0032643932275012296
Academic Articles,synchronic,1,11442,0.0021762621516674867
Academic Articles,map,1,6974,0.010881310758337433
Academic Articles,improveduseddrive,1,5615,0.0010881310758337434
Academic Articles,timedependently,1,11902,0.0010881310758337434
Academic Articles,solophi,1,10738,0.0010881310758337434
Academic Articles,solo,1,10737,0.0032643932275012296
Academic Articles,identifiedeuv,1,5480,0.0010881310758337434
Academic Articles,canusedvc,1,1648,0.0010881310758337434
Academic Articles,modelsabsdoasdosolo,1,7400,0.0010881310758337434
Academic Articles,coronalelectron,1,2443,0.0010881310758337434
Academic Articles,densitye,1,2883,0.0021762621516674867
Academic Articles,planeofthesky,1,8838,0.0010881310758337434
Academic Articles,reconstructionswl,1,9616,0.0010881310758337434
Academic Articles,tomographic,1,11969,0.0010881310758337434
Academic Articles,reconstruction,1,9614,0.0021762621516674867
Academic Articles,planeoftheskyimages,1,8839,0.0010881310758337434
Academic Articles,segmentedsurmise,1,10412,0.0010881310758337434
Academic Articles,observationally,1,8017,0.0010881310758337434
Academic Articles,usedvc,1,12374,0.0010881310758337434
Academic Articles,improvestandor,1,5620,0.0010881310758337434
Academic Articles,bsohoasohosolocodexpunch,1,1461,0.0010881310758337434
Academic Articles,widely,1,12932,0.004965310381459206
Academic Articles,spaced,1,10807,0.0043525243033349734
Academic Articles,located,1,6745,0.0032643932275012296
Academic Articles,multivantagepointsitu,1,7560,0.0010881310758337434
Academic Articles,observationsplasma,1,8035,0.0010881310758337434
Academic Articles,usedvcmodelsace,1,12375,0.0010881310758337434
Academic Articles,dscovr,1,3334,0.0010881310758337434
Academic Articles,ulysses,1,12164,0.0010881310758337434
Academic Articles,stereopsp,1,11022,0.0010881310758337434
Academic Articles,notethreedimensionalahead,1,7911,0.0010881310758337434
Academic Articles,explorerbehind,1,4175,0.0010881310758337434
Academic Articles,spacecraftboundary,1,10795,0.0010881310758337434
Academic Articles,codex,1,2009,0.0010881310758337434
Academic Articles,diagnostic,1,3043,0.0010881310758337434
Academic Articles,dscvr,1,3336,0.0010881310758337434
Academic Articles,deep,1,2811,0.008705048606669947
Academic Articles,ultravioletelectron,1,12160,0.0010881310758337434
Academic Articles,density,1,2881,0.01737858633510722
Academic Articles,polarimetric,1,8902,0.0010881310758337434
Academic Articles,psp,1,9371,0.0010881310758337434
Academic Articles,probe,1,9145,0.00979317968250369
Academic Articles,orbiterstereo,1,8328,0.0010881310758337434
Academic Articles,relation,1,9799,0.001655103460486402
Academic Articles,observatorysolar,1,8053,0.0010881310758337434
Academic Articles,windvalidate,1,13021,0.0010881310758337434
Academic Articles,constrainwhite,1,2314,0.0010881310758337434
Academic Articles,arge,1,902,0.0010881310758337434
Academic Articles,fromargejoneshenneyschonfeldvourlidasmuglachluhmann,1,4755,0.0010881310758337434
Academic Articles,andwallace,1,709,0.0021762621516674867
Academic Articles,multivantagepoint,1,7559,0.0021762621516674867
Academic Articles,observationsadvance,1,8021,0.0021762621516674867
Academic Articles,paper,1,8499,0.0074479655721888085
Academic Articles,pdf,1,8601,0.0010881310758337434
Academic Articles,andposnerargestaubstcyrfoltasolanki,1,657,0.0010881310758337434
Academic Articles,rdt,1,9537,0.0021762621516674867
Academic Articles,strausseffenbergergandorferheberhenneyhirzbergerjonesmecholsky,1,11095,0.0010881310758337434
Academic Articles,kuehl,1,6321,0.0010881310758337434
Academic Articles,andmalandraki,1,623,0.0010881310758337434
Academic Articles,multipurpose,1,7549,0.0021762621516674867
Academic Articles,heliophysicsmission,1,5262,0.0021762621516674867
Academic Articles,esw,1,3936,0.0043525243033349734
Academic Articles,varyspatial,1,12508,0.0010881310758337434
Academic Articles,polarization,1,8911,0.0021762621516674867
Academic Articles,sensitivitythe,1,10430,0.0010881310758337434
Academic Articles,andsampling,1,676,0.0010881310758337434
Academic Articles,pattern,1,8593,0.000827551730243201
Academic Articles,intercalibrating,1,5945,0.0010881310758337434
Academic Articles,datanotoriously,1,2707,0.0010881310758337434
Academic Articles,systemcrucialunderstanding,1,11454,0.0010881310758337434
Academic Articles,sep,1,10437,0.007616917530836203
Academic Articles,requiresholistic,1,9941,0.0010881310758337434
Academic Articles,suntoheliosphere,1,11354,0.0010881310758337434
Academic Articles,modelcmes,1,7370,0.0010881310758337434
Academic Articles,propagate,1,9291,0.0021762621516674867
Academic Articles,withinand,1,13071,0.0010881310758337434
Academic Articles,transported,1,12062,0.0010881310758337434
Academic Articles,throughthe,1,11871,0.0010881310758337434
Academic Articles,windis,1,13009,0.0010881310758337434
Academic Articles,necessaryhavemodel,1,7662,0.0010881310758337434
Academic Articles,statesthe,1,10986,0.0021762621516674867
Academic Articles,cmecme,1,1980,0.0010881310758337434
Academic Articles,knowninfluence,1,6307,0.0010881310758337434
Academic Articles,lackquantitative,1,6357,0.0010881310758337434
Academic Articles,makesdifficultdevelopfull,1,6942,0.0010881310758337434
Academic Articles,modelcme,1,7369,0.0010881310758337434
Academic Articles,without,1,13095,0.006620413841945608
Academic Articles,dataservemodel,1,2716,0.0010881310758337434
Academic Articles,constraint,1,2311,0.0032643932275012296
Academic Articles,predictingthe,1,9035,0.0010881310758337434
Academic Articles,progressing,1,9261,0.0010881310758337434
Academic Articles,needstarttransitionoperations,1,7743,0.0010881310758337434
Academic Articles,likewise,1,6677,0.0010881310758337434
Academic Articles,tested,1,11589,0.0021762621516674867
Academic Articles,performance,1,8633,0.0074479655721888085
Academic Articles,evaluated,1,3947,0.0010881310758337434
Academic Articles,actually,1,213,0.001655103460486402
Academic Articles,hit,1,5352,0.001655103460486402
Academic Articles,neededunderstandand,1,7713,0.0010881310758337434
Academic Articles,ultimately,1,12158,0.002482655190729603
Academic Articles,predictthe,1,9054,0.0010881310758337434
Academic Articles,drivingmagnetospheric,1,3327,0.0010881310758337434
Academic Articles,fromcan,1,4757,0.0010881310758337434
Academic Articles,deviate,1,3031,0.0010881310758337434
Academic Articles,measuredthe,1,7103,0.0010881310758337434
Academic Articles,magnetopause,1,6881,0.0043525243033349734
Academic Articles,duetriple,1,3416,0.0021762621516674867
Academic Articles,aberration,1,2,0.0032643932275012296
Academic Articles,inher,1,5825,0.0010881310758337434
Academic Articles,ent,1,3806,0.0010881310758337434
Academic Articles,structuresthe,1,11145,0.0021762621516674867
Academic Articles,triple,1,12083,0.0021762621516674867
Academic Articles,causedthe,1,1742,0.000827551730243201
Academic Articles,combinationthe,1,2062,0.0010881310758337434
Academic Articles,motion,1,7510,0.002482655190729603
Academic Articles,tripleaberrated,1,12084,0.0010881310758337434
Academic Articles,resultthis,1,10044,0.0010881310758337434
Academic Articles,flowthat,1,4470,0.0010881310758337434
Academic Articles,measuredlnot,1,7100,0.0010881310758337434
Academic Articles,always,1,468,0.004137758651216006
Academic Articles,borovsky,1,1393,0.0021762621516674867
Academic Articles,fromborovsky,1,4756,0.0010881310758337434
Academic Articles,duskdawn,1,3441,0.0010881310758337434
Academic Articles,aberrationthe,1,3,0.0010881310758337434
Academic Articles,windearth,1,13002,0.0010881310758337434
Academic Articles,frontiersastronomy,1,4814,0.0021762621516674867
Academic Articles,orgfspas,1,8359,0.0010881310758337434
Academic Articles,heliosphereearth,1,5270,0.0010881310758337434
Academic Articles,nonradial,1,7865,0.0010881310758337434
Academic Articles,componentthe,1,2165,0.0021762621516674867
Academic Articles,interplaymagnetic,1,5981,0.0010881310758337434
Academic Articles,outward,1,8434,0.0010881310758337434
Academic Articles,bulk,1,1487,0.0032643932275012296
Academic Articles,plasmathe,1,8860,0.0021762621516674867
Academic Articles,variesabout,1,12498,0.0010881310758337434
Academic Articles,thee,1,11700,0.0010881310758337434
Academic Articles,distance,1,3185,0.0032643932275012296
Academic Articles,earthcausesdeflection,1,3477,0.0010881310758337434
Academic Articles,thatabouteroughly,1,11608,0.0010881310758337434
Academic Articles,widththe,1,12936,0.0010881310758337434
Academic Articles,thatplasma,1,11655,0.0010881310758337434
Academic Articles,parcel,1,8515,0.0010881310758337434
Academic Articles,going,1,5008,0.002482655190729603
Academic Articles,throughmight,1,11866,0.0010881310758337434
Academic Articles,completely,1,2140,0.0010881310758337434
Academic Articles,hitting,1,5356,0.000827551730243201
Academic Articles,cansolveda,1,1630,0.0010881310758337434
Academic Articles,earthaddress,1,3475,0.0010881310758337434
Academic Articles,inherent,1,5826,0.0021762621516674867
Academic Articles,wouldto,1,13206,0.00979317968250369
Academic Articles,developbetter,1,2995,0.0010881310758337434
Academic Articles,understandingtheir,1,12224,0.0010881310758337434
Academic Articles,exampleis,1,4032,0.0010881310758337434
Academic Articles,structurecreatedthe,1,11137,0.0010881310758337434
Academic Articles,windformed,1,13006,0.0010881310758337434
Academic Articles,muchgeneratedroute,1,7530,0.0010881310758337434
Academic Articles,turbulencebest,1,12107,0.0010881310758337434
Academic Articles,disentangle,1,3146,0.0010881310758337434
Academic Articles,originthe,1,8372,0.0021762621516674867
Academic Articles,measurementselemental,1,7114,0.0010881310758337434
Academic Articles,shouldlever,1,10563,0.0010881310758337434
Academic Articles,ageddifferentiate,1,325,0.0010881310758337434
Academic Articles,createdthe,1,2561,0.0010881310758337434
Academic Articles,sectionnew,1,10373,0.0010881310758337434
Academic Articles,architectureschapter,1,853,0.0010881310758337434
Academic Articles,arges,1,904,0.0010881310758337434
Academic Articles,joneshenneyschonfeldvourlidasmuglachluhmann,1,6188,0.0010881310758337434
Academic Articles,washingtonposnercn,1,12643,0.0010881310758337434
Academic Articles,argestaubstcyrfoltasolanki,1,905,0.0010881310758337434
Academic Articles,straussal,1,11094,0.0010881310758337434
Academic Articles,discussionsall,1,3137,0.0021762621516674867
Academic Articles,dealing,1,2752,0.001655103460486402
Academic Articles,systemsystemsimportantunderstanding,1,11482,0.0010881310758337434
Academic Articles,lackunderstandingextreme,1,6363,0.0010881310758337434
Academic Articles,neededthese,1,7709,0.0010881310758337434
Academic Articles,measurementsan,1,7110,0.0010881310758337434
Academic Articles,arrangement,1,917,0.0010881310758337434
Academic Articles,keyresolving,1,6248,0.0010881310758337434
Academic Articles,instrumentswelldevelopmentrobust,1,5909,0.0010881310758337434
Academic Articles,elementssuccess,1,3666,0.0010881310758337434
Academic Articles,studieda,1,11158,0.0010881310758337434
Academic Articles,focusboth,1,4521,0.0010881310758337434
Academic Articles,belowneededpredict,1,1300,0.0010881310758337434
Academic Articles,modeledparticular,1,7373,0.0010881310758337434
Academic Articles,forcingthe,1,4596,0.0010881310758337434
Academic Articles,underappreciated,1,12194,0.0010881310758337434
Academic Articles,fourthe,1,4727,0.0010881310758337434
Academic Articles,focusedresearch,1,4535,0.0021762621516674867
Academic Articles,ionospherethermospheremesosphere,1,6062,0.0032643932275012296
Academic Articles,crossregional,1,2592,0.0032643932275012296
Academic Articles,panelpreviously,1,8492,0.0010881310758337434
Academic Articles,specifi,1,10842,0.0010881310758337434
Academic Articles,cally,1,1555,0.0021762621516674867
Academic Articles,technolo,1,11534,0.0010881310758337434
Academic Articles,gy,1,5132,0.0021762621516674867
Academic Articles,summarizedthe,1,11292,0.0010881310758337434
Academic Articles,dependingthe,1,2902,0.0032643932275012296
Academic Articles,panelsome,1,8493,0.0010881310758337434
Academic Articles,part,1,8518,0.002482655190729603
Academic Articles,panelswhich,1,8495,0.0010881310758337434
Academic Articles,fewer,1,4309,0.0021762621516674867
Academic Articles,terry,1,11585,0.0010881310758337434
Academic Articles,onsager,1,8246,0.0010881310758337434
Academic Articles,gabrielsethe,1,4859,0.0010881310758337434
Academic Articles,larry,1,6391,0.0021762621516674867
Academic Articles,kepkonasas,1,6236,0.0010881310758337434
Academic Articles,matina,1,7026,0.0021762621516674867
Academic Articles,gkioulidouthe,1,4968,0.0010881310758337434
Academic Articles,vania,1,12481,0.0010881310758337434
Academic Articles,jordanovalos,1,6190,0.0010881310758337434
Academic Articles,alamo,1,384,0.0010881310758337434
Academic Articles,requiredmake,1,9915,0.0032643932275012296
Academic Articles,severalthe,1,10491,0.0010881310758337434
Academic Articles,mod,1,7357,0.0010881310758337434
Academic Articles,eleda,1,3662,0.0010881310758337434
Academic Articles,withemphasisthe,1,13052,0.0010881310758337434
Academic Articles,control,1,2399,0.005792862111702408
Academic Articles,kepko,1,6235,0.0032643932275012296
Academic Articles,messenger,1,7198,0.0010881310758337434
Academic Articles,connectorsenergy,1,2268,0.0010881310758337434
Academic Articles,regionstailinner,1,9768,0.0010881310758337434
Academic Articles,kineticmesoscaleglobal,1,6266,0.0010881310758337434
Academic Articles,mesoscalesthe,1,7191,0.0010881310758337434
Academic Articles,candefinedroughly,1,1576,0.0010881310758337434
Academic Articles,tofew,1,11962,0.0010881310758337434
Academic Articles,hundredsmetersin,1,5443,0.0010881310758337434
Academic Articles,couplingan,1,2516,0.0010881310758337434
Academic Articles,highlighted,1,5327,0.0032643932275012296
Academic Articles,alsosession,1,442,0.0010881310758337434
Academic Articles,discussioncrossscale,1,3134,0.0010881310758337434
Academic Articles,processeswas,1,9171,0.0010881310758337434
Academic Articles,suchobservational,1,11245,0.0010881310758337434
Academic Articles,requiressystemofsystems,1,9944,0.0010881310758337434
Academic Articles,talknew,1,11511,0.0010881310758337434
Academic Articles,needsaddition,1,7731,0.0010881310758337434
Academic Articles,micro,1,7234,0.0021762621516674867
Academic Articles,macroscale,1,6848,0.0010881310758337434
Academic Articles,processesaddress,1,9165,0.0010881310758337434
Academic Articles,injection,1,5839,0.0043525243033349734
Academic Articles,substorms,1,11200,0.0032643932275012296
Academic Articles,generation,1,4909,0.002482655190729603
Academic Articles,feedbackthe,1,4302,0.0010881310758337434
Academic Articles,magnetosphereionosphere,1,6889,0.005440655379168716
Academic Articles,supportedseveral,1,11372,0.0010881310758337434
Academic Articles,measurementsearths,1,7113,0.0010881310758337434
Academic Articles,magnetospherea,1,6884,0.0010881310758337434
Academic Articles,coordinateddesign,1,2416,0.0010881310758337434
Academic Articles,notan,1,7898,0.0010881310758337434
Academic Articles,afterthought,1,315,0.0010881310758337434
Academic Articles,andnot,1,635,0.0010881310758337434
Academic Articles,adequately,1,255,0.0021762621516674867
Academic Articles,outsmallkinetic,1,8428,0.0010881310758337434
Academic Articles,andglobal,1,595,0.0010881310758337434
Academic Articles,notmesoscales,1,7919,0.0010881310758337434
Academic Articles,resolving,1,10001,0.0021762621516674867
Academic Articles,suchambitious,1,11211,0.0010881310758337434
Academic Articles,observationswellwith,1,8044,0.0010881310758337434
Academic Articles,architec,1,845,0.0010881310758337434
Academic Articles,tures,1,12108,0.0021762621516674867
Academic Articles,sessionchapter,1,10464,0.0021762621516674867
Academic Articles,hsoa,1,5430,0.0010881310758337434
Academic Articles,observa,1,8012,0.0021762621516674867
Academic Articles,tionspursuitsystem,1,11947,0.0010881310758337434
Academic Articles,coordinationad,1,2420,0.0010881310758337434
Academic Articles,accidental,1,92,0.0010881310758337434
Academic Articles,andis,1,614,0.0021762621516674867
Academic Articles,inadequate,1,5630,0.0021762621516674867
Academic Articles,hasaging,1,5175,0.0010881310758337434
Academic Articles,fleetsatellites,1,4453,0.0010881310758337434
Academic Articles,nothingcurrentlythe,1,7914,0.0010881310758337434
Academic Articles,queue,1,9448,0.0010881310758337434
Academic Articles,sciencefor,1,10327,0.0010881310758337434
Academic Articles,inadequacythe,1,5629,0.0010881310758337434
Academic Articles,measurementsclear,1,7111,0.0010881310758337434
Academic Articles,considering,1,2284,0.0043525243033349734
Academic Articles,indicatedglobal,1,5724,0.0010881310758337434
Academic Articles,propertiesthe,1,9303,0.0021762621516674867
Academic Articles,seenthe,1,10411,0.000827551730243201
Academic Articles,cannotmeasured,1,1612,0.0010881310758337434
Academic Articles,possibleadequately,1,8958,0.0010881310758337434
Academic Articles,constrainvalidate,1,2313,0.0010881310758337434
Academic Articles,makethe,1,6946,0.0010881310758337434
Academic Articles,magnetosheath,1,6882,0.0010881310758337434
Academic Articles,plas,1,8852,0.0010881310758337434
Academic Articles,masphere,1,7008,0.0010881310758337434
Academic Articles,cannotstudiedisolation,1,1615,0.0010881310758337434
Academic Articles,propertiesthese,1,9304,0.0010881310758337434
Academic Articles,emergent,1,3692,0.0010881310758337434
Academic Articles,thatthey,1,11673,0.0010881310758337434
Academic Articles,occurthe,1,8138,0.000827551730243201
Academic Articles,reconnection,1,9610,0.007616917530836203
Academic Articles,occursthe,1,8137,0.0010881310758337434
Academic Articles,dayside,1,2738,0.0010881310758337434
Academic Articles,informationcommunicated,1,5781,0.0010881310758337434
Academic Articles,magnetosphereflux,1,6886,0.0010881310758337434
Academic Articles,releasessubstorm,1,9811,0.0010881310758337434
Academic Articles,changetransferredthe,1,1864,0.0010881310758337434
Academic Articles,representationmesoscale,1,9894,0.0010881310758337434
Academic Articles,processesearths,1,9166,0.0010881310758337434
Academic Articles,localized,1,6743,0.004137758651216006
Academic Articles,systemmesoscales,1,11461,0.0010881310758337434
Academic Articles,adapted,1,219,0.0010881310758337434
Academic Articles,movieatinwiltbergermerkinlyon,1,7516,0.0010881310758337434
Academic Articles,andohtani,1,640,0.0010881310758337434
Academic Articles,highresolution,1,5336,0.007616917530836203
Academic Articles,simulationbursty,1,10636,0.0010881310758337434
Academic Articles,journalgeophysical,1,6194,0.0043525243033349734
Academic Articles,mesosphereachieve,1,7193,0.0010881310758337434
Academic Articles,takingnew,1,11504,0.0010881310758337434
Academic Articles,coor,1,2413,0.0010881310758337434
Academic Articles,dinated,1,3080,0.0010881310758337434
Academic Articles,approachprovide,1,827,0.0010881310758337434
Academic Articles,constellationsspacecraftkey,1,2305,0.0010881310758337434
Academic Articles,regionsresolve,1,9766,0.0010881310758337434
Academic Articles,dynamicsflow,1,3446,0.0010881310758337434
Academic Articles,magnetospheremagnetotail,1,6893,0.0010881310758337434
Academic Articles,cold,1,2022,0.00979317968250369
Academic Articles,couplingkinetic,1,2518,0.0010881310758337434
Academic Articles,processesmesoscale,1,9168,0.0010881310758337434
Academic Articles,crosspolarcap,1,2590,0.0010881310758337434
Academic Articles,cap,1,1653,0.0010881310758337434
Academic Articles,fieldaligned,1,4315,0.0021762621516674867
Academic Articles,convection,1,2403,0.0021762621516674867
Academic Articles,mustcoordinated,1,7573,0.0010881310758337434
Academic Articles,setobservations,1,10472,0.0010881310758337434
Academic Articles,mustturn,1,7581,0.0010881310758337434
Academic Articles,feed,1,4298,0.0043525243033349734
Academic Articles,allthese,1,420,0.000827551730243201
Academic Articles,focusstudying,1,4551,0.0010881310758337434
Academic Articles,holisticallya,1,5368,0.0010881310758337434
Academic Articles,sizesnow,1,10673,0.0010881310758337434
Academic Articles,importantthe,1,5605,0.0010881310758337434
Academic Articles,stretched,1,11114,0.000827551730243201
Academic Articles,dipolar,1,3082,0.0010881310758337434
Academic Articles,closerearthplasma,1,1957,0.0010881310758337434
Academic Articles,siteencounters,1,10657,0.0010881310758337434
Academic Articles,rigid,1,10106,0.0010881310758337434
Academic Articles,considerable,1,2278,0.0010881310758337434
Academic Articles,conversion,1,2406,0.0010881310758337434
Academic Articles,roughlyearth,1,10187,0.0010881310758337434
Academic Articles,sampled,1,10238,0.0021762621516674867
Academic Articles,onea,1,8207,0.0021762621516674867
Academic Articles,dynami,1,3442,0.0010881310758337434
Academic Articles,sufficientresolve,1,11268,0.0010881310758337434
Academic Articles,suggestedwouldusefulhavegridsatellites,1,11273,0.0010881310758337434
Academic Articles,detector,1,2977,0.0021762621516674867
Academic Articles,twodimensional,1,12121,0.0043525243033349734
Academic Articles,suchcollection,1,11220,0.0010881310758337434
Academic Articles,wouldessentialdeveloping,1,13189,0.0010881310758337434
Academic Articles,knowledgealso,1,6296,0.0010881310758337434
Academic Articles,neededthe,1,7708,0.0010881310758337434
Academic Articles,pres,1,9072,0.0010881310758337434
Academic Articles,encen,1,3728,0.0010881310758337434
Academic Articles,playskey,1,8873,0.0021762621516674867
Academic Articles,roleionospheric,1,10156,0.0010881310758337434
Academic Articles,ilie,1,5494,0.0021762621516674867
Academic Articles,decadesold,1,2762,0.0010881310758337434
Academic Articles,inhibits,1,5828,0.0010881310758337434
Academic Articles,abilityaccurately,1,6,0.000827551730243201
Academic Articles,predict,1,9025,0.004137758651216006
Academic Articles,hazardous,1,5228,0.0021762621516674867
Academic Articles,environmentdetailedrecent,1,3825,0.0010881310758337434
Academic Articles,sophisticated,1,10756,0.000827551730243201
Academic Articles,spectrometerssmaller,1,10854,0.0010881310758337434
Academic Articles,previously,1,9109,0.000827551730243201
Academic Articles,fernandesal,1,4307,0.0010881310758337434
Academic Articles,gapcurrent,1,4870,0.0010881310758337434
Academic Articles,plasmaspheric,1,8859,0.0010881310758337434
Academic Articles,controlling,1,2401,0.0021762621516674867
Academic Articles,behaviorthe,1,1283,0.0010881310758337434
Academic Articles,ener,1,3749,0.0010881310758337434
Academic Articles,thanare,1,11596,0.0010881310758337434
Academic Articles,difficultmeasure,1,3062,0.0010881310758337434
Academic Articles,least,1,6521,0.001655103460486402
Academic Articles,studied,1,11157,0.0010881310758337434
Academic Articles,dominate,1,3249,0.0010881310758337434
Academic Articles,needunderstand,1,7754,0.0032643932275012296
Academic Articles,goldsteinal,1,5025,0.0010881310758337434
Academic Articles,innovation,1,5847,0.0043525243033349734
Academic Articles,neededmeasure,1,7695,0.0010881310758337434
Academic Articles,populationsspace,1,8931,0.0010881310758337434
Academic Articles,delzannoal,1,2862,0.0010881310758337434
Academic Articles,smallsats,1,10702,0.0010881310758337434
Academic Articles,describeda,1,2924,0.0010881310758337434
Academic Articles,promising,1,9282,0.0021762621516674867
Academic Articles,approachallowlarger,1,809,0.0010881310758337434
Academic Articles,numbersatellitesan,1,7982,0.0010881310758337434
Academic Articles,affordable,1,304,0.0010881310758337434
Academic Articles,gtosat,1,5123,0.0043525243033349734
Academic Articles,blumal,1,1384,0.0010881310758337434
Academic Articles,goddardcubesat,1,4999,0.0010881310758337434
Academic Articles,ledprincipal,1,6526,0.0010881310758337434
Academic Articles,investigatorlauren,1,6023,0.0010881310758337434
Academic Articles,blumone,1,1386,0.0010881310758337434
Academic Articles,pathfinder,1,8588,0.0010881310758337434
Academic Articles,originally,1,8368,0.0010881310758337434
Academic Articles,launchsummera,1,6450,0.0010881310758337434
Academic Articles,inclination,1,5641,0.0032643932275012296
Academic Articles,orbitwill,1,8348,0.0010881310758337434
Academic Articles,carrymagnetometer,1,1703,0.0010881310758337434
Academic Articles,andrelativistic,1,672,0.0010881310758337434
Academic Articles,weighs,1,12807,0.0010881310758337434
Academic Articles,onlyas,1,8231,0.0010881310758337434
Academic Articles,lowercost,1,6818,0.0010881310758337434
Academic Articles,opportunitiesobtain,1,8305,0.0010881310758337434
Academic Articles,numberssimultaneous,1,7986,0.0010881310758337434
Academic Articles,increasethe,1,5701,0.0032643932275012296
Academic Articles,futurethe,1,4855,0.0010881310758337434
Academic Articles,timepublication,1,11915,0.0010881310758337434
Academic Articles,launchedplanning,1,6438,0.0010881310758337434
Academic Articles,imagesthe,1,5522,0.000827551730243201
Academic Articles,describedan,1,2925,0.0021762621516674867
Academic Articles,complementin,1,2137,0.0010881310758337434
Academic Articles,situ,1,10659,0.0043525243033349734
Academic Articles,radiisize,1,9482,0.0010881310758337434
Academic Articles,difficultconstrain,1,3059,0.0010881310758337434
Academic Articles,multi,1,7536,0.0021762621516674867
Academic Articles,pointsitu,1,8892,0.0010881310758337434
Academic Articles,constellationssatellite,1,2304,0.0010881310758337434
Academic Articles,atom,1,1039,0.0043525243033349734
Academic Articles,systemthe,1,11485,0.005440655379168716
Academic Articles,twin,1,12118,0.0021762621516674867
Academic Articles,allsky,1,414,0.0032643932275012296
Academic Articles,themis,1,11737,0.0021762621516674867
Academic Articles,documented,1,3236,0.0021762621516674867
Academic Articles,beforesudden,1,1251,0.0010881310758337434
Academic Articles,commencement,1,2080,0.0010881310758337434
Academic Articles,importancemesoscale,1,5581,0.0010881310758337434
Academic Articles,injectionsinner,1,5842,0.0010881310758337434
Academic Articles,adewuyial,1,257,0.0010881310758337434
Academic Articles,operate,1,8262,0.001655103460486402
Academic Articles,canadaimplementingallsky,1,1565,0.0010881310758337434
Academic Articles,camera,1,1558,0.0010881310758337434
Academic Articles,arraythis,1,920,0.0010881310758337434
Academic Articles,theinfrastructure,1,11716,0.0010881310758337434
Academic Articles,willto,1,12995,0.0010881310758337434
Academic Articles,howresearchers,1,5419,0.0010881310758337434
Academic Articles,participateinternationally,1,8526,0.0010881310758337434
Academic Articles,notedan,1,7904,0.0010881310758337434
Academic Articles,componentresolving,1,2162,0.0010881310758337434
Academic Articles,struc,1,11132,0.0010881310758337434
Academic Articles,connecting,1,2265,0.0010881310758337434
Academic Articles,microscale,1,7236,0.0010881310758337434
Academic Articles,connect,1,2263,0.0032643932275012296
Academic Articles,importancethe,1,5586,0.0032643932275012296
Academic Articles,processparticle,1,9175,0.0010881310758337434
Academic Articles,netosphere,1,7785,0.0010881310758337434
Academic Articles,differentiation,1,3056,0.0010881310758337434
Academic Articles,adiabatic,1,259,0.0010881310758337434
Academic Articles,nonadiabatic,1,7853,0.0010881310758337434
Academic Articles,largerscale,1,6374,0.0010881310758337434
Academic Articles,onlydonecoupling,1,8235,0.0010881310758337434
Academic Articles,domaingeospacea,1,3243,0.0010881310758337434
Academic Articles,needconnect,1,7674,0.0010881310758337434
Academic Articles,effortsdevelop,1,3593,0.0010881310758337434
Academic Articles,schemesadditionbridging,1,10314,0.0010881310758337434
Academic Articles,macro,1,6847,0.0010881310758337434
Academic Articles,striveuse,1,11120,0.0010881310758337434
Academic Articles,possiblenumerical,1,8967,0.0010881310758337434
Academic Articles,casethe,1,1718,0.0010881310758337434
Academic Articles,maythe,1,7075,0.000827551730243201
Academic Articles,practical,1,9005,0.0032643932275012296
Academic Articles,nearterm,1,7651,0.0021762621516674867
Academic Articles,rangeprocesses,1,9507,0.0010881310758337434
Academic Articles,interfacethe,1,5963,0.0010881310758337434
Academic Articles,layersthe,1,6461,0.0010881310758337434
Academic Articles,stormsone,1,11072,0.0010881310758337434
Academic Articles,effortmodel,1,3587,0.0010881310758337434
Academic Articles,atmospheregeospace,1,1028,0.0010881310758337434
Academic Articles,broughtbothsession,1,1457,0.0010881310758337434
Academic Articles,running,1,10203,0.0021762621516674867
Academic Articles,bothan,1,1400,0.0010881310758337434
Academic Articles,outer,1,8404,0.001655103460486402
Academic Articles,modelswellthe,1,7435,0.0010881310758337434
Academic Articles,inputproxy,1,5852,0.0010881310758337434
Academic Articles,suchgeostationary,1,11230,0.0010881310758337434
Academic Articles,appropriate,1,831,0.0032643932275012296
Academic Articles,provideforecast,1,9348,0.0010881310758337434
Academic Articles,withtohour,1,13128,0.0010881310758337434
Academic Articles,forecaststhe,1,4636,0.0010881310758337434
Academic Articles,equally,1,3841,0.0010881310758337434
Academic Articles,magnetospherewas,1,6900,0.0010881310758337434
Academic Articles,thatmeasurements,1,11643,0.0010881310758337434
Academic Articles,notsufficient,1,7924,0.0010881310758337434
Academic Articles,varietyprocesses,1,12500,0.0010881310758337434
Academic Articles,discussionsthe,1,3141,0.0021762621516674867
Academic Articles,artificial,1,941,0.0043525243033349734
Academic Articles,intelligenceand,1,5922,0.0021762621516674867
Academic Articles,neural,1,7803,0.0032643932275012296
Academic Articles,highlightedhaving,1,5328,0.0010881310758337434
Academic Articles,applicationsmagnetospheric,1,788,0.0010881310758337434
Academic Articles,modelingrecent,1,7384,0.0010881310758337434
Academic Articles,modelclaudepierre,1,7368,0.0010881310758337434
Academic Articles,obrien,1,8009,0.0010881310758337434
Academic Articles,shownreproduce,1,10583,0.0010881310758337434
Academic Articles,thep,1,11753,0.0010881310758337434
Academic Articles,indexplanning,1,5717,0.0010881310758337434
Academic Articles,highlightednumbervaluable,1,5329,0.0010881310758337434
Academic Articles,documentedthe,1,3237,0.0010881310758337434
Academic Articles,raisedthe,1,9496,0.0010881310758337434
Academic Articles,powerful,1,9001,0.001655103460486402
Academic Articles,puting,1,9400,0.0010881310758337434
Academic Articles,leadimproved,1,6474,0.0021762621516674867
Academic Articles,capabilitiesareas,1,1655,0.0010881310758337434
Academic Articles,suchmultifluid,1,11242,0.0010881310758337434
Academic Articles,hybrid,1,5453,0.0010881310758337434
Academic Articles,vlasov,1,12572,0.0010881310758337434
Academic Articles,codeswellimplicit,1,2008,0.0010881310758337434
Academic Articles,solver,1,10743,0.0032643932275012296
Academic Articles,tunitiessignificantly,1,12104,0.0010881310758337434
Academic Articles,amountsdata,1,489,0.0021762621516674867
Academic Articles,leadnovel,1,6491,0.0010881310758337434
Academic Articles,combinationsphysicsbased,1,2061,0.0010881310758337434
Academic Articles,emulator,1,3717,0.0021762621516674867
Academic Articles,approacheshas,1,815,0.0010881310758337434
Academic Articles,automatic,1,1086,0.0010881310758337434
Academic Articles,identification,1,5476,0.0010881310758337434
Academic Articles,detection,1,2974,0.0010881310758337434
Academic Articles,quantification,1,9421,0.005440655379168716
Academic Articles,shouldpromotedcomputer,1,10568,0.0010881310758337434
Academic Articles,advancesmagnetospheric,1,271,0.0010881310758337434
Academic Articles,needbetter,1,7673,0.0010881310758337434
Academic Articles,magnetosphereenable,1,6885,0.0010881310758337434
Academic Articles,option,1,8319,0.0032643932275012296
Academic Articles,sourcesolar,1,10765,0.0010881310758337434
Academic Articles,cell,1,1764,0.0021762621516674867
Academic Articles,degradation,1,2838,0.0043525243033349734
Academic Articles,aeap,1,293,0.0010881310758337434
Academic Articles,insufficientpredict,1,5912,0.0010881310758337434
Academic Articles,fluencestime,1,4478,0.0010881310758337434
Academic Articles,scalesdays,1,10294,0.0010881310758337434
Academic Articles,month,1,7484,0.001655103460486402
Academic Articles,evencoupleyears,1,3953,0.0010881310758337434
Academic Articles,association,1,995,0.0010881310758337434
Academic Articles,requiressystemsystems,1,9946,0.0010881310758337434
Academic Articles,linked,1,6715,0.0010881310758337434
Academic Articles,meaning,1,7088,0.000827551730243201
Academic Articles,thatholistic,1,11630,0.0010881310758337434
Academic Articles,approachneededunderstand,1,825,0.0010881310758337434
Academic Articles,phenomenaall,1,8779,0.0010881310758337434
Academic Articles,gkioulidou,1,4967,0.0010881310758337434
Academic Articles,neededadvanceresearch,1,7682,0.0010881310758337434
Academic Articles,andoperations,1,641,0.0010881310758337434
Academic Articles,systemsystemsneed,1,11483,0.0010881310758337434
Academic Articles,infrastructurewas,1,5818,0.0010881310758337434
Academic Articles,thatmodel,1,11646,0.0010881310758337434
Academic Articles,van,1,12480,0.007616917530836203
Academic Articles,allen,1,405,0.007616917530836203
Academic Articles,ablemore,1,23,0.0010881310758337434
Academic Articles,accurately,1,129,0.000827551730243201
Academic Articles,degradationsatellites,1,2839,0.0010881310758337434
Academic Articles,satellitesthe,1,10261,0.000827551730243201
Academic Articles,alsomodeled,1,439,0.0010881310758337434
Academic Articles,heatingenergy,1,5247,0.0010881310758337434
Academic Articles,magnetospherethe,1,6897,0.0021762621516674867
Academic Articles,upwell,1,12325,0.0010881310758337434
Academic Articles,drag,1,3295,0.010758172493161614
Academic Articles,lifetimewelleffortsmanage,1,6618,0.0010881310758337434
Academic Articles,largescale,1,6376,0.0043525243033349734
Academic Articles,poorly,1,8928,0.0021762621516674867
Academic Articles,characterizedcurrent,1,1877,0.0010881310758337434
Academic Articles,canhighly,1,1593,0.0010881310758337434
Academic Articles,needfurther,1,7717,0.0010881310758337434
Academic Articles,neededadvance,1,7681,0.0010881310758337434
Academic Articles,seemsbelackcareer,1,10400,0.0010881310758337434
Academic Articles,attract,1,1049,0.0010881310758337434
Academic Articles,gabrielseal,1,4858,0.0010881310758337434
Academic Articles,daily,1,2658,0.001655103460486402
Academic Articles,rbdailye,1,9535,0.0010881310758337434
Academic Articles,sevenyear,1,10489,0.0010881310758337434
Academic Articles,applicationinterpret,1,782,0.0010881310758337434
Academic Articles,onorbit,1,8245,0.0010881310758337434
Academic Articles,array,1,918,0.0010881310758337434
Academic Articles,submittedthe,1,11186,0.0010881310758337434
Academic Articles,effectsenergy,1,3546,0.0010881310758337434
Academic Articles,upwellingthe,1,12326,0.0010881310758337434
Academic Articles,leadsudden,1,6497,0.0010881310758337434
Academic Articles,altitude,1,461,0.006620413841945608
Academic Articles,changesspacecraft,1,1861,0.0010881310758337434
Academic Articles,gabrielese,1,4856,0.0010881310758337434
Academic Articles,modified,1,7457,0.0021762621516674867
Academic Articles,australis,1,1079,0.000827551730243201
Academic Articles,beyondthephotographycrewearthobservationsvideosaurorahtm,1,1334,0.0010881310758337434
Academic Articles,bottom,1,1410,0.0032643932275012296
Academic Articles,fromgabrielsenishimuralyonsgallardolacourtdeng,1,4773,0.0010881310758337434
Academic Articles,anddonovan,1,570,0.0010881310758337434
Academic Articles,propertiesmesoscale,1,9301,0.0010881310758337434
Academic Articles,flowsthe,1,4469,0.0010881310758337434
Academic Articles,nightside,1,7822,0.0043525243033349734
Academic Articles,orgja,1,8360,0.0010881310758337434
Academic Articles,fromnishimura,1,4785,0.0010881310758337434
Academic Articles,sentationthe,1,10434,0.0010881310758337434
Academic Articles,fall,1,4258,0.001655103460486402
Academic Articles,meetingthe,1,7147,0.0021762621516674867
Academic Articles,facilityplanning,1,4231,0.0010881310758337434
Academic Articles,mesosphereenter,1,7194,0.0010881310758337434
Academic Articles,andstaythe,1,688,0.0010881310758337434
Academic Articles,lackinformation,1,6350,0.0010881310758337434
Academic Articles,munity,1,7565,0.0010881310758337434
Academic Articles,unwillingshare,1,12302,0.0010881310758337434
Academic Articles,proprietary,1,9315,0.0043525243033349734
Academic Articles,makedifficult,1,6934,0.0010881310758337434
Academic Articles,researchersunderstand,1,9963,0.0010881310758337434
Academic Articles,informationneededaddress,1,5788,0.0010881310758337434
Academic Articles,thatthe,1,11672,0.0021762621516674867
Academic Articles,realize,1,9579,0.000827551730243201
Academic Articles,arewillimpactedspace,1,901,0.0010881310758337434
Academic Articles,usersspace,1,12396,0.0021762621516674867
Academic Articles,progressunderstanding,1,9270,0.0021762621516674867
Academic Articles,utility,1,12453,0.0021762621516674867
Academic Articles,dattabaruathe,1,2726,0.0010881310758337434
Academic Articles,charles,1,1886,0.0010881310758337434
Academic Articles,carranoboston,1,1691,0.0010881310758337434
Academic Articles,jonathan,1,6186,0.0021762621516674867
Academic Articles,snivelyembryriddle,1,10710,0.0010881310758337434
Academic Articles,aeronautical,1,295,0.0043525243033349734
Academic Articles,sean,1,10363,0.0021762621516674867
Academic Articles,bruinsmathe,1,1460,0.0010881310758337434
Academic Articles,geodesy,1,4918,0.0010881310758337434
Academic Articles,french,1,4742,0.0010881310758337434
Academic Articles,cnes,1,2000,0.0010881310758337434
Academic Articles,greg,1,5072,0.0010881310758337434
Academic Articles,ginetthe,1,4955,0.0010881310758337434
Academic Articles,massachusetts,1,7010,0.0043525243033349734
Academic Articles,spheric,1,10879,0.0032643932275012296
Academic Articles,answerthe,1,738,0.0010881310758337434
Academic Articles,quantified,1,9425,0.0032643932275012296
Academic Articles,understandinghow,1,12214,0.0010881310758337434
Academic Articles,evolves,1,4017,0.0010881310758337434
Academic Articles,duedriving,1,3369,0.0010881310758337434
Academic Articles,belowcreate,1,1295,0.0010881310758337434
Academic Articles,propagationthe,1,9298,0.0010881310758337434
Academic Articles,performancemake,1,8637,0.0010881310758337434
Academic Articles,routinely,1,10193,0.0032643932275012296
Academic Articles,cali,1,1544,0.0010881310758337434
Academic Articles,brated,1,1426,0.0010881310758337434
Academic Articles,readily,1,9571,0.0021762621516674867
Academic Articles,share,1,10505,0.0032643932275012296
Academic Articles,gnss,1,4982,0.0043525243033349734
Academic Articles,flexible,1,4458,0.0010881310758337434
Academic Articles,canused,1,1642,0.0043525243033349734
Academic Articles,communityadopted,1,2108,0.0010881310758337434
Academic Articles,withgeneral,1,13063,0.0010881310758337434
Academic Articles,complexitiesthe,1,2145,0.0010881310758337434
Academic Articles,dependencieslatitude,1,2897,0.0010881310758337434
Academic Articles,midlatitude,1,7251,0.0021762621516674867
Academic Articles,lowlatitude,1,6827,0.0010881310758337434
Academic Articles,bandswellscale,1,1157,0.0010881310758337434
Academic Articles,smalltomesoscale,1,10704,0.0010881310758337434
Academic Articles,inputsthis,1,5856,0.0010881310758337434
Academic Articles,magnetospherewellfrom,1,6902,0.0010881310758337434
Academic Articles,acousticgravity,1,135,0.0032643932275012296
Academic Articles,tids,1,11882,0.0010881310758337434
Academic Articles,allthem,1,419,0.0010881310758337434
Academic Articles,interacting,1,5936,0.000827551730243201
Academic Articles,turningthe,1,12114,0.0010881310758337434
Academic Articles,focusedsafetycritical,1,4536,0.0010881310758337434
Academic Articles,suchaircraft,1,11210,0.0010881310758337434
Academic Articles,landing,1,6368,0.0010881310758337434
Academic Articles,assurance,1,1000,0.0021762621516674867
Academic Articles,dueionospheric,1,3384,0.0010881310758337434
Academic Articles,acceptable,1,79,0.0010881310758337434
Academic Articles,limitsa,1,6702,0.0010881310758337434
Academic Articles,prompt,1,9286,0.0010881310758337434
Academic Articles,alertswitchother,1,394,0.0010881310758337434
Academic Articles,methodsmaintain,1,7217,0.0010881310758337434
Academic Articles,safety,1,10212,0.000827551730243201
Academic Articles,uncertaintiessafetycritical,1,12178,0.0010881310758337434
Academic Articles,methodseither,1,7215,0.0010881310758337434
Academic Articles,deterministicstochasticare,1,2990,0.0010881310758337434
Academic Articles,onsetinstabilities,1,8249,0.0010881310758337434
Academic Articles,neededtime,1,7710,0.0010881310758337434
Academic Articles,scalesminuteshoursopposedthe,1,10297,0.0010881310758337434
Academic Articles,extending,1,4196,0.0021762621516674867
Academic Articles,globaltensmeters,1,4976,0.0010881310758337434
Academic Articles,geodetic,1,4919,0.0010881310758337434
Academic Articles,upgrading,1,12310,0.0010881310758337434
Academic Articles,multifrequency,1,7541,0.0010881310758337434
Academic Articles,sensor,1,10431,0.010881310758337433
Academic Articles,meanssample,1,7092,0.0010881310758337434
Academic Articles,wouldvia,1,13207,0.0010881310758337434
Academic Articles,record,1,9618,0.004137758651216006
Academic Articles,approachesthey,1,819,0.0010881310758337434
Academic Articles,accessiblethe,1,89,0.0010881310758337434
Academic Articles,carrano,1,1690,0.0010881310758337434
Academic Articles,scintillationrapid,1,10347,0.0010881310758337434
Academic Articles,changesthe,1,1862,0.002482655190729603
Academic Articles,propaga,1,9290,0.0010881310758337434
Academic Articles,causedionospheric,1,1738,0.0010881310758337434
Academic Articles,performancevarious,1,8642,0.0010881310758337434
Academic Articles,nological,1,7849,0.0010881310758337434
Academic Articles,scintillation,1,10346,0.0043525243033349734
Academic Articles,canmeasured,1,1604,0.0010881310758337434
Academic Articles,groundtosatellite,1,5090,0.0010881310758337434
Academic Articles,satellitetosatellite,1,10265,0.0010881310758337434
Academic Articles,transmission,1,12057,0.000827551730243201
Academic Articles,requirefusionground,1,9925,0.0010881310758337434
Academic Articles,useexisting,1,12379,0.0010881310758337434
Academic Articles,networkswellan,1,7802,0.0010881310758337434
Academic Articles,theoretical,1,11749,0.0010881310758337434
Academic Articles,irregularitiesdevelop,1,6078,0.0010881310758337434
Academic Articles,thisturn,1,11834,0.0021762621516674867
Academic Articles,ginet,1,4954,0.0021762621516674867
Academic Articles,effectsionospheric,1,3548,0.0010881310758337434
Academic Articles,disturbancesthe,1,3204,0.000827551730243201
Academic Articles,propagationhighfrequencyradio,1,9297,0.0010881310758337434
Academic Articles,mhz,1,7228,0.0010881310758337434
Academic Articles,becausewaves,1,1217,0.0010881310758337434
Academic Articles,bottomthe,1,1412,0.0021762621516674867
Academic Articles,longdistance,1,6763,0.0010881310758337434
Academic Articles,communicationsam,1,2104,0.0010881310758337434
Academic Articles,overthehorizon,1,8459,0.0010881310758337434
Academic Articles,othr,1,8389,0.0010881310758337434
Academic Articles,applica,1,777,0.0010881310758337434
Academic Articles,performancethese,1,8641,0.0010881310758337434
Academic Articles,requirebetter,1,9911,0.0010881310758337434
Academic Articles,abilitymeasure,1,12,0.0010881310758337434
Academic Articles,ionospherepar,1,6056,0.0010881310758337434
Academic Articles,ticular,1,11880,0.0010881310758337434
Academic Articles,bottomside,1,1411,0.0032643932275012296
Academic Articles,waysrealize,1,12727,0.0010881310758337434
Academic Articles,eachwhich,1,3454,0.0010881310758337434
Academic Articles,issuesgnss,1,6113,0.0010881310758337434
Academic Articles,occultation,1,8107,0.006528786455002459
Academic Articles,tec,1,11526,0.0043525243033349734
Academic Articles,neededpropagation,1,7698,0.0010881310758337434
Academic Articles,modelsnetworkstandard,1,7416,0.0010881310758337434
Academic Articles,lowpowersounders,1,6832,0.0010881310758337434
Academic Articles,globe,1,4977,0.000827551730243201
Academic Articles,mightfeasible,1,7261,0.0010881310758337434
Academic Articles,butis,1,1517,0.0043525243033349734
Academic Articles,whether,1,12886,0.004965310381459206
Academic Articles,oblique,1,8008,0.0010881310758337434
Academic Articles,oceanographicradars,1,8142,0.0010881310758337434
Academic Articles,operatethe,1,8267,0.0010881310758337434
Academic Articles,band,1,1155,0.0010881310758337434
Academic Articles,butbe,1,1508,0.0010881310758337434
Academic Articles,usable,1,12332,0.0043525243033349734
Academic Articles,standardizationwaveform,1,10940,0.0010881310758337434
Academic Articles,andnetworkionospheric,1,633,0.0010881310758337434
Academic Articles,linksbe,1,6718,0.0010881310758337434
Academic Articles,passive,1,8584,0.0010881310758337434
Academic Articles,receiverssummary,1,9596,0.0010881310758337434
Academic Articles,thecommunity,1,11693,0.0010881310758337434
Academic Articles,mapssporadic,1,6981,0.0010881310758337434
Academic Articles,elayers,1,3638,0.0010881310758337434
Academic Articles,validated,1,12459,0.0010881310758337434
Academic Articles,metricspath,1,7222,0.0010881310758337434
Academic Articles,loss,1,6790,0.006528786455002459
Academic Articles,delay,1,2848,0.007616917530836203
Academic Articles,angleofarrival,1,722,0.0010881310758337434
Academic Articles,systematic,1,11450,0.0043525243033349734
Academic Articles,validationionospheric,1,12464,0.0010881310758337434
Academic Articles,integration,1,5918,0.0043525243033349734
Academic Articles,snively,1,10709,0.0043525243033349734
Academic Articles,effectslower,1,3551,0.0010881310758337434
Academic Articles,atmo,1,1023,0.0010881310758337434
Academic Articles,compositional,1,2169,0.0021762621516674867
Academic Articles,fluctuationswellstrong,1,4477,0.0010881310758337434
Academic Articles,overwide,1,8468,0.0010881310758337434
Academic Articles,rangescales,1,9508,0.0021762621516674867
Academic Articles,fregions,1,4741,0.0010881310758337434
Academic Articles,canmodulatedlower,1,1607,0.0010881310758337434
Academic Articles,thermo,1,11780,0.0021762621516674867
Academic Articles,waveswellby,1,12705,0.0010881310758337434
Academic Articles,acoustic,1,134,0.0010881310758337434
Academic Articles,gravity,1,5061,0.00979317968250369
Academic Articles,andmeasurements,1,625,0.0010881310758337434
Academic Articles,multisystem,1,7558,0.0010881310758337434
Academic Articles,modelsthermosphereionosphere,1,7429,0.0010881310758337434
Academic Articles,dynamicsboth,1,3445,0.0010881310758337434
Academic Articles,systemswellcontinuous,1,11478,0.0010881310758337434
Academic Articles,progressphysical,1,9263,0.0010881310758337434
Academic Articles,andpredictions,1,660,0.0010881310758337434
Academic Articles,particularlythe,1,8549,0.0010881310758337434
Academic Articles,quantificationdynamic,1,9422,0.0010881310758337434
Academic Articles,processesthe,1,9170,0.0021762621516674867
Academic Articles,modulate,1,7461,0.0010881310758337434
Academic Articles,modelingionneutral,1,7382,0.0010881310758337434
Academic Articles,connectimpactssignal,1,2264,0.0010881310758337434
Academic Articles,modelsdifferent,1,7409,0.0010881310758337434
Academic Articles,mesh,1,7187,0.0032643932275012296
Academic Articles,welldataconstrained,1,12818,0.0010881310758337434
Academic Articles,leverage,1,6603,0.001655103460486402
Academic Articles,bigdata,1,1344,0.0010881310758337434
Academic Articles,handling,1,5154,0.0021762621516674867
Academic Articles,heterogeneous,1,5300,0.005440655379168716
Academic Articles,coveragedistributed,1,2535,0.0010881310758337434
Academic Articles,bruinsma,1,1459,0.0032643932275012296
Academic Articles,thermosphereionosphere,1,11784,0.0032643932275012296
Academic Articles,den,1,2875,0.0021762621516674867
Academic Articles,sitya,1,10669,0.0010881310758337434
Academic Articles,analysisitdirectly,1,508,0.0010881310758337434
Academic Articles,proportionalthe,1,9307,0.0010881310758337434
Academic Articles,accuracyorbit,1,125,0.0010881310758337434
Academic Articles,calculationslimitedthe,1,1540,0.0010881310758337434
Academic Articles,mesospherethe,1,7196,0.0010881310758337434
Academic Articles,relysimple,1,9840,0.0010881310758337434
Academic Articles,useproxies,1,12392,0.0010881310758337434
Academic Articles,suchtheflux,1,11256,0.0010881310758337434
Academic Articles,insteadusing,1,5881,0.0010881310758337434
Academic Articles,actual,1,212,0.0043525243033349734
Academic Articles,discussioncontinuous,1,3133,0.0010881310758337434
Academic Articles,irradiancethe,1,6077,0.0010881310758337434
Academic Articles,euvthe,1,3943,0.0010881310758337434
Academic Articles,lackan,1,6336,0.0010881310758337434
Academic Articles,inconsistent,1,5672,0.0021762621516674867
Academic Articles,distributiondata,1,3194,0.0010881310758337434
Academic Articles,keeping,1,6228,0.001655103460486402
Academic Articles,trackthe,1,12017,0.0010881310758337434
Academic Articles,numberlow,1,7975,0.0010881310758337434
Academic Articles,orbiting,1,8341,0.001655103460486402
Academic Articles,satel,1,10247,0.0021762621516674867
Academic Articles,precision,1,9022,0.0010881310758337434
Academic Articles,determination,1,2979,0.0010881310758337434
Academic Articles,conjunction,1,2261,0.0010881310758337434
Academic Articles,lifetime,1,6616,0.004137758651216006
Academic Articles,estimation,1,3933,0.0043525243033349734
Academic Articles,capabilitiesthe,1,1661,0.0010881310758337434
Academic Articles,thermosphereionosphereparticular,1,11786,0.0010881310758337434
Academic Articles,calculation,1,1539,0.001655103460486402
Academic Articles,regionaltitudes,1,9678,0.0010881310758337434
Academic Articles,andthat,1,697,0.000827551730243201
Academic Articles,net,1,7783,0.0043525243033349734
Academic Articles,thermospheresufficiently,1,11790,0.0010881310758337434
Academic Articles,observationscomposition,1,8022,0.0010881310758337434
Academic Articles,standardssustained,1,10944,0.0010881310758337434
Academic Articles,euvtheii,1,3944,0.0010881310758337434
Academic Articles,andsolar,1,685,0.0010881310758337434
Academic Articles,theandlagrange,1,11688,0.0010881310758337434
Academic Articles,scheme,1,10313,0.005440655379168716
Academic Articles,assessmentmodelsunder,1,970,0.0010881310758337434
Academic Articles,continuebe,1,2339,0.0010881310758337434
Academic Articles,investmentspeople,1,6028,0.0010881310758337434
Academic Articles,willmodeling,1,12969,0.0010881310758337434
Academic Articles,naomi,1,7592,0.0010881310758337434
Academic Articles,maruyamathe,1,7004,0.0010881310758337434
Academic Articles,matt,1,7031,0.0021762621516674867
Academic Articles,zettergrenembryriddle,1,13260,0.0010881310758337434
Academic Articles,aero,1,294,0.0010881310758337434
Academic Articles,nautical,1,7617,0.0010881310758337434
Academic Articles,katrina,1,6225,0.0010881310758337434
Academic Articles,bossertarizona,1,1398,0.0010881310758337434
Academic Articles,bill,1,1350,0.0010881310758337434
Academic Articles,lotkothe,1,6802,0.0010881310758337434
Academic Articles,larisa,1,6389,0.0010881310758337434
Academic Articles,goncharenkothe,1,5027,0.0010881310758337434
Academic Articles,hanli,1,5157,0.0010881310758337434
Academic Articles,liuthe,1,6737,0.0010881310758337434
Academic Articles,advancesmodeling,1,273,0.0010881310758337434
Academic Articles,generates,1,4906,0.0010881310758337434
Academic Articles,biggest,1,1346,0.0021762621516674867
Academic Articles,challengesionospherethermospheremesosphere,1,1822,0.0010881310758337434
Academic Articles,sciencethe,1,10335,0.0032643932275012296
Academic Articles,neededtest,1,7707,0.0010881310758337434
Academic Articles,abilitynowcastforecast,1,14,0.0010881310758337434
Academic Articles,systemwhat,1,11487,0.0010881310758337434
Academic Articles,extentspace,1,4202,0.0010881310758337434
Academic Articles,belowoverarching,1,1302,0.0010881310758337434
Academic Articles,belowneedsbe,1,1301,0.0010881310758337434
Academic Articles,magnetosphereforced,1,6887,0.0010881310758337434
Academic Articles,relative,1,9800,0.0021762621516674867
Academic Articles,contri,1,2388,0.0010881310758337434
Academic Articles,butionsthis,1,1515,0.0010881310758337434
Academic Articles,dependlocation,1,2904,0.0010881310758337434
Academic Articles,activitywellthe,1,207,0.0010881310758337434
Academic Articles,historyforcing,1,5349,0.0010881310758337434
Academic Articles,preconditioninghigh,1,9024,0.0010881310758337434
Academic Articles,dominates,1,3252,0.0010881310758337434
Academic Articles,whilemiddle,1,12915,0.0010881310758337434
Academic Articles,belowdominant,1,1296,0.0010881310758337434
Academic Articles,timeisyet,1,11908,0.0010881310758337434
Academic Articles,uncertain,1,12169,0.000827551730243201
Academic Articles,seasonal,1,10365,0.0010881310758337434
Academic Articles,variationsclimate,1,12494,0.0010881310758337434
Academic Articles,shift,1,10530,0.0010881310758337434
Academic Articles,importanceforcing,1,5578,0.0010881310758337434
Academic Articles,abovehow,1,42,0.0010881310758337434
Academic Articles,geoeffectivenessexternal,1,4921,0.0021762621516674867
Academic Articles,forcingnumberpanelists,1,4595,0.0010881310758337434
Academic Articles,contains,1,2323,0.0021762621516674867
Academic Articles,isnt,1,6085,0.000827551730243201
Academic Articles,capturedthe,1,1680,0.0021762621516674867
Academic Articles,smallscale,1,10703,0.0032643932275012296
Academic Articles,tide,1,11881,0.0032643932275012296
Academic Articles,trigger,1,12079,0.000827551730243201
Academic Articles,especiallythe,1,3899,0.0032643932275012296
Academic Articles,hand,1,5152,0.0010881310758337434
Academic Articles,leadlargescale,1,6484,0.0010881310758337434
Academic Articles,requiredresolve,1,9920,0.0021762621516674867
Academic Articles,evolutiondifferent,1,4008,0.0010881310758337434
Academic Articles,regulating,1,9776,0.0010881310758337434
Academic Articles,interactionthe,1,5941,0.0021762621516674867
Academic Articles,tying,1,12127,0.0010881310758337434
Academic Articles,atmospherethe,1,1034,0.0010881310758337434
Academic Articles,measuredmesoscales,1,7101,0.0010881310758337434
Academic Articles,functiontimeorderimprove,1,4832,0.0010881310758337434
Academic Articles,straightforwardget,1,11083,0.0010881310758337434
Academic Articles,forgiven,1,4652,0.0010881310758337434
Academic Articles,estimating,1,3932,0.0010881310758337434
Academic Articles,precipitationinduced,1,9018,0.0010881310758337434
Academic Articles,conductivitymore,1,2239,0.0010881310758337434
Academic Articles,complicated,1,2151,0.000827551730243201
Academic Articles,distributionchallenging,1,3193,0.0010881310758337434
Academic Articles,combining,1,2069,0.008705048606669947
Academic Articles,multispectral,1,7556,0.0010881310758337434
Academic Articles,downkm,1,3277,0.0021762621516674867
Academic Articles,arekey,1,887,0.0010881310758337434
Academic Articles,rate,1,9526,0.0032643932275012296
Academic Articles,substorm,1,11199,0.0032643932275012296
Academic Articles,proposedthe,1,9312,0.0010881310758337434
Academic Articles,tube,1,12099,0.0010881310758337434
Academic Articles,ultravioletimagingdetermine,1,12162,0.0010881310758337434
Academic Articles,gdc,1,4895,0.0010881310758337434
Academic Articles,optimized,1,8317,0.0032643932275012296
Academic Articles,touchedimaging,1,12001,0.0010881310758337434
Academic Articles,specie,1,10841,0.0021762621516674867
Academic Articles,suchh,1,11233,0.0010881310758337434
Academic Articles,cannotimaged,1,1611,0.0010881310758337434
Academic Articles,optically,1,8315,0.0010881310758337434
Academic Articles,imagingothers,1,5526,0.0010881310758337434
Academic Articles,meanswhich,1,7094,0.0010881310758337434
Academic Articles,variabilitythe,1,12487,0.0032643932275012296
Academic Articles,areimportant,1,882,0.0010881310758337434
Academic Articles,sourceenergy,1,10760,0.0010881310758337434
Academic Articles,encompass,1,3731,0.0010881310758337434
Academic Articles,structuresdifferent,1,11142,0.0010881310758337434
Academic Articles,suchtids,1,11257,0.0010881310758337434
Academic Articles,dissipation,1,3184,0.0032643932275012296
Academic Articles,maddenjulian,1,6850,0.0010881310758337434
Academic Articles,quasibiennial,1,9432,0.0010881310758337434
Academic Articles,thermospheretermsboth,1,11791,0.0010881310758337434
Academic Articles,daytoday,1,2746,0.000827551730243201
Academic Articles,smallerscale,1,10697,0.0021762621516674867
Academic Articles,measurementswind,1,7132,0.0010881310758337434
Academic Articles,temperature,1,11555,0.003310206920972804
Academic Articles,densitya,1,2882,0.0010881310758337434
Academic Articles,capablefollowing,1,1671,0.0010881310758337434
Academic Articles,evolutionwaves,1,4015,0.0010881310758337434
Academic Articles,latitudelongitude,1,6427,0.0010881310758337434
Academic Articles,thermospherehighly,1,11783,0.0010881310758337434
Academic Articles,sensitivethe,1,10428,0.0010881310758337434
Academic Articles,changesthermospheric,1,1863,0.0010881310758337434
Academic Articles,compositiontemperature,1,2170,0.0010881310758337434
Academic Articles,leadmajor,1,6486,0.0010881310758337434
Academic Articles,higherfurthermore,1,5316,0.0010881310758337434
Academic Articles,climatological,1,1952,0.0021762621516674867
Academic Articles,measurementsthermospheric,1,7126,0.0010881310758337434
Academic Articles,parameterstides,1,8513,0.0010881310758337434
Academic Articles,requiredunderstand,1,9922,0.0010881310758337434
Academic Articles,interactionsthe,1,5940,0.0010881310758337434
Academic Articles,interactionforces,1,5938,0.0010881310758337434
Academic Articles,rolemodulating,1,10160,0.0010881310758337434
Academic Articles,auroralgenerated,1,1073,0.0010881310758337434
Academic Articles,producedifferent,1,9190,0.0010881310758337434
Academic Articles,fidelitywholeatmosphere,1,4312,0.0010881310758337434
Academic Articles,ionospherer,1,6059,0.0010881310758337434
Academic Articles,andfieldaligned,1,584,0.0010881310758337434
Academic Articles,currentsa,1,2624,0.0010881310758337434
Academic Articles,rangetemporal,1,9513,0.0021762621516674867
Academic Articles,injected,1,5838,0.0021762621516674867
Academic Articles,atmospherejoule,1,1030,0.0010881310758337434
Academic Articles,heatingimportantwas,1,5249,0.0010881310758337434
Academic Articles,instancethe,1,5875,0.0010881310758337434
Academic Articles,failurenearly,1,4247,0.0010881310758337434
Academic Articles,spacex,1,10815,0.011585724223404816
Academic Articles,aftergeomagnetic,1,311,0.0010881310758337434
Academic Articles,butlack,1,1518,0.0010881310758337434
Academic Articles,modelsthese,1,7430,0.000827551730243201
Academic Articles,howeverdo,1,5408,0.0010881310758337434
Academic Articles,conditioningthe,1,2200,0.0010881310758337434
Academic Articles,penetrationelectric,1,8617,0.0010881310758337434
Academic Articles,fieldsobservational,1,4358,0.0010881310758337434
Academic Articles,currentswith,1,2632,0.0010881310758337434
Academic Articles,pioneeredthe,1,8822,0.0010881310758337434
Academic Articles,european,1,3941,0.0032643932275012296
Academic Articles,swarm,1,11416,0.0021762621516674867
Academic Articles,constel,1,2298,0.0010881310758337434
Academic Articles,lation,1,6425,0.0010881310758337434
Academic Articles,resolutioncommon,1,9999,0.0010881310758337434
Academic Articles,quantifying,1,9428,0.0021762621516674867
Academic Articles,fourdimensional,1,4724,0.0010881310758337434
Academic Articles,parameterstemperaturendensity,1,8510,0.0010881310758337434
Academic Articles,windsfurther,1,13016,0.0010881310758337434
Academic Articles,vations,1,12511,0.0010881310758337434
Academic Articles,alsocoordinated,1,435,0.0010881310758337434
Academic Articles,sciencesuncover,1,10334,0.0010881310758337434
Academic Articles,couplingthrough,1,2520,0.0010881310758337434
Academic Articles,convective,1,2404,0.0010881310758337434
Academic Articles,instabilitiescyclones,1,5867,0.0010881310758337434
Academic Articles,thunderstorm,1,11874,0.0010881310758337434
Academic Articles,whichturn,1,12907,0.0021762621516674867
Academic Articles,leadchangesthe,1,6467,0.0010881310758337434
Academic Articles,wavesnew,1,12703,0.0010881310758337434
Academic Articles,approachmultiscale,1,824,0.0010881310758337434
Academic Articles,modelsneeded,1,7415,0.0010881310758337434
Academic Articles,describe,1,2922,0.0010881310758337434
Academic Articles,feedbackcrossscale,1,4300,0.0010881310758337434
Academic Articles,developmentsuch,1,3024,0.0010881310758337434
Academic Articles,sustainable,1,11409,0.0021762621516674867
Academic Articles,infrastructuresdense,1,5815,0.0010881310758337434
Academic Articles,progressthe,1,9268,0.0010881310758337434
Academic Articles,numerics,1,7992,0.0010881310758337434
Academic Articles,physicsthe,1,8809,0.001655103460486402
Academic Articles,magic,1,6863,0.0010881310758337434
Academic Articles,zettergren,1,13259,0.0021762621516674867
Academic Articles,jgr,1,6177,0.0010881310758337434
Academic Articles,therein,1,11772,0.0043525243033349734
Academic Articles,revolutionized,1,10089,0.0010881310758337434
Academic Articles,abilityexplore,1,8,0.0010881310758337434
Academic Articles,magicnow,1,6864,0.0010881310758337434
Academic Articles,implementedforestclaw,1,5570,0.0010881310758337434
Academic Articles,calhoun,1,1543,0.0010881310758337434
Academic Articles,burstedde,1,1495,0.0010881310758337434
Academic Articles,arxiv,1,943,0.0010881310758337434
Academic Articles,whichan,1,12893,0.0010881310758337434
Academic Articles,amr,1,496,0.0021762621516674867
Academic Articles,library,1,6605,0.0032643932275012296
Academic Articles,pest,1,8751,0.0010881310758337434
Academic Articles,bursteddeal,1,1496,0.0010881310758337434
Academic Articles,siam,1,10591,0.0010881310758337434
Academic Articles,jsc,1,6195,0.0010881310758337434
Academic Articles,clawpack,1,1947,0.0021762621516674867
Academic Articles,leveque,1,6602,0.0010881310758337434
Academic Articles,jcp,1,6167,0.0010881310758337434
Academic Articles,enables,1,3721,0.000827551730243201
Academic Articles,surfacetospace,1,11393,0.0010881310758337434
Academic Articles,agw,1,354,0.0021762621516674867
Academic Articles,modelinglarge,1,7383,0.0010881310758337434
Academic Articles,thousandskilometers,1,11846,0.0010881310758337434
Academic Articles,calculationspecies,1,1541,0.0010881310758337434
Academic Articles,airglow,1,377,0.0021762621516674867
Academic Articles,applicationslongrange,1,787,0.0010881310758337434
Academic Articles,extensionsthe,1,4198,0.0010881310758337434
Academic Articles,embryriddle,1,3685,0.0010881310758337434
Academic Articles,fromsnively,1,4797,0.0010881310758337434
Academic Articles,scalable,1,10284,0.0010881310758337434
Academic Articles,modelingacousticgravity,1,7378,0.0010881310758337434
Academic Articles,surfacespace,1,11390,0.0010881310758337434
Academic Articles,abstract,1,58,0.0010881310758337434
Academic Articles,saa,1,10207,0.0010881310758337434
Academic Articles,fmmeetingappcgipaperplanning,1,4520,0.0010881310758337434
Academic Articles,investmentlocal,1,6025,0.0010881310758337434
Academic Articles,generalpurpose,1,4902,0.0010881310758337434
Academic Articles,opensource,1,8260,0.0010881310758337434
Academic Articles,issuesthe,1,6117,0.0021762621516674867
Academic Articles,licensing,1,6607,0.0010881310758337434
Academic Articles,practicesspecific,1,9008,0.0010881310758337434
Academic Articles,techniqueswas,1,11531,0.0010881310758337434
Academic Articles,adaptive,1,220,0.0010881310758337434
Academic Articles,refinement,1,9652,0.0010881310758337434
Academic Articles,mayunderused,1,7076,0.0010881310758337434
Academic Articles,liu,1,6736,0.0010881310758337434
Academic Articles,commented,1,2082,0.006528786455002459
Academic Articles,thatdoes,1,11620,0.0010881310758337434
Academic Articles,mat,1,7013,0.0021762621516674867
Academic Articles,ter,1,11573,0.0032643932275012296
Academic Articles,put,1,9398,0.001655103460486402
Academic Articles,butterfly,1,1520,0.0010881310758337434
Academic Articles,willrequiredmanage,1,12990,0.0010881310758337434
Academic Articles,endawoke,1,3736,0.0010881310758337434
Academic Articles,yizengaw,1,13244,0.0010881310758337434
Academic Articles,moderatedpanelcrossscale,1,7445,0.0010881310758337434
Academic Articles,josh,1,6191,0.0021762621516674867
Academic Articles,semeterboston,1,10417,0.0010881310758337434
Academic Articles,astrid,1,1004,0.0010881310758337434
Academic Articles,mautethe,1,7038,0.0010881310758337434
Academic Articles,hubasyntek,1,5437,0.0010881310758337434
Academic Articles,seth,1,10471,0.0010881310758337434
Academic Articles,claudepierrethe,1,1946,0.0010881310758337434
Academic Articles,los,1,6786,0.0032643932275012296
Academic Articles,angeles,1,719,0.0032643932275012296
Academic Articles,raenorthumbria,1,9488,0.0010881310758337434
Academic Articles,universitynewcastle,1,12261,0.0010881310758337434
Academic Articles,tyne,1,12128,0.0010881310758337434
Academic Articles,england,1,3772,0.000827551730243201
Academic Articles,couplingenable,1,2517,0.0010881310758337434
Academic Articles,semeter,1,10416,0.0032643932275012296
Academic Articles,beganproposing,1,1264,0.0010881310758337434
Academic Articles,occurs,1,8134,0.002482655190729603
Academic Articles,dynamicsone,1,3447,0.0010881310758337434
Academic Articles,spatiotemporal,1,10831,0.0021762621516674867
Academic Articles,define,1,2816,0.0010881310758337434
Academic Articles,gov,1,5035,0.0010881310758337434
Academic Articles,erneddifferent,1,3869,0.0010881310758337434
Academic Articles,physicsprocesses,1,8806,0.0010881310758337434
Academic Articles,demarcateda,1,2867,0.0010881310758337434
Academic Articles,changephysical,1,1856,0.0010881310758337434
Academic Articles,descriptionbetween,1,2936,0.0010881310758337434
Academic Articles,magnetospherering,1,6896,0.0010881310758337434
Academic Articles,examplescrossscale,1,4038,0.0021762621516674867
Academic Articles,fromenergy,1,4764,0.0010881310758337434
Academic Articles,reconnectionsubstorm,1,9612,0.0010881310758337434
Academic Articles,drivenion,1,3312,0.0010881310758337434
Academic Articles,modeenergy,1,7360,0.0021762621516674867
Academic Articles,changephysics,1,1857,0.0010881310758337434
Academic Articles,significance,1,10611,0.0010881310758337434
Academic Articles,embedded,1,3682,0.0021762621516674867
Academic Articles,test,1,11586,0.0032643932275012296
Academic Articles,particlepic,1,8534,0.0010881310758337434
Academic Articles,rolelocalized,1,10157,0.0010881310758337434
Academic Articles,instabilitiesstorm,1,5869,0.0010881310758337434
Academic Articles,thickness,1,11807,0.0010881310758337434
Academic Articles,larmour,1,6390,0.0021762621516674867
Academic Articles,breakdownfield,1,1430,0.0010881310758337434
Academic Articles,theory,1,11752,0.0032643932275012296
Academic Articles,modeinternal,1,7361,0.0010881310758337434
Academic Articles,releasethe,1,9812,0.0010881310758337434
Academic Articles,wavelength,1,12700,0.0010881310758337434
Academic Articles,inertial,1,5753,0.0010881310758337434
Academic Articles,changedispersion,1,1854,0.0010881310758337434
Academic Articles,dispersion,1,3165,0.0010881310758337434
Academic Articles,leadsmeter,1,6493,0.0010881310758337434
Academic Articles,variabilityprecipitation,1,12486,0.0010881310758337434
Academic Articles,ionization,1,6049,0.0021762621516674867
Academic Articles,joule,1,6192,0.0043525243033349734
Academic Articles,efields,1,3602,0.0010881310758337434
Academic Articles,causedsubgrid,1,1741,0.0010881310758337434
Academic Articles,variabilityconductance,1,12485,0.0010881310758337434
Academic Articles,efield,1,3601,0.0010881310758337434
Academic Articles,thateither,1,11621,0.0010881310758337434
Academic Articles,unresolvedthe,1,12283,0.0010881310758337434
Academic Articles,modelundersampledobservations,1,7439,0.0010881310758337434
Academic Articles,misrepresentationjoule,1,7311,0.0010881310758337434
Academic Articles,overestimation,1,8444,0.0010881310758337434
Academic Articles,electrojets,1,3651,0.0010881310758337434
Academic Articles,boundariesmvm,1,1417,0.0010881310758337434
Academic Articles,destabilizationmodified,1,2956,0.0010881310758337434
Academic Articles,twostream,1,12125,0.0010881310758337434
Academic Articles,instability,1,5870,0.0021762621516674867
Academic Articles,anomalous,1,730,0.0010881310758337434
Academic Articles,alters,1,456,0.0010881310758337434
Academic Articles,macroscopic,1,6849,0.0010881310758337434
Academic Articles,seenmagnetosphere,1,10407,0.0010881310758337434
Academic Articles,equatorial,1,3847,0.0021762621516674867
Academic Articles,bubble,1,1462,0.0010881310758337434
Academic Articles,nonmaxwellian,1,7862,0.0010881310758337434
Academic Articles,broadbandscintillation,1,1451,0.0010881310758337434
Academic Articles,fresnel,1,4750,0.0010881310758337434
Academic Articles,refractivediffractive,1,9661,0.0010881310758337434
Academic Articles,stochastic,1,11033,0.0010881310758337434
Academic Articles,amplitude,1,495,0.0010881310758337434
Academic Articles,modulation,1,7462,0.0010881310758337434
Academic Articles,phase,1,8761,0.004137758651216006
Academic Articles,lossoflock,1,6793,0.0010881310758337434
Academic Articles,magnetohydrodynamics,1,6877,0.0010881310758337434
Academic Articles,pic,1,8810,0.0032643932275012296
Academic Articles,particlecellradio,1,8532,0.0010881310758337434
Academic Articles,boston,1,1399,0.0010881310758337434
Academic Articles,leadingglobal,1,6478,0.0010881310758337434
Academic Articles,reconfiguration,1,9608,0.0010881310758337434
Academic Articles,releasealfvn,1,9806,0.0010881310758337434
Academic Articles,transferring,1,12032,0.0010881310758337434
Academic Articles,crossscalecrossregional,1,2594,0.0010881310758337434
Academic Articles,includedthe,1,5650,0.0021762621516674867
Academic Articles,challengesampling,1,1817,0.0010881310758337434
Academic Articles,sufficient,1,11266,0.004965310381459206
Academic Articles,outlinedschemeuse,1,8410,0.0010881310758337434
Academic Articles,projection,1,9276,0.000827551730243201
Academic Articles,screendeduce,1,10353,0.0010881310758337434
Academic Articles,wouldaccomplishedcombining,1,13180,0.0010881310758337434
Academic Articles,datasearch,1,2715,0.0010881310758337434
Academic Articles,inversion,1,6015,0.0010881310758337434
Academic Articles,modelswellnew,1,7434,0.0010881310758337434
Academic Articles,aimachine,1,362,0.0010881310758337434
Academic Articles,statistician,1,10998,0.0010881310758337434
Academic Articles,maute,1,7037,0.0021762621516674867
Academic Articles,focusedmesoscale,1,4532,0.0010881310758337434
Academic Articles,precipitationtoof,1,9019,0.0010881310758337434
Academic Articles,kilometer,1,6254,0.000827551730243201
Academic Articles,estimationsthe,1,3934,0.0010881310758337434
Academic Articles,lacking,1,6351,0.0010881310758337434
Academic Articles,leadunderestimationsuppercent,1,6502,0.0010881310758337434
Academic Articles,respond,1,10011,0.000827551730243201
Academic Articles,minutesauroral,1,7301,0.0010881310758337434
Academic Articles,reduce,1,9635,0.0032643932275012296
Academic Articles,heatingfuture,1,5248,0.0010881310758337434
Academic Articles,regionally,1,9677,0.0010881310758337434
Academic Articles,selfconsistent,1,10414,0.0032643932275012296
Academic Articles,observationsion,1,8029,0.0010881310758337434
Academic Articles,drift,1,3307,0.0010881310758337434
Academic Articles,facs,1,4233,0.0010881310758337434
Academic Articles,tieda,1,11884,0.0010881310758337434
Academic Articles,pictureempirical,1,8812,0.0010881310758337434
Academic Articles,assimilationa,1,984,0.0010881310758337434
Academic Articles,contin,1,2336,0.0010881310758337434
Academic Articles,ued,1,12155,0.0010881310758337434
Academic Articles,mustcoupledappropriate,1,7574,0.0010881310758337434
Academic Articles,huba,1,5436,0.0032643932275012296
Academic Articles,irregularitiesthe,1,6079,0.0021762621516674867
Academic Articles,usingexamplea,1,12412,0.0010881310758337434
Academic Articles,hierarchyirregularitiesthe,1,5305,0.0021762621516674867
Academic Articles,spatially,1,10830,0.0010881310758337434
Academic Articles,tenscentimetershundredskilometers,1,11569,0.0010881310758337434
Academic Articles,temporally,1,11557,0.0010881310758337434
Academic Articles,millisecondshours,1,7281,0.0010881310758337434
Academic Articles,usedifferent,1,12354,0.0010881310758337434
Academic Articles,equation,1,3843,0.0021762621516674867
Academic Articles,kineticfluid,1,6265,0.0010881310758337434
Academic Articles,majoritycurrent,1,6929,0.0010881310758337434
Academic Articles,assume,1,996,0.0010881310758337434
Academic Articles,equipotential,1,3855,0.0010881310758337434
Academic Articles,extended,1,4195,0.001655103460486402
Academic Articles,descriptionthreedimensional,1,2938,0.0010881310758337434
Academic Articles,instabilitiesdevelopthe,1,5868,0.0010881310758337434
Academic Articles,electrodynamic,1,3647,0.0010881310758337434
Academic Articles,wouldparticularly,1,13201,0.0010881310758337434
Academic Articles,capturing,1,1681,0.0010881310758337434
Academic Articles,penetration,1,8616,0.0010881310758337434
Academic Articles,imposedthe,1,5609,0.0010881310758337434
Academic Articles,ionospherethe,1,6060,0.0021762621516674867
Academic Articles,stormtime,1,11081,0.0021762621516674867
Academic Articles,progresssaid,1,9265,0.0010881310758337434
Academic Articles,downsmeters,1,3283,0.0010881310758337434
Academic Articles,subgridding,1,11176,0.0010881310758337434
Academic Articles,embedding,1,3683,0.0010881310758337434
Academic Articles,particleincell,1,8533,0.0010881310758337434
Academic Articles,codesthe,1,2007,0.0010881310758337434
Academic Articles,claudepierre,1,1944,0.0032643932275012296
Academic Articles,addressedimprove,1,240,0.0010881310758337434
Academic Articles,capa,1,1654,0.0021762621516674867
Academic Articles,bilitythe,1,1349,0.0010881310758337434
Academic Articles,magnetosphereitm,1,6892,0.0010881310758337434
Academic Articles,injectionsplasma,1,5843,0.0010881310758337434
Academic Articles,playinner,1,8868,0.0010881310758337434
Academic Articles,significanceenergetic,1,10612,0.0010881310758337434
Academic Articles,eppa,1,3839,0.0010881310758337434
Academic Articles,facilitatormagnetosphereionosphere,1,4228,0.0010881310758337434
Academic Articles,andimproved,1,609,0.0010881310758337434
Academic Articles,understandingglobal,1,12213,0.0010881310758337434
Academic Articles,formationan,1,4668,0.0010881310758337434
Academic Articles,examplethe,1,4041,0.0043525243033349734
Academic Articles,issueit,1,6109,0.0010881310758337434
Academic Articles,builtthrough,1,1486,0.0010881310758337434
Academic Articles,con,1,2185,0.0021762621516674867
Academic Articles,vection,1,12513,0.0010881310758337434
Academic Articles,throughserieslocalized,1,11870,0.0010881310758337434
Academic Articles,injectionssome,1,5844,0.0010881310758337434
Academic Articles,combinationboth,1,2057,0.0021762621516674867
Academic Articles,efficiencythese,1,3580,0.0010881310758337434
Academic Articles,requiresnumberassumptions,1,9942,0.0010881310758337434
Academic Articles,constrainedeither,1,2310,0.0010881310758337434
Academic Articles,observationsmodels,1,8032,0.0010881310758337434
Academic Articles,abilitypredict,1,15,0.0021762621516674867
Academic Articles,developmentgeomagnetic,1,3013,0.0010881310758337434
Academic Articles,observationsparta,1,8034,0.0010881310758337434
Academic Articles,broad,1,1450,0.004137758651216006
Academic Articles,strategyclose,1,11090,0.0010881310758337434
Academic Articles,overbroad,1,8439,0.0010881310758337434
Academic Articles,particlesaddition,1,8536,0.0010881310758337434
Academic Articles,withrobust,1,13111,0.0010881310758337434
Academic Articles,suchmhd,1,11239,0.0010881310758337434
Academic Articles,testparticle,1,11592,0.0010881310758337434
Academic Articles,simulationsglobal,1,10638,0.0010881310758337434
Academic Articles,simulationsparticular,1,10639,0.0010881310758337434
Academic Articles,needplanning,1,7726,0.0010881310758337434
Academic Articles,mount,1,7512,0.0010881310758337434
Academic Articles,haleakala,1,5137,0.0021762621516674867
Academic Articles,scaletenskilometers,1,10301,0.0010881310758337434
Academic Articles,theradar,1,11755,0.0021762621516674867
Academic Articles,backscatter,1,1134,0.0032643932275012296
Academic Articles,kwajalein,1,6324,0.0010881310758337434
Academic Articles,atollthe,1,1038,0.0010881310758337434
Academic Articles,marshall,1,6999,0.000827551730243201
Academic Articles,island,1,6083,0.0010881310758337434
Academic Articles,jicamarca,1,6178,0.0010881310758337434
Academic Articles,observatoryperu,1,8052,0.0010881310758337434
Academic Articles,syntek,1,11447,0.0010881310758337434
Academic Articles,leftkelleymakelaledvina,1,6531,0.0010881310758337434
Academic Articles,kintner,1,6268,0.0010881310758337434
Academic Articles,observationsequatorial,1,8027,0.0010881310758337434
Academic Articles,spreadf,1,10904,0.0021762621516674867
Academic Articles,hawaii,1,5224,0.0010881310758337434
Academic Articles,copyrightthe,1,2428,0.0010881310758337434
Academic Articles,nuclear,1,7960,0.0043525243033349734
Academic Articles,measurementscm,1,7112,0.0010881310758337434
Academic Articles,washingtondepartmentdefense,1,12641,0.0010881310758337434
Academic Articles,courtesydavid,1,2527,0.0010881310758337434
Academic Articles,universityplanning,1,12262,0.0010881310758337434
Academic Articles,mesosphereimprove,1,7195,0.0010881310758337434
Academic Articles,accuracyglobal,1,124,0.0010881310758337434
Academic Articles,playscrucial,1,8872,0.0010881310758337434
Academic Articles,fromsystems,1,4799,0.0010881310758337434
Academic Articles,couldrealizedadding,1,2493,0.0010881310758337434
Academic Articles,polarorbiting,1,8913,0.0010881310758337434
Academic Articles,poe,1,8882,0.0021762621516674867
Academic Articles,dmsp,1,3230,0.0032643932275012296
Academic Articles,traditionally,1,12020,0.0010881310758337434
Academic Articles,measurementswillimportant,1,7131,0.0010881310758337434
Academic Articles,bothensure,1,1404,0.0010881310758337434
Academic Articles,continuitysuch,1,2378,0.0010881310758337434
Academic Articles,andestablish,1,580,0.0010881310758337434
Academic Articles,rae,1,9487,0.0021762621516674867
Academic Articles,begannoting,1,1262,0.0010881310758337434
Academic Articles,coversvast,1,2550,0.0010881310758337434
Academic Articles,rangespatial,1,9510,0.0021762621516674867
Academic Articles,scaleswellof,1,10300,0.0010881310758337434
Academic Articles,coronathe,1,2448,0.000827551730243201
Academic Articles,ionosphereparticularsaidis,1,6057,0.0010881310758337434
Academic Articles,simulationcover,1,10637,0.0010881310758337434
Academic Articles,percentthe,1,8630,0.0032643932275012296
Academic Articles,perturbationsthe,1,8747,0.0021762621516674867
Academic Articles,percent,1,8628,0.000827551730243201
Academic Articles,componentimportantsubstorms,1,2158,0.0010881310758337434
Academic Articles,deposit,1,2914,0.0010881310758337434
Academic Articles,arespace,1,896,0.0010881310758337434
Academic Articles,hazardfurther,1,5227,0.0010881310758337434
Academic Articles,saidthe,1,10232,0.000827551730243201
Academic Articles,lackunderstandingthe,1,6364,0.0010881310758337434
Academic Articles,beltsis,1,1306,0.0010881310758337434
Academic Articles,importantunderstand,1,5607,0.0021762621516674867
Academic Articles,plasmaon,1,8856,0.0010881310758337434
Academic Articles,orderev,1,8351,0.0010881310758337434
Academic Articles,waveparticle,1,12701,0.0021762621516674867
Academic Articles,warm,1,12612,0.001655103460486402
Academic Articles,kev,1,6240,0.0010881310758337434
Academic Articles,relativistic,1,9802,0.0021762621516674867
Academic Articles,singleevent,1,10648,0.0010881310758337434
Academic Articles,upset,1,12314,0.0010881310758337434
Academic Articles,neededverify,1,7715,0.0010881310758337434
Academic Articles,regionsgeospace,1,9759,0.0010881310758337434
Academic Articles,willneededboth,1,12974,0.0010881310758337434
Academic Articles,realistic,1,9576,0.0010881310758337434
Academic Articles,modelsplasma,1,7421,0.0010881310758337434
Academic Articles,buildthese,1,1479,0.0010881310758337434
Academic Articles,andwillimportantdetermine,1,715,0.0010881310758337434
Academic Articles,canpredicted,1,1620,0.0010881310758337434
Academic Articles,deter,1,2978,0.0010881310758337434
Academic Articles,ministically,1,7293,0.0010881310758337434
Academic Articles,whatbest,1,12852,0.0010881310758337434
Academic Articles,describedprobabilistic,1,2930,0.0010881310758337434
Academic Articles,adewuyiam,1,258,0.0010881310758337434
Academic Articles,keeseenishimuragabrielse,1,6229,0.0010881310758337434
Academic Articles,andkatus,1,617,0.0010881310758337434
Academic Articles,featuresthe,1,4284,0.0010881310758337434
Academic Articles,bluml,1,1385,0.0010881310758337434
Academic Articles,kepkoturnergabrielsejayneskanekalschilleral,1,6237,0.0010881310758337434
Academic Articles,cubesat,1,2605,0.0021762621516674867
Academic Articles,instrumentationemicroand,1,5894,0.0010881310758337434
Academic Articles,nanotechnology,1,7591,0.0010881310758337434
Academic Articles,xii,1,13221,0.0010881310758337434
Academic Articles,vol,1,12575,0.0010881310758337434
Academic Articles,bellinghaminternational,1,1291,0.0010881310758337434
Academic Articles,optic,1,8313,0.0010881310758337434
Academic Articles,photonics,1,8791,0.0010881310758337434
Academic Articles,claudepierreandobrien,1,1945,0.0010881310758337434
Academic Articles,specifying,1,10850,0.0010881310758337434
Academic Articles,highaltitude,1,5309,0.0021762621516674867
Academic Articles,lowaltitude,1,6811,0.0010881310758337434
Academic Articles,shell,1,10522,0.0021762621516674867
Academic Articles,delzannoje,1,2864,0.0010881310758337434
Academic Articles,borovskybuzulukovachappelldentonfernandesfriedelal,1,1394,0.0010881310758337434
Academic Articles,needunder,1,7753,0.0021762621516674867
Academic Articles,stand,1,10935,0.0021762621516674867
Academic Articles,coldion,1,2024,0.0010881310758337434
Academic Articles,coldelectron,1,2023,0.0010881310758337434
Academic Articles,populationsthe,1,8932,0.0010881310758337434
Academic Articles,origin,1,8366,0.005440655379168716
Academic Articles,fernandesgl,1,4308,0.0010881310758337434
Academic Articles,delzannodentonhendersonjordanovakimlarsenal,1,2863,0.0010881310758337434
Academic Articles,tracer,1,12011,0.0010881310758337434
Academic Articles,driverssolar,1,3321,0.0010881310758337434
Academic Articles,windionospheremagnetosphere,1,13008,0.0010881310758337434
Academic Articles,houusraedumeetingsheliopdfpdf,1,5397,0.0010881310758337434
Academic Articles,goldsteindl,1,5026,0.0010881310758337434
Academic Articles,gallaghermolyneux,1,4864,0.0010881310758337434
Academic Articles,andreeves,1,671,0.0010881310758337434
Academic Articles,coreplasma,1,2432,0.0010881310758337434
Academic Articles,refilling,1,9650,0.0010881310758337434
Academic Articles,erosion,1,3870,0.0010881310758337434
Academic Articles,justification,1,6210,0.0021762621516674867
Academic Articles,ionic,1,6048,0.0010881310758337434
Academic Articles,heliopdfpdfplanning,1,5260,0.0010881310758337434
Academic Articles,andobservation,1,638,0.0010881310758337434
Academic Articles,relatedground,1,9788,0.0021762621516674867
Academic Articles,firstthese,1,4396,0.0010881310758337434
Academic Articles,waskeynote,1,12649,0.0010881310758337434
Academic Articles,presentationresearch,1,9079,0.0010881310758337434
Academic Articles,predictionground,1,9040,0.0010881310758337434
Academic Articles,waspanel,1,12670,0.0010881310758337434
Academic Articles,effectspreviously,1,3558,0.0010881310758337434
Academic Articles,systemsystemsimportantbeing,1,11481,0.0010881310758337434
Academic Articles,ableunderstand,1,28,0.0010881310758337434
Academic Articles,instrumentscrucialare,1,5901,0.0010881310758337434
Academic Articles,aspectsextreme,1,959,0.0010881310758337434
Academic Articles,neededunderstand,1,7712,0.0010881310758337434
Academic Articles,impactindividual,1,5541,0.0010881310758337434
Academic Articles,suchpower,1,11246,0.0010881310758337434
Academic Articles,gridsdense,1,5080,0.0010881310758337434
Academic Articles,willrequiredbetter,1,12987,0.0021762621516674867
Academic Articles,predictionsgeomagnetic,1,9043,0.0010881310758337434
Academic Articles,currentsplanning,1,2629,0.0010881310758337434
Academic Articles,effectsrelated,1,3562,0.0010881310758337434
Academic Articles,needsa,1,7729,0.0010881310758337434
Academic Articles,jeffrey,1,6172,0.0010881310758337434
Academic Articles,lovethegeological,1,6807,0.0010881310758337434
Academic Articles,usgs,1,12408,0.0021762621516674867
Academic Articles,effectsus,1,3574,0.0010881310758337434
Academic Articles,causedgeomagnetic,1,1737,0.0010881310758337434
Academic Articles,stormswellabout,1,11077,0.0010881310758337434
Academic Articles,whatneeded,1,12862,0.0010881310758337434
Academic Articles,predictionsuch,1,9048,0.0010881310758337434
Academic Articles,hazardsspace,1,5234,0.0010881310758337434
Academic Articles,weathersaid,1,12783,0.0021762621516674867
Academic Articles,risesevere,1,10115,0.0010881310758337434
Academic Articles,irreversible,1,6081,0.0021762621516674867
Academic Articles,damagepower,1,2665,0.0010881310758337434
Academic Articles,driveninduced,1,3311,0.0010881310758337434
Academic Articles,dependboth,1,2895,0.0010881310758337434
Academic Articles,intensitythe,1,5928,0.0010881310758337434
Academic Articles,earthsurface,1,3491,0.0010881310758337434
Academic Articles,impedance,1,5563,0.0021762621516674867
Academic Articles,subsurface,1,11202,0.0010881310758337434
Academic Articles,determinedgeol,1,2984,0.0010881310758337434
Academic Articles,magnitudethe,1,6911,0.0021762621516674867
Academic Articles,riskcontrolledthe,1,10121,0.0010881310758337434
Academic Articles,externally,1,4205,0.0010881310758337434
Academic Articles,carrington,1,1696,0.001655103460486402
Academic Articles,eventis,1,3972,0.0010881310758337434
Academic Articles,useda,1,12342,0.0032643932275012296
Academic Articles,forsuperstorm,1,4706,0.0010881310758337434
Academic Articles,butthe,1,1521,0.0010881310758337434
Academic Articles,twentieth,1,12117,0.0010881310758337434
Academic Articles,century,1,1795,0.0010881310758337434
Academic Articles,alone,1,425,0.0021762621516674867
Academic Articles,onethese,1,8221,0.000827551730243201
Academic Articles,struckmarch,1,11133,0.0010881310758337434
Academic Articles,caused,1,1733,0.000827551730243201
Academic Articles,damageamong,1,2662,0.0010881310758337434
Academic Articles,thingshighvoltage,1,11812,0.0010881310758337434
Academic Articles,transformera,1,12036,0.0021762621516674867
Academic Articles,centersalem,1,1787,0.0021762621516674867
Academic Articles,thatsuperstorm,1,11670,0.0010881310758337434
Academic Articles,similarthe,1,10626,0.0010881310758337434
Academic Articles,damage,1,2660,0.003310206920972804
Academic Articles,interferencemilitary,1,5965,0.0010881310758337434
Academic Articles,civilian,1,1920,0.0010881310758337434
Academic Articles,possibilitywidespread,1,8956,0.0010881310758337434
Academic Articles,losselectricity,1,6791,0.0010881310758337434
Academic Articles,damagethe,1,2666,0.0021762621516674867
Academic Articles,severe,1,10492,0.001655103460486402
Academic Articles,disruptionsglobal,1,3179,0.0010881310758337434
Academic Articles,wouldbetween,1,13185,0.0010881310758337434
Academic Articles,trillion,1,12080,0.0021762621516674867
Academic Articles,suchevent,1,11228,0.0010881310758337434
Academic Articles,devel,1,2993,0.0010881310758337434
Academic Articles,opmentmodern,1,8300,0.0010881310758337434
Academic Articles,history,1,5347,0.0010881310758337434
Academic Articles,makesclear,1,6941,0.0010881310758337434
Academic Articles,thatfuture,1,11627,0.0010881310758337434
Academic Articles,occurrenceplausible,1,8126,0.0010881310758337434
Academic Articles,geographical,1,4925,0.0010881310758337434
Academic Articles,distributiongeoelectric,1,3195,0.0010881310758337434
Academic Articles,hazardscomplexthe,1,5230,0.0010881310758337434
Academic Articles,differ,1,3049,0.0010881310758337434
Academic Articles,significantly,1,10614,0.000827551730243201
Academic Articles,locationanother,1,6749,0.0010881310758337434
Academic Articles,dependingsubsurface,1,2901,0.0010881310758337434
Academic Articles,mineralogy,1,7285,0.0010881310758337434
Academic Articles,fluid,1,4480,0.0010881310758337434
Academic Articles,contentgeoelectric,1,2327,0.0010881310758337434
Academic Articles,anomaly,1,731,0.002482655190729603
Academic Articles,thatan,1,11610,0.0010881310758337434
Academic Articles,intense,1,5923,0.003310206920972804
Academic Articles,werestrike,1,12843,0.0010881310758337434
Academic Articles,midatlantic,1,7237,0.0021762621516674867
Academic Articles,northeastern,1,7881,0.0021762621516674867
Academic Articles,todaywould,1,11957,0.000827551730243201
Academic Articles,leadmuch,1,6489,0.0010881310758337434
Academic Articles,earlier,1,3456,0.002482655190729603
Academic Articles,hasgoalestablishmore,1,5180,0.0010881310758337434
Academic Articles,complete,1,2138,0.001655103460486402
Academic Articles,andconductdense,1,560,0.0010881310758337434
Academic Articles,wideband,1,12931,0.0010881310758337434
Academic Articles,magnetotelluric,1,6908,0.0032643932275012296
Academic Articles,surveythe,1,11402,0.0010881310758337434
Academic Articles,dependthe,1,2907,0.0043525243033349734
Academic Articles,thereforepredict,1,11769,0.0010881310758337434
Academic Articles,prepare,1,9069,0.000827551730243201
Academic Articles,monitoringneeded,1,7477,0.0010881310758337434
Academic Articles,focusingeventbyevent,1,4545,0.0010881310758337434
Academic Articles,mappingvoltages,1,6980,0.0010881310758337434
Academic Articles,thecomponenta,1,11695,0.0010881310758337434
Academic Articles,pulse,1,9384,0.0010881310758337434
Academic Articles,emp,1,3706,0.0010881310758337434
Academic Articles,followingnuclear,1,4576,0.0010881310758337434
Academic Articles,weapon,1,12751,0.0010881310758337434
Academic Articles,detonation,1,2991,0.0010881310758337434
Academic Articles,highlighting,1,5330,0.0021762621516674867
Academic Articles,needcontinue,1,7675,0.0010881310758337434
Academic Articles,crosscutting,1,2581,0.0010881310758337434
Academic Articles,impactsworkshop,1,5559,0.0010881310758337434
Academic Articles,needspanel,1,7739,0.0010881310758337434
Academic Articles,delores,1,2859,0.0010881310758337434
Academic Articles,knipp,1,6288,0.0010881310758337434
Academic Articles,adam,1,215,0.0010881310758337434
Academic Articles,schultzoregon,1,10321,0.0010881310758337434
Academic Articles,jenn,1,6173,0.0010881310758337434
Academic Articles,gannoncomputational,1,4868,0.0010881310758337434
Academic Articles,jesper,1,6176,0.0010881310758337434
Academic Articles,gjerloevthe,1,4966,0.0010881310758337434
Academic Articles,arnaud,1,913,0.0010881310758337434
Academic Articles,chulliatthe,1,1906,0.0010881310758337434
Academic Articles,antti,1,749,0.000827551730243201
Academic Articles,pulkkinennasas,1,9383,0.0010881310758337434
Academic Articles,anna,1,727,0.0021762621516674867
Academic Articles,kelbertusgs,1,6231,0.0010881310758337434
Academic Articles,focusthis,1,4554,0.0010881310758337434
Academic Articles,wasgeomagnetic,1,12638,0.000827551730243201
Academic Articles,overarching,1,8438,0.0010881310758337434
Academic Articles,informationneededextreme,1,5789,0.0010881310758337434
Academic Articles,rangespossible,1,9511,0.0010881310758337434
Academic Articles,lackunderstandingtheir,1,6365,0.0010881310758337434
Academic Articles,combinationobservations,1,2058,0.0010881310758337434
Academic Articles,userfriendly,1,12394,0.0021762621516674867
Academic Articles,damagea,1,2661,0.0021762621516674867
Academic Articles,highvoltage,1,5340,0.0032643932275012296
Academic Articles,transformer,1,12035,0.001655103460486402
Academic Articles,causeda,1,1734,0.000827551730243201
Academic Articles,jeff,1,6171,0.0010881310758337434
Academic Articles,lovegeological,1,6806,0.0010881310758337434
Academic Articles,courtesypublic,1,2528,0.0010881310758337434
Academic Articles,gas,1,4885,0.000827551730243201
Academic Articles,pseg,1,9370,0.0010881310758337434
Academic Articles,productsone,1,9231,0.0010881310758337434
Academic Articles,wiggly,1,12937,0.0010881310758337434
Academic Articles,frominstrumentnot,1,4777,0.0010881310758337434
Academic Articles,understandingpredicting,1,12217,0.0010881310758337434
Academic Articles,importantimplement,1,5599,0.0010881310758337434
Academic Articles,modelstheme,1,7428,0.0010881310758337434
Academic Articles,panelwellto,1,8496,0.0010881310758337434
Academic Articles,higherlevel,1,5317,0.0010881310758337434
Academic Articles,communitywide,1,2118,0.0010881310758337434
Academic Articles,scarcityglobal,1,10306,0.0010881310758337434
Academic Articles,hindrancespace,1,5341,0.0010881310758337434
Academic Articles,capabilitiesdense,1,1656,0.0010881310758337434
Academic Articles,networkgeophysical,1,7789,0.0010881310758337434
Academic Articles,providedoperatedthe,1,9345,0.0010881310758337434
Academic Articles,longleadtime,1,6773,0.0010881310758337434
Academic Articles,predictionsgmds,1,9045,0.0010881310758337434
Academic Articles,discussionchapter,1,3131,0.0010881310758337434
Academic Articles,maintenancethe,1,6926,0.0010881310758337434
Academic Articles,hosting,1,5382,0.0021762621516674867
Academic Articles,imagersfabry,1,5505,0.0010881310758337434
Academic Articles,perot,1,8722,0.0010881310758337434
Academic Articles,interferometer,1,5966,0.0010881310758337434
Academic Articles,fordense,1,4601,0.0010881310758337434
Academic Articles,networkionospheric,1,7792,0.0010881310758337434
Academic Articles,structuringthe,1,11149,0.0010881310758337434
Academic Articles,electrojet,1,3649,0.0032643932275012296
Academic Articles,currentspanelist,1,2627,0.0010881310758337434
Academic Articles,gaveexamplean,1,4892,0.0010881310758337434
Academic Articles,decreaseover,1,2802,0.0010881310758337434
Academic Articles,recordeda,1,9620,0.0010881310758337434
Academic Articles,stationiceland,1,10991,0.0010881310758337434
Academic Articles,observedallthe,1,8057,0.0010881310758337434
Academic Articles,surrounding,1,11399,0.001655103460486402
Academic Articles,driventhe,1,3315,0.0010881310758337434
Academic Articles,requiredense,1,9914,0.0010881310758337434
Academic Articles,networkobservatories,1,7794,0.0010881310758337434
Academic Articles,modelsan,1,7401,0.0010881310758337434
Academic Articles,denver,1,2886,0.0010881310758337434
Academic Articles,colorado,1,2053,0.0010881310758337434
Academic Articles,lie,1,6609,0.0010881310758337434
Academic Articles,withinlocalized,1,13076,0.0010881310758337434
Academic Articles,geological,1,4926,0.000827551730243201
Academic Articles,showinlowresolution,1,10579,0.0010881310758337434
Academic Articles,denser,1,2880,0.0021762621516674867
Academic Articles,conducteda,1,2233,0.0010881310758337434
Academic Articles,nationwide,1,7610,0.0010881310758337434
Academic Articles,lighter,1,6625,0.0010881310758337434
Academic Articles,higher,1,5314,0.004137758651216006
Academic Articles,indicatehigher,1,5729,0.0010881310758337434
Academic Articles,ruled,1,10201,0.0010881310758337434
Academic Articles,denveran,1,2887,0.0010881310758337434
Academic Articles,artifactthe,1,940,0.0010881310758337434
Academic Articles,kelbertgeological,1,6230,0.0010881310758337434
Academic Articles,fromlucaslovekelberta,1,4778,0.0010881310758337434
Academic Articles,bedrosian,1,1226,0.0010881310758337434
Academic Articles,andrigler,1,673,0.0010881310758337434
Academic Articles,thehighvoltage,1,11711,0.0010881310758337434
Academic Articles,authorsplanning,1,1085,0.0010881310758337434
Academic Articles,infrastructurecritical,1,5805,0.0010881310758337434
Academic Articles,creatinghighresolution,1,2566,0.0010881310758337434
Academic Articles,canturned,1,1641,0.0010881310758337434
Academic Articles,intonationwide,1,5999,0.0010881310758337434
Academic Articles,stepobservationsto,1,11018,0.0010881310758337434
Academic Articles,haveuptodate,1,5217,0.0010881310758337434
Academic Articles,computationthe,1,2181,0.0010881310758337434
Academic Articles,gicsthe,1,4949,0.0010881310758337434
Academic Articles,reestablishmentactive,1,9645,0.0010881310758337434
Academic Articles,munities,1,7564,0.0010881310758337434
Academic Articles,willrequiredaddress,1,12986,0.0010881310758337434
Academic Articles,relatedgic,1,9787,0.0010881310758337434
Academic Articles,forum,1,4710,0.0010881310758337434
Academic Articles,attemptingcombine,1,1044,0.0010881310758337434
Academic Articles,coordinate,1,2414,0.000827551730243201
Academic Articles,purpose,1,9390,0.007616917530836203
Academic Articles,scientistscrucial,1,10342,0.0010881310758337434
Academic Articles,rigorous,1,10107,0.0010881310758337434
Academic Articles,validationthe,1,12466,0.0010881310758337434
Academic Articles,usedgic,1,12352,0.0010881310758337434
Academic Articles,wayscreatedense,1,12721,0.0010881310758337434
Academic Articles,supermag,1,11361,0.0010881310758337434
Academic Articles,collaborationgroundbased,1,2027,0.0010881310758337434
Academic Articles,universitya,1,12253,0.0010881310758337434
Academic Articles,good,1,5031,0.003310206920972804
Academic Articles,examplean,1,4027,0.0010881310758337434
Academic Articles,couldto,1,2500,0.0010881310758337434
Academic Articles,sectorshare,1,10380,0.0010881310758337434
Academic Articles,costinstrument,1,2468,0.0010881310758337434
Academic Articles,sectorneedspace,1,10379,0.0010881310758337434
Academic Articles,underused,1,12229,0.0010881310758337434
Academic Articles,potentialsupport,1,8993,0.0010881310758337434
Academic Articles,collectionthe,1,2044,0.0010881310758337434
Academic Articles,groupsmall,1,5101,0.0010881310758337434
Academic Articles,busi,1,1503,0.0010881310758337434
Academic Articles,ness,1,7780,0.0010881310758337434
Academic Articles,fulltime,1,4826,0.0010881310758337434
Academic Articles,equivalentssupportfederal,1,3859,0.0010881310758337434
Academic Articles,irissitu,1,6072,0.0010881310758337434
Academic Articles,providepartial,1,9353,0.0010881310758337434
Academic Articles,solutiondeveloping,1,10740,0.0010881310758337434
Academic Articles,zeeman,1,13257,0.0021762621516674867
Academic Articles,explorer,1,4174,0.0010881310758337434
Academic Articles,ezie,1,4218,0.0010881310758337434
Academic Articles,electrojetflying,1,3650,0.0010881310758337434
Academic Articles,cubesatsa,1,2607,0.0010881310758337434
Academic Articles,stringofpearls,1,11118,0.0010881310758337434
Academic Articles,splitting,1,10884,0.0010881310758337434
Academic Articles,entail,1,3807,0.0010881310758337434
Academic Articles,observatorylevel,1,8050,0.0010881310758337434
Academic Articles,networkssciencegrade,1,7799,0.0010881310758337434
Academic Articles,variometer,1,12503,0.0021762621516674867
Academic Articles,deploymenttensthousandsamateurgrade,1,2912,0.0010881310758337434
Academic Articles,assimilated,1,981,0.0032643932275012296
Academic Articles,intomodel,1,5996,0.0010881310758337434
Academic Articles,nowcasts,1,7939,0.0021762621516674867
Academic Articles,outreach,1,8422,0.0010881310758337434
Academic Articles,effortezie,1,3585,0.0010881310758337434
Academic Articles,deploy,1,2908,0.0021762621516674867
Academic Articles,sciencegrade,1,10328,0.0010881310758337434
Academic Articles,willsufficient,1,12993,0.0010881310758337434
Academic Articles,illustrates,1,5497,0.0010881310758337434
Academic Articles,waydeploy,1,12708,0.0010881310758337434
Academic Articles,magnetometersa,1,6879,0.0010881310758337434
Academic Articles,reasonable,1,9585,0.0010881310758337434
Academic Articles,fieldsuchthe,1,4362,0.0010881310758337434
Academic Articles,world,1,13169,0.001655103460486402
Academic Articles,wmm,1,13138,0.0010881310758337434
Academic Articles,igrfare,1,5489,0.0010881310758337434
Academic Articles,airplane,1,381,0.000827551730243201
Academic Articles,submarine,1,11183,0.0010881310758337434
Academic Articles,attitude,1,1048,0.0010881310758337434
Academic Articles,antenna,1,739,0.0010881310758337434
Academic Articles,directional,1,3089,0.0010881310758337434
Academic Articles,drilling,1,3308,0.0010881310758337434
Academic Articles,alternative,1,453,0.0021762621516674867
Academic Articles,magnav,1,6865,0.0010881310758337434
Academic Articles,wmmspecified,1,13139,0.0010881310758337434
Academic Articles,baseddata,1,1171,0.0010881310758337434
Academic Articles,lowearthorbit,1,6815,0.0021762621516674867
Academic Articles,iridium,1,6071,0.0032643932275012296
Academic Articles,intermagnet,1,5968,0.0010881310758337434
Academic Articles,networkground,1,7790,0.0010881310758337434
Academic Articles,fromthe,1,4801,0.0010881310758337434
Academic Articles,observatorydscovr,1,8048,0.0010881310758337434
Academic Articles,sourcesdata,1,10763,0.0010881310758337434
Academic Articles,rstc,1,10196,0.0010881310758337434
Academic Articles,commrstcpagesdefaultaspx,1,2101,0.0010881310758337434
Academic Articles,devotedmodeling,1,3038,0.0010881310758337434
Academic Articles,topicsdata,1,11990,0.0021762621516674867
Academic Articles,fieldsimultaneously,1,4357,0.0010881310758337434
Academic Articles,starved,1,10965,0.0021762621516674867
Academic Articles,efficiently,1,3582,0.0010881310758337434
Academic Articles,matchedcurrent,1,7016,0.0010881310758337434
Academic Articles,format,1,4666,0.0043525243033349734
Academic Articles,lackmetadata,1,6354,0.0010881310758337434
Academic Articles,lackcalibrationintercalibrationlimited,1,6339,0.0010881310758337434
Academic Articles,knowledgedata,1,6297,0.0010881310758337434
Academic Articles,errorsmany,1,3875,0.0010881310758337434
Academic Articles,assimilationistool,1,988,0.0010881310758337434
Academic Articles,hold,1,5361,0.000827551730243201
Academic Articles,promise,1,9280,0.0010881310758337434
Academic Articles,forecastingis,1,4618,0.0021762621516674867
Academic Articles,notonesizefitsall,1,7921,0.0010881310758337434
Academic Articles,tuning,1,12102,0.0010881310758337434
Academic Articles,disparate,1,3163,0.0021762621516674867
Academic Articles,rangestemporal,1,9512,0.0010881310758337434
Academic Articles,applyingto,1,802,0.0010881310758337434
Academic Articles,predictionslimiteda,1,9046,0.0010881310758337434
Academic Articles,suitable,1,11281,0.0010881310758337434
Academic Articles,characterizationdata,1,1873,0.0010881310758337434
Academic Articles,maypartthe,1,7065,0.0010881310758337434
Academic Articles,sourcessuch,1,10766,0.0010881310758337434
Academic Articles,capacitygrowing,1,1675,0.0010881310758337434
Academic Articles,turn,1,12109,0.000827551730243201
Academic Articles,outbeexpensive,1,8400,0.0010881310758337434
Academic Articles,multimodel,1,7542,0.0010881310758337434
Academic Articles,widespread,1,12934,0.000827551730243201
Academic Articles,useensemble,1,12377,0.0021762621516674867
Academic Articles,developmentwelladditional,1,3029,0.0010881310758337434
Academic Articles,suchgreatly,1,11232,0.0010881310758337434
Academic Articles,learningispromising,1,6516,0.0010881310758337434
Academic Articles,usecurrently,1,12340,0.0010881310758337434
Academic Articles,limiteddata,1,6696,0.0010881310758337434
Academic Articles,ecosystem,1,3513,0.0032643932275012296
Academic Articles,mlready,1,7347,0.0021762621516674867
Academic Articles,relatedextreme,1,9786,0.0010881310758337434
Academic Articles,eventsml,1,3979,0.0010881310758337434
Academic Articles,applicationsgreater,1,786,0.0010881310758337434
Academic Articles,emphasisneeded,1,3707,0.0010881310758337434
Academic Articles,phenomenaopposedtypicalapplications,1,8782,0.0010881310758337434
Academic Articles,treating,1,12071,0.0010881310758337434
Academic Articles,modela,1,7363,0.0010881310758337434
Academic Articles,predictionthe,1,9050,0.0010881310758337434
Academic Articles,willimportant,1,12962,0.0010881310758337434
Academic Articles,approaching,1,823,0.0010881310758337434
Academic Articles,datarepresentativeness,1,2714,0.0010881310758337434
Academic Articles,quantifieda,1,9426,0.0010881310758337434
Academic Articles,canvaluablecostbenefit,1,1650,0.0010881310758337434
Academic Articles,evaluationsparticular,1,3949,0.0010881310758337434
Academic Articles,setsbe,1,10474,0.0010881310758337434
Academic Articles,usedml,1,12362,0.0010881310758337434
Academic Articles,andapproaches,1,535,0.0021762621516674867
Academic Articles,ossesbe,1,8379,0.0010881310758337434
Academic Articles,crossagency,1,2580,0.0010881310758337434
Academic Articles,effortcoordinate,1,3584,0.0010881310758337434
Academic Articles,dataarchival,1,2685,0.0010881310758337434
Academic Articles,reuse,1,10073,0.0010881310758337434
Academic Articles,revitalization,1,10088,0.0010881310758337434
Academic Articles,forensemble,1,4643,0.0010881310758337434
Academic Articles,assimilationplanning,1,990,0.0010881310758337434
Academic Articles,requestedto,1,9909,0.0010881310758337434
Academic Articles,addressedthe,1,244,0.0021762621516674867
Academic Articles,spread,1,10903,0.0010881310758337434
Academic Articles,contentstwo,1,2330,0.0010881310758337434
Academic Articles,aspectsmodeling,1,960,0.0010881310758337434
Academic Articles,challengesthe,1,1827,0.0032643932275012296
Academic Articles,contextadvancescomputational,1,2333,0.0010881310758337434
Academic Articles,especiallytermsdata,1,3898,0.0010881310758337434
Academic Articles,profound,1,9240,0.0010881310758337434
Academic Articles,contradiction,1,2386,0.0010881310758337434
Academic Articles,existsspace,1,4067,0.0010881310758337434
Academic Articles,thatitinbig,1,11638,0.0010881310758337434
Academic Articles,disciplineuniquethe,1,3115,0.0010881310758337434
Academic Articles,compute,1,2182,0.000827551730243201
Academic Articles,physicsscales,1,8807,0.0010881310758337434
Academic Articles,metersmegameters,1,7208,0.0010881310758337434
Academic Articles,subsecondsdecadeswellacross,1,11188,0.0010881310758337434
Academic Articles,sity,1,10668,0.0010881310758337434
Academic Articles,facing,1,4232,0.002482655190729603
Academic Articles,portfolio,1,8937,0.0010881310758337434
Academic Articles,reviewthe,1,10082,0.0021762621516674867
Academic Articles,aspectsdata,1,958,0.0010881310758337434
Academic Articles,recommendation,1,9605,0.0010881310758337434
Academic Articles,exploitation,1,4167,0.0010881310758337434
Academic Articles,tiedthe,1,11885,0.0010881310758337434
Academic Articles,focusedatrisk,1,4529,0.0010881310758337434
Academic Articles,neededbutnotyetavailable,1,7685,0.0010881310758337434
Academic Articles,althoughfewthe,1,458,0.0010881310758337434
Academic Articles,subelements,1,11175,0.0010881310758337434
Academic Articles,suchdata,1,11222,0.0010881310758337434
Academic Articles,assimilationand,1,985,0.0021762621516674867
Academic Articles,analyticssupportspace,1,520,0.0010881310758337434
Academic Articles,specificallyeither,1,10845,0.0010881310758337434
Academic Articles,kicked,1,6253,0.0010881310758337434
Academic Articles,offtwo,1,8189,0.0010881310758337434
Academic Articles,richard,1,10096,0.000827551730243201
Academic Articles,todlingnasas,1,11960,0.0010881310758337434
Academic Articles,enrico,1,3799,0.0010881310758337434
Academic Articles,camporealethe,1,1561,0.0010881310758337434
Academic Articles,compared,1,2125,0.003310206920972804
Academic Articles,scienceusually,1,10336,0.0010881310758337434
Academic Articles,learningovercome,1,6517,0.0010881310758337434
Academic Articles,roletestbedspaving,1,10168,0.0010881310758337434
Academic Articles,weatherspace,1,12786,0.001655103460486402
Academic Articles,todlings,1,11961,0.0021762621516674867
Academic Articles,usedaterrestrial,1,12346,0.0010881310758337434
Academic Articles,forecastingismathematical,1,4619,0.0010881310758337434
Academic Articles,methodwhich,1,7220,0.0010881310758337434
Academic Articles,combinedcreateoptimal,1,2066,0.0010881310758337434
Academic Articles,statea,1,10967,0.0010881310758337434
Academic Articles,caseterrestrial,1,1717,0.0010881310758337434
Academic Articles,predictiontypicalapproachto,1,9051,0.0010881310758337434
Academic Articles,compare,1,2124,0.0010881310758337434
Academic Articles,withprevious,1,13104,0.0010881310758337434
Academic Articles,statebetter,1,10968,0.0010881310758337434
Academic Articles,match,1,7015,0.0021762621516674867
Academic Articles,thisan,1,11819,0.0010881310758337434
Academic Articles,itera,1,6125,0.0010881310758337434
Academic Articles,tive,1,11950,0.0010881310758337434
Academic Articles,processwhich,1,9178,0.0010881310758337434
Academic Articles,constantly,1,2297,0.000827551730243201
Academic Articles,revisedreflect,1,10086,0.0010881310758337434
Academic Articles,stateproducenew,1,10980,0.0010881310758337434
Academic Articles,whichthen,1,12906,0.0010881310758337434
Academic Articles,basisdata,1,1187,0.0010881310758337434
Academic Articles,neededarchive,1,7683,0.0010881310758337434
Academic Articles,curate,1,2613,0.0010881310758337434
Academic Articles,outputssuchway,1,8420,0.0010881310758337434
Academic Articles,findable,1,4377,0.0032643932275012296
Academic Articles,accessible,1,88,0.0032643932275012296
Academic Articles,interoperable,1,5978,0.0043525243033349734
Academic Articles,reusable,1,10071,0.0021762621516674867
Academic Articles,fair,1,4254,0.005440655379168716
Academic Articles,principle,1,9117,0.0010881310758337434
Academic Articles,satisfied,1,10268,0.0021762621516674867
Academic Articles,investmentthe,1,6029,0.0032643932275012296
Academic Articles,workforceplanning,1,13152,0.0010881310758337434
Academic Articles,becauseseveral,1,1209,0.0010881310758337434
Academic Articles,todling,1,11959,0.005440655379168716
Academic Articles,advancedtechniques,1,269,0.0010881310758337434
Academic Articles,timewide,1,11934,0.0010881310758337434
Academic Articles,varietydifferenttechniques,1,12499,0.0010881310758337434
Academic Articles,maintypesvariationaland,1,6927,0.0010881310758337434
Academic Articles,sequential,1,10443,0.0010881310758337434
Academic Articles,daeach,1,2654,0.0010881310758337434
Academic Articles,modelscreate,1,7408,0.0010881310758337434
Academic Articles,hybridmodels,1,5454,0.0010881310758337434
Academic Articles,similarlysaid,1,10623,0.0010881310758337434
Academic Articles,arelarge,1,888,0.0010881310758337434
Academic Articles,numberdifferent,1,7963,0.0021762621516674867
Academic Articles,learningapproacheslearning,1,6514,0.0010881310758337434
Academic Articles,guidingmodelsessencelooks,1,5130,0.0010881310758337434
Academic Articles,patternslarge,1,8596,0.0010881310758337434
Academic Articles,collectionsdata,1,2043,0.0010881310758337434
Academic Articles,usedthe,1,12372,0.0021762621516674867
Academic Articles,compareddaml,1,2126,0.0010881310758337434
Academic Articles,buildor,1,1478,0.0010881310758337434
Academic Articles,alsolarge,1,438,0.0010881310758337434
Academic Articles,numberhybrid,1,7973,0.0010881310758337434
Academic Articles,modelswhichis,1,7437,0.0010881310758337434
Academic Articles,usedassistorprocedures,1,12344,0.0010881310758337434
Academic Articles,usedaidstrategies,1,12343,0.0010881310758337434
Academic Articles,turneda,1,12110,0.0010881310758337434
Academic Articles,discussionda,1,3135,0.0010881310758337434
Academic Articles,andin,1,610,0.0010881310758337434
Academic Articles,andcompar,1,558,0.0010881310758337434
Academic Articles,applicationterrestrial,1,794,0.0010881310758337434
Academic Articles,numberspace,1,7984,0.0010881310758337434
Academic Articles,difference,1,3050,0.0043525243033349734
Academic Articles,restrial,1,10026,0.0010881310758337434
Academic Articles,systemsnotedthat,1,11473,0.0010881310758337434
Academic Articles,learningto,1,6520,0.0010881310758337434
Academic Articles,tackle,1,11490,0.0010881310758337434
Academic Articles,challengesspace,1,1826,0.0010881310758337434
Academic Articles,forecastingtandem,1,4621,0.0010881310758337434
Academic Articles,providelarge,1,9352,0.0010881310758337434
Academic Articles,whichtackle,1,12903,0.0010881310758337434
Academic Articles,ricardo,1,10095,0.0010881310758337434
Academic Articles,systemtime,1,11486,0.0010881310758337434
Academic Articles,thanthe,1,11606,0.0010881310758337434
Academic Articles,typesmethodsandcan,1,12143,0.0010881310758337434
Academic Articles,play,1,8865,0.0021762621516674867
Academic Articles,rolesprovidinghybrid,1,10167,0.0010881310758337434
Academic Articles,withbeing,1,13036,0.0010881310758337434
Academic Articles,withindomain,1,13073,0.0010881310758337434
Academic Articles,andbridge,1,544,0.0010881310758337434
Academic Articles,exampleprovide,1,4036,0.0010881310758337434
Academic Articles,emulation,1,3716,0.0010881310758337434
Academic Articles,downscaling,1,3282,0.0010881310758337434
Academic Articles,homogenization,1,5369,0.0010881310758337434
Academic Articles,differentandmodels,1,3054,0.0010881310758337434
Academic Articles,usedboth,1,12347,0.0010881310758337434
Academic Articles,mayintercoupleda,1,7060,0.0010881310758337434
Academic Articles,basedda,1,1170,0.0010881310758337434
Academic Articles,andhave,1,601,0.0010881310758337434
Academic Articles,keyterrestrial,1,6250,0.0010881310758337434
Academic Articles,scalesrelevancethe,1,10298,0.0010881310758337434
Academic Articles,domainthe,1,3246,0.0010881310758337434
Academic Articles,roleuncer,1,10170,0.0010881310758337434
Academic Articles,taintiesbecoming,1,11497,0.0010881310758337434
Academic Articles,centralevaluating,1,1793,0.0010881310758337434
Academic Articles,andproviding,1,665,0.0010881310758337434
Academic Articles,saidis,1,10227,0.0010881310758337434
Academic Articles,thatanddo,1,11611,0.0010881310758337434
Academic Articles,notthemselves,1,7927,0.0010881310758337434
Academic Articles,exampleensemblemonte,1,4031,0.0010881310758337434
Academic Articles,carlotype,1,1689,0.0010881310758337434
Academic Articles,adoptedfew,1,265,0.0010881310758337434
Academic Articles,whichdevelop,1,12896,0.0010881310758337434
Academic Articles,accordingtodling,1,112,0.0010881310758337434
Academic Articles,decided,1,2780,0.0010881310758337434
Academic Articles,adequate,1,253,0.002482655190729603
Academic Articles,applicationor,1,784,0.0010881310758337434
Academic Articles,researchda,1,9957,0.0010881310758337434
Academic Articles,techniquesthe,1,11530,0.0010881310758337434
Academic Articles,areaspace,1,877,0.0010881310758337434
Academic Articles,forecastingand,1,4613,0.0010881310758337434
Academic Articles,datainformed,1,2703,0.0010881310758337434
Academic Articles,nudging,1,7961,0.0021762621516674867
Academic Articles,usedmodeling,1,12364,0.0010881310758337434
Academic Articles,mostlyproofconcept,1,7502,0.0010881310758337434
Academic Articles,stud,1,11151,0.0010881310758337434
Academic Articles,reachingoperational,1,9563,0.0010881310758337434
Academic Articles,begunestablish,1,1280,0.0010881310758337434
Academic Articles,modelsespecially,1,7410,0.0010881310758337434
Academic Articles,crossdomain,1,2584,0.0021762621516674867
Academic Articles,crosssystem,1,2596,0.0010881310758337434
Academic Articles,modelscandeveloped,1,7403,0.0010881310758337434
Academic Articles,forsingle,1,4700,0.0010881310758337434
Academic Articles,spaceweatherfocused,1,10814,0.0010881310758337434
Academic Articles,daml,1,2668,0.0010881310758337434
Academic Articles,frameworksgeneral,1,4736,0.0010881310758337434
Academic Articles,flexibility,1,4455,0.0032643932275012296
Academic Articles,modulebased,1,7463,0.0010881310758337434
Academic Articles,unitseach,1,12250,0.0010881310758337434
Academic Articles,dataassimilation,1,2686,0.0010881310758337434
Academic Articles,jedi,1,6168,0.0010881310758337434
Academic Articles,adopted,1,264,0.0010881310758337434
Academic Articles,useterrestrial,1,12403,0.0010881310758337434
Academic Articles,andcould,1,563,0.000827551730243201
Academic Articles,possiblyappropriate,1,8973,0.0010881310758337434
Academic Articles,spaceweather,1,10813,0.004137758651216006
Academic Articles,regimewellkey,1,9674,0.0010881310758337434
Academic Articles,therenotonesizefitsall,1,11773,0.0010881310758337434
Academic Articles,domainsdisciplines,1,3244,0.0010881310758337434
Academic Articles,theexperience,1,11703,0.0010881310758337434
Academic Articles,lesson,1,6546,0.0010881310758337434
Academic Articles,learned,1,6511,0.0010881310758337434
Academic Articles,stillrelatively,1,11030,0.0010881310758337434
Academic Articles,usethat,1,12404,0.0010881310758337434
Academic Articles,canexpectedhave,1,1588,0.0010881310758337434
Academic Articles,requiring,1,9950,0.0021762621516674867
Academic Articles,learningspace,1,6518,0.0010881310758337434
Academic Articles,forecastingthe,1,4622,0.0010881310758337434
Academic Articles,camporeale,1,1560,0.006528786455002459
Academic Articles,beganclaiming,1,1255,0.0010881310758337434
Academic Articles,reinventing,1,9780,0.0010881310758337434
Academic Articles,weatherbackthis,1,12758,0.0010881310758337434
Academic Articles,contentionprovidedextensive,1,2328,0.0010881310758337434
Academic Articles,listtopicsspace,1,6730,0.0010881310758337434
Academic Articles,weatherwhichhas,1,12793,0.0010881310758337434
Academic Articles,forecastingglobalaverage,1,4617,0.0010881310758337434
Academic Articles,dst,1,3342,0.011969441834171174
Academic Articles,classification,1,1940,0.000827551730243201
Academic Articles,timecoronal,1,11900,0.0010881310758337434
Academic Articles,potentialtransform,1,8994,0.0010881310758337434
Academic Articles,derives,1,2919,0.0010881310758337434
Academic Articles,thatholistically,1,11631,0.0010881310758337434
Academic Articles,estimatessystems,1,3930,0.0010881310758337434
Academic Articles,deterministic,1,2989,0.0010881310758337434
Academic Articles,governing,1,5036,0.0021762621516674867
Academic Articles,equationsexplaining,1,3844,0.0010881310758337434
Academic Articles,whyiswell,1,12927,0.0010881310758337434
Academic Articles,suitedspace,1,11285,0.0010881310758337434
Academic Articles,reasonthat,1,9589,0.0010881310758337434
Academic Articles,suchinvariance,1,11236,0.0010881310758337434
Academic Articles,symmetry,1,11441,0.0021762621516674867
Academic Articles,conservation,1,2275,0.0010881310758337434
Academic Articles,drasti,1,3303,0.0010881310758337434
Academic Articles,search,1,10364,0.0032643932275012296
Academic Articles,spacetheparametersadded,1,10811,0.0010881310758337434
Academic Articles,thatshouldabledescribe,1,11665,0.0010881310758337434
Academic Articles,follows,1,4581,0.0010881310758337434
Academic Articles,lawsphysics,1,6456,0.0010881310758337434
Academic Articles,usemlspace,1,12387,0.0010881310758337434
Academic Articles,quantityexamining,1,9431,0.0010881310758337434
Academic Articles,forin,1,4655,0.0010881310758337434
Academic Articles,offeredseriesquestions,1,8164,0.0010881310758337434
Academic Articles,mustaddressed,1,7569,0.0010881310758337434
Academic Articles,examplepervasive,1,4035,0.0010881310758337434
Academic Articles,questionresearchmlbased,1,9438,0.0010881310758337434
Academic Articles,forecastswhatcalled,1,4637,0.0010881310758337434
Academic Articles,challengedetermining,1,1811,0.0010881310758337434
Academic Articles,minimum,1,7290,0.001655103460486402
Academic Articles,amountphysical,1,487,0.0010881310758337434
Academic Articles,requiredmakeforecast,1,9916,0.0010881310758337434
Academic Articles,graybox,1,5062,0.0021762621516674867
Academic Articles,centersthe,1,1790,0.0010881310758337434
Academic Articles,wayoptimally,1,12718,0.0010881310758337434
Academic Articles,caseprobabilistic,1,1713,0.0010881310758337434
Academic Articles,estimatesregional,1,3929,0.0010881310758337434
Academic Articles,perturbationswas,1,8748,0.0010881310758337434
Academic Articles,bothphysical,1,1406,0.0010881310758337434
Academic Articles,andpurewere,1,666,0.0010881310758337434
Academic Articles,inferiorapproaches,1,5755,0.0010881310758337434
Academic Articles,surrogate,1,11396,0.0043525243033349734
Academic Articles,focusesdetermining,1,4542,0.0010881310758337434
Academic Articles,componentsthe,1,2164,0.000827551730243201
Academic Articles,suntomud,1,11355,0.0010881310758337434
Academic Articles,chain,1,1804,0.001655103460486402
Academic Articles,canreplacedan,1,1623,0.0010881310758337434
Academic Articles,approximated,1,834,0.0010881310758337434
Academic Articles,blackbox,1,1358,0.0021762621516674867
Academic Articles,withacceptable,1,13027,0.0010881310758337434
Academic Articles,tradeoff,1,12018,0.0021762621516674867
Academic Articles,uncertaintiesthe,1,12179,0.0010881310758337434
Academic Articles,mlbased,1,7345,0.0043525243033349734
Academic Articles,propagating,1,9294,0.0010881310758337434
Academic Articles,imagesmagnetospheric,1,5521,0.0010881310758337434
Academic Articles,observationsa,1,8020,0.0010881310758337434
Academic Articles,singlepoint,1,10649,0.0021762621516674867
Academic Articles,predictiona,1,9037,0.0010881310758337434
Academic Articles,demanding,1,2866,0.0010881310758337434
Academic Articles,imbalanced,1,5528,0.0010881310758337434
Academic Articles,thealgorithmssaid,1,11686,0.0010881310758337434
Academic Articles,challengethe,1,1829,0.0010881310758337434
Academic Articles,forwardthe,1,4713,0.0010881310758337434
Academic Articles,discovery,1,3121,0.0043525243033349734
Academic Articles,explainability,1,4161,0.0021762621516674867
Academic Articles,centersdistilling,1,1788,0.0010881310758337434
Academic Articles,predictionsclosing,1,9041,0.0010881310758337434
Academic Articles,specificspace,1,10848,0.0010881310758337434
Academic Articles,fieldsartificial,1,4352,0.0010881310758337434
Academic Articles,addressednumberquestions,1,241,0.0010881310758337434
Academic Articles,zoom,1,13263,0.007616917530836203
Academic Articles,chat,1,1890,0.00979317968250369
Academic Articles,rolesml,1,10165,0.0010881310758337434
Academic Articles,interpretabletraining,1,5983,0.0010881310758337434
Academic Articles,lackmlbased,1,6355,0.0010881310758337434
Academic Articles,modelsscoreboards,1,7425,0.0010881310758337434
Academic Articles,rolemlcompared,1,10159,0.0010881310758337434
Academic Articles,suchml,1,11240,0.0010881310758337434
Academic Articles,learn,1,6510,0.0032643932275012296
Academic Articles,suchcanhelp,1,11216,0.0010881310758337434
Academic Articles,inform,1,5773,0.0021762621516674867
Academic Articles,measurementswill,1,7130,0.0010881310758337434
Academic Articles,needthe,1,7749,0.0010881310758337434
Academic Articles,futureimprove,1,4851,0.0010881310758337434
Academic Articles,thatcan,1,11615,0.000827551730243201
Academic Articles,haveclear,1,5197,0.0010881310758337434
Academic Articles,rolepopulatingwelldelineated,1,10162,0.0010881310758337434
Academic Articles,thatotherwise,1,11653,0.0010881310758337434
Academic Articles,sparsely,1,10826,0.0010881310758337434
Academic Articles,furthermoremay,1,4844,0.0010881310758337434
Academic Articles,playroleidentifying,1,8870,0.0010881310758337434
Academic Articles,catastrophic,1,1723,0.0010881310758337434
Academic Articles,effectssociety,1,3566,0.0010881310758337434
Academic Articles,starlink,1,10951,0.019033689795593625
Academic Articles,duringtimeminor,1,3439,0.0010881310758337434
Academic Articles,roleml,1,10158,0.0010881310758337434
Academic Articles,processesnot,1,9169,0.0010881310758337434
Academic Articles,understoodappreciated,1,12227,0.0010881310758337434
Academic Articles,discussionto,1,3144,0.0010881310758337434
Academic Articles,weatherapplications,1,12755,0.0021762621516674867
Academic Articles,usedterrestrial,1,12370,0.0010881310758337434
Academic Articles,applicationsmake,1,789,0.0010881310758337434
Academic Articles,jediuseful,1,6170,0.0010881310758337434
Academic Articles,memberleka,1,7154,0.0010881310758337434
Academic Articles,jacob,1,6146,0.0021762621516674867
Academic Articles,bortnikthe,1,1397,0.0010881310758337434
Academic Articles,asti,1,1003,0.0010881310758337434
Academic Articles,bhattsri,1,1336,0.0010881310758337434
Academic Articles,shasha,1,10514,0.0010881310758337434
Academic Articles,zouthe,1,13266,0.0010881310758337434
Academic Articles,morris,1,7492,0.0032643932275012296
Academic Articles,cohenthe,1,2016,0.0010881310758337434
Academic Articles,georgia,1,4930,0.0010881310758337434
Academic Articles,institutetechnologymalik,1,5885,0.0010881310758337434
Academic Articles,saysgeomagnetic,1,10280,0.0010881310758337434
Academic Articles,doomed,1,3262,0.0010881310758337434
Academic Articles,internet,1,5976,0.000827551730243201
Academic Articles,spacecom,1,10792,0.0010881310758337434
Academic Articles,fouheythe,1,4719,0.0010881310758337434
Academic Articles,hannah,1,5158,0.0010881310758337434
Academic Articles,marloweamazon,1,6995,0.0010881310758337434
Academic Articles,web,1,12796,0.000827551730243201
Academic Articles,neededproduce,1,7697,0.0021762621516674867
Academic Articles,physicsinformed,1,8804,0.0010881310758337434
Academic Articles,curationimplement,1,2616,0.0010881310758337434
Academic Articles,valida,1,12457,0.0010881310758337434
Academic Articles,determinationuncertaintypanel,1,2981,0.0010881310758337434
Academic Articles,bortnik,1,1396,0.005440655379168716
Academic Articles,presentationsprovidingoverviewhowcanusedextract,1,9081,0.0010881310758337434
Academic Articles,knowl,1,6294,0.0010881310758337434
Academic Articles,edge,1,3515,0.0010881310758337434
Academic Articles,datageneralapplications,1,2698,0.0010881310758337434
Academic Articles,buildblackbox,1,1468,0.0010881310758337434
Academic Articles,whichnot,1,12899,0.0032643932275012296
Academic Articles,mechanismssaid,1,7138,0.0010881310758337434
Academic Articles,shoulddual,1,10559,0.0010881310758337434
Academic Articles,goalsboth,1,4988,0.0010881310758337434
Academic Articles,buildingmodel,1,1474,0.0010881310758337434
Academic Articles,predicts,1,9053,0.0010881310758337434
Academic Articles,extracting,1,4208,0.0021762621516674867
Academic Articles,waysusethat,1,12729,0.0010881310758337434
Academic Articles,requiringsystemsobey,1,9951,0.0010881310758337434
Academic Articles,lawsensuring,1,6455,0.0010881310758337434
Academic Articles,invariant,1,6012,0.0010881310758337434
Academic Articles,conserved,1,2276,0.0010881310758337434
Academic Articles,quanti,1,9420,0.0010881310758337434
Academic Articles,interpretable,1,5982,0.0021762621516674867
Academic Articles,transparency,1,12059,0.0010881310758337434
Academic Articles,transmittedthe,1,12058,0.0010881310758337434
Academic Articles,systemcausality,1,11452,0.0010881310758337434
Academic Articles,modelsgain,1,7411,0.0010881310758337434
Academic Articles,thatwillimportantincorporate,1,11679,0.0010881310758337434
Academic Articles,weathersystems,1,12789,0.0010881310758337434
Academic Articles,evensuch,1,3959,0.0010881310758337434
Academic Articles,developedthe,1,3002,0.0010881310758337434
Academic Articles,needworking,1,7759,0.0010881310758337434
Academic Articles,knowledgeml,1,6298,0.0010881310758337434
Academic Articles,cannotanalyzedtraditional,1,1609,0.0010881310758337434
Academic Articles,becausesupersedes,1,1210,0.0010881310758337434
Academic Articles,modelsmany,1,7414,0.0010881310758337434
Academic Articles,needincludeprincipleswellprovide,1,7721,0.0010881310758337434
Academic Articles,experiencebuildingmodels,1,4141,0.0010881310758337434
Academic Articles,book,1,1388,0.0010881310758337434
Academic Articles,curriculum,1,2633,0.0021762621516674867
Academic Articles,developmentnew,1,3017,0.0010881310758337434
Academic Articles,analyzing,1,524,0.0010881310758337434
Academic Articles,idea,1,5471,0.0032643932275012296
Academic Articles,applicationmlthe,1,783,0.0010881310758337434
Academic Articles,applying,1,800,0.0010881310758337434
Academic Articles,learningthe,1,6519,0.0010881310758337434
Academic Articles,bhatt,1,1335,0.0021762621516674867
Academic Articles,aboutin,1,33,0.0010881310758337434
Academic Articles,perspectivea,1,8741,0.0010881310758337434
Academic Articles,whilemethods,1,12914,0.0010881310758337434
Academic Articles,setswas,1,10481,0.0010881310758337434
Academic Articles,creationmlready,1,2568,0.0010881310758337434
Academic Articles,ledthe,1,6528,0.001655103460486402
Academic Articles,expansiontheir,1,4078,0.0010881310758337434
Academic Articles,useml,1,12386,0.0021762621516674867
Academic Articles,speaking,1,10836,0.0021762621516674867
Academic Articles,observationsseverely,1,8036,0.0010881310758337434
Academic Articles,lackingits,1,6352,0.0010881310758337434
Academic Articles,abilityprovide,1,16,0.0010881310758337434
Academic Articles,productsa,1,9228,0.0010881310758337434
Academic Articles,resulttodaybeing,1,10045,0.0010881310758337434
Academic Articles,appliedonlysmall,1,798,0.0010881310758337434
Academic Articles,subsetavailable,1,11193,0.0010881310758337434
Academic Articles,needadopt,1,7668,0.0010881310758337434
Academic Articles,metadatawellthe,1,7201,0.0010881310758337434
Academic Articles,practicesthatensuring,1,9009,0.0010881310758337434
Academic Articles,reusablethis,1,10072,0.0010881310758337434
Academic Articles,datanot,1,2706,0.0010881310758337434
Academic Articles,fulfill,1,4821,0.0010881310758337434
Academic Articles,requirementsensure,1,9932,0.0010881310758337434
Academic Articles,universally,1,12251,0.0010881310758337434
Academic Articles,appliedboth,1,797,0.0010881310758337434
Academic Articles,modeloutput,1,7396,0.0010881310758337434
Academic Articles,needsupport,1,7747,0.0010881310758337434
Academic Articles,enactmentfair,1,3726,0.0010881310758337434
Academic Articles,zou,1,13265,0.0032643932275012296
Academic Articles,melting,1,7151,0.0010881310758337434
Academic Articles,answered,1,735,0.0021762621516674867
Academic Articles,focusmind,1,4547,0.0010881310758337434
Academic Articles,informedfor,1,5801,0.0010881310758337434
Academic Articles,agile,1,339,0.0010881310758337434
Academic Articles,programssupport,1,9254,0.0010881310758337434
Academic Articles,designedtrain,1,2947,0.0010881310758337434
Academic Articles,andparticularequip,1,653,0.0010881310758337434
Academic Articles,needapplyin,1,7669,0.0010881310758337434
Academic Articles,questionadequate,1,9436,0.0010881310758337434
Academic Articles,forapplications,1,4586,0.0010881310758337434
Academic Articles,sparselarge,1,10825,0.0010881310758337434
Academic Articles,observationsdiverse,1,8025,0.0010881310758337434
Academic Articles,closer,1,1956,0.0010881310758337434
Academic Articles,collaborationneeded,1,2029,0.0010881310758337434
Academic Articles,sectorharness,1,10378,0.0010881310758337434
Academic Articles,boomthe,1,1389,0.0010881310758337434
Academic Articles,andtechnologies,1,695,0.0010881310758337434
Academic Articles,questionthe,1,9443,0.0010881310758337434
Academic Articles,adequacydata,1,251,0.0010881310758337434
Academic Articles,ence,1,3727,0.0021762621516674867
Academic Articles,big,1,1343,0.003310206920972804
Academic Articles,misbehaving,1,7309,0.0010881310758337434
Academic Articles,rife,1,10099,0.0010881310758337434
Academic Articles,aimproduce,1,368,0.0010881310758337434
Academic Articles,fromfusiontheory,1,4772,0.0010881310758337434
Academic Articles,intercalibrationsuch,1,5948,0.0010881310758337434
Academic Articles,prob,1,9137,0.0010881310758337434
Academic Articles,lem,1,6534,0.0010881310758337434
Academic Articles,areinterest,1,884,0.0010881310758337434
Academic Articles,andrecommended,1,670,0.0010881310758337434
Academic Articles,marketing,1,6991,0.0010881310758337434
Academic Articles,applicable,1,778,0.0010881310758337434
Academic Articles,alsoother,1,440,0.0010881310758337434
Academic Articles,fieldsdata,1,4354,0.0010881310758337434
Academic Articles,scientistsencourage,1,10343,0.0010881310758337434
Academic Articles,advancesthis,1,279,0.0010881310758337434
Academic Articles,incentivizing,1,5637,0.0010881310758337434
Academic Articles,developmentcomputing,1,3010,0.0010881310758337434
Academic Articles,department,1,2888,0.0021762621516674867
Academic Articles,hirescomputer,1,5343,0.0010881310758337434
Academic Articles,tackling,1,11491,0.0021762621516674867
Academic Articles,challengemisbehaved,1,1814,0.0010881310758337434
Academic Articles,datadata,1,2692,0.0010881310758337434
Academic Articles,fouheyml,1,4718,0.0010881310758337434
Academic Articles,visionexpert,1,12566,0.0010881310758337434
Academic Articles,howget,1,5414,0.0010881310758337434
Academic Articles,moreandpeople,1,7488,0.0010881310758337434
Academic Articles,firstis,1,4390,0.0010881310758337434
Academic Articles,importantprovide,1,5602,0.0010881310758337434
Academic Articles,easy,1,3509,0.0010881310758337434
Academic Articles,entry,1,3817,0.0010881310758337434
Academic Articles,forexperts,1,4650,0.0010881310758337434
Academic Articles,shouldon,1,10565,0.0010881310758337434
Academic Articles,fouhey,1,4717,0.0032643932275012296
Academic Articles,thattakes,1,11671,0.0010881310758337434
Academic Articles,timebecome,1,11895,0.0010881310758337434
Academic Articles,proficienta,1,9237,0.0010881310758337434
Academic Articles,thereforeexperts,1,11768,0.0010881310758337434
Academic Articles,disciplinescientistled,1,3113,0.0010881310758337434
Academic Articles,welcome,1,12811,0.000827551730243201
Academic Articles,nasaestablished,1,7596,0.0010881310758337434
Academic Articles,frontier,1,4813,0.0021762621516674867
Academic Articles,labswellsustained,1,6333,0.0010881310758337434
Academic Articles,crossdiscipline,1,2583,0.0021762621516674867
Academic Articles,lookingthe,1,6779,0.0010881310758337434
Academic Articles,nurturing,1,7996,0.0010881310758337434
Academic Articles,mlcentered,1,7346,0.0010881310758337434
Academic Articles,pipeline,1,8823,0.0043525243033349734
Academic Articles,let,1,6547,0.000827551730243201
Academic Articles,advancesml,1,272,0.0010881310758337434
Academic Articles,aid,1,359,0.0010881310758337434
Academic Articles,codesignfuture,1,2006,0.0010881310758337434
Academic Articles,marlowe,1,6994,0.0021762621516674867
Academic Articles,offeredhighlevel,1,8161,0.0010881310758337434
Academic Articles,viewwhatimportanta,1,12550,0.0010881310758337434
Academic Articles,successful,1,11203,0.0043525243033349734
Academic Articles,sure,1,11379,0.001655103460486402
Academic Articles,mlreadyin,1,7348,0.0010881310758337434
Academic Articles,consumption,1,2319,0.0032643932275012296
Academic Articles,waythat,1,12731,0.0010881310758337434
Academic Articles,haveblendtechnical,1,5194,0.0010881310758337434
Academic Articles,training,1,12026,0.0021762621516674867
Academic Articles,sharingthat,1,10512,0.0010881310758337434
Academic Articles,worker,1,13148,0.0010881310758337434
Academic Articles,effectively,1,3535,0.002482655190729603
Academic Articles,ask,1,949,0.000827551730243201
Academic Articles,questionswhenwhetherapplyfinallyconcludedis,1,9442,0.0010881310758337434
Academic Articles,importantencourage,1,5595,0.0010881310758337434
Academic Articles,leanto,1,6508,0.0010881310758337434
Academic Articles,howengageexpertssolving,1,5401,0.0010881310758337434
Academic Articles,howestablish,1,5402,0.0010881310758337434
Academic Articles,collaborationsbuildingthe,1,2030,0.0010881310758337434
Academic Articles,lowhanging,1,6823,0.0010881310758337434
Academic Articles,fruit,1,4816,0.0010881310758337434
Academic Articles,forentry,1,4644,0.0010881310758337434
Academic Articles,usingto,1,12414,0.0010881310758337434
Academic Articles,classify,1,1942,0.0010881310758337434
Academic Articles,datavarious,1,2721,0.0010881310758337434
Academic Articles,waysprocess,1,12726,0.0010881310758337434
Academic Articles,andtechniques,1,694,0.0010881310758337434
Academic Articles,needbeacknowledgment,1,7671,0.0010881310758337434
Academic Articles,grayboxblackbox,1,5063,0.0010881310758337434
Academic Articles,inherently,1,5827,0.0021762621516674867
Academic Articles,uncomfortable,1,12192,0.0010881310758337434
Academic Articles,posedthe,1,8944,0.0010881310758337434
Academic Articles,moderator,1,7452,0.0010881310758337434
Academic Articles,availableusefor,1,1103,0.0010881310758337434
Academic Articles,onefromcurated,1,8212,0.0010881310758337434
Academic Articles,usedtestml,1,12371,0.0010881310758337434
Academic Articles,applicationusingin,1,795,0.0010881310758337434
Academic Articles,nearlyhigh,1,7645,0.0010881310758337434
Academic Articles,continuousvalidated,1,2381,0.0010881310758337434
Academic Articles,probably,1,9144,0.000827551730243201
Academic Articles,alwaysnohaving,1,469,0.0010881310758337434
Academic Articles,prevent,1,9105,0.000827551730243201
Academic Articles,pursuitthese,1,9395,0.0010881310758337434
Academic Articles,handlingoperational,1,5155,0.0010881310758337434
Academic Articles,lowerquality,1,6820,0.0010881310758337434
Academic Articles,dataalreadydata,1,2682,0.0010881310758337434
Academic Articles,reinforces,1,9779,0.0010881310758337434
Academic Articles,areinterestml,1,885,0.0010881310758337434
Academic Articles,scientistswell,1,10344,0.0010881310758337434
Academic Articles,unglamorous,1,12240,0.0010881310758337434
Academic Articles,timeconsuming,1,11899,0.0010881310758337434
Academic Articles,preparation,1,9066,0.000827551730243201
Academic Articles,timeanyproject,1,11893,0.0010881310758337434
Academic Articles,tomoko,1,11970,0.0032643932275012296
Academic Articles,matsuo,1,7029,0.005440655379168716
Academic Articles,roleobserving,1,10161,0.0010881310758337434
Academic Articles,ossesml,1,8381,0.0010881310758337434
Academic Articles,validationevaluating,1,12463,0.0010881310758337434
Academic Articles,performancedifferent,1,8635,0.0010881310758337434
Academic Articles,crowdsourcing,1,2599,0.0021762621516674867
Academic Articles,coding,1,2012,0.0010881310758337434
Academic Articles,usedmany,1,12360,0.0010881310758337434
Academic Articles,fieldsattract,1,4353,0.0010881310758337434
Academic Articles,jack,1,6143,0.0021762621516674867
Academic Articles,ireland,1,6069,0.001655103460486402
Academic Articles,wellposed,1,12823,0.0010881310758337434
Academic Articles,forspace,1,4702,0.000827551730243201
Academic Articles,developmentwellassistingcrowdsourcing,1,3030,0.0010881310758337434
Academic Articles,attracting,1,1050,0.0010881310758337434
Academic Articles,aware,1,1118,0.000827551730243201
Academic Articles,nessthrough,1,7781,0.0010881310758337434
Academic Articles,prizesthese,1,9135,0.0010881310758337434
Academic Articles,couldenhanced,1,2487,0.0010881310758337434
Academic Articles,prizeoffering,1,9134,0.0010881310758337434
Academic Articles,lenges,1,6536,0.0010881310758337434
Academic Articles,topcoder,1,11981,0.0010881310758337434
Academic Articles,challengedevelop,1,1812,0.0010881310758337434
Academic Articles,cometdetecting,1,2074,0.0010881310758337434
Academic Articles,dualpurposeadvancing,1,3347,0.0010881310758337434
Academic Articles,excitementspace,1,4050,0.0010881310758337434
Academic Articles,groupcoding,1,5093,0.0010881310758337434
Academic Articles,classroom,1,1943,0.0010881310758337434
Academic Articles,educationgeosciences,1,3525,0.0010881310758337434
Academic Articles,programsneededboth,1,9252,0.0010881310758337434
Academic Articles,includeprecurated,1,5655,0.0010881310758337434
Academic Articles,benchmarkswellspace,1,1309,0.0010881310758337434
Academic Articles,thatmightpossibleencourage,1,11645,0.0010881310758337434
Academic Articles,trainingoffering,1,12027,0.0010881310758337434
Academic Articles,incentive,1,5634,0.0010881310758337434
Academic Articles,suchcertificate,1,11217,0.0010881310758337434
Academic Articles,studentsother,1,11154,0.0010881310758337434
Academic Articles,certificate,1,1799,0.0010881310758337434
Academic Articles,programsml,1,9251,0.0010881310758337434
Academic Articles,forand,1,4585,0.0010881310758337434
Academic Articles,expertsget,1,4160,0.0010881310758337434
Academic Articles,certificatesspace,1,1800,0.0010881310758337434
Academic Articles,subdisciplines,1,11174,0.0010881310758337434
Academic Articles,inspiredspirited,1,5866,0.0010881310758337434
Academic Articles,argument,1,907,0.0010881310758337434
Academic Articles,haveexpertise,1,5203,0.0010881310758337434
Academic Articles,choreographed,1,1899,0.0010881310758337434
Academic Articles,crossdisciplinary,1,2582,0.0010881310758337434
Academic Articles,lab,1,6327,0.0010881310758337434
Academic Articles,developednasajpldeveloping,1,2998,0.0010881310758337434
Academic Articles,collaborationswillimportantensure,1,2031,0.0010881310758337434
Academic Articles,interestingboth,1,5955,0.0010881310758337434
Academic Articles,party,1,8569,0.0010881310758337434
Academic Articles,offering,1,8166,0.0010881310758337434
Academic Articles,analysisready,1,510,0.0010881310758337434
Academic Articles,challenging,1,1831,0.003310206920972804
Academic Articles,setstheexperts,1,10480,0.0010881310758337434
Academic Articles,methodologiesthe,1,7211,0.0010881310758337434
Academic Articles,esip,1,3893,0.0010881310758337434
Academic Articles,aiready,1,376,0.0010881310758337434
Academic Articles,posed,1,8942,0.0010881310758337434
Academic Articles,powerosses,1,9004,0.0010881310758337434
Academic Articles,welldefined,1,12819,0.0010881310758337434
Academic Articles,osse,1,8377,0.0010881310758337434
Academic Articles,sense,1,10422,0.0010881310758337434
Academic Articles,outosselike,1,8417,0.0010881310758337434
Academic Articles,formodels,1,4681,0.0010881310758337434
Academic Articles,repliesthese,1,9878,0.0010881310758337434
Academic Articles,needbethe,1,7672,0.0010881310758337434
Academic Articles,centerthe,1,1791,0.000827551730243201
Academic Articles,domainsome,1,3245,0.0010881310758337434
Academic Articles,others,1,8385,0.002482655190729603
Academic Articles,might,1,7255,0.005792862111702408
Academic Articles,beplanning,1,1317,0.0010881310758337434
Academic Articles,moderatedcharles,1,7441,0.0010881310758337434
Academic Articles,norton,1,7892,0.0043525243033349734
Academic Articles,cheunglockheed,1,1893,0.0010881310758337434
Academic Articles,martin,1,7003,0.0010881310758337434
Academic Articles,bernie,1,1321,0.0010881310758337434
Academic Articles,jacksonthe,1,6145,0.0010881310758337434
Academic Articles,san,1,10243,0.0010881310758337434
Academic Articles,diego,1,3047,0.0010881310758337434
Academic Articles,slava,1,10684,0.0010881310758337434
Academic Articles,merkinthe,1,7186,0.0010881310758337434
Academic Articles,apljohns,1,760,0.0010881310758337434
Academic Articles,alex,1,396,0.0021762621516674867
Academic Articles,chartier,1,1889,0.0032643932275012296
Academic Articles,alsoapl,1,433,0.0010881310758337434
Academic Articles,matsuothe,1,7030,0.0010881310758337434
Academic Articles,eric,1,3863,0.0032643932275012296
Academic Articles,blaschtheair,1,1371,0.0010881310758337434
Academic Articles,officescientific,1,8177,0.0010881310758337434
Academic Articles,assimilationfusion,1,986,0.0010881310758337434
Academic Articles,performanceyou,1,8644,0.0010881310758337434
Academic Articles,anticipate,1,741,0.0010881310758337434
Academic Articles,schemesnot,1,10315,0.0010881310758337434
Academic Articles,buysother,1,1529,0.0010881310758337434
Academic Articles,alleviate,1,406,0.0010881310758337434
Academic Articles,shortcoming,1,10546,0.0010881310758337434
Academic Articles,canquantify,1,1622,0.0010881310758337434
Academic Articles,uncertaintydata,1,12184,0.0010881310758337434
Academic Articles,multisource,1,7553,0.0010881310758337434
Academic Articles,observationsdiscussion,1,8024,0.0010881310758337434
Academic Articles,cheung,1,1892,0.0021762621516674867
Academic Articles,eachthe,1,3450,0.0010881310758337434
Academic Articles,questionsturn,1,9441,0.0010881310758337434
Academic Articles,approachessaid,1,817,0.0010881310758337434
Academic Articles,dimensionalityspace,1,3070,0.0010881310758337434
Academic Articles,scal,1,10283,0.0010881310758337434
Academic Articles,abletechniques,1,27,0.0010881310758337434
Academic Articles,suchdensity,1,11223,0.0010881310758337434
Academic Articles,generationnormalizing,1,4912,0.0010881310758337434
Academic Articles,informed,1,5800,0.0010881310758337434
Academic Articles,networkbased,1,7787,0.0010881310758337434
Academic Articles,modelssaid,1,7424,0.0010881310758337434
Academic Articles,adequateeither,1,254,0.0010881310758337434
Academic Articles,nowin,1,7942,0.0010881310758337434
Academic Articles,futurefor,1,4850,0.0010881310758337434
Academic Articles,heliosphereadequate,1,5269,0.0010881310758337434
Academic Articles,includ,1,5642,0.0010881310758337434
Academic Articles,measurementsadded,1,7109,0.0010881310758337434
Academic Articles,redundancycontinuity,1,9642,0.0010881310758337434
Academic Articles,andsaid,1,675,0.0010881310758337434
Academic Articles,importantnow,1,5601,0.0010881310758337434
Academic Articles,investfuture,1,6017,0.0010881310758337434
Academic Articles,suchnggongspaceborne,1,11244,0.0010881310758337434
Academic Articles,solve,1,10742,0.0010881310758337434
Academic Articles,problemthey,1,9153,0.0010881310758337434
Academic Articles,leadlower,1,6485,0.0021762621516674867
Academic Articles,coststhe,1,2473,0.0010881310758337434
Academic Articles,dataquantifying,1,2713,0.0010881310758337434
Academic Articles,pointedthe,1,8887,0.0010881310758337434
Academic Articles,powerapproximate,1,8999,0.0010881310758337434
Academic Articles,bayesian,1,1190,0.0010881310758337434
Academic Articles,computation,1,2178,0.0010881310758337434
Academic Articles,qualityappropriateness,1,9415,0.0010881310758337434
Academic Articles,couldassesseddeveloping,1,2484,0.0010881310758337434
Academic Articles,crosssource,1,2595,0.0010881310758337434
Academic Articles,function,1,4828,0.0010881310758337434
Academic Articles,jackson,1,6144,0.0010881310758337434
Academic Articles,opportunityimprove,1,8308,0.0010881310758337434
Academic Articles,analysestaking,1,501,0.0010881310758337434
Academic Articles,advan,1,266,0.0010881310758337434
Academic Articles,tageall,1,11492,0.0010881310758337434
Academic Articles,worldwide,1,13174,0.0010881310758337434
Academic Articles,wipsslongerterm,1,13022,0.0010881310758337434
Academic Articles,merkin,1,7185,0.0032643932275012296
Academic Articles,talked,1,11509,0.000827551730243201
Academic Articles,firstprinciple,1,4391,0.0010881310758337434
Academic Articles,dataderived,1,2693,0.0010881310758337434
Academic Articles,approachesglobal,1,814,0.0010881310758337434
Academic Articles,typessolutions,1,12145,0.0010881310758337434
Academic Articles,sparsespatial,1,10827,0.0010881310758337434
Academic Articles,unevenly,1,12237,0.0010881310758337434
Academic Articles,measuredsitu,1,7102,0.0010881310758337434
Academic Articles,remotely,1,9870,0.0010881310758337434
Academic Articles,sensed,1,10423,0.0010881310758337434
Academic Articles,notallsaid,1,7897,0.0010881310758337434
Academic Articles,challengesmodel,1,1824,0.0010881310758337434
Academic Articles,caution,1,1754,0.0010881310758337434
Academic Articles,datamodel,1,2705,0.0010881310758337434
Academic Articles,comparisonsthe,1,2130,0.0010881310758337434
Academic Articles,shouldassessed,1,10555,0.0010881310758337434
Academic Articles,overtime,1,8460,0.0010881310758337434
Academic Articles,window,1,13012,0.0010881310758337434
Academic Articles,weight,1,12808,0.0010881310758337434
Academic Articles,relevance,1,9816,0.0021762621516674867
Academic Articles,asserted,1,965,0.0010881310758337434
Academic Articles,sourceuncertainty,1,10769,0.0010881310758337434
Academic Articles,driversplasma,1,3320,0.0010881310758337434
Academic Articles,havehigh,1,5204,0.0010881310758337434
Academic Articles,degreetemporal,1,2847,0.0010881310758337434
Academic Articles,cannotobserved,1,1613,0.0010881310758337434
Academic Articles,wayobserve,1,12717,0.0010881310758337434
Academic Articles,param,1,8502,0.0021762621516674867
Academic Articles,eters,1,3940,0.0021762621516674867
Academic Articles,typesdata,1,12137,0.0010881310758337434
Academic Articles,ideallyhigh,1,5475,0.0010881310758337434
Academic Articles,curatedremove,1,2614,0.0010881310758337434
Academic Articles,uncertaintiesplanning,1,12175,0.0010881310758337434
Academic Articles,approachesunify,1,820,0.0010881310758337434
Academic Articles,buildingexisting,1,1472,0.0010881310758337434
Academic Articles,infrastructurefrom,1,5807,0.0010881310758337434
Academic Articles,serviceand,1,10458,0.0010881310758337434
Academic Articles,canuseful,1,1649,0.0010881310758337434
Academic Articles,risedegeneracies,1,10113,0.0010881310758337434
Academic Articles,makedifficultdetermine,1,6935,0.0010881310758337434
Academic Articles,physicsis,1,8805,0.0010881310758337434
Academic Articles,importantquantify,1,5603,0.0010881310758337434
Academic Articles,representativeness,1,9898,0.0010881310758337434
Academic Articles,problemsdata,1,9148,0.0010881310758337434
Academic Articles,interpretation,1,5984,0.0010881310758337434
Academic Articles,suchretrieval,1,11247,0.0010881310758337434
Academic Articles,relatedhow,1,9789,0.0010881310758337434
Academic Articles,transformed,1,12034,0.0010881310758337434
Academic Articles,furthermorewas,1,4845,0.0010881310758337434
Academic Articles,selfimposed,1,10415,0.0010881310758337434
Academic Articles,conflict,1,2257,0.0010881310758337434
Academic Articles,interoperability,1,5977,0.0010881310758337434
Academic Articles,mentda,1,7161,0.0010881310758337434
Academic Articles,standalone,1,10936,0.0010881310758337434
Academic Articles,requirementnasa,1,9931,0.0010881310758337434
Academic Articles,blasch,1,1370,0.0021762621516674867
Academic Articles,nongaussian,1,7858,0.0010881310758337434
Academic Articles,evidential,1,4002,0.0021762621516674867
Academic Articles,reasoninga,1,9587,0.0010881310758337434
Academic Articles,nique,1,7824,0.0010881310758337434
Academic Articles,canusedimprove,1,1645,0.0010881310758337434
Academic Articles,forecastingsuggested,1,4620,0.0010881310758337434
Academic Articles,reasoningthe,1,9588,0.0010881310758337434
Academic Articles,stepa,1,11015,0.0010881310758337434
Academic Articles,reliesml,1,9833,0.0010881310758337434
Academic Articles,speedthe,1,10870,0.000827551730243201
Academic Articles,nongaussianeg,1,7859,0.0010881310758337434
Academic Articles,unscented,1,12284,0.0010881310758337434
Academic Articles,kalman,1,6217,0.0010881310758337434
Academic Articles,filter,1,4371,0.0010881310758337434
Academic Articles,canusedmake,1,1646,0.0010881310758337434
Academic Articles,statesnonlinear,1,10982,0.0010881310758337434
Academic Articles,challengequantifying,1,1816,0.0010881310758337434
Academic Articles,uncertaintythat,1,12189,0.0010881310758337434
Academic Articles,aremany,1,889,0.0021762621516674867
Academic Articles,typesitan,1,12141,0.0010881310758337434
Academic Articles,ontologyuncertaintythe,1,8255,0.0010881310758337434
Academic Articles,sourcesuncertaintyis,1,10767,0.0010881310758337434
Academic Articles,importantidentify,1,5598,0.0021762621516674867
Academic Articles,typesuncertaintythey,1,12147,0.0010881310758337434
Academic Articles,absoluterelative,1,53,0.0010881310758337434
Academic Articles,forwardinverse,1,4712,0.0010881310758337434
Academic Articles,epistemicaleatoric,1,3838,0.0010881310758337434
Academic Articles,observable,1,8013,0.0010881310758337434
Academic Articles,multisensor,1,7552,0.0010881310758337434
Academic Articles,deducing,1,2810,0.0010881310758337434
Academic Articles,measurementsgalactic,1,7115,0.0010881310758337434
Academic Articles,modelsionospheric,1,7413,0.0010881310758337434
Academic Articles,contentconstructingextreme,1,2325,0.0010881310758337434
Academic Articles,assembly,1,964,0.0010881310758337434
Academic Articles,sdos,1,10360,0.0010881310758337434
Academic Articles,passed,1,8579,0.0010881310758337434
Academic Articles,questionwhich,1,9447,0.0010881310758337434
Academic Articles,whichimprove,1,12897,0.0010881310758337434
Academic Articles,dabased,1,2653,0.0010881310758337434
Academic Articles,eddy,1,3514,0.0010881310758337434
Academic Articles,diffusion,1,3067,0.0010881310758337434
Academic Articles,bothuseful,1,1408,0.0010881310758337434
Academic Articles,anything,1,755,0.0010881310758337434
Academic Articles,modelshelpful,1,7412,0.0010881310758337434
Academic Articles,possiblesomeone,1,8969,0.0010881310758337434
Academic Articles,build,1,1467,0.0021762621516674867
Academic Articles,endsuggestedthink,1,3746,0.0010881310758337434
Academic Articles,typessensors,1,12144,0.0010881310758337434
Academic Articles,instrumentsconstellationsthe,1,5900,0.0010881310758337434
Academic Articles,suggesting,1,11274,0.0021762621516674867
Academic Articles,mutu,1,7582,0.0010881310758337434
Academic Articles,ally,1,423,0.0010881310758337434
Academic Articles,beneficialextensive,1,1311,0.0010881310758337434
Academic Articles,initially,1,5831,0.0010881310758337434
Academic Articles,centeredsolar,1,1774,0.0010881310758337434
Academic Articles,unanswered,1,12167,0.0010881310758337434
Academic Articles,magnetograms,1,6872,0.0010881310758337434
Academic Articles,whetherandviews,1,12887,0.0010881310758337434
Academic Articles,wouldadequate,1,13181,0.0010881310758337434
Academic Articles,modelingand,1,7379,0.0010881310758337434
Academic Articles,dataimprove,1,2701,0.000827551730243201
Academic Articles,inputsglobal,1,5855,0.0010881310758337434
Academic Articles,andwith,1,716,0.0010881310758337434
Academic Articles,multiview,1,7561,0.0010881310758337434
Academic Articles,reliesdata,1,9832,0.0010881310758337434
Academic Articles,arethis,1,900,0.0010881310758337434
Academic Articles,availablewith,1,1105,0.0010881310758337434
Academic Articles,measurementsinput,1,7117,0.0010881310758337434
Academic Articles,thenassimilated,1,11743,0.0010881310758337434
Academic Articles,howeveris,1,5409,0.0010881310758337434
Academic Articles,wouldfor,1,13191,0.0021762621516674867
Academic Articles,measurementsparticles,1,7120,0.0010881310758337434
Academic Articles,networkssmallnanosatellites,1,7801,0.0010881310758337434
Academic Articles,mightcapablecovering,1,7259,0.0010881310758337434
Academic Articles,prohibitive,1,9271,0.0010881310758337434
Academic Articles,howeverthe,1,5410,0.002482655190729603
Academic Articles,correlation,1,2458,0.0010881310758337434
Academic Articles,timescalesinterest,1,11917,0.0010881310758337434
Academic Articles,numbernecessary,1,7979,0.0010881310758337434
Academic Articles,scienceany,1,10325,0.0010881310758337434
Academic Articles,remainsenticing,1,9862,0.0010881310758337434
Academic Articles,companiesbuild,1,2120,0.0010881310758337434
Academic Articles,offtheshelf,1,8187,0.0010881310758337434
Academic Articles,cot,1,2474,0.0010881310758337434
Academic Articles,grade,1,5045,0.0010881310758337434
Academic Articles,mentionedmeansconstrain,1,7165,0.0010881310758337434
Academic Articles,optionscontrast,1,8320,0.0010881310758337434
Academic Articles,withstatementan,1,13123,0.0010881310758337434
Academic Articles,jedia,1,6169,0.0010881310758337434
Academic Articles,stating,1,10988,0.0010881310758337434
Academic Articles,faradayrotation,1,4264,0.0010881310758337434
Academic Articles,analysisfields,1,506,0.0010881310758337434
Academic Articles,densitythe,1,2884,0.002482655190729603
Academic Articles,noise,1,7843,0.0010881310758337434
Academic Articles,creatednearearth,1,2558,0.0010881310758337434
Academic Articles,kilometric,1,6256,0.0010881310758337434
Academic Articles,incidentwhich,1,5640,0.0010881310758337434
Academic Articles,dueorbit,1,3396,0.0010881310758337434
Academic Articles,maneuver,1,6962,0.0032643932275012296
Academic Articles,duringglevel,1,3433,0.0010881310758337434
Academic Articles,remarkable,1,9864,0.0010881310758337434
Academic Articles,ledsignificant,1,6527,0.0010881310758337434
Academic Articles,increasesthe,1,5700,0.0010881310758337434
Academic Articles,problemsthe,1,9150,0.0010881310758337434
Academic Articles,spectrometer,1,10853,0.0010881310758337434
Academic Articles,scat,1,10307,0.0010881310758337434
Academic Articles,glevel,1,4973,0.0010881310758337434
Academic Articles,presentedthisstorm,1,9087,0.0010881310758337434
Academic Articles,incident,1,5639,0.000827551730243201
Academic Articles,seena,1,10403,0.0010881310758337434
Academic Articles,forapproaches,1,4587,0.0010881310758337434
Academic Articles,moderatedmary,1,7444,0.0010881310758337434
Academic Articles,hudson,1,5438,0.0032643932275012296
Academic Articles,elvidgethe,1,3680,0.0010881310758337434
Academic Articles,uni,1,12241,0.0010881310758337434
Academic Articles,versitybirmingham,1,12524,0.0010881310758337434
Academic Articles,adamsonthe,1,217,0.0010881310758337434
Academic Articles,swpcnoaa,1,11433,0.0010881310758337434
Academic Articles,wellingthe,1,12822,0.0010881310758337434
Academic Articles,universitytexasarlington,1,12263,0.0010881310758337434
Academic Articles,pedatellathe,1,8612,0.0010881310758337434
Academic Articles,kent,1,6234,0.0010881310758337434
Academic Articles,tobiskaspace,1,11952,0.0010881310758337434
Academic Articles,edmund,1,3518,0.0010881310758337434
Academic Articles,henleythemeteorological,1,5286,0.0010881310758337434
Academic Articles,office,1,8173,0.000827551730243201
Academic Articles,posedthis,1,8945,0.0010881310758337434
Academic Articles,multiplemodel,1,7546,0.0010881310758337434
Academic Articles,modelingthat,1,7385,0.0010881310758337434
Academic Articles,unavailable,1,12168,0.0032643932275012296
Academic Articles,classified,1,1941,0.0021762621516674867
Academic Articles,hampering,1,5150,0.0021762621516674867
Academic Articles,stepswe,1,11019,0.0021762621516674867
Academic Articles,workget,1,13154,0.0021762621516674867
Academic Articles,availablecan,1,1096,0.0021762621516674867
Academic Articles,methodsdata,1,7214,0.0010881310758337434
Academic Articles,sufficediscussion,1,11265,0.0010881310758337434
Academic Articles,elvidges,1,3679,0.0010881310758337434
Academic Articles,general,1,4900,0.002482655190729603
Academic Articles,overview,1,8462,0.0010881310758337434
Academic Articles,canuseda,1,1643,0.0010881310758337434
Academic Articles,varietyways,1,12502,0.0010881310758337434
Academic Articles,forwith,1,4715,0.0010881310758337434
Academic Articles,mmesin,1,7354,0.0010881310758337434
Academic Articles,usemmesin,1,12388,0.0010881310758337434
Academic Articles,infancyhas,1,5754,0.0010881310758337434
Academic Articles,demonstratedabilityreduce,1,2873,0.0010881310758337434
Academic Articles,ledits,1,6524,0.0010881310758337434
Academic Articles,especiallyreduce,1,3897,0.0010881310758337434
Academic Articles,modelpropagation,1,7399,0.0010881310758337434
Academic Articles,uncertaintydakey,1,12183,0.0010881310758337434
Academic Articles,questionusing,1,9444,0.0010881310758337434
Academic Articles,mmeshowgenerate,1,7353,0.0010881310758337434
Academic Articles,orthogonal,1,8374,0.0010881310758337434
Academic Articles,neededestimate,1,7692,0.0010881310758337434
Academic Articles,covariance,1,2531,0.0021762621516674867
Academic Articles,matricesreduce,1,7027,0.0010881310758337434
Academic Articles,andascertain,1,538,0.0010881310758337434
Academic Articles,errorsindividual,1,3874,0.0010881310758337434
Academic Articles,cancelclosing,1,1573,0.0010881310758337434
Academic Articles,elvidge,1,3678,0.0032643932275012296
Academic Articles,requireinvestmentcomputational,1,9928,0.0010881310758337434
Academic Articles,storagethe,1,11035,0.0010881310758337434
Academic Articles,amountdata,1,484,0.0010881310758337434
Academic Articles,linearly,1,6705,0.0010881310758337434
Academic Articles,numberensemble,1,7970,0.0010881310758337434
Academic Articles,adamson,1,216,0.0043525243033349734
Academic Articles,stateensemble,1,10972,0.0010881310758337434
Academic Articles,deploymentswpcpresentsaid,1,2911,0.0010881310758337434
Academic Articles,whileensembles,1,12911,0.0010881310758337434
Academic Articles,areoperation,1,891,0.0010881310758337434
Academic Articles,potentialconstrain,1,8980,0.0010881310758337434
Academic Articles,uncertaintiesrecognized,1,12177,0.0010881310758337434
Academic Articles,workongoingthe,1,13160,0.0010881310758337434
Academic Articles,solarsolar,1,10730,0.0010881310758337434
Academic Articles,uncertaintiesfor,1,12172,0.0010881310758337434
Academic Articles,canaddressedimproved,1,1568,0.0010881310758337434
Academic Articles,returnedthe,1,10062,0.0010881310758337434
Academic Articles,typesensemble,1,12138,0.0010881310758337434
Academic Articles,comprising,1,2174,0.0010881310758337434
Academic Articles,realizationsthe,1,9578,0.0010881310758337434
Academic Articles,mmesan,1,7352,0.0010881310758337434
Academic Articles,formershowedgraph,1,4675,0.0010881310758337434
Academic Articles,assimilative,1,991,0.0032643932275012296
Academic Articles,adapt,1,218,0.0021762621516674867
Academic Articles,variationsupergranulation,1,12495,0.0010881310758337434
Academic Articles,ledvery,1,6529,0.0010881310758337434
Academic Articles,timesthe,1,11925,0.0010881310758337434
Academic Articles,cmeplanning,1,1992,0.0010881310758337434
Academic Articles,mmes,1,7351,0.007616917530836203
Academic Articles,saidlarge,1,10229,0.0010881310758337434
Academic Articles,becausemuchthe,1,1208,0.0010881310758337434
Academic Articles,uncertaintyduea,1,12185,0.0010881310758337434
Academic Articles,canresourceintensive,1,1624,0.0010881310758337434
Academic Articles,canof,1,1618,0.0010881310758337434
Academic Articles,interestsome,1,5958,0.0010881310758337434
Academic Articles,casesfor,1,1714,0.0010881310758337434
Academic Articles,exampleunderstanding,1,4042,0.0010881310758337434
Academic Articles,howeffectively,1,5400,0.0010881310758337434
Academic Articles,prune,1,9369,0.0010881310758337434
Academic Articles,contextcoupled,1,2334,0.0010881310758337434
Academic Articles,welling,1,12821,0.0032643932275012296
Academic Articles,useensemblesthe,1,12378,0.0010881310758337434
Academic Articles,magnetohydro,1,6875,0.0010881310758337434
Academic Articles,coupledionosphere,1,2513,0.0010881310758337434
Academic Articles,modelspresentsaid,1,7423,0.0010881310758337434
Academic Articles,modelsvery,1,7432,0.0010881310758337434
Academic Articles,limitedthis,1,6699,0.0010881310758337434
Academic Articles,andmostlythe,1,629,0.0010881310758337434
Academic Articles,proofofconcept,1,9289,0.0010881310758337434
Academic Articles,typethe,1,12151,0.0010881310758337434
Academic Articles,refined,1,9651,0.0010881310758337434
Academic Articles,performanceensemblebased,1,8636,0.0010881310758337434
Academic Articles,unclear,1,12191,0.0032643932275012296
Academic Articles,howevercontinued,1,5406,0.0010881310758337434
Academic Articles,skillgeospace,1,10677,0.0010881310758337434
Academic Articles,sensitivityboundary,1,10429,0.0010881310758337434
Academic Articles,missingnew,1,7316,0.0010881310758337434
Academic Articles,exploring,1,4176,0.0010881310758337434
Academic Articles,hiddeninput,1,5302,0.0010881310758337434
Academic Articles,mentionedlowhanging,1,7164,0.0010881310758337434
Academic Articles,fruitmaximize,1,4818,0.0010881310758337434
Academic Articles,effectivenessensemble,1,3537,0.0010881310758337434
Academic Articles,requiresnumbernew,1,9943,0.0010881310758337434
Academic Articles,resourcessaid,1,10004,0.0010881310758337434
Academic Articles,drivingupstreamand,1,3328,0.0010881310758337434
Academic Articles,impactsa,1,5545,0.000827551730243201
Academic Articles,dense,1,2877,0.0010881310758337434
Academic Articles,workground,1,13155,0.0010881310758337434
Academic Articles,makepossiblevalidate,1,6937,0.0010881310758337434
Academic Articles,describedoneour,1,2929,0.0010881310758337434
Academic Articles,weakest,1,12740,0.0010881310758337434
Academic Articles,pointsmodelingauroral,1,8893,0.0010881310758337434
Academic Articles,finallycommentedthe,1,4374,0.0010881310758337434
Academic Articles,challengesgeospacethe,1,1821,0.0010881310758337434
Academic Articles,needscover,1,7735,0.0010881310758337434
Academic Articles,coverrange,1,2547,0.0010881310758337434
Academic Articles,localglobal,1,6742,0.0010881310758337434
Academic Articles,leadspointsource,1,6495,0.0010881310758337434
Academic Articles,perturbslocally,1,8750,0.0010881310758337434
Academic Articles,undesirable,1,12235,0.0010881310758337434
Academic Articles,assimilationionospheric,1,987,0.0010881310758337434
Academic Articles,maypossible,1,7066,0.0010881310758337434
Academic Articles,viability,1,12529,0.0010881310758337434
Academic Articles,assessed,1,967,0.0021762621516674867
Academic Articles,variationthe,1,12496,0.0010881310758337434
Academic Articles,duediffering,1,3368,0.0010881310758337434
Academic Articles,speedearth,1,10859,0.0010881310758337434
Academic Articles,blue,1,1383,0.0010881310758337434
Academic Articles,green,1,5068,0.0010881310758337434
Academic Articles,linethe,1,6712,0.0010881310758337434
Academic Articles,pedatella,1,8611,0.0032643932275012296
Academic Articles,needdevelop,1,7676,0.0010881310758337434
Academic Articles,generating,1,4908,0.000827551730243201
Academic Articles,ensemblesaddress,1,3801,0.0010881310758337434
Academic Articles,reflecting,1,9658,0.0010881310758337434
Academic Articles,uncertaintythe,1,12190,0.0021762621516674867
Academic Articles,parametersin,1,8506,0.0010881310758337434
Academic Articles,itselfsensitivitythe,1,6133,0.0010881310758337434
Academic Articles,modelinitial,1,7388,0.0010881310758337434
Academic Articles,causedchaotic,1,1735,0.0010881310758337434
Academic Articles,usedweather,1,12376,0.0010881310758337434
Academic Articles,alsospace,1,444,0.0010881310758337434
Academic Articles,implementing,1,5571,0.0032643932275012296
Academic Articles,researchwellinvestmentsthe,1,9983,0.0010881310758337434
Academic Articles,distributing,1,3191,0.0010881310758337434
Academic Articles,tobiska,1,11951,0.0032643932275012296
Academic Articles,thermospherethespace,1,11792,0.0010881310758337434
Academic Articles,squadronthespace,1,10908,0.0010881310758337434
Academic Articles,highaccuracy,1,5308,0.0010881310758337434
Academic Articles,hasdmrun,1,5179,0.0010881310758337434
Academic Articles,nearcontinuouslypredict,1,7634,0.0010881310758337434
Academic Articles,usedinform,1,12357,0.0010881310758337434
Academic Articles,recognized,1,9602,0.0010881310758337434
Academic Articles,needreduce,1,7727,0.0010881310758337434
Academic Articles,absolute,1,51,0.0010881310758337434
Academic Articles,errorthe,1,3876,0.0010881310758337434
Academic Articles,henley,1,5285,0.0032643932275012296
Academic Articles,offeredoperational,1,8162,0.0010881310758337434
Academic Articles,perspectivethe,1,8746,0.0021762621516674867
Academic Articles,quantificationuncertaintiesensemble,1,9424,0.0010881310758337434
Academic Articles,modelingbegannoting,1,7380,0.0010881310758337434
Academic Articles,conditionsweatherofthe,1,2227,0.0010881310758337434
Academic Articles,uncertaintiesrather,1,12176,0.0010881310758337434
Academic Articles,uncertaintyperformance,1,12188,0.0010881310758337434
Academic Articles,referencesthe,1,9647,0.0010881310758337434
Academic Articles,classic,1,1939,0.0010881310758337434
Academic Articles,approachuncertaintyexpensiverecommended,1,828,0.0010881310758337434
Academic Articles,cheaper,1,1891,0.0021762621516674867
Academic Articles,suchmodels,1,11241,0.0010881310758337434
Academic Articles,simpler,1,10630,0.0021762621516674867
Academic Articles,reducedorder,1,9638,0.0010881310758337434
Academic Articles,simplified,1,10633,0.0010881310758337434
Academic Articles,surrogateemulator,1,11397,0.0010881310758337434
Academic Articles,approachesusedclimate,1,821,0.0010881310758337434
Academic Articles,sciencemlbased,1,10329,0.0010881310758337434
Academic Articles,suffice,1,11264,0.0010881310758337434
Academic Articles,importantcommunicate,1,5590,0.0010881310758337434
Academic Articles,usersunderstand,1,12398,0.0010881310758337434
Academic Articles,themnew,1,11738,0.0010881310758337434
Academic Articles,spentquantifying,1,10874,0.0010881310758337434
Academic Articles,wastedtheynot,1,12683,0.0010881310758337434
Academic Articles,informationmore,1,5787,0.0010881310758337434
Academic Articles,helpful,1,5281,0.0010881310758337434
Academic Articles,relysocial,1,9841,0.0010881310758337434
Academic Articles,inputhelp,1,5850,0.0010881310758337434
Academic Articles,needssaid,1,7741,0.0010881310758337434
Academic Articles,howinterpret,1,5416,0.0010881310758337434
Academic Articles,uncertaintiesan,1,12170,0.0010881310758337434
Academic Articles,examplementioned,1,4033,0.0010881310758337434
Academic Articles,decidermulticriterion,1,2781,0.0010881310758337434
Academic Articles,decisionmaking,1,2785,0.0010881310758337434
Academic Articles,supply,1,11366,0.0021762621516674867
Academic Articles,willinformativea,1,12965,0.0010881310758337434
Academic Articles,setusers,1,10486,0.0010881310758337434
Academic Articles,ensemblesmodels,1,3802,0.0010881310758337434
Academic Articles,shouldpreferred,1,10567,0.0010881310758337434
Academic Articles,modelthe,1,7438,0.0010881310758337434
Academic Articles,thatdemonstrably,1,11617,0.0010881310758337434
Academic Articles,becauseis,1,1205,0.0010881310758337434
Academic Articles,alwaysthe,1,471,0.0010881310758337434
Academic Articles,overrangedifferent,1,8453,0.0010881310758337434
Academic Articles,added,1,223,0.0021762621516674867
Academic Articles,onlyit,1,8237,0.0010881310758337434
Academic Articles,difficulttell,1,3064,0.0010881310758337434
Academic Articles,modelbest,1,7367,0.0010881310758337434
Academic Articles,evenoneconsistently,1,3957,0.0010881310758337434
Academic Articles,othersensemblemodels,1,8386,0.0010881310758337434
Academic Articles,outperform,1,8418,0.0021762621516674867
Academic Articles,onehudsons,1,8213,0.0010881310758337434
Academic Articles,fordefinitionensemble,1,4600,0.0010881310758337434
Academic Articles,saidcananything,1,10220,0.0010881310758337434
Academic Articles,chang,1,1851,0.0010881310758337434
Academic Articles,something,1,10748,0.000827551730243201
Academic Articles,modelinitialboundary,1,7389,0.0010881310758337434
Academic Articles,conditionsaltering,1,2202,0.0010881310758337434
Academic Articles,mme,1,7350,0.0021762621516674867
Academic Articles,approachusingspreaddifferent,1,829,0.0010881310758337434
Academic Articles,makespossiblequantify,1,6944,0.0010881310758337434
Academic Articles,uncertaintyour,1,12187,0.0010881310758337434
Academic Articles,collective,1,2045,0.0021762621516674867
Academic Articles,caseindividual,1,1711,0.0010881310758337434
Academic Articles,probabilistic,1,9138,0.0010881310758337434
Academic Articles,representsprobability,1,9905,0.0010881310758337434
Academic Articles,canestimatedthe,1,1587,0.0010881310758337434
Academic Articles,caseapplyingor,1,1708,0.0010881310758337434
Academic Articles,withoutoverall,1,13096,0.0010881310758337434
Academic Articles,successthe,1,11209,0.0010881310758337434
Academic Articles,broughtthe,1,1458,0.0010881310758337434
Academic Articles,issuemmes,1,6110,0.0010881310758337434
Academic Articles,ensembleversusbroader,1,3803,0.0010881310758337434
Academic Articles,definitiona,1,2824,0.0010881310758337434
Academic Articles,perturbed,1,8749,0.001655103460486402
Academic Articles,machinelearning,1,6845,0.0010881310758337434
Academic Articles,preferred,1,9063,0.0021762621516674867
Academic Articles,oversingle,1,8458,0.0010881310758337434
Academic Articles,bestperforming,1,1324,0.0010881310758337434
Academic Articles,becausecombinationmultiple,1,1203,0.0010881310758337434
Academic Articles,modelplanning,1,7397,0.0010881310758337434
Academic Articles,perform,1,8632,0.0010881310758337434
Academic Articles,usefuloperational,1,12382,0.0010881310758337434
Academic Articles,becausethese,1,1213,0.0010881310758337434
Academic Articles,settingsis,1,10484,0.0010881310758337434
Academic Articles,difficultknowpriori,1,3061,0.0010881310758337434
Academic Articles,regimepresent,1,9672,0.0010881310758337434
Academic Articles,variance,1,12492,0.0010881310758337434
Academic Articles,informationtheir,1,5798,0.0010881310758337434
Academic Articles,examplea,1,4026,0.0021762621516674867
Academic Articles,differencesindividual,1,3051,0.0010881310758337434
Academic Articles,appreciable,1,806,0.0010881310758337434
Academic Articles,gain,1,4860,0.0010881310758337434
Academic Articles,touchedthe,1,12003,0.0010881310758337434
Academic Articles,lackresearchassimilating,1,6360,0.0010881310758337434
Academic Articles,magnetometersmagnetospheric,1,6880,0.0010881310758337434
Academic Articles,cited,1,1917,0.0010881310758337434
Academic Articles,difficultiesimposing,1,3060,0.0010881310758337434
Academic Articles,magnetospherewellthe,1,6903,0.0010881310758337434
Academic Articles,easier,1,3503,0.0010881310758337434
Academic Articles,fruitful,1,4817,0.0010881310758337434
Academic Articles,loweratmosphere,1,6817,0.0010881310758337434
Academic Articles,mmesthese,1,7355,0.0010881310758337434
Academic Articles,uncertaintyimprove,1,12186,0.0010881310758337434
Academic Articles,thermospheremodel,1,11789,0.0010881310758337434
Academic Articles,wholeatmospherethe,1,12925,0.0010881310758337434
Academic Articles,atmosphereincorporated,1,1029,0.0010881310758337434
Academic Articles,assimilating,1,982,0.0010881310758337434
Academic Articles,constraintthe,1,2312,0.0010881310758337434
Academic Articles,mlt,1,7349,0.0010881310758337434
Academic Articles,providedresearchsatellite,1,9346,0.0010881310758337434
Academic Articles,datatimedsaber,1,2719,0.0010881310758337434
Academic Articles,auramls,1,1067,0.0010881310758337434
Academic Articles,meteor,1,7202,0.0010881310758337434
Academic Articles,shownbe,1,10582,0.0010881310758337434
Academic Articles,devoteddata,1,3036,0.0010881310758337434
Academic Articles,withspecific,1,13120,0.0010881310758337434
Academic Articles,focusror,1,4549,0.0010881310758337434
Academic Articles,anthea,1,740,0.0010881310758337434
Academic Articles,coster,1,2467,0.0010881310758337434
Academic Articles,presenter,1,9088,0.000827551730243201
Academic Articles,blacknsf,1,1359,0.0010881310758337434
Academic Articles,william,1,12961,0.0010881310758337434
Academic Articles,schreinerthe,1,10320,0.0010881310758337434
Academic Articles,irelandnasa,1,6070,0.0010881310758337434
Academic Articles,rob,1,10141,0.000827551730243201
Academic Articles,redmonnoaa,1,9633,0.0010881310758337434
Academic Articles,masha,1,7007,0.0021762621516674867
Academic Articles,kuznetsovanasas,1,6323,0.0010881310758337434
Academic Articles,alec,1,387,0.0010881310758337434
Academic Articles,engellnextgen,1,3762,0.0010881310758337434
Academic Articles,askedthis,1,955,0.0010881310758337434
Academic Articles,panela,1,8488,0.0010881310758337434
Academic Articles,coordinatedsustained,1,2417,0.0010881310758337434
Academic Articles,neededsupport,1,7705,0.0043525243033349734
Academic Articles,careit,1,1686,0.0010881310758337434
Academic Articles,offeredoverviewnsf,1,8163,0.0010881310758337434
Academic Articles,programsspace,1,9253,0.0010881310758337434
Academic Articles,servedtwo,1,10453,0.0010881310758337434
Academic Articles,divi,1,3215,0.0010881310758337434
Academic Articles,agencyon,1,334,0.0010881310758337434
Academic Articles,endresearchtooperations,1,3745,0.0010881310758337434
Academic Articles,unmet,1,12276,0.0010881310758337434
Academic Articles,needsthat,1,7744,0.0010881310758337434
Academic Articles,includeeasyaccess,1,5653,0.0010881310758337434
Academic Articles,file,1,4369,0.0010881310758337434
Academic Articles,ization,1,6141,0.0010881310758337434
Academic Articles,documentationdata,1,3235,0.0010881310758337434
Academic Articles,developmentonemore,1,3018,0.0010881310758337434
Academic Articles,madrigal,1,6861,0.0010881310758337434
Academic Articles,database,1,2687,0.0032643932275012296
Academic Articles,archival,1,861,0.0021762621516674867
Academic Articles,mostits,1,7497,0.0010881310758337434
Academic Articles,supportfocusedgroundbased,1,11373,0.0010881310758337434
Academic Articles,policyplace,1,8922,0.0010881310758337434
Academic Articles,uniform,1,12243,0.0010881310758337434
Academic Articles,reportingthese,1,9889,0.0010881310758337434
Academic Articles,guidanceenforcement,1,5127,0.0010881310758337434
Academic Articles,considers,1,2286,0.0010881310758337434
Academic Articles,accessibilityacquired,1,86,0.0010881310758337434
Academic Articles,participationthe,1,8530,0.0010881310758337434
Academic Articles,mightaugmenteddeveloping,1,7257,0.0010881310758337434
Academic Articles,access,1,80,0.006528786455002459
Academic Articles,andforming,1,590,0.0010881310758337434
Academic Articles,groupsaddress,1,5100,0.0010881310758337434
Academic Articles,topicsplanning,1,11991,0.0010881310758337434
Academic Articles,schreiner,1,10318,0.0021762621516674867
Academic Articles,relatedradio,1,9793,0.0010881310758337434
Academic Articles,dataofferedhistorical,1,2708,0.0010881310758337434
Academic Articles,overviewmissions,1,8463,0.0010881310758337434
Academic Articles,gpsmet,1,5043,0.0010881310758337434
Academic Articles,experimentand,1,4149,0.0010881310758337434
Academic Articles,culminating,1,2608,0.0010881310758337434
Academic Articles,areintegral,1,883,0.0010881310758337434
Academic Articles,partassessing,1,8520,0.0010881310758337434
Academic Articles,foreseeable,1,4645,0.0010881310758337434
Academic Articles,cov,1,2530,0.0010881310758337434
Academic Articles,erage,1,3861,0.0010881310758337434
Academic Articles,cloudcomputing,1,1964,0.0010881310758337434
Academic Articles,envi,1,3819,0.0010881310758337434
Academic Articles,ronmentsgeneral,1,10171,0.0010881310758337434
Academic Articles,effortswellcommunitydeveloped,1,3598,0.0010881310758337434
Academic Articles,pointedlowlatency,1,8886,0.0010881310758337434
Academic Articles,gridded,1,5077,0.0010881310758337434
Academic Articles,standardizationdata,1,10939,0.0010881310758337434
Academic Articles,dataproximate,1,2712,0.0010881310758337434
Academic Articles,hdrl,1,5238,0.0043525243033349734
Academic Articles,availablethe,1,1101,0.0021762621516674867
Academic Articles,withfocusthe,1,13062,0.0010881310758337434
Academic Articles,sidero,1,10597,0.0010881310758337434
Academic Articles,highlevel,1,5325,0.0032643932275012296
Academic Articles,categoriesgoals,1,1727,0.0010881310758337434
Academic Articles,preservemaintain,1,9093,0.0010881310758337434
Academic Articles,archive,1,862,0.0032643932275012296
Academic Articles,discover,1,3118,0.0010881310758337434
Academic Articles,explore,1,4171,0.0010881310758337434
Academic Articles,researchbringing,1,9955,0.0010881310758337434
Academic Articles,highend,1,5312,0.0010881310758337434
Academic Articles,publish,1,9377,0.0021762621516674867
Academic Articles,publishing,1,9381,0.0010881310758337434
Academic Articles,platform,1,8861,0.010881310758337433
Academic Articles,diversitysolar,1,3211,0.0010881310758337434
Academic Articles,wisheshelp,1,13025,0.0010881310758337434
Academic Articles,researchdonasa,1,9959,0.0010881310758337434
Academic Articles,lowering,1,6819,0.0010881310758337434
Academic Articles,barriersdoing,1,1164,0.0010881310758337434
Academic Articles,responsivechanging,1,10022,0.0010881310758337434
Academic Articles,consortium,1,2295,0.0010881310758337434
Academic Articles,collaborator,1,2033,0.0010881310758337434
Academic Articles,helioanalyticsother,1,5259,0.0010881310758337434
Academic Articles,word,1,13143,0.0010881310758337434
Academic Articles,deliberation,1,2852,0.0010881310758337434
Academic Articles,redmon,1,9631,0.0010881310758337434
Academic Articles,waysupport,1,12728,0.0021762621516674867
Academic Articles,suchnasas,1,11243,0.0010881310758337434
Academic Articles,earlierireland,1,3457,0.0010881310758337434
Academic Articles,followswfo,1,4582,0.0010881310758337434
Academic Articles,programtake,1,9258,0.0010881310758337434
Academic Articles,advantageinteroperable,1,283,0.0010881310758337434
Academic Articles,standardsspase,1,10943,0.0010881310758337434
Academic Articles,extract,1,4207,0.0010881310758337434
Academic Articles,interfacesthe,1,5962,0.0010881310758337434
Academic Articles,programming,1,9246,0.0010881310758337434
Academic Articles,dscovrdevelop,1,3335,0.0010881310758337434
Academic Articles,similaraugment,1,10620,0.0010881310758337434
Academic Articles,advantagecollaborations,1,282,0.0010881310758337434
Academic Articles,suchearth,1,11225,0.0010881310758337434
Academic Articles,redmond,1,9632,0.0010881310758337434
Academic Articles,effortsbring,1,3592,0.0010881310758337434
Academic Articles,communitydrive,1,2113,0.0010881310758337434
Academic Articles,notablysaid,1,7896,0.0010881310758337434
Academic Articles,noaaworkingmigrate,1,7840,0.0010881310758337434
Academic Articles,holdingsthe,1,5362,0.0010881310758337434
Academic Articles,embracing,1,3684,0.0010881310758337434
Academic Articles,money,1,7471,0.0010881310758337434
Academic Articles,applyingorto,1,801,0.0010881310758337434
Academic Articles,anonymize,1,732,0.0010881310758337434
Academic Articles,proprietaryprotected,1,9316,0.0010881310758337434
Academic Articles,kuznetsova,1,6322,0.0032643932275012296
Academic Articles,shared,1,10506,0.005440655379168716
Academic Articles,playror,1,8871,0.0010881310758337434
Academic Articles,accessoperational,1,91,0.0010881310758337434
Academic Articles,listednumbersteps,1,6724,0.0010881310758337434
Academic Articles,ccmcplanningtakeimprove,1,1760,0.0010881310758337434
Academic Articles,prod,1,9181,0.0010881310758337434
Academic Articles,ucts,1,12154,0.0010881310758337434
Academic Articles,suchestablishing,1,11227,0.0010881310758337434
Academic Articles,onboarding,1,8202,0.0010881310758337434
Academic Articles,qualitysimulation,1,9418,0.0010881310758337434
Academic Articles,robustness,1,10146,0.0010881310758337434
Academic Articles,speedsimulations,1,10865,0.0010881310758337434
Academic Articles,andmove,1,630,0.0010881310758337434
Academic Articles,plug,1,8878,0.0010881310758337434
Academic Articles,modelspartopensource,1,7420,0.0010881310758337434
Academic Articles,pilot,1,8821,0.000827551730243201
Academic Articles,wishesincrease,1,13026,0.0010881310758337434
Academic Articles,involvementthe,1,6041,0.0010881310758337434
Academic Articles,modelerstransitioning,1,7376,0.0010881310758337434
Academic Articles,modelsccmc,1,7404,0.0010881310758337434
Academic Articles,gpuready,1,5044,0.0010881310758337434
Academic Articles,item,1,6124,0.0010881310758337434
Academic Articles,addressedplanning,1,243,0.0010881310758337434
Academic Articles,engell,1,3761,0.0010881310758337434
Academic Articles,promoted,1,9284,0.0010881310758337434
Academic Articles,executiona,1,4054,0.0010881310758337434
Academic Articles,andcalled,1,549,0.000827551730243201
Academic Articles,definitionbest,1,2826,0.0010881310758337434
Academic Articles,drafteda,1,3293,0.0010881310758337434
Academic Articles,expertiselistednumberspecific,1,4158,0.0010881310758337434
Academic Articles,diversitydata,1,3210,0.0010881310758337434
Academic Articles,lackcuration,1,6343,0.0010881310758337434
Academic Articles,availabilityoperational,1,1093,0.0010881310758337434
Academic Articles,scarcitydata,1,10305,0.0010881310758337434
Academic Articles,instrumentspointed,1,5905,0.0010881310758337434
Academic Articles,progressingparallelnasas,1,9262,0.0010881310758337434
Academic Articles,hpdehpcloud,1,5425,0.0010881310758337434
Academic Articles,unified,1,12242,0.0010881310758337434
Academic Articles,noaaefforts,1,7832,0.0010881310758337434
Academic Articles,andcharacterized,1,554,0.0010881310758337434
Academic Articles,communitydeveloping,1,2112,0.0010881310758337434
Academic Articles,pangeoa,1,8498,0.0010881310758337434
Academic Articles,geoscience,1,4931,0.0010881310758337434
Academic Articles,buildingpanhelio,1,1475,0.0010881310758337434
Academic Articles,centeredconcerns,1,1773,0.0010881310758337434
Academic Articles,guaranteeing,1,5124,0.0010881310758337434
Academic Articles,longevitydata,1,6769,0.0010881310758337434
Academic Articles,seenpreferablefacilitybased,1,10409,0.0010881310758337434
Academic Articles,longevitythat,1,6770,0.0010881310758337434
Academic Articles,pangeo,1,8497,0.0010881310758337434
Academic Articles,hompage,1,5370,0.0010881310758337434
Academic Articles,varietysources,1,12501,0.0010881310758337434
Academic Articles,educational,1,3523,0.0010881310758337434
Academic Articles,informationis,1,5784,0.0010881310758337434
Academic Articles,informationisenabling,1,5785,0.0010881310758337434
Academic Articles,accessarchivesoperational,1,82,0.0010881310758337434
Academic Articles,ccmcswpc,1,1761,0.0021762621516674867
Academic Articles,evaluationstransition,1,3950,0.0010881310758337434
Academic Articles,definitionlong,1,2827,0.0010881310758337434
Academic Articles,discussedlightyear,1,3126,0.0010881310758337434
Academic Articles,hardware,1,5169,0.0021762621516674867
Academic Articles,divesting,1,3214,0.0010881310758337434
Academic Articles,challengesarchiving,1,1818,0.0010881310758337434
Academic Articles,historical,1,5345,0.0021762621516674867
Academic Articles,ownedprincipal,1,8470,0.0010881310758337434
Academic Articles,investigator,1,6022,0.0010881310758337434
Academic Articles,regarddata,1,9665,0.0010881310758337434
Academic Articles,longevity,1,6768,0.0010881310758337434
Academic Articles,withhour,1,13067,0.0010881310758337434
Academic Articles,heard,1,5244,0.000827551730243201
Academic Articles,standardspractices,1,10942,0.0010881310758337434
Academic Articles,commenter,1,2084,0.0010881310758337434
Academic Articles,keyspace,1,6249,0.0010881310758337434
Academic Articles,focusedthese,1,4540,0.0010881310758337434
Academic Articles,observationssmall,1,8037,0.0010881310758337434
Academic Articles,similarly,1,10621,0.001655103460486402
Academic Articles,willleft,1,12967,0.0010881310758337434
Academic Articles,retired,1,10050,0.0010881310758337434
Academic Articles,abilitymonitor,1,13,0.0010881310758337434
Academic Articles,chargingthe,1,1885,0.0010881310758337434
Academic Articles,zone,1,13262,0.0010881310758337434
Academic Articles,operatorsresortmodels,1,8296,0.0010881310758337434
Academic Articles,archivingswpc,1,864,0.0010881310758337434
Academic Articles,revolved,1,10091,0.0010881310758337434
Academic Articles,ncei,1,7622,0.0010881310758337434
Academic Articles,whichintendedarchive,1,12898,0.0010881310758337434
Academic Articles,modelswas,1,7433,0.0021762621516674867
Academic Articles,exactly,1,4020,0.001655103460486402
Academic Articles,nceimandatedarchive,1,7623,0.0010881310758337434
Academic Articles,lackclarity,1,6340,0.0010881310758337434
Academic Articles,mirror,1,7307,0.0010881310758337434
Academic Articles,lackresources,1,6361,0.0010881310758337434
Academic Articles,coordinating,1,2418,0.0010881310758337434
Academic Articles,topicinteragency,1,11987,0.0010881310758337434
Academic Articles,problematic,1,9147,0.0010881310758337434
Academic Articles,involveoffice,1,6042,0.0010881310758337434
Academic Articles,missiondirect,1,7320,0.0010881310758337434
Academic Articles,hdrlact,1,5239,0.0010881310758337434
Academic Articles,accordingthe,1,110,0.0032643932275012296
Academic Articles,pointsthe,1,8896,0.0010881310758337434
Academic Articles,questionwhether,1,9446,0.0021762621516674867
Academic Articles,usenonnasa,1,12390,0.0010881310758337434
Academic Articles,setsnasa,1,10475,0.0010881310758337434
Academic Articles,viewedthe,1,12540,0.0010881310758337434
Academic Articles,panelistsa,1,8490,0.0010881310758337434
Academic Articles,issueplanning,1,6111,0.0010881310758337434
Academic Articles,discussionsis,1,3139,0.0010881310758337434
Academic Articles,importantdevelop,1,5592,0.0010881310758337434
Academic Articles,fusing,1,4847,0.0010881310758337434
Academic Articles,neededclose,1,7686,0.0010881310758337434
Academic Articles,gapthestructuretransient,1,4881,0.0010881310758337434
Academic Articles,introduce,1,6008,0.0010881310758337434
Academic Articles,outoftheecliptic,1,8416,0.0010881310758337434
Academic Articles,reconstructiontransients,1,9617,0.0010881310758337434
Academic Articles,scienceparticular,1,10330,0.0010881310758337434
Academic Articles,heliosphereneedednear,1,5272,0.0010881310758337434
Academic Articles,piecesexisting,1,8815,0.0010881310758337434
Academic Articles,couldrepurposedserve,1,2496,0.0010881310758337434
Academic Articles,dual,1,3346,0.0010881310758337434
Academic Articles,wouldcommercial,1,13186,0.0010881310758337434
Academic Articles,servicessystemslevel,1,10460,0.0010881310758337434
Academic Articles,focusedmultiscale,1,4533,0.0021762621516674867
Academic Articles,measurementskeyaddressing,1,7118,0.0010881310758337434
Academic Articles,andaddressing,1,528,0.0010881310758337434
Academic Articles,naturevarious,1,7616,0.0010881310758337434
Academic Articles,phenomenamaypossibledesign,1,8781,0.0010881310758337434
Academic Articles,observationsdoitcrucial,1,8026,0.0010881310758337434
Academic Articles,maintains,1,6922,0.0010881310758337434
Academic Articles,pathwaysviablethat,1,8592,0.0010881310758337434
Academic Articles,candevotedresearch,1,1579,0.0010881310758337434
Academic Articles,focuscollecting,1,4523,0.0010881310758337434
Academic Articles,spacecraftcapabilities,1,10796,0.0010881310758337434
Academic Articles,increasedareas,1,5682,0.0010881310758337434
Academic Articles,suchspacecraft,1,11252,0.0010881310758337434
Academic Articles,futurescience,1,4853,0.0010881310758337434
Academic Articles,rolereshaping,1,10163,0.0010881310758337434
Academic Articles,effortsbetter,1,3591,0.0010881310758337434
Academic Articles,andground,1,597,0.0010881310758337434
Academic Articles,operationsresearch,1,8280,0.0010881310758337434
Academic Articles,evolving,1,4018,0.0010881310758337434
Academic Articles,systemparticular,1,11464,0.0010881310758337434
Academic Articles,committeetake,1,2098,0.0010881310758337434
Academic Articles,panelistseachthe,1,8491,0.0010881310758337434
Academic Articles,observationalmodel,1,8018,0.0021762621516674867
Academic Articles,architecturestechnologies,1,859,0.0010881310758337434
Academic Articles,whatneededbuildfluentlysmooth,1,12863,0.0010881310758337434
Academic Articles,multisourcemultiorganization,1,7554,0.0010881310758337434
Academic Articles,base,1,1166,0.0021762621516674867
Academic Articles,governmentprivate,1,5038,0.0010881310758337434
Academic Articles,couldused,1,2502,0.0010881310758337434
Academic Articles,anddivided,1,569,0.0010881310758337434
Academic Articles,firstthe,1,4395,0.000827551730243201
Academic Articles,secondthe,1,10371,0.0010881310758337434
Academic Articles,baker,1,1147,0.004965310381459206
Academic Articles,justin,1,6213,0.0021762621516674867
Academic Articles,kasperbwx,1,6221,0.0010881310758337434
Academic Articles,nicole,1,7820,0.0032643932275012296
Academic Articles,duncanball,1,3424,0.0010881310758337434
Academic Articles,tom,1,11968,0.0043525243033349734
Academic Articles,bergerthe,1,1319,0.0010881310758337434
Academic Articles,sue,1,11261,0.0010881310758337434
Academic Articles,leprithe,1,6544,0.0010881310758337434
Academic Articles,angelos,1,720,0.0032643932275012296
Academic Articles,vourlidasthe,1,12581,0.0010881310758337434
Academic Articles,aboveguidanceexplore,1,41,0.0010881310758337434
Academic Articles,areasdiscipline,1,875,0.0010881310758337434
Academic Articles,lite,1,6731,0.0010881310758337434
Academic Articles,contracting,1,2383,0.0021762621516674867
Academic Articles,technologiesaddition,1,11536,0.0010881310758337434
Academic Articles,nections,1,7665,0.0010881310758337434
Academic Articles,allsupportadvancing,1,416,0.0010881310758337434
Academic Articles,programmatic,1,9245,0.0010881310758337434
Academic Articles,observationskaspers,1,8030,0.0010881310758337434
Academic Articles,milestonebased,1,7271,0.0021762621516674867
Academic Articles,reimbursable,1,9778,0.0032643932275012296
Academic Articles,leadingdepart,1,6476,0.0010881310758337434
Academic Articles,mentcommercedepartmentdefense,1,7160,0.0010881310758337434
Academic Articles,purchase,1,9387,0.0032643932275012296
Academic Articles,agreementsadvocated,1,352,0.0010881310758337434
Academic Articles,menta,1,7159,0.0010881310758337434
Academic Articles,databuy,1,2690,0.0010881310758337434
Academic Articles,architectureproduce,1,851,0.0010881310758337434
Academic Articles,suchapproach,1,11212,0.0021762621516674867
Academic Articles,facilitate,1,4225,0.0010881310758337434
Academic Articles,observationssubstantially,1,8040,0.0010881310758337434
Academic Articles,costand,1,2464,0.0010881310758337434
Academic Articles,timethan,1,11929,0.0010881310758337434
Academic Articles,mechanismsplanning,1,7137,0.0010881310758337434
Academic Articles,kasper,1,6220,0.0043525243033349734
Academic Articles,presentedexample,1,9086,0.0010881310758337434
Academic Articles,simulta,1,10640,0.0010881310758337434
Academic Articles,neously,1,7774,0.0010881310758337434
Academic Articles,providingmilestonebased,1,9361,0.0010881310758337434
Academic Articles,departmentcommerce,1,2890,0.0010881310758337434
Academic Articles,dod,1,3238,0.0021762621516674867
Academic Articles,eightspacecraft,1,3605,0.0010881310758337434
Academic Articles,eartha,1,3473,0.002482655190729603
Academic Articles,retrograde,1,10051,0.0010881310758337434
Academic Articles,orbitdis,1,8326,0.0010881310758337434
Academic Articles,tance,1,11513,0.0010881310758337434
Academic Articles,warningstransient,1,12619,0.0010881310758337434
Academic Articles,canaccomplished,1,1563,0.0010881310758337434
Academic Articles,withalone,1,13030,0.0010881310758337434
Academic Articles,carrying,1,1701,0.0010881310758337434
Academic Articles,linessight,1,6710,0.0010881310758337434
Academic Articles,confidenceunderstanding,1,2249,0.0010881310758337434
Academic Articles,probabilitiesaffecting,1,9139,0.0010881310758337434
Academic Articles,costaround,1,2465,0.0010881310758337434
Academic Articles,airlinestake,1,380,0.0010881310758337434
Academic Articles,actionresponsetransient,1,150,0.0010881310758337434
Academic Articles,arrivalshavingminimumhours,1,930,0.0010881310758337434
Academic Articles,informationshock,1,5795,0.0010881310758337434
Academic Articles,rope,1,10173,0.0021762621516674867
Academic Articles,sucharchitecture,1,11213,0.0010881310758337434
Academic Articles,couldprovided,1,2492,0.0010881310758337434
Academic Articles,commercially,1,2089,0.0021762621516674867
Academic Articles,makeprofitselling,1,6938,0.0010881310758337434
Academic Articles,withaugmentation,1,13034,0.0010881310758337434
Academic Articles,challengesettingthe,1,1820,0.0010881310758337434
Academic Articles,systemthatinterplanetary,1,11484,0.0010881310758337434
Academic Articles,representlarge,1,9902,0.0010881310758337434
Academic Articles,upfront,1,12306,0.0010881310758337434
Academic Articles,forcompanyit,1,4597,0.0010881310758337434
Academic Articles,resourcesmore,1,10003,0.0010881310758337434
Academic Articles,designoperations,1,2951,0.0010881310758337434
Academic Articles,earthobservation,1,3485,0.0010881310758337434
Academic Articles,counterpartspossible,1,2507,0.0010881310758337434
Academic Articles,solutionthis,1,10741,0.0010881310758337434
Academic Articles,developmechanism,1,3007,0.0010881310758337434
Academic Articles,appearancethe,1,765,0.0010881310758337434
Academic Articles,encircling,1,3730,0.0010881310758337434
Academic Articles,distancefrom,1,3186,0.0010881310758337434
Academic Articles,closestthe,1,1959,0.0010881310758337434
Academic Articles,double,1,3268,0.0021762621516674867
Academic Articles,timecomparedcurrent,1,11898,0.0010881310758337434
Academic Articles,monitorslsunwardearth,1,7482,0.0010881310758337434
Academic Articles,bwx,1,1530,0.0010881310758337434
Academic Articles,noaaother,1,7839,0.0010881310758337434
Academic Articles,interested,1,5951,0.0010881310758337434
Academic Articles,entermilestonebased,1,3808,0.0010881310758337434
Academic Articles,developmentlaunch,1,3015,0.0010881310758337434
Academic Articles,productionher,1,9226,0.0010881310758337434
Academic Articles,duncan,1,3423,0.005440655379168716
Academic Articles,thatjoint,1,11639,0.0010881310758337434
Academic Articles,wouldneededenable,1,13198,0.0010881310758337434
Academic Articles,sortnovel,1,10757,0.0010881310758337434
Academic Articles,thecongressfund,1,11698,0.0010881310758337434
Academic Articles,moting,1,7509,0.0010881310758337434
Academic Articles,areasinterestmove,1,876,0.0010881310758337434
Academic Articles,raised,1,9493,0.0032643932275012296
Academic Articles,missionsperform,1,7331,0.0010881310758337434
Academic Articles,accounting,1,116,0.0010881310758337434
Academic Articles,requirementsthe,1,9935,0.0032643932275012296
Academic Articles,prioritizationscientific,1,9124,0.0010881310758337434
Academic Articles,flexibilitymission,1,4457,0.0010881310758337434
Academic Articles,planningaddition,1,8848,0.0010881310758337434
Academic Articles,dataoperational,1,2710,0.0010881310758337434
Academic Articles,reduc,1,9634,0.0010881310758337434
Academic Articles,tiondata,1,11945,0.0010881310758337434
Academic Articles,successoperationalizing,1,11208,0.0010881310758337434
Academic Articles,couldaddressedgreater,1,2480,0.0010881310758337434
Academic Articles,standardization,1,10938,0.0021762621516674867
Academic Articles,barrier,1,1161,0.0021762621516674867
Academic Articles,couldremovedimproving,1,2495,0.0010881310758337434
Academic Articles,graphical,1,5059,0.0010881310758337434
Academic Articles,interfacesconsidering,1,5961,0.0010881310758337434
Academic Articles,architecturesoperationalize,1,855,0.0010881310758337434
Academic Articles,saidindustryprime,1,10226,0.0010881310758337434
Academic Articles,successfulwith,1,11205,0.0010881310758337434
Academic Articles,customersthis,1,2638,0.0010881310758337434
Academic Articles,defines,1,2821,0.0021762621516674867
Academic Articles,toplevel,1,11993,0.0021762621516674867
Academic Articles,petescomewith,1,8754,0.0010881310758337434
Academic Articles,architecturesan,1,852,0.0010881310758337434
Academic Articles,ball,1,1152,0.0043525243033349734
Academic Articles,usesmission,1,12400,0.0010881310758337434
Academic Articles,mosaic,1,7494,0.0021762621516674867
Academic Articles,optimizes,1,8318,0.0021762621516674867
Academic Articles,mappingtoplevel,1,6979,0.0010881310758337434
Academic Articles,goalsmission,1,4990,0.0010881310758337434
Academic Articles,streamlines,1,11102,0.0010881310758337434
Academic Articles,costsenabling,1,2470,0.0010881310758337434
Academic Articles,oversight,1,8457,0.0010881310758337434
Academic Articles,deliverable,1,2856,0.0010881310758337434
Academic Articles,industrydefined,1,5747,0.0010881310758337434
Academic Articles,infrastructureanother,1,5804,0.0010881310758337434
Academic Articles,architectural,1,846,0.0010881310758337434
Academic Articles,couldusedprovide,1,2504,0.0010881310758337434
Academic Articles,reduced,1,9636,0.0010881310758337434
Academic Articles,dedicatedspace,1,2809,0.0010881310758337434
Academic Articles,dsn,1,3340,0.0010881310758337434
Academic Articles,vehicle,1,12515,0.0021762621516674867
Academic Articles,rideshare,1,10097,0.0021762621516674867
Academic Articles,opportunitiescollaboration,1,8302,0.0010881310758337434
Academic Articles,divisionnasa,1,3219,0.000827551730243201
Academic Articles,couldan,1,2482,0.0021762621516674867
Academic Articles,meansbroadening,1,7090,0.0010881310758337434
Academic Articles,processeshow,1,9167,0.0010881310758337434
Academic Articles,designed,1,2942,0.0021762621516674867
Academic Articles,buildingsingle,1,1476,0.0010881310758337434
Academic Articles,missiononce,1,7324,0.0010881310758337434
Academic Articles,periodic,1,8666,0.0010881310758337434
Academic Articles,refreshment,1,9662,0.0010881310758337434
Academic Articles,howeverwillnecessarythink,1,5413,0.0010881310758337434
Academic Articles,howstructure,1,5421,0.0010881310758337434
Academic Articles,contract,1,2382,0.0021762621516674867
Academic Articles,procurementsusing,1,9180,0.0010881310758337434
Academic Articles,willimportantachieving,1,12963,0.0010881310758337434
Academic Articles,needsaccount,1,7730,0.0010881310758337434
Academic Articles,constellationspecific,1,2303,0.0010881310758337434
Academic Articles,suchautonomous,1,11214,0.0010881310758337434
Academic Articles,flyingthe,1,4519,0.0010881310758337434
Academic Articles,layer,1,6457,0.000827551730243201
Academic Articles,providesexamplehowhybrid,1,9358,0.0010881310758337434
Academic Articles,architecturespacebased,1,857,0.0010881310758337434
Academic Articles,nextgeneration,1,7816,0.0010881310758337434
Academic Articles,mustconsidered,1,7572,0.0010881310758337434
Academic Articles,guidanceassurance,1,5126,0.0010881310758337434
Academic Articles,expecta,1,4081,0.0010881310758337434
Academic Articles,approachestesting,1,818,0.0010881310758337434
Academic Articles,intelligence,1,5921,0.0032643932275012296
Academic Articles,trl,1,12085,0.0010881310758337434
Academic Articles,maturation,1,7033,0.0010881310758337434
Academic Articles,qualificationas,1,9412,0.0010881310758337434
Academic Articles,mustaddressedensure,1,7570,0.0010881310758337434
Academic Articles,architecturesovercome,1,856,0.0010881310758337434
Academic Articles,deficienciesthe,1,2815,0.0010881310758337434
Academic Articles,helios,1,5263,0.005440655379168716
Academic Articles,conceptadvance,1,2187,0.0010881310758337434
Academic Articles,berger,1,1318,0.006528786455002459
Academic Articles,accuracyall,1,121,0.0010881310758337434
Academic Articles,confined,1,2254,0.000827551730243201
Academic Articles,largelythe,1,6372,0.0010881310758337434
Academic Articles,whenmapthe,1,12873,0.0010881310758337434
Academic Articles,sunproduced,1,11346,0.0010881310758337434
Academic Articles,representinstantaneous,1,9901,0.0010881310758337434
Academic Articles,sunany,1,11313,0.0010881310758337434
Academic Articles,insteada,1,5877,0.0010881310758337434
Academic Articles,convolutiontemporal,1,2407,0.0010881310758337434
Academic Articles,informationonly,1,5791,0.0010881310758337434
Academic Articles,aboutthirdthe,1,37,0.0010881310758337434
Academic Articles,sur,1,11378,0.0010881310758337434
Academic Articles,facevisibleany,1,4224,0.0010881310758337434
Academic Articles,timeestimate,1,11903,0.0010881310758337434
Academic Articles,extrapolatedthe,1,4209,0.0010881310758337434
Academic Articles,introducesforecasting,1,6010,0.0010881310758337434
Academic Articles,onethirdthe,1,8222,0.0010881310758337434
Academic Articles,spheremeasurableany,1,10877,0.0010881310758337434
Academic Articles,multiply,1,7547,0.0010881310758337434
Academic Articles,valuesad,1,12474,0.0010881310758337434
Academic Articles,factorsto,1,4237,0.0010881310758337434
Academic Articles,conditionsl,1,2218,0.0010881310758337434
Academic Articles,infrastructuregreater,1,5808,0.0010881310758337434
Academic Articles,inaccuraciesthe,1,5627,0.0010881310758337434
Academic Articles,extrapolation,1,4210,0.0043525243033349734
Academic Articles,usedmodel,1,12363,0.0010881310758337434
Academic Articles,leadvery,1,6504,0.0010881310758337434
Academic Articles,poor,1,8927,0.0021762621516674867
Academic Articles,compromise,1,2175,0.0010881310758337434
Academic Articles,mate,1,7018,0.0010881310758337434
Academic Articles,cmesexamplethe,1,1996,0.0010881310758337434
Academic Articles,gapobservationshigh,1,4873,0.0010881310758337434
Academic Articles,latitudesdemonstratedfigure,1,6429,0.0010881310758337434
Academic Articles,regionsmissedthe,1,9763,0.0010881310758337434
Academic Articles,uncorrected,1,12193,0.0010881310758337434
Academic Articles,operationsproviding,1,8279,0.0010881310758337434
Academic Articles,consiststwo,1,2293,0.0010881310758337434
Academic Articles,solarpolar,1,10728,0.0021762621516674867
Academic Articles,solarquadrature,1,10729,0.0021762621516674867
Academic Articles,allwhich,1,421,0.001655103460486402
Academic Articles,threeaxis,1,11852,0.0010881310758337434
Academic Articles,stabilized,1,10921,0.0010881310758337434
Academic Articles,additionanmission,1,234,0.0010881310758337434
Academic Articles,overyear,1,8469,0.000827551730243201
Academic Articles,shouldat,1,10556,0.0010881310758337434
Academic Articles,desired,1,2952,0.0010881310758337434
Academic Articles,wouldplaced,1,13203,0.0010881310758337434
Academic Articles,usetheorpoints,1,12406,0.0010881310758337434
Academic Articles,periheliaaboutwithcommon,1,8648,0.0010881310758337434
Academic Articles,suitefacilitate,1,11286,0.0010881310758337434
Academic Articles,intercalibration,1,5946,0.0010881310758337434
Academic Articles,redundancy,1,9641,0.000827551730243201
Academic Articles,combinesitu,1,2068,0.0010881310758337434
Academic Articles,includesolar,1,5659,0.0010881310758337434
Academic Articles,doppler,1,3263,0.0010881310758337434
Academic Articles,magnetographextreme,1,6874,0.0010881310758337434
Academic Articles,andwhitelight,1,714,0.0010881310758337434
Academic Articles,thesitu,1,11795,0.0032643932275012296
Academic Articles,correcteduncorrected,1,2453,0.0010881310758337434
Academic Articles,approximate,1,833,0.0010881310758337434
Academic Articles,windcompletely,1,13001,0.0010881310758337434
Academic Articles,misseduncorrected,1,7314,0.0010881310758337434
Academic Articles,infrastructuremagnetometersolar,1,5811,0.0010881310758337434
Academic Articles,analyzer,1,523,0.0010881310758337434
Academic Articles,cup,1,2612,0.0010881310758337434
Academic Articles,andenergetic,1,576,0.0010881310758337434
Academic Articles,comeit,1,2072,0.0010881310758337434
Academic Articles,possibleinclude,1,8963,0.0010881310758337434
Academic Articles,additiongolfng,1,236,0.0010881310758337434
Academic Articles,oscillationslow,1,8376,0.0010881310758337434
Academic Articles,frequencynew,1,4744,0.0010881310758337434
Academic Articles,gmodes,1,4981,0.0010881310758337434
Academic Articles,coreenvisioned,1,2431,0.0010881310758337434
Academic Articles,acquiring,1,139,0.0010881310758337434
Academic Articles,terabytesdata,1,11574,0.0010881310758337434
Academic Articles,per,1,8627,0.000827551730243201
Academic Articles,daynear,1,2732,0.0010881310758337434
Academic Articles,infrastructurerelay,1,5814,0.0010881310758337434
Academic Articles,dataearth,1,2695,0.0010881310758337434
Academic Articles,furthermorea,1,4841,0.0010881310758337434
Academic Articles,vehicleto,1,12516,0.0010881310758337434
Academic Articles,deploymentsmustequipped,1,2910,0.0010881310758337434
Academic Articles,ionnuclearthermal,1,6052,0.0010881310758337434
Academic Articles,thruster,1,11873,0.0010881310758337434
Academic Articles,andcompact,1,557,0.0010881310758337434
Academic Articles,lightweight,1,6633,0.0010881310758337434
Academic Articles,enoughget,1,3797,0.0010881310758337434
Academic Articles,outjupiters,1,8407,0.0010881310758337434
Academic Articles,autonomous,1,1087,0.001655103460486402
Academic Articles,aremustsupport,1,890,0.0010881310758337434
Academic Articles,mseclevel,1,7523,0.0010881310758337434
Academic Articles,autonomy,1,1088,0.0021762621516674867
Academic Articles,wouldrequiredlepris,1,13204,0.0010881310758337434
Academic Articles,suprathermal,1,11377,0.005440655379168716
Academic Articles,relatedicmes,1,9790,0.0010881310758337434
Academic Articles,ingnowcasting,1,5821,0.0010881310758337434
Academic Articles,understandinghowderive,1,12215,0.0010881310758337434
Academic Articles,suchtimearrival,1,11258,0.0010881310758337434
Academic Articles,geoeffectivenessthe,1,4922,0.0010881310758337434
Academic Articles,structuresearthexampleshowfigure,1,11143,0.0010881310758337434
Academic Articles,featuresdetect,1,4283,0.0010881310758337434
Academic Articles,similarlyis,1,10622,0.0010881310758337434
Academic Articles,necessaryknow,1,7663,0.0010881310758337434
Academic Articles,timearrival,1,11894,0.0010881310758337434
Academic Articles,propertiessolar,1,9302,0.0010881310758337434
Academic Articles,suchhighspeed,1,11234,0.0010881310758337434
Academic Articles,hsss,1,5433,0.0021762621516674867
Academic Articles,sir,1,10654,0.001655103460486402
Academic Articles,architectureaddress,1,848,0.0010881310758337434
Academic Articles,piecespace,1,8816,0.0010881310758337434
Academic Articles,fullsun,1,4824,0.0010881310758337434
Academic Articles,twoin,1,12122,0.0021762621516674867
Academic Articles,sp,1,10787,0.0010881310758337434
Academic Articles,quadrature,1,9411,0.0021762621516674867
Academic Articles,linesq,1,6709,0.0010881310758337434
Academic Articles,conceptmission,1,2188,0.0010881310758337434
Academic Articles,assumedplanning,1,997,0.0010881310758337434
Academic Articles,cirs,1,1913,0.0010881310758337434
Academic Articles,evolutionthese,1,4014,0.0010881310758337434
Academic Articles,structuresthey,1,11146,0.0010881310758337434
Academic Articles,effectspreconditioning,1,3557,0.0010881310758337434
Academic Articles,expand,1,4072,0.0010881310758337434
Academic Articles,abilityidentify,1,10,0.0010881310758337434
Academic Articles,gapsexistingsitu,1,4876,0.0010881310758337434
Academic Articles,measurementswellin,1,7128,0.0010881310758337434
Academic Articles,abil,1,4,0.0010881310758337434
Academic Articles,ityconnect,1,6139,0.0010881310758337434
Academic Articles,neededconnect,1,7689,0.0010881310758337434
Academic Articles,linesight,1,6708,0.0010881310758337434
Academic Articles,integratedin,1,5917,0.0010881310758337434
Academic Articles,limitationsthe,1,6693,0.0010881310758337434
Academic Articles,operative,1,8288,0.0010881310758337434
Academic Articles,suf,1,11262,0.0010881310758337434
Academic Articles,ficiently,1,4310,0.0010881310758337434
Academic Articles,speedsproton,1,10869,0.0010881310758337434
Academic Articles,fluxesaccurately,1,4484,0.0010881310758337434
Academic Articles,getto,1,4943,0.0010881310758337434
Academic Articles,promiseidentifying,1,9281,0.0010881310758337434
Academic Articles,lackrealtime,1,6358,0.0010881310758337434
Academic Articles,adversely,1,287,0.0010881310758337434
Academic Articles,qualityspace,1,9419,0.0010881310758337434
Academic Articles,roledifferentiating,1,10152,0.0010881310758337434
Academic Articles,icmesdetermining,1,5466,0.0010881310758337434
Academic Articles,andcon,1,559,0.0010881310758337434
Academic Articles,straining,1,11084,0.0010881310758337434
Academic Articles,essentialnowcasting,1,3906,0.0010881310758337434
Academic Articles,andquantifying,1,667,0.0010881310758337434
Academic Articles,composi,1,2167,0.0010881310758337434
Academic Articles,informationnow,1,5790,0.0010881310758337434
Academic Articles,incorporated,1,5675,0.0021762621516674867
Academic Articles,scarcecomposition,1,10303,0.0010881310758337434
Academic Articles,coulda,1,2477,0.0010881310758337434
Academic Articles,discriminating,1,3123,0.0010881310758337434
Academic Articles,marker,1,6990,0.0010881310758337434
Academic Articles,learningalgorithms,1,6513,0.0010881310758337434
Academic Articles,usedidentify,1,12353,0.0010881310758337434
Academic Articles,themethodology,1,11734,0.0010881310758337434
Academic Articles,effectiveness,1,3536,0.0010881310758337434
Academic Articles,icmesshocks,1,5469,0.0010881310758337434
Academic Articles,fromdesai,1,4762,0.0010881310758337434
Academic Articles,andburgess,1,545,0.0010881310758337434
Academic Articles,accelerationcoronal,1,78,0.0021762621516674867
Academic Articles,ejectiondriven,1,3622,0.0021762621516674867
Academic Articles,researchcopyrightthe,1,9956,0.0010881310758337434
Academic Articles,lqglqjwkhjdsv,1,6836,0.0010881310758337434
Academic Articles,vkrfnv,1,12571,0.0010881310758337434
Academic Articles,hvluhglqirupdwlrq,1,5452,0.0010881310758337434
Academic Articles,lphriuulydoxudwlrq,1,6835,0.0010881310758337434
Academic Articles,hrhiihfwlyhqhvv,1,5426,0.0010881310758337434
Academic Articles,rzfdvwlqj,1,10206,0.0010881310758337434
Academic Articles,yvruhfdvwlqj,1,13254,0.0010881310758337434
Academic Articles,krfnvwuxfwxuhhwhqw,1,6319,0.0010881310758337434
Academic Articles,dqgpdjqhwlfwrsrorjdwduwk,1,3290,0.0010881310758337434
Academic Articles,rurwkhusodqhwduerglhvdqg,1,10204,0.0010881310758337434
Academic Articles,vsdfhfudiw,1,12582,0.0010881310758337434
Academic Articles,indicatorshocks,1,5736,0.0010881310758337434
Academic Articles,hourswarning,1,5391,0.0010881310758337434
Academic Articles,depend,1,2893,0.0010881310758337434
Academic Articles,strengththe,1,11111,0.0021762621516674867
Academic Articles,shocksuprathermal,1,10542,0.0010881310758337434
Academic Articles,seed,1,10389,0.0010881310758337434
Academic Articles,providegreat,1,9350,0.0010881310758337434
Academic Articles,abundant,1,59,0.0010881310758337434
Academic Articles,observationmore,1,8019,0.0010881310758337434
Academic Articles,rangesensitivitycover,1,9509,0.0010881310758337434
Academic Articles,ordersmagnitude,1,8352,0.0010881310758337434
Academic Articles,ableresolve,1,25,0.0010881310758337434
Academic Articles,structural,1,11134,0.0010881310758337434
Academic Articles,goalsobserving,1,4992,0.0010881310758337434
Academic Articles,shouldto,1,10572,0.0010881310758337434
Academic Articles,enhance,1,3774,0.0021762621516674867
Academic Articles,buildclimatologysolar,1,1469,0.0010881310758337434
Academic Articles,architecturessupport,1,858,0.0010881310758337434
Academic Articles,listednumbermeasurement,1,6723,0.0010881310758337434
Academic Articles,includingsitu,1,5666,0.0010881310758337434
Academic Articles,measurementsvarious,1,7127,0.0010881310758337434
Academic Articles,autrack,1,1089,0.0010881310758337434
Academic Articles,occurringroute,1,8131,0.0010881310758337434
Academic Articles,suchdistributed,1,11224,0.0010881310758337434
Academic Articles,alsoachievedusing,1,432,0.0010881310758337434
Academic Articles,hostedplanetary,1,5380,0.0010881310758337434
Academic Articles,complementary,1,2136,0.0010881310758337434
Academic Articles,platformscombine,1,8863,0.0010881310758337434
Academic Articles,uniformitysustained,1,12245,0.0010881310758337434
Academic Articles,achieving,1,133,0.0010881310758337434
Academic Articles,overcoming,1,8442,0.0010881310758337434
Academic Articles,willrequireddetermine,1,12988,0.0010881310758337434
Academic Articles,impactssmallerscale,1,5554,0.0010881310758337434
Academic Articles,telemetry,1,11546,0.0010881310758337434
Academic Articles,bothwhich,1,1409,0.0021762621516674867
Academic Articles,processingadvancesgroundbased,1,9174,0.0010881310758337434
Academic Articles,dataanalysis,1,2684,0.0010881310758337434
Academic Articles,instrumentsan,1,5898,0.0010881310758337434
Academic Articles,examplechallenges,1,4028,0.0010881310758337434
Academic Articles,faced,1,4222,0.0010881310758337434
Academic Articles,fieldsviewgeometric,1,4364,0.0010881310758337434
Academic Articles,chargeenergy,1,1880,0.0010881310758337434
Academic Articles,rangea,1,9501,0.0010881310758337434
Academic Articles,miniatur,1,7286,0.0010881310758337434
Academic Articles,izationespecially,1,6142,0.0010881310758337434
Academic Articles,needing,1,7723,0.0010881310758337434
Academic Articles,decidethe,1,2782,0.0010881310758337434
Academic Articles,valuesmaller,1,12477,0.0010881310758337434
Academic Articles,costmore,1,2469,0.0010881310758337434
Academic Articles,capable,1,1669,0.0010881310758337434
Academic Articles,sensorsthe,1,10432,0.0010881310758337434
Academic Articles,architecturestechnologiesfill,1,860,0.0010881310758337434
Academic Articles,gapsobservationssolar,1,4877,0.0010881310758337434
Academic Articles,vourlidas,1,12580,0.006528786455002459
Academic Articles,outlinedthe,1,8412,0.0010881310758337434
Academic Articles,reportdiscussing,1,9881,0.0010881310758337434
Academic Articles,gapssolar,1,4878,0.0010881310758337434
Academic Articles,particleskey,1,8539,0.0010881310758337434
Academic Articles,themehis,1,11731,0.0010881310758337434
Academic Articles,lackeffective,1,6348,0.0010881310758337434
Academic Articles,coveragehow,1,2536,0.0010881310758337434
Academic Articles,lackcoverageevents,1,6342,0.0010881310758337434
Academic Articles,mismatchthe,1,7310,0.0010881310758337434
Academic Articles,samplingjustsingle,1,10241,0.0010881310758337434
Academic Articles,coarser,1,2001,0.0010881310758337434
Academic Articles,importancetakingsystemslevel,1,5585,0.0010881310758337434
Academic Articles,mea,1,7086,0.0010881310758337434
Academic Articles,surementsa,1,11382,0.0010881310758337434
Academic Articles,wayaddress,1,12707,0.0010881310758337434
Academic Articles,duesparse,1,3411,0.0010881310758337434
Academic Articles,naturethe,1,7615,0.0010881310758337434
Academic Articles,phenomenainterest,1,8780,0.0010881310758337434
Academic Articles,neededbuildsuchsystemresponsethe,1,7684,0.0010881310758337434
Academic Articles,ele,1,3639,0.0010881310758337434
Academic Articles,mentsthis,1,7175,0.0010881310758337434
Academic Articles,woulddistributed,1,13188,0.0010881310758337434
Academic Articles,monolithic,1,7483,0.0010881310758337434
Academic Articles,platformsthe,1,8864,0.0010881310758337434
Academic Articles,lagrange,1,6367,0.0032643932275012296
Academic Articles,wouldin,1,13195,0.0010881310758337434
Academic Articles,numberssensors,1,7985,0.0010881310758337434
Academic Articles,usecubesats,1,12339,0.0010881310758337434
Academic Articles,presentchallenge,1,9085,0.0010881310758337434
Academic Articles,envisioned,1,3837,0.0010881310758337434
Academic Articles,aboveplanning,1,43,0.0010881310758337434
Academic Articles,systemlevel,1,11460,0.0010881310758337434
Academic Articles,architecturefill,1,850,0.0010881310758337434
Academic Articles,importancedeveloping,1,5577,0.0010881310758337434
Academic Articles,researchbridging,1,9954,0.0010881310758337434
Academic Articles,windgeospace,1,13007,0.0010881310758337434
Academic Articles,musttakenimplementperigeospace,1,7580,0.0010881310758337434
Academic Articles,includesystemlearth,1,5661,0.0010881310758337434
Academic Articles,cyclers,1,2649,0.0010881310758337434
Academic Articles,samplingsolar,1,10242,0.0010881310758337434
Academic Articles,requirementsof,1,9933,0.0010881310758337434
Academic Articles,defineddetermine,1,2820,0.0010881310758337434
Academic Articles,developingcosteffective,1,3006,0.0010881310758337434
Academic Articles,andmodelingthe,1,628,0.0010881310758337434
Academic Articles,ossesdetermine,1,8380,0.0010881310758337434
Academic Articles,strategiesis,1,11088,0.0010881310758337434
Academic Articles,interactive,1,5942,0.0021762621516674867
Academic Articles,finished,1,4382,0.000827551730243201
Academic Articles,parta,1,8519,0.000827551730243201
Academic Articles,broadranging,1,1454,0.0010881310758337434
Academic Articles,ques,1,9433,0.0010881310758337434
Academic Articles,viewing,1,12541,0.000827551730243201
Academic Articles,sunfrom,1,11330,0.0010881310758337434
Academic Articles,cessing,1,1802,0.0010881310758337434
Academic Articles,collectionrecurrent,1,2042,0.0010881310758337434
Academic Articles,informationbe,1,5779,0.0010881310758337434
Academic Articles,timeplanning,1,11912,0.0010881310758337434
Academic Articles,outlined,1,8409,0.0010881310758337434
Academic Articles,waysmanaging,1,12725,0.0010881310758337434
Academic Articles,willneededincrease,1,12975,0.0010881310758337434
Academic Articles,building,1,1470,0.000827551730243201
Academic Articles,operationscon,1,8275,0.0010881310758337434
Academic Articles,stellationswellthe,1,11011,0.0010881310758337434
Academic Articles,efficiencydata,1,3577,0.0010881310758337434
Academic Articles,builtmultiple,1,1483,0.0010881310758337434
Academic Articles,andphases,1,654,0.0010881310758337434
Academic Articles,developmentsustainable,1,3025,0.0010881310758337434
Academic Articles,constructedaffordable,1,2315,0.0010881310758337434
Academic Articles,vieweda,1,12539,0.0010881310758337434
Academic Articles,viable,1,12530,0.0010881310758337434
Academic Articles,alternativethe,1,455,0.0010881310758337434
Academic Articles,nasanoaafunded,1,7602,0.0010881310758337434
Academic Articles,touchedpublicprivate,1,12002,0.0010881310758337434
Academic Articles,provision,1,9363,0.0010881310758337434
Academic Articles,likeaccept,1,6635,0.0010881310758337434
Academic Articles,customerbasically,1,2636,0.0010881310758337434
Academic Articles,noaanasa,1,7837,0.0010881310758337434
Academic Articles,monitoringfor,1,7475,0.0010881310758337434
Academic Articles,usedindustry,1,12356,0.0010881310758337434
Academic Articles,purportedyield,1,9389,0.0010881310758337434
Academic Articles,costslow,1,2472,0.0010881310758337434
Academic Articles,riskfollowing,1,10123,0.0010881310758337434
Academic Articles,proven,1,9334,0.0010881310758337434
Academic Articles,eschewing,1,3892,0.0010881310758337434
Academic Articles,unnecessary,1,12277,0.0010881310758337434
Academic Articles,documentation,1,3234,0.0010881310758337434
Academic Articles,followednasa,1,4563,0.0010881310758337434
Academic Articles,continuitydesirablepossible,1,2374,0.0010881310758337434
Academic Articles,fractionatedheterogeneous,1,4729,0.0010881310758337434
Academic Articles,nasamatch,1,7600,0.0010881310758337434
Academic Articles,needsadjusting,1,7732,0.0010881310758337434
Academic Articles,makeupthe,1,6947,0.0010881310758337434
Academic Articles,constellationprovidingneeded,1,2302,0.0010881310758337434
Academic Articles,measurementa,1,7107,0.0010881310758337434
Academic Articles,ridesharehosted,1,10098,0.0010881310758337434
Academic Articles,payloadwas,1,8600,0.0010881310758337434
Academic Articles,maywaystransitionscience,1,7081,0.0010881310758337434
Academic Articles,missionan,1,7318,0.0010881310758337434
Academic Articles,phasecompleted,1,8764,0.0010881310758337434
Academic Articles,eventhere,1,3971,0.0010881310758337434
Academic Articles,explored,1,4172,0.0010881310758337434
Academic Articles,outofecliptic,1,8415,0.0010881310758337434
Academic Articles,enablingquantum,1,3724,0.0010881310758337434
Academic Articles,leapspace,1,6509,0.0010881310758337434
Academic Articles,partnershipsparticular,1,8559,0.0010881310758337434
Academic Articles,involvement,1,6040,0.0032643932275012296
Academic Articles,requiresclear,1,9938,0.0010881310758337434
Academic Articles,returninvestment,1,10066,0.0010881310758337434
Academic Articles,roi,1,10149,0.0010881310758337434
Academic Articles,careful,1,1685,0.000827551730243201
Academic Articles,justificationthe,1,6211,0.0010881310758337434
Academic Articles,shareholdersexamples,1,10507,0.0010881310758337434
Academic Articles,quoted,1,9465,0.0010881310758337434
Academic Articles,ended,1,3739,0.0010881310758337434
Academic Articles,duelackroiwas,1,3387,0.0010881310758337434
Academic Articles,operatesuchsettinghow,1,8266,0.0010881310758337434
Academic Articles,wouldestablished,1,13190,0.0010881310758337434
Academic Articles,managed,1,6952,0.0010881310758337434
Academic Articles,discussionmission,1,3136,0.0010881310758337434
Academic Articles,raisedquestionhow,1,9494,0.0010881310758337434
Academic Articles,consideringdesign,1,2285,0.0010881310758337434
Academic Articles,researchtooperationsprocessfront,1,9982,0.0010881310758337434
Academic Articles,mayusedexplore,1,7078,0.0010881310758337434
Academic Articles,canusedstudy,1,1647,0.0010881310758337434
Academic Articles,closure,1,1962,0.0010881310758337434
Academic Articles,valuemeasurements,1,12471,0.0010881310758337434
Academic Articles,agreed,1,346,0.0010881310758337434
Academic Articles,architecturesnot,1,854,0.0010881310758337434
Academic Articles,hundredsspacecraftdeep,1,5445,0.0010881310758337434
Academic Articles,dozenscritical,1,3286,0.0010881310758337434
Academic Articles,typesmeasure,1,12142,0.0010881310758337434
Academic Articles,technologiesbest,1,11537,0.0010881310758337434
Academic Articles,moderatedcom,1,7442,0.0010881310758337434
Academic Articles,mittee,1,7341,0.0010881310758337434
Academic Articles,ericksonthe,1,3866,0.0010881310758337434
Academic Articles,institutetechnologys,1,5886,0.0010881310758337434
Academic Articles,haystack,1,5225,0.0021762621516674867
Academic Articles,brian,1,1435,0.0010881310758337434
Academic Articles,andersonthe,1,579,0.0010881310758337434
Academic Articles,robyn,1,10147,0.0021762621516674867
Academic Articles,millandartmouth,1,7274,0.0010881310758337434
Academic Articles,katelynn,1,6222,0.0021762621516674867
Academic Articles,greerthe,1,5071,0.0010881310758337434
Academic Articles,erik,1,3867,0.0010881310758337434
Academic Articles,babcockspacex,1,1126,0.0010881310758337434
Academic Articles,askedconsider,1,952,0.0010881310758337434
Academic Articles,helio,1,5258,0.0010881310758337434
Academic Articles,membersthis,1,7156,0.0010881310758337434
Academic Articles,onediscussing,1,8210,0.0010881310758337434
Academic Articles,waysdevelop,1,12722,0.0010881310758337434
Academic Articles,discussedthis,1,3129,0.0010881310758337434
Academic Articles,rolegroundbased,1,10154,0.0021762621516674867
Academic Articles,researchgrade,1,9966,0.0021762621516674867
Academic Articles,nontraditional,1,7867,0.0021762621516674867
Academic Articles,groundspacebased,1,5089,0.0010881310758337434
Academic Articles,awarenessthe,1,1120,0.0010881310758337434
Academic Articles,abilitydeploy,1,7,0.0010881310758337434
Academic Articles,safelylow,1,10211,0.0010881310758337434
Academic Articles,ericksons,1,3865,0.0010881310758337434
Academic Articles,titled,1,11949,0.0010881310758337434
Academic Articles,dataspoke,1,2717,0.0010881310758337434
Academic Articles,ations,1,1021,0.0010881310758337434
Academic Articles,involved,1,6033,0.0021762621516674867
Academic Articles,supplying,1,11367,0.0010881310758337434
Academic Articles,scatter,1,10308,0.0032643932275012296
Academic Articles,isrs,1,6092,0.0010881310758337434
Academic Articles,eiscatare,1,3607,0.0010881310758337434
Academic Articles,flexibilitymind,1,4456,0.0010881310758337434
Academic Articles,mode,1,7358,0.0021762621516674867
Academic Articles,makeschallengingincorporate,1,6940,0.0010881310758337434
Academic Articles,intostandard,1,6004,0.0010881310758337434
Academic Articles,neverthelessconsidered,1,7808,0.0010881310758337434
Academic Articles,possibledesign,1,8960,0.0010881310758337434
Academic Articles,instrumentsserve,1,5906,0.0010881310758337434
Academic Articles,woulddesigned,1,13187,0.0010881310758337434
Academic Articles,startalso,1,10953,0.0010881310758337434
Academic Articles,viableallow,1,12531,0.0010881310758337434
Academic Articles,researchwelluniformity,1,9985,0.0010881310758337434
Academic Articles,deliverseriesdata,1,2857,0.0010881310758337434
Academic Articles,derived,1,2918,0.001655103460486402
Academic Articles,couldusable,1,2501,0.0010881310758337434
Academic Articles,operationsconcluded,1,8276,0.0010881310758337434
Academic Articles,wellcharacterized,1,12816,0.0010881310758337434
Academic Articles,fidelity,1,4311,0.0010881310758337434
Academic Articles,uncertaintieswelllow,1,12180,0.0010881310758337434
Academic Articles,latencyplanning,1,6417,0.0010881310758337434
Academic Articles,infrastructuremeasurements,1,5812,0.0010881310758337434
Academic Articles,gathered,1,4889,0.0010881310758337434
Academic Articles,forparticular,1,4691,0.000827551730243201
Academic Articles,shouldkeptmind,1,10562,0.0010881310758337434
Academic Articles,decidingwhich,1,2783,0.0010881310758337434
Academic Articles,stored,1,11037,0.0010881310758337434
Academic Articles,casemetainstruments,1,1712,0.0010881310758337434
Academic Articles,suchgnss,1,11231,0.0010881310758337434
Academic Articles,mango,1,6964,0.0032643932275012296
Academic Articles,instrumentthe,1,5910,0.0010881310758337434
Academic Articles,usedcombine,1,12348,0.0010881310758337434
Academic Articles,erickson,1,3864,0.0043525243033349734
Academic Articles,foreseeing,1,4646,0.0010881310758337434
Academic Articles,beand,1,1197,0.0010881310758337434
Academic Articles,requirewillchallenging,1,9949,0.0010881310758337434
Academic Articles,networkssensors,1,7800,0.0010881310758337434
Academic Articles,mustdesignednetworks,1,7575,0.0010881310758337434
Academic Articles,startdiscussedother,1,10954,0.0010881310758337434
Academic Articles,placement,1,8832,0.0010881310758337434
Academic Articles,helpdesigning,1,5279,0.0010881310758337434
Academic Articles,furthermoremake,1,4843,0.0010881310758337434
Academic Articles,incor,1,5673,0.0010881310758337434
Academic Articles,porating,1,8934,0.0010881310758337434
Academic Articles,schemesthe,1,10316,0.0010881310758337434
Academic Articles,gnsstec,1,4983,0.0010881310758337434
Academic Articles,collecteda,1,2036,0.0010881310758337434
Academic Articles,allskyimaging,1,415,0.0010881310758337434
Academic Articles,networkcentric,1,7788,0.0010881310758337434
Academic Articles,sri,1,10910,0.0010881310758337434
Academic Articles,permissionplanning,1,8721,0.0010881310758337434
Academic Articles,amateur,1,472,0.0010881310758337434
Academic Articles,crowdsourced,1,2598,0.0010881310758337434
Academic Articles,relatedquality,1,9792,0.0010881310758337434
Academic Articles,setsretrospective,1,10479,0.0010881310758337434
Academic Articles,canmore,1,1608,0.0010881310758337434
Academic Articles,accommodating,1,93,0.0010881310758337434
Academic Articles,tionally,1,11942,0.0010881310758337434
Academic Articles,requirerigorous,1,9936,0.0010881310758337434
Academic Articles,approachdata,1,810,0.0010881310758337434
Academic Articles,commentedthe,1,2083,0.0010881310758337434
Academic Articles,pressure,1,9099,0.0021762621516674867
Academic Articles,productionlevel,1,9227,0.0010881310758337434
Academic Articles,onlydevelopedtheandefforts,1,8233,0.0010881310758337434
Academic Articles,doneinteragency,1,3259,0.0010881310758337434
Academic Articles,cooperationher,1,2412,0.0010881310758337434
Academic Articles,buildingfluently,1,1473,0.0010881310758337434
Academic Articles,greer,1,5070,0.005440655379168716
Academic Articles,thermospheremagnetosphere,1,11787,0.0010881310758337434
Academic Articles,couldaddressedheterogeneous,1,2481,0.0010881310758337434
Academic Articles,providedgovernments,1,9341,0.0010881310758337434
Academic Articles,approachesovercome,1,816,0.0010881310758337434
Academic Articles,vali,1,12455,0.0010881310758337434
Academic Articles,dation,1,2724,0.0010881310758337434
Academic Articles,neededtake,1,7706,0.0010881310758337434
Academic Articles,powerlarge,1,9003,0.0010881310758337434
Academic Articles,crossplatform,1,2589,0.0010881310758337434
Academic Articles,crossinstrument,1,2586,0.0010881310758337434
Academic Articles,shouldpartthe,1,10566,0.0010881310758337434
Academic Articles,willrequiredmake,1,12989,0.0010881310758337434
Academic Articles,frommultisource,1,4781,0.0010881310758337434
Academic Articles,multiorganizational,1,7543,0.0010881310758337434
Academic Articles,foroperating,1,4689,0.0010881310758337434
Academic Articles,coordinationensure,1,2422,0.0010881310758337434
Academic Articles,willavailable,1,12949,0.0010881310758337434
Academic Articles,operationalthe,1,8273,0.0010881310758337434
Academic Articles,timeline,1,11910,0.0021762621516674867
Academic Articles,notconsidered,1,7900,0.0010881310758337434
Academic Articles,workwillnecessary,1,13168,0.0010881310758337434
Academic Articles,usedistributed,1,12358,0.0010881310758337434
Academic Articles,millans,1,7275,0.0010881310758337434
Academic Articles,numbersatellites,1,7981,0.0021762621516674867
Academic Articles,encounter,1,3732,0.0021762621516674867
Academic Articles,spe,1,10832,0.0010881310758337434
Academic Articles,cific,1,1909,0.0010881310758337434
Academic Articles,caneither,1,1586,0.0010881310758337434
Academic Articles,localizedextended,1,6744,0.0010881310758337434
Academic Articles,fluxesand,1,4486,0.0010881310758337434
Academic Articles,hazardsspacecraftoccurthe,1,5235,0.0010881310758337434
Academic Articles,boundedthe,1,1420,0.0010881310758337434
Academic Articles,endnasas,1,3743,0.0010881310758337434
Academic Articles,missionmeant,1,7323,0.0010881310758337434
Academic Articles,losing,1,6789,0.0010881310758337434
Academic Articles,radia,1,9471,0.0010881310758337434
Academic Articles,cut,1,2641,0.0010881310758337434
Academic Articles,cannotreplacedeither,1,1614,0.0010881310758337434
Academic Articles,systemgeo,1,11457,0.0010881310758337434
Academic Articles,sample,1,10236,0.0021762621516674867
Academic Articles,portionthe,1,8940,0.0010881310758337434
Academic Articles,wouldimportant,1,13194,0.0010881310758337434
Academic Articles,understandingpredictive,1,12218,0.0010881310758337434
Academic Articles,purposesprotect,1,9392,0.0010881310758337434
Academic Articles,assetsorbit,1,975,0.0010881310758337434
Academic Articles,millan,1,7273,0.005440655379168716
Academic Articles,effortstake,1,3596,0.0010881310758337434
Academic Articles,advantageopportunitiesgain,1,285,0.0010881310758337434
Academic Articles,beacon,1,1194,0.0010881310758337434
Academic Articles,built,1,1482,0.0021762621516674867
Academic Articles,couldrealizedcollaborations,1,2494,0.0010881310758337434
Academic Articles,rbspa,1,9536,0.0010881310758337434
Academic Articles,dartmouth,1,2680,0.0010881310758337434
Academic Articles,suchcubesatsleo,1,11221,0.0010881310758337434
Academic Articles,builtthe,1,1485,0.0010881310758337434
Academic Articles,founda,1,4721,0.0010881310758337434
Academic Articles,nasainternational,1,7598,0.0010881310758337434
Academic Articles,partnersthe,1,8561,0.0010881310758337434
Academic Articles,flying,1,4517,0.000827551730243201
Academic Articles,highradiation,1,5335,0.0010881310758337434
Academic Articles,responsive,1,10021,0.0010881310758337434
Academic Articles,constella,1,2299,0.0010881310758337434
Academic Articles,thoseiridium,1,11838,0.0010881310758337434
Academic Articles,confinedleo,1,2255,0.0010881310758337434
Academic Articles,collectionmultipoint,1,2041,0.0010881310758337434
Academic Articles,particularlyinput,1,8546,0.0010881310758337434
Academic Articles,densenetwork,1,2879,0.0010881310758337434
Academic Articles,advancessuch,1,277,0.0010881310758337434
Academic Articles,ensuring,1,3805,0.000827551730243201
Academic Articles,availabilitymea,1,1092,0.0010881310758337434
Academic Articles,surements,1,11381,0.0010881310758337434
Academic Articles,privatepublic,1,9132,0.0010881310758337434
Academic Articles,preventing,1,9106,0.0010881310758337434
Academic Articles,cooperationarea,1,2411,0.0010881310758337434
Academic Articles,cospar,1,2462,0.0010881310758337434
Academic Articles,panelspace,1,8494,0.0010881310758337434
Academic Articles,weatherseekingaddress,1,12784,0.0010881310758337434
Academic Articles,willneededaddress,1,12973,0.0010881310758337434
Academic Articles,pipelinesopera,1,8825,0.0010881310758337434
Academic Articles,provenbe,1,9335,0.0010881310758337434
Academic Articles,labor,1,6328,0.0010881310758337434
Academic Articles,intensive,1,5931,0.0010881310758337434
Academic Articles,buyin,1,1528,0.0010881310758337434
Academic Articles,impactcommercializationnew,1,5537,0.0010881310758337434
Academic Articles,anderson,1,578,0.005440655379168716
Academic Articles,lengesacquiring,1,6537,0.0010881310758337434
Academic Articles,challengethatgovernment,1,1828,0.0010881310758337434
Academic Articles,approving,1,832,0.0010881310758337434
Academic Articles,commitmentprojects,1,2093,0.0010881310758337434
Academic Articles,leadsa,1,6492,0.0021762621516674867
Academic Articles,situationwhich,1,10666,0.0010881310758337434
Academic Articles,needsscientific,1,7742,0.0010881310758337434
Academic Articles,vendorssupport,1,12520,0.0010881310758337434
Academic Articles,customization,1,2639,0.0010881310758337434
Academic Articles,notpossible,1,7922,0.0010881310758337434
Academic Articles,giveguaranteesperformance,1,4958,0.0010881310758337434
Academic Articles,fromcommercial,1,4760,0.0010881310758337434
Academic Articles,requiresvalue,1,9947,0.0010881310758337434
Academic Articles,proposition,1,9313,0.0010881310758337434
Academic Articles,appealsthe,1,762,0.0010881310758337434
Academic Articles,provideropportunities,1,9355,0.0010881310758337434
Academic Articles,productdeveloped,1,9223,0.0010881310758337434
Academic Articles,caneconomical,1,1584,0.0010881310758337434
Academic Articles,cantolerated,1,1637,0.0010881310758337434
Academic Articles,havebe,1,5193,0.000827551730243201
Academic Articles,availablereal,1,1099,0.0010881310758337434
Academic Articles,hostsincreasing,1,5383,0.0010881310758337434
Academic Articles,numbersensors,1,7983,0.0010881310758337434
Academic Articles,formheterogeneous,1,4676,0.0010881310758337434
Academic Articles,caneconomi,1,1583,0.0010881310758337434
Academic Articles,particularlyitdonea,1,8547,0.0010881310758337434
Academic Articles,noninterference,1,7860,0.0010881310758337434
Academic Articles,withcommercial,1,13044,0.0010881310758337434
Academic Articles,assurancecontinuous,1,1001,0.0010881310758337434
Academic Articles,intocommon,1,5992,0.0010881310758337434
Academic Articles,cana,1,1562,0.000827551730243201
Academic Articles,challengethere,1,1830,0.0010881310758337434
Academic Articles,issuesif,1,6114,0.0010881310758337434
Academic Articles,ancillary,1,525,0.0010881310758337434
Academic Articles,staffing,1,10931,0.0021762621516674867
Academic Articles,issuesoncall,1,6116,0.0010881310758337434
Academic Articles,mustrobust,1,7578,0.0010881310758337434
Academic Articles,benefitthe,1,1315,0.0010881310758337434
Academic Articles,muststrongplanning,1,7579,0.0010881310758337434
Academic Articles,concluded,1,2194,0.0021762621516674867
Academic Articles,tendbe,1,11562,0.0010881310758337434
Academic Articles,distributionobservations,1,3196,0.0010881310758337434
Academic Articles,althoughmayglobaldynamic,1,460,0.0010881310758337434
Academic Articles,uneven,1,12236,0.0010881310758337434
Academic Articles,mayvery,1,7079,0.0010881310758337434
Academic Articles,levelsaccuracy,1,6558,0.0010881310758337434
Academic Articles,noisethe,1,7846,0.0010881310758337434
Academic Articles,uncertaintieseach,1,12171,0.0010881310758337434
Academic Articles,shouldusedcast,1,10575,0.0010881310758337434
Academic Articles,informationa,1,5776,0.0010881310758337434
Academic Articles,cantreated,1,1640,0.0010881310758337434
Academic Articles,multiparameter,1,7544,0.0010881310758337434
Academic Articles,evenit,1,3956,0.0010881310758337434
Academic Articles,tropo,1,12087,0.0010881310758337434
Academic Articles,stillemerging,1,11028,0.0010881310758337434
Academic Articles,beforecouldappliedoperational,1,1246,0.0010881310758337434
Academic Articles,nevertheless,1,7807,0.0021762621516674867
Academic Articles,firstprinciples,1,4392,0.0010881310758337434
Academic Articles,babcock,1,1125,0.00979317968250369
Academic Articles,controlspacex,1,2402,0.0010881310758337434
Academic Articles,providedcommercial,1,9339,0.0010881310758337434
Academic Articles,importancespace,1,5584,0.0010881310758337434
Academic Articles,avoidancelow,1,1112,0.0010881310758337434
Academic Articles,requiregood,1,9926,0.0010881310758337434
Academic Articles,understandingspace,1,12220,0.000827551730243201
Academic Articles,importantly,1,5600,0.0010881310758337434
Academic Articles,spacexwillingshare,1,10819,0.0010881310758337434
Academic Articles,communitynoted,1,2116,0.0010881310758337434
Academic Articles,overhead,1,8448,0.0010881310758337434
Academic Articles,spacexworkingdetermine,1,10820,0.0010881310758337434
Academic Articles,haslarge,1,5182,0.0010881310758337434
Academic Articles,numbervehicles,1,7990,0.0010881310758337434
Academic Articles,parameterslow,1,8509,0.0010881310758337434
Academic Articles,howbest,1,5398,0.0010881310758337434
Academic Articles,gather,1,4888,0.0010881310758337434
Academic Articles,gathering,1,4891,0.0010881310758337434
Academic Articles,platformsa,1,8862,0.0010881310758337434
Academic Articles,game,1,4865,0.0010881310758337434
Academic Articles,changer,1,1858,0.000827551730243201
Academic Articles,inspace,1,5863,0.0010881310758337434
Academic Articles,connectivity,1,2267,0.0021762621516674867
Academic Articles,laser,1,6393,0.0010881310758337434
Academic Articles,terminal,1,11577,0.0010881310758337434
Academic Articles,wouldavailablevehicles,1,13183,0.0010881310758337434
Academic Articles,fromexisting,1,4769,0.0010881310758337434
Academic Articles,mercial,1,7179,0.0010881310758337434
Academic Articles,chair,1,1806,0.0010881310758337434
Academic Articles,reflectingpersonal,1,9659,0.0010881310758337434
Academic Articles,thatbelieved,1,11612,0.0010881310758337434
Academic Articles,senseparticipants,1,10424,0.0010881310758337434
Academic Articles,opened,1,8259,0.0010881310758337434
Academic Articles,havemadeclearpolicy,1,5209,0.0010881310758337434
Academic Articles,maker,1,6939,0.0010881310758337434
Academic Articles,thatneedcomplete,1,11648,0.0010881310758337434
Academic Articles,perpetual,1,8723,0.0010881310758337434
Academic Articles,adequacyresources,1,252,0.0010881310758337434
Academic Articles,possibilityusing,1,8955,0.0010881310758337434
Academic Articles,intern,1,5973,0.0010881310758337434
Academic Articles,shipspostdocsconnect,1,10536,0.0010881310758337434
Academic Articles,mighta,1,7256,0.0021762621516674867
Academic Articles,thatmajor,1,11642,0.0010881310758337434
Academic Articles,issueworking,1,6119,0.0010881310758337434
Academic Articles,entitytheir,1,3816,0.0010881310758337434
Academic Articles,spacexsaid,1,10818,0.0010881310758337434
Academic Articles,theycomfort,1,11802,0.0010881310758337434
Academic Articles,exposurespacex,1,4191,0.0010881310758337434
Academic Articles,thought,1,11844,0.0010881310758337434
Academic Articles,discussionwas,1,3145,0.0010881310758337434
Academic Articles,necessaryenable,1,7661,0.0010881310758337434
Academic Articles,seamless,1,10362,0.0010881310758337434
Academic Articles,incentivize,1,5635,0.0010881310758337434
Academic Articles,spacexbecome,1,10816,0.0010881310758337434
Academic Articles,engagedobtaining,1,3758,0.0010881310758337434
Academic Articles,wouldof,1,13200,0.0021762621516674867
Academic Articles,interestideal,1,5953,0.0010881310758337434
Academic Articles,precise,1,9021,0.0010881310758337434
Academic Articles,relayto,1,9804,0.0010881310758337434
Academic Articles,calculationssupport,1,1542,0.0010881310758337434
Academic Articles,collisionavoidance,1,2051,0.0010881310758337434
Academic Articles,doneboardnecessaryminimize,1,3256,0.0010881310758337434
Academic Articles,latencyeliminating,1,6414,0.0010881310758337434
Academic Articles,communicationsdensity,1,2105,0.0010881310758337434
Academic Articles,shouldupdatedfrequently,1,10573,0.0010881310758337434
Academic Articles,andquicklypossible,1,668,0.0010881310758337434
Academic Articles,latencythe,1,6418,0.0010881310758337434
Academic Articles,processa,1,9163,0.0010881310758337434
Academic Articles,nowthe,1,7943,0.000827551730243201
Academic Articles,maximumapproaching,1,7041,0.0010881310758337434
Academic Articles,orbitbecoming,1,8325,0.0010881310758337434
Academic Articles,densely,1,2878,0.0010881310758337434
Academic Articles,latencygetting,1,6415,0.0010881310758337434
Academic Articles,alsosharing,1,443,0.0010881310758337434
Academic Articles,dataupdate,1,2720,0.0010881310758337434
Academic Articles,statedebristhe,1,10971,0.0010881310758337434
Academic Articles,topiccommercialtoscientific,1,11983,0.0010881310758337434
Academic Articles,preferestablishpartnersuchnasanoaathat,1,9062,0.0010881310758337434
Academic Articles,agreehost,1,347,0.0010881310758337434
Academic Articles,communitya,1,2107,0.0010881310758337434
Academic Articles,dataplanning,1,2711,0.0010881310758337434
Academic Articles,questionwhat,1,9445,0.0010881310758337434
Academic Articles,willavailablethe,1,12950,0.0010881310758337434
Academic Articles,willneededthe,1,12977,0.0010881310758337434
Academic Articles,todayconsistent,1,11955,0.0010881310758337434
Academic Articles,doneensure,1,3257,0.0010881310758337434
Academic Articles,wellsuited,1,12826,0.0010881310758337434
Academic Articles,core,1,2430,0.000827551730243201
Academic Articles,neededspace,1,7703,0.0010881310758337434
Academic Articles,andgroundfeed,1,598,0.0010881310758337434
Academic Articles,thatworkshopthis,1,11681,0.0010881310758337434
Academic Articles,towardoperational,1,12005,0.0010881310758337434
Academic Articles,existthe,1,4068,0.000827551730243201
Academic Articles,areaattract,1,868,0.0010881310758337434
Academic Articles,focusedpreparing,1,4534,0.0010881310758337434
Academic Articles,maximumthereurgencyget,1,7045,0.0010881310758337434
Academic Articles,flyingis,1,4518,0.0010881310758337434
Academic Articles,comfortable,1,2076,0.0010881310758337434
Academic Articles,whatalready,1,12851,0.0010881310758337434
Academic Articles,availablewas,1,1104,0.0010881310758337434
Academic Articles,deficienciesboth,1,2814,0.0010881310758337434
Academic Articles,areasconcern,1,873,0.0010881310758337434
Academic Articles,engi,1,3763,0.0010881310758337434
Academic Articles,neering,1,7760,0.0010881310758337434
Academic Articles,challengesensuring,1,1819,0.0010881310758337434
Academic Articles,lowprobability,1,6833,0.0010881310758337434
Academic Articles,suchextreme,1,11229,0.0010881310758337434
Academic Articles,eventstypically,1,3986,0.0010881310758337434
Academic Articles,accounted,1,115,0.0010881310758337434
Academic Articles,challengecollision,1,1810,0.0010881310758337434
Academic Articles,spacexcomfortable,1,10817,0.0010881310758337434
Academic Articles,urgency,1,12329,0.0010881310758337434
Academic Articles,particularlylightthe,1,8548,0.0010881310758337434
Academic Articles,gapunderstandinghowinclude,1,4883,0.0010881310758337434
Academic Articles,effectsrare,1,3561,0.0010881310758337434
Academic Articles,leadunpredicted,1,6503,0.0010881310758337434
Academic Articles,becomegreater,1,1220,0.0010881310758337434
Academic Articles,designfuture,1,2948,0.0010881310758337434
Academic Articles,importancecontinued,1,5576,0.0010881310758337434
Academic Articles,operationsinstruments,1,8278,0.0010881310758337434
Academic Articles,importantenablersthe,1,5594,0.0010881310758337434
Academic Articles,useheterogeneous,1,12384,0.0010881310758337434
Academic Articles,canmade,1,1603,0.0010881310758337434
Academic Articles,worldclass,1,13170,0.0010881310758337434
Academic Articles,focuseddiscovery,1,4530,0.0010881310758337434
Academic Articles,turnedthe,1,12111,0.0010881310758337434
Academic Articles,wayestablish,1,12710,0.0021762621516674867
Academic Articles,purposesis,1,9391,0.0010881310758337434
Academic Articles,notassume,1,7899,0.0010881310758337434
Academic Articles,capabilitiesparticular,1,1659,0.0010881310758337434
Academic Articles,instrumentsplace,1,5904,0.0010881310758337434
Academic Articles,intactthe,1,5914,0.0010881310758337434
Academic Articles,naturespace,1,7614,0.0010881310758337434
Academic Articles,requiresexplicit,1,9939,0.0010881310758337434
Academic Articles,effortinclude,1,3586,0.0010881310758337434
Academic Articles,leadsnew,1,6494,0.0010881310758337434
Academic Articles,couldusedgenerate,1,2503,0.0010881310758337434
Academic Articles,satisfy,1,10269,0.0010881310758337434
Academic Articles,couldusefulsustaining,1,2505,0.0010881310758337434
Academic Articles,thatpotential,1,11656,0.0010881310758337434
Academic Articles,indus,1,5744,0.0010881310758337434
Academic Articles,try,1,12092,0.0010881310758337434
Academic Articles,focusingspace,1,4546,0.0010881310758337434
Academic Articles,relevantcompanies,1,9818,0.0010881310758337434
Academic Articles,exposedrealistic,1,4184,0.0010881310758337434
Academic Articles,problemswellthe,1,9152,0.0010881310758337434
Academic Articles,answerstheir,1,737,0.0010881310758337434
Academic Articles,paxton,1,8597,0.0021762621516674867
Academic Articles,thoughtin,1,11845,0.0010881310758337434
Academic Articles,termsreturninvestment,1,11581,0.0010881310758337434
Academic Articles,experimentdrivenpayment,1,4151,0.0010881310758337434
Academic Articles,collect,1,2034,0.000827551730243201
Academic Articles,mightpersuadedshare,1,7262,0.0010881310758337434
Academic Articles,dataon,1,2709,0.0010881310758337434
Academic Articles,dragthe,1,3300,0.0010881310758337434
Academic Articles,usedcreateproduct,1,12349,0.0010881310758337434
Academic Articles,switching,1,11426,0.0010881310758337434
Academic Articles,gear,1,4897,0.0010881310758337434
Academic Articles,alsothought,1,446,0.0010881310758337434
Academic Articles,abouta,1,31,0.0010881310758337434
Academic Articles,thingsshould,1,11813,0.0010881310758337434
Academic Articles,discoversaid,1,3120,0.0010881310758337434
Academic Articles,thatwould,1,11682,0.0010881310758337434
Academic Articles,likemessageemerge,1,6670,0.0010881310758337434
Academic Articles,therefundamental,1,11770,0.0010881310758337434
Academic Articles,sciencebe,1,10326,0.0010881310758337434
Academic Articles,modelspredict,1,7422,0.000827551730243201
Academic Articles,mary,1,7005,0.0010881310758337434
Academic Articles,bilities,1,1348,0.0010881310758337434
Academic Articles,phased,1,8765,0.0010881310758337434
Academic Articles,situationnot,1,10664,0.0010881310758337434
Academic Articles,satisfactory,1,10267,0.0010881310758337434
Academic Articles,timeswill,1,11927,0.0010881310758337434
Academic Articles,notuntil,1,7928,0.0010881310758337434
Academic Articles,dmspthe,1,3231,0.0010881310758337434
Academic Articles,magnetotailrecurrent,1,6907,0.0010881310758337434
Academic Articles,measurementsspace,1,7121,0.0010881310758337434
Academic Articles,occurmultiple,1,8110,0.0010881310758337434
Academic Articles,couple,1,2511,0.000827551730243201
Academic Articles,impactsrelationstorm,1,5553,0.0010881310758337434
Academic Articles,discussedrelationthe,1,3127,0.0010881310758337434
Academic Articles,lossthe,1,6798,0.0021762621516674867
Academic Articles,satellitesan,1,10251,0.0010881310758337434
Academic Articles,impactsan,1,5546,0.0010881310758337434
Academic Articles,desaiandburgess,1,2920,0.0010881310758337434
Academic Articles,introductionthe,1,6011,0.0010881310758337434
Academic Articles,weatherfirst,1,12764,0.0010881310758337434
Academic Articles,appearedthe,1,770,0.000827551730243201
Academic Articles,literature,1,6732,0.0032643932275012296
Academic Articles,forhistorical,1,4654,0.0010881310758337434
Academic Articles,terminology,1,11578,0.0010881310758337434
Academic Articles,nowadays,1,7935,0.0032643932275012296
Academic Articles,theconcept,1,11696,0.0010881310758337434
Academic Articles,includesmultitudesolar,1,5657,0.0010881310758337434
Academic Articles,biological,1,1354,0.0010881310758337434
Academic Articles,andchainprocesseswidelycirculated,1,552,0.0010881310758337434
Academic Articles,definitionsw,1,2829,0.0010881310758337434
Academic Articles,issuethenational,1,6118,0.0010881310758337434
Academic Articles,planspace,1,8850,0.0010881310758337434
Academic Articles,readsconditionsthe,1,9574,0.0010881310758337434
Academic Articles,reliabilityspaceborne,1,9828,0.000827551730243201
Academic Articles,endanger,1,3735,0.000827551730243201
Academic Articles,lifehealth,1,6614,0.0010881310758337434
Academic Articles,multidisciplinary,1,7539,0.0010881310758337434
Academic Articles,sphereresearchgaining,1,10878,0.0010881310758337434
Academic Articles,attentionboth,1,1047,0.0010881310758337434
Academic Articles,costsextremeevents,1,2471,0.0010881310758337434
Academic Articles,driverssw,1,3323,0.0010881310758337434
Academic Articles,cansummarizedelectromagneticemissionssolar,1,1632,0.0010881310758337434
Academic Articles,sfs,1,10496,0.00979317968250369
Academic Articles,fastspeed,1,4278,0.0021762621516674867
Academic Articles,cirsstreaming,1,1915,0.0010881310758337434
Academic Articles,radiationsolar,1,9480,0.0010881310758337434
Academic Articles,knownthe,1,6310,0.000827551730243201
Academic Articles,perspectivesw,1,8745,0.0021762621516674867
Academic Articles,violent,1,12554,0.0010881310758337434
Academic Articles,explosionsthe,1,4180,0.000827551730243201
Academic Articles,releasingtoof,1,9815,0.0010881310758337434
Academic Articles,reconfigurationsthe,1,9609,0.0010881310758337434
Academic Articles,theirradiationthe,1,11720,0.0010881310758337434
Academic Articles,firstarriveearthabout,1,4388,0.0010881310758337434
Academic Articles,causeeffectscontrast,1,1743,0.0010881310758337434
Academic Articles,lastarriveto,1,6395,0.0010881310758337434
Academic Articles,theflash,1,11707,0.0010881310758337434
Academic Articles,causedisturbance,1,1739,0.0010881310758337434
Academic Articles,cloudsplasma,1,1967,0.000827551730243201
Academic Articles,expelled,1,4137,0.0010881310758337434
Academic Articles,interplanetaryspace,1,5980,0.0010881310758337434
Academic Articles,singlespacecraft,1,10650,0.0010881310758337434
Academic Articles,onsky,1,8252,0.0010881310758337434
Academic Articles,projected,1,9274,0.0021762621516674867
Academic Articles,hundredovers,1,5442,0.0010881310758337434
Academic Articles,driversthe,1,3324,0.0010881310758337434
Academic Articles,gss,1,5119,0.014145703985838663
Academic Articles,occurring,1,8127,0.003310206920972804
Academic Articles,whensouthwarddirectedmagnetic,1,12876,0.0010881310758337434
Academic Articles,termedz,1,11576,0.0010881310758337434
Academic Articles,daysidethe,1,2739,0.0010881310758337434
Academic Articles,undergoprocess,1,12197,0.0010881310758337434
Academic Articles,knownmagnetic,1,6308,0.0010881310758337434
Academic Articles,reconnectionthe,1,9613,0.0010881310758337434
Academic Articles,sfswell,1,10498,0.0010881310758337434
Academic Articles,chainprocesses,1,1805,0.0010881310758337434
Academic Articles,magnetospherewell,1,6901,0.0010881310758337434
Academic Articles,leadingthe,1,6482,0.0010881310758337434
Academic Articles,developmentring,1,3021,0.0010881310758337434
Academic Articles,causingdecreasethe,1,1752,0.0010881310758337434
Academic Articles,theircounterparts,1,11718,0.0010881310758337434
Academic Articles,linkgss,1,6716,0.0010881310758337434
Academic Articles,topicnumerous,1,11989,0.0010881310758337434
Academic Articles,apart,1,759,0.002482655190729603
Academic Articles,socalled,1,10713,0.0032643932275012296
Academic Articles,recurrent,1,9627,0.0010881310758337434
Academic Articles,usually,1,12417,0.003310206920972804
Academic Articles,weaker,1,12739,0.0021762621516674867
Academic Articles,icmedriven,1,5461,0.0010881310758337434
Academic Articles,onesthe,1,8219,0.0021762621516674867
Academic Articles,intermediatetime,1,5970,0.0010881310758337434
Academic Articles,scaleeffects,1,10288,0.0021762621516674867
Academic Articles,thebrighteningof,1,11691,0.0010881310758337434
Academic Articles,hoursbe,1,5387,0.0010881310758337434
Academic Articles,recordedthe,1,9622,0.0010881310758337434
Academic Articles,situatedthe,1,10660,0.0010881310758337434
Academic Articles,pointconstantly,1,8884,0.0010881310758337434
Academic Articles,thesesitu,1,11794,0.0010881310758337434
Academic Articles,kevto,1,6241,0.0010881310758337434
Academic Articles,hundredsmev,1,5444,0.0010881310758337434
Academic Articles,showvelocity,1,10588,0.0010881310758337434
Academic Articles,dispersiontheir,1,3166,0.0010881310758337434
Academic Articles,intensitytime,1,5930,0.0010881310758337434
Academic Articles,profilesthe,1,9239,0.0021762621516674867
Academic Articles,highenergy,1,5313,0.002482655190729603
Academic Articles,earliertime,1,3459,0.0010881310758337434
Academic Articles,whichtakenan,1,12904,0.0010881310758337434
Academic Articles,debatethe,1,2754,0.0010881310758337434
Academic Articles,consideredtheir,1,2283,0.0010881310758337434
Academic Articles,importanteffectstechnologythespace,1,5593,0.0010881310758337434
Academic Articles,cansaturated,1,1626,0.0010881310758337434
Academic Articles,impactparticlesthe,1,5543,0.0010881310758337434
Academic Articles,ccd,1,1755,0.0010881310758337434
Academic Articles,matrix,1,7028,0.0010881310758337434
Academic Articles,leadingsocalled,1,6481,0.0010881310758337434
Academic Articles,snowlike,1,10711,0.0010881310758337434
Academic Articles,degradedquality,1,2840,0.0010881310758337434
Academic Articles,spacecraftswitched,1,10804,0.0010881310758337434
Academic Articles,intosafe,1,6002,0.0010881310758337434
Academic Articles,alternatively,1,454,0.0021762621516674867
Academic Articles,permanent,1,8718,0.0010881310758337434
Academic Articles,systempossiblewelllosspositioncontrolthe,1,11465,0.0010881310758337434
Academic Articles,stabilityensuredthe,1,10920,0.0010881310758337434
Academic Articles,pointing,1,8889,0.0010881310758337434
Academic Articles,towardsfew,1,12007,0.0010881310758337434
Academic Articles,fixed,1,4404,0.0010881310758337434
Academic Articles,star,1,10950,0.0010881310758337434
Academic Articles,lossstability,1,6797,0.0010881310758337434
Academic Articles,caneasily,1,1582,0.0010881310758337434
Academic Articles,corrected,1,2452,0.0010881310758337434
Academic Articles,spacecraftrelatively,1,10803,0.0010881310758337434
Academic Articles,nearin,1,7641,0.0010881310758337434
Academic Articles,casefor,1,1709,0.0010881310758337434
Academic Articles,traversing,1,12069,0.0010881310758337434
Academic Articles,misalignment,1,7308,0.0010881310758337434
Academic Articles,leadtheir,1,6500,0.0010881310758337434
Academic Articles,neededregister,1,7700,0.0010881310758337434
Academic Articles,sendcorrecting,1,10420,0.0010881310758337434
Academic Articles,commandadditionthe,1,2079,0.0010881310758337434
Academic Articles,reaction,1,9568,0.0010881310758337434
Academic Articles,lackwelldeveloped,1,6366,0.0010881310758337434
Academic Articles,troubleshooting,1,12089,0.0010881310758337434
Academic Articles,couldanother,1,2483,0.0010881310758337434
Academic Articles,galactic,1,4863,0.0010881310758337434
Academic Articles,counterpartthe,1,2508,0.0010881310758337434
Academic Articles,knowgalactic,1,6291,0.0010881310758337434
Academic Articles,ray,1,9534,0.0010881310758337434
Academic Articles,gcrs,1,4894,0.0010881310758337434
Academic Articles,consistinghighenergy,1,2291,0.0010881310758337434
Academic Articles,acceleratedshock,1,74,0.0010881310758337434
Academic Articles,frontsdistant,1,4815,0.0010881310758337434
Academic Articles,supernova,1,11362,0.0010881310758337434
Academic Articles,explosionsmodulated,1,4178,0.0010881310758337434
Academic Articles,inversely,1,6014,0.0010881310758337434
Academic Articles,strengthsolar,1,11109,0.0010881310758337434
Academic Articles,thiswhy,1,11837,0.0010881310758337434
Academic Articles,accompaniedincreased,1,102,0.0010881310758337434
Academic Articles,fluxesgcrs,1,4487,0.0010881310758337434
Academic Articles,theireffects,1,11719,0.0010881310758337434
Academic Articles,cantracedenhanced,1,1639,0.0010881310758337434
Academic Articles,receivedastronauts,1,9593,0.0010881310758337434
Academic Articles,aircrew,1,375,0.0010881310758337434
Academic Articles,contributeadding,1,2391,0.0010881310758337434
Academic Articles,sporadic,1,10888,0.0021762621516674867
Academic Articles,dangerradiation,1,2673,0.0010881310758337434
Academic Articles,exposurehumansspaceconsideredthe,1,4188,0.0010881310758337434
Academic Articles,obstaclespace,1,8101,0.0010881310758337434
Academic Articles,received,1,9592,0.000827551730243201
Academic Articles,duringsingle,1,3437,0.0010881310758337434
Academic Articles,flightmars,1,4460,0.0010881310758337434
Academic Articles,backestimatedcontributetothe,1,1129,0.0010881310758337434
Academic Articles,lifelong,1,6615,0.0010881310758337434
Academic Articles,limitastronauts,1,6689,0.0010881310758337434
Academic Articles,andorshocks,1,649,0.0010881310758337434
Academic Articles,spectacular,1,10851,0.000827551730243201
Academic Articles,polesjupiter,1,8915,0.0010881310758337434
Academic Articles,saturn,1,10271,0.0010881310758337434
Academic Articles,uranus,1,12327,0.0010881310758337434
Academic Articles,fieldmars,1,4346,0.0010881310758337434
Academic Articles,nonevenus,1,7857,0.0010881310758337434
Academic Articles,lackatmospheremercury,1,6337,0.0010881310758337434
Academic Articles,therethe,1,11778,0.000827551730243201
Academic Articles,withfocus,1,13061,0.0010881310758337434
Academic Articles,herethe,1,5294,0.0010881310758337434
Academic Articles,refersthe,1,9649,0.0010881310758337434
Academic Articles,effectsthe,1,3570,0.002482655190729603
Academic Articles,downgroundthe,1,3276,0.0010881310758337434
Academic Articles,fieldoppositely,1,4348,0.0010881310758337434
Academic Articles,directedthe,1,3087,0.000827551730243201
Academic Articles,magnetosphereprocessmagnetic,1,6894,0.0010881310758337434
Academic Articles,streamselectrons,1,11104,0.0010881310758337434
Academic Articles,formring,1,4683,0.0010881310758337434
Academic Articles,depressionthe,1,2917,0.0010881310758337434
Academic Articles,horizontal,1,5376,0.0010881310758337434
Academic Articles,cascadeprocessesknownawith,1,1705,0.0010881310758337434
Academic Articles,icmefast,1,5463,0.0010881310758337434
Academic Articles,streamits,1,11100,0.0010881310758337434
Academic Articles,knowna,1,6303,0.0010881310758337434
Academic Articles,consequencesw,1,2273,0.0010881310758337434
Academic Articles,typetermed,1,12150,0.0010881310758337434
Academic Articles,groundlevel,1,5088,0.0021762621516674867
Academic Articles,gle,1,4972,0.0010881310758337434
Academic Articles,whichthe,1,12905,0.0021762621516674867
Academic Articles,productsneutrons,1,9230,0.0010881310758337434
Academic Articles,muonshighenergy,1,7566,0.0010881310758337434
Academic Articles,molecule,1,7467,0.0010881310758337434
Academic Articles,canthe,1,1636,0.0010881310758337434
Academic Articles,driveratmospheric,1,3317,0.0010881310758337434
Academic Articles,stormsthey,1,11075,0.0010881310758337434
Academic Articles,generateshowersecondary,1,4907,0.0010881310758337434
Academic Articles,particlesthe,1,8541,0.000827551730243201
Academic Articles,downlower,1,3280,0.0010881310758337434
Academic Articles,dosethe,1,3267,0.0010881310758337434
Academic Articles,cruising,1,2602,0.0010881310758337434
Academic Articles,consequencessw,1,2271,0.0010881310758337434
Academic Articles,cantraceddifferent,1,1638,0.0010881310758337434
Academic Articles,conducting,1,2236,0.0010881310758337434
Academic Articles,device,1,3035,0.001655103460486402
Academic Articles,onunder,1,8256,0.0010881310758337434
Academic Articles,experiencedthese,1,4145,0.0010881310758337434
Academic Articles,equipment,1,3852,0.000827551730243201
Academic Articles,telluric,1,11554,0.0010881310758337434
Academic Articles,currentspipelines,1,2628,0.0010881310758337434
Academic Articles,effectssubmarine,1,3569,0.0010881310758337434
Academic Articles,cable,1,1532,0.000827551730243201
Academic Articles,duetheir,1,3415,0.0010881310758337434
Academic Articles,importancelarge,1,5580,0.0010881310758337434
Academic Articles,amountresearchdevotedthe,1,488,0.0010881310758337434
Academic Articles,lowfrequency,1,6822,0.0010881310758337434
Academic Articles,inducedlarge,1,5743,0.0010881310758337434
Academic Articles,conductive,1,2237,0.0010881310758337434
Academic Articles,occurredfor,1,8116,0.0010881310758337434
Academic Articles,thein,1,11713,0.0010881310758337434
Academic Articles,marchquebec,1,6985,0.0010881310758337434
Academic Articles,canadatheseverity,1,1566,0.0010881310758337434
Academic Articles,weakextreme,1,12743,0.0010881310758337434
Academic Articles,strict,1,11116,0.0010881310758337434
Academic Articles,definitionslarge,1,2828,0.0010881310758337434
Academic Articles,intensityonethe,1,5927,0.0010881310758337434
Academic Articles,accompanied,1,94,0.0010881310758337434
Academic Articles,intenseevents,1,5924,0.0010881310758337434
Academic Articles,influenceour,1,5763,0.0010881310758337434
Academic Articles,technologydependent,1,11539,0.0010881310758337434
Academic Articles,largestorandeventrecordthe,1,6383,0.0010881310758337434
Academic Articles,carringtonhodgson,1,1697,0.0010881310758337434
Academic Articles,estimatedcause,1,3925,0.0010881310758337434
Academic Articles,devastating,1,2992,0.000827551730243201
Academic Articles,age,1,324,0.000827551730243201
Academic Articles,swin,1,11425,0.0010881310758337434
Academic Articles,essencemultidisciplinary,1,3901,0.0010881310758337434
Academic Articles,reviewing,1,10081,0.0010881310758337434
Academic Articles,literaturea,1,6733,0.0010881310758337434
Academic Articles,scopeour,1,10348,0.0010881310758337434
Academic Articles,concise,1,2192,0.0010881310758337434
Academic Articles,instead,1,5876,0.0010881310758337434
Academic Articles,aim,1,361,0.0010881310758337434
Academic Articles,hereto,1,5295,0.000827551730243201
Academic Articles,outline,1,8408,0.0010881310758337434
Academic Articles,maineffects,1,6915,0.0010881310758337434
Academic Articles,withspecial,1,13119,0.0010881310758337434
Academic Articles,effectsspacecraft,1,3568,0.0010881310758337434
Academic Articles,technologyin,1,11541,0.0010881310758337434
Academic Articles,reportfocusthe,1,9887,0.0010881310758337434
Academic Articles,experiencedsatellites,1,4144,0.0010881310758337434
Academic Articles,duringevents,1,3431,0.0010881310758337434
Academic Articles,eitherthespacein,1,3612,0.0010881310758337434
Academic Articles,theeffects,1,11701,0.0010881310758337434
Academic Articles,vary,1,12505,0.000827551730243201
Academic Articles,stationary,1,10990,0.0010881310758337434
Academic Articles,positioningthe,1,8950,0.0010881310758337434
Academic Articles,pointscommon,1,8891,0.0010881310758337434
Academic Articles,solardedicated,1,10724,0.0010881310758337434
Academic Articles,missionson,1,7329,0.0010881310758337434
Academic Articles,lineabout,1,6704,0.0010881310758337434
Academic Articles,millioneither,1,7279,0.0010881310758337434
Academic Articles,sunlhidingthe,1,11338,0.0010881310758337434
Academic Articles,shadowlcontrast,1,10502,0.0010881310758337434
Academic Articles,sunsynchronous,1,11352,0.0010881310758337434
Academic Articles,accessedaugust,1,85,0.011969441834171174
Academic Articles,eachthem,1,3451,0.0010881310758337434
Academic Articles,experiencesdifferent,1,4146,0.0010881310758337434
Academic Articles,willsubjectdifferent,1,12992,0.0010881310758337434
Academic Articles,andinfluences,1,613,0.0010881310758337434
Academic Articles,setsobservations,1,10476,0.0010881310758337434
Academic Articles,belowcomposeconcise,1,1294,0.0010881310758337434
Academic Articles,reviewtheeffects,1,10083,0.0010881310758337434
Academic Articles,essencethe,1,3902,0.0010881310758337434
Academic Articles,termslight,1,11580,0.0010881310758337434
Academic Articles,plasmaenergetic,1,8854,0.0010881310758337434
Academic Articles,emissionthe,1,3701,0.0010881310758337434
Academic Articles,photonsdifferent,1,8792,0.0010881310758337434
Academic Articles,burstsadditionalradiation,1,1498,0.0010881310758337434
Academic Articles,duetheeruptionsenhanced,1,3414,0.0010881310758337434
Academic Articles,ultravioletextreme,1,12161,0.0010881310758337434
Academic Articles,knownaffect,1,6304,0.0010881310758337434
Academic Articles,namely,1,7589,0.0032643932275012296
Academic Articles,heat,1,5245,0.000827551730243201
Academic Articles,expands,1,4075,0.000827551730243201
Academic Articles,consequencesthe,1,2272,0.0010881310758337434
Academic Articles,distortion,1,3188,0.000827551730243201
Academic Articles,absorptionradio,1,57,0.0010881310758337434
Academic Articles,qualitysatellite,1,9417,0.0010881310758337434
Academic Articles,inhomogeneity,1,5829,0.0010881310758337434
Academic Articles,leadthe,1,6499,0.0010881310758337434
Academic Articles,patternsemission,1,8594,0.0010881310758337434
Academic Articles,canalso,1,1570,0.0010881310758337434
Academic Articles,reasondayside,1,9586,0.0010881310758337434
Academic Articles,dueplasma,1,3398,0.0010881310758337434
Academic Articles,knownsudden,1,6309,0.0010881310758337434
Academic Articles,duesolar,1,3410,0.0021762621516674867
Academic Articles,burstsair,1,1499,0.0010881310758337434
Academic Articles,problemssweden,1,9149,0.0010881310758337434
Academic Articles,causeminor,1,1746,0.0010881310758337434
Academic Articles,crochetthe,1,2577,0.0010881310758337434
Academic Articles,spacecraftrelated,1,10802,0.0021762621516674867
Academic Articles,effectstheemission,1,3571,0.0010881310758337434
Academic Articles,cansummarizedfollowssatellite,1,1633,0.0010881310758337434
Academic Articles,lossradio,1,6796,0.0010881310758337434
Academic Articles,blackoutsincreased,1,1363,0.0010881310758337434
Academic Articles,structuresincoming,1,11144,0.0010881310758337434
Academic Articles,oppositethe,1,8312,0.0010881310758337434
Academic Articles,dipole,1,3083,0.0010881310758337434
Academic Articles,driversgeomagnetic,1,3319,0.0010881310758337434
Academic Articles,duecirssirs,1,3359,0.0010881310758337434
Academic Articles,dueicmesthe,1,3381,0.0010881310758337434
Academic Articles,precededincreasedemission,1,9013,0.0010881310758337434
Academic Articles,accompaniedfluxesenergetic,1,99,0.0010881310758337434
Academic Articles,leadan,1,6466,0.0010881310758337434
Academic Articles,expansionthe,1,4077,0.0010881310758337434
Academic Articles,causeincreased,1,1744,0.0010881310758337434
Academic Articles,wellthe,1,12827,0.000827551730243201
Academic Articles,constellationsspacecraftvery,1,2306,0.0010881310758337434
Academic Articles,vleoa,1,12574,0.0010881310758337434
Academic Articles,reentry,1,9644,0.0010881310758337434
Academic Articles,boostsorderavoid,1,1390,0.0010881310758337434
Academic Articles,leadspremature,1,6496,0.0010881310758337434
Academic Articles,fuel,1,4820,0.0021762621516674867
Academic Articles,exhaustion,1,4058,0.0010881310758337434
Academic Articles,shortens,1,10547,0.0010881310758337434
Academic Articles,lifetimethe,1,6617,0.0021762621516674867
Academic Articles,heavier,1,5250,0.0010881310758337434
Academic Articles,ownersanother,1,8472,0.0010881310758337434
Academic Articles,consequencethe,1,2274,0.0010881310758337434
Academic Articles,gssthe,1,5120,0.0021762621516674867
Academic Articles,marine,1,6987,0.000827551730243201
Academic Articles,underground,1,12200,0.0010881310758337434
Academic Articles,particlesseps,1,8540,0.0010881310758337434
Academic Articles,energizedanreconnection,1,3754,0.0010881310758337434
Academic Articles,andorcmedriven,1,643,0.0010881310758337434
Academic Articles,havedirect,1,5199,0.0010881310758337434
Academic Articles,environmentwellan,1,3836,0.0010881310758337434
Academic Articles,immediate,1,5533,0.000827551730243201
Academic Articles,deleterious,1,2851,0.0010881310758337434
Academic Articles,material,1,7019,0.001655103460486402
Academic Articles,agingaltering,1,340,0.0010881310758337434
Academic Articles,performancesolar,1,8638,0.0010881310758337434
Academic Articles,cellsup,1,1766,0.0010881310758337434
Academic Articles,leakage,1,6507,0.0010881310758337434
Academic Articles,functionalitythe,1,4829,0.0010881310758337434
Academic Articles,effectsa,1,3538,0.0010881310758337434
Academic Articles,functionenergy,1,4830,0.0010881310758337434
Academic Articles,givenmore,1,4961,0.0010881310758337434
Academic Articles,detailtheir,1,2966,0.0010881310758337434
Academic Articles,anomaliesa,1,729,0.0010881310758337434
Academic Articles,functionthe,1,4831,0.0010881310758337434
Academic Articles,exploredwith,1,4173,0.0010881310758337434
Academic Articles,highinclination,1,5322,0.0010881310758337434
Academic Articles,vulnerable,1,12585,0.000827551730243201
Academic Articles,principlethe,1,9118,0.0010881310758337434
Academic Articles,substancesbasedthe,1,11197,0.0010881310758337434
Academic Articles,depositiontotal,1,2916,0.0010881310758337434
Academic Articles,ionizing,1,6051,0.0021762621516674867
Academic Articles,creationa,1,2567,0.0010881310758337434
Academic Articles,chargethe,1,1882,0.0010881310758337434
Academic Articles,materialthe,1,7021,0.0010881310758337434
Academic Articles,spacecraftin,1,10799,0.0010881310758337434
Academic Articles,semiconductor,1,10418,0.0010881310758337434
Academic Articles,lattice,1,6433,0.0010881310758337434
Academic Articles,structureduedisplacement,1,11138,0.0010881310758337434
Academic Articles,effectsits,1,3549,0.0010881310758337434
Academic Articles,electronics,1,3655,0.000827551730243201
Academic Articles,resetthe,1,9992,0.0010881310758337434
Academic Articles,particlerelated,1,8535,0.0010881310758337434
Academic Articles,candestructive,1,1577,0.0010881310758337434
Academic Articles,leadinghighvoltage,1,6479,0.0010881310758337434
Academic Articles,considereda,1,2282,0.0010881310758337434
Academic Articles,dielectric,1,3048,0.0021762621516674867
Academic Articles,duehighenergy,1,3380,0.0010881310758337434
Academic Articles,discharge,1,3108,0.0010881310758337434
Academic Articles,investigateddetail,1,6018,0.0010881310758337434
Academic Articles,preparationspacehardened,1,9067,0.0010881310758337434
Academic Articles,materialsfor,1,7020,0.0010881310758337434
Academic Articles,developmentvarious,1,3028,0.0010881310758337434
Academic Articles,strategiesbelow,1,11087,0.0010881310758337434
Academic Articles,dueenergy,1,3371,0.0010881310758337434
Academic Articles,depositionenergetic,1,2915,0.0010881310758337434
Academic Articles,particlesalready,1,8537,0.0010881310758337434
Academic Articles,abovesingleevent,1,46,0.0010881310758337434
Academic Articles,upsetssingleevent,1,12315,0.0010881310758337434
Academic Articles,effectscumulative,1,3544,0.0010881310758337434
Academic Articles,displacement,1,3167,0.0010881310758337434
Academic Articles,dosesurface,1,3266,0.0010881310758337434
Academic Articles,dischargesdeep,1,3109,0.0010881310758337434
Academic Articles,chargingsolar,1,1884,0.0010881310758337434
Academic Articles,agingsurface,1,341,0.0010881310758337434
Academic Articles,damagematerials,1,2664,0.0010881310758337434
Academic Articles,overviewsince,1,8464,0.0010881310758337434
Academic Articles,malfunction,1,6950,0.0010881310758337434
Academic Articles,subjectpublic,1,11180,0.0010881310758337434
Academic Articles,disclosure,1,3116,0.0010881310758337434
Academic Articles,investigationdirectindirecteffectssatelliteshindereda,1,6021,0.0010881310758337434
Academic Articles,degreeincomplete,1,2843,0.0010881310758337434
Academic Articles,listknown,1,6728,0.0010881310758337434
Academic Articles,failuresprovidedtable,1,4249,0.0010881310758337434
Academic Articles,seeaccessedaugust,1,10386,0.0010881310758337434
Academic Articles,add,1,221,0.000827551730243201
Academic Articles,reportedand,1,9883,0.0010881310758337434
Academic Articles,swdriven,1,11417,0.0010881310758337434
Academic Articles,failuresground,1,4248,0.0010881310758337434
Academic Articles,duegicsoutlined,1,3378,0.0010881310758337434
Academic Articles,exampledestructiveinfluencetechnologythe,1,4030,0.0010881310758337434
Academic Articles,lossoutstarlink,1,6794,0.0010881310758337434
Academic Articles,estimateda,1,3924,0.0010881310758337434
Academic Articles,modestevent,1,7456,0.0010881310758337434
Academic Articles,minorto,1,7298,0.0010881310758337434
Academic Articles,moderategs,1,7446,0.0010881310758337434
Academic Articles,probable,1,9143,0.0010881310758337434
Academic Articles,corrective,1,2455,0.0010881310758337434
Academic Articles,actionsorientation,1,153,0.0010881310758337434
Academic Articles,predictedpossible,1,9031,0.0010881310758337434
Academic Articles,proceededplannedon,1,9156,0.0010881310758337434
Academic Articles,orbitkm,1,8342,0.0032643932275012296
Academic Articles,perigee,1,8647,0.0010881310758337434
Academic Articles,recovery,1,9625,0.0032643932275012296
Academic Articles,phaseg,1,8767,0.0010881310758337434
Academic Articles,andfew,1,583,0.000827551730243201
Academic Articles,beforesubsequentgs,1,1250,0.0010881310758337434
Academic Articles,basedan,1,1168,0.0010881310758337434
Academic Articles,dstthe,1,3344,0.0010881310758337434
Academic Articles,exact,1,4019,0.001655103460486402
Academic Articles,valuesdstmaysubjectchange,1,12476,0.0010881310758337434
Academic Articles,andof,1,639,0.0010881310758337434
Academic Articles,followedanotherwith,1,4559,0.0010881310758337434
Academic Articles,dstandon,1,3343,0.0010881310758337434
Academic Articles,modest,1,7455,0.0010881310758337434
Academic Articles,gsswas,1,5121,0.0010881310758337434
Academic Articles,thermosheric,1,11781,0.0010881310758337434
Academic Articles,forstarlink,1,4703,0.0010881310758337434
Academic Articles,constellationexperienceenhanced,1,2301,0.0010881310758337434
Academic Articles,levelatmospheric,1,6553,0.0010881310758337434
Academic Articles,reportedthe,1,9885,0.0010881310758337434
Academic Articles,operatorhigher,1,8290,0.0010881310758337434
Academic Articles,lossmost,1,6792,0.0010881310758337434
Academic Articles,scheduled,1,10312,0.0010881310758337434
Academic Articles,launchspacex,1,6449,0.0010881310758337434
Academic Articles,usedkm,1,12359,0.0010881310758337434
Academic Articles,orbitorderminimize,1,8344,0.0010881310758337434
Academic Articles,gsswelltheconditions,1,5122,0.0010881310758337434
Academic Articles,icmez,1,5470,0.0010881310758337434
Academic Articles,describedgreat,1,2926,0.0010881310758337434
Academic Articles,cansummarizedfollowsseriessfsm,1,1634,0.0010881310758337434
Academic Articles,andfrom,1,593,0.0010881310758337434
Academic Articles,locationand,1,6748,0.0010881310758337434
Academic Articles,overperiodseveral,1,8452,0.0010881310758337434
Academic Articles,cmesnotehalo,1,1997,0.0010881310758337434
Academic Articles,hadprojected,1,5135,0.0010881310758337434
Academic Articles,speedkmandsecond,1,10860,0.0010881310758337434
Academic Articles,thans,1,11605,0.0010881310758337434
Academic Articles,basedinformation,1,1172,0.0010881310758337434
Academic Articles,ands,1,674,0.0021762621516674867
Academic Articles,cactus,1,1533,0.0010881310758337434
Academic Articles,catalog,1,1721,0.0021762621516674867
Academic Articles,estimated,1,3923,0.0010881310758337434
Academic Articles,graduated,1,5050,0.0010881310758337434
Academic Articles,cylindrical,1,2652,0.0010881310758337434
Academic Articles,modelands,1,7366,0.0010881310758337434
Academic Articles,merged,1,7180,0.0010881310758337434
Academic Articles,icmeshock,1,5467,0.0021762621516674867
Academic Articles,signaturesearth,1,10602,0.0010881310758337434
Academic Articles,causingdoublewithcomplex,1,1753,0.0010881310758337434
Academic Articles,twostep,1,12124,0.0010881310758337434
Academic Articles,cannoticed,1,1610,0.0010881310758337434
Academic Articles,withminimum,1,13089,0.0010881310758337434
Academic Articles,indexntut,1,5715,0.0010881310758337434
Academic Articles,stepntutthe,1,11017,0.0010881310758337434
Academic Articles,reachingatthe,1,9559,0.0010881310758337434
Academic Articles,analysisthedata,1,514,0.0010881310758337434
Academic Articles,reveals,1,10076,0.0010881310758337434
Academic Articles,signaturesmagnetic,1,10603,0.0010881310758337434
Academic Articles,longlasting,1,6772,0.0010881310758337434
Academic Articles,periodsfast,1,8685,0.0010881310758337434
Academic Articles,negativez,1,7769,0.0021762621516674867
Academic Articles,focusesevaluating,1,4543,0.0010881310758337434
Academic Articles,empiricalphysicsbased,1,3711,0.0010881310758337434
Academic Articles,testmore,1,11591,0.0010881310758337434
Academic Articles,currentlyusesummary,1,2623,0.0010881310758337434
Academic Articles,towardsincreased,1,12008,0.0010881310758337434
Academic Articles,howeverdifferent,1,5407,0.0010881310758337434
Academic Articles,enhancementreportedthe,1,3788,0.0010881310758337434
Academic Articles,lowest,1,6821,0.0010881310758337434
Academic Articles,withtothe,1,13129,0.0010881310758337434
Academic Articles,valuethe,1,12479,0.0021762621516674867
Academic Articles,abovethe,1,47,0.0010881310758337434
Academic Articles,suspect,1,11408,0.000827551730243201
Academic Articles,failureadditionincreased,1,4245,0.0010881310758337434
Academic Articles,wellradiation,1,12824,0.0010881310758337434
Academic Articles,exposure,1,4186,0.001655103460486402
Academic Articles,alsocontributing,1,434,0.0010881310758337434
Academic Articles,factorsthe,1,4236,0.0010881310758337434
Academic Articles,resultsinsteadfocusingthe,1,10040,0.0010881310758337434
Academic Articles,launchthe,1,6451,0.000827551730243201
Academic Articles,abovepreferconsider,1,44,0.0010881310758337434
Academic Articles,launchesthe,1,6443,0.0010881310758337434
Academic Articles,stillorbitfreely,1,11029,0.0010881310758337434
Academic Articles,aimour,1,367,0.0010881310758337434
Academic Articles,analysisto,1,516,0.0010881310758337434
Academic Articles,knownendanger,1,6305,0.0010881310758337434
Academic Articles,performancestartidentifying,1,8639,0.0010881310758337434
Academic Articles,indexone,1,5716,0.0010881310758337434
Academic Articles,thestrengththe,1,11798,0.0010881310758337434
Academic Articles,timethe,1,11930,0.0032643932275012296
Academic Articles,launchesfocusthen,1,6441,0.0010881310758337434
Academic Articles,putthe,1,9405,0.0010881310758337434
Academic Articles,disturbancesconsider,1,3202,0.0010881310758337434
Academic Articles,cotemporal,1,2475,0.0010881310758337434
Academic Articles,eventdepicted,1,3968,0.0010881310758337434
Academic Articles,withdifferent,1,13047,0.0010881310758337434
Academic Articles,symbolthe,1,11440,0.0010881310758337434
Academic Articles,plot,1,8877,0.0021762621516674867
Academic Articles,comparative,1,2123,0.0021762621516674867
Academic Articles,launcheswe,1,6444,0.0010881310758337434
Academic Articles,overviewtheeffects,1,8466,0.0010881310758337434
Academic Articles,analysisstarlink,1,511,0.0021762621516674867
Academic Articles,launchesabout,1,6440,0.0010881310758337434
Academic Articles,threeyear,1,11856,0.0010881310758337434
Academic Articles,listedappendixwe,1,6722,0.0010881310758337434
Academic Articles,indexthe,1,5718,0.0010881310758337434
Academic Articles,nearest,1,7639,0.0010881310758337434
Academic Articles,hourthe,1,5392,0.0010881310758337434
Academic Articles,timeprovidedthe,1,11914,0.0010881310758337434
Academic Articles,kyoto,1,6326,0.0010881310758337434
Academic Articles,provisional,1,9364,0.0010881310758337434
Academic Articles,qualifiedaas,1,9413,0.0010881310758337434
Academic Articles,ntthusincreased,1,7959,0.0010881310758337434
Academic Articles,windowinterestabout,1,13014,0.0010881310758337434
Academic Articles,launchordercapture,1,6446,0.0010881310758337434
Academic Articles,listselected,1,6729,0.0010881310758337434
Academic Articles,accompaniedgeomagnetic,1,100,0.0010881310758337434
Academic Articles,downnt,1,3281,0.0010881310758337434
Academic Articles,thresholdhoweversome,1,11861,0.0010881310758337434
Academic Articles,subjectively,1,11179,0.0010881310758337434
Academic Articles,neverthelessdo,1,7809,0.0010881310758337434
Academic Articles,expecteffects,1,4133,0.0010881310758337434
Academic Articles,duegeomagnetic,1,3377,0.0010881310758337434
Academic Articles,limitnonethe,1,6701,0.0010881310758337434
Academic Articles,complexitythe,1,2147,0.0010881310758337434
Academic Articles,casegss,1,1710,0.0010881310758337434
Academic Articles,timeslonglasting,1,11922,0.0010881310758337434
Academic Articles,steplike,1,11016,0.0010881310758337434
Academic Articles,strongestin,1,11125,0.0010881310758337434
Academic Articles,showssingle,1,10585,0.0010881310758337434
Academic Articles,dropthe,1,3332,0.0010881310758337434
Academic Articles,indexwe,1,5720,0.0010881310758337434
Academic Articles,focustheconditions,1,4553,0.0010881310758337434
Academic Articles,presencenoticmesshocks,1,9074,0.0010881310758337434
Academic Articles,andz,1,718,0.0032643932275012296
Academic Articles,closetimethe,1,1961,0.0010881310758337434
Academic Articles,chronologicallytable,1,1904,0.0010881310758337434
Academic Articles,accompaniedicmes,1,101,0.0010881310758337434
Academic Articles,fourthem,1,4728,0.0010881310758337434
Academic Articles,haveip,1,5206,0.0010881310758337434
Academic Articles,informationadopted,1,5777,0.0010881310758337434
Academic Articles,informationcollected,1,5780,0.0010881310758337434
Academic Articles,databasethe,1,2688,0.0010881310758337434
Academic Articles,imffor,1,5531,0.0010881310758337434
Academic Articles,interestinglythe,1,5956,0.0010881310758337434
Academic Articles,weakestz,1,12741,0.0021762621516674867
Academic Articles,observe,1,8055,0.000827551730243201
Academic Articles,fastestejectathe,1,4275,0.0010881310758337434
Academic Articles,incoming,1,5671,0.0010881310758337434
Academic Articles,ejectathe,1,3616,0.0010881310758337434
Academic Articles,notdetermining,1,7901,0.0010881310758337434
Academic Articles,thestrength,1,11797,0.0010881310758337434
Academic Articles,relatedlarge,1,9791,0.0010881310758337434
Academic Articles,valuesb,1,12475,0.0010881310758337434
Academic Articles,thez,1,11805,0.0010881310758337434
Academic Articles,componentidentified,1,2157,0.0010881310758337434
Academic Articles,providedaccessedaugust,1,9338,0.0021762621516674867
Academic Articles,thedatainspected,1,11699,0.0010881310758337434
Academic Articles,abrupt,1,49,0.0010881310758337434
Academic Articles,abouttwoday,1,39,0.0010881310758337434
Academic Articles,beforeone,1,1249,0.0010881310758337434
Academic Articles,giventable,1,4963,0.0010881310758337434
Academic Articles,magnitudethez,1,6912,0.0010881310758337434
Academic Articles,seembeordering,1,10395,0.0010881310758337434
Academic Articles,parameterstermsidentifiable,1,8511,0.0010881310758337434
Academic Articles,icmeearth,1,5462,0.0010881310758337434
Academic Articles,fastest,1,4274,0.000827551730243201
Academic Articles,icmeour,1,5464,0.0010881310758337434
Academic Articles,knownexist,1,6306,0.0010881310758337434
Academic Articles,componentalso,1,2154,0.0010881310758337434
Academic Articles,givenfigure,1,4960,0.0010881310758337434
Academic Articles,pair,1,8482,0.0010881310758337434
Academic Articles,reliabilityany,1,9826,0.0010881310758337434
Academic Articles,typecorrelation,1,12131,0.0010881310758337434
Academic Articles,coefficientspearson,1,2014,0.0010881310758337434
Academic Articles,withvaluehighly,1,13132,0.0010881310758337434
Academic Articles,questionablethe,1,9435,0.0010881310758337434
Academic Articles,subjectstatistical,1,11181,0.0010881310758337434
Academic Articles,noisewe,1,7847,0.0010881310758337434
Academic Articles,continueevaluating,1,2357,0.0010881310758337434
Academic Articles,cooccurring,1,2408,0.0010881310758337434
Academic Articles,dueem,1,3370,0.0010881310758337434
Academic Articles,andor,1,642,0.0010881310758337434
Academic Articles,ejectashock,1,3615,0.0010881310758337434
Academic Articles,couldconsidereda,1,2486,0.0010881310758337434
Academic Articles,stabilityadditionthe,1,10919,0.0010881310758337434
Academic Articles,namelyprovide,1,7590,0.0010881310758337434
Academic Articles,emissiontermssoft,1,3700,0.0010881310758337434
Academic Articles,sxrsftpftpswpcnoaagovpubwarehouse,1,11439,0.0010881310758337434
Academic Articles,inspectedus,1,5864,0.0010881310758337434
Academic Articles,windepact,1,13003,0.0010881310758337434
Academic Articles,aceepam,1,131,0.0010881310758337434
Academic Articles,wayprovided,1,12719,0.0010881310758337434
Academic Articles,selected,1,10413,0.0021762621516674867
Academic Articles,onlythey,1,8243,0.0010881310758337434
Academic Articles,simultaneouslyinperiodseveral,1,10643,0.0010881310758337434
Academic Articles,summarizedtable,1,11291,0.0021762621516674867
Academic Articles,samplein,1,10239,0.0010881310758337434
Academic Articles,theresxr,1,11777,0.0010881310758337434
Academic Articles,found,1,4720,0.000827551730243201
Academic Articles,beforein,1,1248,0.0010881310758337434
Academic Articles,theconditions,1,11697,0.0010881310758337434
Academic Articles,coincidence,1,2018,0.0010881310758337434
Academic Articles,negligibleor,1,7772,0.0010881310758337434
Academic Articles,weakclasses,1,12735,0.0010881310758337434
Academic Articles,aresitu,1,895,0.0010881310758337434
Academic Articles,detectedl,1,2972,0.0010881310758337434
Academic Articles,fluxesadditionan,1,4485,0.0010881310758337434
Academic Articles,cclassis,1,1757,0.0010881310758337434
Academic Articles,theis,1,11721,0.0010881310758337434
Academic Articles,negligible,1,7771,0.0010881310758337434
Academic Articles,withdst,1,13049,0.0010881310758337434
Academic Articles,indexnt,1,5714,0.0010881310758337434
Academic Articles,areip,1,886,0.0010881310758337434
Academic Articles,signaturesthe,1,10606,0.0010881310758337434
Academic Articles,accompaniedemission,1,98,0.0010881310758337434
Academic Articles,fluxexpectedaffect,1,4489,0.0010881310758337434
Academic Articles,timingarrivalearth,1,11936,0.0010881310758337434
Academic Articles,arestrong,1,898,0.0010881310758337434
Academic Articles,sfsparticle,1,10497,0.0010881310758337434
Academic Articles,instance,1,5872,0.000827551730243201
Academic Articles,theemission,1,11702,0.0010881310758337434
Academic Articles,fromsf,1,4793,0.0010881310758337434
Academic Articles,addthepreconditioning,1,248,0.0010881310758337434
Academic Articles,emissionsxrshowever,1,3699,0.0010881310758337434
Academic Articles,strongestaclassw,1,11124,0.0010881310758337434
Academic Articles,respectthe,1,10010,0.0010881310758337434
Academic Articles,onlysingle,1,8241,0.0010881310758337434
Academic Articles,couldidentified,1,2489,0.0010881310758337434
Academic Articles,confirms,1,2256,0.0021762621516674867
Academic Articles,examplestable,1,4039,0.0010881310758337434
Academic Articles,delayed,1,2849,0.0010881310758337434
Academic Articles,solarmagnetospheric,1,10727,0.0010881310758337434
Academic Articles,contributedthe,1,2393,0.0010881310758337434
Academic Articles,orbitfor,1,8340,0.0010881310758337434
Academic Articles,completenessshow,1,2141,0.0010881310758337434
Academic Articles,denote,1,2876,0.0021762621516674867
Academic Articles,precedingongoingthe,1,9015,0.0010881310758337434
Academic Articles,timespacecraft,1,11924,0.0010881310758337434
Academic Articles,failurea,1,4244,0.0010881310758337434
Academic Articles,gspreceding,1,5118,0.0010881310758337434
Academic Articles,timeboth,1,11897,0.0010881310758337434
Academic Articles,accompanieddenotedntamong,1,97,0.0010881310758337434
Academic Articles,dstwe,1,3345,0.0010881310758337434
Academic Articles,identifiedicme,1,5481,0.0010881310758337434
Academic Articles,butip,1,1516,0.0010881310758337434
Academic Articles,shockor,1,10540,0.0010881310758337434
Academic Articles,eventsthis,1,3985,0.0010881310758337434
Academic Articles,analysesthe,1,502,0.0010881310758337434
Academic Articles,eventamong,1,3963,0.0010881310758337434
Academic Articles,setevents,1,10470,0.0010881310758337434
Academic Articles,casestarlink,1,1715,0.0010881310758337434
Academic Articles,withprecedingdespite,1,13103,0.0010881310758337434
Academic Articles,strengthsxrsclass,1,11110,0.0010881310758337434
Academic Articles,ending,1,3742,0.0010881310758337434
Academic Articles,stilldisturbed,1,11027,0.0010881310758337434
Academic Articles,increasedemission,1,5685,0.0010881310758337434
Academic Articles,preconditioning,1,9023,0.0010881310758337434
Academic Articles,arrivalandisturbance,1,923,0.0010881310758337434
Academic Articles,southwardz,1,10783,0.0010881310758337434
Academic Articles,developmentdual,1,3012,0.0010881310758337434
Academic Articles,minortomedium,1,7299,0.0010881310758337434
Academic Articles,andsubsequent,1,692,0.0010881310758337434
Academic Articles,fluxenergetic,1,4483,0.0021762621516674867
Academic Articles,protonsother,1,9330,0.0010881310758337434
Academic Articles,eventstable,1,3982,0.0010881310758337434
Academic Articles,suchsetsw,1,11249,0.0010881310758337434
Academic Articles,visual,1,12568,0.0010881310758337434
Academic Articles,inspectionthe,1,5865,0.0010881310758337434
Academic Articles,samplecould,1,10237,0.0010881310758337434
Academic Articles,speculate,1,10857,0.0010881310758337434
Academic Articles,whetherspacecraft,1,12890,0.0010881310758337434
Academic Articles,accompaniedan,1,96,0.0010881310758337434
Academic Articles,thresholdadditionanand,1,11858,0.0010881310758337434
Academic Articles,mixpreconditions,1,7344,0.0010881310758337434
Academic Articles,againa,1,316,0.000827551730243201
Academic Articles,failurethe,1,4252,0.0021762621516674867
Academic Articles,compromised,1,2176,0.0010881310758337434
Academic Articles,electronicsboard,1,3656,0.0010881310758337434
Academic Articles,dueradiation,1,3402,0.0010881310758337434
Academic Articles,exposureincreased,1,4189,0.0010881310758337434
Academic Articles,conclusionsalthough,1,2195,0.0010881310758337434
Academic Articles,fromtothe,1,4805,0.0010881310758337434
Academic Articles,staging,1,10933,0.0021762621516674867
Academic Articles,doubt,1,3270,0.0010881310758337434
Academic Articles,raisedthatis,1,9495,0.0010881310758337434
Academic Articles,sole,1,10732,0.0010881310758337434
Academic Articles,estimatedincreased,1,3926,0.0010881310758337434
Academic Articles,author,1,1080,0.000827551730243201
Academic Articles,occurringclose,1,8128,0.0010881310758337434
Academic Articles,succession,1,11206,0.0010881310758337434
Academic Articles,accountable,1,114,0.0010881310758337434
Academic Articles,negativeeffectsspacecraft,1,7762,0.0010881310758337434
Academic Articles,stability,1,10918,0.0021762621516674867
Academic Articles,dragleo,1,3297,0.0010881310758337434
Academic Articles,topicintense,1,11986,0.0010881310758337434
Academic Articles,althoughis,1,459,0.0010881310758337434
Academic Articles,dueeuv,1,3373,0.0010881310758337434
Academic Articles,expansiontheregionvleo,1,4079,0.0010881310758337434
Academic Articles,physicsbasedthe,1,8803,0.0010881310758337434
Academic Articles,lackoperational,1,6356,0.0010881310758337434
Academic Articles,nowcastingthe,1,7938,0.0010881310758337434
Academic Articles,thermosphereionosphereatmosphere,1,11785,0.0010881310758337434
Academic Articles,dangersimilar,1,2674,0.0010881310758337434
Academic Articles,failuresstill,1,4250,0.0010881310758337434
Academic Articles,duesw,1,3412,0.0010881310758337434
Academic Articles,contributea,1,2390,0.0010881310758337434
Academic Articles,raise,1,9492,0.000827551730243201
Academic Articles,importanceproper,1,5583,0.0010881310758337434
Academic Articles,servicesthe,1,10461,0.0010881310758337434
Academic Articles,benefitsatellite,1,1313,0.0010881310758337434
Academic Articles,ownersin,1,8473,0.0010881310758337434
Academic Articles,contrast,1,2387,0.0010881310758337434
Academic Articles,withdetailed,1,13046,0.0010881310758337434
Academic Articles,magnetosphericin,1,6905,0.0010881310758337434
Academic Articles,stormpresentthis,1,11065,0.0010881310758337434
Academic Articles,nearearthcontributionsthe,1,7636,0.0010881310758337434
Academic Articles,timeselected,1,11919,0.0010881310758337434
Academic Articles,launchesorderevaluate,1,6442,0.0010881310758337434
Academic Articles,impacttheand,1,5562,0.0010881310758337434
Academic Articles,intensitythese,1,5929,0.0010881310758337434
Academic Articles,andphenomena,1,655,0.0010881310758337434
Academic Articles,canconsideredbeminormoderate,1,1575,0.0010881310758337434
Academic Articles,comparedthe,1,2127,0.000827551730243201
Academic Articles,valuesrecordthe,1,12478,0.0010881310758337434
Academic Articles,understandingtheeffects,1,12223,0.0010881310758337434
Academic Articles,weaktomoderate,1,12750,0.0010881310758337434
Academic Articles,andphenomenastrengthimfz,1,656,0.0010881310758337434
Academic Articles,failurestarlink,1,4251,0.0010881310758337434
Academic Articles,duringongoingon,1,3435,0.0010881310758337434
Academic Articles,cumulative,1,2611,0.0010881310758337434
Academic Articles,effectsmultiple,1,3553,0.0010881310758337434
Academic Articles,weakevents,1,12742,0.0010881310758337434
Academic Articles,carryhidden,1,1700,0.0010881310758337434
Academic Articles,riskvleo,1,10127,0.0010881310758337434
Academic Articles,increasecommercial,1,5679,0.0010881310758337434
Academic Articles,growththeorbit,1,5114,0.0010881310758337434
Academic Articles,io,1,6046,0.0010881310758337434
Academic Articles,willa,1,12940,0.0010881310758337434
Academic Articles,facedsatellite,1,4223,0.0010881310758337434
Academic Articles,ownersprotect,1,8474,0.0010881310758337434
Academic Articles,satellitesorbit,1,10255,0.0010881310758337434
Academic Articles,fromeventsordermitigate,1,4768,0.0010881310758337434
Academic Articles,incurredsuchanomaliesthis,1,5710,0.0010881310758337434
Academic Articles,offersconcise,1,8169,0.0010881310758337434
Academic Articles,summaryknowneffectssatellites,1,11298,0.0010881310758337434
Academic Articles,effectsperformedcomparative,1,3555,0.0010881310758337434
Academic Articles,oneday,1,8209,0.0010881310758337434
Academic Articles,timelaunch,1,11909,0.0010881310758337434
Academic Articles,preceding,1,9014,0.0010881310758337434
Academic Articles,arrivalip,1,928,0.0010881310758337434
Academic Articles,wavepreceding,1,12702,0.0010881310758337434
Academic Articles,weakandincreased,1,12733,0.0010881310758337434
Academic Articles,launchseveral,1,6448,0.0010881310758337434
Academic Articles,bothin,1,1405,0.0010881310758337434
Academic Articles,andincreased,1,611,0.0010881310758337434
Academic Articles,fluxesthe,1,4488,0.0010881310758337434
Academic Articles,contributing,1,2397,0.0010881310758337434
Academic Articles,factorthe,1,4238,0.0010881310758337434
Academic Articles,abilitymaintain,1,11,0.0010881310758337434
Academic Articles,usageradiationhardened,1,12335,0.0010881310758337434
Academic Articles,vleo,1,12573,0.0010881310758337434
Academic Articles,minimize,1,7288,0.0010881310758337434
Academic Articles,shouldtaken,1,10571,0.0010881310758337434
Academic Articles,particularlyviewthe,1,8550,0.0010881310758337434
Academic Articles,thatgeo,1,11628,0.0010881310758337434
Academic Articles,andleo,1,620,0.0010881310758337434
Academic Articles,insured,1,5913,0.0010881310758337434
Academic Articles,delaythe,1,2850,0.0010881310758337434
Academic Articles,launchorderavoid,1,6445,0.0010881310758337434
Academic Articles,ongoingor,1,8226,0.0010881310758337434
Academic Articles,gsarrival,1,5116,0.0010881310758337434
Academic Articles,developmentphysicsbased,1,3020,0.0010881310758337434
Academic Articles,considerationa,1,2280,0.0010881310758337434
Academic Articles,implemented,1,5569,0.000827551730243201
Academic Articles,developmentimproved,1,3014,0.0010881310758337434
Academic Articles,propulsion,1,9317,0.0010881310758337434
Academic Articles,systemscounteract,1,11469,0.0010881310758337434
Academic Articles,aimutilizingfull,1,370,0.0010881310758337434
Academic Articles,spacecraftorderensure,1,10801,0.0010881310758337434
Academic Articles,alsoregulate,1,441,0.0010881310758337434
Academic Articles,debris,1,2756,0.0010881310758337434
Academic Articles,pollution,1,8924,0.0010881310758337434
News Articles,noaa,2,7826,0.050453723882402594
News Articles,space,2,10788,0.3626361404047686
News Articles,weather,2,12752,0.331102562978267
News Articles,prediction,2,9036,0.04414700839710227
News Articles,center,2,1768,0.028380219683851456
News Articles,geomagnetic,2,4927,0.116674236478056
News Articles,activity,2,167,0.08514065905155438
News Articles,observation,2,8015,0.012613430970600649
News Articles,forecast,2,4602,0.050453723882402594
News Articles,past,2,8585,0.01576678871325081
News Articles,hour,2,5385,0.022073504198551135
News Articles,scale,2,10286,0.003153357742650162
News Articles,level,2,6552,0.012613430970600649
News Articles,sun,2,11309,0.23019511521346184
News Articles,solar,2,10723,0.3153357742650162
News Articles,radiation,2,9474,0.0819873013089042
News Articles,go,2,4984,0.034686935169151785
News Articles,storm,2,11039,0.21127496875756085
News Articles,period,2,8649,0.006306715485300324
News Articles,given,2,4959,0.003153357742650162
News Articles,observed,2,8056,0.003153357742650162
News Articles,particular,2,8544,0.009460073227950486
News Articles,radio,2,9483,0.0819873013089042
News Articles,blackout,2,1360,0.01576678871325081
News Articles,reaching,2,9558,0.003153357742650162
News Articles,largest,2,6377,0.012613430970600649
News Articles,flare,2,4410,0.12928766744865663
News Articles,magnetic,2,6867,0.17343467584575892
News Articles,wind,2,12998,0.050453723882402594
News Articles,feature,2,4282,0.006306715485300324
News Articles,active,2,156,0.018920146455900972
News Articles,region,2,9675,0.03153357742650162
News Articles,favorable,2,4279,0.00406052223323763
News Articles,occurred,2,8111,0.006306715485300324
News Articles,expected,2,4083,0.009460073227950486
News Articles,day,2,2729,0.04414700839710227
News Articles,cme,2,1978,0.012613430970600649
News Articles,since,2,10645,0.018920146455900972
News Articles,dropped,2,3330,0.00406052223323763
News Articles,xclass,2,13218,0.006306715485300324
News Articles,cmes,2,1994,0.034686935169151785
News Articles,therea,2,11757,0.009460073227950486
News Articles,strong,2,11121,0.022073504198551135
News Articles,event,2,3960,0.0914473745368547
News Articles,complex,2,2144,0.003153357742650162
News Articles,next,2,7815,0.018920146455900972
News Articles,three,2,11851,0.006306715485300324
News Articles,potential,2,8978,0.028380219683851456
News Articles,recent,2,9598,0.003153357742650162
News Articles,near,2,7624,0.022073504198551135
News Articles,low,2,6808,0.003153357742650162
News Articles,proton,2,9326,0.012613430970600649
News Articles,western,2,12848,0.00406052223323763
News Articles,blow,2,1379,0.00406052223323763
News Articles,associated,2,994,0.01576678871325081
News Articles,approach,2,808,0.003153357742650162
News Articles,influence,2,5757,0.003153357742650162
News Articles,effect,2,3530,0.028380219683851456
News Articles,early,2,3460,0.006306715485300324
News Articles,previous,2,9108,0.006306715485300324
News Articles,first,2,4387,0.018920146455900972
News Articles,current,2,2617,0.01576678871325081
News Articles,total,2,11997,0.003153357742650162
News Articles,continue,2,2338,0.006306715485300324
News Articles,condition,2,2198,0.028380219683851456
News Articles,currently,2,2619,0.006306715485300324
News Articles,fromactive,2,4752,0.00406052223323763
News Articles,alert,2,388,0.022073504198551135
News Articles,increase,2,5677,0.009460073227950486
News Articles,closerthe,2,1958,0.00406052223323763
News Articles,earth,2,3472,0.15451452938985794
News Articles,sunspot,2,11349,0.02842365563266341
News Articles,producing,2,9218,0.006306715485300324
News Articles,message,2,7197,0.006306715485300324
News Articles,number,2,7962,0.012613430970600649
News Articles,time,2,11890,0.06306715485300324
News Articles,reached,2,9540,0.003153357742650162
News Articles,warning,2,12615,0.025226861941201297
News Articles,impact,2,5535,0.037840292911801944
News Articles,power,2,8998,0.07883394356625405
News Articles,grid,2,5076,0.037840292911801944
News Articles,fluctuation,2,4475,0.003153357742650162
News Articles,operation,2,8269,0.006306715485300324
News Articles,aurora,2,1068,0.0409936506544521
News Articles,michigan,2,7233,0.00406052223323763
News Articles,latitude,2,6426,0.006306715485300324
News Articles,occur,2,8108,0.006306715485300324
News Articles,system,2,11449,0.05676043936770291
News Articles,experience,2,4140,0.003153357742650162
News Articles,voltage,2,12577,0.003153357742650162
News Articles,satellite,2,10248,0.2081216110149107
News Articles,increased,2,5680,0.012613430970600649
News Articles,high,2,5307,0.025226861941201297
News Articles,frequency,2,4743,0.022073504198551135
News Articles,propagation,2,9295,0.003153357742650162
News Articles,state,2,10966,0.01576678871325081
News Articles,flux,2,4481,0.003153357742650162
News Articles,electromagnetic,2,3652,0.012613430970600649
News Articles,cause,2,1732,0.04730036613975243
News Articles,sensitive,2,10427,0.02436313339942578
News Articles,including,2,5662,0.028380219683851456
News Articles,gps,2,5042,0.018920146455900972
News Articles,communication,2,2103,0.0662205125956534
News Articles,major,2,6928,0.018920146455900972
News Articles,typically,2,12153,0.006306715485300324
News Articles,coronal,2,2442,0.0819873013089042
News Articles,mass,2,7009,0.09775409002215502
News Articles,ejection,2,3618,0.06937387033830357
News Articles,velocity,2,12517,0.003153357742650162
News Articles,xray,2,13224,0.003153357742650162
News Articles,area,2,865,0.006306715485300324
News Articles,intensity,2,5926,0.009460073227950486
News Articles,realtime,2,9582,0.01576678871325081
News Articles,see,2,10385,0.028380219683851456
News Articles,electron,2,3653,0.025226861941201297
News Articles,maximum,2,7040,0.034686935169151785
News Articles,significant,2,10613,0.012613430970600649
News Articles,charging,2,1883,0.006306715485300324
News Articles,none,2,7855,0.00406052223323763
News Articles,issued,2,6095,0.003153357742650162
News Articles,numerous,2,7993,0.006306715485300324
News Articles,mostthe,2,7506,0.018920146455900972
News Articles,east,2,3504,0.01218156669971289
News Articles,west,2,12845,0.01624208893295052
News Articles,quiet,2,9450,0.006306715485300324
News Articles,degree,2,2842,0.003153357742650162
News Articles,long,2,6762,0.006306715485300324
News Articles,eruption,2,3883,0.01576678871325081
News Articles,offthe,2,8185,0.00406052223323763
News Articles,resulting,2,10035,0.006306715485300324
News Articles,coronagraph,2,2436,0.006306715485300324
News Articles,analyzed,2,522,0.020302611166188148
News Articles,potentially,2,8984,0.003153357742650162
News Articles,earthdirected,2,3478,0.00812104446647526
News Articles,energetic,2,3750,0.006306715485300324
News Articles,particle,2,8531,0.05991379711035308
News Articles,parameter,2,8503,0.009460073227950486
News Articles,field,2,4313,0.11982759422070616
News Articles,speed,2,10858,0.01576678871325081
News Articles,km,2,6269,0.009460073227950486
News Articles,environment,2,3820,0.018920146455900972
News Articles,disturbance,2,3199,0.003153357742650162
News Articles,throughout,2,11867,0.003153357742650162
News Articles,remaining,2,9857,0.003153357742650162
News Articles,either,2,3608,0.006306715485300324
News Articles,detected,2,2968,0.00406052223323763
News Articles,among,2,480,0.003153357742650162
News Articles,small,2,10695,0.009460073227950486
News Articles,spot,2,10890,0.01218156669971289
News Articles,model,2,7362,0.012613430970600649
News Articles,large,2,6370,0.018920146455900972
News Articles,south,2,10770,0.012613430970600649
News Articles,later,2,6419,0.009460073227950486
News Articles,well,2,12813,0.04414700839710227
News Articles,far,2,4262,0.003153357742650162
News Articles,enhanced,2,3775,0.01576678871325081
News Articles,direct,2,3084,0.006306715485300324
News Articles,carry,2,1698,0.018920146455900972
News Articles,interact,2,5935,0.006306715485300324
News Articles,hole,2,5364,0.003153357742650162
News Articles,largely,2,6371,0.003153357742650162
News Articles,enhancement,2,3783,0.003153357742650162
News Articles,newly,2,7811,0.003153357742650162
News Articles,simple,2,10629,0.003153357742650162
News Articles,much,2,7527,0.022073504198551135
News Articles,like,2,6634,0.03153357742650162
News Articles,spotted,2,10901,0.00406052223323763
News Articles,slowly,2,10691,0.003153357742650162
News Articles,multiple,2,7545,0.012613430970600649
News Articles,however,2,5403,0.009460073227950486
News Articles,around,2,914,0.028380219683851456
News Articles,combined,2,2065,0.003153357742650162
News Articles,produced,2,9183,0.01576678871325081
News Articles,strongest,2,11123,0.006306715485300324
News Articles,flarethe,2,4441,0.00406052223323763
News Articles,seen,2,10402,0.012613430970600649
News Articles,rotated,2,10177,0.00406052223323763
News Articles,onto,2,8254,0.00406052223323763
News Articles,slightly,2,10686,0.00406052223323763
News Articles,possible,2,8957,0.01576678871325081
News Articles,change,2,1852,0.012613430970600649
News Articles,five,2,4399,0.006306715485300324
News Articles,new,2,7810,0.022073504198551135
News Articles,roughly,2,10186,0.009460073227950486
News Articles,clear,2,1948,0.006306715485300324
News Articles,possibly,2,8972,0.003153357742650162
News Articles,data,2,2681,0.04730036613975243
News Articles,yet,2,13242,0.006306715485300324
News Articles,close,2,1954,0.003153357742650162
News Articles,complexthe,2,2150,0.00406052223323763
News Articles,fully,2,4827,0.003153357742650162
News Articles,andwas,2,711,0.009460073227950486
News Articles,responsible,2,10020,0.006306715485300324
News Articles,observatory,2,8047,0.018920146455900972
News Articles,report,2,9879,0.009460073227950486
News Articles,modeling,2,7377,0.003153357742650162
News Articles,effort,2,3583,0.003153357742650162
News Articles,two,2,12120,0.018920146455900972
News Articles,form,2,4660,0.006306715485300324
News Articles,become,2,1218,0.009460073227950486
News Articles,remains,2,9859,0.006306715485300324
News Articles,quickly,2,9449,0.01624208893295052
News Articles,outthe,2,8430,0.003153357742650162
News Articles,primary,2,9115,0.003153357742650162
News Articles,though,2,11842,0.012613430970600649
News Articles,location,2,6747,0.018920146455900972
News Articles,muchthe,2,7533,0.006306715485300324
News Articles,maintained,2,6918,0.00406052223323763
News Articles,lifted,2,6619,0.00406052223323763
News Articles,analysis,2,504,0.006306715485300324
News Articles,second,2,10366,0.003153357742650162
News Articles,explosive,2,4182,0.00406052223323763
News Articles,component,2,2152,0.012613430970600649
News Articles,position,2,8947,0.00406052223323763
News Articles,towards,2,12006,0.01218156669971289
News Articles,almost,2,424,0.00406052223323763
News Articles,saw,2,10273,0.003153357742650162
News Articles,could,2,2476,0.053607081625052753
News Articles,move,2,7513,0.006306715485300324
News Articles,main,2,6913,0.009460073227950486
News Articles,today,2,11953,0.006306715485300324
News Articles,section,2,10372,0.003153357742650162
News Articles,recently,2,9600,0.006306715485300324
News Articles,noted,2,7903,0.006306715485300324
News Articles,onethe,2,8220,0.009460073227950486
News Articles,another,2,733,0.012613430970600649
News Articles,several,2,10490,0.003153357742650162
News Articles,reported,2,9882,0.003153357742650162
News Articles,normal,2,7871,0.00406052223323763
News Articles,related,2,9784,0.003153357742650162
News Articles,arrival,2,921,0.006306715485300324
News Articles,eventually,2,3991,0.006306715485300324
News Articles,secondary,2,10367,0.003153357742650162
News Articles,still,2,11025,0.01576678871325081
News Articles,keep,2,6226,0.009460073227950486
News Articles,begin,2,1266,0.003153357742650162
News Articles,future,2,4849,0.006306715485300324
News Articles,included,2,5644,0.003153357742650162
News Articles,growing,2,5107,0.003153357742650162
News Articles,way,2,12706,0.028380219683851456
News Articles,available,2,1095,0.009460073227950486
News Articles,average,2,1106,0.006306715485300324
News Articles,starting,2,10958,0.003153357742650162
News Articles,leada,2,6465,0.003153357742650162
News Articles,run,2,10202,0.006306715485300324
News Articles,output,2,8419,0.006306715485300324
News Articles,week,2,12799,0.034686935169151785
News Articles,behind,2,1284,0.003153357742650162
News Articles,directed,2,3085,0.006306715485300324
News Articles,away,2,1121,0.020302611166188148
News Articles,line,2,6703,0.018920146455900972
News Articles,orbit,2,8321,0.034686935169151785
News Articles,along,2,427,0.009460073227950486
News Articles,result,2,10030,0.003153357742650162
News Articles,reach,2,9539,0.025226861941201297
News Articles,note,2,7902,0.012613430970600649
News Articles,went,2,12833,0.00406052223323763
News Articles,network,2,7786,0.009460073227950486
News Articles,outage,2,8394,0.00406052223323763
News Articles,gap,2,4869,0.003153357742650162
News Articles,service,2,10457,0.022073504198551135
News Articles,last,2,6394,0.009460073227950486
News Articles,erupted,2,3878,0.00406052223323763
News Articles,type,2,12129,0.003153357742650162
News Articles,emission,2,3696,0.003153357742650162
News Articles,source,2,10759,0.003153357742650162
News Articles,steadily,2,11003,0.003153357742650162
News Articles,one,2,8206,0.0662205125956534
News Articles,northern,2,7884,0.03153357742650162
News Articles,hemisphere,2,5282,0.00812104446647526
News Articles,interplanetary,2,5979,0.003153357742650162
News Articles,direction,2,3088,0.003153357742650162
News Articles,across,2,142,0.018920146455900972
News Articles,experienced,2,4142,0.003153357742650162
News Articles,fromfew,2,4770,0.003153357742650162
News Articles,began,2,1253,0.006306715485300324
News Articles,stream,2,11096,0.009460073227950486
News Articles,view,2,12537,0.003153357742650162
News Articles,ahead,2,355,0.003153357742650162
News Articles,souththe,2,10777,0.00406052223323763
News Articles,side,2,10593,0.01624208893295052
News Articles,north,2,7877,0.009460073227950486
News Articles,spacecraft,2,10793,0.022073504198551135
News Articles,againthe,2,321,0.00406052223323763
News Articles,directly,2,3093,0.009460073227950486
News Articles,would,2,13177,0.03153357742650162
News Articles,extent,2,4199,0.003153357742650162
News Articles,disruptedthe,2,3175,0.00406052223323763
News Articles,come,2,2071,0.009460073227950486
News Articles,back,2,1127,0.01218156669971289
News Articles,cloud,2,1963,0.012613430970600649
News Articles,six,2,10671,0.006306715485300324
News Articles,whose,2,12926,0.003153357742650162
News Articles,andthe,2,699,0.012613430970600649
News Articles,partthe,2,8568,0.003153357742650162
News Articles,southern,2,10774,0.00812104446647526
News Articles,suggests,2,11277,0.01218156669971289
News Articles,plasma,2,8853,0.018920146455900972
News Articles,better,2,1326,0.022073504198551135
News Articles,arethe,2,899,0.003153357742650162
News Articles,show,2,10576,0.003153357742650162
News Articles,coming,2,2077,0.009460073227950486
News Articles,highly,2,5332,0.003153357742650162
News Articles,causing,2,1751,0.009460073227950486
News Articles,geophysical,2,4929,0.003153357742650162
News Articles,likelybe,2,6645,0.00406052223323763
News Articles,generally,2,4901,0.003153357742650162
News Articles,range,2,9500,0.003153357742650162
News Articles,marking,2,6992,0.00406052223323763
News Articles,although,2,457,0.006306715485300324
News Articles,recorded,2,9619,0.01218156669971289
News Articles,forecaster,2,4607,0.022073504198551135
News Articles,andprojected,2,662,0.00406052223323763
News Articles,lower,2,6816,0.003153357742650162
News Articles,despite,2,2955,0.006306715485300324
News Articles,notthe,2,7926,0.00406052223323763
News Articles,unique,2,12247,0.003153357742650162
News Articles,research,2,9952,0.02436313339942578
News Articles,infrastructure,2,5803,0.02436313339942578
News Articles,national,2,7608,0.04872626679885156
News Articles,right,2,10100,0.0690288779650397
News Articles,reserved,2,9989,0.00812104446647526
News Articles,sunthe,2,11353,0.00812104446647526
News Articles,upper,2,12312,0.020302611166188148
News Articles,atmosphere,2,1024,0.08527096689799023
News Articles,affect,2,298,0.04466574456561393
News Articles,groundbased,2,5087,0.00406052223323763
News Articles,technological,2,11535,0.00812104446647526
News Articles,human,2,5440,0.00406052223323763
News Articles,life,2,6611,0.01218156669971289
News Articles,affecting,2,301,0.00812104446647526
News Articles,disrupt,2,3173,0.020302611166188148
News Articles,highfrequency,2,5320,0.01624208893295052
News Articles,signal,2,10599,0.03654470009913867
News Articles,positioning,2,8948,0.00812104446647526
News Articles,electric,2,3640,0.01624208893295052
News Articles,cascading,2,1706,0.00406052223323763
News Articles,disruption,2,3177,0.00812104446647526
News Articles,risk,2,10118,0.01624208893295052
News Articles,flight,2,4459,0.04466574456561393
News Articles,toward,2,12004,0.02842365563266341
News Articles,strengthening,2,11108,0.00406052223323763
News Articles,security,2,10383,0.00406052223323763
News Articles,released,2,9807,0.00406052223323763
News Articles,strategy,2,11089,0.00812104446647526
News Articles,action,2,146,0.00812104446647526
News Articles,plan,2,8836,0.00406052223323763
News Articles,contained,2,2321,0.00406052223323763
News Articles,federal,2,4297,0.01218156669971289
News Articles,agency,2,332,0.01624208893295052
News Articles,accurate,2,128,0.00812104446647526
News Articles,nasa,2,7594,0.06090783349856445
News Articles,oceanic,2,8141,0.020302611166188148
News Articles,atmospheric,2,1037,0.03654470009913867
News Articles,administration,2,261,0.020302611166188148
News Articles,science,2,10324,0.01624208893295052
News Articles,foundation,2,4722,0.00812104446647526
News Articles,operational,2,8270,0.02436313339942578
News Articles,question,2,9434,0.01624208893295052
News Articles,society,2,10716,0.01218156669971289
News Articles,technology,2,11538,0.03248417786590104
News Articles,policy,2,8920,0.00812104446647526
News Articles,government,2,5037,0.02436313339942578
News Articles,support,2,11368,0.01624208893295052
News Articles,measure,2,7096,0.00812104446647526
News Articles,summarizing,2,11294,0.00406052223323763
News Articles,measurement,2,7106,0.00406052223323763
News Articles,need,2,7667,0.00812104446647526
News Articles,specifically,2,10844,0.00406052223323763
News Articles,international,2,5975,0.00812104446647526
News Articles,developing,2,3005,0.00406052223323763
News Articles,consider,2,2277,0.00406052223323763
News Articles,program,2,9241,0.00812104446647526
News Articles,goal,2,4985,0.00406052223323763
News Articles,ensemble,2,3800,0.01624208893295052
News Articles,mission,2,7317,0.01218156669971289
News Articles,forecasting,2,4612,0.05684731126532682
News Articles,take,2,11498,0.01218156669971289
News Articles,heliophysics,2,5261,0.01624208893295052
News Articles,capability,2,1664,0.03654470009913867
News Articles,key,2,6242,0.01218156669971289
News Articles,conducted,2,2232,0.00406052223323763
News Articles,travel,2,12063,0.01624208893295052
News Articles,community,2,2106,0.00812104446647526
News Articles,presentation,2,9078,0.00406052223323763
News Articles,project,2,9272,0.00406052223323763
News Articles,website,2,12797,0.01218156669971289
News Articles,leda,2,6523,0.00406052223323763
News Articles,theme,2,11730,0.00406052223323763
News Articles,provide,2,9336,0.01624208893295052
News Articles,engineering,2,3766,0.00406052223323763
News Articles,finally,2,4373,0.00406052223323763
News Articles,provides,2,9357,0.00812104446647526
News Articles,work,2,13145,0.00406052223323763
News Articles,different,2,3053,0.03654470009913867
News Articles,ground,2,5086,0.00812104446647526
News Articles,final,2,4372,0.01218156669971289
News Articles,cover,2,2532,0.00812104446647526
News Articles,entire,2,3813,0.00812104446647526
News Articles,increasingly,2,5706,0.00812104446647526
News Articles,navigation,2,7619,0.01624208893295052
News Articles,year,2,13233,0.04872626679885156
News Articles,include,2,5643,0.00406052223323763
News Articles,quality,2,9414,0.00406052223323763
News Articles,individual,2,5739,0.00812104446647526
News Articles,aerospace,2,297,0.00406052223323763
News Articles,david,2,2728,0.04872626679885156
News Articles,university,2,12252,0.00406052223323763
News Articles,many,2,6970,0.03248417786590104
News Articles,release,2,9805,0.01624208893295052
News Articles,certain,2,1796,0.01624208893295052
News Articles,considered,2,2281,0.00406052223323763
News Articles,user,2,12393,0.01218156669971289
News Articles,magnetosphere,2,6883,0.052786789032089186
News Articles,ionosphere,2,6054,0.020302611166188148
News Articles,thermosphere,2,11782,0.00812104446647526
News Articles,machine,2,6844,0.00406052223323763
News Articles,environmental,2,3822,0.02436313339942578
News Articles,information,2,5775,0.01624208893295052
News Articles,scientific,2,10337,0.00812104446647526
News Articles,within,2,13070,0.05684731126532682
News Articles,process,2,9162,0.00406052223323763
News Articles,planetary,2,8841,0.00406052223323763
News Articles,example,2,4025,0.020302611166188148
News Articles,instrument,2,5891,0.01624208893295052
News Articles,make,2,6933,0.020302611166188148
News Articles,heliospheric,2,5276,0.00406052223323763
News Articles,physic,2,8795,0.00406052223323763
News Articles,telescope,2,11548,0.00812104446647526
News Articles,monitor,2,7472,0.01624208893295052
News Articles,force,2,4590,0.00812104446647526
News Articles,awareness,2,1119,0.00406052223323763
News Articles,integrated,2,5916,0.00406052223323763
News Articles,using,2,12410,0.01624208893295052
News Articles,open,2,8257,0.00406052223323763
News Articles,commercial,2,2088,0.00812104446647526
News Articles,traffic,2,12021,0.00406052223323763
News Articles,management,2,6953,0.01218156669971289
News Articles,improve,2,5613,0.020302611166188148
News Articles,involves,2,6043,0.00406052223323763
News Articles,furthermore,2,4840,0.00406052223323763
News Articles,station,2,10989,0.01218156669971289
News Articles,officespace,2,8178,0.00406052223323763
News Articles,protect,2,9319,0.00812104446647526
News Articles,economic,2,3511,0.00406052223323763
News Articles,working,2,13157,0.00406052223323763
News Articles,branch,2,1425,0.00406052223323763
News Articles,understanding,2,12210,0.00812104446647526
News Articles,predictionspace,2,9047,0.00406052223323763
News Articles,phenomenon,2,8784,0.00812104446647526
News Articles,academia,2,60,0.00406052223323763
News Articles,help,2,5277,0.01624208893295052
News Articles,hazard,2,5226,0.03248417786590104
News Articles,mapping,2,6977,0.00406052223323763
News Articles,aviation,2,1109,0.00812104446647526
News Articles,use,2,12336,0.03248417786590104
News Articles,industry,2,5746,0.02436313339942578
News Articles,operator,2,8289,0.03654470009913867
News Articles,extreme,2,4212,0.020302611166188148
News Articles,bringing,2,1446,0.00406052223323763
News Articles,provider,2,9354,0.00812104446647526
News Articles,understand,2,12209,0.020302611166188148
News Articles,natural,2,7612,0.00812104446647526
News Articles,category,2,1730,0.00812104446647526
News Articles,sunsolar,2,11348,0.00406052223323763
News Articles,aircraft,2,374,0.00406052223323763
News Articles,thermospheric,2,11793,0.00406052223323763
News Articles,expansion,2,4076,0.00406052223323763
News Articles,object,2,8003,0.00406052223323763
News Articles,induced,2,5742,0.00406052223323763
News Articles,behavior,2,1281,0.00812104446647526
News Articles,advanced,2,268,0.00812104446647526
News Articles,require,2,9910,0.00406052223323763
News Articles,robust,2,10145,0.00406052223323763
News Articles,important,2,5589,0.02842365563266341
News Articles,terrestrial,2,11583,0.01624208893295052
News Articles,nearearth,2,7635,0.01218156669971289
News Articles,spacebased,2,10790,0.00406052223323763
News Articles,asset,2,972,0.02842365563266341
News Articles,rare,2,9523,0.00406052223323763
News Articles,set,2,10468,0.00812104446647526
News Articles,continuous,2,2379,0.00812104446647526
News Articles,impactsthe,2,5558,0.00406052223323763
News Articles,tracking,2,12014,0.00812104446647526
News Articles,ion,2,6047,0.00406052223323763
News Articles,geosynchronous,2,4936,0.00406052223323763
News Articles,belt,2,1305,0.00406052223323763
News Articles,auroral,2,1072,0.00812104446647526
News Articles,global,2,4974,0.00812104446647526
News Articles,even,2,3951,0.052786789032089186
News Articles,often,2,8192,0.020302611166188148
News Articles,extra,2,4206,0.01218156669971289
News Articles,concerned,2,2190,0.01218156669971289
News Articles,error,2,3871,0.00812104446647526
News Articles,researcher,2,9961,0.02436313339942578
News Articles,scientist,2,10339,0.02436313339942578
News Articles,technique,2,11529,0.00406052223323763
News Articles,already,2,430,0.02436313339942578
News Articles,company,2,2122,0.01218156669971289
News Articles,onboard,2,8201,0.00406052223323763
News Articles,somethe,2,10746,0.01624208893295052
News Articles,computer,2,2183,0.00406052223323763
News Articles,problem,2,9146,0.02436313339942578
News Articles,specific,2,10843,0.00406052223323763
News Articles,size,2,10672,0.00406052223323763
News Articles,produce,2,9182,0.02842365563266341
News Articles,underlying,2,12202,0.00406052223323763
News Articles,typical,2,12152,0.00406052223323763
News Articles,real,2,9575,0.00406052223323763
News Articles,andalso,2,530,0.00406052223323763
News Articles,metric,2,7221,0.00406052223323763
News Articles,interesting,2,5954,0.00812104446647526
News Articles,team,2,11524,0.020302611166188148
News Articles,launch,2,6434,0.01218156669971289
News Articles,cycle,2,2643,0.03248417786590104
News Articles,central,2,1792,0.01218156669971289
News Articles,essential,2,3903,0.01218156669971289
News Articles,observationsthe,2,8042,0.00812104446647526
News Articles,geostationary,2,4935,0.01624208893295052
News Articles,fact,2,4234,0.01218156669971289
News Articles,cost,2,2463,0.00406052223323763
News Articles,faster,2,4273,0.01624208893295052
News Articles,offer,2,8159,0.00406052223323763
News Articles,valuable,2,12467,0.00406052223323763
News Articles,face,2,4219,0.00406052223323763
News Articles,cant,2,1635,0.00406052223323763
News Articles,nasafunded,2,7597,0.00406052223323763
News Articles,thegovernment,2,11709,0.00406052223323763
News Articles,limit,2,6688,0.00406052223323763
News Articles,getting,2,4942,0.00406052223323763
News Articles,used,2,12341,0.00812104446647526
News Articles,fleet,2,4452,0.00406052223323763
News Articles,able,2,19,0.00406052223323763
News Articles,needbe,2,7670,0.00812104446647526
News Articles,needed,2,7677,0.00406052223323763
News Articles,energy,2,3755,0.04872626679885156
News Articles,predicting,2,9032,0.00812104446647526
News Articles,critically,2,2575,0.00406052223323763
News Articles,point,2,8883,0.01218156669971289
News Articles,measuring,2,7133,0.00406052223323763
News Articles,heavy,2,5253,0.00406052223323763
News Articles,compositionthe,2,2171,0.00406052223323763
News Articles,internal,2,5974,0.01218156669971289
News Articles,critical,2,2574,0.01624208893295052
News Articles,compact,2,2119,0.00812104446647526
News Articles,laboratory,2,6329,0.020302611166188148
News Articles,series,2,10445,0.00406052223323763
News Articles,light,2,6623,0.02436313339942578
News Articles,launched,2,6435,0.01624208893295052
News Articles,stage,2,10932,0.00812104446647526
News Articles,changing,2,1865,0.00406052223323763
News Articles,finding,2,4379,0.01218156669971289
News Articles,survey,2,11401,0.00406052223323763
News Articles,transfer,2,12031,0.00406052223323763
News Articles,imaging,2,5525,0.00406052223323763
News Articles,via,2,12528,0.00406052223323763
News Articles,public,2,9372,0.01218156669971289
News Articles,expert,2,4156,0.01624208893295052
News Articles,established,2,3911,0.00406052223323763
News Articles,goddard,2,4997,0.04466574456561393
News Articles,societal,2,10715,0.00406052223323763
News Articles,resiliency,2,9994,0.00406052223323763
News Articles,answer,2,734,0.00406052223323763
News Articles,requested,2,9907,0.00406052223323763
News Articles,million,2,7277,0.02842365563266341
News Articles,elsayed,2,3677,0.00406052223323763
News Articles,talaat,2,11505,0.00812104446647526
News Articles,directorthe,2,3100,0.01624208893295052
News Articles,look,2,6778,0.00812104446647526
News Articles,know,2,6290,0.052786789032089186
News Articles,mechanism,2,7135,0.00406052223323763
News Articles,figure,2,4367,0.00406052223323763
News Articles,safe,2,10208,0.01218156669971289
News Articles,mean,2,7087,0.01624208893295052
News Articles,moon,2,7487,0.00406052223323763
News Articles,less,2,6545,0.00812104446647526
News Articles,case,2,1707,0.00812104446647526
News Articles,stated,2,10969,0.00406052223323763
News Articles,people,2,8622,0.02436313339942578
News Articles,astronomy,2,1014,0.00406052223323763
News Articles,weathera,2,12753,0.00406052223323763
News Articles,dynamic,2,3443,0.020302611166188148
News Articles,observer,2,8099,0.00406052223323763
News Articles,together,2,11964,0.00406052223323763
News Articles,improving,2,5621,0.00406052223323763
News Articles,availability,2,1091,0.00406052223323763
News Articles,said,2,10216,0.09339201136446548
News Articles,incorporate,2,5674,0.00406052223323763
News Articles,upgraded,2,12308,0.00406052223323763
News Articles,whole,2,12924,0.00406052223323763
News Articles,surface,2,11383,0.03248417786590104
News Articles,evolve,2,4016,0.00406052223323763
News Articles,verify,2,12523,0.00406052223323763
News Articles,improved,2,5614,0.00812104446647526
News Articles,design,2,2939,0.01218156669971289
News Articles,goesu,2,5005,0.02842365563266341
News Articles,successfully,2,11204,0.00406052223323763
News Articles,replace,2,9877,0.00406052223323763
News Articles,sphere,2,10876,0.00406052223323763
News Articles,climate,2,1949,0.00812104446647526
News Articles,minute,2,7300,0.01624208893295052
News Articles,exercise,2,4057,0.00406052223323763
News Articles,step,2,11014,0.00812104446647526
News Articles,examined,2,4024,0.00406052223323763
News Articles,organization,2,8356,0.01218156669971289
News Articles,engineer,2,3765,0.04872626679885156
News Articles,document,2,3233,0.00406052223323763
News Articles,united,2,12249,0.00812104446647526
News Articles,receive,2,9591,0.00406052223323763
News Articles,rather,2,9531,0.00406052223323763
News Articles,worksthe,2,13166,0.00406052223323763
News Articles,swpc,2,11431,0.01218156669971289
News Articles,get,2,4937,0.052786789032089186
News Articles,develop,2,2994,0.00812104446647526
News Articles,vital,2,12569,0.00406052223323763
News Articles,universitycolorado,2,12256,0.00406052223323763
News Articles,michael,2,7230,0.00406052223323763
News Articles,directornoaas,2,3099,0.00812104446647526
News Articles,reliable,2,9829,0.00406052223323763
News Articles,electrical,2,3641,0.020302611166188148
News Articles,failure,2,4243,0.03654470009913867
News Articles,magnitude,2,6909,0.00812104446647526
News Articles,estimate,2,3922,0.00406052223323763
News Articles,willmade,2,12968,0.00406052223323763
News Articles,polar,2,8900,0.01218156669971289
News Articles,route,2,10191,0.00406052223323763
News Articles,carrier,2,1694,0.00406052223323763
News Articles,allow,2,412,0.00406052223323763
News Articles,maintain,2,6917,0.00406052223323763
News Articles,america,2,477,0.00406052223323763
News Articles,air,2,373,0.01624208893295052
News Articles,common,2,2100,0.01624208893295052
News Articles,reason,2,9584,0.00406052223323763
News Articles,union,2,12246,0.00406052223323763
News Articles,situation,2,10661,0.00406052223323763
News Articles,known,2,6302,0.00406052223323763
News Articles,decade,2,2760,0.00406052223323763
News Articles,taking,2,11502,0.00812104446647526
News Articles,sciencesthe,2,10333,0.00406052223323763
News Articles,eventhe,2,3970,0.00406052223323763
News Articles,similar,2,10618,0.00812104446647526
News Articles,datais,2,2704,0.00406052223323763
News Articles,physicist,2,8797,0.00406052223323763
News Articles,needimprove,2,7720,0.00406052223323763
News Articles,bridge,2,1436,0.00406052223323763
News Articles,threat,2,11848,0.00406052223323763
News Articles,ratethe,2,9529,0.00406052223323763
News Articles,themselvestheir,2,11742,0.00406052223323763
News Articles,path,2,8587,0.00406052223323763
News Articles,andforth,2,591,0.00406052223323763
News Articles,hear,2,5243,0.00406052223323763
News Articles,called,2,1551,0.03248417786590104
News Articles,conference,2,2242,0.00812104446647526
News Articles,study,2,11161,0.02842365563266341
News Articles,news,2,7812,0.01218156669971289
News Articles,talking,2,11510,0.020302611166188148
News Articles,andto,2,705,0.00406052223323763
News Articles,effectsspace,2,3567,0.00812104446647526
News Articles,corona,2,2435,0.00406052223323763
News Articles,monitoringthe,2,7479,0.00406052223323763
News Articles,vantage,2,12482,0.00406052223323763
News Articles,varying,2,12506,0.00406052223323763
News Articles,johnson,2,6184,0.00406052223323763
News Articles,talk,2,11508,0.01218156669971289
News Articles,findingsa,2,4380,0.00406052223323763
News Articles,span,2,10821,0.00406052223323763
News Articles,consequence,2,2270,0.00812104446647526
News Articles,factor,2,4235,0.00812104446647526
News Articles,astronaut,2,1005,0.020302611166188148
News Articles,host,2,5377,0.00812104446647526
News Articles,creating,2,2565,0.00406052223323763
News Articles,cooperation,2,2410,0.00406052223323763
News Articles,started,2,10955,0.00406052223323763
News Articles,knowing,2,6292,0.00406052223323763
News Articles,accuracy,2,120,0.00406052223323763
News Articles,formation,2,4667,0.00406052223323763
News Articles,done,2,3253,0.00406052223323763
News Articles,plane,2,8837,0.00406052223323763
News Articles,andearths,2,572,0.00406052223323763
News Articles,inside,2,5858,0.00812104446647526
News Articles,protective,2,9324,0.01624208893295052
News Articles,anythese,2,754,0.00406052223323763
News Articles,wave,2,12699,0.01624208893295052
News Articles,occasionally,2,8106,0.00406052223323763
News Articles,ultraviolet,2,12159,0.00406052223323763
News Articles,fieldin,2,4338,0.00406052223323763
News Articles,generated,2,4903,0.00406052223323763
News Articles,never,2,7806,0.01218156669971289
News Articles,measured,2,7097,0.00406052223323763
News Articles,predicted,2,9027,0.01218156669971289
News Articles,pole,2,8914,0.020302611166188148
News Articles,earthsolar,2,3490,0.00406052223323763
News Articles,planet,2,8840,0.00406052223323763
News Articles,informationthe,2,5797,0.00406052223323763
News Articles,expensive,2,4138,0.00406052223323763
News Articles,fieldthe,2,4365,0.00812104446647526
News Articles,middle,2,7244,0.00406052223323763
News Articles,radius,2,9486,0.00406052223323763
News Articles,track,2,12012,0.01218156669971289
News Articles,driving,2,3326,0.00406052223323763
News Articles,xrays,2,13225,0.00812104446647526
News Articles,great,2,5064,0.00406052223323763
News Articles,enough,2,3794,0.01218156669971289
News Articles,capture,2,1679,0.00812104446647526
News Articles,believed,2,1289,0.00406052223323763
News Articles,conditionsthe,2,2226,0.00406052223323763
News Articles,wider,2,12933,0.00406052223323763
News Articles,rotation,2,10184,0.01624208893295052
News Articles,widely,2,12932,0.00406052223323763
News Articles,density,2,2881,0.01624208893295052
News Articles,relation,2,9799,0.00406052223323763
News Articles,paper,2,8499,0.00812104446647526
News Articles,pattern,2,8593,0.00812104446647526
News Articles,without,2,13095,0.01218156669971289
News Articles,performance,2,8633,0.00406052223323763
News Articles,actually,2,213,0.01218156669971289
News Articles,hit,2,5352,0.03654470009913867
News Articles,ultimately,2,12158,0.00812104446647526
News Articles,causedthe,2,1742,0.00812104446647526
News Articles,motion,2,7510,0.00406052223323763
News Articles,always,2,468,0.00812104446647526
News Articles,going,2,5008,0.01218156669971289
News Articles,hitting,2,5356,0.00812104446647526
News Articles,dealing,2,2752,0.00406052223323763
News Articles,part,2,8518,0.00812104446647526
News Articles,control,2,2399,0.00406052223323763
News Articles,generation,2,4909,0.00406052223323763
News Articles,seenthe,2,10411,0.00406052223323763
News Articles,occurthe,2,8138,0.00406052223323763
News Articles,localized,2,6743,0.00406052223323763
News Articles,allthese,2,420,0.00406052223323763
News Articles,stretched,2,11114,0.00406052223323763
News Articles,abilityaccurately,2,6,0.00406052223323763
News Articles,predict,2,9025,0.01624208893295052
News Articles,sophisticated,2,10756,0.00406052223323763
News Articles,previously,2,9109,0.00406052223323763
News Articles,least,2,6521,0.00406052223323763
News Articles,imagesthe,2,5522,0.00406052223323763
News Articles,operate,2,8262,0.00406052223323763
News Articles,maythe,2,7075,0.00406052223323763
News Articles,outer,2,8404,0.01218156669971289
News Articles,powerful,2,9001,0.01624208893295052
News Articles,month,2,7484,0.00812104446647526
News Articles,meaning,2,7088,0.00406052223323763
News Articles,accurately,2,129,0.00406052223323763
News Articles,satellitesthe,2,10261,0.00406052223323763
News Articles,drag,2,3295,0.01218156669971289
News Articles,daily,2,2658,0.00406052223323763
News Articles,altitude,2,461,0.00406052223323763
News Articles,australis,2,1079,0.00406052223323763
News Articles,fall,2,4258,0.00406052223323763
News Articles,realize,2,9579,0.00406052223323763
News Articles,interacting,2,5936,0.00406052223323763
News Articles,safety,2,10212,0.01218156669971289
News Articles,record,2,9618,0.00406052223323763
News Articles,changesthe,2,1862,0.01218156669971289
News Articles,transmission,2,12057,0.01624208893295052
News Articles,disturbancesthe,2,3204,0.00406052223323763
News Articles,globe,2,4977,0.00812104446647526
News Articles,whether,2,12886,0.01218156669971289
News Articles,leverage,2,6603,0.00406052223323763
News Articles,keeping,2,6228,0.00812104446647526
News Articles,orbiting,2,8341,0.00812104446647526
News Articles,lifetime,2,6616,0.00812104446647526
News Articles,calculation,2,1539,0.00406052223323763
News Articles,andthat,2,697,0.00406052223323763
News Articles,uncertain,2,12169,0.00406052223323763
News Articles,isnt,2,6085,0.01218156669971289
News Articles,trigger,2,12079,0.00812104446647526
News Articles,complicated,2,2151,0.00406052223323763
News Articles,daytoday,2,2746,0.00812104446647526
News Articles,temperature,2,11555,0.00812104446647526
News Articles,spacex,2,10815,0.02436313339942578
News Articles,modelsthese,2,7430,0.00406052223323763
News Articles,physicsthe,2,8809,0.00812104446647526
News Articles,enables,2,3721,0.00406052223323763
News Articles,put,2,9398,0.01218156669971289
News Articles,england,2,3772,0.00812104446647526
News Articles,occurs,2,8134,0.00406052223323763
News Articles,phase,2,8761,0.00406052223323763
News Articles,sufficient,2,11266,0.00812104446647526
News Articles,projection,2,9276,0.00406052223323763
News Articles,kilometer,2,6254,0.00406052223323763
News Articles,respond,2,10011,0.00406052223323763
News Articles,extended,2,4195,0.00812104446647526
News Articles,broad,2,1450,0.00406052223323763
News Articles,marshall,2,6999,0.01624208893295052
News Articles,coronathe,2,2448,0.00406052223323763
News Articles,percent,2,8628,0.00812104446647526
News Articles,saidthe,2,10232,0.01218156669971289
News Articles,warm,2,12612,0.00406052223323763
News Articles,carrington,2,1696,0.01218156669971289
News Articles,onethese,2,8221,0.01218156669971289
News Articles,caused,2,1733,0.020302611166188148
News Articles,damage,2,2660,0.02436313339942578
News Articles,severe,2,10492,0.01624208893295052
News Articles,significantly,2,10614,0.01218156669971289
News Articles,anomaly,2,731,0.00406052223323763
News Articles,intense,2,5923,0.01218156669971289
News Articles,todaywould,2,11957,0.00406052223323763
News Articles,earlier,2,3456,0.01624208893295052
News Articles,complete,2,2138,0.00406052223323763
News Articles,prepare,2,9069,0.01624208893295052
News Articles,antti,2,749,0.00812104446647526
News Articles,wasgeomagnetic,2,12638,0.00406052223323763
News Articles,transformer,2,12035,0.00406052223323763
News Articles,causeda,2,1734,0.00812104446647526
News Articles,gas,2,4885,0.01624208893295052
News Articles,surrounding,2,11399,0.00812104446647526
News Articles,geological,2,4926,0.00406052223323763
News Articles,higher,2,5314,0.01218156669971289
News Articles,coordinate,2,2414,0.00406052223323763
News Articles,good,2,5031,0.01218156669971289
News Articles,world,2,13169,0.01218156669971289
News Articles,airplane,2,381,0.00812104446647526
News Articles,hold,2,5361,0.00406052223323763
News Articles,turn,2,12109,0.00406052223323763
News Articles,widespread,2,12934,0.00812104446647526
News Articles,compute,2,2182,0.00406052223323763
News Articles,facing,2,4232,0.00406052223323763
News Articles,richard,2,10096,0.00812104446647526
News Articles,compared,2,2125,0.00406052223323763
News Articles,weatherspace,2,12786,0.00406052223323763
News Articles,constantly,2,2297,0.00406052223323763
News Articles,adequate,2,253,0.00406052223323763
News Articles,andcould,2,563,0.00406052223323763
News Articles,spaceweather,2,10813,0.03248417786590104
News Articles,classification,2,1940,0.00406052223323763
News Articles,minimum,2,7290,0.00406052223323763
News Articles,componentsthe,2,2164,0.00406052223323763
News Articles,chain,2,1804,0.00406052223323763
News Articles,thatcan,2,11615,0.00406052223323763
News Articles,starlink,2,10951,0.02842365563266341
News Articles,internet,2,5976,0.01624208893295052
News Articles,web,2,12796,0.00406052223323763
News Articles,ledthe,2,6528,0.00406052223323763
News Articles,big,2,1343,0.01624208893295052
News Articles,welcome,2,12811,0.020302611166188148
News Articles,let,2,6547,0.01218156669971289
News Articles,sure,2,11379,0.01624208893295052
News Articles,effectively,2,3535,0.00406052223323763
News Articles,ask,2,949,0.00406052223323763
News Articles,probably,2,9144,0.02436313339942578
News Articles,prevent,2,9105,0.00406052223323763
News Articles,preparation,2,9066,0.00406052223323763
News Articles,ireland,2,6069,0.00406052223323763
News Articles,forspace,2,4702,0.00406052223323763
News Articles,aware,2,1118,0.00406052223323763
News Articles,challenging,2,1831,0.00812104446647526
News Articles,centerthe,2,1791,0.00812104446647526
News Articles,others,2,8385,0.01218156669971289
News Articles,might,2,7255,0.01624208893295052
News Articles,talked,2,11509,0.00406052223323763
News Articles,speedthe,2,10870,0.00406052223323763
News Articles,dataimprove,2,2701,0.00406052223323763
News Articles,howeverthe,2,5410,0.00406052223323763
News Articles,densitythe,2,2884,0.00812104446647526
News Articles,incident,2,5639,0.00812104446647526
News Articles,office,2,8173,0.00406052223323763
News Articles,general,2,4900,0.00406052223323763
News Articles,impactsa,2,5545,0.00812104446647526
News Articles,generating,2,4908,0.00406052223323763
News Articles,something,2,10748,0.020302611166188148
News Articles,perturbed,2,8749,0.00406052223323763
News Articles,presenter,2,9088,0.00406052223323763
News Articles,rob,2,10141,0.00406052223323763
News Articles,pilot,2,8821,0.00406052223323763
News Articles,andcalled,2,549,0.00406052223323763
News Articles,heard,2,5244,0.00812104446647526
News Articles,similarly,2,10621,0.00406052223323763
News Articles,exactly,2,4020,0.01218156669971289
News Articles,firstthe,2,4395,0.00406052223323763
News Articles,baker,2,1147,0.00812104446647526
News Articles,eartha,2,3473,0.00406052223323763
News Articles,divisionnasa,2,3219,0.00812104446647526
News Articles,layer,2,6457,0.01218156669971289
News Articles,confined,2,2254,0.00406052223323763
News Articles,allwhich,2,421,0.00406052223323763
News Articles,overyear,2,8469,0.00406052223323763
News Articles,redundancy,2,9641,0.00406052223323763
News Articles,per,2,8627,0.01624208893295052
News Articles,autonomous,2,1087,0.00406052223323763
News Articles,sir,2,10654,0.00406052223323763
News Articles,finished,2,4382,0.00406052223323763
News Articles,parta,2,8519,0.00406052223323763
News Articles,viewing,2,12541,0.00406052223323763
News Articles,building,2,1470,0.00406052223323763
News Articles,careful,2,1685,0.00406052223323763
News Articles,derived,2,2918,0.00406052223323763
News Articles,forparticular,2,4691,0.00406052223323763
News Articles,flying,2,4517,0.01218156669971289
News Articles,ensuring,2,3805,0.00406052223323763
News Articles,havebe,2,5193,0.00406052223323763
News Articles,cana,2,1562,0.00406052223323763
News Articles,understandingspace,2,12220,0.00812104446647526
News Articles,changer,2,1858,0.00406052223323763
News Articles,nowthe,2,7943,0.00812104446647526
News Articles,core,2,2430,0.00406052223323763
News Articles,existthe,2,4068,0.00406052223323763
News Articles,collect,2,2034,0.00812104446647526
News Articles,modelspredict,2,7422,0.00406052223323763
News Articles,couple,2,2511,0.00406052223323763
News Articles,appearedthe,2,770,0.00406052223323763
News Articles,reliabilityspaceborne,2,9828,0.00406052223323763
News Articles,endanger,2,3735,0.00812104446647526
News Articles,knownthe,2,6310,0.01218156669971289
News Articles,explosionsthe,2,4180,0.00406052223323763
News Articles,cloudsplasma,2,1967,0.00406052223323763
News Articles,occurring,2,8127,0.00406052223323763
News Articles,apart,2,759,0.00406052223323763
News Articles,usually,2,12417,0.00406052223323763
News Articles,highenergy,2,5313,0.00406052223323763
News Articles,received,2,9592,0.00406052223323763
News Articles,spectacular,2,10851,0.00406052223323763
News Articles,therethe,2,11778,0.00406052223323763
News Articles,effectsthe,2,3570,0.00406052223323763
News Articles,directedthe,2,3087,0.00406052223323763
News Articles,particlesthe,2,8541,0.00406052223323763
News Articles,device,2,3035,0.01624208893295052
News Articles,equipment,2,3852,0.00406052223323763
News Articles,cable,2,1532,0.01218156669971289
News Articles,devastating,2,2992,0.00406052223323763
News Articles,age,2,324,0.00406052223323763
News Articles,hereto,2,5295,0.00406052223323763
News Articles,vary,2,12505,0.00812104446647526
News Articles,heat,2,5245,0.00406052223323763
News Articles,expands,2,4075,0.00406052223323763
News Articles,distortion,2,3188,0.00406052223323763
News Articles,wellthe,2,12827,0.00406052223323763
News Articles,marine,2,6987,0.00406052223323763
News Articles,immediate,2,5533,0.00406052223323763
News Articles,material,2,7019,0.00406052223323763
News Articles,vulnerable,2,12585,0.00406052223323763
News Articles,electronics,2,3655,0.02842365563266341
News Articles,add,2,221,0.00812104446647526
News Articles,andfew,2,583,0.00406052223323763
News Articles,exact,2,4019,0.00406052223323763
News Articles,suspect,2,11408,0.00406052223323763
News Articles,exposure,2,4186,0.00406052223323763
News Articles,launchthe,2,6451,0.00406052223323763
News Articles,observe,2,8055,0.00406052223323763
News Articles,fastest,2,4274,0.00406052223323763
News Articles,found,2,4720,0.01218156669971289
News Articles,instance,2,5872,0.00406052223323763
News Articles,againa,2,316,0.00406052223323763
News Articles,author,2,1080,0.00812104446647526
News Articles,raise,2,9492,0.00406052223323763
News Articles,comparedthe,2,2127,0.00406052223323763
News Articles,implemented,2,5569,0.00406052223323763
News Articles,televisionthe,2,11550,0.005339098771264996
News Articles,fritz,2,4751,0.005339098771264996
News Articles,explanation,2,4164,0.005339098771264996
News Articles,mit,2,7337,0.010678197542529992
News Articles,investigating,2,6019,0.005339098771264996
News Articles,suchsolar,2,11251,0.005339098771264996
News Articles,formselectromagnetic,2,4684,0.005339098771264996
News Articles,radiationgeostationary,2,9477,0.005339098771264996
News Articles,accesscable,2,83,0.005339098771264996
News Articles,television,2,11549,0.005339098771264996
News Articles,orbitthe,2,8347,0.010678197542529992
News Articles,essentially,2,3905,0.010678197542529992
News Articles,designedlastto,2,2946,0.005339098771264996
News Articles,maybombardedcharged,2,7051,0.005339098771264996
News Articles,layersprotective,2,6460,0.005339098771264996
News Articles,shielding,2,10528,0.010678197542529992
News Articles,penetrate,2,8614,0.016017296313794987
News Articles,degradesatellites,2,2841,0.005339098771264996
News Articles,performancewe,2,8643,0.005339098771264996
News Articles,andcan,2,550,0.005339098771264996
News Articles,designimprove,2,2949,0.005339098771264996
News Articles,satellitesbe,2,10252,0.010678197542529992
News Articles,tolerant,2,11967,0.005339098771264996
News Articles,thenwouldvery,2,11747,0.005339098771264996
News Articles,beneficial,2,1310,0.005339098771264996
News Articles,justcost,2,6207,0.005339098771264996
News Articles,alsoefficiency,2,436,0.005339098771264996
News Articles,say,2,10275,0.07474738279770994
News Articles,whitney,2,12923,0.005339098771264996
News Articles,lohmeyergraduate,2,6759,0.005339098771264996
News Articles,studentmits,2,11153,0.005339098771264996
News Articles,departmentaeronautics,2,2889,0.005339098771264996
News Articles,astronautics,2,1006,0.005339098771264996
News Articles,lohmeyerworking,2,6760,0.005339098771264996
News Articles,kerri,2,6239,0.005339098771264996
News Articles,cahoyassistant,2,1536,0.005339098771264996
News Articles,professoraeronautics,2,9235,0.005339098771264996
News Articles,astronauticsunderstand,2,1007,0.005339098771264996
News Articles,conditionsspace,2,2225,0.010678197542529992
News Articles,contributefailuresa,2,2395,0.005339098771264996
News Articles,publishedthe,2,9380,0.005339098771264996
News Articles,journal,2,6193,0.005339098771264996
News Articles,timefailureseight,2,11904,0.005339098771264996
News Articles,yearsoperation,2,13236,0.005339098771264996
News Articles,occurredtimeshighenergy,2,8121,0.005339098771264996
News Articles,declining,2,2788,0.010678197542529992
News Articles,phasesthe,2,8773,0.005339098771264996
News Articles,theorize,2,11751,0.005339098771264996
News Articles,accumulatedthe,2,118,0.005339098771264996
News Articles,damaged,2,2663,0.021356395085059984
News Articles,amplifier,2,494,0.048051888941384964
News Articles,relayingsignal,2,9803,0.005339098771264996
News Articles,backearth,2,1128,0.005339098771264996
News Articles,lohmeyer,2,6758,0.04271279017011997
News Articles,saysbetter,2,10279,0.005339098771264996
News Articles,effectssatellitesneeded,2,3564,0.005339098771264996
News Articles,generationcommunications,2,4910,0.005339098771264996
News Articles,startingdemand,2,10959,0.005339098771264996
News Articles,wantstart,2,12607,0.005339098771264996
News Articles,videostreaming,2,12536,0.005339098771264996
News Articles,wantcommunicate,2,12597,0.005339098771264996
News Articles,ratesdesignchanging,2,9528,0.005339098771264996
News Articles,susceptibilitiesspace,2,11406,0.005339098771264996
News Articles,didnt,2,3046,0.010678197542529992
News Articles,usedexist,2,12351,0.005339098771264996
News Articles,becomingproblemspaceweather,2,1225,0.005339098771264996
News Articles,disconnecttoday,2,3117,0.005339098771264996
News Articles,weathermind,2,12769,0.005339098771264996
News Articles,radiationsatellite,2,9479,0.005339098771264996
News Articles,mayexposedover,2,7055,0.005339098771264996
News Articles,cahoy,2,1535,0.021356395085059984
News Articles,thatsatellites,2,11660,0.005339098771264996
News Articles,dependingits,2,2900,0.005339098771264996
News Articles,dangerous,2,2671,0.010678197542529992
News Articles,choose,2,1898,0.005339098771264996
News Articles,survive,2,11403,0.005339098771264996
News Articles,operatesuch,2,8265,0.005339098771264996
News Articles,lot,2,6801,0.005339098771264996
News Articles,charged,2,1879,0.053390987712649954
News Articles,wreak,2,13213,0.005339098771264996
News Articles,havocyour,2,5223,0.005339098771264996
News Articles,hard,2,5168,0.016017296313794987
News Articles,satellitesthat,2,10260,0.010678197542529992
News Articles,wrong,2,13215,0.021356395085059984
News Articles,dont,2,3261,0.032034592627589974
News Articles,getbackdo,2,4938,0.005339098771264996
News Articles,happenedto,2,5161,0.005339098771264996
News Articles,layercomplication,2,6458,0.005339098771264996
News Articles,outdisconnect,2,8403,0.005339098771264996
News Articles,forecastersthe,2,4609,0.010678197542529992
News Articles,companieshelp,2,2121,0.005339098771264996
News Articles,activityincredibly,2,192,0.005339098771264996
News Articles,putting,2,9406,0.005339098771264996
News Articles,outwarning,2,8435,0.005339098771264996
News Articles,really,2,9581,0.053390987712649954
News Articles,implieslohmeyers,2,5573,0.005339098771264996
News Articles,saysto,2,10282,0.005339098771264996
News Articles,engineersreading,2,3770,0.005339098771264996
News Articles,forecastto,2,4640,0.005339098771264996
News Articles,establishbetter,2,3910,0.005339098771264996
News Articles,effectssatellite,2,3563,0.005339098771264996
News Articles,partnered,2,8556,0.010678197542529992
News Articles,inmarsattelecommunications,2,5845,0.005339098771264996
News Articles,basedlondon,2,1174,0.005339098771264996
News Articles,hourstelemetry,2,5390,0.005339098771264996
News Articles,eightthe,2,3606,0.005339098771264996
News Articles,electriccurrent,2,3644,0.005339098771264996
News Articles,solidstate,2,10736,0.005339098771264996
News Articles,coinciding,2,2021,0.005339098771264996
News Articles,majoritywhich,2,6932,0.005339098771264996
News Articles,unrecoverable,2,12280,0.005339098771264996
News Articles,temporary,2,11559,0.005339098771264996
News Articles,shutdownthe,2,10589,0.005339098771264996
News Articles,date,2,2722,0.005339098771264996
News Articles,timeseach,2,11918,0.005339098771264996
News Articles,leadingto,2,6483,0.005339098771264996
News Articles,solarflare,2,10725,0.005339098771264996
News Articles,stormsspecifically,2,11073,0.005339098771264996
News Articles,theindexmeasurementgeomagnetic,2,11715,0.005339098771264996
News Articles,thatrepresented,2,11658,0.005339098771264996
News Articles,alongscale,2,429,0.005339098771264996
News Articles,zeronine,2,13258,0.005339098771264996
News Articles,theindex,2,11714,0.010678197542529992
News Articles,modelsanticipate,2,7402,0.005339098771264996
News Articles,timeslow,2,11923,0.005339098771264996
News Articles,withkp,2,13080,0.005339098771264996
News Articles,indexthreelessmeasurement,2,5719,0.005339098771264996
News Articles,normally,2,7872,0.016017296313794987
News Articles,exposureinstead,2,4190,0.005339098771264996
News Articles,discovered,2,3119,0.005339098771264996
News Articles,broke,2,1455,0.005339098771264996
News Articles,timeshighenergy,2,11921,0.005339098771264996
News Articles,activityphenomenon,2,201,0.005339098771264996
News Articles,cyclewhich,2,2650,0.005339098771264996
News Articles,fluctuates,2,4473,0.005339098771264996
News Articles,fluxhighenergy,2,4506,0.005339098771264996
News Articles,electronshighest,2,3661,0.005339098771264996
News Articles,phasethe,2,8775,0.005339098771264996
News Articles,cycleperiod,2,2648,0.005339098771264996
News Articles,accumulate,2,117,0.010678197542529992
News Articles,insidesatellite,2,5860,0.005339098771264996
News Articles,backup,2,1140,0.016017296313794987
News Articles,overextended,2,8445,0.005339098771264996
News Articles,fail,2,4242,0.016017296313794987
News Articles,intoyear,2,6006,0.005339098771264996
News Articles,outredundant,2,8423,0.005339098771264996
News Articles,saysa,2,10278,0.005339098771264996
News Articles,invested,2,6016,0.005339098771264996
News Articles,milliona,2,7278,0.005339098771264996
News Articles,ableassure,2,20,0.005339098771264996
News Articles,thatworks,2,11680,0.005339098771264996
News Articles,periodtimereally,2,8706,0.005339098771264996
News Articles,methodquantifying,2,7213,0.005339098771264996
News Articles,environmentwe,2,3835,0.005339098771264996
News Articles,designdaniel,2,2941,0.005339098771264996
News Articles,bakerprofessorastrophysical,2,1148,0.005339098771264996
News Articles,involvedthe,2,6039,0.005339098771264996
News Articles,thatdesigning,2,11619,0.005339098771264996
News Articles,trystrikereasonable,2,12096,0.005339098771264996
News Articles,balance,2,1150,0.005339098771264996
News Articles,overdesign,2,8443,0.005339098771264996
News Articles,canimmensely,2,1594,0.005339098771264996
News Articles,counterproductivethe,2,2509,0.005339098771264996
News Articles,realityaddsthat,2,9577,0.005339098771264996
News Articles,alwayssome,2,470,0.005339098771264996
News Articles,spacea,2,10789,0.005339098771264996
News Articles,harsh,2,5174,0.005339098771264996
News Articles,placethat,2,8833,0.005339098771264996
News Articles,bettermentus,2,1327,0.005339098771264996
News Articles,dependspace,2,2906,0.005339098771264996
News Articles,saysthis,2,10281,0.005339098771264996
News Articles,supportedinmarsat,2,11371,0.005339098771264996
News Articles,graphic,2,5058,0.005339098771264996
News Articles,demonstrating,2,2874,0.005339098771264996
News Articles,effectsintense,2,3547,0.005339098771264996
News Articles,credit,2,2570,0.021356395085059984
News Articles,centermary,2,1784,0.016017296313794987
News Articles,pat,2,8586,0.016017296313794987
News Articles,hrybykkeith,2,5427,0.016017296313794987
News Articles,appyour,2,837,0.005339098771264996
News Articles,phoneglancethe,2,8788,0.005339098771264996
News Articles,finddetailed,2,4378,0.005339098771264996
News Articles,weatheryour,2,12794,0.005339098771264996
News Articles,reportlikelyaffect,2,9890,0.005339098771264996
News Articles,dayyou,2,2748,0.005339098771264996
News Articles,putsandalssnow,2,9404,0.005339098771264996
News Articles,bootsyou,2,1391,0.005339098771264996
News Articles,indoorsjog,2,5740,0.005339098771264996
News Articles,blockyou,2,1377,0.005339098771264996
News Articles,walkworktake,2,12587,0.005339098771264996
News Articles,bus,2,1502,0.005339098771264996
News Articles,spacefulldynamic,2,10809,0.005339098771264996
News Articles,lifeearth,2,6612,0.010678197542529992
News Articles,refersconditionsthe,2,9648,0.005339098771264996
News Articles,producedthe,2,9209,0.005339098771264996
News Articles,justweatheralways,2,6216,0.005339098771264996
News Articles,occurringearth,2,8129,0.005339098771264996
News Articles,weatherongoing,2,12774,0.005339098771264996
News Articles,canimpactedvariabilitythe,2,1596,0.005339098771264996
News Articles,empty,2,3715,0.005339098771264996
News Articles,likeoften,2,6672,0.005339098771264996
News Articles,think,2,11814,0.005339098771264996
News Articles,alexa,2,397,0.005339098771264996
News Articles,halford,2,5143,0.032034592627589974
News Articles,researchernasas,2,9962,0.005339098771264996
News Articles,centergreenbelt,2,1779,0.010678197542529992
News Articles,maryland,2,7006,0.010678197542529992
News Articles,studyspace,2,11164,0.005339098771264996
News Articles,weatherreally,2,12780,0.005339098771264996
News Articles,tryingunderstand,2,12095,0.005339098771264996
News Articles,liketryunderstand,2,6675,0.005339098771264996
News Articles,weatherits,2,12767,0.005339098771264996
News Articles,astronautsthe,2,1008,0.010678197542529992
News Articles,activitythe,2,205,0.010678197542529992
News Articles,temporarily,2,11558,0.010678197542529992
News Articles,proper,2,9300,0.005339098771264996
News Articles,disruptive,2,3181,0.005339098771264996
News Articles,canlargely,2,1602,0.005339098771264996
News Articles,avoided,2,1113,0.005339098771264996
News Articles,thats,2,11659,0.09610377788276993
News Articles,kindweather,2,6263,0.005339098771264996
News Articles,occurspace,2,8135,0.005339098771264996
News Articles,likelystrike,2,6668,0.005339098771264996
News Articles,quite,2,9463,0.010678197542529992
News Articles,rainsnow,2,9490,0.005339098771264996
News Articles,weatherour,2,12775,0.005339098771264996
News Articles,systemcomposedradiation,2,11453,0.005339098771264996
News Articles,sunmadeof,2,11341,0.005339098771264996
News Articles,superhot,2,11360,0.005339098771264996
News Articles,electrically,2,3642,0.010678197542529992
News Articles,fourth,2,4726,0.010678197542529992
News Articles,statematter,2,10974,0.005339098771264996
News Articles,planetssolar,2,8844,0.005339098771264996
News Articles,pouring,2,8997,0.005339098771264996
News Articles,suncapable,2,11317,0.005339098771264996
News Articles,sometimeshosts,2,10750,0.005339098771264996
News Articles,dramatic,2,3301,0.010678197542529992
News Articles,tremendous,2,12073,0.005339098771264996
News Articles,surfacethe,2,11392,0.032034592627589974
News Articles,releasing,2,9813,0.005339098771264996
News Articles,travelsthe,2,12067,0.005339098771264996
News Articles,speedlight,2,10862,0.010678197542529992
News Articles,effectsearth,2,3545,0.005339098771264996
News Articles,apparenteight,2,761,0.005339098771264996
News Articles,eruptionslarge,2,3885,0.005339098771264996
News Articles,cloudssolar,2,1968,0.005339098771264996
News Articles,oneseveral,2,8218,0.005339098771264996
News Articles,operatesan,2,8264,0.005339098771264996
News Articles,elevenyear,2,3675,0.005339098771264996
News Articles,truly,2,12091,0.005339098771264996
News Articles,massive,2,7011,0.010678197542529992
News Articles,explosion,2,4177,0.026695493856324977
News Articles,pulkkinen,2,9382,0.032034592627589974
News Articles,goddardcomparison,2,4998,0.005339098771264996
News Articles,mayrelatively,2,7070,0.005339098771264996
News Articles,periodstimesolar,2,8701,0.005339098771264996
News Articles,sunexpectedhit,2,11326,0.005339098771264996
News Articles,sowhy,2,10786,0.005339098771264996
News Articles,doesnt,2,3240,0.021356395085059984
News Articles,torch,2,11995,0.005339098771264996
News Articles,hasstrong,2,5188,0.005339098771264996
News Articles,producedcharged,2,9187,0.005339098771264996
News Articles,molten,2,7468,0.005339098771264996
News Articles,iron,2,6074,0.005339098771264996
News Articles,churningits,2,1907,0.005339098771264996
News Articles,streaming,2,11099,0.016017296313794987
News Articles,likeumbrella,2,6676,0.005339098771264996
News Articles,worksa,2,13161,0.005339098771264996
News Articles,rainstorm,2,9491,0.005339098771264996
News Articles,safetyearths,2,10214,0.005339098771264996
News Articles,fieldcalled,2,4317,0.005339098771264996
News Articles,magnetosphereillustrationthe,2,6888,0.005339098771264996
News Articles,magnetospherequite,2,6895,0.005339098771264996
News Articles,strongthe,2,11131,0.005339098771264996
News Articles,sunextends,2,11327,0.005339098771264996
News Articles,hundredstimes,2,5446,0.005339098771264996
News Articles,lengthearths,2,6539,0.005339098771264996
News Articles,mileradius,2,7268,0.005339098771264996
News Articles,pressurethe,2,9101,0.005339098771264996
News Articles,whereextendstimes,2,12883,0.005339098771264996
News Articles,mile,2,7267,0.048051888941384964
News Articles,magnetospherethis,2,6898,0.005339098771264996
News Articles,nice,2,7817,0.005339098771264996
News Articles,shield,2,10526,0.010678197542529992
News Articles,saidblocks,2,10219,0.005339098771264996
News Articles,bad,2,1142,0.005339098771264996
News Articles,getspace,2,4941,0.005339098771264996
News Articles,allit,2,409,0.005339098771264996
News Articles,barrierearths,2,1163,0.005339098771264996
News Articles,thick,2,11806,0.005339098771264996
News Articles,block,2,1375,0.005339098771264996
News Articles,harmful,2,5172,0.005339098771264996
News Articles,weatherearthhalford,2,12761,0.005339098771264996
News Articles,explains,2,4163,0.005339098771264996
News Articles,protection,2,9323,0.005339098771264996
News Articles,offeredthe,2,8165,0.005339098771264996
News Articles,perfect,2,8631,0.010678197542529992
News Articles,thatexplosionthe,2,11623,0.005339098771264996
News Articles,typestorm,2,12146,0.005339098771264996
News Articles,generatedelectromagnetic,2,4904,0.005339098771264996
News Articles,mostlywavelengths,2,7505,0.005339098771264996
News Articles,invisiblehuman,2,6030,0.005339098771264996
News Articles,eyesmost,2,4216,0.005339098771264996
News Articles,likelyoccur,2,6664,0.010678197542529992
News Articles,followingsolar,2,4578,0.005339098771264996
News Articles,flaretakes,2,4440,0.005339098771264996
News Articles,eight,2,3603,0.016017296313794987
News Articles,minutesreach,2,7302,0.005339098771264996
News Articles,typeevent,2,12134,0.005339098771264996
News Articles,releasedflares,2,9809,0.005339098771264996
News Articles,disrupts,2,3182,0.005339098771264996
News Articles,riska,2,10119,0.005339098771264996
News Articles,blackoutthat,2,1367,0.005339098771264996
News Articles,emergency,2,3691,0.021356395085059984
News Articles,instancedirect,2,5873,0.005339098771264996
News Articles,amidearthquakehurricane,2,479,0.005339098771264996
News Articles,imagine,2,5524,0.005339098771264996
News Articles,thatsolar,2,11666,0.005339098771264996
News Articles,happenscoincide,2,5167,0.005339098771264996
News Articles,withnatural,2,13092,0.005339098771264996
News Articles,disaster,2,3104,0.005339098771264996
News Articles,happened,2,5159,0.053390987712649954
News Articles,hurricane,2,5449,0.021356395085059984
News Articles,irmaoperators,2,6073,0.005339098771264996
News Articles,notified,2,7915,0.016017296313794987
News Articles,avoidoutage,2,1114,0.005339098771264996
News Articles,stormsolar,2,11071,0.010678197542529992
News Articles,emitsseavery,2,3703,0.005339098771264996
News Articles,fastmoving,2,4276,0.005339098771264996
News Articles,particlestheir,2,8542,0.005339098771264996
News Articles,accelerated,2,72,0.005339098771264996
News Articles,lotsenergy,2,6803,0.005339098771264996
News Articles,permeate,2,8719,0.005339098771264996
News Articles,spacecraftearths,2,10798,0.005339098771264996
News Articles,orbitavoid,2,8324,0.005339098771264996
News Articles,systemssatellites,2,11475,0.005339098771264996
News Articles,maypowered,2,7068,0.005339098771264996
News Articles,mayinstructedbuild,2,7059,0.005339098771264996
News Articles,sheltermovebetter,2,10525,0.005339098771264996
News Articles,shielded,2,10527,0.005339098771264996
News Articles,likensto,2,6671,0.005339098771264996
News Articles,hidinga,2,5304,0.005339098771264996
News Articles,basement,2,1181,0.005339098771264996
News Articles,duringtornado,2,3440,0.005339098771264996
News Articles,onethree,2,8224,0.005339098771264996
News Articles,daysa,2,2735,0.005339098771264996
News Articles,giant,2,4945,0.005339098771264996
News Articles,compressing,2,2173,0.005339098771264996
News Articles,influxcharged,2,5772,0.005339098771264996
News Articles,rippling,2,10111,0.005339098771264996
News Articles,induce,2,5741,0.010678197542529992
News Articles,currentsmany,2,2626,0.005339098771264996
News Articles,systemsearths,2,11470,0.005339098771264996
News Articles,occurredand,2,8112,0.005339098771264996
News Articles,saidmany,2,10230,0.005339098771264996
News Articles,country,2,2510,0.005339098771264996
News Articles,safeguardsplacedecrease,2,10210,0.005339098771264996
News Articles,likelihoodthis,2,6642,0.005339098771264996
News Articles,happening,2,5163,0.032034592627589974
News Articles,howscientists,2,5420,0.005339098771264996
News Articles,weathervarietyagencies,2,12791,0.005339098771264996
News Articles,watchspace,2,12697,0.005339098771264996
News Articles,official,2,8180,0.021356395085059984
News Articles,laboratorythe,2,6332,0.005339098771264996
News Articles,maintainsfleetscientific,2,6923,0.005339098771264996
News Articles,observatoriesobserve,2,8046,0.005339098771264996
News Articles,shimmer,2,10532,0.005339098771264996
News Articles,nylesund,2,7999,0.005339098771264996
News Articles,svalbardgreen,2,11413,0.005339098771264996
News Articles,lidar,2,6608,0.005339098771264996
News Articles,beam,2,1196,0.005339098771264996
News Articles,shoot,2,10543,0.005339098771264996
News Articles,skythe,2,10680,0.010678197542529992
News Articles,foreground,2,4641,0.005339098771264996
News Articles,nasajoyscientists,2,7599,0.005339098771264996
News Articles,workbuild,2,13146,0.005339098771264996
News Articles,radhardradiation,2,9470,0.005339098771264996
News Articles,resistant,2,9996,0.005339098771264996
News Articles,needtake,2,7748,0.005339098771264996
News Articles,shelter,2,10524,0.005339098771264996
News Articles,implement,2,5566,0.005339098771264996
News Articles,safeguard,2,10209,0.010678197542529992
News Articles,maintainswebpage,2,6924,0.005339098771264996
News Articles,whatdospace,2,12857,0.005339098771264996
News Articles,causespower,2,1748,0.005339098771264996
News Articles,outageother,2,8396,0.005339098771264996
News Articles,there,2,11756,0.010678197542529992
News Articles,thing,2,11809,0.048051888941384964
News Articles,wishdothe,2,13024,0.005339098771264996
News Articles,eventa,2,3961,0.010678197542529992
News Articles,getsee,2,4940,0.005339098771264996
News Articles,beautiful,2,1198,0.005339098771264996
News Articles,displayslightthe,2,3170,0.005339098771264996
News Articles,lossparticles,2,6795,0.005339098771264996
News Articles,duringgeomagnetic,2,3432,0.005339098771264996
News Articles,excites,2,4051,0.005339098771264996
News Articles,particlesearths,2,8538,0.005339098771264996
News Articles,travelinga,2,12065,0.005339098771264996
News Articles,withgood,2,13064,0.005339098771264996
News Articles,requireflighthotel,2,9924,0.005339098771264996
News Articles,reservationhot,2,9988,0.005339098771264996
News Articles,chocolate,2,1897,0.005339098771264996
News Articles,andwarm,2,710,0.005339098771264996
News Articles,blanketalison,2,1369,0.005339098771264996
News Articles,goldnasas,2,5024,0.005339098771264996
News Articles,greenbelt,2,5069,0.005339098771264996
News Articles,md,2,7085,0.005339098771264996
News Articles,senthuge,2,10435,0.005339098771264996
News Articles,blastxrays,2,1373,0.005339098771264996
News Articles,screaming,2,10352,0.005339098771264996
News Articles,astronomer,2,1011,0.005339098771264996
News Articles,discus,2,3124,0.005339098771264996
News Articles,sponsor,2,10886,0.010678197542529992
News Articles,npr,2,7945,0.032034592627589974
News Articles,story,2,11082,0.005339098771264996
News Articles,fallen,2,4259,0.005339098771264996
News Articles,meteorite,2,7203,0.005339098771264996
News Articles,fresh,2,4749,0.005339098771264996
News Articles,lookmars,2,6780,0.005339098771264996
News Articles,kepler,2,6238,0.005339098771264996
News Articles,tiniest,2,11939,0.005339098771264996
News Articles,exoplanets,2,4070,0.005339098771264996
News Articles,craftheadspace,2,2552,0.005339098771264996
News Articles,stationira,2,10992,0.005339098771264996
News Articles,flatow,2,4451,0.021356395085059984
News Articles,youve,2,13253,0.005339098771264996
News Articles,wasexplosionthe,2,12633,0.005339098771264996
News Articles,becauseat,2,1202,0.005339098771264996
News Articles,wantknow,2,12604,0.010678197542529992
News Articles,everything,2,3999,0.010678197542529992
News Articles,callinga,2,1553,0.005339098771264996
News Articles,coupleexpertsexplain,2,2514,0.005339098771264996
News Articles,abcsa,2,1,0.005339098771264996
News Articles,workshow,2,13165,0.005339098771264996
News Articles,areat,2,879,0.005339098771264996
News Articles,havethe,2,5215,0.005339098771264996
News Articles,unsolved,2,12296,0.005339098771264996
News Articles,mystery,2,7584,0.005339098771264996
News Articles,howworks,2,5423,0.005339098771264996
News Articles,letintroduceguests,2,6548,0.005339098771264996
News Articles,hathawaya,2,5189,0.005339098771264996
News Articles,astronomernasas,2,1012,0.010678197542529992
News Articles,centerhuntsville,2,1781,0.016017296313794987
News Articles,alabama,2,383,0.010678197542529992
News Articles,backscience,2,1135,0.005339098771264996
News Articles,dr,2,3291,0.016017296313794987
News Articles,hathawaydavid,2,5190,0.005339098771264996
News Articles,thank,2,11600,0.032034592627589974
News Articles,iraflatow,2,6068,0.010678197542529992
News Articles,youre,2,13251,0.032034592627589974
News Articles,bieseckera,2,1339,0.005339098771264996
News Articles,physicistnoaas,2,8798,0.005339098771264996
News Articles,centerboulderjoinsfrom,2,1771,0.005339098771264996
News Articles,kgnuboulder,2,6252,0.005339098771264996
News Articles,welcomescience,2,12812,0.005339098771264996
News Articles,bieseckerdoug,2,1340,0.005339098771264996
News Articles,thanks,2,11602,0.010678197542529992
News Articles,havingon,2,5221,0.005339098771264996
News Articles,givea,2,4957,0.005339098771264996
News Articles,playbyplaywhat,2,8866,0.005339098771264996
News Articles,weekhathaway,2,12804,0.005339098771264996
News Articles,yeahstarts,2,13232,0.005339098771264996
News Articles,withflashsolar,2,13060,0.005339098771264996
News Articles,thatsee,2,11661,0.010678197542529992
News Articles,particularlyxrays,2,8551,0.005339098771264996
News Articles,brighter,2,1441,0.010678197542529992
News Articles,normalxrays,2,7876,0.005339098771264996
News Articles,thatcoursethe,2,11616,0.005339098771264996
News Articles,timetakes,2,11928,0.005339098771264996
News Articles,lightget,2,6626,0.005339098771264996
News Articles,suneight,2,11324,0.005339098771264996
News Articles,andhalf,2,600,0.005339098771264996
News Articles,minutessowithinhoursaw,2,7304,0.005339098771264996
News Articles,thisenergetic,2,11824,0.005339098771264996
News Articles,subatomic,2,11169,0.005339098771264996
News Articles,builtpretty,2,1484,0.005339098771264996
News Articles,stayed,2,11002,0.005339098771264996
News Articles,itsmagnetic,2,6135,0.005339098771264996
News Articles,explosionthe,2,4181,0.005339098771264996
News Articles,whatcalledcoronal,2,12855,0.005339098771264996
News Articles,ejectionthisliterallybillion,2,3629,0.005339098771264996
News Articles,tonsmatter,2,11973,0.010678197542529992
News Articles,movinga,2,7518,0.005339098771264996
News Articles,mileshour,2,7269,0.010678197542529992
News Articles,aimed,2,363,0.005339098771264996
News Articles,pretty,2,9102,0.005339098771264996
News Articles,rightus,2,10105,0.005339098771264996
News Articles,hita,2,5353,0.005339098771264996
News Articles,arraysflatow,2,919,0.005339098771264996
News Articles,andit,2,615,0.005339098771264996
News Articles,goingstillthere,2,5020,0.005339098771264996
News Articles,onhathaway,2,8227,0.005339098771264996
News Articles,calmed,2,1556,0.005339098771264996
News Articles,butarethis,2,1507,0.010678197542529992
News Articles,momentthe,2,7469,0.010678197542529992
News Articles,midstan,2,7252,0.010678197542529992
News Articles,bigger,2,1345,0.021356395085059984
News Articles,flarefarxrays,2,4417,0.005339098771264996
News Articles,edgethe,2,3517,0.010678197542529992
News Articles,sunwere,2,11357,0.005339098771264996
News Articles,goingget,2,5011,0.005339098771264996
News Articles,firework,2,4385,0.005339098771264996
News Articles,hereearth,2,5289,0.005339098771264996
News Articles,agoflatow,2,344,0.005339098771264996
News Articles,wowbiesecker,2,13209,0.005339098771264996
News Articles,iraadditionthatjust,2,6067,0.005339098771264996
News Articles,wantpoint,2,12606,0.005339098771264996
News Articles,thatalsoprogressflatowwe,2,11609,0.005339098771264996
News Articles,youthe,2,13252,0.005339098771264996
News Articles,timehathaway,2,11906,0.005339098771264996
News Articles,indeedflatow,2,5711,0.005339098771264996
News Articles,goinghavewhole,2,5013,0.005339098771264996
News Articles,bunchtimetalk,2,1491,0.005339098771264996
News Articles,itour,2,6128,0.005339098771264996
News Articles,goingtalk,2,5021,0.005339098771264996
News Articles,happeningwe,2,5164,0.005339098771264996
News Articles,speak,2,10833,0.016017296313794987
News Articles,tweetscifri,2,12116,0.005339098771264996
News Articles,scifri,2,10345,0.010678197542529992
News Articles,alsoto,2,447,0.005339098771264996
News Articles,facebook,2,4221,0.005339098771264996
News Articles,page,2,8480,0.005339098771264996
News Articles,websiteso,2,12798,0.005339098771264996
News Articles,wellback,2,12815,0.005339098771264996
News Articles,werethe,2,12844,0.005339098771264996
News Articles,middlea,2,7245,0.005339098771264996
News Articles,aboutsome,2,35,0.005339098771264996
News Articles,stay,2,11001,0.021356395085059984
News Articles,ussoundbitemusicflatow,2,12415,0.005339098771264996
News Articles,listeningscience,2,6726,0.005339098771264996
News Articles,im,2,5499,0.016017296313794987
News Articles,ira,2,6066,0.016017296313794987
News Articles,hathawaynasas,2,5191,0.010678197542529992
News Articles,bieseckernoaas,2,1341,0.010678197542529992
News Articles,themoriginallytalk,2,11740,0.005339098771264996
News Articles,flarebutfind,2,4413,0.005339098771264996
News Articles,nowwe,2,7944,0.005339098771264996
News Articles,thereseven,2,11776,0.005339098771264996
News Articles,pointedus,2,8888,0.005339098771264996
News Articles,goingbe,2,5009,0.005339098771264996
News Articles,earththat,2,3492,0.010678197542529992
News Articles,correct,2,2451,0.010678197542529992
News Articles,dougbiesecker,2,3271,0.010678197542529992
News Articles,rightthe,2,10104,0.010678197542529992
News Articles,regionsintense,2,9761,0.010678197542529992
News Articles,givethe,2,4965,0.005339098771264996
News Articles,gavethe,2,4893,0.005339098771264996
News Articles,earlierthe,2,3458,0.005339098771264996
News Articles,rotatedthe,2,10179,0.005339098771264996
News Articles,fiveday,2,4400,0.005339098771264996
News Articles,sensewhere,2,10425,0.005339098771264996
News Articles,sunandthe,2,11312,0.005339098771264996
News Articles,flareheaded,2,4420,0.005339098771264996
News Articles,evenspitethatsee,2,3958,0.005339098771264996
News Articles,acceleratedthe,2,75,0.005339098771264996
News Articles,wayearth,2,12709,0.005339098771264996
News Articles,seeing,2,10390,0.005339098771264996
News Articles,boththose,2,1407,0.005339098771264996
News Articles,effectsprogressflatow,2,3560,0.005339098771264996
News Articles,wouldhaveearth,2,13193,0.005339098771264996
News Articles,herehathaway,2,5291,0.005339098771264996
News Articles,effectan,2,3531,0.005339098771264996
News Articles,mightconcerned,2,7260,0.005339098771264996
News Articles,wouldnt,2,13199,0.005339098771264996
News Articles,butyoure,2,1526,0.005339098771264996
News Articles,somebody,2,10744,0.005339098771264996
News Articles,us,2,12330,0.005339098771264996
News Articles,radiocommunicate,2,9484,0.005339098771264996
News Articles,sayham,2,10276,0.005339098771264996
News Articles,operatoryourea,2,8299,0.005339098771264996
News Articles,shipseayoure,2,10535,0.005339098771264996
News Articles,evena,2,3952,0.005339098771264996
News Articles,pacific,2,8477,0.010678197542529992
News Articles,ocean,2,8139,0.021356395085059984
News Articles,youd,2,13247,0.010678197542529992
News Articles,find,2,4376,0.010678197542529992
News Articles,becausethis,2,1215,0.005339098771264996
News Articles,hasbounce,2,5177,0.005339098771264996
News Articles,offlayerthe,2,8182,0.005339098771264996
News Articles,ionospherevery,2,6063,0.005339098771264996
News Articles,bouncethe,2,1414,0.005339098771264996
News Articles,happenin,2,5162,0.005339098771264996
News Articles,absorbedthe,2,55,0.005339098771264996
News Articles,atmospherebieseckerhf,2,1025,0.005339098771264996
News Articles,usersthe,2,12397,0.010678197542529992
News Articles,feeling,2,4303,0.005339098771264996
News Articles,effectsthis,2,3573,0.005339098771264996
News Articles,flareflatow,2,4418,0.005339098771264996
News Articles,warned,2,12613,0.010678197542529992
News Articles,onebiesecker,2,8208,0.005339098771264996
News Articles,predictingsolar,2,9034,0.005339098771264996
News Articles,eastern,2,3506,0.010678197542529992
News Articles,whatdowe,2,12858,0.005339098771264996
News Articles,lookthese,2,6783,0.005339098771264996
News Articles,manythem,2,6972,0.005339098771264996
News Articles,bigitand,2,1347,0.005339098771264996
News Articles,probabilitymuch,2,9141,0.005339098771264996
News Articles,chancerain,2,1843,0.005339098771264996
News Articles,tomorrowcan,2,11971,0.005339098771264996
News Articles,chancesolar,2,1849,0.005339098771264996
News Articles,tomorrowflatowpeoplethat,2,11972,0.005339098771264996
News Articles,saying,2,10277,0.005339098771264996
News Articles,whatever,2,12859,0.005339098771264996
News Articles,mayhaving,2,7058,0.005339098771264996
News Articles,trouble,2,12088,0.005339098771264996
News Articles,uhoh,2,12157,0.005339098771264996
News Articles,flarebiesecker,2,4412,0.005339098771264996
News Articles,haveworkaroundlongthey,2,5218,0.005339098771264996
News Articles,sit,2,10655,0.005339098771264996
News Articles,equatorgeostationary,2,3846,0.005339098771264996
News Articles,switchthat,2,11427,0.005339098771264996
News Articles,satcom,2,10246,0.005339098771264996
News Articles,throughflatow,2,11865,0.005339098771264996
News Articles,whatitthe,2,12861,0.005339098771264996
News Articles,thinghappen,2,11810,0.005339098771264996
News Articles,whats,2,12864,0.010678197542529992
News Articles,goingin,2,5015,0.005339098771264996
News Articles,workingsthe,2,13159,0.005339098771264996
News Articles,sunhathaway,2,11332,0.005339098771264996
News Articles,magnetism,2,6870,0.010678197542529992
News Articles,pure,2,9388,0.005339098771264996
News Articles,involvedallthis,2,6034,0.005339098771264996
News Articles,flowthese,2,4471,0.005339098771264996
News Articles,ionized,2,6050,0.005339098771264996
News Articles,andsome,2,686,0.010678197542529992
News Articles,spotsgetsbe,2,10896,0.005339098771264996
News Articles,thousandstimes,2,11847,0.005339098771264996
News Articles,stronger,2,11122,0.021356395085059984
News Articles,thatfactchokes,2,11624,0.005339098771264996
News Articles,flowheat,2,4465,0.005339098771264996
News Articles,whichwhy,2,12910,0.010678197542529992
News Articles,appear,2,763,0.005339098771264996
News Articles,darkbut,2,2679,0.005339098771264996
News Articles,twisted,2,12119,0.005339098771264996
News Articles,outshape,2,8425,0.005339098771264996
News Articles,basically,2,1184,0.010678197542529992
News Articles,shortcircuitreconnecting,2,10545,0.005339098771264996
News Articles,explosively,2,4183,0.005339098771264996
News Articles,andthats,2,698,0.005339098771264996
News Articles,whereultimately,2,12885,0.005339098771264996
News Articles,frommagnetism,2,4779,0.005339098771264996
News Articles,manifestthe,2,6965,0.005339098771264996
News Articles,surfacesunspots,2,11391,0.005339098771264996
News Articles,surfacecoronal,2,11386,0.010678197542529992
News Articles,loop,2,6785,0.010678197542529992
News Articles,gasesthe,2,4886,0.010678197542529992
News Articles,hot,2,5384,0.021356395085059984
News Articles,surfaceandwe,2,11384,0.005339098771264996
News Articles,presencethe,2,9075,0.005339098771264996
News Articles,keyit,2,6245,0.005339098771264996
News Articles,allflatow,2,408,0.005339098771264996
News Articles,speakingmagnetism,2,10837,0.005339098771264996
News Articles,surround,2,11398,0.005339098771264996
News Articles,doesprotectfrom,2,3241,0.005339098771264996
News Articles,thingshathaway,2,11811,0.005339098771264996
News Articles,yeah,2,13229,0.03737369139885497
News Articles,likebar,2,6637,0.005339098771264996
News Articles,magnet,2,6866,0.005339098771264996
News Articles,whatcalldipole,2,12854,0.005339098771264996
News Articles,subjectedthe,2,11178,0.005339098771264996
News Articles,suna,2,11310,0.005339098771264996
News Articles,drape,2,3302,0.005339098771264996
News Articles,intocometlike,2,5991,0.005339098771264996
News Articles,structuretailsopushes,2,11147,0.005339098771264996
News Articles,andstretchesoutthe,2,690,0.005339098771264996
News Articles,night,2,7821,0.016017296313794987
News Articles,intolong,2,5994,0.005339098771264996
News Articles,tailbackthe,2,11494,0.005339098771264996
News Articles,protectfrom,2,9321,0.010678197542529992
News Articles,fieldsthese,2,4361,0.005339098771264996
News Articles,fielda,2,4314,0.005339098771264996
News Articles,partit,2,8553,0.005339098771264996
News Articles,oncehits,2,8204,0.005339098771264996
News Articles,earthits,2,3482,0.005339098771264996
News Articles,opposite,2,8311,0.005339098771264996
News Articles,wayits,2,12715,0.005339098771264996
News Articles,northsouth,2,7887,0.005339098771264996
News Articles,insteadsouthnorthcan,2,5880,0.005339098771264996
News Articles,reconnectionsthe,2,9611,0.005339098771264996
News Articles,leadenergetic,2,6469,0.005339098771264996
News Articles,auroraflatow,2,1069,0.005339098771264996
News Articles,wow,2,13208,0.010678197542529992
News Articles,terrific,2,11584,0.005339098771264996
News Articles,wantjumptherebiesecker,2,12602,0.005339098771264996
News Articles,wellwas,2,12830,0.005339098771264996
News Articles,goingsayadditionthe,2,5018,0.005339098771264996
News Articles,slam,2,10681,0.005339098771264996
News Articles,customersthats,2,2637,0.005339098771264996
News Articles,centermonitoring,2,1785,0.005339098771264996
News Articles,hoursdayprovide,2,5388,0.005339098771264996
News Articles,watch,2,12692,0.026695493856324977
News Articles,alertscustomers,2,390,0.005339098771264996
News Articles,gridso,2,5082,0.005339098771264996
News Articles,withlittleminuteswarning,2,13082,0.005339098771264996
News Articles,systemsmaking,2,11472,0.005339098771264996
News Articles,capacityhandle,2,1676,0.005339098771264996
News Articles,currentshave,2,2625,0.005339098771264996
News Articles,peopleplaceturn,2,8624,0.005339098771264996
News Articles,offtransformerit,2,8188,0.005339098771264996
News Articles,startsoverheadits,2,10963,0.005339098771264996
News Articles,needhave,2,7719,0.005339098771264996
News Articles,alertsmake,2,392,0.005339098771264996
News Articles,theyre,2,11804,0.016017296313794987
News Articles,toflatow,2,11963,0.005339098771264996
News Articles,onei,2,8214,0.005339098771264996
News Articles,correctly,2,2456,0.005339098771264996
News Articles,thanhour,2,11599,0.005339098771264996
News Articles,ago,2,342,0.021356395085059984
News Articles,andbiesecker,2,543,0.005339098771264996
News Articles,andflatow,2,588,0.005339098771264996
News Articles,andyou,2,717,0.005339098771264996
News Articles,werent,2,12841,0.005339098771264996
News Articles,ableget,2,22,0.005339098771264996
News Articles,predictionat,2,9038,0.005339098771264996
News Articles,youat,2,13246,0.005339098771264996
News Articles,predictingbiesecker,2,9033,0.005339098771264996
News Articles,wellthink,2,12829,0.005339098771264996
News Articles,canonical,2,1619,0.005339098771264996
News Articles,usewere,2,12407,0.005339098771264996
News Articles,aboutyears,2,40,0.005339098771264996
News Articles,withcoronal,2,13045,0.005339098771264996
News Articles,ejectioncan,2,3621,0.005339098771264996
News Articles,backthe,2,1138,0.005339098771264996
News Articles,thencan,2,11744,0.005339098771264996
News Articles,withfactnumerical,2,13056,0.005339098771264996
News Articles,thatintroducedthe,2,11635,0.005339098771264996
News Articles,supercomputer,2,11358,0.005339098771264996
News Articles,justcouplemonths,2,6208,0.005339098771264996
News Articles,agocan,2,343,0.005339098771264996
News Articles,thatpredict,2,11657,0.005339098771264996
News Articles,arriveearthand,2,934,0.005339098771264996
News Articles,eruptedsunday,2,3879,0.005339098771264996
News Articles,erupting,2,3881,0.016017296313794987
News Articles,pm,2,8880,0.010678197542529992
News Articles,slammed,2,10682,0.010678197542529992
News Articles,withinhourwhenwas,2,13074,0.005339098771264996
News Articles,predictedflatow,2,9029,0.005339098771264996
News Articles,startedhour,2,10956,0.005339098771264996
News Articles,whenthat,2,12878,0.005339098771264996
News Articles,goingslam,2,5019,0.005339098771264996
News Articles,earthbiesecker,2,3476,0.005339098771264996
News Articles,indication,2,5732,0.005339098771264996
News Articles,thatfactwont,2,11625,0.005339098771264996
News Articles,fromunfavorable,2,4807,0.005339098771264996
News Articles,ejectiongoingfly,2,3624,0.005339098771264996
News Articles,harmlessly,2,5173,0.010678197542529992
News Articles,maybe,2,7049,0.005339098771264996
News Articles,hittingscience,2,5357,0.005339098771264996
News Articles,satellitetwothe,2,10266,0.005339098771264996
News Articles,wayflatowthinklotpeople,2,12711,0.005339098771264996
News Articles,rotatesbiesecker,2,10181,0.005339098771264996
News Articles,sunflatowspinsits,2,11329,0.005339098771264996
News Articles,axis,2,1122,0.005339098771264996
News Articles,yeahbiesecker,2,13230,0.016017296313794987
News Articles,every,2,3997,0.016017296313794987
News Articles,daysaverage,2,2737,0.005339098771264996
News Articles,becausethat,2,1211,0.005339098771264996
News Articles,goinggive,2,5012,0.005339098771264996
News Articles,dave,2,2727,0.010678197542529992
News Articles,opportunityjumphere,2,8310,0.005339098771264996
News Articles,lotsvery,2,6805,0.005339098771264996
News Articles,sunso,2,11347,0.010678197542529992
News Articles,andhavesolar,2,603,0.005339098771264996
News Articles,cyclehathaway,2,2646,0.005339098771264996
News Articles,partitthat,2,8554,0.005339098771264996
News Articles,itsballgasdoesnt,2,6129,0.005339098771264996
News Articles,haverotate,2,5213,0.005339098771264996
News Articles,likesolid,2,6673,0.005339098771264996
News Articles,ballfactdoesntthe,2,1153,0.005339098771264996
News Articles,equatorrotates,2,3849,0.005339098771264996
News Articles,onceabout,2,8203,0.005339098771264996
News Articles,daysyou,2,2744,0.005339098771264996
News Articles,polestakes,2,8916,0.005339098771264996
News Articles,producessheering,2,9217,0.005339098771264996
News Articles,wrapped,2,13212,0.005339098771264996
News Articles,becauseit,2,1206,0.005339098771264996
News Articles,fieldsparticular,2,4360,0.005339098771264996
News Articles,thatsfactkey,2,11664,0.005339098771264996
News Articles,parthow,2,8522,0.005339098771264996
News Articles,thiswhatcall,2,11836,0.005339098771264996
News Articles,differential,2,3055,0.005339098771264996
News Articles,equatorrotating,2,3850,0.005339098771264996
News Articles,polestheressheer,2,8917,0.005339098771264996
News Articles,thatyou,2,11683,0.005339098771264996
News Articles,startthe,2,10964,0.005339098771264996
News Articles,inward,2,6045,0.005339098771264996
News Articles,constant,2,2296,0.005339098771264996
News Articles,milesso,2,7270,0.005339098771264996
News Articles,aboutquarterthe,2,34,0.005339098771264996
News Articles,rotationfactkeyproducing,2,10185,0.005339098771264996
News Articles,fieldsflatow,2,4355,0.005339098771264996
News Articles,letsto,2,6550,0.005339098771264996
News Articles,virginiaflint,2,12556,0.005339098771264996
News Articles,hi,2,5301,0.005339098771264996
News Articles,virginiavirginia,2,12557,0.005339098771264996
News Articles,hiflatowtherevirginia,2,5306,0.005339098771264996
News Articles,fascinating,2,4270,0.005339098771264996
News Articles,stuff,2,11166,0.005339098771264996
News Articles,weve,2,12850,0.010678197542529992
News Articles,heremichiganthis,2,5293,0.005339098771264996
News Articles,goingimpact,2,5014,0.005339098771264996
News Articles,aregoinghavereally,2,881,0.005339098771264996
News Articles,summer,2,11304,0.005339098771264996
News Articles,nowanother,2,7936,0.005339098771264996
News Articles,isthis,2,6121,0.005339098771264996
News Articles,goingmelt,2,5017,0.010678197542529992
News Articles,excuse,2,4053,0.005339098771264996
News Articles,melt,2,7150,0.005339098771264996
News Articles,icepacks,2,5459,0.005339098771264996
News Articles,ozone,2,8476,0.005339098771264996
News Articles,kindstuffdont,2,6262,0.005339098771264996
News Articles,knowive,2,6293,0.005339098771264996
News Articles,missed,2,7313,0.005339098771264996
News Articles,idinterestedhow,2,5488,0.005339098771264996
News Articles,ice,2,5458,0.005339098771264996
News Articles,meltingfastflatow,2,7152,0.005339098771264996
News Articles,ok,2,8196,0.010678197542529992
News Articles,virginia,2,12555,0.010678197542529992
News Articles,calling,2,1552,0.005339098771264996
News Articles,whatcan,2,12856,0.005339098771264996
News Articles,dovirginia,2,3273,0.005339098771264996
News Articles,youflatow,2,13248,0.010678197542529992
News Articles,uhhuhdavid,2,12156,0.005339098771264996
News Articles,climatesome,2,1950,0.005339098771264996
News Articles,respect,2,10006,0.005339098771264996
News Articles,weatherfarthe,2,12763,0.005339098771264996
News Articles,got,2,5033,0.032034592627589974
News Articles,brighterxrayshardly,2,1443,0.005339098771264996
News Articles,brighterall,2,1442,0.005339098771264996
News Articles,addall,2,222,0.005339098771264996
News Articles,receives,2,9597,0.005339098771264996
News Articles,thatstiny,2,11668,0.005339098771264996
News Articles,amount,2,482,0.010678197542529992
News Articles,coursea,2,2523,0.005339098771264996
News Articles,youfromsunspots,2,13249,0.005339098771264996
News Articles,sunspotsthe,2,11350,0.005339098771264996
News Articles,allthat,2,417,0.005339098771264996
News Articles,aboutthpercent,2,38,0.005339098771264996
News Articles,anditssmall,2,616,0.005339098771264996
News Articles,changehas,2,1855,0.005339098771264996
News Articles,hasbitan,2,5176,0.005339098771264996
News Articles,effectclimate,2,3532,0.005339098771264996
News Articles,notflatow,2,7912,0.005339098771264996
News Articles,here,2,5287,0.010678197542529992
News Articles,questionsfew,2,9439,0.005339098771264996
News Articles,peoplespace,2,8625,0.005339098771264996
News Articles,stationpeople,2,10993,0.005339098771264996
News Articles,astronautstheir,2,1009,0.005339098771264996
News Articles,waymarsmaybethe,2,12716,0.005339098771264996
News Articles,thatbiesecker,2,11614,0.010678197542529992
News Articles,certainly,2,1797,0.016017296313794987
News Articles,canimpacts,2,1597,0.005339098771264996
News Articles,butgeneralthey,2,1514,0.005339098771264996
News Articles,reactvery,2,9569,0.005339098771264996
News Articles,levelsradiation,2,6595,0.005339098771264996
News Articles,therescertain,2,11775,0.005339098771264996
News Articles,willingacceptfew,2,12966,0.005339098771264996
News Articles,riskcancerthey,2,10120,0.005339098771264996
News Articles,canimpacteda,2,1595,0.005339098771264996
News Articles,stormso,2,11070,0.005339098771264996
News Articles,shuttle,2,10590,0.005339098771264996
News Articles,robot,2,10142,0.005339098771264996
News Articles,arm,2,911,0.005339098771264996
News Articles,couldntused,2,2491,0.005339098771264996
News Articles,whenradiation,2,12874,0.005339098771264996
News Articles,exceededcertain,2,4044,0.005339098771264996
News Articles,levelthere,2,6600,0.005339098771264996
News Articles,theyhavebe,2,11803,0.005339098771264996
News Articles,offlatow,2,8181,0.005339098771264996
News Articles,tellabout,2,11553,0.005339098771264996
News Articles,huge,2,5439,0.021356395085059984
News Articles,kindour,2,6261,0.005339098771264996
News Articles,thursday,2,11875,0.016017296313794987
News Articles,washis,2,12645,0.005339098771264996
News Articles,househis,2,5396,0.005339098771264996
News Articles,watching,2,12695,0.005339098771264996
News Articles,likedid,2,6638,0.005339098771264996
News Articles,imagethe,2,5523,0.005339098771264996
News Articles,tillwas,2,11889,0.005339098771264996
News Articles,inch,2,5638,0.005339098771264996
News Articles,daywould,2,2747,0.005339098771264996
News Articles,draw,2,3304,0.005339098771264996
News Articles,hed,2,5254,0.016017296313794987
News Articles,drawing,2,3305,0.005339098771264996
News Articles,aboutstart,2,36,0.005339098771264996
News Articles,locationsthe,2,6756,0.005339098771264996
News Articles,alla,2,403,0.005339098771264996
News Articles,sudden,2,11260,0.005339098771264996
News Articles,bright,2,1440,0.010678197542529992
News Articles,middleonethese,2,7247,0.005339098771264996
News Articles,measuredand,2,7098,0.005339098771264996
News Articles,andthought,2,702,0.005339098771264996
News Articles,oh,2,8194,0.010678197542529992
News Articles,withequipment,2,13053,0.005339098771264996
News Articles,andcheckedout,2,555,0.005339098771264996
News Articles,realized,2,9580,0.005339098771264996
News Articles,notequipment,2,7910,0.005339098771264996
News Articles,thatiswrote,2,11637,0.005339098771264996
News Articles,amwasshockedthisran,2,499,0.005339098771264996
News Articles,offfind,2,8172,0.005339098771264996
News Articles,somebodyhelp,2,10745,0.005339098771264996
News Articles,whatwas,2,12867,0.005339098771264996
News Articles,seeingcouldnt,2,10391,0.005339098771264996
News Articles,anybody,2,752,0.005339098771264996
News Articles,came,2,1557,0.005339098771264996
News Articles,fadinglasted,2,4241,0.005339098771264996
News Articles,allfive,2,407,0.005339098771264996
News Articles,amwas,2,498,0.005339098771264996
News Articles,doneflatow,2,3258,0.005339098771264996
News Articles,letjust,2,6549,0.005339098771264996
News Articles,interruptsay,2,5986,0.005339098771264996
News Articles,thisscience,2,11832,0.010678197542529992
News Articles,spinningyarn,2,10881,0.005339098771264996
News Articles,goingbieseckernowknew,2,5010,0.005339098771264996
News Articles,special,2,10839,0.005339098771264996
News Articles,remarkableatmagnetic,2,9865,0.005339098771264996
News Articles,shake,2,10503,0.005339098771264996
News Articles,knowyou,2,6317,0.005339098771264996
News Articles,andhadcompass,2,599,0.005339098771264996
News Articles,knowwould,2,6316,0.005339098771264996
News Articles,pointsolar,2,8894,0.005339098771264996
News Articles,butyou,2,1525,0.005339098771264996
News Articles,madecompass,2,6853,0.005339098771264996
News Articles,wouldablesee,2,13179,0.005339098771264996
News Articles,shaking,2,10504,0.005339098771264996
News Articles,andfact,2,582,0.016017296313794987
News Articles,amseptemberat,2,497,0.005339098771264996
News Articles,observatorykew,2,8049,0.005339098771264996
News Articles,garden,2,4884,0.005339098771264996
News Articles,wasgreat,2,12639,0.005339098771264996
News Articles,stormand,2,11041,0.005339098771264996
News Articles,knowswallow,2,6313,0.005339098771264996
News Articles,makesummer,2,6945,0.005339098771264996
News Articles,seemsbeconnection,2,10399,0.005339098771264996
News Articles,herein,2,5292,0.005339098771264996
News Articles,aftersawflarethe,2,314,0.005339098771264996
News Articles,sunhadhugefact,2,11331,0.005339098771264996
News Articles,ever,2,3994,0.010678197542529992
News Articles,stormthe,2,11079,0.005339098771264996
News Articles,earthwasstrong,2,3499,0.005339098771264996
News Articles,observatorythe,2,8054,0.005339098771264996
News Articles,saturated,2,10270,0.005339098771264996
News Articles,except,2,4045,0.005339098771264996
News Articles,thatknowindia,2,11640,0.005339098771264996
News Articles,measurementsthat,2,7124,0.005339098771264996
News Articles,basedthat,2,1178,0.005339098771264996
News Articles,impactsflatow,2,5548,0.005339098771264996
News Articles,itbiesecker,2,6123,0.005339098771264996
News Articles,rightflatow,2,10102,0.005339098771264996
News Articles,telegraph,2,11543,0.021356395085059984
News Articles,technologythe,2,11542,0.005339098771264996
News Articles,telegraphsthats,2,11544,0.005339098771264996
News Articles,knowpittsburgh,2,6311,0.005339098771264996
News Articles,gothot,2,5034,0.005339098771264996
News Articles,couldnt,2,2490,0.010678197542529992
News Articles,touch,2,12000,0.005339098771264996
News Articles,themphiladelphiatelegraph,2,11741,0.005339098771264996
News Articles,receivedshock,2,9594,0.005339098771264996
News Articles,equipmentboston,2,3853,0.005339098771264996
News Articles,wasflamefire,2,12637,0.005339098771264996
News Articles,knowtelegraph,2,6314,0.005339098771264996
News Articles,stationsand,2,10994,0.005339098771264996
News Articles,coast,2,2002,0.005339098771264996
News Articles,wood,2,13142,0.005339098771264996
News Articles,scorched,2,10349,0.005339098771264996
News Articles,burned,2,1492,0.010678197542529992
News Articles,person,2,8738,0.005339098771264996
News Articles,auroraindianapolis,2,1070,0.005339098771264996
News Articles,wasbright,2,12625,0.005339098771264996
News Articles,andstrong,2,691,0.005339098771264996
News Articles,havelook,2,5207,0.005339098771264996
News Articles,northsee,2,7886,0.005339098771264996
News Articles,aurorayou,2,1077,0.005339098771264996
News Articles,lookyour,2,6784,0.005339098771264996
News Articles,horizon,2,5375,0.005339098771264996
News Articles,aurorajamaicawas,2,1071,0.005339098771264996
News Articles,describedlike,2,2928,0.005339098771264996
News Articles,lighta,2,6624,0.005339098771264996
News Articles,fire,2,4383,0.010678197542529992
News Articles,wellfact,2,12820,0.005339098771264996
News Articles,sailor,2,10235,0.005339098771264996
News Articles,sawjust,2,10274,0.005339098771264996
News Articles,norththe,2,7888,0.005339098771264996
News Articles,equator,2,3845,0.010678197542529992
News Articles,thatweather,2,11677,0.005339098771264996
News Articles,favorablewould,2,4280,0.005339098771264996
News Articles,equatorthe,2,3851,0.010678197542529992
News Articles,ablesee,2,26,0.005339098771264996
News Articles,auroraseptember,2,1074,0.005339098771264996
News Articles,wowwe,2,13210,0.005339098771264996
News Articles,happenedsuchspectacular,2,5160,0.005339098771264996
News Articles,fashion,2,4271,0.005339098771264996
News Articles,whatbiesecker,2,12853,0.010678197542529992
News Articles,extremeexactly,2,4213,0.005339098771264996
News Articles,sunday,2,11319,0.010678197542529992
News Articles,tell,2,11551,0.005339098771264996
News Articles,needknow,2,7724,0.005339098771264996
News Articles,itspretty,2,6136,0.005339098771264996
News Articles,indicator,2,5735,0.005339098771264996
News Articles,transithoursthe,2,12042,0.005339098771264996
News Articles,impulse,2,5623,0.005339098771264996
News Articles,amountenergy,2,485,0.005339098771264996
News Articles,dumped,2,3422,0.005339098771264996
News Articles,incredibleflatowwe,2,5709,0.005339098771264996
News Articles,havenumber,2,5211,0.005339098771264996
News Articles,putevensolar,2,9399,0.005339098771264996
News Articles,onbiesecker,2,8200,0.005339098771264996
News Articles,nodont,2,7841,0.005339098771264996
News Articles,havenumberflatow,2,5212,0.005339098771264996
News Articles,ithathaway,2,6126,0.005339098771264996
News Articles,yeahhathaway,2,13231,0.005339098771264996
News Articles,flareyou,2,4446,0.005339098771264996
News Articles,lookthe,2,6782,0.005339098771264996
News Articles,radiant,2,9473,0.005339098771264996
News Articles,itthe,2,6137,0.005339098771264996
News Articles,equivalenta,2,3857,0.005339098771264996
News Articles,megatonstntthats,2,7148,0.005339098771264996
News Articles,equivalentmillion,2,3858,0.005339098771264996
News Articles,hiroshima,2,5344,0.005339098771264996
News Articles,bombsflatow,2,1387,0.005339098771264996
News Articles,goinglet,2,5016,0.005339098771264996
News Articles,sinkforlittle,2,10651,0.005339098771264996
News Articles,bit,2,1355,0.016017296313794987
News Articles,takebreak,2,11499,0.005339098771264996
News Articles,tweet,2,12115,0.005339098771264996
News Articles,wellright,2,12825,0.005339098771264996
News Articles,backsoundbitemusicflatow,2,1137,0.005339098771264996
News Articles,centerboulder,2,1770,0.010678197542529992
News Articles,goingtalklittle,2,5022,0.005339098771264996
News Articles,becausewantrecapyouve,2,1216,0.005339098771264996
News Articles,tuned,2,12100,0.005339098771264996
News Articles,maybecan,2,7050,0.005339098771264996
News Articles,recap,2,9590,0.005339098771264996
News Articles,wanttakeshotitdoug,2,12608,0.005339098771264996
News Articles,liketellwhats,2,6674,0.005339098771264996
News Articles,goingthere,2,5023,0.005339098771264996
News Articles,nowhathaway,2,7940,0.005339098771264996
News Articles,dougprobably,2,3272,0.005339098771264996
News Articles,betterthat,2,1328,0.005339098771264996
News Articles,hestopitflatow,2,5299,0.005339098771264996
News Articles,sureflatow,2,11380,0.005339098771264996
News Articles,bringupdatebiesecker,2,1449,0.005339098771264996
News Articles,wellwastopit,2,12831,0.005339098771264996
News Articles,untilwalked,2,12298,0.005339098771264996
News Articles,studio,2,11160,0.005339098771264996
News Articles,whathada,2,12860,0.005339098771264996
News Articles,scaleonefivemeasure,2,10291,0.005339098771264996
News Articles,flarehad,2,4419,0.005339098771264996
News Articles,sundaymeasuredtwoour,2,11320,0.005339098771264996
News Articles,scalean,2,10287,0.005339098771264996
News Articles,flarejust,2,4421,0.005339098771264996
News Articles,hadeven,2,5133,0.005339098771264996
News Articles,largerthelevel,2,6375,0.005339098771264996
News Articles,minutesthat,2,7305,0.005339098771264996
News Articles,eruptingstartedsee,2,3882,0.005339098771264996
News Articles,particlesvery,2,8543,0.005339098771264996
News Articles,startinghit,2,10961,0.005339098771264996
News Articles,centerour,2,1786,0.005339098771264996
News Articles,rolecourse,2,10151,0.005339098771264996
News Articles,outwarningsoonthe,2,8436,0.005339098771264996
News Articles,beganarriveflatow,2,1254,0.005339098771264996
News Articles,todaybieseckerthats,2,11954,0.005339098771264996
News Articles,itselfprobably,2,6131,0.005339098771264996
News Articles,practically,2,9006,0.005339098771264996
News Articles,overhathaway,2,8447,0.005339098771264996
News Articles,forto,2,4708,0.005339098771264996
News Articles,impactsthat,2,5557,0.005339098771264996
News Articles,outagesthe,2,8398,0.005339098771264996
News Articles,andany,2,532,0.005339098771264996
News Articles,loses,2,6788,0.005339098771264996
News Articles,radiothe,2,9485,0.005339098771264996
News Articles,therethey,2,11779,0.005339098771264996
News Articles,sitting,2,10658,0.005339098771264996
News Articles,equatorin,2,3848,0.005339098771264996
News Articles,absolutelywaycommunicatetheyrethe,2,52,0.005339098771264996
News Articles,informationquicklypossible,2,5794,0.005339098771264996
News Articles,becausethey,2,1214,0.005339098771264996
News Articles,havedivert,2,5200,0.005339098771264996
News Articles,onethose,2,8223,0.005339098771264996
News Articles,effectiveflatow,2,3534,0.005339098771264996
News Articles,wantadd,2,12596,0.005339098771264996
News Articles,anythinghathaway,2,756,0.005339098771264996
News Articles,wantedmentionammy,2,12599,0.005339098771264996
News Articles,officei,2,8174,0.005339098771264996
News Articles,welltheir,2,12828,0.005339098771264996
News Articles,protonsparticular,2,9331,0.005339098771264996
News Articles,rising,2,10117,0.005339098771264996
News Articles,rapidlyflatow,2,9521,0.005339098771264996
News Articles,reachingon,2,9562,0.005339098771264996
News Articles,earthhathaway,2,3481,0.005339098771264996
News Articles,yes,2,13239,0.010678197542529992
News Articles,measuredwe,2,7104,0.005339098771264996
News Articles,atbiesecker,2,1018,0.005339098771264996
News Articles,righthathaway,2,10103,0.005339098771264996
News Articles,orbitflatow,2,8339,0.005339098771264996
News Articles,watchdog,2,12693,0.005339098771264996
News Articles,satelliteswe,2,10262,0.005339098771264996
News Articles,therebiesecker,2,11763,0.005339098771264996
News Articles,picturesthe,2,8813,0.010678197542529992
News Articles,hurricanesflatow,2,5451,0.005339098771264996
News Articles,rightbiesecker,2,10101,0.005339098771264996
News Articles,sensorsthose,2,10433,0.005339098771264996
News Articles,instrumentsthose,2,5908,0.005339098771264996
News Articles,butdo,2,1511,0.005339098771264996
News Articles,flareknow,2,4422,0.005339098771264996
News Articles,headed,2,5240,0.005339098771264996
News Articles,nowhere,2,7941,0.005339098771264996
News Articles,fromnasa,2,4782,0.005339098771264996
News Articles,showthat,2,10587,0.005339098771264996
News Articles,datahelp,2,2699,0.005339098771264996
News Articles,earthflatow,2,3480,0.005339098771264996
News Articles,wellwatching,2,12832,0.005339098771264996
News Articles,willguess,2,12960,0.005339098771264996
News Articles,listenscience,2,6727,0.005339098771264996
News Articles,wordcoming,2,13144,0.005339098771264996
News Articles,justlittle,2,6214,0.005339098771264996
News Articles,overhour,2,8449,0.005339098771264996
News Articles,gentleman,2,4915,0.005339098771264996
News Articles,timealert,2,11892,0.005339098771264996
News Articles,ushathaway,2,12409,0.005339098771264996
News Articles,havingonflatow,2,5222,0.005339098771264996
News Articles,hathawaysolar,2,5192,0.005339098771264996
News Articles,bieseckerphysicistnoaas,2,1342,0.005339098771264996
News Articles,coloradobiesecker,2,2054,0.005339098771264996
News Articles,visit,2,12567,0.005339098771264996
News Articles,termsuse,2,11582,0.005339098771264996
News Articles,permission,2,8720,0.005339098771264996
News Articles,pageswwwnprorg,2,8481,0.005339098771264996
News Articles,transcript,2,12030,0.005339098771264996
News Articles,createda,2,2556,0.005339098771264996
News Articles,rush,2,10205,0.005339098771264996
News Articles,deadlinean,2,2750,0.005339098771264996
News Articles,contractor,2,2384,0.005339098771264996
News Articles,text,2,11594,0.005339098771264996
News Articles,notin,2,7916,0.005339098771264996
News Articles,mayupdatedrevisedthe,2,7077,0.005339098771264996
News Articles,authoritative,2,1082,0.005339098771264996
News Articles,recordnprs,2,9624,0.005339098771264996
News Articles,programmingthe,2,9247,0.005339098771264996
News Articles,audio,2,1057,0.005339098771264996
News Articles,photo,2,8789,0.010678197542529992
News Articles,providednasa,2,9343,0.005339098771264996
News Articles,takenthe,2,11500,0.005339098771264996
News Articles,showssolar,2,10586,0.005339098771264996
News Articles,flashthe,2,4450,0.005339098771264996
News Articles,imageoct,2,5502,0.005339098771264996
News Articles,observatorynasaap,2,8051,0.010678197542529992
News Articles,hide,2,5303,0.005339098771264996
News Articles,caption,2,1678,0.010678197542529992
News Articles,toggle,2,11965,0.005339098771264996
News Articles,cape,2,1677,0.005339098771264996
News Articles,canaveral,2,1571,0.005339098771264996
News Articles,flasevere,2,4448,0.005339098771264996
News Articles,stormheadedearth,2,11047,0.005339098771264996
News Articles,stress,2,11112,0.005339098771264996
News Articles,morethe,2,7491,0.010678197542529992
News Articles,deal,2,2751,0.005339098771264996
News Articles,backtoback,2,1139,0.005339098771264996
News Articles,issuedsevere,2,6096,0.005339098771264996
News Articles,afteroutburst,2,313,0.005339098771264996
News Articles,suchstorm,2,11253,0.005339098771264996
News Articles,operatorspower,2,8295,0.005339098771264996
News Articles,plant,2,8851,0.005339098771264996
News Articles,spacecrafttake,2,10805,0.005339098771264996
News Articles,precautionsalso,2,9011,0.005339098771264996
News Articles,alerted,2,389,0.005339098771264996
News Articles,disruptionsthe,2,3180,0.010678197542529992
News Articles,cope,2,2426,0.005339098771264996
News Articles,aftermathhurricane,2,312,0.005339098771264996
News Articles,helene,2,5256,0.010678197542529992
News Articles,gearsfor,2,4898,0.005339098771264996
News Articles,milton,2,7282,0.005339098771264996
News Articles,barreling,2,1160,0.005339098771264996
News Articles,gulfmexico,2,5131,0.005339098771264996
News Articles,florida,2,4462,0.005339098771264996
News Articles,forecastersnot,2,4608,0.005339098771264996
News Articles,expect,2,4080,0.005339098771264996
News Articles,latest,2,6422,0.021356395085059984
News Articles,stormsurpass,2,11076,0.005339098771264996
News Articles,earthmay,2,3483,0.005339098771264996
News Articles,strongestmore,2,11126,0.005339098771264996
News Articles,wont,2,13141,0.005339098771264996
News Articles,stormkeeping,2,11062,0.005339098771264996
News Articles,operatorsedge,2,8291,0.005339098771264996
News Articles,floridafar,2,4463,0.005339098771264996
News Articles,southavoid,2,10772,0.005339098771264996
News Articles,surge,2,11394,0.010678197542529992
News Articles,unlessgetslot,2,12269,0.005339098771264996
News Articles,steenburghnoaas,2,11010,0.005339098771264996
News Articles,addslittle,2,247,0.005339098771264996
News Articles,comfort,2,2075,0.005339098771264996
News Articles,steenburgh,2,11009,0.005339098771264996
News Articles,knowthat,2,6315,0.005339098771264996
News Articles,gridsareas,2,5079,0.005339098771264996
News Articles,slammedhurricane,2,10683,0.005339098771264996
News Articles,shawn,2,10515,0.005339098771264996
News Articles,dahl,2,2655,0.005339098771264996
News Articles,lightsfar,2,6629,0.005339098771264996
News Articles,usthe,2,12416,0.005339098771264996
News Articles,midwest,2,7253,0.005339098771264996
News Articles,california,2,1549,0.005339098771264996
News Articles,accordingnoaa,2,104,0.010678197542529992
News Articles,skygazers,2,10678,0.005339098771264996
News Articles,remindedpoint,2,9868,0.005339098771264996
News Articles,smartphones,2,10705,0.005339098771264996
News Articles,upward,2,12324,0.010678197542529992
News Articles,eye,2,4215,0.010678197542529992
News Articles,may,2,7046,0.005339098771264996
News Articles,dazzling,2,2749,0.005339098771264996
News Articles,resultedno,2,10033,0.005339098771264996
News Articles,sunnear,2,11343,0.005339098771264996
News Articles,peakits,2,8605,0.010678197542529992
News Articles,sparking,2,10823,0.005339098771264996
News Articles,activityhuge,2,191,0.005339098771264996
News Articles,surfacesolar,2,11389,0.005339098771264996
News Articles,madeof,2,6858,0.005339098771264996
News Articles,earthabout,2,3474,0.005339098771264996
News Articles,minutesthey,2,7306,0.005339098771264996
News Articles,mostus,2,7507,0.005339098771264996
News Articles,unlikelysee,2,12274,0.005339098771264996
News Articles,effectstherealsochance,2,3572,0.005339098771264996
News Articles,weekendtwo,2,12803,0.005339098771264996
News Articles,predictedhit,2,9030,0.005339098771264996
News Articles,flaresnot,2,4433,0.005339098771264996
News Articles,erupt,2,3877,0.010678197542529992
News Articles,spotcombined,2,10891,0.005339098771264996
News Articles,create,2,2554,0.005339098771264996
News Articles,fieldmagnetospherethe,2,4345,0.005339098771264996
News Articles,spew,2,10875,0.005339098771264996
News Articles,billionstonsmaterial,2,1352,0.005339098771264996
News Articles,earthour,2,3487,0.005339098771264996
News Articles,repels,2,9875,0.005339098771264996
News Articles,stormcreates,2,11042,0.005339098771264996
News Articles,auroratherethe,2,1076,0.005339098771264996
News Articles,forcoronal,2,4599,0.005339098771264996
News Articles,ejectionarriveearth,2,3619,0.005339098771264996
News Articles,latefridayearlysaturday,2,6402,0.005339098771264996
News Articles,leadvisible,2,6505,0.005339098771264996
News Articles,scotland,2,10350,0.005339098771264996
News Articles,partsnorthern,2,8566,0.005339098771264996
News Articles,met,2,7199,0.005339098771264996
News Articles,manager,2,6956,0.005339098771264996
News Articles,krista,2,6320,0.010678197542529992
News Articles,hammonda,2,5147,0.005339098771264996
News Articles,cmelikelyhit,2,1990,0.005339098771264996
News Articles,earthsaturday,2,3489,0.005339098771264996
News Articles,whichrated,2,12901,0.005339098771264996
News Articles,xthat,2,13228,0.005339098771264996
News Articles,visibilitypossible,2,12559,0.005339098771264996
News Articles,rain,2,9489,0.005339098771264996
News Articles,hamper,2,5149,0.010678197542529992
News Articles,hammondin,2,5148,0.005339098771264996
News Articles,mightseenthe,2,7263,0.005339098771264996
News Articles,midwestoregon,2,7254,0.005339098771264996
News Articles,accordingnoaas,2,105,0.005339098771264996
News Articles,centrethesolar,2,1794,0.005339098771264996
News Articles,emittedthe,2,3704,0.005339098771264996
News Articles,categorisednasa,2,1728,0.005339098771264996
News Articles,smallestb,2,10700,0.005339098771264996
News Articles,followedc,2,4560,0.005339098771264996
News Articles,rank,2,9516,0.005339098771264996
News Articles,fromxthe,2,4811,0.005339098771264996
News Articles,powerfulnasas,2,9002,0.005339098771264996
News Articles,rankingthe,2,9517,0.005339098771264996
News Articles,sunapproaching,2,11314,0.005339098771264996
News Articles,whichwhenis,2,12908,0.005339098771264996
News Articles,activean,2,157,0.005339098771264996
News Articles,cycleas,2,2645,0.005339098771264996
News Articles,continuesthis,2,2367,0.005339098771264996
News Articles,earthmore,2,3484,0.005339098771264996
News Articles,hitstrong,2,5355,0.005339098771264996
News Articles,therehigher,2,11771,0.005339098771264996
News Articles,chanceseeing,2,1847,0.005339098771264996
News Articles,borealis,2,1392,0.010678197542529992
News Articles,monthsbut,2,7485,0.005339098771264996
News Articles,knowsolar,2,6312,0.005339098771264996
News Articles,monthsdata,2,7486,0.005339098771264996
News Articles,analysing,2,503,0.005339098771264996
News Articles,frequencysun,2,4745,0.005339098771264996
News Articles,spotscurrent,2,10895,0.005339098771264996
News Articles,suggestcould,2,11270,0.005339098771264996
News Articles,maximumthe,2,7044,0.005339098771264996
News Articles,endor,2,3744,0.005339098771264996
News Articles,bbc,2,1191,0.010678197542529992
News Articles,simon,2,10628,0.005339098771264996
News Articles,king,2,6267,0.005339098771264996
News Articles,theweather,2,11801,0.005339098771264996
News Articles,hopingspot,2,5373,0.005339098771264996
News Articles,weekendit,2,12802,0.005339098771264996
News Articles,justthe,2,6215,0.005339098771264996
News Articles,northeastscotland,2,7882,0.005339098771264996
News Articles,odd,2,8155,0.005339098771264996
News Articles,breakthe,2,1431,0.005339098771264996
News Articles,forshort,2,4699,0.005339098771264996
News Articles,timesaysif,2,11916,0.005339098771264996
News Articles,outbebit,2,8399,0.005339098771264996
News Articles,bestthe,2,1325,0.005339098771264996
News Articles,skiesfriday,2,10675,0.005339098771264996
News Articles,willmore,2,12971,0.010678197542529992
News Articles,englandhe,2,3773,0.005339098771264996
News Articles,viewingssaturday,2,12542,0.005339098771264996
News Articles,evening,2,3955,0.010678197542529992
News Articles,withlotclear,2,13085,0.005339098771264996
News Articles,skiescopyright,2,10674,0.005339098771264996
News Articles,bbcnot,2,1192,0.005339098771264996
News Articles,contentexternal,2,2326,0.005339098771264996
News Articles,site,2,10656,0.005339098771264996
News Articles,read,2,9570,0.010678197542529992
News Articles,approachexternal,2,822,0.005339098771264996
News Articles,linking,2,6717,0.005339098771264996
News Articles,yearsrelative,2,13238,0.005339098771264996
News Articles,somnolence,2,10753,0.005339098771264996
News Articles,sunbeginningstirthe,2,11316,0.005339098771264996
News Articles,awakeabout,2,1116,0.005339098771264996
News Articles,teamnasas,2,11525,0.005339098771264996
News Articles,researching,2,9967,0.005339098771264996
News Articles,havetheir,2,5216,0.005339098771264996
News Articles,disposalgreatly,2,3171,0.005339098771264996
News Articles,gamechanging,2,4866,0.005339098771264996
News Articles,programimplement,2,9243,0.005339098771264996
News Articles,forecastingcomputer,2,4614,0.005339098771264996
News Articles,usedmeteorologiststrack,2,12361,0.005339098771264996
News Articles,impactshurricanes,2,5549,0.005339098771264996
News Articles,insteadanalyzing,2,5878,0.005339098771264996
News Articles,setsolarstorm,2,10477,0.005339098771264996
News Articles,conditionsis,2,2216,0.005339098771264996
News Articles,willablesimultaneously,2,12942,0.005339098771264996
News Articles,producemanycomputerized,2,9215,0.005339098771264996
News Articles,forecastscalculating,2,4631,0.005339098771264996
News Articles,orthe,2,8373,0.005339098771264996
News Articles,parlanceheliophysicists,2,8517,0.005339098771264996
News Articles,justimportant,2,6212,0.005339098771264996
News Articles,willabledo,2,12941,0.005339098771264996
News Articles,informationprovide,2,5793,0.005339098771264996
News Articles,alertsspace,2,393,0.005339098771264996
News Articles,potentiallyharmfulastronauts,2,8985,0.005339098771264996
News Articles,butwantmake,2,1523,0.005339098771264996
News Articles,hesse,2,5298,0.010678197542529992
News Articles,providedistributionarrival,2,9342,0.005339098771264996
News Articles,reliabilityforecasts,2,9827,0.005339098771264996
News Articles,thisimportant,2,11827,0.005339098771264996
News Articles,societyrelying,2,10717,0.005339098771264996
News Articles,morethan,2,7490,0.005339098771264996
News Articles,everspace,2,3996,0.005339098771264996
News Articles,electricalpower,2,3643,0.005339098771264996
News Articles,susceptiblespace,2,11407,0.005339098771264996
News Articles,willnothing,2,12979,0.005339098771264996
News Articles,thisthe,2,11833,0.005339098771264996
News Articles,worldone,2,13173,0.005339098771264996
News Articles,stateoftheart,2,10979,0.005339098771264996
News Articles,hess,2,5297,0.005339098771264996
News Articles,groupimplementing,2,5096,0.005339098771264996
News Articles,expectscomplete,2,4136,0.005339098771264996
News Articles,soon,2,10754,0.005339098771264996
News Articles,restlesssince,2,10025,0.005339098771264996
News Articles,minimumthe,2,7292,0.005339098771264996
News Articles,numbersunspotslowesthas,2,7988,0.005339098771264996
News Articles,begunawaken,2,1279,0.005339098771264996
News Articles,slumberaugust,2,10694,0.005339098771264996
News Articles,unleashednear,2,12266,0.005339098771264996
News Articles,nearearthfacing,2,7637,0.005339098771264996
News Articles,gigantic,2,4952,0.005339098771264996
News Articles,bubblescharged,2,1463,0.005339098771264996
News Articles,carryto,2,1704,0.005339098771264996
News Articles,billion,2,1351,0.005339098771264996
News Articles,accelerateseveral,2,76,0.005339098771264996
News Articles,hourthey,2,5393,0.005339098771264996
News Articles,overtook,2,8461,0.005339098771264996
News Articles,intotriple,2,6005,0.005339098771264996
News Articles,luckily,2,6837,0.005339098771264996
News Articles,peopleearth,2,8623,0.005339098771264996
News Articles,onlymoderate,2,8238,0.005339098771264996
News Articles,streamed,2,11097,0.010678197542529992
News Articles,collided,2,2047,0.005339098771264996
News Articles,atomsnitrogen,2,1040,0.005339098771264996
News Articles,oxygenthe,2,8475,0.005339098771264996
News Articles,sowas,2,10785,0.005339098771264996
News Articles,stormmany,2,11063,0.005339098771264996
News Articles,chief,2,1894,0.010678197542529992
News Articles,repercussion,2,9876,0.005339098771264996
News Articles,couldfar,2,2488,0.005339098771264996
News Articles,worsethe,2,13175,0.005339098771264996
News Articles,futurepartits,2,4852,0.005339098771264996
News Articles,sunentering,2,11325,0.005339098771264996
News Articles,periodgreatest,2,8664,0.005339098771264996
News Articles,activityis,2,193,0.005339098771264996
News Articles,expectedpeak,2,4113,0.005339098771264996
News Articles,planetspacecraftits,2,8843,0.005339098771264996
News Articles,paththe,2,8590,0.010678197542529992
News Articles,disrupted,2,3174,0.010678197542529992
News Articles,gridsearth,2,5081,0.005339098771264996
News Articles,instrumentationsatellites,2,5895,0.005339098771264996
News Articles,canharmfulastronautsthey,2,1592,0.005339098771264996
News Articles,warnedtake,2,12614,0.005339098771264996
News Articles,coverone,2,2546,0.005339098771264996
News Articles,saidcant,2,10221,0.005339098771264996
News Articles,tella,2,11552,0.005339098771264996
News Articles,aloneyeartwo,2,426,0.005339098771264996
News Articles,allknowthat,2,410,0.005339098771264996
News Articles,uptickactivity,2,12322,0.010678197542529992
News Articles,yihua,2,13243,0.005339098771264996
News Articles,zheng,2,13261,0.016017296313794987
News Articles,anxiousenhance,2,750,0.005339098771264996
News Articles,acumen,2,214,0.005339098771264996
News Articles,groupnasas,2,5097,0.005339098771264996
News Articles,centerhouston,2,1780,0.005339098771264996
News Articles,texas,2,11593,0.005339098771264996
News Articles,whichresponsible,2,12902,0.010678197542529992
News Articles,exposuredeadly,2,4187,0.005339098771264996
News Articles,fundingdevelop,2,4837,0.005339098771264996
News Articles,alertwarning,2,395,0.005339098771264996
News Articles,weaknessescurrent,2,12749,0.005339098771264996
News Articles,systemensemble,2,11456,0.005339098771264996
News Articles,keyan,2,6243,0.005339098771264996
News Articles,systemhesse,2,11458,0.005339098771264996
News Articles,saidagreed,2,10218,0.005339098771264996
News Articles,waygo,2,12713,0.005339098771264996
News Articles,laboratoryrunning,2,6331,0.005339098771264996
News Articles,calculating,2,1538,0.005339098771264996
News Articles,setparametersa,2,10473,0.005339098771264996
News Articles,gatherednasas,2,4890,0.005339098771264996
News Articles,missionshaveguaranteea,2,7325,0.005339098771264996
News Articles,imperfection,2,5564,0.010678197542529992
News Articles,grow,2,5106,0.005339098771264996
News Articles,leadingforecasts,2,6477,0.005339098771264996
News Articles,agree,2,345,0.005339098771264996
News Articles,evolutionactual,2,4005,0.005339098771264996
News Articles,forecastsdecide,2,4632,0.005339098771264996
News Articles,neededprotect,2,7699,0.005339098771264996
News Articles,uncertaintyas,2,12182,0.005339098771264996
News Articles,unwelcomethe,2,12301,0.005339098771264996
News Articles,overcomes,2,8441,0.005339098771264996
News Articles,weaknessesallowing,2,12748,0.005339098771264996
News Articles,forecasterstweak,2,4610,0.005339098771264996
News Articles,parameterseasy,2,8505,0.005339098771264996
News Articles,varyinglittle,2,12507,0.005339098771264996
News Articles,bitall,2,1356,0.005339098771264996
News Articles,involvedcharacterizingcme,2,6035,0.005339098771264996
News Articles,suchits,2,11237,0.005339098771264996
News Articles,angular,2,724,0.005339098771264996
News Articles,saidessence,2,10223,0.005339098771264996
News Articles,wellablecharacterize,2,12814,0.005339098771264996
News Articles,uncertaintiesour,2,12173,0.005339098771264996
News Articles,whichalmostimportantthe,2,12892,0.005339098771264996
News Articles,itselfpulkkinen,2,6132,0.005339098771264996
News Articles,installed,2,5871,0.005339098771264996
News Articles,systemsrun,2,11474,0.005339098771264996
News Articles,hopesdevelop,2,5372,0.005339098771264996
News Articles,abilitygenerate,2,9,0.005339098771264996
News Articles,specialized,2,10840,0.005339098771264996
News Articles,forecastsrecognize,2,4635,0.005339098771264996
News Articles,gapour,2,4874,0.005339098771264996
News Articles,saidcertainly,2,10222,0.005339098771264996
News Articles,wantmiss,2,12605,0.005339098771264996
News Articles,pushing,2,9397,0.005339098771264996
News Articles,envelopehavedone,2,3818,0.005339098771264996
News Articles,whendo,2,12871,0.005339098771264996
News Articles,worldhave,2,13172,0.005339098771264996
News Articles,techniqueverified,2,11532,0.005339098771264996
News Articles,validatednasas,2,12460,0.005339098771264996
News Articles,availablenoaas,2,1098,0.005339098771264996
News Articles,issuing,2,6120,0.005339098771264996
News Articles,goalunderstand,2,4996,0.005339098771264996
News Articles,enablegreatly,2,3720,0.005339098771264996
News Articles,interestsfeb,2,5957,0.005339098771264996
News Articles,satellitespartelon,2,10256,0.005339098771264996
News Articles,musk,2,7567,0.005339098771264996
News Articles,mostwhich,2,7508,0.005339098771264996
News Articles,burnedin,2,1493,0.010678197542529992
News Articles,causethis,2,1750,0.005339098771264996
News Articles,thanmillion,2,11604,0.005339098771264996
News Articles,interacts,2,5943,0.005339098771264996
News Articles,weathercausedfluctuations,2,12759,0.005339098771264996
News Articles,blast,2,1372,0.010678197542529992
News Articles,spacestudy,2,10810,0.005339098771264996
News Articles,posesspacebased,2,8946,0.010678197542529992
News Articles,weatherprotect,2,12778,0.005339098771264996
News Articles,earthtriggers,2,3495,0.005339098771264996
News Articles,causelottrouble,2,1745,0.005339098771264996
News Articles,anythingorbit,2,757,0.005339098771264996
News Articles,likeare,2,6636,0.005339098771264996
News Articles,workingbetter,2,13158,0.005339098771264996
News Articles,defend,2,2812,0.005339098771264996
News Articles,amountsparticles,2,491,0.005339098771264996
News Articles,sunalways,2,11311,0.005339098771264996
News Articles,releasingsteady,2,9814,0.005339098771264996
News Articles,amountcharged,2,483,0.005339098771264996
News Articles,thiscalled,2,11822,0.005339098771264996
News Articles,withthe,2,13127,0.005339098771264996
News Articles,sometimes,2,10749,0.005339098771264996
News Articles,fluctuationsthe,2,4476,0.010678197542529992
News Articles,hurl,2,5448,0.005339098771264996
News Articles,unusually,2,12300,0.005339098771264996
News Articles,burstsparticlesa,2,1500,0.005339098771264996
News Articles,directionearth,2,3090,0.005339098771264996
News Articles,happensbethe,2,5166,0.005339098771264996
News Articles,generatedonethese,2,4905,0.005339098771264996
News Articles,getgeomagnetic,2,4939,0.005339098771264996
News Articles,causesgeomagnetic,2,1747,0.005339098771264996
News Articles,explosionsplasma,2,4179,0.005339098771264996
News Articles,escape,2,3891,0.005339098771264996
News Articles,spotslow,2,10897,0.005339098771264996
News Articles,speedwhich,2,10872,0.005339098771264996
News Articles,ejected,2,3617,0.005339098771264996
News Articles,plasmasolar,2,8857,0.005339098771264996
News Articles,arrivesearthan,2,935,0.005339098771264996
News Articles,travelsroughly,2,12066,0.005339098771264996
News Articles,mph,2,7519,0.005339098771264996
News Articles,kph,2,6318,0.005339098771264996
News Articles,windsto,2,13019,0.005339098771264996
News Articles,timesfast,2,11920,0.005339098771264996
News Articles,stormrecord,2,11066,0.005339098771264996
News Articles,ejectionseptember,2,3625,0.005339098771264996
News Articles,massparticles,2,7012,0.005339098771264996
News Articles,surgestelegraph,2,11395,0.005339098771264996
News Articles,shocked,2,10539,0.005339098771264996
News Articles,instrumentsfire,2,5902,0.005339098771264996
News Articles,thata,2,11607,0.005339098771264996
News Articles,stormthis,2,11080,0.005339098771264996
News Articles,trilliondamagea,2,12081,0.005339098771264996
News Articles,wouldincredibly,2,13196,0.005339098771264996
News Articles,dangerousany,2,2672,0.005339098771264996
News Articles,unlucky,2,12275,0.005339098771264996
News Articles,enoughbe,2,3795,0.005339098771264996
News Articles,exposedthem,2,4185,0.005339098771264996
News Articles,thankfully,2,11601,0.005339098771264996
News Articles,doeslotprotect,2,3239,0.005339098771264996
News Articles,humanity,2,5441,0.005339098771264996
News Articles,hitsit,2,5354,0.005339098771264996
News Articles,earththe,2,3493,0.005339098771264996
News Articles,atmospherefilled,2,1027,0.005339098771264996
News Articles,madeelectrons,2,6854,0.005339098771264996
News Articles,dominatedthe,2,3251,0.005339098771264996
News Articles,magnetospheretransfers,2,6899,0.005339098771264996
News Articles,momentum,2,7470,0.005339098771264996
News Articles,absorb,2,54,0.005339098771264996
News Articles,everyday,2,3998,0.005339098771264996
News Articles,levelsolar,2,6594,0.005339098771264996
News Articles,stormscan,2,11067,0.005339098771264996
News Articles,overloaded,2,8451,0.005339098771264996
News Articles,excess,2,4049,0.005339098771264996
News Articles,energythe,2,3756,0.005339098771264996
News Articles,layersearths,2,6459,0.005339098771264996
News Articles,redirectionenergythe,2,9630,0.005339098771264996
News Articles,poleswhat,2,8918,0.005339098771264996
News Articles,resultsfantastic,2,10039,0.005339098771264996
News Articles,butalso,2,1506,0.005339098771264996
News Articles,harm,2,5171,0.005339098771264996
News Articles,assetsdangerswhatsorbit,2,974,0.005339098771264996
News Articles,therefew,2,11766,0.005339098771264996
News Articles,threaten,2,11849,0.005339098771264996
News Articles,serve,2,10450,0.005339098771264996
News Articles,peoplethe,2,8626,0.005339098771264996
News Articles,absorbs,2,56,0.005339098771264996
News Articles,stormsheatsand,2,11068,0.005339098771264996
News Articles,layerthe,2,6462,0.010678197542529992
News Articles,extends,2,4197,0.005339098771264996
News Articles,kilometersroughly,2,6255,0.005339098771264996
News Articles,satellitesstarlink,2,10259,0.005339098771264996
News Articles,releasedbatches,2,9808,0.005339098771264996
News Articles,destroyedearly,2,2958,0.005339098771264996
News Articles,becausea,2,1201,0.005339098771264996
News Articles,wikimediacommons,2,12938,0.005339098771264996
News Articles,situationexactly,2,10663,0.005339098771264996
News Articles,demisethe,2,2868,0.005339098771264996
News Articles,satellitesfebruary,2,10254,0.005339098771264996
News Articles,offfalcon,2,8171,0.005339098771264996
News Articles,rocket,2,10148,0.010678197542529992
News Articles,intolowaltitude,2,5995,0.005339098771264996
News Articles,somewhere,2,10752,0.005339098771264996
News Articles,enginesslowly,2,3771,0.005339098771264996
News Articles,overcome,2,8440,0.010678197542529992
News Articles,forcedrag,2,4592,0.005339098771264996
News Articles,altitudeapproximately,2,462,0.005339098771264996
News Articles,batchstarlink,2,1188,0.005339098771264996
News Articles,encounteredgeomagnetic,2,3733,0.005339098771264996
News Articles,stillvery,2,11032,0.005339098771264996
News Articles,lowearth,2,6814,0.005339098771264996
News Articles,engine,2,3764,0.005339098771264996
News Articles,falling,2,4260,0.005339098771264996
News Articles,dragjust,2,3296,0.005339098771264996
News Articles,increasehighenergy,2,5696,0.005339098771264996
News Articles,shieldinga,2,10529,0.005339098771264996
News Articles,buildupelectrons,2,1481,0.005339098771264996
News Articles,dischargewhatbasicallysmall,2,3110,0.005339098771264996
News Articles,lightning,2,6627,0.03737369139885497
News Articles,strike,2,11117,0.010678197542529992
News Articles,penetrating,2,8615,0.010678197542529992
News Articles,radiationcharged,2,9475,0.005339098771264996
News Articles,mild,2,7265,0.005339098771264996
News Articles,alter,2,450,0.005339098771264996
News Articles,electronic,2,3654,0.016017296313794987
News Articles,errorsany,2,3873,0.005339098771264996
News Articles,occurssomething,2,8136,0.005339098771264996
News Articles,fixable,2,4403,0.005339098771264996
News Articles,rarehappen,2,9524,0.005339098771264996
News Articles,abilitysatellitescommunicate,2,17,0.005339098771264996
News Articles,relyradio,2,9839,0.005339098771264996
News Articles,distorts,2,3189,0.005339098771264996
News Articles,wavessome,2,12704,0.005339098771264996
News Articles,equivalentthe,2,3860,0.005339098771264996
News Articles,calibrationsplace,2,1548,0.005339098771264996
News Articles,forquiet,2,4694,0.005339098771264996
News Articles,makesdifficultlock,2,6943,0.005339098771264996
News Articles,throw,2,11872,0.010678197542529992
News Articles,positioninga,2,8949,0.005339098771264996
News Articles,meter,2,7207,0.010678197542529992
News Articles,maritime,2,6988,0.005339098771264996
News Articles,robotics,2,10144,0.005339098771264996
News Articles,transportation,2,12061,0.005339098771264996
News Articles,farming,2,4265,0.005339098771264996
News Articles,military,2,7272,0.010678197542529992
News Articles,errorsa,2,3872,0.005339098771264996
News Articles,simply,2,10634,0.010678197542529992
News Articles,tenable,2,11561,0.005339098771264996
News Articles,positioningwell,2,8951,0.005339098771264996
News Articles,howprotect,2,5418,0.005339098771264996
News Articles,modern,2,7453,0.005339098771264996
News Articles,worldfunction,2,13171,0.005339098771264996
News Articles,protecting,2,9322,0.005339098771264996
News Articles,weatheran,2,12754,0.005339098771264996
News Articles,arearesearch,2,872,0.005339098771264996
News Articles,canminimizedshielding,2,1605,0.005339098771264996
News Articles,radiationdeveloping,2,9476,0.005339098771264996
News Articles,resistantradiation,2,9997,0.005339098771264996
News Articles,thereonlymuch,2,11774,0.005339098771264996
News Articles,candonethe,2,1581,0.005339098771264996
News Articles,facea,2,4220,0.005339098771264996
News Articles,makepossiblepreemptively,2,6936,0.005339098771264996
News Articles,assetsa,2,973,0.005339098771264996
News Articles,extentshutting,2,4201,0.005339098771264996
News Articles,electronicsreorienting,2,3659,0.005339098771264996
News Articles,protected,2,9320,0.005339098771264996
News Articles,forecastinggeomagnetic,2,4616,0.005339098771264996
News Articles,followingcoronal,2,4571,0.005339098771264996
News Articles,ejectiongeomagnetic,2,3623,0.005339098771264996
News Articles,beforethe,2,1252,0.005339098771264996
News Articles,daythe,2,2745,0.005339098771264996
News Articles,anyway,2,758,0.005339098771264996
News Articles,sunlikechild,2,11339,0.005339098771264996
News Articles,tantrum,2,11515,0.005339098771264996
News Articles,lifego,2,6613,0.005339098771264996
News Articles,everchanging,2,3995,0.005339098771264996
News Articles,disposition,2,3172,0.005339098771264996
News Articles,piyush,2,8826,0.005339098771264996
News Articles,mehta,2,7149,0.005339098771264996
News Articles,assistant,2,993,0.010678197542529992
News Articles,professormechanical,2,9236,0.005339098771264996
News Articles,articlerepublished,2,939,0.005339098771264996
News Articles,conversation,2,2405,0.005339098771264996
News Articles,undercreative,2,12196,0.005339098771264996
News Articles,license,2,6606,0.005339098771264996
News Articles,original,2,8367,0.005339098771264996
News Articles,article,2,938,0.005339098771264996
News Articles,describes,2,2933,0.005339098771264996
News Articles,technologyearth,2,11540,0.005339098771264996
News Articles,academyscienceswashington,2,70,0.005339098771264996
News Articles,quantifies,2,9427,0.005339098771264996
News Articles,riskextreme,2,10122,0.005339098771264996
News Articles,drivenmagnetic,2,3313,0.005339098771264996
News Articles,instancesextreme,2,5874,0.005339098771264996
News Articles,categorized,2,1729,0.005339098771264996
News Articles,havelow,2,5208,0.005339098771264996
News Articles,obviously,2,8103,0.005339098771264996
News Articles,sunearths,2,11323,0.005339098771264996
News Articles,blood,2,1378,0.005339098771264996
News Articles,fisher,2,4398,0.005339098771264996
News Articles,headquarterswashingtonmitigate,2,5241,0.005339098771264996
News Articles,issuesis,2,6115,0.005339098771264996
News Articles,thatbetter,2,11613,0.005339098771264996
News Articles,besides,2,1322,0.005339098771264996
News Articles,emittingcontinuous,2,3705,0.005339098771264996
News Articles,streamplasma,2,11103,0.005339098771264996
News Articles,periodically,2,8667,0.005339098771264996
News Articles,billionstonsmatter,2,1353,0.005339098771264996
News Articles,immense,2,5534,0.005339098771264996
News Articles,cloudsmaterial,2,1966,0.005339098771264996
News Articles,stormsthe,2,11074,0.010678197542529992
News Articles,currentswires,2,2631,0.005339098771264996
News Articles,disrupting,2,3176,0.010678197542529992
News Articles,dislocationearths,2,3162,0.005339098771264996
News Articles,inventionthe,2,6013,0.005339098771264996
News Articles,telegraphthecenturycatastrophic,2,11545,0.005339098771264996
News Articles,failurecommercial,2,4246,0.005339098771264996
News Articles,infrastructurespace,2,5816,0.005339098771264996
News Articles,canmitigated,2,1606,0.005339098771264996
News Articles,raising,2,9497,0.005339098771264996
News Articles,preventive,2,9107,0.005339098771264996
News Articles,actionsplans,2,154,0.005339098771264996
News Articles,trendincreased,2,12076,0.005339098771264996
News Articles,dependencymodern,2,2898,0.005339098771264996
News Articles,vulnerablethe,2,12586,0.005339098771264996
News Articles,studyassess,2,11162,0.005339098771264996
News Articles,participatedthe,2,8525,0.005339098771264996
News Articles,possibilitya,2,8954,0.005339098771264996
News Articles,similarnatural,2,10625,0.005339098771264996
News Articles,disastersearth,2,3106,0.005339098771264996
News Articles,frompublic,2,4788,0.005339098771264996
News Articles,perspectiveis,2,8743,0.005339098771264996
News Articles,thathave,2,11629,0.005339098771264996
News Articles,begun,2,1278,0.005339098771264996
News Articles,extremely,2,4214,0.005339098771264996
News Articles,taskassessing,2,11520,0.005339098771264996
News Articles,quantitative,2,9429,0.005339098771264996
News Articles,daniel,2,2675,0.005339098771264996
News Articles,professor,2,9234,0.005339098771264996
News Articles,universitycoloradoboulder,2,12257,0.005339098771264996
News Articles,whetheris,2,12889,0.005339098771264996
News Articles,catastrophesextreme,2,1722,0.005339098771264996
News Articles,candevastatingmodern,2,1578,0.005339098771264996
News Articles,dependa,2,2894,0.005339098771264996
News Articles,myriadwaysadvanced,2,7583,0.005339098771264996
News Articles,bakerwere,2,1149,0.005339098771264996
News Articles,delighted,2,2853,0.005339098771264996
News Articles,helped,2,5280,0.005339098771264996
News Articles,dozensworld,2,3287,0.005339098771264996
News Articles,governmentshare,2,5039,0.005339098771264996
News Articles,planningimproved,2,8849,0.005339098771264996
News Articles,suncurrently,2,11318,0.005339098771264996
News Articles,minimumits,2,7291,0.005339098771264996
News Articles,cycleis,2,2647,0.005339098771264996
News Articles,increasefrequency,2,5695,0.005339098771264996
News Articles,expectedoccur,2,4110,0.005339098771264996
News Articles,buckle,2,1464,0.005339098771264996
News Articles,upunusual,2,12323,0.005339098771264996
News Articles,amountsolar,2,490,0.005339098771264996
News Articles,relies,2,9831,0.005339098771264996
News Articles,onon,2,8244,0.005339098771264996
News Articles,watchnearly,2,12696,0.005339098771264996
News Articles,advising,2,290,0.005339098771264996
News Articles,publicat,2,9373,0.005339098771264996
News Articles,ejectionswellsunspots,2,3628,0.005339098771264996
News Articles,coveringarea,2,2543,0.005339098771264996
News Articles,itselfsevere,2,6134,0.005339098771264996
News Articles,stormgthe,2,11046,0.005339098771264996
News Articles,secondhighest,2,10368,0.005339098771264996
News Articles,gradethegovernments,2,5046,0.005339098771264996
News Articles,systemradiation,2,11467,0.005339098771264996
News Articles,beganhit,2,1260,0.005339098771264996
News Articles,fieldfriday,2,4336,0.005339098771264996
News Articles,weekend,2,12801,0.016017296313794987
News Articles,noaafriday,2,7834,0.005339098771264996
News Articles,stormgextreme,2,11045,0.005339098771264996
News Articles,warningextreme,2,12616,0.005339098771264996
News Articles,gridwellsatellite,2,5083,0.005339098771264996
News Articles,releaseenergy,2,9810,0.005339098771264996
News Articles,earthwhen,2,3500,0.005339098771264996
News Articles,planetcauses,2,8842,0.005339098771264996
News Articles,ionospherelayerthe,2,6055,0.005339098771264996
News Articles,atmospherethose,2,1035,0.005339098771264996
News Articles,spacecraftorbit,2,10800,0.005339098771264996
News Articles,altering,2,452,0.005339098771264996
News Articles,orientationpotentially,2,8362,0.005339098771264996
News Articles,knocking,2,6289,0.005339098771264996
News Articles,electronicsmoreover,2,3658,0.005339098771264996
News Articles,blockdegrade,2,1376,0.005339098771264996
News Articles,tryingpass,2,12094,0.005339098771264996
News Articles,atmospherereach,2,1032,0.005339098771264996
News Articles,bouncing,2,1415,0.005339098771264996
News Articles,normallyto,2,7873,0.005339098771264996
News Articles,rangetheir,2,9514,0.005339098771264996
News Articles,signalssince,2,10600,0.005339098771264996
News Articles,dependsignals,2,2905,0.005339098771264996
News Articles,expecting,2,4134,0.005339098771264996
News Articles,usedplanes,2,12366,0.005339098771264996
News Articles,oceangoing,2,8140,0.005339098771264996
News Articles,vessel,2,12526,0.005339098771264996
News Articles,agriculture,2,353,0.005339098771264996
News Articles,oil,2,8195,0.005339098771264996
News Articles,shortwave,2,10553,0.005339098771264996
News Articles,usedships,2,12369,0.005339098771264996
News Articles,ham,2,5146,0.005339098771264996
News Articles,allwhom,2,422,0.005339098771264996
News Articles,relythe,2,9842,0.005339098771264996
News Articles,airwave,2,382,0.005339098771264996
News Articles,couldscatteredthe,2,2497,0.005339098771264996
News Articles,stormgeomagnetic,2,11044,0.005339098771264996
News Articles,infrastructurenearearth,2,5813,0.005339098771264996
News Articles,saida,2,10217,0.005339098771264996
News Articles,operatorsthese,2,8298,0.005339098771264996
News Articles,systemsthey,2,11477,0.005339098771264996
News Articles,actionconsumer,2,148,0.005339098771264996
News Articles,wireless,2,13023,0.016017296313794987
News Articles,relydifferent,2,9835,0.005339098771264996
News Articles,bandit,2,1156,0.005339098771264996
News Articles,appears,2,771,0.005339098771264996
News Articles,unlikely,2,12271,0.010678197542529992
News Articles,cellular,2,1767,0.032034592627589974
News Articles,featuresyour,2,4285,0.005339098771264996
News Articles,phone,2,8787,0.021356395085059984
News Articles,usemixpure,2,12385,0.005339098771264996
News Articles,towerbased,2,12010,0.005339098771264996
News Articles,trackingevengps,2,12016,0.005339098771264996
News Articles,stillablemaintainrough,2,11026,0.005339098771264996
News Articles,fixso,2,4405,0.005339098771264996
News Articles,longthe,2,6776,0.005339098771264996
News Articles,unaffected,2,12166,0.005339098771264996
News Articles,evenextreme,2,3954,0.005339098771264996
News Articles,resultminimal,2,10038,0.005339098771264996
News Articles,impactpublic,2,5544,0.005339098771264996
News Articles,ofsight,2,8191,0.005339098771264996
News Articles,andfirstorder,2,586,0.005339098771264996
News Articles,impactconsumer,2,5538,0.005339098771264996
News Articles,accordingresearchers,2,108,0.005339098771264996
News Articles,studyextreme,2,11163,0.005339098771264996
News Articles,conductednoaa,2,2234,0.005339098771264996
News Articles,agencythe,2,335,0.005339098771264996
News Articles,cybersecurity,2,2642,0.005339098771264996
News Articles,outlinedsimilar,2,8411,0.005339098771264996
News Articles,reporta,2,9880,0.005339098771264996
News Articles,presentationspace,2,9080,0.005339098771264996
News Articles,lineofsight,2,6706,0.005339098771264996
News Articles,affectedspace,2,300,0.005339098771264996
News Articles,exceptspecific,2,4048,0.005339098771264996
News Articles,copper,2,2427,0.005339098771264996
News Articles,telephone,2,11547,0.005339098771264996
News Articles,basedlandinslightly,2,1173,0.005339098771264996
News Articles,scenariofebruary,2,10310,0.005339098771264996
News Articles,saidwas,2,10234,0.005339098771264996
News Articles,playedrolethose,2,8867,0.005339098771264996
News Articles,blackoutson,2,1365,0.005339098771264996
News Articles,reiterated,2,9781,0.005339098771264996
News Articles,impactcell,2,5536,0.005339098771264996
News Articles,shouldslimnone,2,10570,0.005339098771264996
News Articles,unless,2,12268,0.005339098771264996
News Articles,gridweve,2,5084,0.005339098771264996
News Articles,evidencethe,2,4001,0.005339098771264996
News Articles,thatspace,2,11667,0.005339098771264996
News Articles,brent,2,1433,0.005339098771264996
News Articles,gordon,2,5032,0.005339098771264996
News Articles,chiefthe,2,1895,0.005339098771264996
News Articles,told,2,11966,0.005339098771264996
News Articles,reportersa,2,9886,0.005339098771264996
News Articles,callpowernot,2,1554,0.005339098771264996
News Articles,wouldgreatsevere,2,13192,0.005339098771264996
News Articles,jeopardize,2,6174,0.005339098771264996
News Articles,saidexpect,2,10224,0.005339098771264996
News Articles,mistakenly,2,7336,0.005339098771264996
News Articles,trip,2,12082,0.005339098771264996
News Articles,gridin,2,5078,0.005339098771264996
News Articles,blackoutquebec,2,1362,0.005339098771264996
News Articles,canada,2,1564,0.005339098771264996
News Articles,nine,2,7823,0.005339098771264996
News Articles,equipmentin,2,3854,0.005339098771264996
News Articles,octoberextreme,2,8149,0.005339098771264996
News Articles,ledpower,2,6525,0.005339098771264996
News Articles,outagessweden,2,8397,0.005339098771264996
News Articles,transformerssouth,2,12037,0.005339098771264996
News Articles,africa,2,308,0.005339098771264996
News Articles,stormhistory,2,11048,0.005339098771264996
News Articles,stationsspark,2,10995,0.005339098771264996
News Articles,catch,2,1724,0.005339098771264996
News Articles,firea,2,4384,0.005339098771264996
News Articles,blackoutthe,2,1368,0.005339098771264996
News Articles,cellphone,2,1765,0.005339098771264996
News Articles,tower,2,12009,0.010678197542529992
News Articles,lose,2,6787,0.005339098771264996
News Articles,powercould,2,9000,0.005339098771264996
News Articles,informationstill,2,5796,0.005339098771264996
News Articles,generator,2,4914,0.005339098771264996
News Articles,mobile,2,7356,0.005339098771264996
News Articles,deploythe,2,2913,0.005339098771264996
News Articles,disasterother,2,3105,0.005339098771264996
News Articles,watchwordsall,2,12698,0.005339098771264996
News Articles,providerseventhe,2,9356,0.005339098771264996
News Articles,consumer,2,2318,0.005339098771264996
News Articles,haveworry,2,5219,0.005339098771264996
News Articles,howkeep,2,5417,0.005339098771264996
News Articles,onlineasto,2,8230,0.005339098771264996
News Articles,underscore,2,12208,0.005339098771264996
News Articles,thegovernments,2,11710,0.005339098771264996
News Articles,advicethe,2,289,0.005339098771264996
News Articles,publichowprepare,2,9374,0.005339098771264996
News Articles,resembles,2,9986,0.005339098771264996
News Articles,takeresponsean,2,11501,0.005339098771264996
News Articles,outagefor,2,8395,0.005339098771264996
News Articles,recommends,2,9607,0.005339098771264996
News Articles,batteriesa,2,1189,0.005339098771264996
News Articles,handpowered,2,5156,0.005339098771264996
News Articles,charger,2,1881,0.005339098771264996
News Articles,wantdisconnect,2,12598,0.005339098771264996
News Articles,appliancesprotect,2,776,0.005339098771264996
News Articles,electricity,2,3645,0.005339098771264996
News Articles,usage,2,12334,0.005339098771264996
News Articles,duringsolar,2,3438,0.010678197542529992
News Articles,wantkeep,2,12603,0.005339098771264996
News Articles,car,2,1682,0.005339098771264996
News Articles,tankleast,2,11514,0.005339098771264996
News Articles,halffullthat,2,5140,0.005339098771264996
News Articles,younot,2,13250,0.005339098771264996
News Articles,needvisitgas,2,7758,0.005339098771264996
News Articles,electricityoperate,2,3646,0.005339098771264996
News Articles,pumpscnns,2,9385,0.005339098771264996
News Articles,ashley,2,946,0.005339098771264996
News Articles,strickland,2,11115,0.005339098771264996
News Articles,contributedthis,2,2394,0.005339098771264996
News Articles,soonablesee,2,10755,0.005339098771264996
News Articles,mappinglightning,2,6978,0.005339098771264996
News Articles,activityearth,2,170,0.005339098771264996
News Articles,keepcloser,2,6227,0.005339098771264996
News Articles,eyesolar,2,4217,0.005339098771264996
News Articles,unleashedthe,2,12267,0.005339098771264996
News Articles,thanksa,2,11603,0.005339098771264996
News Articles,satellitetogether,2,10264,0.005339098771264996
News Articles,goesuthe,2,5007,0.005339098771264996
News Articles,satellitemissiontuesdaythe,2,10250,0.005339098771264996
News Articles,aboardspacex,2,30,0.005339098771264996
News Articles,falcon,2,4257,0.005339098771264996
News Articles,kennedy,2,6233,0.005339098771264996
News Articles,centerflorida,2,1778,0.005339098771264996
News Articles,et,2,3937,0.005339098771264996
News Articles,livenasas,2,6738,0.005339098771264996
News Articles,conditionsflorida,2,2214,0.005339098771264996
News Articles,forlaunchthe,2,4659,0.005339098771264996
News Articles,beginningthe,2,1273,0.005339098771264996
News Articles,windowgoesuthe,2,13013,0.005339098771264996
News Articles,satellitethe,2,10263,0.005339098771264996
News Articles,satellitesseries,2,10258,0.005339098771264996
News Articles,weatherobserving,2,12773,0.005339098771264996
News Articles,environmentalmonitoring,2,3823,0.005339098771264996
News Articles,accordingnoaathe,2,106,0.005339098771264996
News Articles,goesr,2,5002,0.010678197542529992
News Articles,seriessatellites,2,10446,0.005339098771264996
News Articles,beengame,2,1230,0.005339098771264996
News Articles,ken,2,6232,0.005339098771264996
News Articles,graham,2,5052,0.010678197542529992
News Articles,duringmonday,2,3434,0.005339098771264996
News Articles,generationgoes,2,4911,0.005339098771264996
News Articles,enabled,2,3719,0.005339098771264996
News Articles,serviceshelp,2,10459,0.005339098771264996
News Articles,save,2,10272,0.005339098771264996
News Articles,propertyonce,2,9306,0.005339098771264996
News Articles,reachesgeostationary,2,9557,0.005339098771264996
News Articles,orbita,2,8322,0.005339098771264996
News Articles,circular,2,1911,0.005339098771264996
News Articles,willrenamed,2,12985,0.005339098771264996
News Articles,goesgoes,2,5000,0.005339098771264996
News Articles,former,2,4673,0.005339098771264996
News Articles,worktandem,2,13167,0.005339098771264996
News Articles,meanwhile,2,7095,0.005339098771264996
News Articles,becomeonorbit,2,1221,0.005339098771264996
News Articles,systemcase,2,11451,0.005339098771264996
News Articles,downtogether,2,3285,0.005339098771264996
News Articles,climatic,2,1951,0.005339098771264996
News Articles,half,2,5138,0.005339098771264996
News Articles,coastafricanew,2,2004,0.005339098771264996
News Articles,zealandwhat,2,13256,0.005339098771264996
News Articles,carryingnew,2,1702,0.005339098771264996
News Articles,capabilitykeepeyespace,2,1665,0.005339098771264996
News Articles,weatheras,2,12756,0.005339098771264996
News Articles,nears,2,7649,0.005339098771264996
News Articles,yearbecomes,2,13234,0.005339098771264996
News Articles,cloudsionized,2,1965,0.005339098771264996
News Articles,atmospherewhen,2,1036,0.005339098771264996
News Articles,outburst,2,8401,0.005339098771264996
News Articles,directedearth,2,3086,0.005339098771264996
News Articles,stormsmajor,2,11069,0.005339098771264996
News Articles,disturbancesearths,2,3203,0.005339098771264996
News Articles,therealwayschance,2,11761,0.005339098771264996
News Articles,willaffectedthe,2,12946,0.005339098771264996
News Articles,stormimpact,2,11049,0.005339098771264996
News Articles,earthyears,2,3501,0.005339098771264996
News Articles,occurredmay,2,8118,0.005339098771264996
News Articles,fortunatelyonly,2,4709,0.005339098771264996
News Articles,aurorasshine,2,1075,0.005339098771264996
News Articles,lightsincreased,2,6630,0.005339098771264996
News Articles,dance,2,2670,0.005339098771264996
News Articles,lightsaurora,2,6628,0.010678197542529992
News Articles,energized,2,3753,0.005339098771264996
News Articles,atmospherecreate,2,1026,0.005339098771264996
News Articles,colored,2,2055,0.005339098771264996
News Articles,lightsthe,2,6631,0.005339098771264996
News Articles,skygoesu,2,10679,0.005339098771264996
News Articles,detectionspace,2,2975,0.005339098771264996
News Articles,detect,2,2967,0.005339098771264996
News Articles,ejectionswellcharacterize,2,3627,0.005339098771264996
News Articles,directionthese,2,3091,0.005339098771264996
News Articles,whichwhere,2,12909,0.005339098771264996
News Articles,originate,2,8369,0.005339098771264996
News Articles,centerissue,2,1782,0.005339098771264996
News Articles,onefour,2,8211,0.005339098771264996
News Articles,daysadvance,2,2736,0.005339098771264996
News Articles,marknew,2,6993,0.005339098771264996
News Articles,chapterspace,2,1869,0.005339098771264996
News Articles,observatoions,2,8045,0.005339098771264996
News Articles,coronagraphthe,2,2440,0.005339098771264996
News Articles,firstever,2,4389,0.005339098771264996
News Articles,coronagraphbetter,2,2437,0.005339098771264996
News Articles,steve,2,11024,0.005339098771264996
News Articles,volz,2,12579,0.005339098771264996
News Articles,administrator,2,263,0.005339098771264996
News Articles,servicethis,2,10462,0.005339098771264996
News Articles,deliver,2,2855,0.005339098771264996
News Articles,imagerythe,2,5519,0.005339098771264996
News Articles,coronaour,2,2446,0.005339098771264996
News Articles,timeusedtake,2,11932,0.005339098771264996
News Articles,hereearthputting,2,5290,0.005339098771264996
News Articles,assetsrisk,2,976,0.005339098771264996
News Articles,havingbetter,2,5220,0.005339098771264996
News Articles,helpbetter,2,5278,0.005339098771264996
News Articles,hazardsthey,2,5236,0.005339098771264996
News Articles,actionfrom,2,149,0.005339098771264996
News Articles,caribbean,2,1688,0.005339098771264996
News Articles,atlantic,2,1022,0.010678197542529992
News Articles,oceanthe,2,8143,0.005339098771264996
News Articles,coastafricafrom,2,2003,0.005339098771264996
News Articles,willablespot,2,12943,0.005339098771264996
News Articles,tropical,2,12086,0.005339098771264996
News Articles,send,2,10419,0.005339098771264996
News Articles,alertsforecastersthe,2,391,0.005339098771264996
News Articles,formthe,2,4686,0.005339098771264996
News Articles,carriessuitescience,2,1695,0.005339098771264996
News Articles,enableto,2,3722,0.005339098771264996
News Articles,datahurricanes,2,2700,0.005339098771264996
News Articles,upperlevel,2,12313,0.005339098771264996
News Articles,risksgoesu,2,10125,0.005339098771264996
News Articles,mapper,2,6975,0.010678197542529992
News Articles,flowngeostationary,2,4468,0.005339098771264996
News Articles,orbitstorms,2,8346,0.005339098771264996
News Articles,tendshow,2,11565,0.005339098771264996
News Articles,spikeslightning,2,10880,0.005339098771264996
News Articles,intensify,2,5925,0.005339098771264996
News Articles,meteorologistsbetter,2,7205,0.005339098771264996
News Articles,willcapablecausing,2,12952,0.005339098771264996
News Articles,flash,2,4449,0.005339098771264996
News Articles,flooding,2,4461,0.010678197542529992
News Articles,hail,2,5136,0.005339098771264996
News Articles,damaging,2,2667,0.005339098771264996
News Articles,windsspawning,2,13018,0.005339098771264996
News Articles,tornadoesthe,2,11996,0.005339098771264996
News Articles,ratetimes,2,9530,0.005339098771264996
News Articles,secondordertrack,2,10369,0.005339098771264996
News Articles,sullivan,2,11288,0.010678197542529992
News Articles,cameragoesu,2,1559,0.005339098771264996
News Articles,zoomto,2,13264,0.005339098771264996
News Articles,conditionsoftenevery,2,2222,0.005339098771264996
News Articles,secondscapability,2,10370,0.005339098771264996
News Articles,pam,2,8486,0.005339098771264996
News Articles,noaaforecasters,2,7833,0.005339098771264996
News Articles,goesus,2,5006,0.005339098771264996
News Articles,instrumentsidentify,2,5903,0.005339098771264996
News Articles,riskswildfires,2,10126,0.005339098771264996
News Articles,smoke,2,10707,0.005339098771264996
News Articles,tracker,2,12013,0.005339098771264996
News Articles,motionthe,2,7511,0.005339098771264996
News Articles,mapperdetermine,2,6976,0.005339098771264996
News Articles,likeliestigniting,2,6639,0.005339098771264996
News Articles,wildfiresother,2,12939,0.005339098771264996
News Articles,imageryfog,2,5513,0.005339098771264996
News Articles,sea,2,10361,0.010678197542529992
News Articles,travelwelldetecting,2,12068,0.005339098771264996
News Articles,volcanic,2,12576,0.005339098771264996
News Articles,ash,2,945,0.005339098771264996
News Articles,sulfur,2,11287,0.005339098771264996
News Articles,dioxide,2,3081,0.005339098771264996
News Articles,belched,2,1287,0.005339098771264996
News Articles,outvolcanoes,2,8433,0.005339098771264996
News Articles,alsoablemonitor,2,431,0.005339098771264996
News Articles,river,2,10128,0.005339098771264996
News Articles,eventslarge,2,3978,0.005339098771264996
News Articles,sectionsearths,2,10374,0.005339098771264996
News Articles,moisture,2,7464,0.005339098771264996
News Articles,capablecausing,2,1670,0.005339098771264996
News Articles,mudslidesin,2,7534,0.005339098771264996
News Articles,additionearly,2,235,0.005339098771264996
News Articles,warninghurricane,2,12617,0.005339098771264996
News Articles,dataearths,2,2696,0.005339098771264996
News Articles,suchsignsmarine,2,11250,0.005339098771264996
News Articles,food,2,4583,0.005339098771264996
News Articles,leadmass,2,6487,0.005339098771264996
News Articles,coral,2,2429,0.005339098771264996
News Articles,bleaching,2,1374,0.005339098771264996
News Articles,designedkeep,2,2945,0.005339098771264996
News Articles,multibilliondollar,2,7538,0.005339098771264996
News Articles,whileorbit,2,12916,0.005339098771264996
News Articles,shortwhats,2,10554,0.005339098771264996
News Articles,proneerrors,2,9288,0.005339098771264996
News Articles,accordingspace,2,109,0.005339098771264996
News Articles,expertsa,2,4159,0.005339098771264996
News Articles,publishedamerican,2,9379,0.005339098771264996
News Articles,shortfallsspace,2,10549,0.005339098771264996
News Articles,scrutinizedfebruary,2,10354,0.005339098771264996
News Articles,destroyed,2,2957,0.010678197542529992
News Articles,duringprolonged,2,3436,0.005339098771264996
News Articles,storma,2,11040,0.005339098771264996
News Articles,happens,2,5165,0.005339098771264996
News Articles,disruptionearths,2,3178,0.005339098771264996
News Articles,debilitating,2,2755,0.005339098771264996
News Articles,eventanalysis,2,3964,0.005339098771264996
News Articles,madeimpossible,2,6856,0.005339098771264996
News Articles,hightech,2,5339,0.005339098771264996
News Articles,machinesfind,2,6846,0.005339098771264996
News Articles,fell,2,4305,0.005339098771264996
News Articles,pound,2,8996,0.005339098771264996
News Articles,upgeomagnetic,2,12307,0.005339098771264996
News Articles,destructionnew,2,2959,0.005339098771264996
News Articles,butwas,2,1524,0.005339098771264996
News Articles,adequateunderstand,2,256,0.005339098771264996
News Articles,stormnoaa,2,11064,0.005339098771264996
News Articles,usedpoint,2,12367,0.005339098771264996
News Articles,scalerank,2,10293,0.005339098771264996
News Articles,claim,2,1922,0.005339098771264996
News Articles,insufficientcommercial,2,5911,0.005339098771264996
News Articles,focusedsatellite,2,4537,0.005339098771264996
News Articles,draglowearth,2,3299,0.005339098771264996
News Articles,thusis,2,11878,0.005339098771264996
News Articles,swpcestablish,2,11432,0.005339098771264996
News Articles,coordinationan,2,2421,0.005339098771264996
News Articles,crowded,2,2597,0.005339098771264996
News Articles,stateda,2,10970,0.005339098771264996
News Articles,fix,2,4402,0.005339098771264996
News Articles,maychallengingauthors,2,7052,0.005339098771264996
News Articles,believe,2,1288,0.005339098771264996
News Articles,stormswith,2,11078,0.005339098771264996
News Articles,hoped,2,5371,0.005339098771264996
News Articles,willbetter,2,12951,0.005339098771264996
News Articles,ablepredict,2,24,0.005339098771264996
News Articles,magnitudesgeomagnetic,2,6910,0.005339098771264996
News Articles,producem,2,9214,0.005339098771264996
News Articles,operatorsnoaa,2,8294,0.005339098771264996
News Articles,expects,2,4135,0.005339098771264996
News Articles,eventswhat,2,3989,0.005339098771264996
News Articles,satellitesbecome,2,10253,0.005339098771264996
News Articles,frequentthe,2,4748,0.005339098771264996
News Articles,rampsand,2,9498,0.005339098771264996
News Articles,emit,2,3702,0.005339098771264996
News Articles,eruptionsenergy,2,3884,0.005339098771264996
News Articles,spacethis,2,10812,0.005339098771264996
News Articles,programscommunications,2,9249,0.005339098771264996
News Articles,electronicsearths,2,3657,0.005339098771264996
News Articles,surfaceif,2,11387,0.005339098771264996
News Articles,canputsafe,2,1621,0.005339098771264996
News Articles,modebetter,2,7359,0.005339098771264996
News Articles,worstcase,2,13176,0.005339098771264996
News Articles,haveeconomic,2,5202,0.005339098771264996
News Articles,similara,2,10619,0.005339098771264996
News Articles,hurricanea,2,5450,0.005339098771264996
News Articles,tsunami,2,12098,0.005339098771264996
News Articles,sten,2,11013,0.005339098771264996
News Articles,odenwaldexpertnasas,2,8156,0.005339098771264996
