Document,Word,DocumentIndex,WordIndex,TfidfValue,WordDifficultyScore,WordDifficulty
Email Alerts,space,0,2225,0.09420939494776512,0.0,easy
Email Alerts,weather,0,2662,0.09420939494776512,0.14,easy
Email Alerts,prediction,0,1807,0.06374647682094287,0.75,hard
Email Alerts,center,0,340,0.0648747330478622,0.03,easy
Email Alerts,geomagnetic,0,1028,0.21775345179543315,0.84,hard
Email Alerts,activity,0,35,0.41632654773323746,0.36,easy
Email Alerts,observation,0,1599,0.0631823487074832,0.37,easy
Email Alerts,forecast,0,965,0.3424257648700205,0.57,hard
Email Alerts,past,0,1705,0.15851999988216764,0.0,easy
Email Alerts,scale,0,2092,0.05979758002672516,0.05,easy
Email Alerts,breakdown,0,279,0.053488507787615235,0.62,hard
Email Alerts,left,0,1329,0.01743402379843351,0.0,easy
Email Alerts,sun,0,2357,0.009026049815354742,0.09,easy
Email Alerts,course,0,529,0.0007264176582680629,0.0,easy
Email Alerts,solar,0,2205,0.4828936651214787,0.73,hard
Email Alerts,radiation,0,1922,0.10944085401117624,0.47,easy
Email Alerts,go,0,1040,0.03384768680758028,0.0,easy
Email Alerts,storm,0,2303,0.1280570817553454,0.38,easy
Email Alerts,level,0,1334,0.033283558694120606,0.0,easy
Email Alerts,persist,0,1732,0.015282430796461497,0.69,hard
Email Alerts,period,0,1724,0.10831259778425689,0.01,easy
Email Alerts,given,0,1035,0.005641281134596714,0.0,easy
Email Alerts,particular,0,1697,0.0005641281134596713,0.06,easy
Email Alerts,radio,0,1923,0.1258005693015067,0.22,easy
Email Alerts,blackout,0,263,0.08717011899216756,0.68,hard
Email Alerts,reaching,0,1943,0.02482163699222554,0.6,hard
Email Alerts,likely,0,1348,0.048669983103960215,0.06,easy
Email Alerts,primarily,0,1831,0.0196132767732377,0.59,hard
Email Alerts,magnetic,0,1391,0.01635971529033047,0.65,hard
Email Alerts,complexity,0,438,0.007264176582680629,0.6,hard
Email Alerts,wind,0,2689,0.19349594291666727,0.05,easy
Email Alerts,active,0,34,0.08405508890549103,0.11,easy
Email Alerts,region,0,1982,0.05359217077866878,0.45,easy
Email Alerts,favorable,0,915,0.014528353165361258,0.61,hard
Email Alerts,day,0,565,0.010718434155733755,0.0,easy
Email Alerts,since,0,2181,0.0011282562269193427,0.0,easy
Email Alerts,threshold,0,2460,0.012416975022124967,0.65,hard
Email Alerts,correction,0,516,0.0038206076991153743,0.64,hard
Email Alerts,slight,0,2190,0.0592194193362883,0.38,easy
Email Alerts,chance,0,352,0.18147886570798027,0.01,easy
Email Alerts,strong,0,2317,0.0022565124538386854,0.0,easy
Email Alerts,event,0,831,0.054156298892128446,0.05,easy
Email Alerts,complex,0,437,0.019744483971088498,0.02,easy
Email Alerts,visible,0,2638,0.027603871014186394,0.47,easy
Email Alerts,disk,0,670,0.03850013588820734,0.42,easy
Email Alerts,next,0,1556,0.006769537361516056,0.0,easy
Email Alerts,potential,0,1793,0.011846690382653098,0.24,easy
Email Alerts,flare,0,946,0.06543886116132187,0.43,easy
Email Alerts,recent,0,1959,0.0005641281134596713,0.03,easy
Email Alerts,increasing,0,1174,0.007264176582680629,0.45,easy
Email Alerts,following,0,961,0.005084923607876441,0.03,easy
Email Alerts,near,0,1536,0.018616227744169156,0.01,easy
Email Alerts,magnetically,0,1392,0.011461823097346122,0.82,hard
Email Alerts,low,0,1378,0.056976939459426806,0.0,easy
Email Alerts,greater,0,1061,0.24407633317806912,0.1,easy
Email Alerts,proton,0,1882,0.0727725266362976,0.76,hard
Email Alerts,elevated,0,763,0.010506671172567277,0.72,hard
Email Alerts,western,0,2675,0.02687745335591833,0.47,easy
Email Alerts,limb,0,1350,0.029056706330722517,0.62,hard
Email Alerts,minor,0,1478,0.04067938886301153,0.22,easy
Email Alerts,glancing,0,1037,0.030564861592922994,0.76,hard
Email Alerts,blow,0,267,0.021013342345134554,0.02,easy
Email Alerts,associated,0,172,0.036104199261418966,0.64,hard
Email Alerts,transit,0,2499,0.006686063473451904,0.59,hard
Email Alerts,moderate,0,1493,0.06399517896018252,0.46,easy
Email Alerts,transient,0,2498,0.005084923607876441,0.71,hard
Email Alerts,influence,0,1187,0.02989879001336258,0.13,easy
Email Alerts,effect,0,740,0.028770533786443238,0.0,easy
Email Alerts,due,0,716,0.005730911548673061,0.02,easy
Email Alerts,early,0,720,0.0022565124538386854,0.0,easy
Email Alerts,previous,0,1829,0.0022565124538386854,0.08,easy
Email Alerts,wane,0,2648,0.010506671172567277,0.68,hard
Email Alerts,isolated,0,1265,0.03629577314159605,0.57,hard
Email Alerts,storming,0,2304,0.014327278871682652,0.78,hard
Email Alerts,first,0,939,0.011846690382653098,0.0,easy
Email Alerts,current,0,551,0.004513024907677371,0.01,easy
Email Alerts,total,0,2482,0.06656711738824121,0.02,easy
Email Alerts,continue,0,492,0.006205409248056385,0.08,easy
Email Alerts,remain,0,1999,0.006537758924412566,0.2,easy
Email Alerts,approach,0,136,0.0029056706330722517,0.08,easy
Email Alerts,ambient,0,104,0.004775759623894218,0.79,hard
Email Alerts,currently,0,552,0.031027046240281925,0.54,easy
Email Alerts,alert,0,87,0.0021792529748041888,0.32,easy
Email Alerts,positive,0,1788,0.04431147715435184,0.23,easy
Email Alerts,increase,0,1173,0.002820640567298357,0.01,easy
Email Alerts,rotating,0,2065,0.0019103038495576871,0.77,hard
Email Alerts,connection,0,470,0.0009551519247788436,0.06,easy
Email Alerts,earth,0,721,0.002820640567298357,0.0,easy
Email Alerts,sunspot,0,2359,0.041405806521279585,0.74,hard
Email Alerts,exit,0,855,0.004775759623894218,0.48,easy
Email Alerts,decrease,0,576,0.0029056706330722517,0.61,hard
Email Alerts,subsequent,0,2333,0.0007264176582680629,0.68,hard
Email Alerts,negative,0,1542,0.048669983103960215,0.29,easy
Email Alerts,persistent,0,1734,0.0029056706330722517,0.66,hard
Email Alerts,message,0,1457,0.019180355857628825,0.05,easy
Email Alerts,code,0,390,0.012349100190557068,0.32,easy
Email Alerts,number,0,1592,0.054481324370104715,0.0,easy
Email Alerts,time,0,2464,0.024257508878765866,0.0,easy
Email Alerts,warning,0,2652,0.0039488967942177,0.28,easy
Email Alerts,weak,0,2658,0.02179252974804189,0.21,easy
Email Alerts,power,0,1797,0.005077153021137042,0.0,easy
Email Alerts,grid,0,1065,0.0039488967942177,0.67,hard
Email Alerts,aurora,0,198,0.0039488967942177,0.77,hard
Email Alerts,michigan,0,1464,0.0021792529748041888,0.77,hard
Email Alerts,valid,0,2606,0.0038206076991153743,0.58,hard
Email Alerts,condition,0,457,0.0029056706330722517,0.04,easy
Email Alerts,occur,0,1610,0.002820640567298357,0.48,easy
Email Alerts,experience,0,861,0.0021792529748041888,0.0,easy
Email Alerts,voltage,0,2645,0.0011282562269193427,0.71,hard
Email Alerts,satellite,0,2082,0.0022565124538386854,0.65,hard
Email Alerts,orientation,0,1644,0.013075517848825132,0.68,hard
Email Alerts,high,0,1107,0.040053096055636665,0.0,easy
Email Alerts,frequency,0,985,0.0039488967942177,0.66,hard
Email Alerts,propagation,0,1872,0.0022565124538386854,0.77,hard
Email Alerts,state,0,2281,0.001692384340379014,0.0,easy
Email Alerts,integral,0,1216,0.0038206076991153743,0.7,hard
Email Alerts,flux,0,958,0.08743985758624906,0.46,easy
Email Alerts,noon,0,1570,0.0009551519247788436,0.66,hard
Email Alerts,burst,0,298,0.0029056706330722517,0.15,easy
Email Alerts,electromagnetic,0,758,0.0005641281134596713,0.83,hard
Email Alerts,background,0,219,0.01670760614016545,0.04,easy
Email Alerts,cause,0,334,0.0011282562269193427,0.0,easy
Email Alerts,interference,0,1233,0.0007264176582680629,0.61,hard
Email Alerts,sensitive,0,2122,0.0007264176582680629,0.45,easy
Email Alerts,radar,0,1919,0.0007264176582680629,0.67,hard
Email Alerts,major,0,1400,0.0005641281134596713,0.0,easy
Email Alerts,typically,0,2535,0.0011282562269193427,0.74,hard
Email Alerts,coronal,0,512,0.01241081849611277,0.76,hard
Email Alerts,mass,0,1425,0.001692384340379014,0.1,easy
Email Alerts,velocity,0,2624,0.0005641281134596713,0.75,hard
Email Alerts,class,0,374,0.0029056706330722517,0.01,easy
Email Alerts,sunlit,0,2358,0.0028654557743365305,0.76,hard
Email Alerts,subsolar,0,2336,0.0009551519247788436,0.8,hard
Email Alerts,wide,0,2685,0.0007264176582680629,0.03,easy
Email Alerts,area,0,147,0.005641281134596714,0.01,easy
Email Alerts,communication,0,425,0.001692384340379014,0.63,hard
Email Alerts,dependent,0,605,0.0009551519247788436,0.26,easy
Email Alerts,upon,0,2590,0.0014528353165361258,0.0,easy
Email Alerts,intensity,0,1222,0.0005641281134596713,0.43,easy
Email Alerts,duration,0,717,0.0014528353165361258,0.7,hard
Email Alerts,please,0,1766,0.0009551519247788436,0.02,easy
Email Alerts,see,0,2113,0.0011282562269193427,0.0,easy
Email Alerts,electron,0,759,0.09138875438046676,0.71,hard
Email Alerts,maximum,0,1436,0.027642277559523896,0.47,easy
Email Alerts,significant,0,2170,0.002820640567298357,0.42,easy
Email Alerts,charging,0,360,0.0005641281134596713,0.75,hard
Email Alerts,none,0,1564,0.0043585059496083775,0.05,easy
Email Alerts,prior,0,1834,0.0007264176582680629,0.4,easy
Email Alerts,centered,0,341,0.010506671172567277,0.68,hard
Email Alerts,limited,0,1352,0.0014528353165361258,0.19,easy
Email Alerts,product,0,1852,0.041405806521279585,0.22,easy
Email Alerts,summary,0,2355,0.16562322608511834,0.7,hard
Email Alerts,numerous,0,1594,0.005077153021137042,0.5,easy
Email Alerts,beyond,0,254,0.01525477082362932,0.05,easy
Email Alerts,east,0,725,0.0014528353165361258,0.18,easy
Email Alerts,west,0,2673,0.008717011899216755,0.1,easy
Email Alerts,decay,0,570,0.010896264874020945,0.58,hard
Email Alerts,quiet,0,1914,0.05302804266520911,0.04,easy
Email Alerts,otherwise,0,1652,0.0029056706330722517,0.25,easy
Email Alerts,unremarkable,0,2580,0.0038206076991153743,0.8,hard
Email Alerts,degree,0,588,0.0021792529748041888,0.06,easy
Email Alerts,long,0,1368,0.001692384340379014,0.0,easy
Email Alerts,filament,0,927,0.013372126946903809,0.74,hard
Email Alerts,lifting,0,1341,0.004775759623894218,0.74,hard
Email Alerts,corresponding,0,520,0.0009551519247788436,0.68,hard
Email Alerts,imagery,0,1142,0.031962376963794774,0.69,hard
Email Alerts,eruption,0,817,0.0078977935884354,0.66,hard
Email Alerts,resulting,0,2030,0.0005641281134596713,0.63,hard
Email Alerts,coronagraph,0,511,0.014667330949951455,0.82,hard
Email Alerts,potentially,0,1794,0.001692384340379014,0.74,hard
Email Alerts,energetic,0,786,0.0315911743537416,0.72,hard
Email Alerts,reflected,0,1976,0.006686063473451904,0.64,hard
Email Alerts,field,0,925,0.13595487534378078,0.0,easy
Email Alerts,ranged,0,1932,0.03820607699115374,0.71,hard
Email Alerts,sustained,0,2375,0.005811341266144503,0.67,hard
Email Alerts,southward,0,2223,0.041405806521279585,0.71,hard
Email Alerts,phi,0,1744,0.03704730057167121,0.74,hard
Email Alerts,predominantly,0,1809,0.01910303849557687,0.81,hard
Email Alerts,environment,0,803,0.014103202836491784,0.61,hard
Email Alerts,throughout,0,2461,0.036668327374878636,0.05,easy
Email Alerts,growth,0,1071,0.014528353165361258,0.02,easy
Email Alerts,either,0,749,0.007333665474975728,0.0,easy
Email Alerts,particle,0,1696,0.02482163699222554,0.71,hard
Email Alerts,varied,0,2616,0.012416975022124967,0.59,hard
Email Alerts,unsettled,0,2583,0.03343031736725952,0.72,hard
Email Alerts,development,0,630,0.0014528353165361258,0.01,easy
Email Alerts,continued,0,493,0.006537758924412566,0.3,easy
Email Alerts,among,0,106,0.001692384340379014,0.0,easy
Email Alerts,small,0,2194,0.0022565124538386854,0.0,easy
Email Alerts,delta,0,594,0.0028654557743365305,0.7,hard
Email Alerts,spot,0,2261,0.021013342345134554,0.1,easy
Email Alerts,writing,0,2705,0.0009551519247788436,0.04,easy
Email Alerts,model,0,1491,0.003384768680758028,0.15,easy
Email Alerts,large,0,1300,0.0022565124538386854,0.0,easy
Email Alerts,south,0,2220,0.0011282562269193427,0.12,easy
Email Alerts,later,0,1308,0.0022565124538386854,0.0,easy
Email Alerts,well,0,2669,0.0039488967942177,0.0,easy
Email Alerts,mostly,0,1512,0.03850013588820734,0.22,easy
Email Alerts,far,0,907,0.0039488967942177,0.0,easy
Email Alerts,crossed,0,541,0.0009551519247788436,0.56,hard
Email Alerts,decreasing,0,577,0.0028654557743365305,0.75,hard
Email Alerts,weakly,0,2660,0.0038206076991153743,0.74,hard
Email Alerts,enhanced,0,793,0.02594989321914488,0.7,hard
Email Alerts,angle,0,117,0.025424618039382202,0.19,easy
Email Alerts,direct,0,649,0.0005641281134596713,0.05,easy
Email Alerts,waning,0,2650,0.0076412153982307485,0.74,hard
Email Alerts,carry,0,327,0.0005641281134596713,0.01,easy
Email Alerts,interact,0,1226,0.0005641281134596713,0.76,hard
Email Alerts,polarity,0,1774,0.010896264874020945,0.79,hard
Email Alerts,hole,0,1116,0.015282430796461497,0.1,easy
Email Alerts,largely,0,1301,0.0005641281134596713,0.43,easy
Email Alerts,plus,0,1768,0.0007264176582680629,0.29,easy
Email Alerts,additional,0,44,0.008717011899216755,0.42,easy
Email Alerts,enhancement,0,794,0.002820640567298357,0.76,hard
Email Alerts,newly,0,1554,0.0005641281134596713,0.6,hard
Email Alerts,simple,0,2174,0.0011282562269193427,0.0,easy
Email Alerts,relatively,0,1991,0.007264176582680629,0.5,easy
Email Alerts,much,0,1518,0.0005641281134596713,0.0,easy
Email Alerts,like,0,1346,0.0005641281134596713,0.0,easy
Email Alerts,four,0,982,0.0014528353165361258,0.0,easy
Email Alerts,spotted,0,2263,0.0043585059496083775,0.71,hard
Email Alerts,beginning,0,240,0.0036320882913403146,0.03,easy
Email Alerts,analyze,0,113,0.0009551519247788436,0.68,hard
Email Alerts,slowly,0,2193,0.004513024907677371,0.2,easy
Email Alerts,strength,0,2312,0.01910303849557687,0.05,easy
Email Alerts,impulsive,0,1160,0.0009551519247788436,0.72,hard
Email Alerts,multiple,0,1519,0.0078977935884354,0.19,easy
Email Alerts,progress,0,1860,0.0007264176582680629,0.09,easy
Email Alerts,however,0,1126,0.00846192170189507,0.0,easy
Email Alerts,northerly,0,1576,0.0009551519247788436,0.71,hard
Email Alerts,speed,0,2250,0.04851501775753173,0.15,easy
Email Alerts,around,0,150,0.018616227744169156,0.0,easy
Email Alerts,predominately,0,1811,0.0019103038495576871,0.84,hard
Email Alerts,combined,0,409,0.0011282562269193427,0.55,hard
Email Alerts,produced,0,1850,0.014103202836491784,0.28,easy
Email Alerts,seen,0,2116,0.0011282562269193427,0.0,easy
Email Alerts,intermediate,0,1235,0.020058190420355716,0.75,hard
Email Alerts,stable,0,2268,0.011461823097346122,0.51,easy
Email Alerts,rotated,0,2064,0.010169847215752882,0.78,hard
Email Alerts,onto,0,1624,0.005811341266144503,0.26,easy
Email Alerts,slightly,0,2191,0.012349100190557068,0.1,easy
Email Alerts,possible,0,1790,0.009590177928814413,0.0,easy
Email Alerts,little,0,1363,0.0021792529748041888,0.0,easy
Email Alerts,physical,0,1750,0.0007264176582680629,0.07,easy
Email Alerts,five,0,941,0.0022565124538386854,0.0,easy
Email Alerts,new,0,1553,0.01692384340379014,0.0,easy
Email Alerts,roughly,0,2067,0.001692384340379014,0.65,hard
Email Alerts,clear,0,379,0.0011282562269193427,0.0,easy
Email Alerts,possibly,0,1791,0.0022565124538386854,0.29,easy
Email Alerts,data,0,563,0.0039488967942177,0.13,easy
Email Alerts,mildly,0,1470,0.010506671172567277,0.67,hard
Email Alerts,yet,0,2709,0.002820640567298357,0.0,easy
Email Alerts,close,0,384,0.0011282562269193427,0.0,easy
Email Alerts,trailer,0,2490,0.005730911548673061,0.47,easy
Email Alerts,fully,0,997,0.0011282562269193427,0.2,easy
Email Alerts,ten,0,2422,0.0014528353165361258,0.06,easy
Email Alerts,responsible,0,2027,0.010154306042274084,0.18,easy
Email Alerts,await,0,213,0.0038206076991153743,0.69,hard
Email Alerts,observatory,0,1602,0.002820640567298357,0.82,hard
Email Alerts,easterly,0,726,0.0009551519247788436,0.74,hard
Email Alerts,faint,0,900,0.004775759623894218,0.51,easy
Email Alerts,narrow,0,1525,0.0007264176582680629,0.13,easy
Email Alerts,modeling,0,1492,0.001692384340379014,0.73,hard
Email Alerts,suggest,0,2349,0.0019103038495576871,0.41,easy
Email Alerts,impressive,0,1155,0.0009551519247788436,0.28,easy
Email Alerts,westerly,0,2674,0.0019103038495576871,0.72,hard
Email Alerts,ejection,0,751,0.0005641281134596713,0.74,hard
Email Alerts,neutral,0,1549,0.0007264176582680629,0.51,easy
Email Alerts,gradually,0,1050,0.0043585059496083775,0.66,hard
Email Alerts,brief,0,283,0.0014528353165361258,0.22,easy
Email Alerts,sector,0,2111,0.0043585059496083775,0.55,hard
Email Alerts,form,0,971,0.0011282562269193427,0.0,easy
Email Alerts,eleven,0,764,0.0009551519247788436,0.57,hard
Email Alerts,trailing,0,2491,0.009551519247788435,0.73,hard
Email Alerts,become,0,236,0.0011282562269193427,0.0,easy
Email Alerts,remains,0,2000,0.005077153021137042,0.19,easy
Email Alerts,fairly,0,902,0.0019103038495576871,0.21,easy
Email Alerts,quickly,0,1913,0.0029056706330722517,0.1,easy
Email Alerts,expanding,0,857,0.0007264176582680629,0.72,hard
Email Alerts,primary,0,1832,0.002820640567298357,0.24,easy
Email Alerts,penumbra,0,1714,0.0019103038495576871,0.76,hard
Email Alerts,moving,0,1517,0.0036320882913403146,0.08,easy
Email Alerts,forward,0,979,0.0007264176582680629,0.01,easy
Email Alerts,though,0,2457,0.001692384340379014,0.0,easy
Email Alerts,gradual,0,1049,0.0038206076991153743,0.71,hard
Email Alerts,rise,0,2050,0.0009551519247788436,0.02,easy
Email Alerts,weakening,0,2659,0.0019103038495576871,0.72,hard
Email Alerts,synoptic,0,2385,0.0014528353165361258,0.77,hard
Email Alerts,thereafter,0,2443,0.008596367323009592,0.7,hard
Email Alerts,diminish,0,645,0.0019103038495576871,0.75,hard
Email Alerts,nearly,0,1538,0.0019103038495576871,0.04,easy
Email Alerts,gamma,0,1010,0.0028654557743365305,0.74,hard
Email Alerts,configuration,0,464,0.0029056706330722517,0.75,hard
Email Alerts,prominence,0,1865,0.0019103038495576871,0.72,hard
Email Alerts,analysis,0,111,0.009590177928814413,0.41,easy
Email Alerts,second,0,2108,0.004513024907677371,0.0,easy
Email Alerts,explosive,0,875,0.0007264176582680629,0.68,hard
Email Alerts,old,0,1621,0.0021792529748041888,0.0,easy
Email Alerts,component,0,440,0.005811341266144503,0.65,hard
Email Alerts,thus,0,2463,0.0007264176582680629,0.1,easy
Email Alerts,position,0,1787,0.007990594240948693,0.0,easy
Email Alerts,occasional,0,1607,0.0019103038495576871,0.59,hard
Email Alerts,edged,0,735,0.0009551519247788436,0.65,hard
Email Alerts,towards,0,2485,0.009443429557484817,0.19,easy
Email Alerts,almost,0,92,0.0007264176582680629,0.0,easy
Email Alerts,mix,0,1487,0.0009551519247788436,0.36,easy
Email Alerts,saw,0,2088,0.001692384340379014,0.0,easy
Email Alerts,nominal,0,1562,0.010896264874020945,0.64,hard
Email Alerts,interaction,0,1227,0.0029056706330722517,0.69,hard
Email Alerts,could,0,524,0.003384768680758028,0.0,easy
Email Alerts,bring,0,287,0.0007264176582680629,0.01,easy
Email Alerts,move,0,1515,0.0005641281134596713,0.0,easy
Email Alerts,leader,0,1319,0.008596367323009592,0.35,easy
Email Alerts,thirteen,0,2455,0.0009551519247788436,0.68,hard
Email Alerts,main,0,1397,0.0011282562269193427,0.01,easy
Email Alerts,today,0,2470,0.001692384340379014,0.0,easy
Email Alerts,underwent,0,2557,0.008596367323009592,0.8,hard
Email Alerts,section,0,2110,0.0021792529748041888,0.1,easy
Email Alerts,revealed,0,2037,0.0007264176582680629,0.58,hard
Email Alerts,recently,0,1960,0.001692384340379014,0.18,easy
Email Alerts,group,0,1067,0.0021792529748041888,0.0,easy
Email Alerts,noted,0,1584,0.0022565124538386854,0.39,easy
Email Alerts,nothing,0,1585,0.0007264176582680629,0.0,easy
Email Alerts,prolific,0,1864,0.0009551519247788436,0.76,hard
Email Alerts,movement,0,1516,0.0019103038495576871,0.17,easy
Email Alerts,another,0,123,0.0039488967942177,0.0,easy
Email Alerts,several,0,2138,0.005641281134596714,0.0,easy
Email Alerts,initial,0,1196,0.0021792529748041888,0.38,easy
Email Alerts,rotate,0,2063,0.0019103038495576871,0.67,hard
Email Alerts,normal,0,1571,0.0007264176582680629,0.04,easy
Email Alerts,related,0,1988,0.0005641281134596713,0.3,easy
Email Alerts,ongoing,0,1622,0.0007264176582680629,0.76,hard
Email Alerts,addition,0,43,0.0007264176582680629,0.05,easy
Email Alerts,southwest,0,2224,0.0014528353165361258,0.65,hard
Email Alerts,arrival,0,153,0.005077153021137042,0.61,hard
Email Alerts,passage,0,1702,0.005730911548673061,0.42,easy
Email Alerts,unknown,0,2572,0.0007264176582680629,0.34,easy
Email Alerts,promptly,0,1870,0.0009551519247788436,0.63,hard
Email Alerts,notably,0,1581,0.0009551519247788436,0.66,hard
Email Alerts,eventually,0,832,0.001692384340379014,0.32,easy
Email Alerts,firmly,0,938,0.0009551519247788436,0.57,hard
Email Alerts,secondary,0,2109,0.0005641281134596713,0.42,easy
Email Alerts,still,0,2300,0.0011282562269193427,0.0,easy
Email Alerts,keep,0,1280,0.0005641281134596713,0.0,easy
Email Alerts,begin,0,239,0.0005641281134596713,0.09,easy
Email Alerts,future,0,1005,0.0005641281134596713,0.0,easy
Email Alerts,pending,0,1710,0.0019103038495576871,0.71,hard
Email Alerts,discreet,0,665,0.0019103038495576871,0.69,hard
Email Alerts,included,0,1166,0.0005641281134596713,0.35,easy
Email Alerts,growing,0,1069,0.0005641281134596713,0.24,easy
Email Alerts,smaller,0,2195,0.0007264176582680629,0.43,easy
Email Alerts,made,0,1387,0.0014528353165361258,0.0,easy
Email Alerts,way,0,2657,0.0011282562269193427,0.0,easy
Email Alerts,inactive,0,1161,0.0019103038495576871,0.55,hard
Email Alerts,halo,0,1076,0.004775759623894218,0.72,hard
Email Alerts,becomes,0,237,0.0029056706330722517,0.02,easy
Email Alerts,available,0,208,0.0011282562269193427,0.03,easy
Email Alerts,average,0,209,0.0005641281134596713,0.08,easy
Email Alerts,latter,0,1312,0.0021792529748041888,0.26,easy
Email Alerts,latitude,0,1311,0.0014528353165361258,0.73,hard
Email Alerts,starting,0,2279,0.0011282562269193427,0.23,easy
Email Alerts,confidence,0,463,0.0029056706330722517,0.26,easy
Email Alerts,grew,0,1064,0.0009551519247788436,0.48,easy
Email Alerts,run,0,2070,0.0011282562269193427,0.0,easy
Email Alerts,output,0,1661,0.0011282562269193427,0.42,easy
Email Alerts,week,0,2664,0.005811341266144503,0.0,easy
Email Alerts,declined,0,575,0.004775759623894218,0.65,hard
Email Alerts,effective,0,741,0.0007264176582680629,0.08,easy
Email Alerts,seven,0,2137,0.0007264176582680629,0.13,easy
Email Alerts,flaring,0,947,0.0038206076991153743,0.76,hard
Email Alerts,penumbral,0,1715,0.0009551519247788436,0.76,hard
Email Alerts,ejecta,0,750,0.0021792529748041888,0.78,hard
Email Alerts,behind,0,243,0.0011282562269193427,0.0,easy
Email Alerts,directed,0,650,0.0022565124538386854,0.13,easy
Email Alerts,based,0,229,0.0007264176582680629,0.01,easy
Email Alerts,away,0,216,0.0021792529748041888,0.0,easy
Email Alerts,exhibit,0,853,0.0009551519247788436,0.59,hard
Email Alerts,lost,0,1376,0.0014528353165361258,0.0,easy
Email Alerts,regime,0,1981,0.005811341266144503,0.65,hard
Email Alerts,displayed,0,674,0.0009551519247788436,0.25,easy
Email Alerts,single,0,2182,0.0014528353165361258,0.01,easy
Email Alerts,line,0,1354,0.001692384340379014,0.0,easy
Email Alerts,orbit,0,1639,0.0727725266362976,0.63,hard
Email Alerts,underway,0,2556,0.0019103038495576871,0.77,hard
Email Alerts,benign,0,249,0.0009551519247788436,0.7,hard
Email Alerts,ranging,0,1933,0.0007264176582680629,0.65,hard
Email Alerts,onset,0,1623,0.0007264176582680629,0.7,hard
Email Alerts,sweep,0,2379,0.011461823097346122,0.39,easy
Email Alerts,along,0,94,0.0039488967942177,0.0,easy
Email Alerts,conformation,0,466,0.0009551519247788436,0.78,hard
Email Alerts,notable,0,1580,0.0021792529748041888,0.61,hard
Email Alerts,eruptive,0,818,0.0021792529748041888,0.73,hard
Email Alerts,periphery,0,1728,0.0028654557743365305,0.77,hard
Email Alerts,end,0,781,0.0029056706330722517,0.0,easy
Email Alerts,reach,0,1942,0.003384768680758028,0.07,easy
Email Alerts,note,0,1583,0.0011282562269193427,0.01,easy
Email Alerts,went,0,2671,0.0014528353165361258,0.0,easy
Email Alerts,network,0,1547,0.0005641281134596713,0.38,easy
Email Alerts,outage,0,1653,0.0009551519247788436,0.75,hard
Email Alerts,intermittent,0,1236,0.0009551519247788436,0.8,hard
Email Alerts,last,0,1304,0.001692384340379014,0.0,easy
Email Alerts,returned,0,2035,0.0009551519247788436,0.36,easy
Email Alerts,flanking,0,945,0.0019103038495576871,0.78,hard
Email Alerts,southeast,0,2221,0.0028654557743365305,0.65,hard
Email Alerts,steady,0,2291,0.005730911548673061,0.38,easy
Email Alerts,persisting,0,1735,0.0009551519247788436,0.78,hard
Email Alerts,shortly,0,2160,0.0007264176582680629,0.52,easy
Email Alerts,peripheral,0,1727,0.0009551519247788436,0.76,hard
Email Alerts,formed,0,975,0.0007264176582680629,0.41,easy
Email Alerts,showing,0,2162,0.0014528353165361258,0.12,easy
Email Alerts,change,0,354,0.0005641281134596713,0.0,easy
Email Alerts,type,0,2533,0.0036320882913403146,0.0,easy
Email Alerts,asymmetric,0,184,0.0009551519247788436,0.78,hard
Email Alerts,source,0,2219,0.0011282562269193427,0.05,easy
Email Alerts,formerly,0,977,0.0009551519247788436,0.71,hard
Email Alerts,rose,0,2062,0.0009551519247788436,0.11,easy
Email Alerts,westward,0,2676,0.0009551519247788436,0.7,hard
Email Alerts,decline,0,574,0.0028654557743365305,0.34,easy
Email Alerts,steadily,0,2290,0.002820640567298357,0.65,hard
Email Alerts,mixed,0,1488,0.0009551519247788436,0.23,easy
Email Alerts,emission,0,771,0.0007264176582680629,0.62,hard
Email Alerts,determined,0,624,0.0019103038495576871,0.21,easy
Email Alerts,emergence,0,768,0.004775759623894218,0.7,hard
Email Alerts,northern,0,1577,0.0022565124538386854,0.62,hard
Email Alerts,hemisphere,0,1101,0.007264176582680629,0.68,hard
Email Alerts,reducing,0,1970,0.0021792529748041888,0.68,hard
Email Alerts,therefore,0,2445,0.0021792529748041888,0.11,easy
Email Alerts,interplanetary,0,1240,0.0011282562269193427,0.83,hard
Email Alerts,sustaining,0,2376,0.0007264176582680629,0.78,hard
Email Alerts,direction,0,651,0.001692384340379014,0.01,easy
Email Alerts,northward,0,1579,0.0028654557743365305,0.72,hard
Email Alerts,late,0,1306,0.0019103038495576871,0.0,easy
Email Alerts,minimal,0,1475,0.0007264176582680629,0.71,hard
Email Alerts,producer,0,1851,0.0019103038495576871,0.41,easy
Email Alerts,rapid,0,1934,0.0014528353165361258,0.51,easy
Email Alerts,shear,0,2144,0.0007264176582680629,0.54,easy
Email Alerts,across,0,30,0.0011282562269193427,0.0,easy
Email Alerts,experienced,0,862,0.0005641281134596713,0.62,hard
Email Alerts,length,0,1331,0.0007264176582680629,0.06,easy
Email Alerts,aside,0,160,0.0009551519247788436,0.21,easy
Email Alerts,arrive,0,154,0.0021792529748041888,0.6,hard
Email Alerts,discussion,0,668,0.0014528353165361258,0.2,easy
Email Alerts,stream,0,2310,0.005641281134596714,0.37,easy
Email Alerts,decayed,0,571,0.0019103038495576871,0.75,hard
Email Alerts,overall,0,1667,0.0007264176582680629,0.37,easy
Email Alerts,view,0,2633,0.001692384340379014,0.0,easy
Email Alerts,revealing,0,2038,0.0009551519247788436,0.67,hard
Email Alerts,ahead,0,80,0.0005641281134596713,0.13,easy
Email Alerts,variable,0,2614,0.0036320882913403146,0.54,easy
Email Alerts,signature,0,2168,0.0028654557743365305,0.69,hard
Email Alerts,negatively,0,1543,0.0009551519247788436,0.79,hard
Email Alerts,trek,0,2510,0.0019103038495576871,0.42,easy
Email Alerts,respectively,0,2023,0.0014528353165361258,0.63,hard
Email Alerts,leading,0,1321,0.0021792529748041888,0.2,easy
Email Alerts,rudimentary,0,2069,0.0019103038495576871,0.77,hard
Email Alerts,unstable,0,2585,0.0014528353165361258,0.66,hard
Email Alerts,approximately,0,140,0.005730911548673061,0.67,hard
Email Alerts,disturbed,0,684,0.0014528353165361258,0.59,hard
Email Alerts,outcome,0,1654,0.0014528353165361258,0.64,hard
Email Alerts,briefly,0,284,0.0036320882913403146,0.54,easy
Email Alerts,side,0,2165,0.0007264176582680629,0.0,easy
Email Alerts,north,0,1573,0.0005641281134596713,0.14,easy
Email Alerts,ace,0,24,0.0007264176582680629,0.48,easy
Email Alerts,coupled,0,527,0.0007264176582680629,0.69,hard
Email Alerts,subside,0,2335,0.0009551519247788436,0.71,hard
Email Alerts,directly,0,654,0.0005641281134596713,0.18,easy
Email Alerts,waned,0,2649,0.0019103038495576871,0.75,hard
Email Alerts,pas,0,1701,0.0019103038495576871,0.89,hard
Email Alerts,peak,0,1709,0.0021792529748041888,0.38,easy
Email Alerts,eta,0,826,0.0009551519247788436,0.74,hard
Email Alerts,separation,0,2126,0.0028654557743365305,0.61,hard
Email Alerts,grown,0,1070,0.0009551519247788436,0.42,easy
Email Alerts,extent,0,882,0.0011282562269193427,0.3,easy
Email Alerts,northeast,0,1574,0.0009551519247788436,0.65,hard
Email Alerts,shearing,0,2145,0.0009551519247788436,0.76,hard
Email Alerts,cluster,0,388,0.0007264176582680629,0.7,hard
Email Alerts,thin,0,2451,0.0007264176582680629,0.03,easy
Email Alerts,diurnal,0,685,0.0028654557743365305,0.76,hard
Email Alerts,sheath,0,2146,0.0007264176582680629,0.69,hard
Email Alerts,tail,0,2393,0.0014528353165361258,0.19,easy
Email Alerts,come,0,411,0.0005641281134596713,0.0,easy
Email Alerts,back,0,218,0.0021792529748041888,0.0,easy
Email Alerts,outside,0,1665,0.0007264176582680629,0.01,easy
Email Alerts,possibility,0,1789,0.0007264176582680629,0.49,easy
Email Alerts,additionally,0,45,0.0007264176582680629,0.81,hard
Email Alerts,post,0,1792,0.0009551519247788436,0.09,easy
Email Alerts,cloud,0,387,0.0005641281134596713,0.15,easy
Email Alerts,six,0,2188,0.0011282562269193427,0.02,easy
Email Alerts,cross,0,539,0.0007264176582680629,0.12,easy
Email Alerts,whose,0,2684,0.0005641281134596713,0.0,easy
Email Alerts,becoming,0,238,0.0007264176582680629,0.4,easy
Email Alerts,preliminary,0,1815,0.0009551519247788436,0.71,hard
Email Alerts,deflected,0,584,0.0028654557743365305,0.8,hard
Email Alerts,coincident,0,395,0.0009551519247788436,0.8,hard
Email Alerts,sided,0,2166,0.0009551519247788436,0.76,hard
Email Alerts,deflection,0,585,0.0007264176582680629,0.72,hard
Email Alerts,trajectory,0,2493,0.0009551519247788436,0.8,hard
Email Alerts,consolidation,0,480,0.0009551519247788436,0.79,hard
Email Alerts,southern,0,2222,0.0007264176582680629,0.54,easy
Email Alerts,northernmost,0,1578,0.0009551519247788436,0.79,hard
Email Alerts,quadrant,0,1905,0.0009551519247788436,0.71,hard
Email Alerts,plasma,0,1763,0.001692384340379014,0.7,hard
Email Alerts,better,0,253,0.0005641281134596713,0.0,easy
Email Alerts,culprit,0,545,0.0009551519247788436,0.75,hard
Email Alerts,passing,0,1703,0.0028654557743365305,0.25,easy
Email Alerts,ripple,0,2048,0.0009551519247788436,0.7,hard
Email Alerts,coming,0,414,0.0011282562269193427,0.01,easy
Email Alerts,highly,0,1111,0.0005641281134596713,0.23,easy
Email Alerts,longer,0,1369,0.0007264176582680629,0.01,easy
Email Alerts,causing,0,335,0.0011282562269193427,0.66,hard
Email Alerts,especially,0,819,0.0007264176582680629,0.02,easy
Email Alerts,geophysical,0,1029,0.060925836253644505,0.81,hard
Email Alerts,report,0,2006,0.0005641281134596713,0.06,easy
Email Alerts,quietly,0,1915,0.0009551519247788436,0.58,hard
Email Alerts,subsequently,0,2334,0.0007264176582680629,0.77,hard
Email Alerts,outlook,0,1659,0.05253335586283639,0.57,hard
Email Alerts,feature,0,917,0.0014528353165361258,0.11,easy
Email Alerts,generally,0,1019,0.001692384340379014,0.24,easy
Email Alerts,frequent,0,986,0.0014528353165361258,0.28,easy
Email Alerts,highest,0,1109,0.0007264176582680629,0.45,easy
Email Alerts,range,0,1931,0.0005641281134596713,0.02,easy
Email Alerts,highlight,0,1110,0.006686063473451904,0.6,hard
Email Alerts,marking,0,1421,0.0007264176582680629,0.68,hard
Email Alerts,exist,0,854,0.0007264176582680629,0.31,easy
Email Alerts,plage,0,1758,0.0009551519247788436,0.74,hard
Email Alerts,show,0,2161,0.0005641281134596713,0.0,easy
Email Alerts,spotless,0,2262,0.0009551519247788436,0.75,hard
Email Alerts,weekly,0,2666,0.0009551519247788436,0.62,hard
Email Alerts,although,0,99,0.0005641281134596713,0.0,easy
Email Alerts,reg,0,1979,0.0009551519247788436,0.75,hard
Email Alerts,stereo,0,2298,0.0007264176582680629,0.65,hard
Email Alerts,reading,0,1948,0.0019103038495576871,0.03,easy
Email Alerts,full,0,996,0.0014528353165361258,0.0,easy
Email Alerts,forecaster,0,966,0.0007264176582680629,0.79,hard
Email Alerts,lone,0,1367,0.0009551519247788436,0.62,hard
Email Alerts,exception,0,847,0.0009551519247788436,0.35,easy
Email Alerts,took,0,2476,0.0007264176582680629,0.0,easy
Email Alerts,predominate,0,1810,0.0009551519247788436,0.78,hard
Email Alerts,present,0,1818,0.0007264176582680629,0.0,easy
Email Alerts,lower,0,1379,0.0005641281134596713,0.14,easy
Email Alerts,despite,0,616,0.0005641281134596713,0.07,easy
Email Alerts,flow,0,954,0.0007264176582680629,0.22,easy
Email Alerts,various,0,2617,0.0007264176582680629,0.06,easy
Email Alerts,slow,0,2192,0.0007264176582680629,0.01,easy
Email Alerts,unique,0,2567,0.0005641281134596713,0.33,easy
Email Alerts,shock,0,2157,0.0029056706330722517,0.07,easy
Email Alerts,wrap,0,2702,0.0009551519247788436,0.52,easy
Email Alerts,barring,0,227,0.0009551519247788436,0.76,hard
Email Alerts,unsettle,0,2582,0.0009551519247788436,0.79,hard
Academic Articles,space,1,2225,0.4871000539525847,0.0,easy
Academic Articles,weather,1,2662,0.4511002007947014,0.14,easy
Academic Articles,prediction,1,1807,0.012489744973143199,0.75,hard
Academic Articles,center,1,340,0.031591707873244564,0.03,easy
Academic Articles,geomagnetic,1,1028,0.023510108184740138,0.84,hard
Academic Articles,activity,1,35,0.011755054092370069,0.36,easy
Academic Articles,observation,1,1599,0.022775417303967007,0.37,easy
Academic Articles,forecast,1,965,0.00955098145005068,0.57,hard
Academic Articles,past,1,1705,0.0029387635230925173,0.0,easy
Academic Articles,scale,1,2092,0.03673454403865647,0.05,easy
Academic Articles,left,1,1329,0.002838144827896102,0.0,easy
Academic Articles,sun,1,2357,0.03746923491942959,0.09,easy
Academic Articles,course,1,529,0.0009460482759653673,0.0,easy
Academic Articles,solar,1,2205,0.17706050226632417,0.73,hard
Academic Articles,radiation,1,1922,0.03673454403865647,0.47,easy
Academic Articles,go,1,1040,0.004408145284638776,0.0,easy
Academic Articles,storm,1,2303,0.02130603554242075,0.38,easy
Academic Articles,level,1,1334,0.0036734544038656467,0.0,easy
Academic Articles,period,1,1724,0.005142836165411905,0.01,easy
Academic Articles,given,1,1035,0.01102036321159694,0.0,easy
Academic Articles,particular,1,1697,0.005142836165411905,0.06,easy
Academic Articles,radio,1,1923,0.012489744973143199,0.22,easy
Academic Articles,reaching,1,1943,0.005142836165411905,0.6,hard
Academic Articles,likely,1,1348,0.005676289655792204,0.06,easy
Academic Articles,primarily,1,1831,0.002838144827896102,0.59,hard
Academic Articles,magnetic,1,1391,0.05289774341566531,0.65,hard
Academic Articles,complexity,1,438,0.0009460482759653673,0.6,hard
Academic Articles,wind,1,2689,0.07640785160040545,0.05,easy
Academic Articles,active,1,34,0.013224435853916328,0.11,easy
Academic Articles,region,1,1982,0.011755054092370069,0.45,easy
Academic Articles,day,1,565,0.01028567233082381,0.0,easy
Academic Articles,since,1,2181,0.011755054092370069,0.0,easy
Academic Articles,strong,1,2317,0.0058775270461850345,0.0,easy
Academic Articles,event,1,831,0.01102036321159694,0.05,easy
Academic Articles,complex,1,437,0.00955098145005068,0.02,easy
Academic Articles,visible,1,2638,0.0009460482759653673,0.47,easy
Academic Articles,disk,1,670,0.004730241379826836,0.42,easy
Academic Articles,next,1,1556,0.015428508496235716,0.0,easy
Academic Articles,potential,1,1793,0.011755054092370069,0.24,easy
Academic Articles,flare,1,946,0.002204072642319388,0.43,easy
Academic Articles,recent,1,1959,0.011755054092370069,0.03,easy
Academic Articles,increasing,1,1174,0.0075683862077229385,0.45,easy
Academic Articles,following,1,961,0.029327496554926388,0.03,easy
Academic Articles,near,1,1536,0.006612217926958164,0.01,easy
Academic Articles,low,1,1378,0.01028567233082381,0.0,easy
Academic Articles,greater,1,1061,0.0037841931038614693,0.1,easy
Academic Articles,proton,1,1882,0.0036734544038656467,0.76,hard
Academic Articles,limb,1,1350,0.0009460482759653673,0.62,hard
Academic Articles,minor,1,1478,0.0018920965519307346,0.22,easy
Academic Articles,associated,1,172,0.008081599688504422,0.64,hard
Academic Articles,transient,1,2498,0.002838144827896102,0.71,hard
Academic Articles,influence,1,1187,0.0014693817615462586,0.13,easy
Academic Articles,effect,1,740,0.027183562588605784,0.0,easy
Academic Articles,early,1,720,0.0014693817615462586,0.0,easy
Academic Articles,previous,1,1829,0.008081599688504422,0.08,easy
Academic Articles,first,1,939,0.017632581138555103,0.0,easy
Academic Articles,current,1,551,0.04114268932329524,0.01,easy
Academic Articles,total,1,2482,0.008816290569277551,0.02,easy
Academic Articles,continue,1,492,0.0007346908807731293,0.08,easy
Academic Articles,remain,1,1999,0.004730241379826836,0.2,easy
Academic Articles,approach,1,136,0.017028868967376612,0.08,easy
Academic Articles,currently,1,552,0.015428508496235716,0.54,easy
Academic Articles,positive,1,1788,0.002838144827896102,0.23,easy
Academic Articles,increase,1,1173,0.007346908807731293,0.01,easy
Academic Articles,earth,1,721,0.034530471396337074,0.0,easy
Academic Articles,decrease,1,576,0.0018920965519307346,0.61,hard
Academic Articles,subsequent,1,2333,0.0018920965519307346,0.68,hard
Academic Articles,negative,1,1542,0.0009460482759653673,0.29,easy
Academic Articles,persistent,1,1734,0.0037841931038614693,0.66,hard
Academic Articles,message,1,1457,0.0007346908807731293,0.05,easy
Academic Articles,code,1,390,0.0009460482759653673,0.32,easy
Academic Articles,time,1,2464,0.04187738020406837,0.0,easy
Academic Articles,warning,1,2652,0.0014693817615462586,0.28,easy
Academic Articles,weak,1,2658,0.0037841931038614693,0.21,easy
Academic Articles,power,1,1797,0.013959126734689457,0.0,easy
Academic Articles,grid,1,1065,0.01028567233082381,0.67,hard
Academic Articles,aurora,1,198,0.002204072642319388,0.77,hard
Academic Articles,condition,1,457,0.0018920965519307346,0.04,easy
Academic Articles,occur,1,1610,0.006612217926958164,0.48,easy
Academic Articles,experience,1,861,0.0018920965519307346,0.0,easy
Academic Articles,voltage,1,2645,0.0014693817615462586,0.71,hard
Academic Articles,satellite,1,2082,0.03379578051556395,0.65,hard
Academic Articles,orientation,1,1644,0.0018920965519307346,0.68,hard
Academic Articles,high,1,1107,0.008816290569277551,0.0,easy
Academic Articles,frequency,1,985,0.0029387635230925173,0.66,hard
Academic Articles,propagation,1,1872,0.012489744973143199,0.77,hard
Academic Articles,state,1,2281,0.01102036321159694,0.0,easy
Academic Articles,flux,1,958,0.012489744973143199,0.46,easy
Academic Articles,burst,1,298,0.0009460482759653673,0.15,easy
Academic Articles,electromagnetic,1,758,0.004408145284638776,0.83,hard
Academic Articles,background,1,219,0.005676289655792204,0.04,easy
Academic Articles,cause,1,334,0.011755054092370069,0.0,easy
Academic Articles,interference,1,1233,0.0009460482759653673,0.61,hard
Academic Articles,radar,1,1919,0.0037841931038614693,0.67,hard
Academic Articles,major,1,1400,0.011755054092370069,0.0,easy
Academic Articles,typically,1,2535,0.0029387635230925173,0.74,hard
Academic Articles,coronal,1,512,0.015428508496235716,0.76,hard
Academic Articles,mass,1,1425,0.02057134466164762,0.1,easy
Academic Articles,velocity,1,2624,0.0007346908807731293,0.75,hard
Academic Articles,class,1,374,0.0018920965519307346,0.01,easy
Academic Articles,wide,1,2685,0.0018920965519307346,0.03,easy
Academic Articles,area,1,147,0.004408145284638776,0.01,easy
Academic Articles,communication,1,425,0.00955098145005068,0.63,hard
Academic Articles,upon,1,2590,0.0037841931038614693,0.0,easy
Academic Articles,intensity,1,1222,0.0014693817615462586,0.43,easy
Academic Articles,duration,1,717,0.0018920965519307346,0.7,hard
Academic Articles,see,1,2113,0.024979489946286397,0.0,easy
Academic Articles,electron,1,759,0.014693817615462587,0.71,hard
Academic Articles,maximum,1,1436,0.004408145284638776,0.47,easy
Academic Articles,significant,1,2170,0.02057134466164762,0.42,easy
Academic Articles,charging,1,360,0.002204072642319388,0.75,hard
Academic Articles,prior,1,1834,0.0037841931038614693,0.4,easy
Academic Articles,limited,1,1352,0.01040653103561904,0.19,easy
Academic Articles,product,1,1852,0.002838144827896102,0.22,easy
Academic Articles,summary,1,2355,0.006622337931757572,0.7,hard
Academic Articles,numerous,1,1594,0.0014693817615462586,0.5,easy
Academic Articles,beyond,1,254,0.004730241379826836,0.05,easy
Academic Articles,decay,1,570,0.0009460482759653673,0.58,hard
Academic Articles,quiet,1,1914,0.0029387635230925173,0.04,easy
Academic Articles,otherwise,1,1652,0.0009460482759653673,0.25,easy
Academic Articles,degree,1,588,0.0018920965519307346,0.06,easy
Academic Articles,long,1,1368,0.005142836165411905,0.0,easy
Academic Articles,imagery,1,1142,0.0009460482759653673,0.69,hard
Academic Articles,eruption,1,817,0.0007346908807731293,0.66,hard
Academic Articles,resulting,1,2030,0.0029387635230925173,0.63,hard
Academic Articles,coronagraph,1,511,0.0036734544038656467,0.82,hard
Academic Articles,potentially,1,1794,0.005142836165411905,0.74,hard
Academic Articles,energetic,1,786,0.016897890257781975,0.72,hard
Academic Articles,field,1,925,0.04334676196561463,0.0,easy
Academic Articles,sustained,1,2375,0.0037841931038614693,0.67,hard
Academic Articles,southward,1,2223,0.0009460482759653673,0.71,hard
Academic Articles,phi,1,1744,0.0009460482759653673,0.74,hard
Academic Articles,environment,1,803,0.027183562588605784,0.61,hard
Academic Articles,throughout,1,2461,0.007346908807731293,0.05,easy
Academic Articles,growth,1,1071,0.0009460482759653673,0.02,easy
Academic Articles,either,1,749,0.005142836165411905,0.0,easy
Academic Articles,particle,1,1696,0.03232639875401769,0.71,hard
Academic Articles,development,1,630,0.015136772415445877,0.01,easy
Academic Articles,continued,1,493,0.002838144827896102,0.3,easy
Academic Articles,among,1,106,0.01028567233082381,0.0,easy
Academic Articles,small,1,2194,0.006612217926958164,0.0,easy
Academic Articles,model,1,1491,0.04922428901179966,0.15,easy
Academic Articles,large,1,1300,0.018367272019328234,0.0,easy
Academic Articles,south,1,2220,0.0007346908807731293,0.12,easy
Academic Articles,later,1,1308,0.0014693817615462586,0.0,easy
Academic Articles,well,1,2669,0.02130603554242075,0.0,easy
Academic Articles,mostly,1,1512,0.002838144827896102,0.22,easy
Academic Articles,far,1,907,0.0007346908807731293,0.0,easy
Academic Articles,enhanced,1,793,0.0036734544038656467,0.7,hard
Academic Articles,angle,1,117,0.0009460482759653673,0.19,easy
Academic Articles,direct,1,649,0.0036734544038656467,0.05,easy
Academic Articles,carry,1,327,0.0029387635230925173,0.01,easy
Academic Articles,interact,1,1226,0.0014693817615462586,0.76,hard
Academic Articles,polarity,1,1774,0.0018920965519307346,0.79,hard
Academic Articles,largely,1,1301,0.0007346908807731293,0.43,easy
Academic Articles,plus,1,1768,0.0009460482759653673,0.29,easy
Academic Articles,additional,1,44,0.01797491724334198,0.42,easy
Academic Articles,enhancement,1,794,0.0007346908807731293,0.76,hard
Academic Articles,newly,1,1554,0.0007346908807731293,0.6,hard
Academic Articles,simple,1,2174,0.0007346908807731293,0.0,easy
Academic Articles,relatively,1,1991,0.0018920965519307346,0.5,easy
Academic Articles,much,1,1518,0.0029387635230925173,0.0,easy
Academic Articles,like,1,1346,0.004408145284638776,0.0,easy
Academic Articles,four,1,982,0.015136772415445877,0.0,easy
Academic Articles,beginning,1,240,0.0018920965519307346,0.03,easy
Academic Articles,slowly,1,2193,0.0014693817615462586,0.2,easy
Academic Articles,multiple,1,1519,0.013224435853916328,0.19,easy
Academic Articles,progress,1,1860,0.002838144827896102,0.09,easy
Academic Articles,however,1,1126,0.029387635230925174,0.0,easy
Academic Articles,speed,1,2250,0.0029387635230925173,0.15,easy
Academic Articles,around,1,150,0.01102036321159694,0.0,easy
Academic Articles,combined,1,409,0.011755054092370069,0.55,hard
Academic Articles,produced,1,1850,0.002204072642319388,0.28,easy
Academic Articles,seen,1,2116,0.0014693817615462586,0.0,easy
Academic Articles,possible,1,1790,0.008816290569277551,0.0,easy
Academic Articles,little,1,1363,0.0009460482759653673,0.0,easy
Academic Articles,physical,1,1750,0.025543303451064918,0.07,easy
Academic Articles,five,1,941,0.004408145284638776,0.0,easy
Academic Articles,new,1,1553,0.07199970631576667,0.0,easy
Academic Articles,roughly,1,2067,0.0014693817615462586,0.65,hard
Academic Articles,clear,1,379,0.006612217926958164,0.0,easy
Academic Articles,possibly,1,1791,0.0014693817615462586,0.29,easy
Academic Articles,data,1,563,0.31518238785167246,0.13,easy
Academic Articles,yet,1,2709,0.013959126734689457,0.0,easy
Academic Articles,close,1,384,0.0007346908807731293,0.0,easy
Academic Articles,fully,1,997,0.0029387635230925173,0.2,easy
Academic Articles,ten,1,2422,0.0009460482759653673,0.06,easy
Academic Articles,responsible,1,2027,0.0029387635230925173,0.18,easy
Academic Articles,observatory,1,1602,0.013224435853916328,0.82,hard
Academic Articles,narrow,1,1525,0.0009460482759653673,0.13,easy
Academic Articles,modeling,1,1492,0.07126501543499354,0.73,hard
Academic Articles,ejection,1,751,0.0036734544038656467,0.74,hard
Academic Articles,neutral,1,1549,0.021759110347203448,0.51,easy
Academic Articles,gradually,1,1050,0.0018920965519307346,0.66,hard
Academic Articles,brief,1,283,0.0009460482759653673,0.22,easy
Academic Articles,sector,1,2111,0.0075683862077229385,0.55,hard
Academic Articles,form,1,971,0.0014693817615462586,0.0,easy
Academic Articles,become,1,236,0.0007346908807731293,0.0,easy
Academic Articles,remains,1,2000,0.0014693817615462586,0.19,easy
Academic Articles,expanding,1,857,0.002838144827896102,0.72,hard
Academic Articles,primary,1,1832,0.0036734544038656467,0.24,easy
Academic Articles,moving,1,1517,0.0009460482759653673,0.08,easy
Academic Articles,forward,1,979,0.004730241379826836,0.01,easy
Academic Articles,though,1,2457,0.0007346908807731293,0.0,easy
Academic Articles,synoptic,1,2385,0.0018920965519307346,0.77,hard
Academic Articles,configuration,1,464,0.0037841931038614693,0.75,hard
Academic Articles,analysis,1,111,0.027918253469378915,0.41,easy
Academic Articles,second,1,2108,0.008081599688504422,0.0,easy
Academic Articles,old,1,1621,0.0009460482759653673,0.0,easy
Academic Articles,component,1,440,0.004730241379826836,0.65,hard
Academic Articles,thus,1,2463,0.02081306207123808,0.1,easy
Academic Articles,saw,1,2088,0.0014693817615462586,0.0,easy
Academic Articles,nominal,1,1562,0.0018920965519307346,0.64,hard
Academic Articles,interaction,1,1227,0.0075683862077229385,0.69,hard
Academic Articles,could,1,524,0.023510108184740138,0.0,easy
Academic Articles,bring,1,287,0.0037841931038614693,0.01,easy
Academic Articles,move,1,1515,0.0007346908807731293,0.0,easy
Academic Articles,main,1,1397,0.005142836165411905,0.01,easy
Academic Articles,today,1,2470,0.0029387635230925173,0.0,easy
Academic Articles,section,1,2110,0.0018920965519307346,0.1,easy
Academic Articles,revealed,1,2037,0.0009460482759653673,0.58,hard
Academic Articles,recently,1,1960,0.01102036321159694,0.18,easy
Academic Articles,group,1,1067,0.012298627587549774,0.0,easy
Academic Articles,noted,1,1584,0.016897890257781975,0.39,easy
Academic Articles,nothing,1,1585,0.0009460482759653673,0.0,easy
Academic Articles,another,1,123,0.00955098145005068,0.0,easy
Academic Articles,several,1,2138,0.01028567233082381,0.0,easy
Academic Articles,initial,1,1196,0.004730241379826836,0.38,easy
Academic Articles,related,1,1988,0.004408145284638776,0.3,easy
Academic Articles,ongoing,1,1622,0.0075683862077229385,0.76,hard
Academic Articles,addition,1,43,0.0009460482759653673,0.05,easy
Academic Articles,southwest,1,2224,0.0018920965519307346,0.65,hard
Academic Articles,arrival,1,153,0.002204072642319388,0.61,hard
Academic Articles,unknown,1,2572,0.0009460482759653673,0.34,easy
Academic Articles,eventually,1,832,0.0029387635230925173,0.32,easy
Academic Articles,secondary,1,2109,0.0029387635230925173,0.42,easy
Academic Articles,still,1,2300,0.006612217926958164,0.0,easy
Academic Articles,keep,1,1280,0.0007346908807731293,0.0,easy
Academic Articles,begin,1,239,0.0007346908807731293,0.09,easy
Academic Articles,future,1,1005,0.13004028589684388,0.0,easy
Academic Articles,included,1,1166,0.004408145284638776,0.35,easy
Academic Articles,growing,1,1069,0.0007346908807731293,0.24,easy
Academic Articles,smaller,1,2195,0.0037841931038614693,0.43,easy
Academic Articles,made,1,1387,0.01040653103561904,0.0,easy
Academic Articles,way,1,2657,0.006612217926958164,0.0,easy
Academic Articles,becomes,1,237,0.0009460482759653673,0.02,easy
Academic Articles,available,1,208,0.017632581138555103,0.03,easy
Academic Articles,average,1,209,0.0007346908807731293,0.08,easy
Academic Articles,latter,1,1312,0.0018920965519307346,0.26,easy
Academic Articles,latitude,1,1311,0.0018920965519307346,0.73,hard
Academic Articles,starting,1,2279,0.0014693817615462586,0.23,easy
Academic Articles,confidence,1,463,0.0009460482759653673,0.26,easy
Academic Articles,run,1,2070,0.0007346908807731293,0.0,easy
Academic Articles,output,1,1661,0.0029387635230925173,0.42,easy
Academic Articles,effective,1,741,0.009460482759653673,0.08,easy
Academic Articles,seven,1,2137,0.0009460482759653673,0.13,easy
Academic Articles,ejecta,1,750,0.0009460482759653673,0.78,hard
Academic Articles,behind,1,243,0.0007346908807731293,0.0,easy
Academic Articles,directed,1,650,0.0007346908807731293,0.13,easy
Academic Articles,based,1,229,0.004730241379826836,0.01,easy
Academic Articles,lost,1,1376,0.0009460482759653673,0.0,easy
Academic Articles,regime,1,1981,0.0018920965519307346,0.65,hard
Academic Articles,single,1,2182,0.012298627587549774,0.01,easy
Academic Articles,line,1,1354,0.008816290569277551,0.0,easy
Academic Articles,orbit,1,1639,0.024979489946286397,0.63,hard
Academic Articles,ranging,1,1933,0.006622337931757572,0.65,hard
Academic Articles,onset,1,1623,0.0018920965519307346,0.7,hard
Academic Articles,along,1,94,0.007346908807731293,0.0,easy
Academic Articles,notable,1,1580,0.0037841931038614693,0.61,hard
Academic Articles,eruptive,1,818,0.0018920965519307346,0.73,hard
Academic Articles,end,1,781,0.005676289655792204,0.0,easy
Academic Articles,reach,1,1942,0.0014693817615462586,0.07,easy
Academic Articles,note,1,1583,0.008816290569277551,0.01,easy
Academic Articles,network,1,1547,0.01102036321159694,0.38,easy
Academic Articles,last,1,1304,0.0014693817615462586,0.0,easy
Academic Articles,shortly,1,2160,0.0018920965519307346,0.52,easy
Academic Articles,formed,1,975,0.0009460482759653673,0.41,easy
Academic Articles,showing,1,2162,0.0037841931038614693,0.12,easy
Academic Articles,change,1,354,0.002204072642319388,0.0,easy
Academic Articles,source,1,2219,0.02204072642319388,0.05,easy
Academic Articles,steadily,1,2290,0.002204072642319388,0.65,hard
Academic Articles,emission,1,771,0.002838144827896102,0.62,hard
Academic Articles,northern,1,1577,0.0007346908807731293,0.62,hard
Academic Articles,reducing,1,1970,0.0018920965519307346,0.68,hard
Academic Articles,therefore,1,2445,0.0037841931038614693,0.11,easy
Academic Articles,interplanetary,1,1240,0.008081599688504422,0.83,hard
Academic Articles,sustaining,1,2376,0.0009460482759653673,0.78,hard
Academic Articles,direction,1,651,0.0014693817615462586,0.01,easy
Academic Articles,minimal,1,1475,0.0009460482759653673,0.71,hard
Academic Articles,rapid,1,1934,0.0018920965519307346,0.51,easy
Academic Articles,shear,1,2144,0.0009460482759653673,0.54,easy
Academic Articles,across,1,30,0.025714180827059525,0.0,easy
Academic Articles,experienced,1,862,0.0007346908807731293,0.62,hard
Academic Articles,length,1,1331,0.0018920965519307346,0.06,easy
Academic Articles,arrive,1,154,0.0009460482759653673,0.6,hard
Academic Articles,discussion,1,668,0.019867013795272715,0.2,easy
Academic Articles,stream,1,2310,0.002204072642319388,0.37,easy
Academic Articles,overall,1,1667,0.0075683862077229385,0.37,easy
Academic Articles,view,1,2633,0.0036734544038656467,0.0,easy
Academic Articles,ahead,1,80,0.0007346908807731293,0.13,easy
Academic Articles,variable,1,2614,0.0018920965519307346,0.54,easy
Academic Articles,respectively,1,2023,0.002838144827896102,0.63,hard
Academic Articles,leading,1,1321,0.0009460482759653673,0.2,easy
Academic Articles,unstable,1,2585,0.0009460482759653673,0.66,hard
Academic Articles,disturbed,1,684,0.0009460482759653673,0.59,hard
Academic Articles,outcome,1,1654,0.0018920965519307346,0.64,hard
Academic Articles,briefly,1,284,0.0009460482759653673,0.54,easy
Academic Articles,north,1,1573,0.006612217926958164,0.14,easy
Academic Articles,ace,1,24,0.0009460482759653673,0.48,easy
Academic Articles,coupled,1,527,0.004730241379826836,0.69,hard
Academic Articles,directly,1,654,0.0029387635230925173,0.18,easy
Academic Articles,peak,1,1709,0.0018920965519307346,0.38,easy
Academic Articles,extent,1,882,0.0014693817615462586,0.3,easy
Academic Articles,cluster,1,388,0.0009460482759653673,0.7,hard
Academic Articles,thin,1,2451,0.0009460482759653673,0.03,easy
Academic Articles,sheath,1,2146,0.0009460482759653673,0.69,hard
Academic Articles,tail,1,2393,0.002838144827896102,0.19,easy
Academic Articles,come,1,411,0.0029387635230925173,0.0,easy
Academic Articles,outside,1,1665,0.002838144827896102,0.01,easy
Academic Articles,possibility,1,1789,0.0009460482759653673,0.49,easy
Academic Articles,additionally,1,45,0.0018920965519307346,0.81,hard
Academic Articles,cloud,1,387,0.0029387635230925173,0.15,easy
Academic Articles,six,1,2188,0.0058775270461850345,0.02,easy
Academic Articles,cross,1,539,0.0018920965519307346,0.12,easy
Academic Articles,whose,1,2684,0.0029387635230925173,0.0,easy
Academic Articles,becoming,1,238,0.0037841931038614693,0.4,easy
Academic Articles,deflection,1,585,0.0009460482759653673,0.72,hard
Academic Articles,plasma,1,1763,0.035265162277110206,0.7,hard
Academic Articles,better,1,253,0.012489744973143199,0.0,easy
Academic Articles,coming,1,414,0.0029387635230925173,0.01,easy
Academic Articles,highly,1,1111,0.0014693817615462586,0.23,easy
Academic Articles,longer,1,1369,0.006622337931757572,0.01,easy
Academic Articles,causing,1,335,0.002204072642319388,0.66,hard
Academic Articles,especially,1,819,0.012298627587549774,0.02,easy
Academic Articles,geophysical,1,1029,0.01028567233082381,0.81,hard
Academic Articles,report,1,2006,0.0058775270461850345,0.06,easy
Academic Articles,subsequently,1,2334,0.002838144827896102,0.77,hard
Academic Articles,feature,1,917,0.0018920965519307346,0.11,easy
Academic Articles,generally,1,1019,0.0058775270461850345,0.24,easy
Academic Articles,frequent,1,986,0.0009460482759653673,0.28,easy
Academic Articles,highest,1,1109,0.002838144827896102,0.45,easy
Academic Articles,range,1,1931,0.002204072642319388,0.02,easy
Academic Articles,exist,1,854,0.002838144827896102,0.31,easy
Academic Articles,show,1,2161,0.0007346908807731293,0.0,easy
Academic Articles,although,1,99,0.011755054092370069,0.0,easy
Academic Articles,stereo,1,2298,0.0018920965519307346,0.65,hard
Academic Articles,full,1,996,0.01419072413948051,0.0,easy
Academic Articles,took,1,2476,0.004730241379826836,0.0,easy
Academic Articles,present,1,1818,0.005676289655792204,0.0,easy
Academic Articles,lower,1,1379,0.01028567233082381,0.14,easy
Academic Articles,despite,1,616,0.004408145284638776,0.07,easy
Academic Articles,flow,1,954,0.005676289655792204,0.22,easy
Academic Articles,various,1,2617,0.025543303451064918,0.06,easy
Academic Articles,slow,1,2192,0.0009460482759653673,0.01,easy
Academic Articles,unique,1,2567,0.0036734544038656467,0.33,easy
Academic Articles,shock,1,2157,0.011352579311584407,0.07,easy
Academic Articles,research,1,2014,0.3226024621041903,0.26,easy
Academic Articles,infrastructure,1,1192,0.18826360691710808,0.79,hard
Academic Articles,national,1,1527,0.18920965519307345,0.02,easy
Academic Articles,reserved,1,2015,0.09365877932057137,0.55,hard
Academic Articles,preface,1,1812,0.002487879586728254,0.74,hard
Academic Articles,upper,1,2591,0.012298627587549774,0.41,easy
Academic Articles,atmosphere,1,187,0.02838144827896102,0.28,easy
Academic Articles,affect,1,64,0.012298627587549774,0.49,easy
Academic Articles,technological,1,2408,0.013244675863515144,0.77,hard
Academic Articles,human,1,1128,0.01040653103561904,0.0,easy
Academic Articles,life,1,1338,0.0009460482759653673,0.0,easy
Academic Articles,endeavor,1,783,0.001243939793364127,0.67,hard
Academic Articles,affecting,1,66,0.006622337931757572,0.72,hard
Academic Articles,disrupt,1,676,0.0009460482759653673,0.72,hard
Academic Articles,navigational,1,1535,0.001243939793364127,0.83,hard
Academic Articles,timing,1,2466,0.004975759173456508,0.65,hard
Academic Articles,electric,1,752,0.021759110347203448,0.24,easy
Academic Articles,delivery,1,593,0.004975759173456508,0.51,easy
Academic Articles,socioeconomic,1,2202,0.001243939793364127,0.83,hard
Academic Articles,health,1,1093,0.001243939793364127,0.36,easy
Academic Articles,risk,1,2052,0.011352579311584407,0.33,easy
Academic Articles,flight,1,952,0.01419072413948051,0.09,easy
Academic Articles,executive,1,850,0.006219698966820634,0.38,easy
Academic Articles,legislative,1,1330,0.001243939793364127,0.62,hard
Academic Articles,worked,1,2696,0.002487879586728254,0.17,easy
Academic Articles,toward,1,2484,0.0075683862077229385,0.01,easy
Academic Articles,strengthening,1,2313,0.0009460482759653673,0.73,hard
Academic Articles,security,1,2112,0.0037841931038614693,0.11,easy
Academic Articles,economy,1,731,0.001243939793364127,0.26,easy
Academic Articles,white,1,2682,0.017415157107097776,0.0,easy
Academic Articles,house,1,1125,0.002487879586728254,0.0,easy
Academic Articles,strategy,1,2308,0.012298627587549774,0.69,hard
Academic Articles,action,1,32,0.006622337931757572,0.0,easy
Academic Articles,plan,1,1759,0.008514434483688306,0.02,easy
Academic Articles,strategic,1,2306,0.004975759173456508,0.69,hard
Academic Articles,nation,1,1526,0.001243939793364127,0.01,easy
Academic Articles,provided,1,1886,0.011195458140277142,0.28,easy
Academic Articles,guidance,1,1072,0.0037318193800923807,0.56,hard
Academic Articles,mitigation,1,1486,0.017415157107097776,0.78,hard
Academic Articles,law,1,1315,0.002487879586728254,0.0,easy
Academic Articles,act,1,31,0.01990303669382603,0.0,easy
Academic Articles,sap,1,2081,0.001243939793364127,0.65,hard
Academic Articles,relevant,1,1995,0.021146976487190158,0.72,hard
Academic Articles,federal,1,918,0.005676289655792204,0.36,easy
Academic Articles,transition,1,2500,0.011195458140277142,0.55,hard
Academic Articles,accurate,1,22,0.016082820691411245,0.64,hard
Academic Articles,aeronautics,1,63,0.013683337727005394,0.79,hard
Academic Articles,oceanic,1,1612,0.012298627587549774,0.73,hard
Academic Articles,atmospheric,1,188,0.0406800758665108,0.78,hard
Academic Articles,administration,1,51,0.016082820691411245,0.27,easy
Academic Articles,science,1,2098,0.1419072413948051,0.04,easy
Academic Articles,foundation,1,981,0.008514434483688306,0.58,hard
Academic Articles,examine,1,844,0.007463638760184761,0.61,hard
Academic Articles,operational,1,1630,0.07000757242143718,0.71,hard
Academic Articles,frequently,1,987,0.002487879586728254,0.45,easy
Academic Articles,meteorological,1,1460,0.006219698966820634,0.86,hard
Academic Articles,society,1,2201,0.0037841931038614693,0.02,easy
Academic Articles,order,1,1641,0.001243939793364127,0.0,easy
Academic Articles,subcommittee,1,2329,0.007463638760184761,0.79,hard
Academic Articles,technology,1,2409,0.015136772415445877,0.55,hard
Academic Articles,council,1,525,0.008707578553548888,0.62,hard
Academic Articles,policy,1,1777,0.01040653103561904,0.04,easy
Academic Articles,government,1,1047,0.013244675863515144,0.0,easy
Academic Articles,regarding,1,1980,0.009951518346913015,0.65,hard
Academic Articles,enterprise,1,799,0.004975759173456508,0.55,hard
Academic Articles,measure,1,1443,0.008514434483688306,0.06,easy
Academic Articles,request,1,2011,0.002487879586728254,0.13,easy
Academic Articles,workshop,1,2698,0.04975759173456507,0.7,hard
Academic Articles,task,1,2402,0.013683337727005394,0.24,easy
Academic Articles,measurement,1,1445,0.026122735660646667,0.72,hard
Academic Articles,continuity,1,494,0.002487879586728254,0.72,hard
Academic Articles,need,1,1540,0.10784950346005187,0.0,easy
Academic Articles,agenda,1,73,0.0037318193800923807,0.71,hard
Academic Articles,specifically,1,2242,0.0075683862077229385,0.68,hard
Academic Articles,committee,1,422,0.012439397933641268,0.24,easy
Academic Articles,international,1,1239,0.019867013795272715,0.26,easy
Academic Articles,review,1,2039,0.007463638760184761,0.06,easy
Academic Articles,consider,1,473,0.012298627587549774,0.12,easy
Academic Articles,adequacy,1,47,0.004975759173456508,0.79,hard
Academic Articles,living,1,1364,0.006219698966820634,0.0,easy
Academic Articles,program,1,1858,0.030273544830891754,0.0,easy
Academic Articles,application,1,133,0.01990303669382603,0.16,easy
Academic Articles,initiative,1,1199,0.004975759173456508,0.65,hard
Academic Articles,validation,1,2608,0.04478183256110857,0.79,hard
Academic Articles,assimilation,1,168,0.03856213359428793,0.75,hard
Academic Articles,ensemble,1,796,0.024597255175099548,0.61,hard
Academic Articles,assess,1,164,0.008707578553548888,0.69,hard
Academic Articles,value,1,2610,0.008707578553548888,0.01,easy
Academic Articles,providing,1,1888,0.017415157107097776,0.6,hard
Academic Articles,forecasting,1,967,0.027435400002995654,0.77,hard
Academic Articles,take,1,2394,0.01040653103561904,0.0,easy
Academic Articles,account,1,17,0.004975759173456508,0.03,easy
Academic Articles,gap,1,1011,0.02365120689913418,0.57,hard
Academic Articles,identify,1,1138,0.004975759173456508,0.55,hard
Academic Articles,key,1,1284,0.0577089448338874,0.0,easy
Academic Articles,virtually,1,2637,0.001243939793364127,0.56,hard
Academic Articles,travel,1,2505,0.006622337931757572,0.27,easy
Academic Articles,observational,1,1600,0.03980607338765206,0.82,hard
Academic Articles,community,1,426,0.06622337931757571,0.1,easy
Academic Articles,project,1,1862,0.0018920965519307346,0.07,easy
Academic Articles,opera,1,1626,0.007463638760184761,0.55,hard
Academic Articles,pool,1,1779,0.001243939793364127,0.2,easy
Academic Articles,guide,1,1073,0.001243939793364127,0.13,easy
Academic Articles,statement,1,2283,0.001243939793364127,0.04,easy
Academic Articles,session,1,2133,0.028610615247374918,0.26,easy
Academic Articles,clarity,1,373,0.001243939793364127,0.68,hard
Academic Articles,conciseness,1,454,0.001243939793364127,0.79,hard
Academic Articles,chapter,1,356,0.013683337727005394,0.54,easy
Academic Articles,provide,1,1885,0.036895882762649324,0.04,easy
Academic Articles,engineering,1,791,0.019867013795272715,0.68,hard
Academic Articles,medicine,1,1447,0.011195458140277142,0.54,easy
Academic Articles,press,1,1822,0.007463638760184761,0.04,easy
Academic Articles,operation,1,1629,0.006219698966820634,0.07,easy
Academic Articles,expressed,1,878,0.007463638760184761,0.48,easy
Academic Articles,advance,1,54,0.009951518346913015,0.14,easy
Academic Articles,finally,1,932,0.016082820691411245,0.03,easy
Academic Articles,explicitly,1,867,0.002487879586728254,0.78,hard
Academic Articles,context,1,491,0.002487879586728254,0.12,easy
Academic Articles,work,1,2695,0.013244675863515144,0.0,easy
Academic Articles,shop,1,2158,0.001243939793364127,0.34,easy
Academic Articles,different,1,639,0.034057737934753224,0.0,easy
Academic Articles,system,1,2387,0.0841982965609177,0.0,easy
Academic Articles,ground,1,1066,0.03500378621071859,0.01,easy
Academic Articles,separately,1,2125,0.001243939793364127,0.77,hard
Academic Articles,final,1,931,0.009460482759653673,0.02,easy
Academic Articles,cover,1,531,0.005676289655792204,0.01,easy
Academic Articles,entire,1,800,0.012298627587549774,0.01,easy
Academic Articles,upcoming,1,2588,0.008707578553548888,0.74,hard
Academic Articles,increasingly,1,1175,0.0037841931038614693,0.64,hard
Academic Articles,navigation,1,1534,0.011352579311584407,0.61,hard
Academic Articles,include,1,1165,0.03311168965878786,0.12,easy
Academic Articles,representation,1,2008,0.002487879586728254,0.63,hard
Academic Articles,chosen,1,366,0.002487879586728254,0.31,easy
Academic Articles,diverse,1,686,0.002487879586728254,0.69,hard
Academic Articles,technical,1,2406,0.004975759173456508,0.23,easy
Academic Articles,independent,1,1176,0.0037318193800923807,0.37,easy
Academic Articles,candid,1,312,0.001243939793364127,0.7,hard
Academic Articles,cal,1,304,0.004975759173456508,0.72,hard
Academic Articles,assist,1,170,0.001243939793364127,0.59,hard
Academic Articles,institutional,1,1211,0.001243939793364127,0.8,hard
Academic Articles,quality,1,1907,0.008514434483688306,0.02,easy
Academic Articles,objectivity,1,1596,0.001243939793364127,0.82,hard
Academic Articles,evidence,1,837,0.002487879586728254,0.13,easy
Academic Articles,charge,1,358,0.002487879586728254,0.01,easy
Academic Articles,draft,1,702,0.002487879586728254,0.41,easy
Academic Articles,manuscript,1,1412,0.001243939793364127,0.76,hard
Academic Articles,corporation,1,513,0.017415157107097776,0.59,hard
Academic Articles,joe,1,1274,0.006219698966820634,0.25,easy
Academic Articles,university,1,2571,0.02838144827896102,0.52,easy
Academic Articles,spence,1,2251,0.001243939793364127,0.75,hard
Academic Articles,listed,1,1360,0.002487879586728254,0.55,hard
Academic Articles,many,1,1413,0.018920965519307345,0.0,easy
Academic Articles,constructive,1,487,0.001243939793364127,0.73,hard
Academic Articles,release,1,1993,0.004730241379826836,0.03,easy
Academic Articles,nae,1,1523,0.001243939793364127,0.76,hard
Academic Articles,jersey,1,1271,0.004975759173456508,0.7,hard
Academic Articles,making,1,1402,0.017415157107097776,0.0,easy
Academic Articles,certain,1,344,0.0018920965519307346,0.0,easy
Academic Articles,carried,1,326,0.0037318193800923807,0.28,easy
Academic Articles,care,1,322,0.002487879586728254,0.0,easy
Academic Articles,considered,1,476,0.0009460482759653673,0.2,easy
Academic Articles,responsibility,1,2026,0.001243939793364127,0.35,easy
Academic Articles,content,1,490,0.008707578553548888,0.1,easy
Academic Articles,entirely,1,801,0.001243939793364127,0.26,easy
Academic Articles,agency,1,72,0.01419072413948051,0.46,easy
Academic Articles,interagency,1,1229,0.022390916280554285,0.84,hard
Academic Articles,user,1,2602,0.018659096900461903,0.23,easy
Academic Articles,ionosphere,1,1258,0.0577089448338874,0.76,hard
Academic Articles,coupling,1,528,0.03483031421419555,0.71,hard
Academic Articles,machine,1,1384,0.037318193800923806,0.06,easy
Academic Articles,learning,1,1326,0.03358637442083143,0.24,easy
Academic Articles,fusion,1,1004,0.014927277520369523,0.62,hard
Academic Articles,curation,1,550,0.021146976487190158,0.8,hard
Academic Articles,reference,1,1972,0.004975759173456508,0.28,easy
Academic Articles,staff,1,2269,0.001243939793364127,0.26,easy
Academic Articles,environmental,1,804,0.017028868967376612,0.8,hard
Academic Articles,information,1,1189,0.03594983448668396,0.03,easy
Academic Articles,service,1,2132,0.013244675863515144,0.01,easy
Academic Articles,scientific,1,2099,0.021759110347203448,0.57,hard
Academic Articles,division,1,689,0.011195458140277142,0.12,easy
Academic Articles,process,1,1846,0.017415157107097776,0.01,easy
Academic Articles,planetary,1,1762,0.011352579311584407,0.69,hard
Academic Articles,ing,1,1193,0.02363485607391841,0.71,hard
Academic Articles,impact,1,1146,0.0075683862077229385,0.24,easy
Academic Articles,example,1,845,0.03311168965878786,0.0,easy
Academic Articles,instrument,1,1212,0.018920965519307345,0.17,easy
Academic Articles,gateway,1,1014,0.002487879586728254,0.75,hard
Academic Articles,make,1,1401,0.0075683862077229385,0.0,easy
Academic Articles,lunar,1,1382,0.007463638760184761,0.74,hard
Academic Articles,basic,1,231,0.007463638760184761,0.09,easy
Academic Articles,exam,1,843,0.001243939793364127,0.74,hard
Academic Articles,energetics,1,787,0.002487879586728254,0.82,hard
Academic Articles,cedar,1,337,0.0037318193800923807,0.69,hard
Academic Articles,gem,1,1017,0.002487879586728254,0.6,hard
Academic Articles,shine,1,2155,0.002487879586728254,0.45,easy
Academic Articles,directorate,1,656,0.007463638760184761,0.78,hard
Academic Articles,mathematical,1,1431,0.002487879586728254,0.72,hard
Academic Articles,physic,1,1749,0.051086606902129836,0.74,hard
Academic Articles,magnetometer,1,1395,0.004975759173456508,0.81,hard
Academic Articles,neutron,1,1550,0.002487879586728254,0.76,hard
Academic Articles,observing,1,1605,0.028610615247374918,0.75,hard
Academic Articles,priority,1,1835,0.001243939793364127,0.75,hard
Academic Articles,force,1,963,0.01040653103561904,0.0,easy
Academic Articles,domain,1,695,0.013683337727005394,0.54,easy
Academic Articles,awareness,1,215,0.009460482759653673,0.67,hard
Academic Articles,goal,1,1041,0.0018920965519307346,0.36,easy
Academic Articles,involve,1,1251,0.007463638760184761,0.51,easy
Academic Articles,suite,1,2353,0.011195458140277142,0.6,hard
Academic Articles,open,1,1625,0.011352579311584407,0.0,easy
Academic Articles,concerning,1,452,0.011195458140277142,0.59,hard
Academic Articles,commercial,1,419,0.04446426897037226,0.39,easy
Academic Articles,traffic,1,2489,0.012298627587549774,0.44,easy
Academic Articles,management,1,1405,0.008514434483688306,0.37,easy
Academic Articles,charter,1,361,0.002487879586728254,0.62,hard
Academic Articles,improve,1,1156,0.013244675863515144,0.45,easy
Academic Articles,fundamental,1,999,0.007463638760184761,0.57,hard
Academic Articles,supporting,1,2363,0.004975759173456508,0.23,easy
Academic Articles,private,1,1836,0.013683337727005394,0.01,easy
Academic Articles,paradigm,1,1687,0.004975759173456508,0.72,hard
Academic Articles,furthermore,1,1002,0.016082820691411245,0.76,hard
Academic Articles,structure,1,2320,0.017415157107097776,0.09,easy
Academic Articles,digital,1,644,0.0037318193800923807,0.66,hard
Academic Articles,support,1,2362,0.03121959310685712,0.0,easy
Academic Articles,station,1,2284,0.002838144827896102,0.06,easy
Academic Articles,repository,1,2007,0.007463638760184761,0.78,hard
Academic Articles,protect,1,1878,0.0018920965519307346,0.46,easy
Academic Articles,social,1,2199,0.002487879586728254,0.01,easy
Academic Articles,economic,1,730,0.006622337931757572,0.06,easy
Academic Articles,working,1,2697,0.005676289655792204,0.0,easy
Academic Articles,branch,1,278,0.0018920965519307346,0.14,easy
Academic Articles,understanding,1,2553,0.03216564138282249,0.27,easy
Academic Articles,phenomenon,1,1743,0.01419072413948051,0.69,hard
Academic Articles,advisory,1,60,0.007463638760184761,0.77,hard
Academic Articles,advice,1,59,0.0037318193800923807,0.52,easy
Academic Articles,help,1,1099,0.011352579311584407,0.0,easy
Academic Articles,effort,1,747,0.014927277520369523,0.07,easy
Academic Articles,framework,1,984,0.021146976487190158,0.67,hard
Academic Articles,hazard,1,1089,0.008514434483688306,0.63,hard
Academic Articles,exploration,1,869,0.004975759173456508,0.63,hard
Academic Articles,situational,1,2187,0.004975759173456508,0.84,hard
Academic Articles,aviation,1,210,0.01040653103561904,0.73,hard
Academic Articles,intent,1,1224,0.001243939793364127,0.62,hard
Academic Articles,term,1,2424,0.006219698966820634,0.11,easy
Academic Articles,use,1,2599,0.02838144827896102,0.0,easy
Academic Articles,particularly,1,1698,0.013683337727005394,0.09,easy
Academic Articles,reliability,1,1996,0.012439397933641268,0.85,hard
Academic Articles,mandatory,1,1407,0.002487879586728254,0.73,hard
Academic Articles,assessment,1,166,0.002487879586728254,0.67,hard
Academic Articles,extreme,1,888,0.009460482759653673,0.35,easy
Academic Articles,mitigate,1,1485,0.002487879586728254,0.76,hard
Academic Articles,lead,1,1318,0.022390916280554285,0.0,easy
Academic Articles,ideally,1,1136,0.002487879586728254,0.77,hard
Academic Articles,importance,1,1151,0.006219698966820634,0.32,easy
Academic Articles,objective,1,1595,0.001243939793364127,0.44,easy
Academic Articles,understand,1,2552,0.0075683862077229385,0.03,easy
Academic Articles,underlie,1,2548,0.001243939793364127,0.77,hard
Academic Articles,intrinsic,1,1245,0.001243939793364127,0.75,hard
Academic Articles,natural,1,1530,0.0018920965519307346,0.02,easy
Academic Articles,intersection,1,1244,0.002487879586728254,0.69,hard
Academic Articles,applied,1,134,0.02363485607391841,0.43,easy
Academic Articles,aboard,1,2,0.002487879586728254,0.48,easy
Academic Articles,aircraft,1,84,0.004730241379826836,0.59,hard
Academic Articles,ionospheric,1,1259,0.03856213359428793,0.8,hard
Academic Articles,expansion,1,858,0.0018920965519307346,0.28,easy
Academic Articles,orbital,1,1640,0.007463638760184761,0.74,hard
Academic Articles,collision,1,404,0.007463638760184761,0.72,hard
Academic Articles,induced,1,1183,0.0075683862077229385,0.71,hard
Academic Articles,behavior,1,242,0.005676289655792204,0.3,easy
Academic Articles,concurrent,1,456,0.004975759173456508,0.77,hard
Academic Articles,advanced,1,55,0.008514434483688306,0.32,easy
Academic Articles,strategically,1,2307,0.006219698966820634,0.8,hard
Academic Articles,individual,1,1181,0.004975759173456508,0.05,easy
Academic Articles,basis,1,233,0.0037318193800923807,0.11,easy
Academic Articles,suffer,1,2345,0.0037318193800923807,0.32,easy
Academic Articles,simultaneously,1,2180,0.002487879586728254,0.75,hard
Academic Articles,greatly,1,1062,0.002487879586728254,0.48,easy
Academic Articles,benefit,1,248,0.013683337727005394,0.41,easy
Academic Articles,collaboration,1,397,0.014927277520369523,0.78,hard
Academic Articles,necessary,1,1539,0.004975759173456508,0.01,easy
Academic Articles,place,1,1756,0.007463638760184761,0.0,easy
Academic Articles,vast,1,2619,0.006219698966820634,0.45,easy
Academic Articles,enable,1,778,0.008707578553548888,0.53,easy
Academic Articles,require,1,2012,0.053924751730025935,0.3,easy
Academic Articles,substantial,1,2337,0.0037318193800923807,0.42,easy
Academic Articles,robust,1,2056,0.006622337931757572,0.68,hard
Academic Articles,interpretive,1,1243,0.001243939793364127,0.81,hard
Academic Articles,important,1,1152,0.030273544830891754,0.0,easy
Academic Articles,extend,1,879,0.001243939793364127,0.28,easy
Academic Articles,terrestrial,1,2426,0.019867013795272715,0.73,hard
Academic Articles,perspective,1,1738,0.008707578553548888,0.62,hard
Academic Articles,inner,1,1201,0.007463638760184761,0.43,easy
Academic Articles,asset,1,167,0.011352579311584407,0.71,hard
Academic Articles,rare,1,1936,0.009460482759653673,0.36,easy
Academic Articles,neither,1,1545,0.002487879586728254,0.11,easy
Academic Articles,understood,1,2554,0.007463638760184761,0.53,easy
Academic Articles,pose,1,1786,0.002487879586728254,0.53,easy
Academic Articles,continuous,1,495,0.012298627587549774,0.68,hard
Academic Articles,detailed,1,618,0.006219698966820634,0.58,hard
Academic Articles,top,1,2478,0.008707578553548888,0.0,easy
Academic Articles,sheet,1,2147,0.008707578553548888,0.3,easy
Academic Articles,ion,1,1255,0.017415157107097776,0.73,hard
Academic Articles,medium,1,1448,0.004975759173456508,0.23,easy
Academic Articles,ring,1,2047,0.013683337727005394,0.08,easy
Academic Articles,belt,1,246,0.017415157107097776,0.44,easy
Academic Articles,acceleration,1,11,0.004975759173456508,0.77,hard
Academic Articles,pro,1,1838,0.006219698966820634,0.6,hard
Academic Articles,cusp,1,554,0.0037318193800923807,0.7,hard
Academic Articles,auroral,1,199,0.012298627587549774,0.77,hard
Academic Articles,precipitation,1,1802,0.012439397933641268,0.76,hard
Academic Articles,global,1,1038,0.05487080000599131,0.65,hard
Academic Articles,versus,1,2628,0.014927277520369523,0.69,hard
Academic Articles,collisional,1,405,0.001243939793364127,0.82,hard
Academic Articles,spatial,1,2233,0.029854555040739045,0.74,hard
Academic Articles,kinetic,1,1288,0.009951518346913015,0.73,hard
Academic Articles,true,1,2520,0.0037318193800923807,0.0,easy
Academic Articles,even,1,829,0.01040653103561904,0.0,easy
Academic Articles,stratosphere,1,2309,0.001243939793364127,0.76,hard
Academic Articles,forcing,1,964,0.012439397933641268,0.71,hard
Academic Articles,often,1,1618,0.01419072413948051,0.0,easy
Academic Articles,extra,1,885,0.0018920965519307346,0.21,easy
Academic Articles,capacity,1,318,0.002487879586728254,0.32,easy
Academic Articles,concerned,1,451,0.0009460482759653673,0.25,easy
Academic Articles,simulation,1,2178,0.011195458140277142,0.76,hard
Academic Articles,missing,1,1482,0.016171217313733652,0.05,easy
Academic Articles,error,1,815,0.0037841931038614693,0.0,easy
Academic Articles,gaining,1,1007,0.004975759173456508,0.72,hard
Academic Articles,numerical,1,1593,0.008707578553548888,0.75,hard
Academic Articles,treat,1,2508,0.001243939793364127,0.32,easy
Academic Articles,indicate,1,1178,0.004975759173456508,0.49,easy
Academic Articles,resolution,1,2019,0.02363485607391841,0.32,easy
Academic Articles,computational,1,445,0.011195458140277142,0.83,hard
Academic Articles,pressing,1,1823,0.002487879586728254,0.55,hard
Academic Articles,already,1,95,0.004730241379826836,0.0,easy
Academic Articles,right,1,2043,0.009460482759653673,0.0,easy
Academic Articles,cadence,1,303,0.0037318193800923807,0.73,hard
Academic Articles,contain,1,489,0.002487879586728254,0.43,easy
Academic Articles,standardized,1,2276,0.0037318193800923807,0.77,hard
Academic Articles,acquire,1,27,0.001243939793364127,0.46,easy
Academic Articles,simultaneous,1,2179,0.002487879586728254,0.81,hard
Academic Articles,operating,1,1628,0.0037318193800923807,0.46,easy
Academic Articles,solution,1,2208,0.014927277520369523,0.5,easy
Academic Articles,sparsity,1,2232,0.001243939793364127,0.79,hard
Academic Articles,assuming,1,175,0.001243939793364127,0.73,hard
Academic Articles,computer,1,447,0.002838144827896102,0.16,easy
Academic Articles,specific,1,2241,0.0075683862077229385,0.22,easy
Academic Articles,disciplinary,1,659,0.001243939793364127,0.76,hard
Academic Articles,discipline,1,660,0.002487879586728254,0.58,hard
Academic Articles,methodology,1,1462,0.002487879586728254,0.79,hard
Academic Articles,size,1,2189,0.004730241379826836,0.0,easy
Academic Articles,storage,1,2302,0.007463638760184761,0.54,easy
Academic Articles,push,1,1902,0.001243939793364127,0.09,easy
Academic Articles,must,1,1522,0.008707578553548888,0.0,easy
Academic Articles,address,1,46,0.012439397933641268,0.01,easy
Academic Articles,sparse,1,2230,0.008707578553548888,0.72,hard
Academic Articles,quantity,1,1910,0.002487879586728254,0.67,hard
Academic Articles,produce,1,1849,0.002838144827896102,0.07,easy
Academic Articles,best,1,252,0.016171217313733652,0.0,easy
Academic Articles,underlying,1,2549,0.005676289655792204,0.63,hard
Academic Articles,typical,1,2534,0.0009460482759653673,0.33,easy
Academic Articles,black,1,262,0.009951518346913015,0.0,easy
Academic Articles,box,1,277,0.004975759173456508,0.0,easy
Academic Articles,real,1,1949,0.0037841931038614693,0.0,easy
Academic Articles,issue,1,1266,0.002487879586728254,0.04,easy
Academic Articles,problem,1,1844,0.018920965519307345,0.0,easy
Academic Articles,algorithm,1,88,0.001243939793364127,0.78,hard
Academic Articles,meaningful,1,1441,0.002487879586728254,0.7,hard
Academic Articles,metric,1,1463,0.0075683862077229385,0.69,hard
Academic Articles,interesting,1,1231,0.002838144827896102,0.01,easy
Academic Articles,knowledge,1,1293,0.016171217313733652,0.06,easy
Academic Articles,launch,1,1314,0.026489351727030288,0.28,easy
Academic Articles,analytics,1,112,0.009951518346913015,0.82,hard
Academic Articles,instrumentation,1,1214,0.006219698966820634,0.78,hard
Academic Articles,vision,1,2639,0.001243939793364127,0.38,easy
Academic Articles,central,1,342,0.0018920965519307346,0.16,easy
Academic Articles,theme,1,2437,0.0075683862077229385,0.01,easy
Academic Articles,rated,1,1939,0.001243939793364127,0.51,easy
Academic Articles,calibration,1,307,0.006219698966820634,0.8,hard
Academic Articles,uniformity,1,2565,0.001243939793364127,0.78,hard
Academic Articles,latency,1,1307,0.006219698966820634,0.76,hard
Academic Articles,essential,1,820,0.0075683862077229385,0.33,easy
Academic Articles,academic,1,8,0.011195458140277142,0.58,hard
Academic Articles,fact,1,895,0.0075683862077229385,0.0,easy
Academic Articles,cost,1,522,0.006622337931757572,0.05,easy
Academic Articles,anda,1,116,0.002487879586728254,0.78,hard
Academic Articles,faster,1,914,0.006622337931757572,0.6,hard
Academic Articles,schedule,1,2095,0.001243939793364127,0.59,hard
Academic Articles,contractual,1,498,0.002487879586728254,0.79,hard
Academic Articles,moreover,1,1508,0.001243939793364127,0.7,hard
Academic Articles,acquisition,1,29,0.012439397933641268,0.56,hard
Academic Articles,offer,1,1614,0.006622337931757572,0.01,easy
Academic Articles,valuable,1,2609,0.0037841931038614693,0.56,hard
Academic Articles,cant,1,314,0.0009460482759653673,0.48,easy
Academic Articles,foremost,1,969,0.001243939793364127,0.64,hard
Academic Articles,custom,1,555,0.002487879586728254,0.57,hard
Academic Articles,procurement,1,1847,0.006219698966820634,0.75,hard
Academic Articles,commitment,1,421,0.001243939793364127,0.62,hard
Academic Articles,developer,1,629,0.001243939793364127,0.77,hard
Academic Articles,limit,1,1351,0.005676289655792204,0.15,easy
Academic Articles,getting,1,1031,0.0037841931038614693,0.0,easy
Academic Articles,calibrate,1,306,0.002487879586728254,0.76,hard
Academic Articles,lastly,1,1305,0.0037318193800923807,0.75,hard
Academic Articles,verification,1,2626,0.0037318193800923807,0.81,hard
Academic Articles,business,1,300,0.002487879586728254,0.0,easy
Academic Articles,novel,1,1588,0.009951518346913015,0.18,easy
Academic Articles,used,1,2600,0.01419072413948051,0.0,easy
Academic Articles,fleet,1,949,0.002487879586728254,0.57,hard
Academic Articles,coverage,1,532,0.017415157107097776,0.69,hard
Academic Articles,able,1,1,0.0037841931038614693,0.0,easy
Academic Articles,glamorous,1,1036,0.002487879586728254,0.73,hard
Academic Articles,comprehensive,1,443,0.012439397933641268,0.73,hard
Academic Articles,energy,1,788,0.02081306207123808,0.17,easy
Academic Articles,critically,1,538,0.002838144827896102,0.77,hard
Academic Articles,monitor,1,1505,0.006622337931757572,0.5,easy
Academic Articles,photospheric,1,1748,0.009951518346913015,0.82,hard
Academic Articles,steradian,1,2297,0.001243939793364127,0.79,hard
Academic Articles,formulation,1,978,0.002487879586728254,0.75,hard
Academic Articles,architecture,1,144,0.028610615247374918,0.74,hard
Academic Articles,useful,1,2601,0.011195458140277142,0.52,easy
Academic Articles,measuring,1,1446,0.006622337931757572,0.73,hard
Academic Articles,earthward,1,722,0.0037318193800923807,0.78,hard
Academic Articles,heavy,1,1097,0.008514434483688306,0.01,easy
Academic Articles,composition,1,441,0.018659096900461903,0.59,hard
Academic Articles,internal,1,1238,0.0075683862077229385,0.45,easy
Academic Articles,initiation,1,1198,0.0037318193800923807,0.75,hard
Academic Articles,heating,1,1096,0.008707578553548888,0.69,hard
Academic Articles,bridging,1,282,0.002487879586728254,0.78,hard
Academic Articles,fuse,1,1003,0.002487879586728254,0.63,hard
Academic Articles,resolve,1,2020,0.0037318193800923807,0.43,easy
Academic Articles,critical,1,537,0.015136772415445877,0.41,easy
Academic Articles,empirical,1,773,0.009951518346913015,0.75,hard
Academic Articles,kind,1,1287,0.001243939793364127,0.0,easy
Academic Articles,prehensive,1,1814,0.001243939793364127,0.8,hard
Academic Articles,prime,1,1833,0.002487879586728254,0.28,easy
Academic Articles,mission,1,1483,0.05014055862616447,0.19,easy
Academic Articles,designing,1,614,0.002487879586728254,0.73,hard
Academic Articles,outset,1,1663,0.001243939793364127,0.69,hard
Academic Articles,ease,1,723,0.001243939793364127,0.37,easy
Academic Articles,compact,1,427,0.0018920965519307346,0.51,easy
Academic Articles,naval,1,1533,0.002487879586728254,0.62,hard
Academic Articles,laboratory,1,1297,0.011352579311584407,0.76,hard
Academic Articles,follow,1,960,0.004975759173456508,0.02,easy
Academic Articles,series,1,2129,0.0018920965519307346,0.01,easy
Academic Articles,soho,1,2204,0.0037318193800923807,0.78,hard
Academic Articles,light,1,1342,0.0037841931038614693,0.0,easy
Academic Articles,deployment,1,607,0.006219698966820634,0.78,hard
Academic Articles,setting,1,2136,0.002487879586728254,0.13,easy
Academic Articles,stage,1,2270,0.0009460482759653673,0.02,easy
Academic Articles,attention,1,191,0.001243939793364127,0.01,easy
Academic Articles,rapidly,1,1935,0.0037318193800923807,0.51,easy
Academic Articles,diversity,1,688,0.007463638760184761,0.74,hard
Academic Articles,swag,1,2377,0.007463638760184761,0.65,hard
Academic Articles,formal,1,972,0.002487879586728254,0.48,easy
Academic Articles,survey,1,2371,0.017028868967376612,0.5,easy
Academic Articles,transfer,1,2494,0.006622337931757572,0.29,easy
Academic Articles,via,1,2629,0.005676289655792204,0.42,easy
Academic Articles,prize,1,1837,0.002487879586728254,0.52,easy
Academic Articles,authority,1,201,0.001243939793364127,0.1,easy
Academic Articles,congress,1,467,0.001243939793364127,0.71,hard
Academic Articles,public,1,1894,0.004730241379826836,0.0,easy
Academic Articles,proving,1,1889,0.006219698966820634,0.74,hard
Academic Articles,collaborative,1,398,0.008707578553548888,0.83,hard
Academic Articles,evaluation,1,828,0.004975759173456508,0.73,hard
Academic Articles,established,1,823,0.005676289655792204,0.27,easy
Academic Articles,goddard,1,1042,0.011352579311584407,0.78,hard
Academic Articles,prototype,1,1883,0.001243939793364127,0.78,hard
Academic Articles,partnership,1,1700,0.002487879586728254,0.68,hard
Academic Articles,industry,1,1185,0.01797491724334198,0.03,easy
Academic Articles,opportunity,1,1633,0.002487879586728254,0.22,easy
Academic Articles,advancing,1,57,0.006219698966820634,0.75,hard
Academic Articles,societal,1,2200,0.005676289655792204,0.77,hard
Academic Articles,resiliency,1,2017,0.002838144827896102,0.77,hard
Academic Articles,president,1,1821,0.0037318193800923807,0.14,easy
Academic Articles,million,1,1472,0.0018920965519307346,0.06,easy
Academic Articles,budget,1,292,0.004975759173456508,0.2,easy
Academic Articles,panel,1,1683,0.07836820698194,0.37,easy
Academic Articles,spann,1,2228,0.004975759173456508,0.75,hard
Academic Articles,gram,1,1054,0.001243939793364127,0.72,hard
Academic Articles,director,1,655,0.001243939793364127,0.0,easy
Academic Articles,look,1,1372,0.0018920965519307346,0.0,easy
Academic Articles,know,1,1291,0.002838144827896102,0.0,easy
Academic Articles,presentation,1,1819,0.02081306207123808,0.59,hard
Academic Articles,modify,1,1497,0.001243939793364127,0.73,hard
Academic Articles,inter,1,1225,0.004975759173456508,0.74,hard
Academic Articles,fund,1,998,0.002487879586728254,0.41,easy
Academic Articles,exploratory,1,870,0.002487879586728254,0.78,hard
Academic Articles,capability,1,316,0.01419072413948051,0.77,hard
Academic Articles,drive,1,710,0.004975759173456508,0.02,easy
Academic Articles,figure,1,926,0.07095362069740255,0.02,easy
Academic Articles,investigation,1,1250,0.0037318193800923807,0.62,hard
Academic Articles,pillar,1,1753,0.004975759173456508,0.69,hard
Academic Articles,innovative,1,1203,0.004975759173456508,0.77,hard
Academic Articles,safe,1,2074,0.0009460482759653673,0.08,easy
Academic Articles,moon,1,1507,0.0009460482759653673,0.17,easy
Academic Articles,less,1,1332,0.005676289655792204,0.0,easy
Academic Articles,mature,1,1435,0.004975759173456508,0.2,easy
Academic Articles,experiment,1,863,0.007463638760184761,0.47,easy
Academic Articles,demonstrate,1,597,0.0037318193800923807,0.6,hard
Academic Articles,tech,1,2405,0.004975759173456508,0.69,hard
Academic Articles,targeted,1,2401,0.002487879586728254,0.78,hard
Academic Articles,funded,1,1000,0.001243939793364127,0.76,hard
Academic Articles,stated,1,2282,0.0018920965519307346,0.49,easy
Academic Articles,consistent,1,478,0.004975759173456508,0.57,hard
Academic Articles,people,1,1716,0.004730241379826836,0.0,easy
Academic Articles,mathematics,1,1432,0.002487879586728254,0.77,hard
Academic Articles,stem,1,2293,0.0037318193800923807,0.21,easy
Academic Articles,astronomy,1,181,0.0018920965519307346,0.76,hard
Academic Articles,astrophysical,1,182,0.001243939793364127,0.83,hard
Academic Articles,facility,1,893,0.006219698966820634,0.67,hard
Academic Articles,grand,1,1055,0.001243939793364127,0.3,easy
Academic Articles,transformative,1,2496,0.001243939793364127,0.82,hard
Academic Articles,dynamic,1,718,0.03216564138282249,0.62,hard
Academic Articles,link,1,1356,0.0037318193800923807,0.0,easy
Academic Articles,together,1,2471,0.004730241379826836,0.0,easy
Academic Articles,faculty,1,897,0.002487879586728254,0.58,hard
Academic Articles,coherent,1,393,0.001243939793364127,0.69,hard
Academic Articles,incoherent,1,1168,0.004975759173456508,0.75,hard
Academic Articles,electrodynamics,1,757,0.011195458140277142,0.84,hard
Academic Articles,response,1,2025,0.007463638760184761,0.31,easy
Academic Articles,ampere,1,108,0.004975759173456508,0.75,hard
Academic Articles,infra,1,1191,0.001243939793364127,0.76,hard
Academic Articles,improving,1,1158,0.012298627587549774,0.71,hard
Academic Articles,laying,1,1317,0.001243939793364127,0.71,hard
Academic Articles,availability,1,207,0.006622337931757572,0.77,hard
Academic Articles,incorporate,1,1171,0.002838144827896102,0.74,hard
Academic Articles,evaluate,1,827,0.002487879586728254,0.73,hard
Academic Articles,accelerate,1,9,0.004975759173456508,0.78,hard
Academic Articles,improvement,1,1157,0.001243939793364127,0.52,easy
Academic Articles,regional,1,1983,0.004975759173456508,0.67,hard
Academic Articles,local,1,1365,0.004975759173456508,0.01,easy
Academic Articles,augment,1,197,0.002487879586728254,0.74,hard
Academic Articles,index,1,1177,0.009951518346913015,0.36,easy
Academic Articles,covering,1,534,0.008707578553548888,0.58,hard
Academic Articles,whole,1,2683,0.002838144827896102,0.0,easy
Academic Articles,civil,1,370,0.001243939793364127,0.33,easy
Academic Articles,dose,1,700,0.007463638760184761,0.57,hard
Academic Articles,specification,1,2243,0.004975759173456508,0.79,hard
Academic Articles,surface,1,2366,0.0075683862077229385,0.09,easy
Academic Articles,evolve,1,840,0.004730241379826836,0.66,hard
Academic Articles,third,1,2454,0.002487879586728254,0.02,easy
Academic Articles,point,1,1769,0.01419072413948051,0.0,easy
Academic Articles,verify,1,2627,0.0009460482759653673,0.72,hard
Academic Articles,design,1,612,0.01419072413948051,0.05,easy
Academic Articles,successfully,1,2340,0.0037841931038614693,0.62,hard
Academic Articles,standard,1,2274,0.007463638760184761,0.12,easy
Academic Articles,replace,1,2005,0.0018920965519307346,0.53,easy
Academic Articles,achievement,1,25,0.001243939793364127,0.53,easy
Academic Articles,constellation,1,484,0.02363485607391841,0.79,hard
Academic Articles,meteorology,1,1461,0.002487879586728254,0.84,hard
Academic Articles,sphere,1,2253,0.004730241379826836,0.49,easy
Academic Articles,climate,1,380,0.009460482759653673,0.62,hard
Academic Articles,cosmic,1,521,0.006219698966820634,0.7,hard
Academic Articles,acquired,1,28,0.001243939793364127,0.58,hard
Academic Articles,exercise,1,851,0.0009460482759653673,0.26,easy
Academic Articles,arise,1,148,0.006219698966820634,0.48,easy
Academic Articles,jinni,1,1272,0.002487879586728254,0.76,hard
Academic Articles,dan,1,560,0.004975759173456508,0.69,hard
Academic Articles,tammy,1,2399,0.001243939793364127,0.74,hard
Academic Articles,sage,1,2077,0.001243939793364127,0.65,hard
Academic Articles,engineer,1,790,0.002487879586728254,0.62,hard
Academic Articles,thereby,1,2444,0.002487879586728254,0.63,hard
Academic Articles,united,1,2569,0.009460482759653673,0.47,easy
Academic Articles,geo,1,1022,0.006219698966820634,0.76,hard
Academic Articles,receive,1,1956,0.0009460482759653673,0.2,easy
Academic Articles,authorize,1,202,0.001243939793364127,0.76,hard
Academic Articles,rather,1,1940,0.005676289655792204,0.0,easy
Academic Articles,ambassador,1,103,0.001243939793364127,0.73,hard
Academic Articles,lack,1,1298,0.004975759173456508,0.11,easy
Academic Articles,concrete,1,455,0.001243939793364127,0.56,hard
Academic Articles,implementation,1,1149,0.009951518346913015,0.79,hard
Academic Articles,develop,1,628,0.006622337931757572,0.12,easy
Academic Articles,vital,1,2642,0.0009460482759653673,0.46,easy
Academic Articles,defense,1,580,0.009951518346913015,0.12,easy
Academic Articles,dent,1,603,0.001243939793364127,0.68,hard
Academic Articles,covered,1,533,0.0037318193800923807,0.32,easy
Academic Articles,hazel,1,1091,0.001243939793364127,0.65,hard
Academic Articles,mark,1,1418,0.002487879586728254,0.01,easy
Academic Articles,commerce,1,418,0.004975759173456508,0.54,easy
Academic Articles,educate,1,736,0.002487879586728254,0.73,hard
Academic Articles,competence,1,432,0.001243939793364127,0.75,hard
Academic Articles,ship,1,2156,0.001243939793364127,0.0,easy
Academic Articles,document,1,691,0.001243939793364127,0.34,easy
Academic Articles,subsection,1,2332,0.001243939793364127,0.76,hard
Academic Articles,efficient,1,745,0.004975759173456508,0.65,hard
Academic Articles,testing,1,2431,0.0037318193800923807,0.62,hard
Academic Articles,feedback,1,920,0.001243939793364127,0.71,hard
Academic Articles,efficiency,1,744,0.001243939793364127,0.66,hard
Academic Articles,bain,1,222,0.002487879586728254,0.76,hard
Academic Articles,establish,1,822,0.001243939793364127,0.41,easy
Academic Articles,communicate,1,424,0.002487879586728254,0.63,hard
Academic Articles,distributed,1,681,0.011195458140277142,0.71,hard
Academic Articles,disturbance,1,683,0.006622337931757572,0.65,hard
Academic Articles,cash,1,330,0.002487879586728254,0.22,easy
Academic Articles,reliable,1,1997,0.002838144827896102,0.64,hard
Academic Articles,readiness,1,1947,0.004975759173456508,0.68,hard
Academic Articles,funnel,1,1001,0.001243939793364127,0.71,hard
Academic Articles,arc,1,142,0.0037318193800923807,0.55,hard
Academic Articles,challenge,1,350,0.002487879586728254,0.36,easy
Academic Articles,coe,1,392,0.001243939793364127,0.75,hard
Academic Articles,conduct,1,458,0.001243939793364127,0.39,easy
Academic Articles,external,1,883,0.001243939793364127,0.41,easy
Academic Articles,rep,1,2004,0.002487879586728254,0.7,hard
Academic Articles,engagement,1,789,0.0037318193800923807,0.6,hard
Academic Articles,electrical,1,753,0.0037841931038614693,0.67,hard
Academic Articles,actionable,1,33,0.002487879586728254,0.79,hard
Academic Articles,whereas,1,2680,0.007463638760184761,0.67,hard
Academic Articles,geographic,1,1025,0.001243939793364127,0.79,hard
Academic Articles,location,1,1366,0.0009460482759653673,0.05,easy
Academic Articles,uncertainty,1,2542,0.018659096900461903,0.74,hard
Academic Articles,magnitude,1,1396,0.0018920965519307346,0.67,hard
Academic Articles,temporal,1,2418,0.018659096900461903,0.69,hard
Academic Articles,granularity,1,1056,0.001243939793364127,0.83,hard
Academic Articles,conductivity,1,461,0.013683337727005394,0.82,hard
Academic Articles,collection,1,401,0.004975759173456508,0.42,easy
Academic Articles,variability,1,2613,0.011195458140277142,0.79,hard
Academic Articles,collected,1,400,0.0037318193800923807,0.64,hard
Academic Articles,portal,1,1784,0.001243939793364127,0.71,hard
Academic Articles,industrial,1,1184,0.002487879586728254,0.27,easy
Academic Articles,polar,1,1772,0.029327496554926388,0.64,hard
Academic Articles,flown,1,955,0.001243939793364127,0.74,hard
Academic Articles,year,1,2707,0.0037841931038614693,0.0,easy
Academic Articles,relate,1,1987,0.001243939793364127,0.61,hard
Academic Articles,port,1,1783,0.001243939793364127,0.25,easy
Academic Articles,decision,1,573,0.002487879586728254,0.07,easy
Academic Articles,avoid,1,211,0.001243939793364127,0.26,easy
Academic Articles,case,1,329,0.006622337931757572,0.0,easy
Academic Articles,allow,1,90,0.01040653103561904,0.08,easy
Academic Articles,cargo,1,325,0.001243939793364127,0.71,hard
Academic Articles,shorter,1,2159,0.001243939793364127,0.7,hard
Academic Articles,integrity,1,1218,0.001243939793364127,0.67,hard
Academic Articles,maintain,1,1399,0.0009460482759653673,0.23,easy
Academic Articles,affected,1,65,0.001243939793364127,0.57,hard
Academic Articles,timely,1,2465,0.001243939793364127,0.69,hard
Academic Articles,manner,1,1410,0.001243939793364127,0.16,easy
Academic Articles,air,1,83,0.0037841931038614693,0.0,easy
Academic Articles,common,1,423,0.005676289655792204,0.0,easy
Academic Articles,package,1,1680,0.001243939793364127,0.52,easy
Academic Articles,directive,1,653,0.001243939793364127,0.76,hard
Academic Articles,man,1,1404,0.001243939793364127,0.0,easy
Academic Articles,avoidance,1,212,0.006219698966820634,0.74,hard
Academic Articles,stakeholder,1,2272,0.001243939793364127,0.79,hard
Academic Articles,experimentation,1,864,0.001243939793364127,0.81,hard
Academic Articles,modular,1,1498,0.001243939793364127,0.78,hard
Academic Articles,promote,1,1868,0.002487879586728254,0.49,easy
Academic Articles,dealt,1,567,0.001243939793364127,0.66,hard
Academic Articles,sub,1,2327,0.002487879586728254,0.47,easy
Academic Articles,statistical,1,2287,0.011195458140277142,0.78,hard
Academic Articles,decadal,1,569,0.011195458140277142,0.76,hard
Academic Articles,astrophysics,1,183,0.0037318193800923807,0.78,hard
Academic Articles,union,1,2566,0.0075683862077229385,0.16,easy
Academic Articles,astronomical,1,180,0.002487879586728254,0.81,hard
Academic Articles,morrow,1,1510,0.001243939793364127,0.73,hard
Academic Articles,demographic,1,596,0.006219698966820634,0.77,hard
Academic Articles,broken,1,290,0.001243939793364127,0.0,easy
Academic Articles,boulder,1,272,0.008707578553548888,0.75,hard
Academic Articles,equity,1,811,0.002487879586728254,0.7,hard
Academic Articles,inclusion,1,1167,0.0037318193800923807,0.71,hard
Academic Articles,racial,1,1917,0.002487879586728254,0.63,hard
Academic Articles,severely,1,2140,0.0037318193800923807,0.69,hard
Academic Articles,dominant,1,697,0.002487879586728254,0.55,hard
Academic Articles,situation,1,2186,0.004975759173456508,0.05,easy
Academic Articles,male,1,1403,0.001243939793364127,0.06,easy
Academic Articles,female,1,923,0.001243939793364127,0.04,easy
Academic Articles,nonwhite,1,1569,0.001243939793364127,0.77,hard
Academic Articles,undergraduate,1,2546,0.006219698966820634,0.81,hard
Academic Articles,known,1,1294,0.004730241379826836,0.01,easy
Academic Articles,taking,1,2395,0.0037841931038614693,0.02,easy
Academic Articles,math,1,1430,0.002487879586728254,0.7,hard
Academic Articles,drop,1,714,0.001243939793364127,0.0,easy
Academic Articles,prevalent,1,1826,0.001243939793364127,0.74,hard
Academic Articles,retaining,1,2031,0.001243939793364127,0.79,hard
Academic Articles,equal,1,805,0.001243939793364127,0.05,easy
Academic Articles,talent,1,2396,0.001243939793364127,0.27,easy
Academic Articles,strongly,1,2318,0.001243939793364127,0.57,hard
Academic Articles,educated,1,737,0.001243939793364127,0.72,hard
Academic Articles,domestic,1,696,0.001243939793364127,0.23,easy
Academic Articles,personal,1,1737,0.001243939793364127,0.02,easy
Academic Articles,submission,1,2331,0.001243939793364127,0.62,hard
Academic Articles,somewhat,1,2214,0.001243939793364127,0.17,easy
Academic Articles,similar,1,2172,0.002838144827896102,0.06,easy
Academic Articles,profession,1,1854,0.001243939793364127,0.61,hard
Academic Articles,pointed,1,1770,0.014927277520369523,0.49,easy
Academic Articles,career,1,323,0.002487879586728254,0.16,easy
Academic Articles,graduate,1,1051,0.0037318193800923807,0.57,hard
Academic Articles,difficult,1,642,0.002487879586728254,0.07,easy
Academic Articles,spoke,1,2257,0.016171217313733652,0.41,easy
Academic Articles,bridge,1,281,0.0037841931038614693,0.06,easy
Academic Articles,historically,1,1113,0.0037318193800923807,0.79,hard
Academic Articles,stereotype,1,2299,0.001243939793364127,0.69,hard
Academic Articles,threat,1,2458,0.0009460482759653673,0.45,easy
Academic Articles,imposter,1,1154,0.001243939793364127,0.76,hard
Academic Articles,syndrome,1,2384,0.001243939793364127,0.69,hard
Academic Articles,implicit,1,1150,0.001243939793364127,0.74,hard
Academic Articles,systemic,1,2389,0.0037318193800923807,0.76,hard
Academic Articles,racism,1,1918,0.001243939793364127,0.66,hard
Academic Articles,reflect,1,1975,0.002487879586728254,0.45,easy
Academic Articles,participation,1,1695,0.002487879586728254,0.69,hard
Academic Articles,traditional,1,2487,0.004975759173456508,0.48,easy
Academic Articles,perhaps,1,1722,0.002487879586728254,0.0,easy
Academic Articles,ibid,1,1133,0.001243939793364127,0.76,hard
Academic Articles,target,1,2400,0.001243939793364127,0.25,easy
Academic Articles,underrepresentation,1,2550,0.002487879586728254,0.88,hard
Academic Articles,recruitment,1,1966,0.001243939793364127,0.77,hard
Academic Articles,tribal,1,2513,0.001243939793364127,0.74,hard
Academic Articles,diversify,1,687,0.001243939793364127,0.78,hard
Academic Articles,consideration,1,475,0.004975759173456508,0.51,easy
Academic Articles,job,1,1273,0.001243939793364127,0.0,easy
Academic Articles,culture,1,546,0.001243939793364127,0.3,easy
Academic Articles,employee,1,774,0.002487879586728254,0.58,hard
Academic Articles,resource,1,2021,0.007463638760184761,0.67,hard
Academic Articles,affinity,1,67,0.001243939793364127,0.67,hard
Academic Articles,retention,1,2032,0.001243939793364127,0.73,hard
Academic Articles,native,1,1529,0.001243939793364127,0.38,easy
Academic Articles,leadership,1,1320,0.001243939793364127,0.43,easy
Academic Articles,attend,1,190,0.001243939793364127,0.49,easy
Academic Articles,meet,1,1449,0.002487879586728254,0.0,easy
Academic Articles,hear,1,1094,0.0009460482759653673,0.01,easy
Academic Articles,partner,1,1699,0.0037318193800923807,0.36,easy
Academic Articles,school,1,2096,0.002487879586728254,0.0,easy
Academic Articles,college,1,403,0.004975759173456508,0.08,easy
Academic Articles,cox,1,535,0.001243939793364127,0.65,hard
Academic Articles,attribution,1,194,0.001243939793364127,0.8,hard
Academic Articles,spectrum,1,2248,0.001243939793364127,0.71,hard
Academic Articles,optical,1,1636,0.008707578553548888,0.71,hard
Academic Articles,surveillance,1,2370,0.001243939793364127,0.76,hard
Academic Articles,conference,1,462,0.0009460482759653673,0.51,easy
Academic Articles,education,1,738,0.004975759173456508,0.08,easy
Academic Articles,nature,1,1531,0.004975759173456508,0.05,easy
Academic Articles,study,1,2325,0.0037841931038614693,0.02,easy
Academic Articles,ann,1,119,0.001243939793364127,0.7,hard
Academic Articles,arbor,1,141,0.001243939793364127,0.73,hard
Academic Articles,news,1,1555,0.0009460482759653673,0.05,easy
Academic Articles,doctorate,1,690,0.001243939793364127,0.78,hard
Academic Articles,statistic,1,2286,0.0037318193800923807,0.76,hard
Academic Articles,talking,1,2398,0.0009460482759653673,0.02,easy
Academic Articles,leaving,1,1328,0.001243939793364127,0.16,easy
Academic Articles,persistence,1,1733,0.001243939793364127,0.73,hard
Academic Articles,relocation,1,1998,0.001243939793364127,0.79,hard
Academic Articles,cham,1,351,0.001243939793364127,0.76,hard
Academic Articles,springer,1,2265,0.001243939793364127,0.68,hard
Academic Articles,corona,1,510,0.021759110347203448,0.67,hard
Academic Articles,validate,1,2607,0.0037318193800923807,0.74,hard
Academic Articles,evolution,1,839,0.008707578553548888,0.7,hard
Academic Articles,crucial,1,543,0.007463638760184761,0.58,hard
Academic Articles,vantage,1,2612,0.006622337931757572,0.73,hard
Academic Articles,non,1,1563,0.0037318193800923807,0.04,easy
Academic Articles,summarize,1,2354,0.002487879586728254,0.76,hard
Academic Articles,meso,1,1456,0.002487879586728254,0.76,hard
Academic Articles,panelist,1,1685,0.0037318193800923807,0.76,hard
Academic Articles,overlap,1,1672,0.0037318193800923807,0.64,hard
Academic Articles,synthesis,1,2386,0.002487879586728254,0.72,hard
Academic Articles,keynote,1,1285,0.007463638760184761,0.69,hard
Academic Articles,mainly,1,1398,0.002487879586728254,0.52,easy
Academic Articles,drew,1,707,0.0037318193800923807,0.49,easy
Academic Articles,predictive,1,1808,0.01990303669382603,0.78,hard
Academic Articles,shown,1,2163,0.008707578553548888,0.04,easy
Academic Articles,turner,1,2528,0.012439397933641268,0.67,hard
Academic Articles,stealth,1,2292,0.002487879586728254,0.73,hard
Academic Articles,talk,1,2397,0.0018920965519307346,0.0,easy
Academic Articles,explicit,1,866,0.001243939793364127,0.68,hard
Academic Articles,defined,1,582,0.001243939793364127,0.5,easy
Academic Articles,span,1,2227,0.0037318193800923807,0.53,easy
Academic Articles,signal,1,2167,0.004730241379826836,0.48,easy
Academic Articles,likelihood,1,1347,0.001243939793364127,0.76,hard
Academic Articles,list,1,1359,0.006219698966820634,0.0,easy
Academic Articles,audience,1,195,0.002487879586728254,0.0,easy
Academic Articles,driver,1,712,0.0037318193800923807,0.2,easy
Academic Articles,upstream,1,2592,0.002487879586728254,0.74,hard
Academic Articles,parker,1,1692,0.006219698966820634,0.72,hard
Academic Articles,remote,1,2002,0.014927277520369523,0.39,easy
Academic Articles,spiral,1,2255,0.0037318193800923807,0.55,hard
Academic Articles,chal,1,349,0.0037318193800923807,0.76,hard
Academic Articles,boundary,1,275,0.013683337727005394,0.69,hard
Academic Articles,astronaut,1,177,0.001243939793364127,0.74,hard
Academic Articles,host,1,1121,0.0009460482759653673,0.33,easy
Academic Articles,filling,1,929,0.001243939793364127,0.53,easy
Academic Articles,agen,1,71,0.001243939793364127,0.75,hard
Academic Articles,transport,1,2502,0.009951518346913015,0.22,easy
Academic Articles,turbulence,1,2526,0.004975759173456508,0.74,hard
Academic Articles,nonlinear,1,1566,0.006219698966820634,0.79,hard
Academic Articles,ma,1,1383,0.001243939793364127,0.58,hard
Academic Articles,parallel,1,1688,0.001243939793364127,0.24,easy
Academic Articles,team,1,2403,0.0037841931038614693,0.09,easy
Academic Articles,serious,1,2130,0.0037318193800923807,0.02,easy
Academic Articles,undertaking,1,2555,0.001243939793364127,0.77,hard
Academic Articles,notion,1,1587,0.001243939793364127,0.53,easy
Academic Articles,hour,1,1124,0.0018920965519307346,0.0,easy
Academic Articles,knowing,1,1292,0.0009460482759653673,0.38,easy
Academic Articles,leaf,1,1322,0.001243939793364127,0.31,easy
Academic Articles,give,1,1034,0.007463638760184761,0.0,easy
Academic Articles,feasible,1,916,0.001243939793364127,0.75,hard
Academic Articles,ordered,1,1642,0.001243939793364127,0.49,easy
Academic Articles,accuracy,1,21,0.004730241379826836,0.71,hard
Academic Articles,revolve,1,2041,0.001243939793364127,0.72,hard
Academic Articles,emerge,1,767,0.0037318193800923807,0.55,hard
Academic Articles,description,1,611,0.002487879586728254,0.52,easy
Academic Articles,nonstandard,1,1567,0.001243939793364127,0.75,hard
Academic Articles,successive,1,2342,0.002487879586728254,0.75,hard
Academic Articles,unusual,1,2586,0.002487879586728254,0.49,easy
Academic Articles,formation,1,974,0.0018920965519307346,0.54,easy
Academic Articles,dis,1,657,0.001243939793364127,0.72,hard
Academic Articles,tinct,1,2467,0.001243939793364127,0.74,hard
Academic Articles,done,1,699,0.002838144827896102,0.0,easy
Academic Articles,ecliptic,1,729,0.008707578553548888,0.76,hard
Academic Articles,plane,1,1760,0.006622337931757572,0.05,easy
Academic Articles,standing,1,2277,0.001243939793364127,0.09,easy
Academic Articles,cruiser,1,544,0.001243939793364127,0.71,hard
Academic Articles,min,1,1473,0.002487879586728254,0.68,hard
Academic Articles,diamond,1,634,0.001243939793364127,0.6,hard
Academic Articles,punch,1,1898,0.0037318193800923807,0.45,easy
Academic Articles,vigil,1,2635,0.001243939793364127,0.73,hard
Academic Articles,characterize,1,357,0.004975759173456508,0.77,hard
Academic Articles,bow,1,276,0.007463638760184761,0.37,easy
Academic Articles,random,1,1930,0.001243939793364127,0.47,easy
Academic Articles,sufficiently,1,2348,0.004975759173456508,0.71,hard
Academic Articles,inside,1,1205,0.0018920965519307346,0.02,easy
Academic Articles,protective,1,1881,0.0009460482759653673,0.69,hard
Academic Articles,farther,1,910,0.001243939793364127,0.6,hard
Academic Articles,requirement,1,2013,0.001243939793364127,0.65,hard
Academic Articles,ensure,1,797,0.004975759173456508,0.67,hard
Academic Articles,usability,1,2596,0.002487879586728254,0.8,hard
Academic Articles,fast,1,913,0.007463638760184761,0.03,easy
Academic Articles,rarely,1,1937,0.0037318193800923807,0.47,easy
Academic Articles,unfortunately,1,2561,0.002487879586728254,0.23,easy
Academic Articles,manual,1,1411,0.001243939793364127,0.68,hard
Academic Articles,occasionally,1,1608,0.0009460482759653673,0.55,hard
Academic Articles,ultraviolet,1,2537,0.006622337931757572,0.8,hard
Academic Articles,production,1,1853,0.007463638760184761,0.01,easy
Academic Articles,publicly,1,1895,0.001243939793364127,0.68,hard
Academic Articles,avail,1,206,0.002487879586728254,0.65,hard
Academic Articles,member,1,1452,0.011195458140277142,0.12,easy
Academic Articles,pete,1,1741,0.001243939793364127,0.75,hard
Academic Articles,riley,1,2046,0.001243939793364127,0.77,hard
Academic Articles,cooper,1,506,0.002487879586728254,0.7,hard
Academic Articles,institute,1,1210,0.006219698966820634,0.72,hard
Academic Articles,synchronous,1,2383,0.002487879586728254,0.77,hard
Academic Articles,serial,1,2128,0.001243939793364127,0.59,hard
Academic Articles,interface,1,1232,0.0037318193800923807,0.67,hard
Academic Articles,radial,1,1920,0.001243939793364127,0.71,hard
Academic Articles,joint,1,1275,0.002487879586728254,0.3,easy
Academic Articles,bound,1,274,0.002487879586728254,0.14,easy
Academic Articles,ary,1,158,0.002487879586728254,0.76,hard
Academic Articles,thishow,1,2456,0.001243939793364127,0.76,hard
Academic Articles,driven,1,711,0.0037318193800923807,0.45,easy
Academic Articles,mag,1,1389,0.0037318193800923807,0.74,hard
Academic Articles,artificially,1,157,0.001243939793364127,0.81,hard
Academic Articles,constrained,1,486,0.002487879586728254,0.75,hard
Academic Articles,topology,1,2480,0.002487879586728254,0.74,hard
Academic Articles,unlike,1,2574,0.001243939793364127,0.37,easy
Academic Articles,front,1,990,0.001243939793364127,0.0,easy
Academic Articles,never,1,1551,0.0009460482759653673,0.0,easy
Academic Articles,measured,1,1444,0.0075683862077229385,0.53,easy
Academic Articles,limiting,1,1353,0.001243939793364127,0.73,hard
Academic Articles,spectropolarimeter,1,2247,0.001243939793364127,0.82,hard
Academic Articles,sporadically,1,2260,0.001243939793364127,0.82,hard
Academic Articles,instrumental,1,1213,0.001243939793364127,0.76,hard
Academic Articles,imager,1,1141,0.007463638760184761,0.78,hard
Academic Articles,oscillation,1,1650,0.0037318193800923807,0.78,hard
Academic Articles,vastly,1,2620,0.001243939793364127,0.72,hard
Academic Articles,tiple,1,2468,0.001243939793364127,0.76,hard
Academic Articles,traveling,1,2506,0.0037318193800923807,0.7,hard
Academic Articles,reside,1,2016,0.001243939793364127,0.72,hard
Academic Articles,longitudinal,1,1371,0.002487879586728254,0.8,hard
Academic Articles,brightness,1,286,0.001243939793364127,0.69,hard
Academic Articles,observer,1,1604,0.0009460482759653673,0.69,hard
Academic Articles,ratio,1,1941,0.001243939793364127,0.61,hard
Academic Articles,expensive,1,860,0.0037841931038614693,0.53,easy
Academic Articles,ideal,1,1135,0.001243939793364127,0.43,easy
Academic Articles,maya,1,1437,0.001243939793364127,0.75,hard
Academic Articles,middle,1,1466,0.0037841931038614693,0.0,easy
Academic Articles,radius,1,1924,0.004730241379826836,0.66,hard
Academic Articles,recording,1,1964,0.001243939793364127,0.64,hard
Academic Articles,ambiguity,1,105,0.001243939793364127,0.79,hard
Academic Articles,viewpoint,1,2634,0.001243939793364127,0.7,hard
Academic Articles,deforest,1,586,0.001243939793364127,0.79,hard
Academic Articles,eliminate,1,765,0.001243939793364127,0.59,hard
Academic Articles,sampling,1,2079,0.008707578553548888,0.67,hard
Academic Articles,vector,1,2622,0.006219698966820634,0.67,hard
Academic Articles,photosphere,1,1747,0.0037318193800923807,0.79,hard
Academic Articles,chromosphere,1,367,0.001243939793364127,0.79,hard
Academic Articles,advancement,1,56,0.001243939793364127,0.69,hard
Academic Articles,track,1,2486,0.0009460482759653673,0.18,easy
Academic Articles,buildup,1,294,0.002487879586728254,0.68,hard
Academic Articles,dynamo,1,719,0.0037318193800923807,0.76,hard
Academic Articles,interior,1,1234,0.001243939793364127,0.55,hard
Academic Articles,indirect,1,1180,0.001243939793364127,0.67,hard
Academic Articles,cycle,1,556,0.006622337931757572,0.47,easy
Academic Articles,predictability,1,1806,0.0037318193800923807,0.79,hard
Academic Articles,meridional,1,1453,0.0037318193800923807,0.77,hard
Academic Articles,circulation,1,369,0.0037318193800923807,0.67,hard
Academic Articles,clock,1,383,0.001243939793364127,0.28,easy
Academic Articles,consistently,1,479,0.001243939793364127,0.69,hard
Academic Articles,input,1,1204,0.013683337727005394,0.25,easy
Academic Articles,driving,1,713,0.004730241379826836,0.17,easy
Academic Articles,continuously,1,496,0.001243939793364127,0.74,hard
Academic Articles,irradiance,1,1262,0.011195458140277142,0.82,hard
Academic Articles,soft,1,2203,0.001243939793364127,0.02,easy
Academic Articles,great,1,1060,0.0018920965519307346,0.0,easy
Academic Articles,enough,1,795,0.004730241379826836,0.0,easy
Academic Articles,proxy,1,1892,0.002487879586728254,0.33,easy
Academic Articles,capture,1,321,0.006622337931757572,0.43,easy
Academic Articles,spectral,1,2245,0.0037318193800923807,0.73,hard
Academic Articles,estimate,1,824,0.0009460482759653673,0.53,easy
Academic Articles,nick,1,1558,0.0037318193800923807,0.33,easy
Academic Articles,erika,1,813,0.001243939793364127,0.78,hard
Academic Articles,table,1,2390,0.013683337727005394,0.02,easy
Academic Articles,optimal,1,1638,0.002487879586728254,0.73,hard
Academic Articles,believing,1,245,0.001243939793364127,0.72,hard
Academic Articles,illuminate,1,1139,0.001243939793364127,0.77,hard
Academic Articles,faraday,1,908,0.0037318193800923807,0.78,hard
Academic Articles,rotation,1,2066,0.0037841931038614693,0.72,hard
Academic Articles,constrain,1,485,0.0037318193800923807,0.75,hard
Academic Articles,synchronic,1,2382,0.002487879586728254,0.76,hard
Academic Articles,solo,1,2207,0.0037318193800923807,0.61,hard
Academic Articles,tomographic,1,2475,0.001243939793364127,0.82,hard
Academic Articles,observationally,1,1601,0.001243939793364127,0.86,hard
Academic Articles,widely,1,2686,0.005676289655792204,0.57,hard
Academic Articles,spaced,1,2226,0.004975759173456508,0.69,hard
Academic Articles,codex,1,391,0.001243939793364127,0.72,hard
Academic Articles,diagnostic,1,633,0.001243939793364127,0.78,hard
Academic Articles,deep,1,578,0.009951518346913015,0.0,easy
Academic Articles,density,1,602,0.018920965519307345,0.69,hard
Academic Articles,polarimetric,1,1773,0.001243939793364127,0.82,hard
Academic Articles,probe,1,1843,0.0037318193800923807,0.63,hard
Academic Articles,magnetograph,1,1394,0.0037318193800923807,0.81,hard
Academic Articles,polarization,1,1775,0.002487879586728254,0.79,hard
Academic Articles,sep,1,2124,0.008707578553548888,-1.0,easy
Academic Articles,propagate,1,1871,0.002487879586728254,0.67,hard
Academic Articles,transported,1,2504,0.001243939793364127,0.77,hard
Academic Articles,without,1,2692,0.0075683862077229385,0.0,easy
Academic Articles,likewise,1,1349,0.001243939793364127,0.67,hard
Academic Articles,tested,1,2430,0.002487879586728254,0.61,hard
Academic Articles,performance,1,1721,0.008514434483688306,0.0,easy
Academic Articles,actually,1,37,0.0018920965519307346,0.0,easy
Academic Articles,ultimately,1,2536,0.002838144827896102,0.49,easy
Academic Articles,deviate,1,631,0.001243939793364127,0.71,hard
Academic Articles,aberration,1,0,0.0037318193800923807,0.75,hard
Academic Articles,triple,1,2517,0.002487879586728254,0.57,hard
Academic Articles,motion,1,1513,0.002838144827896102,0.06,easy
Academic Articles,always,1,101,0.004730241379826836,0.0,easy
Academic Articles,outward,1,1666,0.001243939793364127,0.7,hard
Academic Articles,bulk,1,296,0.0037318193800923807,0.56,hard
Academic Articles,thee,1,2436,0.001243939793364127,0.35,easy
Academic Articles,distance,1,679,0.001243939793364127,0.09,easy
Academic Articles,parcel,1,1691,0.001243939793364127,0.36,easy
Academic Articles,going,1,1043,0.002838144827896102,0.0,easy
Academic Articles,completely,1,436,0.001243939793364127,0.01,easy
Academic Articles,miss,1,1481,0.001243939793364127,0.17,easy
Academic Articles,inherent,1,1194,0.002487879586728254,0.67,hard
Academic Articles,disentangle,1,669,0.001243939793364127,0.75,hard
Academic Articles,dealing,1,566,0.0018920965519307346,0.5,easy
Academic Articles,arrangement,1,151,0.001243939793364127,0.59,hard
Academic Articles,terry,1,2428,0.001243939793364127,0.68,hard
Academic Articles,larry,1,1302,0.002487879586728254,0.66,hard
Academic Articles,control,1,501,0.006622337931757572,0.0,easy
Academic Articles,element,1,762,0.001243939793364127,0.21,easy
Academic Articles,micro,1,1465,0.002487879586728254,0.76,hard
Academic Articles,injection,1,1200,0.002487879586728254,0.73,hard
Academic Articles,wave,1,2656,0.012439397933641268,0.1,easy
Academic Articles,generation,1,1021,0.002838144827896102,0.3,easy
Academic Articles,notan,1,1582,0.001243939793364127,0.78,hard
Academic Articles,afterthought,1,69,0.001243939793364127,0.76,hard
Academic Articles,adequately,1,49,0.002487879586728254,0.76,hard
Academic Articles,accidental,1,15,0.001243939793364127,0.76,hard
Academic Articles,inadequate,1,1162,0.002487879586728254,0.7,hard
Academic Articles,queue,1,1912,0.001243939793364127,0.68,hard
Academic Articles,considering,1,477,0.004975759173456508,0.49,easy
Academic Articles,emergent,1,770,0.001243939793364127,0.74,hard
Academic Articles,reconnection,1,1961,0.008707578553548888,0.82,hard
Academic Articles,cold,1,396,0.011195458140277142,0.0,easy
Academic Articles,distribution,1,682,0.007463638760184761,0.22,easy
Academic Articles,outflow,1,1656,0.0037318193800923807,0.72,hard
Academic Articles,cap,1,315,0.001243939793364127,0.46,easy
Academic Articles,convection,1,502,0.002487879586728254,0.77,hard
Academic Articles,feed,1,919,0.002487879586728254,0.17,easy
Academic Articles,dipolar,1,647,0.001243939793364127,0.76,hard
Academic Articles,rigid,1,2044,0.001243939793364127,0.57,hard
Academic Articles,considerable,1,474,0.001243939793364127,0.54,easy
Academic Articles,conversion,1,505,0.001243939793364127,0.57,hard
Academic Articles,predict,1,1805,0.004730241379826836,0.69,hard
Academic Articles,hazardous,1,1090,0.002487879586728254,0.75,hard
Academic Articles,sophisticated,1,2218,0.0009460482759653673,0.7,hard
Academic Articles,previously,1,1830,0.0009460482759653673,0.42,easy
Academic Articles,least,1,1327,0.0018920965519307346,0.0,easy
Academic Articles,studied,1,2323,0.001243939793364127,0.54,easy
Academic Articles,dominate,1,698,0.001243939793364127,0.68,hard
Academic Articles,promising,1,1867,0.002487879586728254,0.59,hard
Academic Articles,affordable,1,68,0.001243939793364127,0.78,hard
Academic Articles,pathfinder,1,1708,0.001243939793364127,0.76,hard
Academic Articles,originally,1,1647,0.001243939793364127,0.59,hard
Academic Articles,inclination,1,1164,0.0037318193800923807,0.66,hard
Academic Articles,detector,1,621,0.001243939793364127,0.75,hard
Academic Articles,atom,1,189,0.002487879586728254,0.6,hard
Academic Articles,themis,1,2438,0.002487879586728254,0.76,hard
Academic Articles,commencement,1,415,0.001243939793364127,0.73,hard
Academic Articles,operate,1,1627,0.0018920965519307346,0.5,easy
Academic Articles,camera,1,310,0.001243939793364127,0.05,easy
Academic Articles,connect,1,469,0.0037318193800923807,0.49,easy
Academic Articles,differentiation,1,641,0.001243939793364127,0.81,hard
Academic Articles,adiabatic,1,50,0.001243939793364127,0.81,hard
Academic Articles,macro,1,1385,0.001243939793364127,0.72,hard
Academic Articles,practical,1,1799,0.0037318193800923807,0.47,easy
Academic Articles,running,1,2071,0.002487879586728254,0.0,easy
Academic Articles,outer,1,1655,0.0018920965519307346,0.61,hard
Academic Articles,appropriate,1,138,0.0037318193800923807,0.41,easy
Academic Articles,equally,1,806,0.001243939793364127,0.34,easy
Academic Articles,artificial,1,156,0.004975759173456508,0.69,hard
Academic Articles,neural,1,1548,0.0037318193800923807,0.74,hard
Academic Articles,complement,1,433,0.002487879586728254,0.63,hard
Academic Articles,powerful,1,1798,0.0018920965519307346,0.18,easy
Academic Articles,hybrid,1,1132,0.001243939793364127,0.7,hard
Academic Articles,emulator,1,777,0.002487879586728254,0.81,hard
Academic Articles,automatic,1,203,0.001243939793364127,0.33,easy
Academic Articles,identification,1,1137,0.001243939793364127,0.67,hard
Academic Articles,detection,1,620,0.001243939793364127,0.71,hard
Academic Articles,quantification,1,1908,0.006219698966820634,0.8,hard
Academic Articles,cell,1,338,0.002487879586728254,0.0,easy
Academic Articles,degradation,1,587,0.004975759173456508,0.76,hard
Academic Articles,association,1,173,0.001243939793364127,0.54,easy
Academic Articles,linked,1,1357,0.001243939793364127,0.66,hard
Academic Articles,meaning,1,1440,0.0009460482759653673,0.21,easy
Academic Articles,van,1,2611,0.008707578553548888,0.25,easy
Academic Articles,accurately,1,23,0.0009460482759653673,0.71,hard
Academic Articles,upwell,1,2594,0.001243939793364127,0.78,hard
Academic Articles,drag,1,703,0.012298627587549774,0.09,easy
Academic Articles,poorly,1,1781,0.002487879586728254,0.56,hard
Academic Articles,attract,1,193,0.001243939793364127,0.65,hard
Academic Articles,daily,1,558,0.0018920965519307346,0.33,easy
Academic Articles,array,1,152,0.001243939793364127,0.61,hard
Academic Articles,altitude,1,100,0.004730241379826836,0.75,hard
Academic Articles,image,1,1140,0.004975759173456508,0.01,easy
Academic Articles,video,1,2632,0.001243939793364127,0.11,easy
Academic Articles,bottom,1,271,0.0037318193800923807,0.11,easy
Academic Articles,fall,1,904,0.0018920965519307346,0.0,easy
Academic Articles,concern,1,450,0.004975759173456508,0.26,easy
Academic Articles,munity,1,1521,0.001243939793364127,0.8,hard
Academic Articles,proprietary,1,1876,0.004975759173456508,0.77,hard
Academic Articles,realize,1,1951,0.0009460482759653673,0.17,easy
Academic Articles,utility,1,2604,0.002487879586728254,0.58,hard
Academic Articles,aeronautical,1,62,0.004975759173456508,0.81,hard
Academic Articles,geodesy,1,1023,0.001243939793364127,0.74,hard
Academic Articles,spheric,1,2254,0.0037318193800923807,0.76,hard
Academic Articles,question,1,1911,0.004730241379826836,0.0,easy
Academic Articles,routinely,1,2068,0.0037318193800923807,0.78,hard
Academic Articles,readily,1,1946,0.002487879586728254,0.66,hard
Academic Articles,share,1,2143,0.002487879586728254,0.0,easy
Academic Articles,flexible,1,951,0.001243939793364127,0.64,hard
Academic Articles,midlatitude,1,1467,0.002487879586728254,0.82,hard
Academic Articles,landing,1,1299,0.001243939793364127,0.61,hard
Academic Articles,assurance,1,176,0.002487879586728254,0.65,hard
Academic Articles,acceptable,1,12,0.001243939793364127,0.63,hard
Academic Articles,prompt,1,1869,0.001243939793364127,0.38,easy
Academic Articles,safety,1,2076,0.0009460482759653673,0.35,easy
Academic Articles,extending,1,881,0.002487879586728254,0.73,hard
Academic Articles,geodetic,1,1024,0.001243939793364127,0.81,hard
Academic Articles,irregularity,1,1263,0.002487879586728254,0.81,hard
Academic Articles,receiver,1,1958,0.001243939793364127,0.67,hard
Academic Articles,theoretical,1,2439,0.001243939793364127,0.79,hard
Academic Articles,planet,1,1761,0.002487879586728254,0.26,easy
Academic Articles,occultation,1,1609,0.007463638760184761,0.81,hard
Academic Articles,tec,1,2404,0.004975759173456508,0.74,hard
Academic Articles,globe,1,1039,0.0009460482759653673,0.6,hard
Academic Articles,whether,1,2681,0.005676289655792204,0.01,easy
Academic Articles,oblique,1,1597,0.001243939793364127,0.68,hard
Academic Articles,usable,1,2597,0.004975759173456508,0.71,hard
Academic Articles,passive,1,1704,0.001243939793364127,0.67,hard
Academic Articles,loss,1,1375,0.0037318193800923807,0.0,easy
Academic Articles,delay,1,589,0.007463638760184761,0.52,easy
Academic Articles,systematic,1,2388,0.004975759173456508,0.75,hard
Academic Articles,integration,1,1217,0.004975759173456508,0.65,hard
Academic Articles,snively,1,2197,0.004975759173456508,0.78,hard
Academic Articles,atmo,1,186,0.001243939793364127,0.78,hard
Academic Articles,compositional,1,442,0.002487879586728254,0.83,hard
Academic Articles,overwide,1,1676,0.001243939793364127,0.78,hard
Academic Articles,thermo,1,2447,0.002487879586728254,0.78,hard
Academic Articles,acoustic,1,26,0.001243939793364127,0.75,hard
Academic Articles,gravity,1,1059,0.011195458140277142,0.71,hard
Academic Articles,modulate,1,1499,0.001243939793364127,0.72,hard
Academic Articles,mesh,1,1455,0.0037318193800923807,0.56,hard
Academic Articles,leverage,1,1335,0.0018920965519307346,0.68,hard
Academic Articles,handling,1,1080,0.002487879586728254,0.46,easy
Academic Articles,heterogeneous,1,1104,0.006219698966820634,0.79,hard
Academic Articles,den,1,598,0.002487879586728254,0.66,hard
Academic Articles,parameter,1,1690,0.001243939793364127,0.71,hard
Academic Articles,actual,1,36,0.004975759173456508,0.21,easy
Academic Articles,inconsistent,1,1170,0.002487879586728254,0.69,hard
Academic Articles,keeping,1,1281,0.0018920965519307346,0.33,easy
Academic Articles,precision,1,1804,0.001243939793364127,0.66,hard
Academic Articles,determination,1,623,0.001243939793364127,0.6,hard
Academic Articles,conjunction,1,468,0.001243939793364127,0.66,hard
Academic Articles,lifetime,1,1340,0.004730241379826836,0.68,hard
Academic Articles,estimation,1,825,0.004975759173456508,0.75,hard
Academic Articles,net,1,1546,0.004975759173456508,0.01,easy
Academic Articles,aero,1,61,0.001243939793364127,0.76,hard
Academic Articles,nautical,1,1532,0.001243939793364127,0.78,hard
Academic Articles,bill,1,258,0.001243939793364127,0.06,easy
Academic Articles,biggest,1,257,0.002487879586728254,0.41,easy
Academic Articles,relative,1,1990,0.002487879586728254,0.54,easy
Academic Articles,uncertain,1,2541,0.0009460482759653673,0.57,hard
Academic Articles,seasonal,1,2107,0.001243939793364127,0.74,hard
Academic Articles,shift,1,2153,0.001243939793364127,0.11,easy
Academic Articles,mean,1,1439,0.0037318193800923807,0.0,easy
Academic Articles,trigger,1,2514,0.0009460482759653673,0.61,hard
Academic Articles,hand,1,1079,0.001243939793364127,0.0,easy
Academic Articles,factor,1,896,0.0018920965519307346,0.31,easy
Academic Articles,tying,1,2532,0.001243939793364127,0.74,hard
Academic Articles,complicated,1,439,0.0009460482759653673,0.66,hard
Academic Articles,combining,1,410,0.009951518346913015,0.73,hard
Academic Articles,specie,1,2240,0.002487879586728254,0.72,hard
Academic Articles,optically,1,1637,0.001243939793364127,0.81,hard
Academic Articles,encompass,1,779,0.001243939793364127,0.78,hard
Academic Articles,dissipation,1,678,0.0037318193800923807,0.78,hard
Academic Articles,profile,1,1856,0.006219698966820634,0.11,easy
Academic Articles,temperature,1,2417,0.0018920965519307346,0.46,easy
Academic Articles,climatological,1,382,0.002487879586728254,0.86,hard
Academic Articles,swarm,1,2378,0.002487879586728254,0.66,hard
Academic Articles,lation,1,1310,0.001243939793364127,0.78,hard
Academic Articles,convective,1,503,0.001243939793364127,0.8,hard
Academic Articles,describe,1,610,0.001243939793364127,0.47,easy
Academic Articles,sustainable,1,2374,0.002487879586728254,0.78,hard
Academic Articles,magic,1,1390,0.001243939793364127,0.46,easy
Academic Articles,therein,1,2446,0.004975759173456508,0.72,hard
Academic Articles,solver,1,2210,0.001243939793364127,0.74,hard
Academic Articles,library,1,1336,0.0037318193800923807,0.25,easy
Academic Articles,pest,1,1740,0.001243939793364127,0.67,hard
Academic Articles,scalable,1,2091,0.001243939793364127,0.76,hard
Academic Articles,abstract,1,6,0.001243939793364127,0.52,easy
Academic Articles,saa,1,2073,0.001243939793364127,0.76,hard
Academic Articles,adaptive,1,40,0.001243939793364127,0.76,hard
Academic Articles,refinement,1,1974,0.001243939793364127,0.71,hard
Academic Articles,mat,1,1427,0.001243939793364127,0.57,hard
Academic Articles,put,1,1904,0.0009460482759653673,0.0,easy
Academic Articles,butterfly,1,301,0.001243939793364127,0.69,hard
Academic Articles,josh,1,1276,0.002487879586728254,0.7,hard
Academic Articles,seth,1,2135,0.001243939793364127,0.67,hard
Academic Articles,spatiotemporal,1,2235,0.002487879586728254,0.8,hard
Academic Articles,define,1,581,0.001243939793364127,0.6,hard
Academic Articles,significance,1,2169,0.001243939793364127,0.6,hard
Academic Articles,minute,1,1479,0.001243939793364127,0.03,easy
Academic Articles,test,1,2429,0.0037318193800923807,0.02,easy
Academic Articles,thickness,1,2450,0.001243939793364127,0.61,hard
Academic Articles,theory,1,2441,0.0037318193800923807,0.12,easy
Academic Articles,inertial,1,1186,0.001243939793364127,0.78,hard
Academic Articles,relation,1,1989,0.001243939793364127,0.23,easy
Academic Articles,dispersion,1,672,0.001243939793364127,0.75,hard
Academic Articles,ionization,1,1257,0.002487879586728254,0.77,hard
Academic Articles,joule,1,1277,0.004975759173456508,0.74,hard
Academic Articles,rate,1,1938,0.001243939793364127,0.0,easy
Academic Articles,overestimation,1,1669,0.001243939793364127,0.81,hard
Academic Articles,instability,1,1207,0.001243939793364127,0.78,hard
Academic Articles,anomalous,1,121,0.001243939793364127,0.76,hard
Academic Articles,macroscopic,1,1386,0.001243939793364127,0.77,hard
Academic Articles,conductance,1,459,0.0037318193800923807,0.79,hard
Academic Articles,equatorial,1,808,0.002487879586728254,0.76,hard
Academic Articles,fresnel,1,989,0.001243939793364127,0.78,hard
Academic Articles,stochastic,1,2301,0.001243939793364127,0.79,hard
Academic Articles,amplitude,1,110,0.001243939793364127,0.75,hard
Academic Articles,modulation,1,1500,0.001243939793364127,0.74,hard
Academic Articles,scintillation,1,2101,0.0037318193800923807,0.75,hard
Academic Articles,phase,1,1742,0.004730241379826836,0.42,easy
Academic Articles,fluctuation,1,956,0.001243939793364127,0.78,hard
Academic Articles,pic,1,1752,0.0037318193800923807,0.54,easy
Academic Articles,boston,1,270,0.001243939793364127,0.74,hard
Academic Articles,transferring,1,2495,0.001243939793364127,0.79,hard
Academic Articles,sufficient,1,2347,0.005676289655792204,0.53,easy
Academic Articles,projection,1,1863,0.001243939793364127,0.6,hard
Academic Articles,inversion,1,1248,0.001243939793364127,0.64,hard
Academic Articles,respond,1,2024,0.0009460482759653673,0.52,easy
Academic Articles,reduce,1,1968,0.0037318193800923807,0.14,easy
Academic Articles,regionally,1,1984,0.001243939793364127,0.81,hard
Academic Articles,drift,1,708,0.001243939793364127,0.34,easy
Academic Articles,spatially,1,2234,0.001243939793364127,0.78,hard
Academic Articles,temporally,1,2419,0.001243939793364127,0.81,hard
Academic Articles,assume,1,174,0.001243939793364127,0.3,easy
Academic Articles,equipotential,1,810,0.001243939793364127,0.8,hard
Academic Articles,extended,1,880,0.0018920965519307346,0.36,easy
Academic Articles,electrodynamic,1,756,0.001243939793364127,0.84,hard
Academic Articles,combine,1,408,0.002487879586728254,0.51,easy
Academic Articles,penetration,1,1713,0.001243939793364127,0.7,hard
Academic Articles,role,1,2060,0.002487879586728254,0.0,easy
Academic Articles,con,1,448,0.002487879586728254,0.52,easy
Academic Articles,vection,1,2621,0.001243939793364127,0.78,hard
Academic Articles,broad,1,288,0.004730241379826836,0.24,easy
Academic Articles,mount,1,1514,0.001243939793364127,0.42,easy
Academic Articles,nuclear,1,1591,0.004975759173456508,0.31,easy
Academic Articles,traditionally,1,2488,0.001243939793364127,0.81,hard
Academic Articles,percent,1,1718,0.0009460482759653673,0.55,hard
Academic Articles,deposit,1,608,0.001243939793364127,0.48,easy
Academic Articles,warm,1,2651,0.0018920965519307346,0.04,easy
Academic Articles,relativistic,1,1992,0.002487879586728254,0.79,hard
Academic Articles,realistic,1,1950,0.001243939793364127,0.5,easy
Academic Articles,deter,1,622,0.001243939793364127,0.74,hard
Academic Articles,vol,1,2643,0.001243939793364127,0.75,hard
Academic Articles,optic,1,1635,0.001243939793364127,0.73,hard
Academic Articles,stand,1,2273,0.002487879586728254,0.0,easy
Academic Articles,origin,1,1645,0.006219698966820634,0.53,easy
Academic Articles,erosion,1,814,0.001243939793364127,0.7,hard
Academic Articles,justification,1,1279,0.002487879586728254,0.76,hard
Academic Articles,ionic,1,1256,0.001243939793364127,0.76,hard
Academic Articles,irreversible,1,1264,0.002487879586728254,0.78,hard
Academic Articles,impedance,1,1147,0.002487879586728254,0.79,hard
Academic Articles,subsurface,1,2338,0.001243939793364127,0.79,hard
Academic Articles,externally,1,884,0.001243939793364127,0.79,hard
Academic Articles,twentieth,1,2530,0.001243939793364127,0.72,hard
Academic Articles,century,1,343,0.001243939793364127,0.08,easy
Academic Articles,alone,1,93,0.002487879586728254,0.01,easy
Academic Articles,damage,1,559,0.0037841931038614693,0.22,easy
Academic Articles,civilian,1,371,0.001243939793364127,0.69,hard
Academic Articles,severe,1,2139,0.0018920965519307346,0.52,easy
Academic Articles,trillion,1,2515,0.002487879586728254,0.69,hard
Academic Articles,history,1,1114,0.001243939793364127,0.0,easy
Academic Articles,geographical,1,1026,0.001243939793364127,0.78,hard
Academic Articles,differ,1,637,0.001243939793364127,0.68,hard
Academic Articles,significantly,1,2171,0.0009460482759653673,0.74,hard
Academic Articles,mineralogy,1,1474,0.001243939793364127,0.83,hard
Academic Articles,fluid,1,957,0.001243939793364127,0.58,hard
Academic Articles,record,1,1963,0.002838144827896102,0.02,easy
Academic Articles,intense,1,1220,0.0037841931038614693,0.27,easy
Academic Articles,northeastern,1,1575,0.002487879586728254,0.77,hard
Academic Articles,complete,1,435,0.0018920965519307346,0.0,easy
Academic Articles,prepare,1,1817,0.0009460482759653673,0.49,easy
Academic Articles,pulse,1,1897,0.001243939793364127,0.56,hard
Academic Articles,weapon,1,2661,0.001243939793364127,0.48,easy
Academic Articles,detonation,1,626,0.001243939793364127,0.79,hard
Academic Articles,crosscutting,1,540,0.001243939793364127,0.8,hard
Academic Articles,anna,1,120,0.002487879586728254,0.68,hard
Academic Articles,transformer,1,2497,0.002487879586728254,0.76,hard
Academic Articles,jeff,1,1269,0.001243939793364127,0.6,hard
Academic Articles,gas,1,1013,0.0009460482759653673,0.17,easy
Academic Articles,company,1,428,0.002838144827896102,0.0,easy
Academic Articles,wiggly,1,2688,0.001243939793364127,0.75,hard
Academic Articles,hosting,1,1122,0.002487879586728254,0.78,hard
Academic Articles,surrounding,1,2369,0.0018920965519307346,0.67,hard
Academic Articles,colorado,1,406,0.001243939793364127,0.77,hard
Academic Articles,geological,1,1027,0.0009460482759653673,0.82,hard
Academic Articles,nationwide,1,1528,0.001243939793364127,0.76,hard
Academic Articles,map,1,1414,0.007463638760184761,0.2,easy
Academic Articles,lighter,1,1343,0.001243939793364127,0.6,hard
Academic Articles,higher,1,1108,0.004730241379826836,0.11,easy
Academic Articles,purpose,1,1901,0.0037318193800923807,0.01,easy
Academic Articles,rigorous,1,2045,0.001243939793364127,0.76,hard
Academic Articles,good,1,1044,0.0037841931038614693,0.0,easy
Academic Articles,path,1,1707,0.006219698966820634,0.25,easy
Academic Articles,explorer,1,872,0.001243939793364127,0.76,hard
Academic Articles,splitting,1,2256,0.001243939793364127,0.75,hard
Academic Articles,entail,1,798,0.001243939793364127,0.68,hard
Academic Articles,outreach,1,1662,0.001243939793364127,0.75,hard
Academic Articles,deploy,1,606,0.002487879586728254,0.75,hard
Academic Articles,reasonable,1,1954,0.001243939793364127,0.47,easy
Academic Articles,world,1,2699,0.0018920965519307346,0.0,easy
Academic Articles,attitude,1,192,0.001243939793364127,0.3,easy
Academic Articles,antenna,1,125,0.001243939793364127,0.72,hard
Academic Articles,directional,1,652,0.001243939793364127,0.77,hard
Academic Articles,drilling,1,709,0.001243939793364127,0.66,hard
Academic Articles,alternative,1,97,0.002487879586728254,0.62,hard
Academic Articles,iridium,1,1260,0.002487879586728254,0.79,hard
Academic Articles,starved,1,2280,0.002487879586728254,0.7,hard
Academic Articles,efficiently,1,746,0.001243939793364127,0.78,hard
Academic Articles,format,1,973,0.001243939793364127,0.61,hard
Academic Articles,promise,1,1866,0.001243939793364127,0.22,easy
Academic Articles,tuning,1,2525,0.001243939793364127,0.75,hard
Academic Articles,disparate,1,671,0.002487879586728254,0.74,hard
Academic Articles,suitable,1,2352,0.001243939793364127,0.61,hard
Academic Articles,turn,1,2527,0.0009460482759653673,0.0,easy
Academic Articles,widespread,1,2687,0.0009460482759653673,0.66,hard
Academic Articles,ecosystem,1,732,0.002487879586728254,0.76,hard
Academic Articles,treating,1,2509,0.001243939793364127,0.73,hard
Academic Articles,approaching,1,137,0.001243939793364127,0.61,hard
Academic Articles,reuse,1,2036,0.001243939793364127,0.75,hard
Academic Articles,revitalization,1,2040,0.001243939793364127,0.83,hard
Academic Articles,spread,1,2264,0.001243939793364127,0.09,easy
Academic Articles,profound,1,1857,0.001243939793364127,0.51,easy
Academic Articles,contradiction,1,499,0.001243939793364127,0.75,hard
Academic Articles,compute,1,446,0.0009460482759653673,0.75,hard
Academic Articles,facing,1,894,0.002838144827896102,0.54,easy
Academic Articles,portfolio,1,1785,0.001243939793364127,0.73,hard
Academic Articles,exploitation,1,868,0.001243939793364127,0.72,hard
Academic Articles,compare,1,430,0.001243939793364127,0.54,easy
Academic Articles,update,1,2589,0.001243939793364127,0.34,easy
Academic Articles,match,1,1428,0.002487879586728254,0.04,easy
Academic Articles,constantly,1,483,0.0009460482759653673,0.37,easy
Academic Articles,step,1,2295,0.002487879586728254,0.01,easy
Academic Articles,comparison,1,431,0.001243939793364127,0.26,easy
Academic Articles,curate,1,549,0.001243939793364127,0.76,hard
Academic Articles,findable,1,934,0.0037318193800923807,0.78,hard
Academic Articles,accessible,1,14,0.0037318193800923807,0.68,hard
Academic Articles,fair,1,901,0.006219698966820634,0.06,easy
Academic Articles,satisfied,1,2084,0.002487879586728254,0.62,hard
Academic Articles,sequential,1,2127,0.001243939793364127,0.79,hard
Academic Articles,difference,1,638,0.001243939793364127,0.12,easy
Academic Articles,tackle,1,2391,0.001243939793364127,0.56,hard
Academic Articles,play,1,1765,0.002487879586728254,0.0,easy
Academic Articles,tool,1,2477,0.0037318193800923807,0.42,easy
Academic Articles,emulation,1,776,0.001243939793364127,0.78,hard
Academic Articles,homogenization,1,1117,0.001243939793364127,0.83,hard
Academic Articles,decided,1,572,0.001243939793364127,0.18,easy
Academic Articles,adequate,1,48,0.002838144827896102,0.47,easy
Academic Articles,stud,1,2321,0.001243939793364127,0.59,hard
Academic Articles,flexibility,1,950,0.0037318193800923807,0.76,hard
Academic Articles,adopted,1,53,0.001243939793364127,0.57,hard
Academic Articles,learned,1,1325,0.001243939793364127,0.23,easy
Academic Articles,classification,1,376,0.0009460482759653673,0.74,hard
Academic Articles,deterministic,1,625,0.001243939793364127,0.82,hard
Academic Articles,governing,1,1046,0.002487879586728254,0.71,hard
Academic Articles,symmetry,1,2381,0.001243939793364127,0.74,hard
Academic Articles,conservation,1,472,0.001243939793364127,0.76,hard
Academic Articles,search,1,2106,0.0037318193800923807,0.0,easy
Academic Articles,minimum,1,1477,0.0018920965519307346,0.48,easy
Academic Articles,set,1,2134,0.002838144827896102,0.0,easy
Academic Articles,surrogate,1,2368,0.004975759173456508,0.73,hard
Academic Articles,chain,1,347,0.0018920965519307346,0.12,easy
Academic Articles,demanding,1,595,0.001243939793364127,0.7,hard
Academic Articles,discovery,1,664,0.0037318193800923807,0.31,easy
Academic Articles,zoom,1,2713,0.008707578553548888,0.62,hard
Academic Articles,chat,1,362,0.011195458140277142,0.04,easy
Academic Articles,learn,1,1324,0.0037318193800923807,0.1,easy
Academic Articles,inform,1,1188,0.002487879586728254,0.69,hard
Academic Articles,sparsely,1,2231,0.001243939793364127,0.76,hard
Academic Articles,catastrophic,1,331,0.001243939793364127,0.79,hard
Academic Articles,morris,1,1509,0.0037318193800923807,0.76,hard
Academic Articles,web,1,2663,0.0009460482759653673,0.07,easy
Academic Articles,edge,1,734,0.001243939793364127,0.04,easy
Academic Articles,insight,1,1206,0.001243939793364127,0.57,hard
Academic Articles,interpretable,1,1241,0.002487879586728254,0.79,hard
Academic Articles,transparency,1,2501,0.001243939793364127,0.74,hard
Academic Articles,curriculum,1,553,0.002487879586728254,0.76,hard
Academic Articles,topic,1,2479,0.004975759173456508,0.66,hard
Academic Articles,provider,1,1887,0.004975759173456508,0.72,hard
Academic Articles,speaking,1,2237,0.002487879586728254,0.35,easy
Academic Articles,fulfill,1,995,0.001243939793364127,0.66,hard
Academic Articles,universally,1,2570,0.001243939793364127,0.78,hard
Academic Articles,melting,1,1451,0.001243939793364127,0.69,hard
Academic Articles,agile,1,74,0.001243939793364127,0.74,hard
Academic Articles,part,1,1693,0.0018920965519307346,0.0,easy
Academic Articles,closer,1,385,0.001243939793364127,0.47,easy
Academic Articles,big,1,255,0.0037841931038614693,0.0,easy
Academic Articles,rife,1,2042,0.001243939793364127,0.71,hard
Academic Articles,prob,1,1839,0.001243939793364127,0.75,hard
Academic Articles,marketing,1,1420,0.001243939793364127,0.54,easy
Academic Articles,applicable,1,132,0.001243939793364127,0.77,hard
Academic Articles,scientist,1,2100,0.0009460482759653673,0.64,hard
Academic Articles,tackling,1,2392,0.002487879586728254,0.78,hard
Academic Articles,easy,1,728,0.001243939793364127,0.01,easy
Academic Articles,entry,1,802,0.001243939793364127,0.29,easy
Academic Articles,welcome,1,2668,0.0009460482759653673,0.17,easy
Academic Articles,frontier,1,991,0.002487879586728254,0.66,hard
Academic Articles,let,1,1333,0.0009460482759653673,0.0,easy
Academic Articles,aid,1,81,0.001243939793364127,0.17,easy
Academic Articles,successful,1,2339,0.004975759173456508,0.2,easy
Academic Articles,sure,1,2365,0.0018920965519307346,0.0,easy
Academic Articles,consumption,1,488,0.0037318193800923807,0.64,hard
Academic Articles,get,1,1030,0.002838144827896102,0.0,easy
Academic Articles,training,1,2492,0.002487879586728254,0.29,easy
Academic Articles,effectively,1,742,0.002838144827896102,0.63,hard
Academic Articles,ask,1,161,0.0009460482759653673,0.01,easy
Academic Articles,answer,1,124,0.002487879586728254,0.01,easy
Academic Articles,fruit,1,992,0.001243939793364127,0.0,easy
Academic Articles,suggestion,1,2351,0.001243939793364127,0.28,easy
Academic Articles,inherently,1,1195,0.002487879586728254,0.79,hard
Academic Articles,uncomfortable,1,2544,0.001243939793364127,0.71,hard
Academic Articles,moderator,1,1494,0.001243939793364127,0.76,hard
Academic Articles,probably,1,1842,0.0009460482759653673,0.0,easy
Academic Articles,prevent,1,1827,0.0009460482759653673,0.33,easy
Academic Articles,unglamorous,1,2562,0.001243939793364127,0.76,hard
Academic Articles,preparation,1,1816,0.0009460482759653673,0.51,easy
Academic Articles,jack,1,1268,0.002487879586728254,0.1,easy
Academic Articles,aware,1,214,0.0009460482759653673,0.38,easy
Academic Articles,classroom,1,378,0.001243939793364127,0.72,hard
Academic Articles,comment,1,416,0.001243939793364127,0.38,easy
Academic Articles,certificate,1,346,0.001243939793364127,0.58,hard
Academic Articles,lab,1,1295,0.001243939793364127,0.7,hard
Academic Articles,offering,1,1615,0.001243939793364127,0.49,easy
Academic Articles,osse,1,1651,0.001243939793364127,0.76,hard
Academic Articles,sense,1,2120,0.001243939793364127,0.0,easy
Academic Articles,might,1,1468,0.006622337931757572,0.0,easy
Academic Articles,martin,1,1422,0.001243939793364127,0.48,easy
Academic Articles,san,1,2080,0.001243939793364127,0.7,hard
Academic Articles,eric,1,812,0.0037318193800923807,0.68,hard
Academic Articles,anticipate,1,126,0.001243939793364127,0.69,hard
Academic Articles,alleviate,1,89,0.001243939793364127,0.78,hard
Academic Articles,informed,1,1190,0.001243939793364127,0.59,hard
Academic Articles,result,1,2029,0.002487879586728254,0.01,easy
Academic Articles,solve,1,2209,0.001243939793364127,0.56,hard
Academic Articles,computation,1,444,0.001243939793364127,0.79,hard
Academic Articles,merkin,1,1454,0.0037318193800923807,0.76,hard
Academic Articles,unevenly,1,2560,0.001243939793364127,0.76,hard
Academic Articles,remotely,1,2003,0.001243939793364127,0.69,hard
Academic Articles,sensed,1,2121,0.001243939793364127,0.7,hard
Academic Articles,caution,1,336,0.001243939793364127,0.62,hard
Academic Articles,overtime,1,1674,0.001243939793364127,0.71,hard
Academic Articles,window,1,2690,0.001243939793364127,0.0,easy
Academic Articles,weight,1,2667,0.001243939793364127,0.02,easy
Academic Articles,relevance,1,1994,0.002487879586728254,0.76,hard
Academic Articles,param,1,1689,0.002487879586728254,0.75,hard
Academic Articles,representativeness,1,2010,0.001243939793364127,0.86,hard
Academic Articles,interpretation,1,1242,0.001243939793364127,0.63,hard
Academic Articles,sensor,1,2123,0.001243939793364127,0.76,hard
Academic Articles,evidential,1,838,0.002487879586728254,0.81,hard
Academic Articles,unscented,1,2581,0.001243939793364127,0.8,hard
Academic Articles,filter,1,930,0.001243939793364127,0.64,hard
Academic Articles,observable,1,1598,0.001243939793364127,0.78,hard
Academic Articles,assembly,1,163,0.001243939793364127,0.62,hard
Academic Articles,eddy,1,733,0.001243939793364127,0.75,hard
Academic Articles,diffusion,1,643,0.001243939793364127,0.68,hard
Academic Articles,anything,1,128,0.001243939793364127,0.0,easy
Academic Articles,suggesting,1,2350,0.002487879586728254,0.76,hard
Academic Articles,ally,1,91,0.001243939793364127,0.67,hard
Academic Articles,initially,1,1197,0.001243939793364127,0.62,hard
Academic Articles,unanswered,1,2539,0.001243939793364127,0.75,hard
Academic Articles,prohibitive,1,1861,0.001243939793364127,0.81,hard
Academic Articles,correlation,1,519,0.001243939793364127,0.75,hard
Academic Articles,grade,1,1048,0.001243939793364127,0.25,easy
Academic Articles,participant,1,1694,0.002487879586728254,0.79,hard
Academic Articles,noise,1,1561,0.001243939793364127,0.18,easy
Academic Articles,kilometric,1,1286,0.001243939793364127,0.8,hard
Academic Articles,remarkable,1,2001,0.001243939793364127,0.54,easy
Academic Articles,spectrometer,1,2246,0.001243939793364127,0.81,hard
Academic Articles,scat,1,2093,0.001243939793364127,0.72,hard
Academic Articles,incident,1,1163,0.0009460482759653673,0.54,easy
Academic Articles,kent,1,1283,0.001243939793364127,0.73,hard
Academic Articles,office,1,1616,0.0009460482759653673,0.0,easy
Academic Articles,unavailable,1,2540,0.0037318193800923807,0.74,hard
Academic Articles,classified,1,377,0.002487879586728254,0.72,hard
Academic Articles,general,1,1018,0.002838144827896102,0.0,easy
Academic Articles,overview,1,1675,0.001243939793364127,0.76,hard
Academic Articles,orthogonal,1,1649,0.001243939793364127,0.78,hard
Academic Articles,covariance,1,530,0.002487879586728254,0.79,hard
Academic Articles,linearly,1,1355,0.001243939793364127,0.78,hard
Academic Articles,assimilative,1,169,0.0037318193800923807,0.8,hard
Academic Articles,adapt,1,39,0.002487879586728254,0.7,hard
Academic Articles,prune,1,1893,0.001243939793364127,0.7,hard
Academic Articles,welling,1,2670,0.0037318193800923807,0.75,hard
Academic Articles,refined,1,1973,0.001243939793364127,0.59,hard
Academic Articles,unclear,1,2543,0.0037318193800923807,0.69,hard
Academic Articles,exploring,1,873,0.001243939793364127,0.76,hard
Academic Articles,dense,1,600,0.001243939793364127,0.6,hard
Academic Articles,undesirable,1,2558,0.001243939793364127,0.76,hard
Academic Articles,viability,1,2630,0.001243939793364127,0.81,hard
Academic Articles,assessed,1,165,0.002487879586728254,0.76,hard
Academic Articles,blue,1,268,0.001243939793364127,0.02,easy
Academic Articles,green,1,1063,0.001243939793364127,0.02,easy
Academic Articles,generating,1,1020,0.0009460482759653673,0.8,hard
Academic Articles,reflecting,1,1977,0.001243939793364127,0.72,hard
Academic Articles,absolute,1,4,0.001243939793364127,0.48,easy
Academic Articles,classic,1,375,0.001243939793364127,0.1,easy
Academic Articles,simpler,1,2175,0.002487879586728254,0.73,hard
Academic Articles,simplified,1,2176,0.001243939793364127,0.77,hard
Academic Articles,suffice,1,2346,0.001243939793364127,0.7,hard
Academic Articles,helpful,1,1100,0.001243939793364127,0.66,hard
Academic Articles,supply,1,2361,0.002487879586728254,0.24,easy
Academic Articles,added,1,42,0.002487879586728254,0.03,easy
Academic Articles,outperform,1,1660,0.002487879586728254,0.79,hard
Academic Articles,chang,1,353,0.001243939793364127,0.74,hard
Academic Articles,something,1,2212,0.0009460482759653673,0.0,easy
Academic Articles,collective,1,402,0.002487879586728254,0.63,hard
Academic Articles,probabilistic,1,1840,0.001243939793364127,0.79,hard
Academic Articles,perturbed,1,1739,0.0018920965519307346,0.76,hard
Academic Articles,preferred,1,1813,0.002487879586728254,0.59,hard
Academic Articles,perform,1,1720,0.001243939793364127,0.47,easy
Academic Articles,variance,1,2615,0.001243939793364127,0.65,hard
Academic Articles,appreciable,1,135,0.001243939793364127,0.8,hard
Academic Articles,gain,1,1006,0.001243939793364127,0.12,easy
Academic Articles,easier,1,724,0.001243939793364127,0.56,hard
Academic Articles,fruitful,1,993,0.001243939793364127,0.73,hard
Academic Articles,meteor,1,1459,0.001243939793364127,0.75,hard
Academic Articles,coster,1,523,0.001243939793364127,0.76,hard
Academic Articles,rob,1,2054,0.0009460482759653673,0.55,hard
Academic Articles,masha,1,1424,0.002487879586728254,0.76,hard
Academic Articles,alec,1,86,0.001243939793364127,0.7,hard
Academic Articles,panela,1,1684,0.001243939793364127,0.78,hard
Academic Articles,unmet,1,2577,0.001243939793364127,0.78,hard
Academic Articles,file,1,928,0.001243939793364127,0.0,easy
Academic Articles,madrigal,1,1388,0.001243939793364127,0.74,hard
Academic Articles,archival,1,145,0.002487879586728254,0.73,hard
Academic Articles,uniform,1,2564,0.001243939793364127,0.47,easy
Academic Articles,access,1,13,0.007463638760184761,0.26,easy
Academic Articles,schreiner,1,2097,0.002487879586728254,0.78,hard
Academic Articles,foreseeable,1,970,0.001243939793364127,0.78,hard
Academic Articles,discover,1,662,0.001243939793364127,0.37,easy
Academic Articles,explore,1,871,0.001243939793364127,0.63,hard
Academic Articles,publish,1,1896,0.002487879586728254,0.72,hard
Academic Articles,volume,1,2646,0.001243939793364127,0.31,easy
Academic Articles,lowering,1,1380,0.001243939793364127,0.74,hard
Academic Articles,consortium,1,481,0.001243939793364127,0.78,hard
Academic Articles,archive,1,146,0.001243939793364127,0.74,hard
Academic Articles,extract,1,886,0.001243939793364127,0.57,hard
Academic Articles,embracing,1,766,0.001243939793364127,0.77,hard
Academic Articles,money,1,1504,0.001243939793364127,0.0,easy
Academic Articles,prod,1,1848,0.001243939793364127,0.66,hard
Academic Articles,robustness,1,2057,0.001243939793364127,0.77,hard
Academic Articles,plug,1,1767,0.001243939793364127,0.31,easy
Academic Articles,pilot,1,1754,0.001243939793364127,0.4,easy
Academic Articles,unified,1,2563,0.001243939793364127,0.72,hard
Academic Articles,platform,1,1764,0.002487879586728254,0.38,easy
Academic Articles,educational,1,739,0.001243939793364127,0.69,hard
Academic Articles,pipeline,1,1755,0.002487879586728254,0.7,hard
Academic Articles,proposal,1,1874,0.001243939793364127,0.54,easy
Academic Articles,hardware,1,1083,0.002487879586728254,0.69,hard
Academic Articles,historical,1,1112,0.002487879586728254,0.5,easy
Academic Articles,longevity,1,1370,0.001243939793364127,0.74,hard
Academic Articles,commenter,1,417,0.001243939793364127,0.78,hard
Academic Articles,similarly,1,2173,0.0018920965519307346,0.74,hard
Academic Articles,retired,1,2033,0.001243939793364127,0.65,hard
Academic Articles,zone,1,2712,0.001243939793364127,0.53,easy
Academic Articles,anomaly,1,122,0.001243939793364127,0.73,hard
Academic Articles,exactly,1,842,0.0018920965519307346,0.08,easy
Academic Articles,problematic,1,1845,0.001243939793364127,0.77,hard
Academic Articles,agreement,1,78,0.004975759173456508,0.05,easy
Academic Articles,aspect,1,162,0.001243939793364127,0.31,easy
Academic Articles,introduce,1,1246,0.001243939793364127,0.54,easy
Academic Articles,dual,1,715,0.001243939793364127,0.62,hard
Academic Articles,base,1,228,0.002487879586728254,0.01,easy
Academic Articles,baker,1,223,0.005676289655792204,0.68,hard
Academic Articles,sue,1,2344,0.001243939793364127,0.65,hard
Academic Articles,lite,1,1361,0.001243939793364127,0.73,hard
Academic Articles,programmatic,1,1859,0.001243939793364127,0.82,hard
Academic Articles,reimbursable,1,1985,0.0037318193800923807,0.8,hard
Academic Articles,purchase,1,1899,0.0037318193800923807,0.42,easy
Academic Articles,facilitate,1,892,0.001243939793364127,0.76,hard
Academic Articles,dod,1,693,0.002487879586728254,0.76,hard
Academic Articles,retrograde,1,2034,0.001243939793364127,0.64,hard
Academic Articles,carrying,1,328,0.001243939793364127,0.49,easy
Academic Articles,rope,1,2061,0.002487879586728254,0.51,easy
Academic Articles,commercially,1,420,0.002487879586728254,0.78,hard
Academic Articles,concept,1,449,0.004975759173456508,0.36,easy
Academic Articles,double,1,701,0.002487879586728254,0.05,easy
Academic Articles,interested,1,1230,0.001243939793364127,0.24,easy
Academic Articles,raised,1,1928,0.0037318193800923807,0.25,easy
Academic Articles,accounting,1,19,0.001243939793364127,0.67,hard
Academic Articles,standardization,1,2275,0.002487879586728254,0.78,hard
Academic Articles,graphical,1,1058,0.001243939793364127,0.77,hard
Academic Articles,definition,1,583,0.001243939793364127,0.67,hard
Academic Articles,ball,1,225,0.004975759173456508,0.04,easy
Academic Articles,mosaic,1,1511,0.002487879586728254,0.71,hard
Academic Articles,oversight,1,1673,0.001243939793364127,0.73,hard
Academic Articles,architectural,1,143,0.001243939793364127,0.8,hard
Academic Articles,reduced,1,1969,0.001243939793364127,0.42,easy
Academic Articles,vehicle,1,2623,0.001243939793364127,0.55,hard
Academic Articles,designed,1,613,0.002487879586728254,0.38,easy
Academic Articles,periodic,1,1725,0.001243939793364127,0.77,hard
Academic Articles,refreshment,1,1978,0.001243939793364127,0.77,hard
Academic Articles,unit,1,2568,0.001243939793364127,0.09,easy
Academic Articles,layer,1,1316,0.0009460482759653673,0.59,hard
Academic Articles,intelligence,1,1219,0.0037318193800923807,0.39,easy
Academic Articles,maturation,1,1434,0.001243939793364127,0.78,hard
Academic Articles,berger,1,250,0.007463638760184761,0.78,hard
Academic Articles,confined,1,465,0.0009460482759653673,0.67,hard
Academic Articles,sur,1,2364,0.001243939793364127,0.75,hard
Academic Articles,multiply,1,1520,0.001243939793364127,0.7,hard
Academic Articles,poor,1,1780,0.002487879586728254,0.01,easy
Academic Articles,uncorrected,1,2545,0.001243939793364127,0.8,hard
Academic Articles,extrapolation,1,887,0.002487879586728254,0.81,hard
Academic Articles,overyear,1,1677,0.0009460482759653673,0.76,hard
Academic Articles,desired,1,615,0.001243939793364127,0.59,hard
Academic Articles,redundancy,1,1971,0.0009460482759653673,0.76,hard
Academic Articles,approximate,1,139,0.001243939793364127,0.72,hard
Academic Articles,pole,1,1776,0.001243939793364127,0.33,easy
Academic Articles,analyzer,1,114,0.001243939793364127,0.81,hard
Academic Articles,cup,1,548,0.001243939793364127,0.13,easy
Academic Articles,per,1,1717,0.0009460482759653673,0.0,easy
Academic Articles,lightweight,1,1345,0.001243939793364127,0.61,hard
Academic Articles,autonomous,1,204,0.0018920965519307346,0.78,hard
Academic Articles,autonomy,1,205,0.002487879586728254,0.76,hard
Academic Articles,quadrature,1,1906,0.002487879586728254,0.79,hard
Academic Articles,expand,1,856,0.001243939793364127,0.4,easy
Academic Articles,operative,1,1631,0.001243939793364127,0.69,hard
Academic Articles,adversely,1,58,0.001243939793364127,0.78,hard
Academic Articles,straining,1,2305,0.001243939793364127,0.71,hard
Academic Articles,incorporated,1,1172,0.002487879586728254,0.77,hard
Academic Articles,discriminating,1,666,0.001243939793364127,0.8,hard
Academic Articles,marker,1,1419,0.001243939793364127,0.71,hard
Academic Articles,effectiveness,1,743,0.001243939793364127,0.71,hard
Academic Articles,finding,1,935,0.0009460482759653673,0.4,easy
Academic Articles,depend,1,604,0.001243939793364127,0.55,hard
Academic Articles,seed,1,2114,0.001243939793364127,0.14,easy
Academic Articles,population,1,1782,0.001243939793364127,0.26,easy
Academic Articles,abundant,1,7,0.001243939793364127,0.72,hard
Academic Articles,structural,1,2319,0.001243939793364127,0.62,hard
Academic Articles,enhance,1,792,0.002487879586728254,0.69,hard
Academic Articles,complementary,1,434,0.001243939793364127,0.77,hard
Academic Articles,telemetry,1,2411,0.001243939793364127,0.76,hard
Academic Articles,faced,1,891,0.001243939793364127,0.47,easy
Academic Articles,needing,1,1541,0.001243939793364127,0.73,hard
Academic Articles,capable,1,317,0.001243939793364127,0.41,easy
Academic Articles,monolithic,1,1506,0.001243939793364127,0.77,hard
Academic Articles,interactive,1,1228,0.002487879586728254,0.78,hard
Academic Articles,finished,1,936,0.0009460482759653673,0.28,easy
Academic Articles,outlined,1,1658,0.001243939793364127,0.74,hard
Academic Articles,building,1,293,0.0009460482759653673,0.02,easy
Academic Articles,viable,1,2631,0.001243939793364127,0.73,hard
Academic Articles,provision,1,1890,0.001243939793364127,0.5,easy
Academic Articles,organization,1,1643,0.0009460482759653673,0.15,easy
Academic Articles,proven,1,1884,0.001243939793364127,0.65,hard
Academic Articles,unnecessary,1,2578,0.001243939793364127,0.66,hard
Academic Articles,documentation,1,692,0.001243939793364127,0.78,hard
Academic Articles,involvement,1,1253,0.0037318193800923807,0.65,hard
Academic Articles,roi,1,2059,0.001243939793364127,0.75,hard
Academic Articles,careful,1,324,0.0009460482759653673,0.44,easy
Academic Articles,ended,1,784,0.001243939793364127,0.27,easy
Academic Articles,closure,1,386,0.001243939793364127,0.6,hard
Academic Articles,agreed,1,77,0.001243939793364127,0.29,easy
Academic Articles,innovation,1,1202,0.001243939793364127,0.76,hard
Academic Articles,student,1,2322,0.0037318193800923807,0.16,easy
Academic Articles,haystack,1,1088,0.002487879586728254,0.74,hard
Academic Articles,helio,1,1098,0.001243939793364127,0.78,hard
Academic Articles,nontraditional,1,1568,0.002487879586728254,0.83,hard
Academic Articles,titled,1,2469,0.001243939793364127,0.69,hard
Academic Articles,involved,1,1252,0.002487879586728254,0.06,easy
Academic Articles,scatter,1,2094,0.0037318193800923807,0.63,hard
Academic Articles,derived,1,609,0.0018920965519307346,0.63,hard
Academic Articles,fidelity,1,924,0.001243939793364127,0.71,hard
Academic Articles,mango,1,1409,0.0037318193800923807,0.74,hard
Academic Articles,placement,1,1757,0.001243939793364127,0.65,hard
Academic Articles,sri,1,2266,0.001243939793364127,0.76,hard
Academic Articles,amateur,1,102,0.001243939793364127,0.68,hard
Academic Articles,accommodating,1,16,0.001243939793364127,0.81,hard
Academic Articles,vali,1,2605,0.001243939793364127,0.76,hard
Academic Articles,dation,1,564,0.001243939793364127,0.78,hard
Academic Articles,start,1,2278,0.001243939793364127,0.0,easy
Academic Articles,encounter,1,780,0.002487879586728254,0.42,easy
Academic Articles,losing,1,1374,0.001243939793364127,0.6,hard
Academic Articles,sample,1,2078,0.002487879586728254,0.55,hard
Academic Articles,built,1,295,0.002487879586728254,0.23,easy
Academic Articles,flying,1,959,0.0009460482759653673,0.43,easy
Academic Articles,responsive,1,2028,0.001243939793364127,0.72,hard
Academic Articles,labor,1,1296,0.001243939793364127,0.19,easy
Academic Articles,intensive,1,1223,0.001243939793364127,0.7,hard
Academic Articles,vendor,1,2625,0.001243939793364127,0.67,hard
Academic Articles,proposition,1,1875,0.001243939793364127,0.62,hard
Academic Articles,noninterference,1,1565,0.001243939793364127,0.83,hard
Academic Articles,ancillary,1,115,0.001243939793364127,0.78,hard
Academic Articles,uneven,1,2559,0.001243939793364127,0.63,hard
Academic Articles,nevertheless,1,1552,0.002487879586728254,0.66,hard
Academic Articles,importantly,1,1153,0.001243939793364127,0.7,hard
Academic Articles,overhead,1,1670,0.001243939793364127,0.54,easy
Academic Articles,gather,1,1015,0.001243939793364127,0.44,easy
Academic Articles,gathering,1,1016,0.001243939793364127,0.64,hard
Academic Articles,game,1,1009,0.001243939793364127,0.01,easy
Academic Articles,changer,1,355,0.0009460482759653673,0.75,hard
Academic Articles,connectivity,1,471,0.002487879586728254,0.83,hard
Academic Articles,laser,1,1303,0.001243939793364127,0.72,hard
Academic Articles,chair,1,348,0.001243939793364127,0.35,easy
Academic Articles,perpetual,1,1731,0.001243939793364127,0.75,hard
Academic Articles,intern,1,1237,0.001243939793364127,0.72,hard
Academic Articles,seamless,1,2105,0.001243939793364127,0.7,hard
Academic Articles,precise,1,1803,0.001243939793364127,0.62,hard
Academic Articles,maneuver,1,1408,0.001243939793364127,0.65,hard
Academic Articles,densely,1,601,0.001243939793364127,0.74,hard
Academic Articles,core,1,509,0.0009460482759653673,0.27,easy
Academic Articles,comfortable,1,413,0.001243939793364127,0.53,easy
Academic Articles,urgency,1,2595,0.001243939793364127,0.69,hard
Academic Articles,satisfy,1,2085,0.001243939793364127,0.67,hard
Academic Articles,try,1,2522,0.001243939793364127,0.0,easy
Academic Articles,collect,1,399,0.0009460482759653673,0.54,easy
Academic Articles,switching,1,2380,0.001243939793364127,0.52,easy
Academic Articles,mary,1,1423,0.001243939793364127,0.52,easy
Academic Articles,satisfactory,1,2083,0.001243939793364127,0.7,hard
Academic Articles,couple,1,526,0.0009460482759653673,0.01,easy
Academic Articles,literature,1,1362,0.0037318193800923807,0.4,easy
Academic Articles,terminology,1,2425,0.001243939793364127,0.82,hard
Academic Articles,nowadays,1,1589,0.0037318193800923807,0.69,hard
Academic Articles,biological,1,260,0.001243939793364127,0.78,hard
Academic Articles,endanger,1,782,0.0009460482759653673,0.75,hard
Academic Articles,pressure,1,1824,0.001243939793364127,0.12,easy
Academic Articles,violent,1,2636,0.001243939793364127,0.15,easy
Academic Articles,apart,1,130,0.002838144827896102,0.25,easy
Academic Articles,recurrent,1,1967,0.001243939793364127,0.78,hard
Academic Articles,usually,1,2603,0.0037841931038614693,0.07,easy
Academic Articles,matrix,1,1433,0.001243939793364127,0.52,easy
Academic Articles,snowlike,1,2198,0.001243939793364127,0.78,hard
Academic Articles,mode,1,1490,0.001243939793364127,0.25,easy
Academic Articles,alternatively,1,98,0.002487879586728254,0.82,hard
Academic Articles,permanent,1,1729,0.001243939793364127,0.49,easy
Academic Articles,pointing,1,1771,0.001243939793364127,0.58,hard
Academic Articles,fixed,1,944,0.001243939793364127,0.11,easy
Academic Articles,corrected,1,515,0.001243939793364127,0.75,hard
Academic Articles,traversing,1,2507,0.001243939793364127,0.77,hard
Academic Articles,misalignment,1,1480,0.001243939793364127,0.78,hard
Academic Articles,reaction,1,1944,0.001243939793364127,0.1,easy
Academic Articles,reason,1,1953,0.001243939793364127,0.0,easy
Academic Articles,galactic,1,1008,0.001243939793364127,0.76,hard
Academic Articles,supernova,1,2360,0.001243939793364127,0.8,hard
Academic Articles,inversely,1,1247,0.001243939793364127,0.78,hard
Academic Articles,sporadic,1,2259,0.002487879586728254,0.74,hard
Academic Articles,received,1,1957,0.0009460482759653673,0.18,easy
Academic Articles,lifelong,1,1339,0.001243939793364127,0.74,hard
Academic Articles,spectacular,1,2244,0.0009460482759653673,0.6,hard
Academic Articles,reconstruction,1,1962,0.001243939793364127,0.76,hard
Academic Articles,horizontal,1,1120,0.001243939793364127,0.75,hard
Academic Articles,equipment,1,809,0.0009460482759653673,0.28,easy
Academic Articles,telluric,1,2416,0.001243939793364127,0.75,hard
Academic Articles,conductive,1,460,0.001243939793364127,0.79,hard
Academic Articles,strict,1,2315,0.001243939793364127,0.5,easy
Academic Articles,devastating,1,627,0.0009460482759653673,0.75,hard
Academic Articles,age,1,70,0.0009460482759653673,0.01,easy
Academic Articles,representative,1,2009,0.001243939793364127,0.31,easy
Academic Articles,concise,1,453,0.001243939793364127,0.76,hard
Academic Articles,instead,1,1209,0.001243939793364127,0.0,easy
Academic Articles,aim,1,82,0.001243939793364127,0.36,easy
Academic Articles,hereto,1,1103,0.0009460482759653673,0.76,hard
Academic Articles,outline,1,1657,0.001243939793364127,0.6,hard
Academic Articles,vary,1,2618,0.0009460482759653673,0.58,hard
Academic Articles,stationary,1,2285,0.001243939793364127,0.77,hard
Academic Articles,namely,1,1524,0.0037318193800923807,0.65,hard
Academic Articles,distortion,1,680,0.0009460482759653673,0.69,hard
Academic Articles,dipole,1,648,0.001243939793364127,0.71,hard
Academic Articles,fuel,1,994,0.002487879586728254,0.6,hard
Academic Articles,exhaustion,1,852,0.001243939793364127,0.75,hard
Academic Articles,marine,1,1416,0.0009460482759653673,0.53,easy
Academic Articles,underground,1,2547,0.001243939793364127,0.59,hard
Academic Articles,immediate,1,1144,0.0009460482759653673,0.4,easy
Academic Articles,deleterious,1,590,0.001243939793364127,0.81,hard
Academic Articles,material,1,1429,0.002487879586728254,0.01,easy
Academic Articles,device,1,632,0.001243939793364127,0.37,easy
Academic Articles,leakage,1,1323,0.001243939793364127,0.76,hard
Academic Articles,vulnerable,1,2647,0.0009460482759653673,0.7,hard
Academic Articles,semiconductor,1,2118,0.001243939793364127,0.78,hard
Academic Articles,lattice,1,1313,0.001243939793364127,0.73,hard
Academic Articles,electronics,1,761,0.0009460482759653673,0.72,hard
Academic Articles,dielectric,1,636,0.002487879586728254,0.79,hard
Academic Articles,displacement,1,673,0.001243939793364127,0.64,hard
Academic Articles,disclosure,1,661,0.001243939793364127,0.78,hard
Academic Articles,add,1,41,0.0009460482759653673,0.02,easy
Academic Articles,probable,1,1841,0.001243939793364127,0.4,easy
Academic Articles,corrective,1,517,0.001243939793364127,0.75,hard
Academic Articles,perigee,1,1723,0.001243939793364127,0.74,hard
Academic Articles,recovery,1,1965,0.0037318193800923807,0.62,hard
Academic Articles,exact,1,841,0.0018920965519307346,0.48,easy
Academic Articles,modest,1,1496,0.001243939793364127,0.52,easy
Academic Articles,detail,1,617,0.002487879586728254,0.11,easy
Academic Articles,graduated,1,1052,0.001243939793364127,0.76,hard
Academic Articles,cylindrical,1,557,0.001243939793364127,0.77,hard
Academic Articles,shell,1,2148,0.001243939793364127,0.28,easy
Academic Articles,failure,1,899,0.01040653103561904,0.16,easy
Academic Articles,suspect,1,2373,0.0009460482759653673,0.38,easy
Academic Articles,exposure,1,877,0.0018920965519307346,0.54,easy
Academic Articles,comparative,1,429,0.002487879586728254,0.74,hard
Academic Articles,nearest,1,1537,0.001243939793364127,0.68,hard
Academic Articles,provisional,1,1891,0.001243939793364127,0.78,hard
Academic Articles,subjectively,1,2330,0.001243939793364127,0.8,hard
Academic Articles,steplike,1,2296,0.001243939793364127,0.78,hard
Academic Articles,observe,1,1603,0.0009460482759653673,0.47,easy
Academic Articles,incoming,1,1169,0.001243939793364127,0.72,hard
Academic Articles,abrupt,1,3,0.001243939793364127,0.63,hard
Academic Articles,trend,1,2512,0.001243939793364127,0.46,easy
Academic Articles,selected,1,2117,0.002487879586728254,0.17,easy
Academic Articles,found,1,980,0.0009460482759653673,0.0,easy
Academic Articles,coincidence,1,394,0.001243939793364127,0.72,hard
Academic Articles,negligible,1,1544,0.001243939793364127,0.77,hard
Academic Articles,denote,1,599,0.002487879586728254,0.72,hard
Academic Articles,ending,1,785,0.001243939793364127,0.06,easy
Academic Articles,visual,1,2641,0.001243939793364127,0.31,easy
Academic Articles,speculate,1,2249,0.001243939793364127,0.72,hard
Academic Articles,staging,1,2271,0.002487879586728254,0.68,hard
Academic Articles,sole,1,2206,0.001243939793364127,0.45,easy
Academic Articles,succession,1,2341,0.001243939793364127,0.66,hard
Academic Articles,accountable,1,18,0.001243939793364127,0.78,hard
Academic Articles,stability,1,2267,0.002487879586728254,0.67,hard
Academic Articles,raise,1,1927,0.0009460482759653673,0.04,easy
Academic Articles,contrast,1,500,0.001243939793364127,0.32,easy
Academic Articles,cumulative,1,547,0.001243939793364127,0.77,hard
Academic Articles,preceding,1,1801,0.001243939793364127,0.68,hard
Academic Articles,minimize,1,1476,0.001243939793364127,0.67,hard
Academic Articles,insured,1,1215,0.001243939793364127,0.73,hard
Academic Articles,propulsion,1,1877,0.001243939793364127,0.73,hard
Academic Articles,debris,1,568,0.001243939793364127,0.73,hard
Academic Articles,pollution,1,1778,0.001243939793364127,0.74,hard
News Articles,space,2,2225,0.4468182348174709,0.0,easy
News Articles,weather,2,2662,0.40019372335825654,0.14,easy
News Articles,prediction,2,1807,0.050509887414148885,0.75,hard
News Articles,center,2,340,0.03108300763947624,0.03,easy
News Articles,geomagnetic,2,1028,0.1437589103325776,0.84,hard
News Articles,activity,2,35,0.1049051507832323,0.36,easy
News Articles,observation,2,1599,0.00388537595493453,0.37,easy
News Articles,forecast,2,965,0.023312255729607177,0.57,hard
News Articles,past,2,1705,0.01942687977467265,0.0,easy
News Articles,scale,2,2092,0.00388537595493453,0.05,easy
News Articles,sun,2,2357,0.22535180538620272,0.09,easy
News Articles,solar,2,2205,0.38853759549345296,0.73,hard
News Articles,radiation,2,1922,0.10101977482829777,0.47,easy
News Articles,go,2,1040,0.04273913550427983,0.0,easy
News Articles,storm,2,2303,0.15152966224244666,0.38,easy
News Articles,level,2,1334,0.00388537595493453,0.0,easy
News Articles,period,2,1724,0.00777075190986906,0.01,easy
News Articles,given,2,1035,0.00388537595493453,0.0,easy
News Articles,particular,2,1697,0.011656127864803589,0.06,easy
News Articles,radio,2,1923,0.09713439887336324,0.22,easy
News Articles,blackout,2,263,0.005003128961904412,0.68,hard
News Articles,reaching,2,1943,0.00388537595493453,0.6,hard
News Articles,magnetic,2,1391,0.21369567752139915,0.65,hard
News Articles,wind,2,2689,0.06216601527895248,0.05,easy
News Articles,active,2,34,0.023312255729607177,0.11,easy
News Articles,region,2,1982,0.023312255729607177,0.45,easy
News Articles,favorable,2,915,0.005003128961904412,0.61,hard
News Articles,day,2,565,0.054395263369083416,0.0,easy
News Articles,since,2,2181,0.023312255729607177,0.0,easy
News Articles,strong,2,2317,0.027197631684541708,0.0,easy
News Articles,event,2,831,0.04273913550427983,0.05,easy
News Articles,complex,2,437,0.00388537595493453,0.02,easy
News Articles,next,2,1556,0.023312255729607177,0.0,easy
News Articles,potential,2,1793,0.03496838359441077,0.24,easy
News Articles,flare,2,946,0.08936364696349418,0.43,easy
News Articles,recent,2,1959,0.00388537595493453,0.03,easy
News Articles,near,2,1536,0.027197631684541708,0.01,easy
News Articles,low,2,1378,0.00388537595493453,0.0,easy
News Articles,proton,2,1882,0.00388537595493453,0.76,hard
News Articles,western,2,2675,0.005003128961904412,0.47,easy
News Articles,associated,2,172,0.01942687977467265,0.64,hard
News Articles,influence,2,1187,0.00388537595493453,0.13,easy
News Articles,effect,2,740,0.03496838359441077,0.0,easy
News Articles,early,2,720,0.00777075190986906,0.0,easy
News Articles,previous,2,1829,0.00777075190986906,0.08,easy
News Articles,first,2,939,0.023312255729607177,0.0,easy
News Articles,current,2,551,0.01554150381973812,0.01,easy
News Articles,total,2,2482,0.00388537595493453,0.02,easy
News Articles,continue,2,492,0.00777075190986906,0.08,easy
News Articles,currently,2,552,0.00777075190986906,0.54,easy
News Articles,alert,2,87,0.015009386885713237,0.32,easy
News Articles,increase,2,1173,0.00777075190986906,0.01,easy
News Articles,earth,2,721,0.08547827100855966,0.0,easy
News Articles,sunspot,2,2359,0.015009386885713237,0.74,hard
News Articles,message,2,1457,0.00777075190986906,0.05,easy
News Articles,number,2,1592,0.020012515847617648,0.0,easy
News Articles,time,2,2464,0.0777075190986906,0.0,easy
News Articles,warning,2,2652,0.00388537595493453,0.28,easy
News Articles,power,2,1797,0.09713439887336324,0.0,easy
News Articles,grid,2,1065,0.03108300763947624,0.67,hard
News Articles,aurora,2,198,0.03496838359441077,0.77,hard
News Articles,michigan,2,1464,0.005003128961904412,0.77,hard
News Articles,occur,2,1610,0.00777075190986906,0.48,easy
News Articles,voltage,2,2645,0.00388537595493453,0.71,hard
News Articles,satellite,2,2082,0.08936364696349418,0.65,hard
News Articles,high,2,1107,0.03108300763947624,0.0,easy
News Articles,frequency,2,985,0.01942687977467265,0.66,hard
News Articles,propagation,2,1872,0.00388537595493453,0.77,hard
News Articles,state,2,2281,0.00388537595493453,0.0,easy
News Articles,flux,2,958,0.00388537595493453,0.46,easy
News Articles,electromagnetic,2,758,0.01554150381973812,0.83,hard
News Articles,cause,2,334,0.027197631684541708,0.0,easy
News Articles,sensitive,2,2122,0.030018773771426473,0.45,easy
News Articles,major,2,1400,0.023312255729607177,0.0,easy
News Articles,typically,2,2535,0.00777075190986906,0.74,hard
News Articles,coronal,2,512,0.10101977482829777,0.76,hard
News Articles,mass,2,1425,0.12044665460297042,0.1,easy
News Articles,velocity,2,2624,0.00388537595493453,0.75,hard
News Articles,area,2,147,0.00777075190986906,0.01,easy
News Articles,communication,2,425,0.01942687977467265,0.63,hard
News Articles,intensity,2,1222,0.011656127864803589,0.43,easy
News Articles,see,2,2113,0.03496838359441077,0.0,easy
News Articles,electron,2,759,0.011656127864803589,0.71,hard
News Articles,maximum,2,1436,0.04273913550427983,0.47,easy
News Articles,significant,2,2170,0.01554150381973812,0.42,easy
News Articles,charging,2,360,0.00777075190986906,0.75,hard
News Articles,none,2,1564,0.005003128961904412,0.05,easy
News Articles,numerous,2,1594,0.00777075190986906,0.5,easy
News Articles,east,2,725,0.015009386885713237,0.18,easy
News Articles,west,2,2673,0.020012515847617648,0.1,easy
News Articles,quiet,2,1914,0.00777075190986906,0.04,easy
News Articles,long,2,1368,0.00777075190986906,0.0,easy
News Articles,eruption,2,817,0.00388537595493453,0.66,hard
News Articles,resulting,2,2030,0.00777075190986906,0.63,hard
News Articles,coronagraph,2,511,0.00777075190986906,0.82,hard
News Articles,potentially,2,1794,0.00388537595493453,0.74,hard
News Articles,energetic,2,786,0.00777075190986906,0.72,hard
News Articles,field,2,925,0.10879052673816683,0.0,easy
News Articles,environment,2,803,0.01942687977467265,0.61,hard
News Articles,throughout,2,2461,0.00388537595493453,0.05,easy
News Articles,either,2,749,0.00777075190986906,0.0,easy
News Articles,particle,2,1696,0.00388537595493453,0.71,hard
News Articles,among,2,106,0.00388537595493453,0.0,easy
News Articles,small,2,2194,0.011656127864803589,0.0,easy
News Articles,model,2,1491,0.00777075190986906,0.15,easy
News Articles,large,2,1300,0.023312255729607177,0.0,easy
News Articles,south,2,2220,0.01554150381973812,0.12,easy
News Articles,later,2,1308,0.011656127864803589,0.0,easy
News Articles,well,2,2669,0.054395263369083416,0.0,easy
News Articles,far,2,907,0.00388537595493453,0.0,easy
News Articles,enhanced,2,793,0.01942687977467265,0.7,hard
News Articles,direct,2,649,0.00777075190986906,0.05,easy
News Articles,carry,2,327,0.01554150381973812,0.01,easy
News Articles,interact,2,1226,0.00777075190986906,0.76,hard
News Articles,largely,2,1301,0.00388537595493453,0.43,easy
News Articles,enhancement,2,794,0.00388537595493453,0.76,hard
News Articles,newly,2,1554,0.00388537595493453,0.6,hard
News Articles,simple,2,2174,0.00388537595493453,0.0,easy
News Articles,much,2,1518,0.027197631684541708,0.0,easy
News Articles,like,2,1346,0.0388537595493453,0.0,easy
News Articles,spotted,2,2263,0.005003128961904412,0.71,hard
News Articles,slowly,2,2193,0.00388537595493453,0.2,easy
News Articles,multiple,2,1519,0.01554150381973812,0.19,easy
News Articles,however,2,1126,0.011656127864803589,0.0,easy
News Articles,speed,2,2250,0.011656127864803589,0.15,easy
News Articles,around,2,150,0.03496838359441077,0.0,easy
News Articles,combined,2,409,0.00388537595493453,0.55,hard
News Articles,produced,2,1850,0.01942687977467265,0.28,easy
News Articles,seen,2,2116,0.01554150381973812,0.0,easy
News Articles,rotated,2,2064,0.005003128961904412,0.78,hard
News Articles,onto,2,1624,0.005003128961904412,0.26,easy
News Articles,slightly,2,2191,0.005003128961904412,0.1,easy
News Articles,possible,2,1790,0.01942687977467265,0.0,easy
News Articles,five,2,941,0.00777075190986906,0.0,easy
News Articles,new,2,1553,0.027197631684541708,0.0,easy
News Articles,roughly,2,2067,0.011656127864803589,0.65,hard
News Articles,clear,2,379,0.00777075190986906,0.0,easy
News Articles,possibly,2,1791,0.00388537595493453,0.29,easy
News Articles,data,2,563,0.05828063932401795,0.13,easy
News Articles,yet,2,2709,0.00777075190986906,0.0,easy
News Articles,close,2,384,0.00388537595493453,0.0,easy
News Articles,fully,2,997,0.00388537595493453,0.2,easy
News Articles,responsible,2,2027,0.00777075190986906,0.18,easy
News Articles,observatory,2,1602,0.023312255729607177,0.82,hard
News Articles,modeling,2,1492,0.00388537595493453,0.73,hard
News Articles,ejection,2,751,0.03108300763947624,0.74,hard
News Articles,form,2,971,0.00777075190986906,0.0,easy
News Articles,become,2,236,0.011656127864803589,0.0,easy
News Articles,remains,2,2000,0.00777075190986906,0.19,easy
News Articles,quickly,2,1913,0.020012515847617648,0.1,easy
News Articles,primary,2,1832,0.00388537595493453,0.24,easy
News Articles,though,2,2457,0.01554150381973812,0.0,easy
News Articles,analysis,2,111,0.00777075190986906,0.41,easy
News Articles,second,2,2108,0.00388537595493453,0.0,easy
News Articles,explosive,2,875,0.005003128961904412,0.68,hard
News Articles,position,2,1787,0.005003128961904412,0.0,easy
News Articles,towards,2,2485,0.015009386885713237,0.19,easy
News Articles,almost,2,92,0.005003128961904412,0.0,easy
News Articles,saw,2,2088,0.00388537595493453,0.0,easy
News Articles,could,2,524,0.06605139123388701,0.0,easy
News Articles,move,2,1515,0.00777075190986906,0.0,easy
News Articles,main,2,1397,0.011656127864803589,0.01,easy
News Articles,today,2,2470,0.00388537595493453,0.0,easy
News Articles,recently,2,1960,0.00777075190986906,0.18,easy
News Articles,noted,2,1584,0.00777075190986906,0.39,easy
News Articles,another,2,123,0.01554150381973812,0.0,easy
News Articles,several,2,2138,0.00388537595493453,0.0,easy
News Articles,normal,2,1571,0.005003128961904412,0.04,easy
News Articles,related,2,1988,0.00388537595493453,0.3,easy
News Articles,arrival,2,153,0.00777075190986906,0.61,hard
News Articles,eventually,2,832,0.00777075190986906,0.32,easy
News Articles,secondary,2,2109,0.00388537595493453,0.42,easy
News Articles,still,2,2300,0.01942687977467265,0.0,easy
News Articles,keep,2,1280,0.00777075190986906,0.0,easy
News Articles,begin,2,239,0.00388537595493453,0.09,easy
News Articles,future,2,1005,0.00777075190986906,0.0,easy
News Articles,included,2,1166,0.00388537595493453,0.35,easy
News Articles,growing,2,1069,0.00388537595493453,0.24,easy
News Articles,way,2,2657,0.03496838359441077,0.0,easy
News Articles,available,2,208,0.011656127864803589,0.03,easy
News Articles,average,2,209,0.00777075190986906,0.08,easy
News Articles,starting,2,2279,0.00388537595493453,0.23,easy
News Articles,run,2,2070,0.00777075190986906,0.0,easy
News Articles,output,2,1661,0.00777075190986906,0.42,easy
News Articles,week,2,2664,0.04502816065713971,0.0,easy
News Articles,behind,2,243,0.00388537595493453,0.0,easy
News Articles,directed,2,650,0.00777075190986906,0.13,easy
News Articles,away,2,216,0.02501564480952206,0.0,easy
News Articles,line,2,1354,0.00777075190986906,0.0,easy
News Articles,orbit,2,1639,0.0388537595493453,0.63,hard
News Articles,along,2,94,0.011656127864803589,0.0,easy
News Articles,reach,2,1942,0.01942687977467265,0.07,easy
News Articles,note,2,1583,0.00388537595493453,0.01,easy
News Articles,went,2,2671,0.005003128961904412,0.0,easy
News Articles,network,2,1547,0.00388537595493453,0.38,easy
News Articles,last,2,1304,0.011656127864803589,0.0,easy
News Articles,change,2,354,0.00777075190986906,0.0,easy
News Articles,type,2,2533,0.005003128961904412,0.0,easy
News Articles,source,2,2219,0.00388537595493453,0.05,easy
News Articles,steadily,2,2290,0.00388537595493453,0.65,hard
News Articles,northern,2,1577,0.0388537595493453,0.62,hard
News Articles,hemisphere,2,1101,0.005003128961904412,0.68,hard
News Articles,interplanetary,2,1240,0.00388537595493453,0.83,hard
News Articles,direction,2,651,0.00388537595493453,0.01,easy
News Articles,across,2,30,0.023312255729607177,0.0,easy
News Articles,experienced,2,862,0.00388537595493453,0.62,hard
News Articles,stream,2,2310,0.00777075190986906,0.37,easy
News Articles,view,2,2633,0.00388537595493453,0.0,easy
News Articles,ahead,2,80,0.00388537595493453,0.13,easy
News Articles,side,2,2165,0.020012515847617648,0.0,easy
News Articles,north,2,1573,0.011656127864803589,0.14,easy
News Articles,directly,2,654,0.011656127864803589,0.18,easy
News Articles,extent,2,882,0.00388537595493453,0.3,easy
News Articles,come,2,411,0.011656127864803589,0.0,easy
News Articles,back,2,218,0.015009386885713237,0.0,easy
News Articles,cloud,2,387,0.00777075190986906,0.15,easy
News Articles,six,2,2188,0.00777075190986906,0.02,easy
News Articles,whose,2,2684,0.00388537595493453,0.0,easy
News Articles,southern,2,2222,0.010006257923808824,0.54,easy
News Articles,plasma,2,1763,0.023312255729607177,0.7,hard
News Articles,better,2,253,0.027197631684541708,0.0,easy
News Articles,coming,2,414,0.011656127864803589,0.01,easy
News Articles,highly,2,1111,0.00388537595493453,0.23,easy
News Articles,causing,2,335,0.011656127864803589,0.66,hard
News Articles,geophysical,2,1029,0.00388537595493453,0.81,hard
News Articles,report,2,2006,0.011656127864803589,0.06,easy
News Articles,generally,2,1019,0.00388537595493453,0.24,easy
News Articles,range,2,1931,0.00388537595493453,0.02,easy
News Articles,marking,2,1421,0.005003128961904412,0.68,hard
News Articles,show,2,2161,0.00388537595493453,0.0,easy
News Articles,although,2,99,0.00777075190986906,0.0,easy
News Articles,forecaster,2,966,0.010006257923808824,0.79,hard
News Articles,lower,2,1379,0.00388537595493453,0.14,easy
News Articles,despite,2,616,0.00777075190986906,0.07,easy
News Articles,unique,2,2567,0.00388537595493453,0.33,easy
News Articles,research,2,2014,0.030018773771426473,0.26,easy
News Articles,infrastructure,2,1192,0.030018773771426473,0.79,hard
News Articles,national,2,1527,0.06003754754285295,0.02,easy
News Articles,reserved,2,2015,0.010006257923808824,0.55,hard
News Articles,upper,2,2591,0.02501564480952206,0.41,easy
News Articles,atmosphere,2,187,0.10506570819999266,0.28,easy
News Articles,affect,2,64,0.04502816065713971,0.49,easy
News Articles,technological,2,2408,0.010006257923808824,0.77,hard
News Articles,human,2,1128,0.005003128961904412,0.0,easy
News Articles,life,2,1338,0.010006257923808824,0.0,easy
News Articles,affecting,2,66,0.010006257923808824,0.72,hard
News Articles,disrupt,2,676,0.02501564480952206,0.72,hard
News Articles,electric,2,752,0.020012515847617648,0.24,easy
News Articles,risk,2,2052,0.005003128961904412,0.33,easy
News Articles,flight,2,952,0.055034418580948534,0.09,easy
News Articles,toward,2,2484,0.03502190273333089,0.01,easy
News Articles,strengthening,2,2313,0.005003128961904412,0.73,hard
News Articles,security,2,2112,0.005003128961904412,0.11,easy
News Articles,strategy,2,2308,0.005003128961904412,0.69,hard
News Articles,action,2,32,0.010006257923808824,0.0,easy
News Articles,plan,2,1759,0.005003128961904412,0.02,easy
News Articles,federal,2,918,0.015009386885713237,0.36,easy
News Articles,accurate,2,22,0.010006257923808824,0.64,hard
News Articles,oceanic,2,1612,0.02501564480952206,0.73,hard
News Articles,atmospheric,2,188,0.04502816065713971,0.78,hard
News Articles,administration,2,51,0.02501564480952206,0.27,easy
News Articles,science,2,2098,0.020012515847617648,0.04,easy
News Articles,foundation,2,981,0.010006257923808824,0.58,hard
News Articles,operational,2,1630,0.030018773771426473,0.71,hard
News Articles,society,2,2201,0.010006257923808824,0.02,easy
News Articles,technology,2,2409,0.02501564480952206,0.55,hard
News Articles,policy,2,1777,0.010006257923808824,0.04,easy
News Articles,government,2,1047,0.02501564480952206,0.0,easy
News Articles,measure,2,1443,0.010006257923808824,0.06,easy
News Articles,need,2,1540,0.010006257923808824,0.0,easy
News Articles,specifically,2,2242,0.005003128961904412,0.68,hard
News Articles,international,2,1239,0.010006257923808824,0.26,easy
News Articles,consider,2,473,0.005003128961904412,0.12,easy
News Articles,program,2,1858,0.010006257923808824,0.0,easy
News Articles,ensemble,2,796,0.020012515847617648,0.61,hard
News Articles,forecasting,2,967,0.07004380546666178,0.77,hard
News Articles,take,2,2394,0.015009386885713237,0.0,easy
News Articles,gap,2,1011,0.005003128961904412,0.57,hard
News Articles,key,2,1284,0.015009386885713237,0.0,easy
News Articles,travel,2,2505,0.015009386885713237,0.27,easy
News Articles,community,2,426,0.010006257923808824,0.1,easy
News Articles,project,2,1862,0.005003128961904412,0.07,easy
News Articles,provide,2,1885,0.020012515847617648,0.04,easy
News Articles,engineering,2,791,0.005003128961904412,0.68,hard
News Articles,finally,2,932,0.005003128961904412,0.03,easy
News Articles,work,2,2695,0.005003128961904412,0.0,easy
News Articles,different,2,639,0.04502816065713971,0.0,easy
News Articles,system,2,2387,0.02501564480952206,0.0,easy
News Articles,ground,2,1066,0.010006257923808824,0.01,easy
News Articles,final,2,931,0.015009386885713237,0.02,easy
News Articles,cover,2,531,0.010006257923808824,0.01,easy
News Articles,entire,2,800,0.010006257923808824,0.01,easy
News Articles,increasingly,2,1175,0.010006257923808824,0.64,hard
News Articles,navigation,2,1534,0.020012515847617648,0.61,hard
News Articles,include,2,1165,0.005003128961904412,0.12,easy
News Articles,quality,2,1907,0.005003128961904412,0.02,easy
News Articles,university,2,2571,0.005003128961904412,0.52,easy
News Articles,many,2,1413,0.040025031695235296,0.0,easy
News Articles,release,2,1993,0.015009386885713237,0.03,easy
News Articles,certain,2,344,0.020012515847617648,0.0,easy
News Articles,considered,2,476,0.005003128961904412,0.2,easy
News Articles,agency,2,72,0.015009386885713237,0.46,easy
News Articles,ionosphere,2,1258,0.02501564480952206,0.76,hard
News Articles,environmental,2,804,0.030018773771426473,0.8,hard
News Articles,information,2,1189,0.020012515847617648,0.03,easy
News Articles,service,2,2132,0.015009386885713237,0.01,easy
News Articles,scientific,2,2099,0.010006257923808824,0.57,hard
News Articles,planetary,2,1762,0.005003128961904412,0.69,hard
News Articles,impact,2,1146,0.040025031695235296,0.24,easy
News Articles,example,2,845,0.02501564480952206,0.0,easy
News Articles,instrument,2,1212,0.005003128961904412,0.17,easy
News Articles,make,2,1401,0.020012515847617648,0.0,easy
News Articles,physic,2,1749,0.005003128961904412,0.74,hard
News Articles,force,2,963,0.010006257923808824,0.0,easy
News Articles,awareness,2,215,0.005003128961904412,0.67,hard
News Articles,goal,2,1041,0.005003128961904412,0.36,easy
News Articles,open,2,1625,0.005003128961904412,0.0,easy
News Articles,commercial,2,419,0.010006257923808824,0.39,easy
News Articles,traffic,2,2489,0.005003128961904412,0.44,easy
News Articles,management,2,1405,0.015009386885713237,0.37,easy
News Articles,improve,2,1156,0.02501564480952206,0.45,easy
News Articles,furthermore,2,1002,0.005003128961904412,0.76,hard
News Articles,support,2,2362,0.015009386885713237,0.0,easy
News Articles,station,2,2284,0.015009386885713237,0.06,easy
News Articles,protect,2,1878,0.010006257923808824,0.46,easy
News Articles,economic,2,730,0.005003128961904412,0.06,easy
News Articles,working,2,2697,0.005003128961904412,0.0,easy
News Articles,branch,2,278,0.005003128961904412,0.14,easy
News Articles,understanding,2,2553,0.010006257923808824,0.27,easy
News Articles,phenomenon,2,1743,0.010006257923808824,0.69,hard
News Articles,help,2,1099,0.020012515847617648,0.0,easy
News Articles,hazard,2,1089,0.005003128961904412,0.63,hard
News Articles,aviation,2,210,0.010006257923808824,0.73,hard
News Articles,use,2,2599,0.040025031695235296,0.0,easy
News Articles,extreme,2,888,0.02501564480952206,0.35,easy
News Articles,understand,2,2552,0.02501564480952206,0.03,easy
News Articles,natural,2,1530,0.010006257923808824,0.02,easy
News Articles,aircraft,2,84,0.005003128961904412,0.59,hard
News Articles,expansion,2,858,0.005003128961904412,0.28,easy
News Articles,induced,2,1183,0.005003128961904412,0.71,hard
News Articles,behavior,2,242,0.010006257923808824,0.3,easy
News Articles,advanced,2,55,0.010006257923808824,0.32,easy
News Articles,require,2,2012,0.005003128961904412,0.3,easy
News Articles,robust,2,2056,0.005003128961904412,0.68,hard
News Articles,important,2,1152,0.03502190273333089,0.0,easy
News Articles,terrestrial,2,2426,0.020012515847617648,0.73,hard
News Articles,asset,2,167,0.03502190273333089,0.71,hard
News Articles,rare,2,1936,0.005003128961904412,0.36,easy
News Articles,continuous,2,495,0.010006257923808824,0.68,hard
News Articles,auroral,2,199,0.010006257923808824,0.77,hard
News Articles,global,2,1038,0.010006257923808824,0.65,hard
News Articles,even,2,829,0.06504067650475735,0.0,easy
News Articles,often,2,1618,0.02501564480952206,0.0,easy
News Articles,extra,2,885,0.015009386885713237,0.21,easy
News Articles,concerned,2,451,0.015009386885713237,0.25,easy
News Articles,error,2,815,0.005003128961904412,0.0,easy
News Articles,already,2,95,0.030018773771426473,0.0,easy
News Articles,right,2,2043,0.07504693442856618,0.0,easy
News Articles,computer,2,447,0.005003128961904412,0.16,easy
News Articles,specific,2,2241,0.005003128961904412,0.22,easy
News Articles,size,2,2189,0.005003128961904412,0.0,easy
News Articles,produce,2,1849,0.02501564480952206,0.07,easy
News Articles,underlying,2,2549,0.005003128961904412,0.63,hard
News Articles,typical,2,2534,0.005003128961904412,0.33,easy
News Articles,real,2,1949,0.005003128961904412,0.0,easy
News Articles,problem,2,1844,0.010006257923808824,0.0,easy
News Articles,metric,2,1463,0.005003128961904412,0.69,hard
News Articles,interesting,2,1231,0.010006257923808824,0.01,easy
News Articles,launch,2,1314,0.015009386885713237,0.28,easy
News Articles,central,2,342,0.015009386885713237,0.16,easy
News Articles,theme,2,2437,0.005003128961904412,0.01,easy
News Articles,essential,2,820,0.015009386885713237,0.33,easy
News Articles,fact,2,895,0.015009386885713237,0.0,easy
News Articles,cost,2,522,0.005003128961904412,0.05,easy
News Articles,faster,2,914,0.020012515847617648,0.6,hard
News Articles,offer,2,1614,0.005003128961904412,0.01,easy
News Articles,valuable,2,2609,0.005003128961904412,0.56,hard
News Articles,cant,2,314,0.005003128961904412,0.48,easy
News Articles,limit,2,1351,0.005003128961904412,0.15,easy
News Articles,getting,2,1031,0.005003128961904412,0.0,easy
News Articles,used,2,2600,0.010006257923808824,0.0,easy
News Articles,able,2,1,0.005003128961904412,0.0,easy
News Articles,energy,2,788,0.055034418580948534,0.17,easy
News Articles,critically,2,538,0.005003128961904412,0.77,hard
News Articles,monitor,2,1505,0.020012515847617648,0.5,easy
News Articles,measuring,2,1446,0.005003128961904412,0.73,hard
News Articles,heavy,2,1097,0.005003128961904412,0.01,easy
News Articles,internal,2,1238,0.015009386885713237,0.45,easy
News Articles,critical,2,537,0.020012515847617648,0.41,easy
News Articles,mission,2,1483,0.015009386885713237,0.19,easy
News Articles,compact,2,427,0.010006257923808824,0.51,easy
News Articles,laboratory,2,1297,0.020012515847617648,0.76,hard
News Articles,series,2,2129,0.005003128961904412,0.01,easy
News Articles,light,2,1342,0.015009386885713237,0.0,easy
News Articles,stage,2,2270,0.010006257923808824,0.02,easy
News Articles,survey,2,2371,0.005003128961904412,0.5,easy
News Articles,transfer,2,2494,0.005003128961904412,0.29,easy
News Articles,via,2,2629,0.005003128961904412,0.42,easy
News Articles,public,2,1894,0.015009386885713237,0.0,easy
News Articles,established,2,823,0.005003128961904412,0.27,easy
News Articles,goddard,2,1042,0.040025031695235296,0.78,hard
News Articles,industry,2,1185,0.020012515847617648,0.03,easy
News Articles,societal,2,2200,0.005003128961904412,0.77,hard
News Articles,resiliency,2,2017,0.005003128961904412,0.77,hard
News Articles,million,2,1472,0.03502190273333089,0.06,easy
News Articles,look,2,1372,0.010006257923808824,0.0,easy
News Articles,know,2,1291,0.06003754754285295,0.0,easy
News Articles,presentation,2,1819,0.005003128961904412,0.59,hard
News Articles,capability,2,316,0.030018773771426473,0.77,hard
News Articles,figure,2,926,0.005003128961904412,0.02,easy
News Articles,safe,2,2074,0.015009386885713237,0.08,easy
News Articles,moon,2,1507,0.005003128961904412,0.17,easy
News Articles,less,2,1332,0.010006257923808824,0.0,easy
News Articles,stated,2,2282,0.005003128961904412,0.49,easy
News Articles,people,2,1716,0.030018773771426473,0.0,easy
News Articles,astronomy,2,181,0.005003128961904412,0.76,hard
News Articles,dynamic,2,718,0.02501564480952206,0.62,hard
News Articles,together,2,2471,0.005003128961904412,0.0,easy
News Articles,improving,2,1158,0.005003128961904412,0.71,hard
News Articles,availability,2,207,0.005003128961904412,0.77,hard
News Articles,incorporate,2,1171,0.005003128961904412,0.74,hard
News Articles,whole,2,2683,0.005003128961904412,0.0,easy
News Articles,surface,2,2366,0.040025031695235296,0.09,easy
News Articles,evolve,2,840,0.005003128961904412,0.66,hard
News Articles,point,2,1769,0.010006257923808824,0.0,easy
News Articles,verify,2,2627,0.005003128961904412,0.72,hard
News Articles,design,2,612,0.015009386885713237,0.05,easy
News Articles,successfully,2,2340,0.005003128961904412,0.62,hard
News Articles,replace,2,2005,0.005003128961904412,0.53,easy
News Articles,sphere,2,2253,0.005003128961904412,0.49,easy
News Articles,climate,2,380,0.010006257923808824,0.62,hard
News Articles,exercise,2,851,0.005003128961904412,0.26,easy
News Articles,united,2,2569,0.010006257923808824,0.47,easy
News Articles,receive,2,1956,0.005003128961904412,0.2,easy
News Articles,rather,2,1940,0.005003128961904412,0.0,easy
News Articles,develop,2,628,0.010006257923808824,0.12,easy
News Articles,vital,2,2642,0.005003128961904412,0.46,easy
News Articles,disturbance,2,683,0.005003128961904412,0.65,hard
News Articles,reliable,2,1997,0.005003128961904412,0.64,hard
News Articles,electrical,2,753,0.02501564480952206,0.67,hard
News Articles,location,2,1366,0.02501564480952206,0.05,easy
News Articles,magnitude,2,1396,0.010006257923808824,0.67,hard
News Articles,polar,2,1772,0.015009386885713237,0.64,hard
News Articles,year,2,2707,0.030018773771426473,0.0,easy
News Articles,case,2,329,0.005003128961904412,0.0,easy
News Articles,allow,2,90,0.005003128961904412,0.08,easy
News Articles,maintain,2,1399,0.005003128961904412,0.23,easy
News Articles,air,2,83,0.020012515847617648,0.0,easy
News Articles,common,2,423,0.020012515847617648,0.0,easy
News Articles,union,2,2566,0.005003128961904412,0.16,easy
News Articles,known,2,1294,0.005003128961904412,0.01,easy
News Articles,taking,2,2395,0.010006257923808824,0.02,easy
News Articles,similar,2,2172,0.010006257923808824,0.06,easy
News Articles,bridge,2,281,0.005003128961904412,0.06,easy
News Articles,threat,2,2458,0.005003128961904412,0.45,easy
News Articles,hear,2,1094,0.005003128961904412,0.01,easy
News Articles,conference,2,462,0.010006257923808824,0.51,easy
News Articles,study,2,2325,0.030018773771426473,0.02,easy
News Articles,news,2,1555,0.015009386885713237,0.05,easy
News Articles,talking,2,2398,0.02501564480952206,0.02,easy
News Articles,corona,2,510,0.005003128961904412,0.67,hard
News Articles,vantage,2,2612,0.005003128961904412,0.73,hard
News Articles,talk,2,2397,0.015009386885713237,0.0,easy
News Articles,signal,2,2167,0.02501564480952206,0.48,easy
News Articles,host,2,1121,0.010006257923808824,0.33,easy
News Articles,team,2,2403,0.020012515847617648,0.09,easy
News Articles,hour,2,1124,0.005003128961904412,0.0,easy
News Articles,knowing,2,1292,0.005003128961904412,0.38,easy
News Articles,accuracy,2,21,0.005003128961904412,0.71,hard
News Articles,formation,2,974,0.005003128961904412,0.54,easy
News Articles,done,2,699,0.005003128961904412,0.0,easy
News Articles,plane,2,1760,0.005003128961904412,0.05,easy
News Articles,inside,2,1205,0.010006257923808824,0.02,easy
News Articles,protective,2,1881,0.020012515847617648,0.69,hard
News Articles,occasionally,2,1608,0.005003128961904412,0.55,hard
News Articles,ultraviolet,2,2537,0.005003128961904412,0.8,hard
News Articles,never,2,1551,0.015009386885713237,0.0,easy
News Articles,measured,2,1444,0.005003128961904412,0.53,easy
News Articles,observer,2,1604,0.005003128961904412,0.69,hard
News Articles,expensive,2,860,0.005003128961904412,0.53,easy
News Articles,middle,2,1466,0.005003128961904412,0.0,easy
News Articles,radius,2,1924,0.005003128961904412,0.66,hard
News Articles,track,2,2486,0.015009386885713237,0.18,easy
News Articles,cycle,2,556,0.040025031695235296,0.47,easy
News Articles,driving,2,713,0.005003128961904412,0.17,easy
News Articles,great,2,1060,0.005003128961904412,0.0,easy
News Articles,enough,2,795,0.015009386885713237,0.0,easy
News Articles,capture,2,321,0.010006257923808824,0.43,easy
News Articles,estimate,2,824,0.005003128961904412,0.53,easy
News Articles,rotation,2,2066,0.020012515847617648,0.72,hard
News Articles,widely,2,2686,0.005003128961904412,0.57,hard
News Articles,density,2,602,0.020012515847617648,0.69,hard
News Articles,without,2,2692,0.015009386885713237,0.0,easy
News Articles,performance,2,1721,0.005003128961904412,0.0,easy
News Articles,actually,2,37,0.015009386885713237,0.0,easy
News Articles,ultimately,2,2536,0.010006257923808824,0.49,easy
News Articles,motion,2,1513,0.005003128961904412,0.06,easy
News Articles,always,2,101,0.010006257923808824,0.0,easy
News Articles,going,2,1043,0.015009386885713237,0.0,easy
News Articles,dealing,2,566,0.005003128961904412,0.5,easy
News Articles,control,2,501,0.005003128961904412,0.0,easy
News Articles,generation,2,1021,0.005003128961904412,0.3,easy
News Articles,predict,2,1805,0.020012515847617648,0.69,hard
News Articles,sophisticated,2,2218,0.005003128961904412,0.7,hard
News Articles,previously,2,1830,0.005003128961904412,0.42,easy
News Articles,least,2,1327,0.005003128961904412,0.0,easy
News Articles,operate,2,1627,0.005003128961904412,0.5,easy
News Articles,outer,2,1655,0.015009386885713237,0.61,hard
News Articles,powerful,2,1798,0.020012515847617648,0.18,easy
News Articles,meaning,2,1440,0.005003128961904412,0.21,easy
News Articles,accurately,2,23,0.005003128961904412,0.71,hard
News Articles,drag,2,703,0.015009386885713237,0.09,easy
News Articles,daily,2,558,0.005003128961904412,0.33,easy
News Articles,altitude,2,100,0.005003128961904412,0.75,hard
News Articles,fall,2,904,0.005003128961904412,0.0,easy
News Articles,realize,2,1951,0.005003128961904412,0.17,easy
News Articles,question,2,1911,0.005003128961904412,0.0,easy
News Articles,safety,2,2076,0.015009386885713237,0.35,easy
News Articles,globe,2,1039,0.010006257923808824,0.6,hard
News Articles,whether,2,2681,0.015009386885713237,0.01,easy
News Articles,leverage,2,1335,0.005003128961904412,0.68,hard
News Articles,keeping,2,1281,0.010006257923808824,0.33,easy
News Articles,lifetime,2,1340,0.005003128961904412,0.68,hard
News Articles,uncertain,2,2541,0.005003128961904412,0.57,hard
News Articles,trigger,2,2514,0.010006257923808824,0.61,hard
News Articles,factor,2,896,0.005003128961904412,0.31,easy
News Articles,complicated,2,439,0.005003128961904412,0.66,hard
News Articles,temperature,2,2417,0.005003128961904412,0.46,easy
News Articles,put,2,1904,0.010006257923808824,0.0,easy
News Articles,phase,2,1742,0.005003128961904412,0.42,easy
News Articles,sufficient,2,2347,0.010006257923808824,0.53,easy
News Articles,respond,2,2024,0.005003128961904412,0.52,easy
News Articles,extended,2,880,0.010006257923808824,0.36,easy
News Articles,broad,2,288,0.005003128961904412,0.24,easy
News Articles,percent,2,1718,0.010006257923808824,0.55,hard
News Articles,warm,2,2651,0.005003128961904412,0.04,easy
News Articles,damage,2,559,0.030018773771426473,0.22,easy
News Articles,severe,2,2139,0.020012515847617648,0.52,easy
News Articles,significantly,2,2171,0.015009386885713237,0.74,hard
News Articles,record,2,1963,0.005003128961904412,0.02,easy
News Articles,intense,2,1220,0.015009386885713237,0.27,easy
News Articles,complete,2,435,0.005003128961904412,0.0,easy
News Articles,prepare,2,1817,0.020012515847617648,0.49,easy
News Articles,gas,2,1013,0.015009386885713237,0.17,easy
News Articles,company,2,428,0.010006257923808824,0.0,easy
News Articles,surrounding,2,2369,0.010006257923808824,0.67,hard
News Articles,geological,2,1027,0.005003128961904412,0.82,hard
News Articles,higher,2,1108,0.015009386885713237,0.11,easy
News Articles,good,2,1044,0.015009386885713237,0.0,easy
News Articles,world,2,2699,0.005003128961904412,0.0,easy
News Articles,turn,2,2527,0.005003128961904412,0.0,easy
News Articles,widespread,2,2687,0.010006257923808824,0.66,hard
News Articles,compute,2,446,0.005003128961904412,0.75,hard
News Articles,facing,2,894,0.005003128961904412,0.54,easy
News Articles,constantly,2,483,0.005003128961904412,0.37,easy
News Articles,adequate,2,48,0.005003128961904412,0.47,easy
News Articles,classification,2,376,0.005003128961904412,0.74,hard
News Articles,minimum,2,1477,0.005003128961904412,0.48,easy
News Articles,set,2,2134,0.005003128961904412,0.0,easy
News Articles,chain,2,347,0.005003128961904412,0.12,easy
News Articles,web,2,2663,0.005003128961904412,0.07,easy
News Articles,part,2,1693,0.010006257923808824,0.0,easy
News Articles,big,2,255,0.020012515847617648,0.0,easy
News Articles,scientist,2,2100,0.005003128961904412,0.64,hard
News Articles,welcome,2,2668,0.02501564480952206,0.17,easy
News Articles,let,2,1333,0.010006257923808824,0.0,easy
News Articles,sure,2,2365,0.020012515847617648,0.0,easy
News Articles,get,2,1030,0.04502816065713971,0.0,easy
News Articles,effectively,2,742,0.005003128961904412,0.63,hard
News Articles,ask,2,161,0.005003128961904412,0.01,easy
News Articles,probably,2,1842,0.030018773771426473,0.0,easy
News Articles,prevent,2,1827,0.005003128961904412,0.33,easy
News Articles,preparation,2,1816,0.005003128961904412,0.51,easy
News Articles,aware,2,214,0.005003128961904412,0.38,easy
News Articles,might,2,1468,0.020012515847617648,0.0,easy
News Articles,incident,2,1163,0.005003128961904412,0.54,easy
News Articles,office,2,1616,0.005003128961904412,0.0,easy
News Articles,general,2,1018,0.005003128961904412,0.0,easy
News Articles,generating,2,1020,0.005003128961904412,0.8,hard
News Articles,something,2,2212,0.02501564480952206,0.0,easy
News Articles,perturbed,2,1739,0.005003128961904412,0.76,hard
News Articles,rob,2,2054,0.005003128961904412,0.55,hard
News Articles,similarly,2,2173,0.005003128961904412,0.74,hard
News Articles,exactly,2,842,0.015009386885713237,0.08,easy
News Articles,baker,2,223,0.010006257923808824,0.68,hard
News Articles,layer,2,1316,0.015009386885713237,0.59,hard
News Articles,confined,2,465,0.005003128961904412,0.67,hard
News Articles,overyear,2,1677,0.005003128961904412,0.76,hard
News Articles,redundancy,2,1971,0.005003128961904412,0.76,hard
News Articles,per,2,1717,0.020012515847617648,0.0,easy
News Articles,autonomous,2,204,0.005003128961904412,0.78,hard
News Articles,finding,2,935,0.010006257923808824,0.4,easy
News Articles,finished,2,936,0.005003128961904412,0.28,easy
News Articles,building,2,293,0.005003128961904412,0.02,easy
News Articles,organization,2,1643,0.005003128961904412,0.15,easy
News Articles,careful,2,324,0.005003128961904412,0.44,easy
News Articles,derived,2,609,0.005003128961904412,0.63,hard
News Articles,flying,2,959,0.015009386885713237,0.43,easy
News Articles,changer,2,355,0.005003128961904412,0.75,hard
News Articles,core,2,509,0.005003128961904412,0.27,easy
News Articles,collect,2,399,0.010006257923808824,0.54,easy
News Articles,couple,2,526,0.005003128961904412,0.01,easy
News Articles,endanger,2,782,0.010006257923808824,0.75,hard
News Articles,apart,2,130,0.005003128961904412,0.25,easy
News Articles,usually,2,2603,0.005003128961904412,0.07,easy
News Articles,received,2,1957,0.005003128961904412,0.18,easy
News Articles,spectacular,2,2244,0.005003128961904412,0.6,hard
News Articles,equipment,2,809,0.005003128961904412,0.28,easy
News Articles,devastating,2,627,0.005003128961904412,0.75,hard
News Articles,age,2,70,0.005003128961904412,0.01,easy
News Articles,hereto,2,1103,0.005003128961904412,0.76,hard
News Articles,vary,2,2618,0.010006257923808824,0.58,hard
News Articles,distortion,2,680,0.005003128961904412,0.69,hard
News Articles,marine,2,1416,0.005003128961904412,0.53,easy
News Articles,immediate,2,1144,0.005003128961904412,0.4,easy
News Articles,vulnerable,2,2647,0.005003128961904412,0.7,hard
News Articles,electronics,2,761,0.03502190273333089,0.72,hard
News Articles,add,2,41,0.005003128961904412,0.02,easy
News Articles,exact,2,841,0.005003128961904412,0.48,easy
News Articles,failure,2,899,0.015009386885713237,0.16,easy
News Articles,suspect,2,2373,0.005003128961904412,0.38,easy
News Articles,exposure,2,877,0.005003128961904412,0.54,easy
News Articles,observe,2,1603,0.005003128961904412,0.47,easy
News Articles,found,2,980,0.015009386885713237,0.0,easy
News Articles,raise,2,1927,0.005003128961904412,0.04,easy
News Articles,cable,2,302,0.006578513343512804,0.51,easy
News Articles,explanation,2,865,0.006578513343512804,0.57,hard
News Articles,investigating,2,1249,0.006578513343512804,0.79,hard
News Articles,television,2,2414,0.006578513343512804,0.25,easy
News Articles,essentially,2,821,0.013157026687025609,0.61,hard
News Articles,shielding,2,2152,0.013157026687025609,0.72,hard
News Articles,penetrate,2,1711,0.019735540030538415,0.66,hard
News Articles,tolerant,2,2474,0.006578513343512804,0.7,hard
News Articles,beneficial,2,247,0.006578513343512804,0.77,hard
News Articles,astronautics,2,178,0.006578513343512804,0.81,hard
News Articles,paper,2,1686,0.013157026687025609,0.03,easy
News Articles,journal,2,1278,0.006578513343512804,0.67,hard
News Articles,theorize,2,2440,0.006578513343512804,0.75,hard
News Articles,didnt,2,635,0.013157026687025609,0.63,hard
News Articles,instance,2,1208,0.006578513343512804,0.28,easy
News Articles,dangerous,2,562,0.013157026687025609,0.47,easy
News Articles,choose,2,365,0.006578513343512804,0.3,easy
News Articles,survive,2,2372,0.006578513343512804,0.47,easy
News Articles,lot,2,1377,0.006578513343512804,0.0,easy
News Articles,wreak,2,2704,0.006578513343512804,0.72,hard
News Articles,hard,2,1082,0.019735540030538415,0.0,easy
News Articles,wrong,2,2706,0.026314053374051218,0.0,easy
News Articles,say,2,2089,0.026314053374051218,0.0,easy
News Articles,really,2,1952,0.06578513343512804,0.0,easy
News Articles,unrecoverable,2,2579,0.006578513343512804,0.83,hard
News Articles,temporary,2,2421,0.006578513343512804,0.59,hard
News Articles,amplifier,2,109,0.013157026687025609,0.8,hard
News Articles,normally,2,1572,0.019735540030538415,0.63,hard
News Articles,discovered,2,663,0.006578513343512804,0.5,easy
News Articles,broke,2,289,0.006578513343512804,0.32,easy
News Articles,accumulate,2,20,0.013157026687025609,0.79,hard
News Articles,backup,2,220,0.019735540030538415,0.67,hard
News Articles,fail,2,898,0.019735540030538415,0.13,easy
News Articles,balance,2,224,0.006578513343512804,0.01,easy
News Articles,harsh,2,1087,0.006578513343512804,0.51,easy
News Articles,graphic,2,1057,0.006578513343512804,0.47,easy
News Articles,pat,2,1706,0.019735540030538415,0.55,hard
News Articles,bus,2,299,0.006578513343512804,0.17,easy
News Articles,empty,2,775,0.006578513343512804,0.08,easy
News Articles,think,2,2453,0.006578513343512804,0.0,easy
News Articles,temporarily,2,2420,0.013157026687025609,0.73,hard
News Articles,proper,2,1873,0.006578513343512804,0.19,easy
News Articles,disruptive,2,677,0.006578513343512804,0.78,hard
News Articles,quite,2,1916,0.013157026687025609,0.0,easy
News Articles,electrically,2,754,0.013157026687025609,0.81,hard
News Articles,fourth,2,983,0.013157026687025609,0.31,easy
News Articles,pouring,2,1796,0.006578513343512804,0.71,hard
News Articles,dramatic,2,704,0.013157026687025609,0.24,easy
News Articles,tremendous,2,2511,0.006578513343512804,0.57,hard
News Articles,truly,2,2521,0.006578513343512804,0.14,easy
News Articles,massive,2,1426,0.013157026687025609,0.55,hard
News Articles,doesnt,2,694,0.026314053374051218,0.59,hard
News Articles,torch,2,2481,0.006578513343512804,0.64,hard
News Articles,molten,2,1502,0.006578513343512804,0.72,hard
News Articles,iron,2,1261,0.006578513343512804,0.19,easy
News Articles,streaming,2,2311,0.019735540030538415,0.69,hard
News Articles,rainstorm,2,1926,0.006578513343512804,0.75,hard
News Articles,nice,2,1557,0.006578513343512804,0.0,easy
News Articles,shield,2,2150,0.013157026687025609,0.6,hard
News Articles,bad,2,221,0.006578513343512804,0.0,easy
News Articles,thick,2,2449,0.006578513343512804,0.09,easy
News Articles,harmful,2,1085,0.006578513343512804,0.75,hard
News Articles,protection,2,1880,0.006578513343512804,0.33,easy
News Articles,perfect,2,1719,0.013157026687025609,0.05,easy
News Articles,eight,2,748,0.019735540030538415,0.17,easy
News Articles,emergency,2,769,0.026314053374051218,0.58,hard
News Articles,imagine,2,1143,0.006578513343512804,0.28,easy
News Articles,disaster,2,658,0.006578513343512804,0.43,easy
News Articles,hurricane,2,1131,0.013157026687025609,0.71,hard
News Articles,notified,2,1586,0.019735540030538415,0.79,hard
News Articles,accelerated,2,10,0.006578513343512804,0.81,hard
News Articles,permeate,2,1730,0.006578513343512804,0.75,hard
News Articles,shielded,2,2151,0.006578513343512804,0.75,hard
News Articles,basement,2,230,0.006578513343512804,0.65,hard
News Articles,giant,2,1032,0.006578513343512804,0.25,easy
News Articles,rippling,2,2049,0.006578513343512804,0.76,hard
News Articles,induce,2,1182,0.013157026687025609,0.66,hard
News Articles,happening,2,1081,0.03947108006107683,0.56,hard
News Articles,official,2,1617,0.013157026687025609,0.16,easy
News Articles,shimmer,2,2154,0.006578513343512804,0.73,hard
News Articles,beam,2,234,0.006578513343512804,0.41,easy
News Articles,foreground,2,968,0.006578513343512804,0.72,hard
News Articles,resistant,2,2018,0.006578513343512804,0.71,hard
News Articles,shelter,2,2149,0.006578513343512804,0.46,easy
News Articles,implement,2,1148,0.006578513343512804,0.65,hard
News Articles,there,2,2442,0.013157026687025609,0.0,easy
News Articles,thing,2,2452,0.019735540030538415,0.0,easy
News Articles,beautiful,2,235,0.006578513343512804,0.01,easy
News Articles,chocolate,2,364,0.006578513343512804,0.52,easy
News Articles,screaming,2,2103,0.006578513343512804,0.44,easy
News Articles,astronomer,2,179,0.006578513343512804,0.75,hard
News Articles,physicist,2,1751,0.006578513343512804,0.75,hard
News Articles,discus,2,667,0.006578513343512804,0.75,hard
News Articles,sponsor,2,2258,0.013157026687025609,0.66,hard
News Articles,fallen,2,905,0.006578513343512804,0.45,easy
News Articles,fresh,2,988,0.006578513343512804,0.07,easy
News Articles,telescope,2,2413,0.013157026687025609,0.71,hard
News Articles,youve,2,2711,0.006578513343512804,0.78,hard
News Articles,everything,2,836,0.013157026687025609,0.0,easy
News Articles,unsolved,2,2584,0.006578513343512804,0.76,hard
News Articles,thank,2,2433,0.03947108006107683,0.38,easy
News Articles,thanks,2,2435,0.013157026687025609,0.1,easy
News Articles,subatomic,2,2328,0.006578513343512804,0.77,hard
News Articles,stayed,2,2289,0.006578513343512804,0.5,easy
News Articles,explosion,2,874,0.019735540030538415,0.6,hard
News Articles,pretty,2,1825,0.006578513343512804,0.0,easy
News Articles,bigger,2,256,0.026314053374051218,0.49,easy
News Articles,speak,2,2236,0.019735540030538415,0.08,easy
News Articles,page,2,1681,0.006578513343512804,0.0,easy
News Articles,stay,2,2288,0.026314053374051218,0.01,easy
News Articles,correct,2,514,0.013157026687025609,0.23,easy
News Articles,seeing,2,2115,0.006578513343512804,0.05,easy
News Articles,wouldnt,2,2700,0.006578513343512804,0.76,hard
News Articles,somebody,2,2211,0.006578513343512804,0.46,easy
News Articles,pacific,2,1679,0.013157026687025609,0.74,hard
News Articles,ocean,2,1611,0.019735540030538415,0.44,easy
News Articles,youd,2,2710,0.013157026687025609,0.76,hard
News Articles,find,2,933,0.013157026687025609,0.0,easy
News Articles,feeling,2,921,0.006578513343512804,0.01,easy
News Articles,eastern,2,727,0.013157026687025609,0.61,hard
News Articles,saying,2,2090,0.006578513343512804,0.03,easy
News Articles,whatever,2,2678,0.006578513343512804,0.12,easy
News Articles,trouble,2,2519,0.006578513343512804,0.02,easy
News Articles,sit,2,2184,0.006578513343512804,0.07,easy
News Articles,whats,2,2679,0.013157026687025609,0.52,easy
News Articles,magnetism,2,1393,0.006578513343512804,0.73,hard
News Articles,pure,2,1900,0.006578513343512804,0.16,easy
News Articles,appear,2,131,0.006578513343512804,0.02,easy
News Articles,twisted,2,2531,0.006578513343512804,0.62,hard
News Articles,outshape,2,1664,0.006578513343512804,0.78,hard
News Articles,basically,2,232,0.013157026687025609,0.37,easy
News Articles,explosively,2,876,0.006578513343512804,0.79,hard
News Articles,hot,2,1123,0.026314053374051218,0.0,easy
News Articles,night,2,1559,0.019735540030538415,0.0,easy
News Articles,opposite,2,1634,0.006578513343512804,0.08,easy
News Articles,wow,2,2701,0.013157026687025609,0.5,easy
News Articles,terrific,2,2427,0.006578513343512804,0.56,hard
News Articles,theyre,2,2448,0.019735540030538415,0.76,hard
News Articles,correctly,2,518,0.006578513343512804,0.31,easy
News Articles,ago,2,75,0.026314053374051218,0.0,easy
News Articles,werent,2,2672,0.006578513343512804,0.78,hard
News Articles,canonical,2,313,0.006578513343512804,0.74,hard
News Articles,harmlessly,2,1086,0.013157026687025609,0.79,hard
News Articles,maybe,2,1438,0.006578513343512804,0.02,easy
News Articles,axis,2,217,0.006578513343512804,0.61,hard
News Articles,every,2,834,0.019735540030538415,0.0,easy
News Articles,wrapped,2,2703,0.006578513343512804,0.59,hard
News Articles,differential,2,640,0.006578513343512804,0.72,hard
News Articles,inward,2,1254,0.006578513343512804,0.69,hard
News Articles,constant,2,482,0.006578513343512804,0.29,easy
News Articles,hi,2,1105,0.006578513343512804,0.0,easy
News Articles,fascinating,2,911,0.006578513343512804,0.6,hard
News Articles,stuff,2,2326,0.006578513343512804,0.02,easy
News Articles,weve,2,2677,0.013157026687025609,0.76,hard
News Articles,summer,2,2356,0.006578513343512804,0.01,easy
News Articles,excuse,2,849,0.006578513343512804,0.33,easy
News Articles,melt,2,1450,0.006578513343512804,0.61,hard
News Articles,ozone,2,1678,0.006578513343512804,0.73,hard
News Articles,ice,2,1134,0.006578513343512804,0.05,easy
News Articles,calling,2,308,0.006578513343512804,0.38,easy
News Articles,respect,2,2022,0.006578513343512804,0.01,easy
News Articles,got,2,1045,0.03947108006107683,0.0,easy
News Articles,amount,2,107,0.013157026687025609,0.01,easy
News Articles,certainly,2,345,0.019735540030538415,0.05,easy
News Articles,shuttle,2,2164,0.006578513343512804,0.69,hard
News Articles,robot,2,2055,0.006578513343512804,0.68,hard
News Articles,arm,2,149,0.006578513343512804,0.07,easy
News Articles,huge,2,1127,0.026314053374051218,0.17,easy
News Articles,sir,2,2183,0.006578513343512804,0.35,easy
News Articles,watching,2,2655,0.006578513343512804,0.02,easy
News Articles,draw,2,705,0.006578513343512804,0.01,easy
News Articles,drawing,2,706,0.006578513343512804,0.45,easy
News Articles,sudden,2,2343,0.006578513343512804,0.26,easy
News Articles,bright,2,285,0.013157026687025609,0.04,easy
News Articles,oh,2,1619,0.013157026687025609,0.05,easy
News Articles,anybody,2,127,0.006578513343512804,0.48,easy
News Articles,came,2,309,0.006578513343512804,0.0,easy
News Articles,special,2,2238,0.006578513343512804,0.0,easy
News Articles,shake,2,2141,0.006578513343512804,0.15,easy
News Articles,shaking,2,2142,0.006578513343512804,0.65,hard
News Articles,garden,2,1012,0.006578513343512804,0.24,easy
News Articles,herein,2,1102,0.006578513343512804,0.76,hard
News Articles,ever,2,833,0.013157026687025609,0.0,easy
News Articles,saturated,2,2086,0.006578513343512804,0.76,hard
News Articles,except,2,846,0.006578513343512804,0.04,easy
News Articles,telegraph,2,2410,0.019735540030538415,0.73,hard
News Articles,touch,2,2483,0.006578513343512804,0.0,easy
News Articles,operator,2,1632,0.006578513343512804,0.61,hard
News Articles,coast,2,389,0.006578513343512804,0.45,easy
News Articles,wood,2,2694,0.006578513343512804,0.11,easy
News Articles,scorched,2,2102,0.006578513343512804,0.72,hard
News Articles,burned,2,297,0.013157026687025609,0.54,easy
News Articles,person,2,1736,0.006578513343512804,0.0,easy
News Articles,horizon,2,1119,0.006578513343512804,0.55,hard
News Articles,fire,2,937,0.006578513343512804,0.0,easy
News Articles,equator,2,807,0.013157026687025609,0.75,hard
News Articles,fashion,2,912,0.006578513343512804,0.34,easy
News Articles,tell,2,2415,0.006578513343512804,0.0,easy
News Articles,indicator,2,1179,0.006578513343512804,0.71,hard
News Articles,impulse,2,1159,0.006578513343512804,0.32,easy
News Articles,radiant,2,1921,0.006578513343512804,0.75,hard
News Articles,bit,2,261,0.019735540030538415,0.0,easy
News Articles,tweet,2,2529,0.006578513343512804,0.7,hard
News Articles,tuned,2,2524,0.006578513343512804,0.72,hard
News Articles,recap,2,1955,0.006578513343512804,0.72,hard
News Articles,studio,2,2324,0.006578513343512804,0.38,easy
News Articles,practically,2,1800,0.006578513343512804,0.57,hard
News Articles,airplane,2,85,0.006578513343512804,0.67,hard
News Articles,sitting,2,2185,0.006578513343512804,0.12,easy
News Articles,rising,2,2051,0.006578513343512804,0.28,easy
News Articles,yes,2,2708,0.013157026687025609,0.0,easy
News Articles,watchdog,2,2654,0.006578513343512804,0.74,hard
News Articles,headed,2,1092,0.006578513343512804,0.38,easy
News Articles,nowhere,2,1590,0.006578513343512804,0.47,easy
News Articles,hit,2,1115,0.03289256671756402,0.0,easy
News Articles,overhour,2,1671,0.006578513343512804,0.78,hard
News Articles,visit,2,2640,0.006578513343512804,0.11,easy
News Articles,rush,2,2072,0.006578513343512804,0.19,easy
News Articles,contractor,2,497,0.006578513343512804,0.73,hard
News Articles,text,2,2432,0.006578513343512804,0.0,easy
News Articles,authoritative,2,200,0.006578513343512804,0.79,hard
News Articles,audio,2,196,0.006578513343512804,0.65,hard
News Articles,photo,2,1746,0.006578513343512804,0.69,hard
News Articles,hide,2,1106,0.006578513343512804,0.39,easy
News Articles,caption,2,320,0.013157026687025609,0.7,hard
News Articles,toggle,2,2472,0.006578513343512804,0.65,hard
News Articles,cape,2,319,0.006578513343512804,0.69,hard
News Articles,stress,2,2314,0.006578513343512804,0.28,easy
News Articles,watch,2,2653,0.013157026687025609,0.0,easy
News Articles,expect,2,859,0.006578513343512804,0.04,easy
News Articles,latest,2,1309,0.026314053374051218,0.21,easy
News Articles,wont,2,2693,0.006578513343512804,0.59,hard
News Articles,surge,2,2367,0.006578513343512804,0.56,hard
News Articles,comfort,2,412,0.006578513343512804,0.18,easy
News Articles,upward,2,2593,0.013157026687025609,0.61,hard
News Articles,sparking,2,2229,0.006578513343512804,0.78,hard
News Articles,erupt,2,816,0.013157026687025609,0.6,hard
News Articles,create,2,536,0.006578513343512804,0.1,easy
News Articles,spew,2,2252,0.006578513343512804,0.7,hard
News Articles,met,2,1458,0.006578513343512804,0.13,easy
News Articles,manager,2,1406,0.006578513343512804,0.0,easy
News Articles,rain,2,1925,0.006578513343512804,0.11,easy
News Articles,hamper,2,1078,0.013157026687025609,0.7,hard
News Articles,borealis,2,269,0.013157026687025609,0.8,hard
News Articles,presenter,2,1820,0.006578513343512804,0.75,hard
News Articles,king,2,1289,0.006578513343512804,0.07,easy
News Articles,odd,2,1613,0.006578513343512804,0.23,easy
News Articles,evening,2,830,0.013157026687025609,0.17,easy
News Articles,read,2,1945,0.013157026687025609,0.01,easy
News Articles,linking,2,1358,0.006578513343512804,0.75,hard
News Articles,somnolence,2,2216,0.006578513343512804,0.79,hard
News Articles,technique,2,2407,0.006578513343512804,0.55,hard
News Articles,soon,2,2217,0.006578513343512804,0.0,easy
News Articles,gigantic,2,1033,0.006578513343512804,0.74,hard
News Articles,billion,2,259,0.006578513343512804,0.0,easy
News Articles,luckily,2,1381,0.006578513343512804,0.73,hard
News Articles,chief,2,363,0.013157026687025609,0.08,easy
News Articles,acumen,2,38,0.006578513343512804,0.74,hard
News Articles,calculating,2,305,0.006578513343512804,0.79,hard
News Articles,grow,2,1068,0.006578513343512804,0.22,easy
News Articles,agree,2,76,0.006578513343512804,0.25,easy
News Articles,angular,2,118,0.006578513343512804,0.74,hard
News Articles,specialized,2,2239,0.006578513343512804,0.75,hard
News Articles,pushing,2,1903,0.006578513343512804,0.63,hard
News Articles,issuing,2,1267,0.006578513343512804,0.77,hard
News Articles,blast,2,264,0.006578513343512804,0.33,easy
News Articles,defend,2,579,0.006578513343512804,0.47,easy
News Articles,sometimes,2,2213,0.006578513343512804,0.01,easy
News Articles,hurl,2,1130,0.006578513343512804,0.68,hard
News Articles,unusually,2,2587,0.006578513343512804,0.77,hard
News Articles,unlucky,2,2576,0.006578513343512804,0.74,hard
News Articles,thankfully,2,2434,0.006578513343512804,0.68,hard
News Articles,humanity,2,1129,0.006578513343512804,0.51,easy
News Articles,momentum,2,1503,0.006578513343512804,0.69,hard
News Articles,absorb,2,5,0.006578513343512804,0.56,hard
News Articles,everyday,2,835,0.006578513343512804,0.64,hard
News Articles,excess,2,848,0.006578513343512804,0.52,easy
News Articles,harm,2,1084,0.006578513343512804,0.57,hard
News Articles,threaten,2,2459,0.006578513343512804,0.67,hard
News Articles,serve,2,2131,0.006578513343512804,0.08,easy
News Articles,somewhere,2,2215,0.006578513343512804,0.35,easy
News Articles,overcome,2,1668,0.013157026687025609,0.54,easy
News Articles,falling,2,906,0.006578513343512804,0.41,easy
News Articles,lightning,2,1344,0.04604959340458963,0.67,hard
News Articles,strike,2,2316,0.006578513343512804,0.07,easy
News Articles,penetrating,2,1712,0.013157026687025609,0.76,hard
News Articles,mild,2,1469,0.006578513343512804,0.6,hard
News Articles,alter,2,96,0.006578513343512804,0.62,hard
News Articles,electronic,2,760,0.019735540030538415,0.59,hard
News Articles,fixable,2,943,0.006578513343512804,0.78,hard
News Articles,throw,2,2462,0.006578513343512804,0.06,easy
News Articles,maritime,2,1417,0.006578513343512804,0.74,hard
News Articles,transportation,2,2503,0.006578513343512804,0.6,hard
News Articles,farming,2,909,0.006578513343512804,0.69,hard
News Articles,military,2,1471,0.013157026687025609,0.03,easy
News Articles,simply,2,2177,0.013157026687025609,0.02,easy
News Articles,tenable,2,2423,0.006578513343512804,0.76,hard
News Articles,modern,2,1495,0.006578513343512804,0.04,easy
News Articles,protecting,2,1879,0.006578513343512804,0.75,hard
News Articles,safeguard,2,2075,0.006578513343512804,0.69,hard
News Articles,anyway,2,129,0.006578513343512804,0.15,easy
News Articles,disposition,2,675,0.006578513343512804,0.69,hard
News Articles,assistant,2,171,0.013157026687025609,0.6,hard
News Articles,conversation,2,504,0.006578513343512804,0.49,easy
News Articles,license,2,1337,0.006578513343512804,0.55,hard
News Articles,original,2,1646,0.006578513343512804,0.0,easy
News Articles,article,2,155,0.006578513343512804,0.52,easy
News Articles,obviously,2,1606,0.006578513343512804,0.21,easy
News Articles,blood,2,266,0.006578513343512804,0.01,easy
News Articles,fisher,2,940,0.006578513343512804,0.72,hard
News Articles,besides,2,251,0.006578513343512804,0.55,hard
News Articles,periodically,2,1726,0.006578513343512804,0.82,hard
News Articles,immense,2,1145,0.006578513343512804,0.7,hard
News Articles,raising,2,1929,0.006578513343512804,0.53,easy
News Articles,preventive,2,1828,0.006578513343512804,0.69,hard
News Articles,begun,2,241,0.006578513343512804,0.59,hard
News Articles,extremely,2,889,0.006578513343512804,0.22,easy
News Articles,quantitative,2,1909,0.006578513343512804,0.77,hard
News Articles,professor,2,1855,0.006578513343512804,0.56,hard
News Articles,delighted,2,591,0.006578513343512804,0.72,hard
News Articles,buckle,2,291,0.006578513343512804,0.68,hard
News Articles,weekend,2,2665,0.019735540030538415,0.39,easy
News Articles,knocking,2,1290,0.006578513343512804,0.73,hard
News Articles,bouncing,2,273,0.006578513343512804,0.69,hard
News Articles,agriculture,2,79,0.006578513343512804,0.66,hard
News Articles,oil,2,1620,0.006578513343512804,0.01,easy
News Articles,ham,2,1077,0.006578513343512804,0.61,hard
News Articles,wireless,2,2691,0.019735540030538415,0.69,hard
News Articles,bandit,2,226,0.006578513343512804,0.75,hard
News Articles,unlikely,2,2575,0.013157026687025609,0.59,hard
News Articles,cellular,2,339,0.03947108006107683,0.76,hard
News Articles,phone,2,1745,0.013157026687025609,0.07,easy
News Articles,unaffected,2,2538,0.006578513343512804,0.76,hard
News Articles,copper,2,507,0.006578513343512804,0.31,easy
News Articles,telephone,2,2412,0.006578513343512804,0.54,easy
News Articles,reiterated,2,1986,0.006578513343512804,0.83,hard
News Articles,unless,2,2573,0.006578513343512804,0.19,easy
News Articles,brent,2,280,0.006578513343512804,0.73,hard
News Articles,told,2,2473,0.006578513343512804,0.0,easy
News Articles,jeopardize,2,1270,0.006578513343512804,0.76,hard
News Articles,mistakenly,2,1484,0.006578513343512804,0.79,hard
News Articles,trip,2,2516,0.006578513343512804,0.14,easy
News Articles,canada,2,311,0.006578513343512804,0.73,hard
News Articles,nine,2,1560,0.006578513343512804,0.17,easy
News Articles,catch,2,332,0.006578513343512804,0.02,easy
News Articles,lose,2,1373,0.006578513343512804,0.11,easy
News Articles,mobile,2,1489,0.006578513343512804,0.59,hard
News Articles,underscore,2,2551,0.006578513343512804,0.75,hard
News Articles,charger,2,359,0.006578513343512804,0.73,hard
News Articles,electricity,2,755,0.006578513343512804,0.7,hard
News Articles,usage,2,2598,0.006578513343512804,0.52,easy
News Articles,falcon,2,903,0.006578513343512804,0.74,hard
News Articles,rocket,2,2058,0.006578513343512804,0.61,hard
News Articles,ken,2,1282,0.006578513343512804,0.67,hard
News Articles,graham,2,1053,0.013157026687025609,0.69,hard
News Articles,save,2,2087,0.006578513343512804,0.0,easy
News Articles,circular,2,368,0.006578513343512804,0.72,hard
News Articles,former,2,976,0.006578513343512804,0.09,easy
News Articles,meanwhile,2,1442,0.006578513343512804,0.48,easy
News Articles,climatic,2,381,0.006578513343512804,0.78,hard
News Articles,half,2,1075,0.006578513343512804,0.0,easy
News Articles,dance,2,561,0.006578513343512804,0.17,easy
News Articles,colored,2,407,0.006578513343512804,0.58,hard
News Articles,detect,2,619,0.006578513343512804,0.72,hard
News Articles,originate,2,1648,0.006578513343512804,0.74,hard
News Articles,administrator,2,52,0.006578513343512804,0.77,hard
News Articles,deliver,2,592,0.006578513343512804,0.32,easy
News Articles,atlantic,2,185,0.013157026687025609,0.75,hard
News Articles,tropical,2,2518,0.006578513343512804,0.69,hard
News Articles,send,2,2119,0.006578513343512804,0.04,easy
News Articles,eye,2,890,0.006578513343512804,0.01,easy
News Articles,mapper,2,1415,0.013157026687025609,0.76,hard
News Articles,intensify,2,1221,0.006578513343512804,0.76,hard
News Articles,flash,2,948,0.006578513343512804,0.1,easy
News Articles,flooding,2,953,0.013157026687025609,0.74,hard
News Articles,hail,2,1074,0.006578513343512804,0.55,hard
News Articles,pam,2,1682,0.006578513343512804,0.7,hard
News Articles,smoke,2,2196,0.006578513343512804,0.1,easy
News Articles,sea,2,2104,0.013157026687025609,0.05,easy
News Articles,volcanic,2,2644,0.006578513343512804,0.72,hard
News Articles,ash,2,159,0.006578513343512804,0.64,hard
News Articles,dioxide,2,646,0.006578513343512804,0.76,hard
News Articles,river,2,2053,0.006578513343512804,0.17,easy
News Articles,moisture,2,1501,0.006578513343512804,0.74,hard
News Articles,heat,2,1095,0.006578513343512804,0.08,easy
News Articles,food,2,962,0.006578513343512804,0.01,easy
News Articles,coral,2,508,0.006578513343512804,0.65,hard
News Articles,bleaching,2,265,0.006578513343512804,0.78,hard
News Articles,fell,2,922,0.006578513343512804,0.09,easy
News Articles,pound,2,1795,0.006578513343512804,0.16,easy
News Articles,claim,2,372,0.006578513343512804,0.19,easy
News Articles,crowded,2,542,0.006578513343512804,0.58,hard
News Articles,fix,2,942,0.006578513343512804,0.23,easy
News Articles,believe,2,244,0.006578513343512804,0.0,easy
News Articles,hoped,2,1118,0.006578513343512804,0.55,hard
News Articles,emit,2,772,0.006578513343512804,0.7,hard
News Articles,category,2,333,0.006578513343512804,0.68,hard
News Articles,tsunami,2,2523,0.006578513343512804,0.73,hard
News Articles,sten,2,2294,0.006578513343512804,0.76,hard
