Document,Word,WordDifficultyScore,WordDifficulty
Academic Articles,future,0.0,easy
Academic Articles,space,0.0,easy
Academic Articles,weather,0.14,easy
Academic Articles,research,0.26,easy
Academic Articles,infrastructure,0.79,hard
Academic Articles,national,0.02,easy
Academic Articles,reserved,0.55,hard
Academic Articles,preface,0.74,hard
Academic Articles,space,0.0,easy
Academic Articles,weather,0.14,easy
Academic Articles,solar,0.73,hard
Academic Articles,space,0.0,easy
Academic Articles,upper,0.41,easy
Academic Articles,atmosphere,0.28,easy
Academic Articles,affect,0.49,easy
Academic Articles,technological,0.77,hard
Academic Articles,human,0.0,easy
Academic Articles,life,0.0,easy
Academic Articles,endeavor,0.67,hard
Academic Articles,affecting,0.72,hard
Academic Articles,technological,0.77,hard
Academic Articles,space,0.0,easy
Academic Articles,weather,0.14,easy
Academic Articles,disrupt,0.72,hard
Academic Articles,radio,0.22,easy
Academic Articles,navigational,0.83,hard
Academic Articles,satellite,0.65,hard
Academic Articles,timing,0.65,hard
Academic Articles,electric,0.24,easy
Academic Articles,power,0.0,easy
Academic Articles,delivery,0.51,easy
Academic Articles,socioeconomic,0.83,hard
Academic Articles,effect,0.0,easy
Academic Articles,resulting,0.63,hard
Academic Articles,space,0.0,easy
Academic Articles,weather,0.14,easy
Academic Articles,health,0.36,easy
Academic Articles,risk,0.33,easy
Academic Articles,flight,0.09,easy
Academic Articles,recent,0.03,easy
Academic Articles,executive,0.38,easy
Academic Articles,legislative,0.62,hard
Academic Articles,worked,0.17,easy
Academic Articles,toward,0.01,easy
Academic Articles,space,0.0,easy
Academic Articles,weather,0.14,easy
Academic Articles,strengthening,0.73,hard
Academic Articles,infrastructure,0.79,hard
Academic Articles,security,0.11,easy
Academic Articles,economy,0.26,easy
Academic Articles,white,0.0,easy
Academic Articles,house,0.0,easy
Academic Articles,national,0.02,easy
Academic Articles,space,0.0,easy
Academic Articles,weather,0.14,easy
Academic Articles,strategy,0.69,hard
Academic Articles,action,0.0,easy
Academic Articles,plan,0.02,easy
Academic Articles,strategic,0.69,hard
Academic Articles,nation,0.01,easy
Academic Articles,provided,0.28,easy
Academic Articles,guidance,0.56,hard
Academic Articles,space,0.0,easy
Academic Articles,weather,0.14,easy
Academic Articles,research,0.26,easy
Academic Articles,mitigation,0.78,hard
Academic Articles,law,0.0,easy
Academic Articles,research,0.26,easy
Academic Articles,act,0.0,easy
Academic Articles,act,0.0,easy
Academic Articles,sap,0.65,hard
Academic Articles,relevant,0.72,hard
Academic Articles,federal,0.36,easy
Academic Articles,directed,0.13,easy
Academic Articles,transition,0.55,hard
Academic Articles,accurate,0.64,hard
Academic Articles,space,0.0,easy
Academic Articles,weather,0.14,easy
Academic Articles,national,0.02,easy
Academic Articles,national,0.02,easy
Academic Articles,aeronautics,0.79,hard
Academic Articles,space,0.0,easy
Academic Articles,national,0.02,easy
Academic Articles,oceanic,0.73,hard
Academic Articles,atmospheric,0.78,hard
Academic Articles,administration,0.27,easy
Academic Articles,national,0.02,easy
Academic Articles,science,0.04,easy
Academic Articles,foundation,0.58,hard
Academic Articles,examine,0.61,hard
Academic Articles,operational,0.71,hard
Academic Articles,research,0.26,easy
Academic Articles,infrastructure,0.79,hard
Academic Articles,national,0.02,easy
Academic Articles,aeronautics,0.79,hard
Academic Articles,space,0.0,easy
Academic Articles,administration,0.27,easy
Academic Articles,storm,0.38,easy
Academic Articles,space,0.0,easy
Academic Articles,weather,0.14,easy
Academic Articles,frequently,0.45,easy
Academic Articles,meteorological,0.86,hard
Academic Articles,society,0.02,easy
Academic Articles,space,0.0,easy
Academic Articles,weather,0.14,easy
Academic Articles,order,0.0,easy
Academic Articles,subcommittee,0.79,hard
Academic Articles,national,0.02,easy
Academic Articles,science,0.04,easy
Academic Articles,technology,0.55,hard
Academic Articles,council,0.62,hard
Academic Articles,white,0.0,easy
Academic Articles,house,0.0,easy
Academic Articles,technology,0.55,hard
Academic Articles,policy,0.04,easy
Academic Articles,across,0.0,easy
Academic Articles,federal,0.36,easy
Academic Articles,government,0.0,easy
Academic Articles,regarding,0.65,hard
Academic Articles,space,0.0,easy
Academic Articles,future,0.0,easy
Academic Articles,space,0.0,easy
Academic Articles,weather,0.14,easy
Academic Articles,research,0.26,easy
Academic Articles,infrastructure,0.79,hard
Academic Articles,national,0.02,easy
Academic Articles,reserved,0.55,hard
Academic Articles,preface,0.74,hard
Academic Articles,space,0.0,easy
Academic Articles,weather,0.14,easy
Academic Articles,enterprise,0.55,hard
Academic Articles,potential,0.24,easy
Academic Articles,future,0.0,easy
Academic Articles,measure,0.06,easy
Academic Articles,future,0.0,easy
Academic Articles,request,0.13,easy
Academic Articles,subsequently,0.77,hard
Academic Articles,first,0.0,easy
Academic Articles,workshop,0.7,hard
Academic Articles,task,0.24,easy
Academic Articles,state,0.0,easy
Academic Articles,workshop,0.7,hard
Academic Articles,weather,0.14,easy
Academic Articles,measurement,0.72,hard
Academic Articles,continuity,0.72,hard
Academic Articles,need,0.0,easy
Academic Articles,following,0.03,easy
Academic Articles,workshop,0.7,hard
Academic Articles,workshop,0.7,hard
Academic Articles,research,0.26,easy
Academic Articles,agenda,0.71,hard
Academic Articles,cause,0.0,easy
Academic Articles,space,0.0,easy
Academic Articles,weather,0.14,easy
Academic Articles,specifically,0.68,hard
Academic Articles,committee,0.24,easy
Academic Articles,examine,0.61,hard
Academic Articles,international,0.26,easy
Academic Articles,data,0.13,easy
Academic Articles,future,0.0,easy
Academic Articles,space,0.0,easy
Academic Articles,weather,0.14,easy
Academic Articles,review,0.06,easy
Academic Articles,research,0.26,easy
Academic Articles,consider,0.12,easy
Academic Articles,adequacy,0.79,hard
Academic Articles,relevant,0.72,hard
Academic Articles,across,0.0,easy
Academic Articles,living,0.0,easy
Academic Articles,program,0.0,easy
Academic Articles,space,0.0,easy
Academic Articles,weather,0.14,easy
Academic Articles,science,0.04,easy
Academic Articles,application,0.16,easy
Academic Articles,initiative,0.65,hard
Academic Articles,research,0.26,easy
Academic Articles,reaching,0.6,hard
Academic Articles,consider,0.12,easy
Academic Articles,need,0.0,easy
Academic Articles,weather,0.14,easy
Academic Articles,modeling,0.73,hard
Academic Articles,validation,0.79,hard
Academic Articles,assimilation,0.75,hard
Academic Articles,ensemble,0.61,hard
Academic Articles,consider,0.12,easy
Academic Articles,data,0.13,easy
Academic Articles,operational,0.71,hard
Academic Articles,assess,0.69,hard
Academic Articles,value,0.01,easy
Academic Articles,need,0.0,easy
Academic Articles,providing,0.6,hard
Academic Articles,research,0.26,easy
Academic Articles,forecasting,0.77,hard
Academic Articles,take,0.0,easy
Academic Articles,account,0.03,easy
Academic Articles,space,0.0,easy
Academic Articles,weather,0.14,easy
Academic Articles,science,0.04,easy
Academic Articles,gap,0.57,hard
Academic Articles,analysis,0.41,easy
Academic Articles,space,0.0,easy
Academic Articles,weather,0.14,easy
Academic Articles,science,0.04,easy
Academic Articles,application,0.16,easy
Academic Articles,program,0.0,easy
Academic Articles,report,0.06,easy
Academic Articles,science,0.04,easy
Academic Articles,identify,0.55,hard
Academic Articles,key,0.0,easy
Academic Articles,research,0.26,easy
Academic Articles,infrastructure,0.79,hard
Academic Articles,virtually,0.56,hard
Academic Articles,travel,0.27,easy
Academic Articles,research,0.26,easy
Academic Articles,need,0.0,easy
Academic Articles,data,0.13,easy
Academic Articles,science,0.04,easy
Academic Articles,observational,0.82,hard
Academic Articles,modeling,0.73,hard
Academic Articles,need,0.0,easy
Academic Articles,space,0.0,easy
Academic Articles,weather,0.14,easy
Academic Articles,research,0.26,easy
Academic Articles,community,0.1,easy
Academic Articles,need,0.0,easy
Academic Articles,project,0.07,easy
Academic Articles,space,0.0,easy
Academic Articles,weather,0.14,easy
Academic Articles,opera,0.55,hard
Academic Articles,research,0.26,easy
Academic Articles,infrastructure,0.79,hard
Academic Articles,workshop,0.7,hard
Academic Articles,pool,0.2,easy
Academic Articles,workshop,0.7,hard
Academic Articles,provided,0.28,easy
Academic Articles,committee,0.24,easy
Academic Articles,workshop,0.7,hard
Academic Articles,committee,0.24,easy
Academic Articles,guide,0.13,easy
Academic Articles,workshop,0.7,hard
Academic Articles,task,0.24,easy
Academic Articles,statement,0.04,easy
Academic Articles,session,0.26,easy
Academic Articles,committee,0.24,easy
Academic Articles,present,0.0,easy
Academic Articles,around,0.0,easy
Academic Articles,workshop,0.7,hard
Academic Articles,agenda,0.71,hard
Academic Articles,clarity,0.68,hard
Academic Articles,conciseness,0.79,hard
Academic Articles,chapter,0.54,easy
Academic Articles,workshop,0.7,hard
Academic Articles,workshop,0.7,hard
Academic Articles,provide,0.04,easy
Academic Articles,direct,0.05,easy
Academic Articles,task,0.24,easy
Academic Articles,national,0.02,easy
Academic Articles,engineering,0.68,hard
Academic Articles,medicine,0.54,easy
Academic Articles,future,0.0,easy
Academic Articles,space,0.0,easy
Academic Articles,weather,0.14,easy
Academic Articles,research,0.26,easy
Academic Articles,infrastructure,0.79,hard
Academic Articles,workshop,0.7,hard
Academic Articles,national,0.02,easy
Academic Articles,press,0.04,easy
Academic Articles,national,0.02,easy
Academic Articles,engineering,0.68,hard
Academic Articles,medicine,0.54,easy
Academic Articles,space,0.0,easy
Academic Articles,weather,0.14,easy
Academic Articles,research,0.26,easy
Academic Articles,infrastructure,0.79,hard
Academic Articles,workshop,0.7,hard
Academic Articles,future,0.0,easy
Academic Articles,space,0.0,easy
Academic Articles,weather,0.14,easy
Academic Articles,research,0.26,easy
Academic Articles,infrastructure,0.79,hard
Academic Articles,national,0.02,easy
Academic Articles,reserved,0.55,hard
Academic Articles,space,0.0,easy
Academic Articles,weather,0.14,easy
Academic Articles,operation,0.07,easy
Academic Articles,however,0.0,easy
Academic Articles,several,0.0,easy
Academic Articles,expressed,0.48,easy
Academic Articles,need,0.0,easy
Academic Articles,advance,0.14,easy
Academic Articles,international,0.26,easy
Academic Articles,infrastructure,0.79,hard
Academic Articles,finally,0.03,easy
Academic Articles,development,0.01,easy
Academic Articles,explicitly,0.78,hard
Academic Articles,infrastructure,0.79,hard
Academic Articles,need,0.0,easy
Academic Articles,chapter,0.54,easy
Academic Articles,context,0.12,easy
Academic Articles,background,0.04,easy
Academic Articles,work,0.0,easy
Academic Articles,shop,0.34,easy
Academic Articles,different,0.0,easy
Academic Articles,observation,0.37,easy
Academic Articles,key,0.0,easy
Academic Articles,research,0.26,easy
Academic Articles,sun,0.09,easy
Academic Articles,system,0.0,easy
Academic Articles,ground,0.01,easy
Academic Articles,effect,0.0,easy
Academic Articles,respectively,0.63,hard
Academic Articles,separately,0.77,hard
Academic Articles,final,0.02,easy
Academic Articles,cover,0.01,easy
Academic Articles,entire,0.01,easy
Academic Articles,modeling,0.73,hard
Academic Articles,validation,0.79,hard
Academic Articles,space,0.0,easy
Academic Articles,weather,0.14,easy
Academic Articles,research,0.26,easy
Academic Articles,community,0.1,easy
Academic Articles,chapter,0.54,easy
Academic Articles,future,0.0,easy
Academic Articles,research,0.26,easy
Academic Articles,infrastructure,0.79,hard
Academic Articles,chapter,0.54,easy
Academic Articles,future,0.0,easy
Academic Articles,scale,0.05,easy
Academic Articles,workshop,0.7,hard
Academic Articles,upcoming,0.74,hard
Academic Articles,technological,0.77,hard
Academic Articles,increasingly,0.64,hard
Academic Articles,navigation,0.61,hard
Academic Articles,timing,0.65,hard
Academic Articles,given,0.0,easy
Academic Articles,next,0.0,easy
Academic Articles,noted,0.39,easy
Academic Articles,following,0.03,easy
Academic Articles,national,0.02,easy
Academic Articles,workshop,0.7,hard
Academic Articles,include,0.12,easy
Academic Articles,workshop,0.7,hard
Academic Articles,representation,0.63,hard
Academic Articles,future,0.0,easy
Academic Articles,space,0.0,easy
Academic Articles,weather,0.14,easy
Academic Articles,research,0.26,easy
Academic Articles,infrastructure,0.79,hard
Academic Articles,national,0.02,easy
Academic Articles,future,0.0,easy
Academic Articles,space,0.0,easy
Academic Articles,weather,0.14,easy
Academic Articles,research,0.26,easy
Academic Articles,infrastructure,0.79,hard
Academic Articles,national,0.02,easy
Academic Articles,workshop,0.7,hard
Academic Articles,chosen,0.31,easy
Academic Articles,diverse,0.69,hard
Academic Articles,technical,0.23,easy
Academic Articles,independent,0.37,easy
Academic Articles,provide,0.04,easy
Academic Articles,candid,0.7,hard
Academic Articles,cal,0.72,hard
Academic Articles,assist,0.59,hard
Academic Articles,national,0.02,easy
Academic Articles,engineering,0.68,hard
Academic Articles,institutional,0.8,hard
Academic Articles,quality,0.02,easy
Academic Articles,objectivity,0.82,hard
Academic Articles,evidence,0.13,easy
Academic Articles,charge,0.01,easy
Academic Articles,review,0.06,easy
Academic Articles,draft,0.41,easy
Academic Articles,manuscript,0.76,hard
Academic Articles,remain,0.2,easy
Academic Articles,following,0.03,easy
Academic Articles,corporation,0.59,hard
Academic Articles,joe,0.25,easy
Academic Articles,university,0.52,easy
Academic Articles,spence,0.75,hard
Academic Articles,although,0.0,easy
Academic Articles,listed,0.55,hard
Academic Articles,provided,0.28,easy
Academic Articles,many,0.0,easy
Academic Articles,constructive,0.73,hard
Academic Articles,see,0.0,easy
Academic Articles,final,0.02,easy
Academic Articles,draft,0.41,easy
Academic Articles,release,0.03,easy
Academic Articles,nae,0.76,hard
Academic Articles,new,0.0,easy
Academic Articles,jersey,0.7,hard
Academic Articles,responsible,0.18,easy
Academic Articles,making,0.0,easy
Academic Articles,certain,0.0,easy
Academic Articles,carried,0.28,easy
Academic Articles,national,0.02,easy
Academic Articles,review,0.06,easy
Academic Articles,care,0.0,easy
Academic Articles,fully,0.2,easy
Academic Articles,considered,0.2,easy
Academic Articles,responsibility,0.35,easy
Academic Articles,final,0.02,easy
Academic Articles,content,0.1,easy
Academic Articles,entirely,0.26,easy
Academic Articles,committee,0.24,easy
Academic Articles,national,0.02,easy
Academic Articles,future,0.0,easy
Academic Articles,space,0.0,easy
Academic Articles,weather,0.14,easy
Academic Articles,research,0.26,easy
Academic Articles,infrastructure,0.79,hard
Academic Articles,national,0.02,easy
Academic Articles,future,0.0,easy
Academic Articles,space,0.0,easy
Academic Articles,weather,0.14,easy
Academic Articles,research,0.26,easy
Academic Articles,infrastructure,0.79,hard
Academic Articles,national,0.02,easy
Academic Articles,reserved,0.55,hard
Academic Articles,content,0.1,easy
Academic Articles,summary,0.7,hard
Academic Articles,space,0.0,easy
Academic Articles,weather,0.14,easy
Academic Articles,community,0.1,easy
Academic Articles,agency,0.46,easy
Academic Articles,interagency,0.84,hard
Academic Articles,new,0.0,easy
Academic Articles,user,0.23,easy
Academic Articles,community,0.1,easy
Academic Articles,research,0.26,easy
Academic Articles,observation,0.37,easy
Academic Articles,modeling,0.73,hard
Academic Articles,need,0.0,easy
Academic Articles,sun,0.09,easy
Academic Articles,sun,0.09,easy
Academic Articles,solar,0.73,hard
Academic Articles,wind,0.05,easy
Academic Articles,research,0.26,easy
Academic Articles,observation,0.37,easy
Academic Articles,modeling,0.73,hard
Academic Articles,need,0.0,easy
Academic Articles,ionosphere,0.76,hard
Academic Articles,ionosphere,0.76,hard
Academic Articles,coupling,0.71,hard
Academic Articles,research,0.26,easy
Academic Articles,observation,0.37,easy
Academic Articles,modeling,0.73,hard
Academic Articles,need,0.0,easy
Academic Articles,ground,0.01,easy
Academic Articles,effect,0.0,easy
Academic Articles,research,0.26,easy
Academic Articles,need,0.0,easy
Academic Articles,observation,0.37,easy
Academic Articles,modeling,0.73,hard
Academic Articles,need,0.0,easy
Academic Articles,future,0.0,easy
Academic Articles,space,0.0,easy
Academic Articles,weather,0.14,easy
Academic Articles,research,0.26,easy
Academic Articles,infrastructure,0.79,hard
Academic Articles,national,0.02,easy
Academic Articles,reserved,0.55,hard
Academic Articles,content,0.1,easy
Academic Articles,modeling,0.73,hard
Academic Articles,validation,0.79,hard
Academic Articles,data,0.13,easy
Academic Articles,science,0.04,easy
Academic Articles,data,0.13,easy
Academic Articles,assimilation,0.75,hard
Academic Articles,machine,0.06,easy
Academic Articles,learning,0.24,easy
Academic Articles,machine,0.06,easy
Academic Articles,learning,0.24,easy
Academic Articles,validation,0.79,hard
Academic Articles,data,0.13,easy
Academic Articles,fusion,0.62,hard
Academic Articles,assimilation,0.75,hard
Academic Articles,ensemble,0.61,hard
Academic Articles,modeling,0.73,hard
Academic Articles,data,0.13,easy
Academic Articles,model,0.15,easy
Academic Articles,curation,0.8,hard
Academic Articles,research,0.26,easy
Academic Articles,infrastructure,0.79,hard
Academic Articles,sun,0.09,easy
Academic Articles,ionosphere,0.76,hard
Academic Articles,reference,0.28,easy
Academic Articles,staff,0.26,easy
Academic Articles,future,0.0,easy
Academic Articles,space,0.0,easy
Academic Articles,weather,0.14,easy
Academic Articles,research,0.26,easy
Academic Articles,infrastructure,0.79,hard
Academic Articles,national,0.02,easy
Academic Articles,reserved,0.55,hard
Academic Articles,summary,0.7,hard
Academic Articles,national,0.02,easy
Academic Articles,engineering,0.68,hard
Academic Articles,medicine,0.54,easy
Academic Articles,national,0.02,easy
Academic Articles,environmental,0.8,hard
Academic Articles,satellite,0.65,hard
Academic Articles,data,0.13,easy
Academic Articles,information,0.03,easy
Academic Articles,service,0.01,easy
Academic Articles,national,0.02,easy
Academic Articles,oceanic,0.73,hard
Academic Articles,atmospheric,0.78,hard
Academic Articles,administration,0.27,easy
Academic Articles,national,0.02,easy
Academic Articles,aeronautics,0.79,hard
Academic Articles,space,0.0,easy
Academic Articles,administration,0.27,easy
Academic Articles,national,0.02,easy
Academic Articles,science,0.04,easy
Academic Articles,foundation,0.58,hard
Academic Articles,examine,0.61,hard
Academic Articles,operational,0.71,hard
Academic Articles,research,0.26,easy
Academic Articles,infrastructure,0.79,hard
Academic Articles,space,0.0,easy
Academic Articles,weather,0.14,easy
Academic Articles,enterprise,0.55,hard
Academic Articles,potential,0.24,easy
Academic Articles,future,0.0,easy
Academic Articles,measurement,0.72,hard
Academic Articles,future,0.0,easy
Academic Articles,workshop,0.7,hard
Academic Articles,weather,0.14,easy
Academic Articles,measure,0.06,easy
Academic Articles,continuity,0.72,hard
Academic Articles,need,0.0,easy
Academic Articles,workshop,0.7,hard
Academic Articles,subsequently,0.77,hard
Academic Articles,workshop,0.7,hard
Academic Articles,research,0.26,easy
Academic Articles,agenda,0.71,hard
Academic Articles,scientific,0.57,hard
Academic Articles,cause,0.0,easy
Academic Articles,space,0.0,easy
Academic Articles,current,0.01,easy
Academic Articles,space,0.0,easy
Academic Articles,weather,0.14,easy
Academic Articles,weather,0.14,easy
Academic Articles,community,0.1,easy
Academic Articles,outside,0.01,easy
Academic Articles,federal,0.36,easy
Academic Articles,government,0.0,easy
Academic Articles,weather,0.14,easy
Academic Articles,program,0.0,easy
Academic Articles,division,0.12,easy
Academic Articles,newly,0.6,hard
Academic Articles,process,0.01,easy
Academic Articles,providing,0.6,hard
Academic Articles,space,0.0,easy
Academic Articles,weather,0.14,easy
Academic Articles,planetary,0.69,hard
Academic Articles,ing,0.71,hard
Academic Articles,new,0.0,easy
Academic Articles,impact,0.24,easy
Academic Articles,mitigation,0.78,hard
Academic Articles,example,0.0,easy
Academic Articles,instrument,0.17,easy
Academic Articles,gateway,0.75,hard
Academic Articles,make,0.0,easy
Academic Articles,space,0.0,easy
Academic Articles,weather,0.14,easy
Academic Articles,lunar,0.74,hard
Academic Articles,system,0.0,easy
Academic Articles,observatory,0.82,hard
Academic Articles,basic,0.09,easy
Academic Articles,weather,0.14,easy
Academic Articles,exam,0.74,hard
Academic Articles,coupling,0.71,hard
Academic Articles,energetics,0.82,hard
Academic Articles,national,0.02,easy
Academic Articles,engineering,0.68,hard
Academic Articles,medicine,0.54,easy
Academic Articles,future,0.0,easy
Academic Articles,space,0.0,easy
Academic Articles,weather,0.14,easy
Academic Articles,research,0.26,easy
Academic Articles,infrastructure,0.79,hard
Academic Articles,workshop,0.7,hard
Academic Articles,national,0.02,easy
Academic Articles,press,0.04,easy
Academic Articles,future,0.0,easy
Academic Articles,space,0.0,easy
Academic Articles,weather,0.14,easy
Academic Articles,research,0.26,easy
Academic Articles,infrastructure,0.79,hard
Academic Articles,national,0.02,easy
Academic Articles,reserved,0.55,hard
Academic Articles,future,0.0,easy
Academic Articles,space,0.0,easy
Academic Articles,weather,0.14,easy
Academic Articles,research,0.26,easy
Academic Articles,infrastructure,0.79,hard
Academic Articles,cedar,0.69,hard
Academic Articles,environment,0.61,hard
Academic Articles,modeling,0.73,hard
Academic Articles,gem,0.6,hard
Academic Articles,solar,0.73,hard
Academic Articles,interplanetary,0.83,hard
Academic Articles,environment,0.61,hard
Academic Articles,shine,0.45,easy
Academic Articles,national,0.02,easy
Academic Articles,center,0.03,easy
Academic Articles,atmospheric,0.78,hard
Academic Articles,research,0.26,easy
Academic Articles,directorate,0.78,hard
Academic Articles,mathematical,0.72,hard
Academic Articles,physical,0.07,easy
Academic Articles,national,0.02,easy
Academic Articles,solar,0.73,hard
Academic Articles,observatory,0.82,hard
Academic Articles,plasma,0.7,hard
Academic Articles,physic,0.74,hard
Academic Articles,research,0.26,easy
Academic Articles,ing,0.71,hard
Academic Articles,solar,0.73,hard
Academic Articles,magnetometer,0.81,hard
Academic Articles,neutron,0.76,hard
Academic Articles,although,0.0,easy
Academic Articles,observing,0.75,hard
Academic Articles,space,0.0,easy
Academic Articles,priority,0.75,hard
Academic Articles,space,0.0,easy
Academic Articles,science,0.04,easy
Academic Articles,space,0.0,easy
Academic Articles,weather,0.14,easy
Academic Articles,program,0.0,easy
Academic Articles,recently,0.18,easy
Academic Articles,force,0.0,easy
Academic Articles,space,0.0,easy
Academic Articles,domain,0.54,easy
Academic Articles,awareness,0.67,hard
Academic Articles,environment,0.61,hard
Academic Articles,system,0.0,easy
Academic Articles,reaching,0.6,hard
Academic Articles,goal,0.36,easy
Academic Articles,involve,0.51,easy
Academic Articles,suite,0.6,hard
Academic Articles,open,0.0,easy
Academic Articles,concerning,0.59,hard
Academic Articles,commercial,0.39,easy
Academic Articles,space,0.0,easy
Academic Articles,traffic,0.44,easy
Academic Articles,management,0.37,easy
Academic Articles,space,0.0,easy
Academic Articles,weather,0.14,easy
Academic Articles,charter,0.62,hard
Academic Articles,space,0.0,easy
Academic Articles,weather,0.14,easy
Academic Articles,policy,0.04,easy
Academic Articles,research,0.26,easy
Academic Articles,improve,0.45,easy
Academic Articles,weather,0.14,easy
Academic Articles,sustaining,0.78,hard
Academic Articles,fundamental,0.57,hard
Academic Articles,providing,0.6,hard
Academic Articles,accurate,0.64,hard
Academic Articles,forecast,0.57,hard
Academic Articles,scientific,0.57,hard
Academic Articles,technological,0.77,hard
Academic Articles,supporting,0.23,easy
Academic Articles,private,0.01,easy
Academic Articles,data,0.13,easy
Academic Articles,technology,0.55,hard
Academic Articles,new,0.0,easy
Academic Articles,paradigm,0.72,hard
Academic Articles,operational,0.71,hard
Academic Articles,observing,0.75,hard
Academic Articles,modeling,0.73,hard
Academic Articles,service,0.01,easy
Academic Articles,data,0.13,easy
Academic Articles,furthermore,0.76,hard
Academic Articles,space,0.0,easy
Academic Articles,weather,0.14,easy
Academic Articles,recently,0.18,easy
Academic Articles,structure,0.09,easy
Academic Articles,digital,0.66,hard
Academic Articles,environment,0.61,hard
Academic Articles,support,0.0,easy
Academic Articles,recently,0.18,easy
Academic Articles,interagency,0.84,hard
Academic Articles,space,0.0,easy
Academic Articles,radiation,0.47,easy
Academic Articles,environment,0.61,hard
Academic Articles,human,0.0,easy
Academic Articles,international,0.26,easy
Academic Articles,space,0.0,easy
Academic Articles,station,0.06,easy
Academic Articles,lunar,0.74,hard
Academic Articles,data,0.13,easy
Academic Articles,repository,0.78,hard
Academic Articles,traffic,0.44,easy
Academic Articles,space,0.0,easy
Academic Articles,weather,0.14,easy
Academic Articles,national,0.02,easy
Academic Articles,space,0.0,easy
Academic Articles,weather,0.14,easy
Academic Articles,strategy,0.69,hard
Academic Articles,action,0.0,easy
Academic Articles,plan,0.02,easy
Academic Articles,weather,0.14,easy
Academic Articles,space,0.0,easy
Academic Articles,weather,0.14,easy
Academic Articles,research,0.26,easy
Academic Articles,mitigation,0.78,hard
Academic Articles,policy,0.04,easy
Academic Articles,act,0.0,easy
Academic Articles,protect,0.46,easy
Academic Articles,social,0.01,easy
Academic Articles,economic,0.06,easy
Academic Articles,space,0.0,easy
Academic Articles,weather,0.14,easy
Academic Articles,interagency,0.84,hard
Academic Articles,working,0.0,easy
Academic Articles,executive,0.38,easy
Academic Articles,branch,0.14,easy
Academic Articles,understanding,0.27,easy
Academic Articles,weather,0.14,easy
Academic Articles,phenomenon,0.69,hard
Academic Articles,weather,0.14,easy
Academic Articles,advisory,0.77,hard
Academic Articles,advice,0.52,easy
Academic Articles,commercial,0.39,easy
Academic Articles,sector,0.55,hard
Academic Articles,space,0.0,easy
Academic Articles,weather,0.14,easy
Academic Articles,end,0.0,easy
Academic Articles,national,0.02,easy
Academic Articles,space,0.0,easy
Academic Articles,weather,0.14,easy
Academic Articles,space,0.0,easy
Academic Articles,weather,0.14,easy
Academic Articles,council,0.62,hard
Academic Articles,help,0.0,easy
Academic Articles,support,0.0,easy
Academic Articles,communication,0.63,hard
Academic Articles,among,0.0,easy
Academic Articles,space,0.0,easy
Academic Articles,weather,0.14,easy
Academic Articles,effort,0.07,easy
Academic Articles,include,0.12,easy
Academic Articles,framework,0.67,hard
Academic Articles,activity,0.36,easy
Academic Articles,scale,0.05,easy
Academic Articles,hazard,0.63,hard
Academic Articles,human,0.0,easy
Academic Articles,exploration,0.63,hard
Academic Articles,space,0.0,easy
Academic Articles,situational,0.84,hard
Academic Articles,awareness,0.67,hard
Academic Articles,aviation,0.73,hard
Academic Articles,intent,0.62,hard
Academic Articles,interagency,0.84,hard
Academic Articles,space,0.0,easy
Academic Articles,weather,0.14,easy
Academic Articles,process,0.01,easy
Academic Articles,report,0.06,easy
Academic Articles,frequently,0.45,easy
Academic Articles,term,0.11,easy
Academic Articles,space,0.0,easy
Academic Articles,traffic,0.44,easy
Academic Articles,management,0.37,easy
Academic Articles,however,0.0,easy
Academic Articles,use,0.0,easy
Academic Articles,space,0.0,easy
Academic Articles,traffic,0.44,easy
Academic Articles,awareness,0.67,hard
Academic Articles,space,0.0,easy
Academic Articles,traffic,0.44,easy
Academic Articles,future,0.0,easy
Academic Articles,space,0.0,easy
Academic Articles,weather,0.14,easy
Academic Articles,research,0.26,easy
Academic Articles,infrastructure,0.79,hard
Academic Articles,national,0.02,easy
Academic Articles,reserved,0.55,hard
Academic Articles,summary,0.7,hard
Academic Articles,sector,0.55,hard
Academic Articles,particularly,0.09,easy
Academic Articles,electric,0.24,easy
Academic Articles,power,0.0,easy
Academic Articles,aviation,0.73,hard
Academic Articles,space,0.0,easy
Academic Articles,weather,0.14,easy
Academic Articles,making,0.0,easy
Academic Articles,example,0.0,easy
Academic Articles,north,0.14,easy
Academic Articles,electric,0.24,easy
Academic Articles,reliability,0.85,hard
Academic Articles,corporation,0.59,hard
Academic Articles,mandatory,0.73,hard
Academic Articles,grid,0.67,hard
Academic Articles,risk,0.33,easy
Academic Articles,assessment,0.67,hard
Academic Articles,mitigation,0.78,hard
Academic Articles,especially,0.02,easy
Academic Articles,concerning,0.59,hard
Academic Articles,extreme,0.35,easy
Academic Articles,thus,0.1,easy
Academic Articles,old,0.0,easy
Academic Articles,new,0.0,easy
Academic Articles,field,0.0,easy
Academic Articles,space,0.0,easy
Academic Articles,new,0.0,easy
Academic Articles,field,0.0,easy
Academic Articles,new,0.0,easy
Academic Articles,satellite,0.65,hard
Academic Articles,mitigate,0.76,hard
Academic Articles,space,0.0,easy
Academic Articles,weather,0.14,easy
Academic Articles,space,0.0,easy
Academic Articles,weather,0.14,easy
Academic Articles,possible,0.0,easy
Academic Articles,forecast,0.57,hard
Academic Articles,lead,0.0,easy
Academic Articles,time,0.0,easy
Academic Articles,ideally,0.77,hard
Academic Articles,key,0.0,easy
Academic Articles,importance,0.32,easy
Academic Articles,however,0.0,easy
Academic Articles,significant,0.42,easy
Academic Articles,objective,0.44,easy
Academic Articles,understand,0.03,easy
Academic Articles,underlie,0.77,hard
Academic Articles,space,0.0,easy
Academic Articles,weather,0.14,easy
Academic Articles,phenomenon,0.69,hard
Academic Articles,intrinsic,0.75,hard
Academic Articles,time,0.0,easy
Academic Articles,research,0.26,easy
Academic Articles,need,0.0,easy
Academic Articles,space,0.0,easy
Academic Articles,weather,0.14,easy
Academic Articles,natural,0.02,easy
Academic Articles,space,0.0,easy
Academic Articles,environment,0.61,hard
Academic Articles,research,0.26,easy
Academic Articles,technology,0.55,hard
Academic Articles,risk,0.33,easy
Academic Articles,mitigation,0.78,hard
Academic Articles,intersection,0.69,hard
Academic Articles,applied,0.43,easy
Academic Articles,science,0.04,easy
Academic Articles,space,0.0,easy
Academic Articles,weather,0.14,easy
Academic Articles,five,0.0,easy
Academic Articles,affecting,0.72,hard
Academic Articles,radio,0.22,easy
Academic Articles,radiation,0.47,easy
Academic Articles,technology,0.55,hard
Academic Articles,aboard,0.48,easy
Academic Articles,aircraft,0.59,hard
Academic Articles,ionospheric,0.8,hard
Academic Articles,satellite,0.65,hard
Academic Articles,communication,0.63,hard
Academic Articles,navigation,0.61,hard
Academic Articles,expansion,0.28,easy
Academic Articles,orbital,0.74,hard
Academic Articles,collision,0.72,hard
Academic Articles,induced,0.71,hard
Academic Articles,ground,0.01,easy
Academic Articles,reaching,0.6,hard
Academic Articles,system,0.0,easy
Academic Articles,behavior,0.3,easy
Academic Articles,approach,0.08,easy
Academic Articles,concurrent,0.77,hard
Academic Articles,combined,0.55,hard
Academic Articles,advanced,0.32,easy
Academic Articles,data,0.13,easy
Academic Articles,science,0.04,easy
Academic Articles,data,0.13,easy
Academic Articles,infrastructure,0.79,hard
Academic Articles,modeling,0.73,hard
Academic Articles,understand,0.03,easy
Academic Articles,mass,0.1,easy
Academic Articles,key,0.0,easy
Academic Articles,time,0.0,easy
Academic Articles,travel,0.27,easy
Academic Articles,toward,0.01,easy
Academic Articles,impact,0.24,easy
Academic Articles,earth,0.0,easy
Academic Articles,however,0.0,easy
Academic Articles,current,0.01,easy
Academic Articles,infrastructure,0.79,hard
Academic Articles,past,0.0,easy
Academic Articles,current,0.01,easy
Academic Articles,space,0.0,easy
Academic Articles,combined,0.55,hard
Academic Articles,system,0.0,easy
Academic Articles,observatory,0.82,hard
Academic Articles,system,0.0,easy
Academic Articles,strategically,0.8,hard
Academic Articles,new,0.0,easy
Academic Articles,individual,0.05,easy
Academic Articles,science,0.04,easy
Academic Articles,science,0.04,easy
Academic Articles,basis,0.11,easy
Academic Articles,furthermore,0.76,hard
Academic Articles,suffer,0.32,easy
Academic Articles,since,0.0,easy
Academic Articles,science,0.04,easy
Academic Articles,simultaneously,0.75,hard
Academic Articles,operational,0.71,hard
Academic Articles,greatly,0.48,easy
Academic Articles,benefit,0.41,easy
Academic Articles,international,0.26,easy
Academic Articles,collaboration,0.78,hard
Academic Articles,necessary,0.01,easy
Academic Articles,understanding,0.27,easy
Academic Articles,take,0.0,easy
Academic Articles,place,0.0,easy
Academic Articles,vast,0.45,easy
Academic Articles,different,0.0,easy
Academic Articles,scale,0.05,easy
Academic Articles,technological,0.77,hard
Academic Articles,enable,0.53,easy
Academic Articles,entire,0.01,easy
Academic Articles,system,0.0,easy
Academic Articles,however,0.0,easy
Academic Articles,require,0.3,easy
Academic Articles,substantial,0.42,easy
Academic Articles,observing,0.75,hard
Academic Articles,robust,0.68,hard
Academic Articles,data,0.13,easy
Academic Articles,interpretive,0.81,hard
Academic Articles,important,0.0,easy
Academic Articles,understanding,0.27,easy
Academic Articles,extend,0.28,easy
Academic Articles,solar,0.73,hard
Academic Articles,space,0.0,easy
Academic Articles,weather,0.14,easy
Academic Articles,terrestrial,0.73,hard
Academic Articles,perspective,0.62,hard
Academic Articles,living,0.0,easy
Academic Articles,solar,0.73,hard
Academic Articles,physic,0.74,hard
Academic Articles,note,0.01,easy
Academic Articles,small,0.0,easy
Academic Articles,scale,0.05,easy
Academic Articles,ionospheric,0.8,hard
Academic Articles,scale,0.05,easy
Academic Articles,ranging,0.65,hard
Academic Articles,earth,0.0,easy
Academic Articles,future,0.0,easy
Academic Articles,space,0.0,easy
Academic Articles,weather,0.14,easy
Academic Articles,research,0.26,easy
Academic Articles,infrastructure,0.79,hard
Academic Articles,national,0.02,easy
Academic Articles,reserved,0.55,hard
Academic Articles,future,0.0,easy
Academic Articles,space,0.0,easy
Academic Articles,weather,0.14,easy
Academic Articles,research,0.26,easy
Academic Articles,infrastructure,0.79,hard
Academic Articles,inner,0.43,easy
Academic Articles,space,0.0,easy
Academic Articles,environment,0.61,hard
Academic Articles,geophysical,0.81,hard
Academic Articles,private,0.01,easy
Academic Articles,sector,0.55,hard
Academic Articles,long,0.0,easy
Academic Articles,technological,0.77,hard
Academic Articles,asset,0.71,hard
Academic Articles,extreme,0.35,easy
Academic Articles,rare,0.36,easy
Academic Articles,neither,0.11,easy
Academic Articles,well,0.0,easy
Academic Articles,understood,0.53,easy
Academic Articles,well,0.0,easy
Academic Articles,currently,0.54,easy
Academic Articles,available,0.03,easy
Academic Articles,data,0.13,easy
Academic Articles,space,0.0,easy
Academic Articles,weather,0.14,easy
Academic Articles,pose,0.53,easy
Academic Articles,machine,0.06,easy
Academic Articles,learning,0.24,easy
Academic Articles,high,0.0,easy
Academic Articles,activity,0.36,easy
Academic Articles,continuous,0.68,hard
Academic Articles,rare,0.36,easy
Academic Articles,space,0.0,easy
Academic Articles,weather,0.14,easy
Academic Articles,however,0.0,easy
Academic Articles,space,0.0,easy
Academic Articles,upper,0.41,easy
Academic Articles,atmosphere,0.28,easy
Academic Articles,ground,0.01,easy
Academic Articles,technological,0.77,hard
Academic Articles,following,0.03,easy
Academic Articles,detailed,0.58,hard
Academic Articles,research,0.26,easy
Academic Articles,need,0.0,easy
Academic Articles,entire,0.01,easy
Academic Articles,system,0.0,easy
Academic Articles,gap,0.57,hard
Academic Articles,analysis,0.41,easy
Academic Articles,report,0.06,easy
Academic Articles,top,0.0,easy
Academic Articles,observational,0.82,hard
Academic Articles,solar,0.73,hard
Academic Articles,solar,0.73,hard
Academic Articles,wind,0.05,easy
Academic Articles,line,0.0,easy
Academic Articles,solar,0.73,hard
Academic Articles,wind,0.05,easy
Academic Articles,near,0.01,easy
Academic Articles,earth,0.0,easy
Academic Articles,plasma,0.7,hard
Academic Articles,sheet,0.3,easy
Academic Articles,electron,0.71,hard
Academic Articles,ion,0.73,hard
Academic Articles,orbit,0.63,hard
Academic Articles,medium,0.23,easy
Academic Articles,earth,0.0,easy
Academic Articles,orbit,0.63,hard
Academic Articles,ring,0.08,easy
Academic Articles,current,0.01,easy
Academic Articles,radiation,0.47,easy
Academic Articles,belt,0.44,easy
Academic Articles,electron,0.71,hard
Academic Articles,acceleration,0.77,hard
Academic Articles,pro,0.6,hard
Academic Articles,ionospheric,0.8,hard
Academic Articles,key,0.0,easy
Academic Articles,energetic,0.72,hard
Academic Articles,particle,0.71,hard
Academic Articles,cusp,0.7,hard
Academic Articles,auroral,0.77,hard
Academic Articles,region,0.45,easy
Academic Articles,precipitation,0.76,hard
Academic Articles,understanding,0.27,easy
Academic Articles,global,0.65,hard
Academic Articles,significant,0.42,easy
Academic Articles,physical,0.07,easy
Academic Articles,versus,0.69,hard
Academic Articles,high,0.0,easy
Academic Articles,versus,0.69,hard
Academic Articles,low,0.0,easy
Academic Articles,speed,0.15,easy
Academic Articles,collisional,0.82,hard
Academic Articles,versus,0.69,hard
Academic Articles,spatial,0.74,hard
Academic Articles,versus,0.69,hard
Academic Articles,kinetic,0.73,hard
Academic Articles,weather,0.14,easy
Academic Articles,well,0.0,easy
Academic Articles,true,0.0,easy
Academic Articles,ionosphere,0.76,hard
Academic Articles,solar,0.73,hard
Academic Articles,wind,0.05,easy
Academic Articles,even,0.0,easy
Academic Articles,stratosphere,0.76,hard
Academic Articles,forcing,0.71,hard
Academic Articles,important,0.0,easy
Academic Articles,often,0.0,easy
Academic Articles,weather,0.14,easy
Academic Articles,forecasting,0.77,hard
Academic Articles,extra,0.21,easy
Academic Articles,data,0.13,easy
Academic Articles,capacity,0.32,easy
Academic Articles,additional,0.42,easy
Academic Articles,generally,0.24,easy
Academic Articles,concerned,0.25,easy
Academic Articles,observing,0.75,hard
Academic Articles,system,0.0,easy
Academic Articles,simulation,0.76,hard
Academic Articles,ing,0.71,hard
Academic Articles,additional,0.42,easy
Academic Articles,model,0.15,easy
Academic Articles,missing,0.05,easy
Academic Articles,physic,0.74,hard
Academic Articles,error,0.0,easy
Academic Articles,reaching,0.6,hard
Academic Articles,example,0.0,easy
Academic Articles,collaboration,0.78,hard
Academic Articles,plasma,0.7,hard
Academic Articles,physic,0.74,hard
Academic Articles,data,0.13,easy
Academic Articles,earth,0.0,easy
Academic Articles,gaining,0.72,hard
Academic Articles,new,0.0,easy
Academic Articles,numerical,0.75,hard
Academic Articles,weather,0.14,easy
Academic Articles,science,0.04,easy
Academic Articles,modeling,0.73,hard
Academic Articles,validation,0.79,hard
Academic Articles,current,0.01,easy
Academic Articles,operational,0.71,hard
Academic Articles,space,0.0,easy
Academic Articles,weather,0.14,easy
Academic Articles,include,0.12,easy
Academic Articles,large,0.0,easy
Academic Articles,treat,0.32,easy
Academic Articles,system,0.0,easy
Academic Articles,upper,0.41,easy
Academic Articles,atmosphere,0.28,easy
Academic Articles,ground,0.01,easy
Academic Articles,terrestrial,0.73,hard
Academic Articles,weather,0.14,easy
Academic Articles,community,0.1,easy
Academic Articles,indicate,0.49,easy
Academic Articles,increase,0.01,easy
Academic Articles,model,0.15,easy
Academic Articles,resolution,0.32,easy
Academic Articles,computational,0.83,hard
Academic Articles,power,0.0,easy
Academic Articles,improve,0.45,easy
Academic Articles,scientific,0.57,hard
Academic Articles,understanding,0.27,easy
Academic Articles,use,0.0,easy
Academic Articles,advanced,0.32,easy
Academic Articles,data,0.13,easy
Academic Articles,assimilation,0.75,hard
Academic Articles,new,0.0,easy
Academic Articles,analysis,0.41,easy
Academic Articles,future,0.0,easy
Academic Articles,space,0.0,easy
Academic Articles,weather,0.14,easy
Academic Articles,research,0.26,easy
Academic Articles,infrastructure,0.79,hard
Academic Articles,national,0.02,easy
Academic Articles,reserved,0.55,hard
Academic Articles,summary,0.7,hard
Academic Articles,data,0.13,easy
Academic Articles,need,0.0,easy
Academic Articles,still,0.0,easy
Academic Articles,pressing,0.55,hard
Academic Articles,large,0.0,easy
Academic Articles,data,0.13,easy
Academic Articles,already,0.0,easy
Academic Articles,data,0.13,easy
Academic Articles,often,0.0,easy
Academic Articles,well,0.0,easy
Academic Articles,need,0.0,easy
Academic Articles,data,0.13,easy
Academic Articles,either,0.0,easy
Academic Articles,need,0.0,easy
Academic Articles,right,0.0,easy
Academic Articles,cadence,0.73,hard
Academic Articles,since,0.0,easy
Academic Articles,even,0.0,easy
Academic Articles,large,0.0,easy
Academic Articles,data,0.13,easy
Academic Articles,contain,0.43,easy
Academic Articles,new,0.0,easy
Academic Articles,data,0.13,easy
Academic Articles,analysis,0.41,easy
Academic Articles,space,0.0,easy
Academic Articles,weather,0.14,easy
Academic Articles,community,0.1,easy
Academic Articles,yet,0.0,easy
Academic Articles,data,0.13,easy
Academic Articles,standardized,0.77,hard
Academic Articles,data,0.13,easy
Academic Articles,machine,0.06,easy
Academic Articles,learning,0.24,easy
Academic Articles,acquire,0.46,easy
Academic Articles,simultaneous,0.81,hard
Academic Articles,data,0.13,easy
Academic Articles,private,0.01,easy
Academic Articles,operating,0.46,easy
Academic Articles,commercial,0.39,easy
Academic Articles,solution,0.5,easy
Academic Articles,data,0.13,easy
Academic Articles,sparsity,0.79,hard
Academic Articles,assuming,0.73,hard
Academic Articles,data,0.13,easy
Academic Articles,space,0.0,easy
Academic Articles,weather,0.14,easy
Academic Articles,increasingly,0.64,hard
Academic Articles,modeling,0.73,hard
Academic Articles,data,0.13,easy
Academic Articles,learning,0.24,easy
Academic Articles,computer,0.16,easy
Academic Articles,science,0.04,easy
Academic Articles,earth,0.0,easy
Academic Articles,space,0.0,easy
Academic Articles,technology,0.55,hard
Academic Articles,data,0.13,easy
Academic Articles,weather,0.14,easy
Academic Articles,prediction,0.75,hard
Academic Articles,data,0.13,easy
Academic Articles,specific,0.22,easy
Academic Articles,cross,0.12,easy
Academic Articles,disciplinary,0.76,hard
Academic Articles,learning,0.24,easy
Academic Articles,discipline,0.58,hard
Academic Articles,methodology,0.79,hard
Academic Articles,furthermore,0.76,hard
Academic Articles,large,0.0,easy
Academic Articles,system,0.0,easy
Academic Articles,size,0.0,easy
Academic Articles,ensemble,0.61,hard
Academic Articles,data,0.13,easy
Academic Articles,assimilation,0.75,hard
Academic Articles,machine,0.06,easy
Academic Articles,learning,0.24,easy
Academic Articles,often,0.0,easy
Academic Articles,need,0.0,easy
Academic Articles,data,0.13,easy
Academic Articles,storage,0.54,easy
Academic Articles,push,0.09,easy
Academic Articles,current,0.01,easy
Academic Articles,space,0.0,easy
Academic Articles,weather,0.14,easy
Academic Articles,must,0.0,easy
Academic Articles,address,0.01,easy
Academic Articles,following,0.03,easy
Academic Articles,modeling,0.73,hard
Academic Articles,validation,0.79,hard
Academic Articles,ensemble,0.61,hard
Academic Articles,modeling,0.73,hard
Academic Articles,data,0.13,easy
Academic Articles,assimilation,0.75,hard
Academic Articles,machine,0.06,easy
Academic Articles,learning,0.24,easy
Academic Articles,improve,0.45,easy
Academic Articles,space,0.0,easy
Academic Articles,weather,0.14,easy
Academic Articles,however,0.0,easy
Academic Articles,application,0.16,easy
Academic Articles,ensemble,0.61,hard
Academic Articles,data,0.13,easy
Academic Articles,storage,0.54,easy
Academic Articles,data,0.13,easy
Academic Articles,assimilation,0.75,hard
Academic Articles,require,0.3,easy
Academic Articles,sparse,0.72,hard
Academic Articles,space,0.0,easy
Academic Articles,physic,0.74,hard
Academic Articles,data,0.13,easy
Academic Articles,machine,0.06,easy
Academic Articles,limited,0.19,easy
Academic Articles,quality,0.02,easy
Academic Articles,data,0.13,easy
Academic Articles,quantity,0.67,hard
Academic Articles,particularly,0.09,easy
Academic Articles,concerning,0.59,hard
Academic Articles,extreme,0.35,easy
Academic Articles,machine,0.06,easy
Academic Articles,learning,0.24,easy
Academic Articles,space,0.0,easy
Academic Articles,weather,0.14,easy
Academic Articles,produce,0.07,easy
Academic Articles,best,0.0,easy
Academic Articles,understanding,0.27,easy
Academic Articles,underlying,0.63,hard
Academic Articles,physical,0.07,easy
Academic Articles,phenomenon,0.69,hard
Academic Articles,typical,0.33,easy
Academic Articles,machine,0.06,easy
Academic Articles,learning,0.24,easy
Academic Articles,black,0.0,easy
Academic Articles,box,0.0,easy
Academic Articles,data,0.13,easy
Academic Articles,real,0.0,easy
Academic Articles,issue,0.04,easy
Academic Articles,often,0.0,easy
Academic Articles,quiet,0.04,easy
Academic Articles,problem,0.0,easy
Academic Articles,space,0.0,easy
Academic Articles,weather,0.14,easy
Academic Articles,data,0.13,easy
Academic Articles,space,0.0,easy
Academic Articles,weather,0.14,easy
Academic Articles,problem,0.0,easy
Academic Articles,machine,0.06,easy
Academic Articles,learning,0.24,easy
Academic Articles,algorithm,0.78,hard
Academic Articles,meaningful,0.7,hard
Academic Articles,metric,0.69,hard
Academic Articles,assess,0.69,hard
Academic Articles,interesting,0.01,easy
Academic Articles,rare,0.36,easy
Academic Articles,next,0.0,easy
Academic Articles,machine,0.06,easy
Academic Articles,learning,0.24,easy
Academic Articles,knowledge,0.06,easy
Academic Articles,research,0.26,easy
Academic Articles,applied,0.43,easy
Academic Articles,work,0.0,easy
Academic Articles,research,0.26,easy
Academic Articles,infrastructure,0.79,hard
Academic Articles,steadily,0.65,hard
Academic Articles,development,0.01,easy
Academic Articles,launch,0.28,easy
Academic Articles,modeling,0.73,hard
Academic Articles,data,0.13,easy
Academic Articles,analytics,0.82,hard
Academic Articles,instrumentation,0.78,hard
Academic Articles,commercial,0.39,easy
Academic Articles,data,0.13,easy
Academic Articles,product,0.22,easy
Academic Articles,vision,0.38,easy
Academic Articles,future,0.0,easy
Academic Articles,science,0.04,easy
Academic Articles,infrastructure,0.79,hard
Academic Articles,science,0.04,easy
Academic Articles,environment,0.61,hard
Academic Articles,beginning,0.03,easy
Academic Articles,future,0.0,easy
Academic Articles,central,0.16,easy
Academic Articles,need,0.0,easy
Academic Articles,future,0.0,easy
Academic Articles,space,0.0,easy
Academic Articles,weather,0.14,easy
Academic Articles,research,0.26,easy
Academic Articles,infrastructure,0.79,hard
Academic Articles,national,0.02,easy
Academic Articles,reserved,0.55,hard
Academic Articles,future,0.0,easy
Academic Articles,space,0.0,easy
Academic Articles,weather,0.14,easy
Academic Articles,research,0.26,easy
Academic Articles,theme,0.01,easy
Academic Articles,across,0.0,easy
Academic Articles,session,0.26,easy
Academic Articles,operational,0.71,hard
Academic Articles,data,0.13,easy
Academic Articles,commercial,0.39,easy
Academic Articles,require,0.3,easy
Academic Articles,example,0.0,easy
Academic Articles,data,0.13,easy
Academic Articles,different,0.0,easy
Academic Articles,rated,0.51,easy
Academic Articles,operational,0.71,hard
Academic Articles,science,0.04,easy
Academic Articles,potential,0.24,easy
Academic Articles,regarding,0.65,hard
Academic Articles,calibration,0.8,hard
Academic Articles,data,0.13,easy
Academic Articles,uniformity,0.78,hard
Academic Articles,latency,0.76,hard
Academic Articles,essential,0.33,easy
Academic Articles,must,0.0,easy
Academic Articles,include,0.12,easy
Academic Articles,sun,0.09,easy
Academic Articles,solar,0.73,hard
Academic Articles,wind,0.05,easy
Academic Articles,environment,0.61,hard
Academic Articles,ionosphere,0.76,hard
Academic Articles,academic,0.58,hard
Academic Articles,research,0.26,easy
Academic Articles,often,0.0,easy
Academic Articles,use,0.0,easy
Academic Articles,data,0.13,easy
Academic Articles,fact,0.0,easy
Academic Articles,key,0.0,easy
Academic Articles,information,0.03,easy
Academic Articles,sun,0.09,easy
Academic Articles,operational,0.71,hard
Academic Articles,commercial,0.39,easy
Academic Articles,data,0.13,easy
Academic Articles,new,0.0,easy
Academic Articles,data,0.13,easy
Academic Articles,lower,0.14,easy
Academic Articles,cost,0.05,easy
Academic Articles,anda,0.78,hard
Academic Articles,faster,0.6,hard
Academic Articles,schedule,0.59,hard
Academic Articles,contractual,0.79,hard
Academic Articles,data,0.13,easy
Academic Articles,becoming,0.4,easy
Academic Articles,moreover,0.7,hard
Academic Articles,space,0.0,easy
Academic Articles,weather,0.14,easy
Academic Articles,research,0.26,easy
Academic Articles,community,0.1,easy
Academic Articles,could,0.0,easy
Academic Articles,greatly,0.48,easy
Academic Articles,benefit,0.41,easy
Academic Articles,gaining,0.72,hard
Academic Articles,infrastructure,0.79,hard
Academic Articles,new,0.0,easy
Academic Articles,communication,0.63,hard
Academic Articles,data,0.13,easy
Academic Articles,commercial,0.39,easy
Academic Articles,data,0.13,easy
Academic Articles,acquisition,0.56,hard
Academic Articles,offer,0.01,easy
Academic Articles,valuable,0.56,hard
Academic Articles,data,0.13,easy
Academic Articles,cant,0.48,easy
Academic Articles,first,0.0,easy
Academic Articles,foremost,0.64,hard
Academic Articles,value,0.01,easy
Academic Articles,task,0.24,easy
Academic Articles,additional,0.42,easy
Academic Articles,effort,0.07,easy
Academic Articles,custom,0.57,hard
Academic Articles,procurement,0.75,hard
Academic Articles,well,0.0,easy
Academic Articles,commercial,0.39,easy
Academic Articles,faster,0.6,hard
Academic Articles,different,0.0,easy
Academic Articles,commitment,0.62,hard
Academic Articles,instrument,0.17,easy
Academic Articles,developer,0.77,hard
Academic Articles,limit,0.15,easy
Academic Articles,getting,0.0,easy
Academic Articles,necessary,0.01,easy
Academic Articles,calibrate,0.76,hard
Academic Articles,data,0.13,easy
Academic Articles,lastly,0.75,hard
Academic Articles,acquisition,0.56,hard
Academic Articles,validation,0.79,hard
Academic Articles,verification,0.81,hard
Academic Articles,data,0.13,easy
Academic Articles,analysis,0.41,easy
Academic Articles,instrument,0.17,easy
Academic Articles,data,0.13,easy
Academic Articles,quality,0.02,easy
Academic Articles,possibly,0.29,easy
Academic Articles,new,0.0,easy
Academic Articles,business,0.0,easy
Academic Articles,data,0.13,easy
Academic Articles,delivery,0.51,easy
Academic Articles,novel,0.18,easy
Academic Articles,used,0.0,easy
Academic Articles,research,0.26,easy
Academic Articles,space,0.0,easy
Academic Articles,weather,0.14,easy
Academic Articles,sparse,0.72,hard
Academic Articles,fleet,0.57,hard
Academic Articles,coverage,0.69,hard
Academic Articles,across,0.0,easy
Academic Articles,multiple,0.19,easy
Academic Articles,scale,0.05,easy
Academic Articles,large,0.0,easy
Academic Articles,data,0.13,easy
Academic Articles,produced,0.28,easy
Academic Articles,require,0.3,easy
Academic Articles,new,0.0,easy
Academic Articles,data,0.13,easy
Academic Articles,data,0.13,easy
Academic Articles,agency,0.46,easy
Academic Articles,able,0.0,easy
Academic Articles,commercial,0.39,easy
Academic Articles,space,0.0,easy
Academic Articles,weather,0.14,easy
Academic Articles,particularly,0.09,easy
Academic Articles,glamorous,0.73,hard
Academic Articles,work,0.0,easy
Academic Articles,ground,0.01,easy
Academic Articles,infrastructure,0.79,hard
Academic Articles,accurate,0.64,hard
Academic Articles,space,0.0,easy
Academic Articles,weather,0.14,easy
Academic Articles,particular,0.06,easy
Academic Articles,infrastructure,0.79,hard
Academic Articles,need,0.0,easy
Academic Articles,space,0.0,easy
Academic Articles,weather,0.14,easy
Academic Articles,include,0.12,easy
Academic Articles,following,0.03,easy
Academic Articles,solar,0.73,hard
Academic Articles,source,0.05,easy
Academic Articles,space,0.0,easy
Academic Articles,weather,0.14,easy
Academic Articles,need,0.0,easy
Academic Articles,sun,0.09,easy
Academic Articles,along,0.0,easy
Academic Articles,comprehensive,0.73,hard
Academic Articles,time,0.0,easy
Academic Articles,energy,0.17,easy
Academic Articles,solar,0.73,hard
Academic Articles,wind,0.05,easy
Academic Articles,understanding,0.27,easy
Academic Articles,solar,0.73,hard
Academic Articles,critically,0.77,hard
Academic Articles,monitor,0.5,easy
Academic Articles,photospheric,0.82,hard
Academic Articles,magnetic,0.65,hard
Academic Articles,field,0.0,easy
Academic Articles,steradian,0.79,hard
Academic Articles,see,0.0,easy
Academic Articles,example,0.0,easy
Academic Articles,national,0.02,easy
Academic Articles,oceanic,0.73,hard
Academic Articles,atmospheric,0.78,hard
Academic Articles,administration,0.27,easy
Academic Articles,space,0.0,easy
Academic Articles,weather,0.14,easy
Academic Articles,program,0.0,easy
Academic Articles,formulation,0.75,hard
Academic Articles,national,0.02,easy
Academic Articles,satellite,0.65,hard
Academic Articles,information,0.03,easy
Academic Articles,service,0.01,easy
Academic Articles,current,0.01,easy
Academic Articles,future,0.0,easy
Academic Articles,space,0.0,easy
Academic Articles,weather,0.14,easy
Academic Articles,architecture,0.74,hard
Academic Articles,future,0.0,easy
Academic Articles,space,0.0,easy
Academic Articles,weather,0.14,easy
Academic Articles,research,0.26,easy
Academic Articles,infrastructure,0.79,hard
Academic Articles,national,0.02,easy
Academic Articles,reserved,0.55,hard
Academic Articles,summary,0.7,hard
Academic Articles,coverage,0.69,hard
Academic Articles,provide,0.04,easy
Academic Articles,offer,0.01,easy
Academic Articles,unique,0.33,easy
Academic Articles,useful,0.52,easy
Academic Articles,measuring,0.73,hard
Academic Articles,active,0.11,easy
Academic Articles,coronal,0.76,hard
Academic Articles,mass,0.1,easy
Academic Articles,earthward,0.78,hard
Academic Articles,useful,0.52,easy
Academic Articles,solar,0.73,hard
Academic Articles,energetic,0.72,hard
Academic Articles,observing,0.75,hard
Academic Articles,solar,0.73,hard
Academic Articles,wind,0.05,easy
Academic Articles,heavy,0.01,easy
Academic Articles,ion,0.73,hard
Academic Articles,composition,0.59,hard
Academic Articles,knowledge,0.06,easy
Academic Articles,heavy,0.01,easy
Academic Articles,ion,0.73,hard
Academic Articles,solar,0.73,hard
Academic Articles,significant,0.42,easy
Academic Articles,plasma,0.7,hard
Academic Articles,composition,0.59,hard
Academic Articles,measure,0.06,easy
Academic Articles,interplanetary,0.83,hard
Academic Articles,coronal,0.76,hard
Academic Articles,mass,0.1,easy
Academic Articles,internal,0.45,easy
Academic Articles,mass,0.1,easy
Academic Articles,ejection,0.74,hard
Academic Articles,initiation,0.75,hard
Academic Articles,heating,0.69,hard
Academic Articles,release,0.03,easy
Academic Articles,propagation,0.77,hard
Academic Articles,scientific,0.57,hard
Academic Articles,wind,0.05,easy
Academic Articles,enable,0.53,easy
Academic Articles,better,0.0,easy
Academic Articles,total,0.02,easy
Academic Articles,mass,0.1,easy
Academic Articles,space,0.0,easy
Academic Articles,weather,0.14,easy
Academic Articles,event,0.05,easy
Academic Articles,bridging,0.78,hard
Academic Articles,sun,0.09,easy
Academic Articles,gap,0.57,hard
Academic Articles,sun,0.09,easy
Academic Articles,gap,0.57,hard
Academic Articles,space,0.0,easy
Academic Articles,weather,0.14,easy
Academic Articles,solar,0.73,hard
Academic Articles,effect,0.0,easy
Academic Articles,new,0.0,easy
Academic Articles,fuse,0.63,hard
Academic Articles,resolve,0.43,easy
Academic Articles,solar,0.73,hard
Academic Articles,source,0.05,easy
Academic Articles,solar,0.73,hard
Academic Articles,wind,0.05,easy
Academic Articles,relevant,0.72,hard
Academic Articles,environment,0.61,hard
Academic Articles,system,0.0,easy
Academic Articles,critical,0.41,easy
Academic Articles,need,0.0,easy
Academic Articles,space,0.0,easy
Academic Articles,weather,0.14,easy
Academic Articles,science,0.04,easy
Academic Articles,application,0.16,easy
Academic Articles,ing,0.71,hard
Academic Articles,empirical,0.75,hard
Academic Articles,however,0.0,easy
Academic Articles,kind,0.0,easy
Academic Articles,many,0.0,easy
Academic Articles,major,0.0,easy
Academic Articles,prehensive,0.8,hard
Academic Articles,way,0.0,easy
Academic Articles,science,0.04,easy
Academic Articles,prime,0.28,easy
Academic Articles,science,0.04,easy
Academic Articles,science,0.04,easy
Academic Articles,mission,0.19,easy
Academic Articles,system,0.0,easy
Academic Articles,additional,0.42,easy
Academic Articles,observation,0.37,easy
Academic Articles,designing,0.73,hard
Academic Articles,science,0.04,easy
Academic Articles,outset,0.69,hard
Academic Articles,scientific,0.57,hard
Academic Articles,operational,0.71,hard
Academic Articles,ease,0.37,easy
Academic Articles,transition,0.55,hard
Academic Articles,process,0.01,easy
Academic Articles,example,0.0,easy
Academic Articles,compact,0.51,easy
Academic Articles,coronagraph,0.82,hard
Academic Articles,collaboration,0.78,hard
Academic Articles,naval,0.62,hard
Academic Articles,research,0.26,easy
Academic Articles,laboratory,0.76,hard
Academic Articles,space,0.0,easy
Academic Articles,weather,0.14,easy
Academic Articles,follow,0.02,easy
Academic Articles,mission,0.19,easy
Academic Articles,orbit,0.63,hard
Academic Articles,interagency,0.84,hard
Academic Articles,space,0.0,easy
Academic Articles,weather,0.14,easy
Academic Articles,measurement,0.72,hard
Academic Articles,series,0.01,easy
Academic Articles,solar,0.73,hard
Academic Articles,observatory,0.82,hard
Academic Articles,soho,0.78,hard
Academic Articles,white,0.0,easy
Academic Articles,light,0.0,easy
Academic Articles,coronagraph,0.82,hard
Academic Articles,model,0.15,easy
Academic Articles,interagency,0.84,hard
Academic Articles,development,0.01,easy
Academic Articles,deployment,0.78,hard
Academic Articles,agency,0.46,easy
Academic Articles,future,0.0,easy
Academic Articles,space,0.0,easy
Academic Articles,weather,0.14,easy
Academic Articles,research,0.26,easy
Academic Articles,infrastructure,0.79,hard
Academic Articles,national,0.02,easy
Academic Articles,reserved,0.55,hard
Academic Articles,space,0.0,easy
Academic Articles,weather,0.14,easy
Academic Articles,community,0.1,easy
Academic Articles,setting,0.13,easy
Academic Articles,stage,0.02,easy
Academic Articles,subsequent,0.68,hard
Academic Articles,session,0.26,easy
Academic Articles,workshop,0.7,hard
Academic Articles,space,0.0,easy
Academic Articles,weather,0.14,easy
Academic Articles,enterprise,0.55,hard
Academic Articles,particular,0.06,easy
Academic Articles,attention,0.01,easy
Academic Articles,rapidly,0.51,easy
Academic Articles,weather,0.14,easy
Academic Articles,throughout,0.05,easy
Academic Articles,government,0.0,easy
Academic Articles,box,0.0,easy
Academic Articles,particular,0.06,easy
Academic Articles,importance,0.32,easy
Academic Articles,research,0.26,easy
Academic Articles,session,0.26,easy
Academic Articles,address,0.01,easy
Academic Articles,weather,0.14,easy
Academic Articles,workshop,0.7,hard
Academic Articles,following,0.03,easy
Academic Articles,four,0.0,easy
Academic Articles,different,0.0,easy
Academic Articles,space,0.0,easy
Academic Articles,weather,0.14,easy
Academic Articles,community,0.1,easy
Academic Articles,major,0.0,easy
Academic Articles,government,0.0,easy
Academic Articles,weather,0.14,easy
Academic Articles,research,0.26,easy
Academic Articles,interagency,0.84,hard
Academic Articles,collaboration,0.78,hard
Academic Articles,user,0.23,easy
Academic Articles,community,0.1,easy
Academic Articles,opera,0.55,hard
Academic Articles,space,0.0,easy
Academic Articles,weather,0.14,easy
Academic Articles,diversity,0.74,hard
Academic Articles,chapter,0.54,easy
Academic Articles,four,0.0,easy
Academic Articles,among,0.0,easy
Academic Articles,key,0.0,easy
Academic Articles,agency,0.46,easy
Academic Articles,space,0.0,easy
Academic Articles,weather,0.14,easy
Academic Articles,space,0.0,easy
Academic Articles,weather,0.14,easy
Academic Articles,interagency,0.84,hard
Academic Articles,working,0.0,easy
Academic Articles,group,0.0,easy
Academic Articles,swag,0.65,hard
Academic Articles,formal,0.48,easy
Academic Articles,space,0.0,easy
Academic Articles,weather,0.14,easy
Academic Articles,research,0.26,easy
Academic Articles,survey,0.5,easy
Academic Articles,relevant,0.72,hard
Academic Articles,federal,0.36,easy
Academic Articles,act,0.0,easy
Academic Articles,weather,0.14,easy
Academic Articles,national,0.02,easy
Academic Articles,communication,0.63,hard
Academic Articles,knowledge,0.06,easy
Academic Articles,transfer,0.29,easy
Academic Articles,among,0.0,easy
Academic Articles,government,0.0,easy
Academic Articles,space,0.0,easy
Academic Articles,weather,0.14,easy
Academic Articles,research,0.26,easy
Academic Articles,mitigation,0.78,hard
Academic Articles,interagency,0.84,hard
Academic Articles,working,0.0,easy
Academic Articles,group,0.0,easy
Academic Articles,academic,0.58,hard
Academic Articles,community,0.1,easy
Academic Articles,commercial,0.39,easy
Academic Articles,space,0.0,easy
Academic Articles,weather,0.14,easy
Academic Articles,sector,0.55,hard
Academic Articles,act,0.0,easy
Academic Articles,near,0.01,easy
Academic Articles,coronal,0.76,hard
Academic Articles,mass,0.1,easy
Academic Articles,ejection,0.74,hard
Academic Articles,solar,0.73,hard
Academic Articles,wind,0.05,easy
Academic Articles,solar,0.73,hard
Academic Articles,coronal,0.76,hard
Academic Articles,imagery,0.69,hard
Academic Articles,relevant,0.72,hard
Academic Articles,space,0.0,easy
Academic Articles,weather,0.14,easy
Academic Articles,space,0.0,easy
Academic Articles,weather,0.14,easy
Academic Articles,via,0.42,easy
Academic Articles,commercial,0.39,easy
Academic Articles,prize,0.52,easy
Academic Articles,authority,0.1,easy
Academic Articles,academic,0.58,hard
Academic Articles,secondary,0.42,easy
Academic Articles,upcoming,0.74,hard
Academic Articles,act,0.0,easy
Academic Articles,research,0.26,easy
Academic Articles,congress,0.71,hard
Academic Articles,public,0.0,easy
Academic Articles,law,0.0,easy
Academic Articles,future,0.0,easy
Academic Articles,space,0.0,easy
Academic Articles,weather,0.14,easy
Academic Articles,research,0.26,easy
Academic Articles,infrastructure,0.79,hard
Academic Articles,national,0.02,easy
Academic Articles,reserved,0.55,hard
Academic Articles,space,0.0,easy
Academic Articles,weather,0.14,easy
Academic Articles,community,0.1,easy
Academic Articles,box,0.0,easy
Academic Articles,recent,0.03,easy
Academic Articles,agency,0.46,easy
Academic Articles,space,0.0,easy
Academic Articles,weather,0.14,easy
Academic Articles,space,0.0,easy
Academic Articles,weather,0.14,easy
Academic Articles,science,0.04,easy
Academic Articles,application,0.16,easy
Academic Articles,program,0.0,easy
Academic Articles,division,0.12,easy
Academic Articles,weather,0.14,easy
Academic Articles,science,0.04,easy
Academic Articles,measurement,0.72,hard
Academic Articles,gap,0.57,hard
Academic Articles,analysis,0.41,easy
Academic Articles,weather,0.14,easy
Academic Articles,commercial,0.39,easy
Academic Articles,sector,0.55,hard
Academic Articles,space,0.0,easy
Academic Articles,weather,0.14,easy
Academic Articles,operational,0.71,hard
Academic Articles,community,0.1,easy
Academic Articles,task,0.24,easy
Academic Articles,university,0.52,easy
Academic Articles,applied,0.43,easy
Academic Articles,physic,0.74,hard
Academic Articles,laboratory,0.76,hard
Academic Articles,first,0.0,easy
Academic Articles,space,0.0,easy
Academic Articles,weather,0.14,easy
Academic Articles,proving,0.74,hard
Academic Articles,ground,0.01,easy
Academic Articles,architecture,0.74,hard
Academic Articles,collaborative,0.83,hard
Academic Articles,evaluation,0.73,hard
Academic Articles,established,0.27,easy
Academic Articles,space,0.0,easy
Academic Articles,weather,0.14,easy
Academic Articles,goddard,0.78,hard
Academic Articles,space,0.0,easy
Academic Articles,flight,0.09,easy
Academic Articles,center,0.03,easy
Academic Articles,space,0.0,easy
Academic Articles,weather,0.14,easy
Academic Articles,prediction,0.75,hard
Academic Articles,space,0.0,easy
Academic Articles,weather,0.14,easy
Academic Articles,prediction,0.75,hard
Academic Articles,space,0.0,easy
Academic Articles,weather,0.14,easy
Academic Articles,coupled,0.69,hard
Academic Articles,model,0.15,easy
Academic Articles,space,0.0,easy
Academic Articles,weather,0.14,easy
Academic Articles,prediction,0.75,hard
Academic Articles,center,0.03,easy
Academic Articles,data,0.13,easy
Academic Articles,repository,0.78,hard
Academic Articles,prototype,0.78,hard
Academic Articles,traffic,0.44,easy
Academic Articles,management,0.37,easy
Academic Articles,partnership,0.68,hard
Academic Articles,industry,0.03,easy
Academic Articles,government,0.0,easy
Academic Articles,operational,0.71,hard
Academic Articles,coronal,0.76,hard
Academic Articles,space,0.0,easy
Academic Articles,weather,0.14,easy
Academic Articles,follow,0.02,easy
Academic Articles,mission,0.19,easy
Academic Articles,whose,0.0,easy
Academic Articles,opportunity,0.22,easy
Academic Articles,advancing,0.75,hard
Academic Articles,national,0.02,easy
Academic Articles,space,0.0,easy
Academic Articles,weather,0.14,easy
Academic Articles,research,0.26,easy
Academic Articles,toward,0.01,easy
Academic Articles,societal,0.77,hard
Academic Articles,resiliency,0.77,hard
Academic Articles,infrastructure,0.79,hard
Academic Articles,interagency,0.84,hard
Academic Articles,space,0.0,easy
Academic Articles,radiation,0.47,easy
Academic Articles,environment,0.61,hard
Academic Articles,support,0.0,easy
Academic Articles,human,0.0,easy
Academic Articles,space,0.0,easy
Academic Articles,weather,0.14,easy
Academic Articles,research,0.26,easy
Academic Articles,mitigation,0.78,hard
Academic Articles,subcommittee,0.79,hard
Academic Articles,support,0.0,easy
Academic Articles,research,0.26,easy
Academic Articles,act,0.0,easy
Academic Articles,space,0.0,easy
Academic Articles,weather,0.14,easy
Academic Articles,advisory,0.77,hard
Academic Articles,need,0.0,easy
Academic Articles,survey,0.5,easy
Academic Articles,space,0.0,easy
Academic Articles,weather,0.14,easy
Academic Articles,president,0.14,easy
Academic Articles,space,0.0,easy
Academic Articles,weather,0.14,easy
Academic Articles,framework,0.67,hard
Academic Articles,space,0.0,easy
Academic Articles,weather,0.14,easy
Academic Articles,research,0.26,easy
Academic Articles,mitigation,0.78,hard
Academic Articles,subcommittee,0.79,hard
Academic Articles,national,0.02,easy
Academic Articles,national,0.02,easy
Academic Articles,science,0.04,easy
Academic Articles,technology,0.55,hard
Academic Articles,council,0.62,hard
Academic Articles,million,0.06,easy
Academic Articles,however,0.0,easy
Academic Articles,budget,0.2,easy
Academic Articles,include,0.12,easy
Academic Articles,agency,0.46,easy
Academic Articles,agency,0.46,easy
Academic Articles,panel,0.37,easy
Academic Articles,provided,0.28,easy
Academic Articles,since,0.0,easy
Academic Articles,various,0.06,easy
Academic Articles,government,0.0,easy
Academic Articles,weather,0.14,easy
Academic Articles,among,0.0,easy
Academic Articles,spann,0.75,hard
Academic Articles,space,0.0,easy
Academic Articles,weather,0.14,easy
Academic Articles,division,0.12,easy
Academic Articles,pro,0.6,hard
Academic Articles,gram,0.72,hard
Academic Articles,director,0.0,easy
Academic Articles,space,0.0,easy
Academic Articles,weather,0.14,easy
Academic Articles,national,0.02,easy
Academic Articles,science,0.04,easy
Academic Articles,foundation,0.58,hard
Academic Articles,national,0.02,easy
Academic Articles,environmental,0.8,hard
Academic Articles,satellite,0.65,hard
Academic Articles,data,0.13,easy
Academic Articles,information,0.03,easy
Academic Articles,future,0.0,easy
Academic Articles,space,0.0,easy
Academic Articles,weather,0.14,easy
Academic Articles,research,0.26,easy
Academic Articles,infrastructure,0.79,hard
Academic Articles,national,0.02,easy
Academic Articles,reserved,0.55,hard
Academic Articles,future,0.0,easy
Academic Articles,space,0.0,easy
Academic Articles,weather,0.14,easy
Academic Articles,research,0.26,easy
Academic Articles,infrastructure,0.79,hard
Academic Articles,service,0.01,easy
Academic Articles,national,0.02,easy
Academic Articles,oceanic,0.73,hard
Academic Articles,atmospheric,0.78,hard
Academic Articles,administration,0.27,easy
Academic Articles,following,0.03,easy
Academic Articles,four,0.0,easy
Academic Articles,key,0.0,easy
Academic Articles,recently,0.18,easy
Academic Articles,established,0.27,easy
Academic Articles,interagency,0.84,hard
Academic Articles,weather,0.14,easy
Academic Articles,new,0.0,easy
Academic Articles,space,0.0,easy
Academic Articles,weather,0.14,easy
Academic Articles,research,0.26,easy
Academic Articles,effective,0.08,easy
Academic Articles,service,0.01,easy
Academic Articles,structure,0.09,easy
Academic Articles,new,0.0,easy
Academic Articles,weather,0.14,easy
Academic Articles,space,0.0,easy
Academic Articles,weather,0.14,easy
Academic Articles,look,0.0,easy
Academic Articles,like,0.0,easy
Academic Articles,know,0.0,easy
Academic Articles,space,0.0,easy
Academic Articles,weather,0.14,easy
Academic Articles,national,0.02,easy
Academic Articles,aeronautics,0.79,hard
Academic Articles,space,0.0,easy
Academic Articles,first,0.0,easy
Academic Articles,presentation,0.59,hard
Academic Articles,spann,0.75,hard
Academic Articles,space,0.0,easy
Academic Articles,weather,0.14,easy
Academic Articles,program,0.0,easy
Academic Articles,division,0.12,easy
Academic Articles,modify,0.73,hard
Academic Articles,agency,0.46,easy
Academic Articles,inter,0.74,hard
Academic Articles,fund,0.41,easy
Academic Articles,space,0.0,easy
Academic Articles,weather,0.14,easy
Academic Articles,spann,0.75,hard
Academic Articles,space,0.0,easy
Academic Articles,weather,0.14,easy
Academic Articles,unique,0.33,easy
Academic Articles,significant,0.42,easy
Academic Articles,exploratory,0.78,hard
Academic Articles,data,0.13,easy
Academic Articles,research,0.26,easy
Academic Articles,model,0.15,easy
Academic Articles,ing,0.71,hard
Academic Articles,data,0.13,easy
Academic Articles,making,0.0,easy
Academic Articles,data,0.13,easy
Academic Articles,observing,0.75,hard
Academic Articles,data,0.13,easy
Academic Articles,potential,0.24,easy
Academic Articles,new,0.0,easy
Academic Articles,weather,0.14,easy
Academic Articles,capability,0.77,hard
Academic Articles,national,0.02,easy
Academic Articles,international,0.26,easy
Academic Articles,space,0.0,easy
Academic Articles,weather,0.14,easy
Academic Articles,enterprise,0.55,hard
Academic Articles,new,0.0,easy
Academic Articles,space,0.0,easy
Academic Articles,weather,0.14,easy
Academic Articles,national,0.02,easy
Academic Articles,space,0.0,easy
Academic Articles,weather,0.14,easy
Academic Articles,research,0.26,easy
Academic Articles,drive,0.02,easy
Academic Articles,established,0.27,easy
Academic Articles,four,0.0,easy
Academic Articles,figure,0.02,easy
Academic Articles,support,0.0,easy
Academic Articles,space,0.0,easy
Academic Articles,weather,0.14,easy
Academic Articles,division,0.12,easy
Academic Articles,investigation,0.62,hard
Academic Articles,transition,0.55,hard
Academic Articles,exploration,0.63,hard
Academic Articles,application,0.16,easy
Academic Articles,figure,0.02,easy
Academic Articles,four,0.0,easy
Academic Articles,support,0.0,easy
Academic Articles,new,0.0,easy
Academic Articles,space,0.0,easy
Academic Articles,weather,0.14,easy
Academic Articles,program,0.0,easy
Academic Articles,division,0.12,easy
Academic Articles,six,0.02,easy
Academic Articles,space,0.0,easy
Academic Articles,weather,0.14,easy
Academic Articles,strategy,0.69,hard
Academic Articles,spann,0.75,hard
Academic Articles,future,0.0,easy
Academic Articles,space,0.0,easy
Academic Articles,weather,0.14,easy
Academic Articles,research,0.26,easy
Academic Articles,infrastructure,0.79,hard
Academic Articles,national,0.02,easy
Academic Articles,reserved,0.55,hard
Academic Articles,space,0.0,easy
Academic Articles,weather,0.14,easy
Academic Articles,community,0.1,easy
Academic Articles,theme,0.01,easy
Academic Articles,investigation,0.62,hard
Academic Articles,pillar,0.69,hard
Academic Articles,fundamental,0.57,hard
Academic Articles,scientific,0.57,hard
Academic Articles,solar,0.73,hard
Academic Articles,system,0.0,easy
Academic Articles,research,0.26,easy
Academic Articles,modeling,0.73,hard
Academic Articles,space,0.0,easy
Academic Articles,weather,0.14,easy
Academic Articles,transition,0.55,hard
Academic Articles,pillar,0.69,hard
Academic Articles,operational,0.71,hard
Academic Articles,innovative,0.77,hard
Academic Articles,science,0.04,easy
Academic Articles,research,0.26,easy
Academic Articles,operational,0.71,hard
Academic Articles,space,0.0,easy
Academic Articles,weather,0.14,easy
Academic Articles,exploration,0.63,hard
Academic Articles,pillar,0.69,hard
Academic Articles,safe,0.08,easy
Academic Articles,solar,0.73,hard
Academic Articles,system,0.0,easy
Academic Articles,human,0.0,easy
Academic Articles,moon,0.17,easy
Academic Articles,provide,0.04,easy
Academic Articles,support,0.0,easy
Academic Articles,space,0.0,easy
Academic Articles,environment,0.61,hard
Academic Articles,finally,0.03,easy
Academic Articles,new,0.0,easy
Academic Articles,less,0.0,easy
Academic Articles,mature,0.2,easy
Academic Articles,pillar,0.69,hard
Academic Articles,new,0.0,easy
Academic Articles,mitigate,0.76,hard
Academic Articles,space,0.0,easy
Academic Articles,weather,0.14,easy
Academic Articles,space,0.0,easy
Academic Articles,weather,0.14,easy
Academic Articles,program,0.0,easy
Academic Articles,four,0.0,easy
Academic Articles,environmental,0.8,hard
Academic Articles,radiation,0.47,easy
Academic Articles,measurement,0.72,hard
Academic Articles,experiment,0.47,easy
Academic Articles,suite,0.6,hard
Academic Articles,instrument,0.17,easy
Academic Articles,gateway,0.75,hard
Academic Articles,make,0.0,easy
Academic Articles,space,0.0,easy
Academic Articles,weather,0.14,easy
Academic Articles,demonstrate,0.6,hard
Academic Articles,tech,0.69,hard
Academic Articles,human,0.0,easy
Academic Articles,investigation,0.62,hard
Academic Articles,transition,0.55,hard
Academic Articles,space,0.0,easy
Academic Articles,weather,0.14,easy
Academic Articles,space,0.0,easy
Academic Articles,weather,0.14,easy
Academic Articles,small,0.0,easy
Academic Articles,business,0.0,easy
Academic Articles,innovative,0.77,hard
Academic Articles,research,0.26,easy
Academic Articles,fund,0.41,easy
Academic Articles,targeted,0.78,hard
Academic Articles,need,0.0,easy
Academic Articles,system,0.0,easy
Academic Articles,observatory,0.82,hard
Academic Articles,made,0.0,easy
Academic Articles,basic,0.09,easy
Academic Articles,research,0.26,easy
Academic Articles,provide,0.04,easy
Academic Articles,support,0.0,easy
Academic Articles,operational,0.71,hard
Academic Articles,space,0.0,easy
Academic Articles,weather,0.14,easy
Academic Articles,funded,0.76,hard
Academic Articles,recently,0.18,easy
Academic Articles,space,0.0,easy
Academic Articles,weather,0.14,easy
Academic Articles,gap,0.57,hard
Academic Articles,analysis,0.41,easy
Academic Articles,currently,0.54,easy
Academic Articles,advance,0.14,easy
Academic Articles,space,0.0,easy
Academic Articles,weather,0.14,easy
Academic Articles,forecasting,0.77,hard
Academic Articles,national,0.02,easy
Academic Articles,science,0.04,easy
Academic Articles,foundation,0.58,hard
Academic Articles,stated,0.49,easy
Academic Articles,consistent,0.57,hard
Academic Articles,space,0.0,easy
Academic Articles,weather,0.14,easy
Academic Articles,science,0.04,easy
Academic Articles,infrastructure,0.79,hard
Academic Articles,people,0.0,easy
Academic Articles,science,0.04,easy
Academic Articles,furthermore,0.76,hard
Academic Articles,space,0.0,easy
Academic Articles,science,0.04,easy
Academic Articles,technology,0.55,hard
Academic Articles,engineering,0.68,hard
Academic Articles,mathematics,0.77,hard
Academic Articles,stem,0.21,easy
Academic Articles,engineering,0.68,hard
Academic Articles,new,0.0,easy
Academic Articles,knowledge,0.06,easy
Academic Articles,knowledge,0.06,easy
Academic Articles,space,0.0,easy
Academic Articles,weather,0.14,easy
Academic Articles,research,0.26,easy
Academic Articles,energetics,0.82,hard
Academic Articles,cedar,0.69,hard
Academic Articles,environment,0.61,hard
Academic Articles,model,0.15,easy
Academic Articles,ing,0.71,hard
Academic Articles,gem,0.6,hard
Academic Articles,solar,0.73,hard
Academic Articles,interplanetary,0.83,hard
Academic Articles,environment,0.61,hard
Academic Articles,shine,0.45,easy
Academic Articles,national,0.02,easy
Academic Articles,center,0.03,easy
Academic Articles,atmospheric,0.78,hard
Academic Articles,research,0.26,easy
Academic Articles,directorate,0.78,hard
Academic Articles,mathematical,0.72,hard
Academic Articles,physical,0.07,easy
Academic Articles,astronomy,0.76,hard
Academic Articles,astrophysical,0.83,hard
Academic Articles,research,0.26,easy
Academic Articles,national,0.02,easy
Academic Articles,solar,0.73,hard
Academic Articles,observatory,0.82,hard
Academic Articles,facility,0.67,hard
Academic Articles,plasma,0.7,hard
Academic Articles,physic,0.74,hard
Academic Articles,research,0.26,easy
Academic Articles,space,0.0,easy
Academic Articles,grand,0.3,easy
Academic Articles,recently,0.18,easy
Academic Articles,research,0.26,easy
Academic Articles,opportunity,0.22,easy
Academic Articles,advancing,0.75,hard
Academic Articles,national,0.02,easy
Academic Articles,space,0.0,easy
Academic Articles,weather,0.14,easy
Academic Articles,research,0.26,easy
Academic Articles,toward,0.01,easy
Academic Articles,societal,0.77,hard
Academic Articles,resiliency,0.77,hard
Academic Articles,program,0.0,easy
Academic Articles,transformative,0.82,hard
Academic Articles,dynamic,0.62,hard
Academic Articles,system,0.0,easy
Academic Articles,solar,0.73,hard
Academic Articles,terrestrial,0.73,hard
Academic Articles,link,0.0,easy
Academic Articles,laboratory,0.76,hard
Academic Articles,stem,0.21,easy
Academic Articles,space,0.0,easy
Academic Articles,weather,0.14,easy
Academic Articles,policy,0.04,easy
Academic Articles,together,0.0,easy
Academic Articles,space,0.0,easy
Academic Articles,science,0.04,easy
Academic Articles,important,0.0,easy
Academic Articles,end,0.0,easy
Academic Articles,faculty,0.58,hard
Academic Articles,development,0.01,easy
Academic Articles,weather,0.14,easy
Academic Articles,solar,0.73,hard
Academic Articles,earth,0.0,easy
Academic Articles,future,0.0,easy
Academic Articles,space,0.0,easy
Academic Articles,weather,0.14,easy
Academic Articles,research,0.26,easy
Academic Articles,infrastructure,0.79,hard
Academic Articles,national,0.02,easy
Academic Articles,reserved,0.55,hard
Academic Articles,future,0.0,easy
Academic Articles,space,0.0,easy
Academic Articles,weather,0.14,easy
Academic Articles,research,0.26,easy
Academic Articles,infrastructure,0.79,hard
Academic Articles,cover,0.01,easy
Academic Articles,full,0.0,easy
Academic Articles,domain,0.54,easy
Academic Articles,facility,0.67,hard
Academic Articles,suite,0.6,hard
Academic Articles,solar,0.73,hard
Academic Articles,magnetometer,0.81,hard
Academic Articles,coherent,0.69,hard
Academic Articles,incoherent,0.75,hard
Academic Articles,monitor,0.5,easy
Academic Articles,network,0.38,easy
Academic Articles,although,0.0,easy
Academic Articles,primarily,0.59,hard
Academic Articles,instrumentation,0.78,hard
Academic Articles,space,0.0,easy
Academic Articles,industry,0.03,easy
Academic Articles,active,0.11,easy
Academic Articles,planetary,0.69,hard
Academic Articles,electrodynamics,0.84,hard
Academic Articles,response,0.31,easy
Academic Articles,experiment,0.47,easy
Academic Articles,ampere,0.75,hard
Academic Articles,infra,0.76,hard
Academic Articles,structure,0.09,easy
Academic Articles,need,0.0,easy
Academic Articles,figure,0.02,easy
Academic Articles,national,0.02,easy
Academic Articles,oceanic,0.73,hard
Academic Articles,atmospheric,0.78,hard
Academic Articles,administration,0.27,easy
Academic Articles,space,0.0,easy
Academic Articles,weather,0.14,easy
Academic Articles,charter,0.62,hard
Academic Articles,space,0.0,easy
Academic Articles,weather,0.14,easy
Academic Articles,space,0.0,easy
Academic Articles,weather,0.14,easy
Academic Articles,collaborative,0.83,hard
Academic Articles,approach,0.08,easy
Academic Articles,space,0.0,easy
Academic Articles,weather,0.14,easy
Academic Articles,research,0.26,easy
Academic Articles,opera,0.55,hard
Academic Articles,space,0.0,easy
Academic Articles,weather,0.14,easy
Academic Articles,policy,0.04,easy
Academic Articles,include,0.12,easy
Academic Articles,national,0.02,easy
Academic Articles,space,0.0,easy
Academic Articles,weather,0.14,easy
Academic Articles,strategy,0.69,hard
Academic Articles,action,0.0,easy
Academic Articles,plan,0.02,easy
Academic Articles,act,0.0,easy
Academic Articles,improving,0.71,hard
Academic Articles,space,0.0,easy
Academic Articles,weather,0.14,easy
Academic Articles,fundamental,0.57,hard
Academic Articles,providing,0.6,hard
Academic Articles,accurate,0.64,hard
Academic Articles,forecast,0.57,hard
Academic Articles,scientific,0.57,hard
Academic Articles,technological,0.77,hard
Academic Articles,supporting,0.23,easy
Academic Articles,private,0.01,easy
Academic Articles,data,0.13,easy
Academic Articles,technology,0.55,hard
Academic Articles,figure,0.02,easy
Academic Articles,national,0.02,easy
Academic Articles,science,0.04,easy
Academic Articles,new,0.0,easy
Academic Articles,infrastructure,0.79,hard
Academic Articles,laying,0.71,hard
Academic Articles,space,0.0,easy
Academic Articles,weather,0.14,easy
Academic Articles,curation,0.8,hard
Academic Articles,availability,0.77,hard
Academic Articles,source,0.05,easy
Academic Articles,black,0.0,easy
Academic Articles,national,0.02,easy
Academic Articles,science,0.04,easy
Academic Articles,foundation,0.58,hard
Academic Articles,future,0.0,easy
Academic Articles,space,0.0,easy
Academic Articles,weather,0.14,easy
Academic Articles,research,0.26,easy
Academic Articles,infrastructure,0.79,hard
Academic Articles,national,0.02,easy
Academic Articles,reserved,0.55,hard
Academic Articles,space,0.0,easy
Academic Articles,weather,0.14,easy
Academic Articles,address,0.01,easy
Academic Articles,user,0.23,easy
Academic Articles,need,0.0,easy
Academic Articles,weather,0.14,easy
Academic Articles,paradigm,0.72,hard
Academic Articles,terrestrial,0.73,hard
Academic Articles,weather,0.14,easy
Academic Articles,previous,0.08,easy
Academic Articles,paradigm,0.72,hard
Academic Articles,framework,0.67,hard
Academic Articles,community,0.1,easy
Academic Articles,global,0.65,hard
Academic Articles,geomagnetic,0.84,hard
Academic Articles,activity,0.36,easy
Academic Articles,weather,0.14,easy
Academic Articles,state,0.0,easy
Academic Articles,new,0.0,easy
Academic Articles,paradigm,0.72,hard
Academic Articles,operational,0.71,hard
Academic Articles,observing,0.75,hard
Academic Articles,modeling,0.73,hard
Academic Articles,service,0.01,easy
Academic Articles,data,0.13,easy
Academic Articles,critical,0.41,easy
Academic Articles,infrastructure,0.79,hard
Academic Articles,formal,0.48,easy
Academic Articles,framework,0.67,hard
Academic Articles,next,0.0,easy
Academic Articles,section,0.1,easy
Academic Articles,incorporate,0.74,hard
Academic Articles,industry,0.03,easy
Academic Articles,government,0.0,easy
Academic Articles,academic,0.58,hard
Academic Articles,evaluate,0.73,hard
Academic Articles,science,0.04,easy
Academic Articles,accelerate,0.78,hard
Academic Articles,enable,0.53,easy
Academic Articles,improvement,0.52,easy
Academic Articles,operational,0.71,hard
Academic Articles,regional,0.67,hard
Academic Articles,local,0.01,easy
Academic Articles,augment,0.74,hard
Academic Articles,global,0.65,hard
Academic Articles,index,0.36,easy
Academic Articles,currently,0.54,easy
Academic Articles,numerical,0.75,hard
Academic Articles,covering,0.58,hard
Academic Articles,system,0.0,easy
Academic Articles,enhanced,0.7,hard
Academic Articles,solar,0.73,hard
Academic Articles,wind,0.05,easy
Academic Articles,mass,0.1,easy
Academic Articles,operational,0.71,hard
Academic Articles,since,0.0,easy
Academic Articles,space,0.0,easy
Academic Articles,weather,0.14,easy
Academic Articles,modeling,0.73,hard
Academic Articles,framework,0.67,hard
Academic Articles,model,0.15,easy
Academic Articles,regional,0.67,hard
Academic Articles,geomagnetic,0.84,hard
Academic Articles,activity,0.36,easy
Academic Articles,operational,0.71,hard
Academic Articles,since,0.0,easy
Academic Articles,regional,0.67,hard
Academic Articles,electric,0.24,easy
Academic Articles,associated,0.64,hard
Academic Articles,electric,0.24,easy
Academic Articles,power,0.0,easy
Academic Articles,operational,0.71,hard
Academic Articles,since,0.0,easy
Academic Articles,coupled,0.69,hard
Academic Articles,whole,0.0,easy
Academic Articles,atmosphere,0.28,easy
Academic Articles,model,0.15,easy
Academic Articles,operational,0.71,hard
Academic Articles,operational,0.71,hard
Academic Articles,provide,0.04,easy
Academic Articles,civil,0.33,easy
Academic Articles,aviation,0.73,hard
Academic Articles,radiation,0.47,easy
Academic Articles,dose,0.57,hard
Academic Articles,specification,0.79,hard
Academic Articles,recently,0.18,easy
Academic Articles,providing,0.6,hard
Academic Articles,space,0.0,easy
Academic Articles,radiation,0.47,easy
Academic Articles,environment,0.61,hard
Academic Articles,support,0.0,easy
Academic Articles,human,0.0,easy
Academic Articles,support,0.0,easy
Academic Articles,space,0.0,easy
Academic Articles,space,0.0,easy
Academic Articles,weather,0.14,easy
Academic Articles,international,0.26,easy
Academic Articles,space,0.0,easy
Academic Articles,station,0.06,easy
Academic Articles,lunar,0.74,hard
Academic Articles,lunar,0.74,hard
Academic Articles,surface,0.09,easy
Academic Articles,future,0.0,easy
Academic Articles,national,0.02,easy
Academic Articles,environmental,0.8,hard
Academic Articles,satellite,0.65,hard
Academic Articles,data,0.13,easy
Academic Articles,information,0.03,easy
Academic Articles,service,0.01,easy
Academic Articles,digital,0.66,hard
Academic Articles,way,0.0,easy
Academic Articles,evolve,0.66,hard
Academic Articles,user,0.23,easy
Academic Articles,need,0.0,easy
Academic Articles,asset,0.71,hard
Academic Articles,recently,0.18,easy
Academic Articles,space,0.0,easy
Academic Articles,weather,0.14,easy
Academic Articles,third,0.02,easy
Academic Articles,observing,0.75,hard
Academic Articles,infrastructure,0.79,hard
Academic Articles,along,0.0,easy
Academic Articles,low,0.0,easy
Academic Articles,earth,0.0,easy
Academic Articles,orbit,0.63,hard
Academic Articles,national,0.02,easy
Academic Articles,international,0.26,easy
Academic Articles,space,0.0,easy
Academic Articles,weather,0.14,easy
Academic Articles,point,0.0,easy
Academic Articles,orbit,0.63,hard
Academic Articles,low,0.0,easy
Academic Articles,earth,0.0,easy
Academic Articles,orbit,0.63,hard
Academic Articles,ground,0.01,easy
Academic Articles,data,0.13,easy
Academic Articles,verify,0.72,hard
Academic Articles,calibrate,0.76,hard
Academic Articles,fuse,0.63,hard
Academic Articles,data,0.13,easy
Academic Articles,essential,0.33,easy
Academic Articles,must,0.0,easy
Academic Articles,see,0.0,easy
Academic Articles,figure,0.02,easy
Academic Articles,include,0.12,easy
Academic Articles,sun,0.09,easy
Academic Articles,solar,0.73,hard
Academic Articles,wind,0.05,easy
Academic Articles,environment,0.61,hard
Academic Articles,ionosphere,0.76,hard
Academic Articles,use,0.0,easy
Academic Articles,mission,0.19,easy
Academic Articles,main,0.01,easy
Academic Articles,solar,0.73,hard
Academic Articles,wind,0.05,easy
Academic Articles,space,0.0,easy
Academic Articles,weather,0.14,easy
Academic Articles,follow,0.02,easy
Academic Articles,instrument,0.17,easy
Academic Articles,critical,0.41,easy
Academic Articles,design,0.05,easy
Academic Articles,recently,0.18,easy
Academic Articles,whose,0.0,easy
Academic Articles,operational,0.71,hard
Academic Articles,coronal,0.76,hard
Academic Articles,solar,0.73,hard
Academic Articles,observatory,0.82,hard
Academic Articles,soho,0.78,hard
Academic Articles,research,0.26,easy
Academic Articles,mission,0.19,easy
Academic Articles,compact,0.51,easy
Academic Articles,coronagraph,0.82,hard
Academic Articles,operational,0.71,hard
Academic Articles,environmental,0.8,hard
Academic Articles,satellite,0.65,hard
Academic Articles,successfully,0.62,hard
Academic Articles,go,0.0,easy
Academic Articles,upon,0.0,easy
Academic Articles,becoming,0.4,easy
Academic Articles,operational,0.71,hard
Academic Articles,standard,0.12,easy
Academic Articles,weather,0.14,easy
Academic Articles,go,0.0,easy
Academic Articles,replace,0.53,easy
Academic Articles,another,0.0,easy
Academic Articles,recent,0.03,easy
Academic Articles,achievement,0.53,easy
Academic Articles,data,0.13,easy
Academic Articles,constellation,0.79,hard
Academic Articles,observing,0.75,hard
Academic Articles,system,0.0,easy
Academic Articles,meteorology,0.84,hard
Academic Articles,sphere,0.49,easy
Academic Articles,climate,0.62,hard
Academic Articles,cosmic,0.7,hard
Academic Articles,ionospheric,0.8,hard
Academic Articles,total,0.02,easy
Academic Articles,electron,0.71,hard
Academic Articles,content,0.1,easy
Academic Articles,acquired,0.58,hard
Academic Articles,since,0.0,easy
Academic Articles,operational,0.71,hard
Academic Articles,model,0.15,easy
Academic Articles,future,0.0,easy
Academic Articles,space,0.0,easy
Academic Articles,weather,0.14,easy
Academic Articles,research,0.26,easy
Academic Articles,infrastructure,0.79,hard
Academic Articles,national,0.02,easy
Academic Articles,reserved,0.55,hard
Academic Articles,future,0.0,easy
Academic Articles,space,0.0,easy
Academic Articles,weather,0.14,easy
Academic Articles,research,0.26,easy
Academic Articles,infrastructure,0.79,hard
Academic Articles,space,0.0,easy
Academic Articles,weather,0.14,easy
Academic Articles,prediction,0.75,hard
Academic Articles,interagency,0.84,hard
Academic Articles,community,0.1,easy
Academic Articles,modeling,0.73,hard
Academic Articles,center,0.03,easy
Academic Articles,upcoming,0.74,hard
Academic Articles,exercise,0.26,easy
Academic Articles,aviation,0.73,hard
Academic Articles,community,0.1,easy
Academic Articles,improve,0.45,easy
Academic Articles,operational,0.71,hard
Academic Articles,interagency,0.84,hard
Academic Articles,interagency,0.84,hard
Academic Articles,panel,0.37,easy
Academic Articles,arise,0.48,easy
Academic Articles,multiple,0.19,easy
Academic Articles,responsible,0.18,easy
Academic Articles,space,0.0,easy
Academic Articles,weather,0.14,easy
Academic Articles,communication,0.63,hard
Academic Articles,across,0.0,easy
Academic Articles,four,0.0,easy
Academic Articles,jinni,0.76,hard
Academic Articles,national,0.02,easy
Academic Articles,weather,0.14,easy
Academic Articles,service,0.01,easy
Academic Articles,dan,0.69,hard
Academic Articles,division,0.12,easy
Academic Articles,tammy,0.74,hard
Academic Articles,sage,0.65,hard
Academic Articles,engineer,0.62,hard
Academic Articles,force,0.0,easy
Academic Articles,panel,0.37,easy
Academic Articles,four,0.0,easy
Academic Articles,key,0.0,easy
Academic Articles,previous,0.08,easy
Academic Articles,panel,0.37,easy
Academic Articles,provided,0.28,easy
Academic Articles,different,0.0,easy
Academic Articles,national,0.02,easy
Academic Articles,space,0.0,easy
Academic Articles,weather,0.14,easy
Academic Articles,current,0.01,easy
Academic Articles,space,0.0,easy
Academic Articles,weather,0.14,easy
Academic Articles,central,0.16,easy
Academic Articles,space,0.0,easy
Academic Articles,weather,0.14,easy
Academic Articles,effort,0.07,easy
Academic Articles,thereby,0.63,hard
Academic Articles,strategy,0.69,hard
Academic Articles,action,0.0,easy
Academic Articles,plan,0.02,easy
Academic Articles,space,0.0,easy
Academic Articles,weather,0.14,easy
Academic Articles,space,0.0,easy
Academic Articles,weather,0.14,easy
Academic Articles,opera,0.55,hard
Academic Articles,research,0.26,easy
Academic Articles,mitigation,0.78,hard
Academic Articles,working,0.0,easy
Academic Articles,group,0.0,easy
Academic Articles,national,0.02,easy
Academic Articles,science,0.04,easy
Academic Articles,technology,0.55,hard
Academic Articles,council,0.62,hard
Academic Articles,national,0.02,easy
Academic Articles,security,0.11,easy
Academic Articles,technology,0.55,hard
Academic Articles,policy,0.04,easy
Academic Articles,act,0.0,easy
Academic Articles,united,0.47,easy
Academic Articles,protect,0.46,easy
Academic Articles,societal,0.77,hard
Academic Articles,economic,0.06,easy
Academic Articles,working,0.0,easy
Academic Articles,group,0.0,easy
Academic Articles,executive,0.38,easy
Academic Articles,branch,0.14,easy
Academic Articles,figure,0.02,easy
Academic Articles,national,0.02,easy
Academic Articles,oceanic,0.73,hard
Academic Articles,atmospheric,0.78,hard
Academic Articles,administration,0.27,easy
Academic Articles,necessary,0.01,easy
Academic Articles,operational,0.71,hard
Academic Articles,space,0.0,easy
Academic Articles,weather,0.14,easy
Academic Articles,need,0.0,easy
Academic Articles,note,0.01,easy
Academic Articles,geo,0.76,hard
Academic Articles,orbit,0.63,hard
Academic Articles,low,0.0,easy
Academic Articles,earth,0.0,easy
Academic Articles,orbit,0.63,hard
Academic Articles,national,0.02,easy
Academic Articles,environmental,0.8,hard
Academic Articles,satellite,0.65,hard
Academic Articles,data,0.13,easy
Academic Articles,service,0.01,easy
Academic Articles,source,0.05,easy
Academic Articles,national,0.02,easy
Academic Articles,oceanic,0.73,hard
Academic Articles,atmospheric,0.78,hard
Academic Articles,administration,0.27,easy
Academic Articles,future,0.0,easy
Academic Articles,space,0.0,easy
Academic Articles,weather,0.14,easy
Academic Articles,research,0.26,easy
Academic Articles,infrastructure,0.79,hard
Academic Articles,national,0.02,easy
Academic Articles,reserved,0.55,hard
Academic Articles,space,0.0,easy
Academic Articles,weather,0.14,easy
Academic Articles,community,0.1,easy
Academic Articles,understanding,0.27,easy
Academic Articles,weather,0.14,easy
Academic Articles,phenomenon,0.69,hard
Academic Articles,weather,0.14,easy
Academic Articles,advisory,0.77,hard
Academic Articles,group,0.0,easy
Academic Articles,swag,0.65,hard
Academic Articles,receive,0.2,easy
Academic Articles,advice,0.52,easy
Academic Articles,commercial,0.39,easy
Academic Articles,sector,0.55,hard
Academic Articles,space,0.0,easy
Academic Articles,weather,0.14,easy
Academic Articles,end,0.0,easy
Academic Articles,noted,0.39,easy
Academic Articles,act,0.0,easy
Academic Articles,authorize,0.76,hard
Academic Articles,agency,0.46,easy
Academic Articles,rather,0.0,easy
Academic Articles,agency,0.46,easy
Academic Articles,workshop,0.7,hard
Academic Articles,space,0.0,easy
Academic Articles,weather,0.14,easy
Academic Articles,framework,0.67,hard
Academic Articles,executive,0.38,easy
Academic Articles,president,0.14,easy
Academic Articles,public,0.0,easy
Academic Articles,framework,0.67,hard
Academic Articles,national,0.02,easy
Academic Articles,space,0.0,easy
Academic Articles,weather,0.14,easy
Academic Articles,interagency,0.84,hard
Academic Articles,structure,0.09,easy
Academic Articles,space,0.0,easy
Academic Articles,weather,0.14,easy
Academic Articles,process,0.01,easy
Academic Articles,national,0.02,easy
Academic Articles,space,0.0,easy
Academic Articles,weather,0.14,easy
Academic Articles,strategy,0.69,hard
Academic Articles,action,0.0,easy
Academic Articles,plan,0.02,easy
Academic Articles,framework,0.67,hard
Academic Articles,figure,0.02,easy
Academic Articles,activity,0.36,easy
Academic Articles,scale,0.05,easy
Academic Articles,hazard,0.63,hard
Academic Articles,human,0.0,easy
Academic Articles,exploration,0.63,hard
Academic Articles,aviation,0.73,hard
Academic Articles,human,0.0,easy
Academic Articles,solar,0.73,hard
Academic Articles,system,0.0,easy
Academic Articles,ambassador,0.73,hard
Academic Articles,program,0.0,easy
Academic Articles,however,0.0,easy
Academic Articles,still,0.0,easy
Academic Articles,lack,0.11,easy
Academic Articles,concrete,0.56,hard
Academic Articles,implementation,0.79,hard
Academic Articles,weather,0.14,easy
Academic Articles,various,0.06,easy
Academic Articles,act,0.0,easy
Academic Articles,direct,0.05,easy
Academic Articles,space,0.0,easy
Academic Articles,weather,0.14,easy
Academic Articles,research,0.26,easy
Academic Articles,division,0.12,easy
Academic Articles,research,0.26,easy
Academic Articles,weather,0.14,easy
Academic Articles,national,0.02,easy
Academic Articles,space,0.0,easy
Academic Articles,weather,0.14,easy
Academic Articles,action,0.0,easy
Academic Articles,plan,0.02,easy
Academic Articles,various,0.06,easy
Academic Articles,survey,0.5,easy
Academic Articles,force,0.0,easy
Academic Articles,research,0.26,easy
Academic Articles,laboratory,0.76,hard
Academic Articles,figure,0.02,easy
Academic Articles,space,0.0,easy
Academic Articles,weather,0.14,easy
Academic Articles,research,0.26,easy
Academic Articles,framework,0.67,hard
Academic Articles,note,0.01,easy
Academic Articles,community,0.1,easy
Academic Articles,modeling,0.73,hard
Academic Articles,center,0.03,easy
Academic Articles,national,0.02,easy
Academic Articles,weather,0.14,easy
Academic Articles,service,0.01,easy
Academic Articles,research,0.26,easy
Academic Articles,act,0.0,easy
Academic Articles,space,0.0,easy
Academic Articles,weather,0.14,easy
Academic Articles,prediction,0.75,hard
Academic Articles,center,0.03,easy
Academic Articles,source,0.05,easy
Academic Articles,jinni,0.76,hard
Academic Articles,weather,0.14,easy
Academic Articles,service,0.01,easy
Academic Articles,future,0.0,easy
Academic Articles,space,0.0,easy
Academic Articles,weather,0.14,easy
Academic Articles,research,0.26,easy
Academic Articles,infrastructure,0.79,hard
Academic Articles,national,0.02,easy
Academic Articles,reserved,0.55,hard
Academic Articles,future,0.0,easy
Academic Articles,space,0.0,easy
Academic Articles,weather,0.14,easy
Academic Articles,research,0.26,easy
Academic Articles,infrastructure,0.79,hard
Academic Articles,space,0.0,easy
Academic Articles,weather,0.14,easy
Academic Articles,advisory,0.77,hard
Academic Articles,group,0.0,easy
Academic Articles,swag,0.65,hard
Academic Articles,act,0.0,easy
Academic Articles,swag,0.65,hard
Academic Articles,five,0.0,easy
Academic Articles,commercial,0.39,easy
Academic Articles,space,0.0,easy
Academic Articles,weather,0.14,easy
Academic Articles,important,0.0,easy
Academic Articles,new,0.0,easy
Academic Articles,asset,0.71,hard
Academic Articles,subcommittee,0.79,hard
Academic Articles,direct,0.05,easy
Academic Articles,advice,0.52,easy
Academic Articles,commercial,0.39,easy
Academic Articles,weather,0.14,easy
Academic Articles,first,0.0,easy
Academic Articles,task,0.24,easy
Academic Articles,need,0.0,easy
Academic Articles,survey,0.5,easy
Academic Articles,concerning,0.59,hard
Academic Articles,space,0.0,easy
Academic Articles,weather,0.14,easy
Academic Articles,survey,0.5,easy
Academic Articles,address,0.01,easy
Academic Articles,different,0.0,easy
Academic Articles,electric,0.24,easy
Academic Articles,power,0.0,easy
Academic Articles,grid,0.67,hard
Academic Articles,aviation,0.73,hard
Academic Articles,human,0.0,easy
Academic Articles,space,0.0,easy
Academic Articles,flight,0.09,easy
Academic Articles,develop,0.12,easy
Academic Articles,swag,0.65,hard
Academic Articles,space,0.0,easy
Academic Articles,recently,0.18,easy
Academic Articles,formed,0.41,easy
Academic Articles,space,0.0,easy
Academic Articles,weather,0.14,easy
Academic Articles,national,0.02,easy
Academic Articles,engineering,0.68,hard
Academic Articles,medicine,0.54,easy
Academic Articles,national,0.02,easy
Academic Articles,act,0.0,easy
Academic Articles,space,0.0,easy
Academic Articles,weather,0.14,easy
Academic Articles,council,0.62,hard
Academic Articles,advisory,0.77,hard
Academic Articles,committee,0.24,easy
Academic Articles,swag,0.65,hard
Academic Articles,support,0.0,easy
Academic Articles,weather,0.14,easy
Academic Articles,among,0.0,easy
Academic Articles,force,0.0,easy
Academic Articles,weather,0.14,easy
Academic Articles,collaboration,0.78,hard
Academic Articles,space,0.0,easy
Academic Articles,weather,0.14,easy
Academic Articles,program,0.0,easy
Academic Articles,recently,0.18,easy
Academic Articles,force,0.0,easy
Academic Articles,space,0.0,easy
Academic Articles,domain,0.54,easy
Academic Articles,awareness,0.67,hard
Academic Articles,vital,0.46,easy
Academic Articles,importance,0.32,easy
Academic Articles,space,0.0,easy
Academic Articles,space,0.0,easy
Academic Articles,space,0.0,easy
Academic Articles,domain,0.54,easy
Academic Articles,awareness,0.67,hard
Academic Articles,environmental,0.8,hard
Academic Articles,defense,0.12,easy
Academic Articles,see,0.0,easy
Academic Articles,use,0.0,easy
Academic Articles,space,0.0,easy
Academic Articles,weather,0.14,easy
Academic Articles,information,0.03,easy
Academic Articles,together,0.0,easy
Academic Articles,information,0.03,easy
Academic Articles,space,0.0,easy
Academic Articles,operational,0.71,hard
Academic Articles,environment,0.61,hard
Academic Articles,specific,0.22,easy
Academic Articles,system,0.0,easy
Academic Articles,development,0.01,easy
Academic Articles,suite,0.6,hard
Academic Articles,space,0.0,easy
Academic Articles,domain,0.54,easy
Academic Articles,awareness,0.67,hard
Academic Articles,space,0.0,easy
Academic Articles,dent,0.68,hard
Academic Articles,interagency,0.84,hard
Academic Articles,cover,0.01,easy
Academic Articles,data,0.13,easy
Academic Articles,data,0.13,easy
Academic Articles,open,0.0,easy
Academic Articles,improve,0.45,easy
Academic Articles,interagency,0.84,hard
Academic Articles,collaboration,0.78,hard
Academic Articles,space,0.0,easy
Academic Articles,traffic,0.44,easy
Academic Articles,management,0.37,easy
Academic Articles,commercial,0.39,easy
Academic Articles,operational,0.71,hard
Academic Articles,need,0.0,easy
Academic Articles,research,0.26,easy
Academic Articles,community,0.1,easy
Academic Articles,next,0.0,easy
Academic Articles,panel,0.37,easy
Academic Articles,covered,0.32,easy
Academic Articles,space,0.0,easy
Academic Articles,weather,0.14,easy
Academic Articles,user,0.23,easy
Academic Articles,community,0.1,easy
Academic Articles,five,0.0,easy
Academic Articles,hazel,0.65,hard
Academic Articles,space,0.0,easy
Academic Articles,weather,0.14,easy
Academic Articles,prediction,0.75,hard
Academic Articles,center,0.03,easy
Academic Articles,section,0.1,easy
Academic Articles,mark,0.01,easy
Academic Articles,engineer,0.62,hard
Academic Articles,north,0.14,easy
Academic Articles,electric,0.24,easy
Academic Articles,reliability,0.85,hard
Academic Articles,corporation,0.59,hard
Academic Articles,technical,0.23,easy
Academic Articles,commerce,0.54,easy
Academic Articles,key,0.0,easy
Academic Articles,new,0.0,easy
Academic Articles,asset,0.71,hard
Academic Articles,educate,0.73,hard
Academic Articles,user,0.23,easy
Academic Articles,new,0.0,easy
Academic Articles,making,0.0,easy
Academic Articles,competence,0.75,hard
Academic Articles,community,0.1,easy
Academic Articles,ongoing,0.76,hard
Academic Articles,research,0.26,easy
Academic Articles,user,0.23,easy
Academic Articles,need,0.0,easy
Academic Articles,government,0.0,easy
Academic Articles,operational,0.71,hard
Academic Articles,space,0.0,easy
Academic Articles,weather,0.14,easy
Academic Articles,ship,0.0,easy
Academic Articles,commercial,0.39,easy
Academic Articles,framework,0.67,hard
Academic Articles,document,0.34,easy
Academic Articles,see,0.0,easy
Academic Articles,see,0.0,easy
Academic Articles,national,0.02,easy
Academic Articles,engineering,0.68,hard
Academic Articles,medicine,0.54,easy
Academic Articles,space,0.0,easy
Academic Articles,weather,0.14,easy
Academic Articles,future,0.0,easy
Academic Articles,space,0.0,easy
Academic Articles,weather,0.14,easy
Academic Articles,research,0.26,easy
Academic Articles,infrastructure,0.79,hard
Academic Articles,national,0.02,easy
Academic Articles,reserved,0.55,hard
Academic Articles,space,0.0,easy
Academic Articles,weather,0.14,easy
Academic Articles,community,0.1,easy
Academic Articles,previous,0.08,easy
Academic Articles,subsection,0.76,hard
Academic Articles,operational,0.71,hard
Academic Articles,efficient,0.65,hard
Academic Articles,testing,0.62,hard
Academic Articles,feedback,0.71,hard
Academic Articles,specific,0.22,easy
Academic Articles,operational,0.71,hard
Academic Articles,efficiency,0.66,hard
Academic Articles,new,0.0,easy
Academic Articles,bain,0.76,hard
Academic Articles,current,0.01,easy
Academic Articles,operational,0.71,hard
Academic Articles,establish,0.41,easy
Academic Articles,communicate,0.63,hard
Academic Articles,current,0.01,easy
Academic Articles,enable,0.53,easy
Academic Articles,research,0.26,easy
Academic Articles,operational,0.71,hard
Academic Articles,transition,0.55,hard
Academic Articles,include,0.12,easy
Academic Articles,recent,0.03,easy
Academic Articles,proton,0.76,hard
Academic Articles,distributed,0.71,hard
Academic Articles,ionospheric,0.8,hard
Academic Articles,disturbance,0.65,hard
Academic Articles,research,0.26,easy
Academic Articles,bain,0.76,hard
Academic Articles,research,0.26,easy
Academic Articles,operational,0.71,hard
Academic Articles,data,0.13,easy
Academic Articles,availability,0.77,hard
Academic Articles,example,0.0,easy
Academic Articles,global,0.65,hard
Academic Articles,neutron,0.76,hard
Academic Articles,network,0.38,easy
Academic Articles,radiation,0.47,easy
Academic Articles,aviation,0.73,hard
Academic Articles,industry,0.03,easy
Academic Articles,cash,0.22,easy
Academic Articles,presentation,0.59,hard
Academic Articles,providing,0.6,hard
Academic Articles,research,0.26,easy
Academic Articles,reliable,0.64,hard
Academic Articles,given,0.0,easy
Academic Articles,capability,0.77,hard
Academic Articles,lower,0.14,easy
Academic Articles,readiness,0.68,hard
Academic Articles,operational,0.71,hard
Academic Articles,readiness,0.68,hard
Academic Articles,figure,0.02,easy
Academic Articles,first,0.0,easy
Academic Articles,space,0.0,easy
Academic Articles,weather,0.14,easy
Academic Articles,proving,0.74,hard
Academic Articles,ground,0.01,easy
Academic Articles,established,0.27,easy
Academic Articles,architecture,0.74,hard
Academic Articles,collaborative,0.83,hard
Academic Articles,evaluation,0.73,hard
Academic Articles,goddard,0.78,hard
Academic Articles,space,0.0,easy
Academic Articles,flight,0.09,easy
Academic Articles,center,0.03,easy
Academic Articles,first,0.0,easy
Academic Articles,space,0.0,easy
Academic Articles,weather,0.14,easy
Academic Articles,figure,0.02,easy
Academic Articles,space,0.0,easy
Academic Articles,weather,0.14,easy
Academic Articles,funnel,0.71,hard
Academic Articles,showing,0.12,easy
Academic Articles,note,0.01,easy
Academic Articles,arc,0.55,hard
Academic Articles,applied,0.43,easy
Academic Articles,research,0.26,easy
Academic Articles,challenge,0.36,easy
Academic Articles,coe,0.75,hard
Academic Articles,level,0.0,easy
Academic Articles,source,0.05,easy
Academic Articles,cash,0.22,easy
Academic Articles,space,0.0,easy
Academic Articles,weather,0.14,easy
Academic Articles,prediction,0.75,hard
Academic Articles,center,0.03,easy
Academic Articles,process,0.01,easy
Academic Articles,arc,0.55,hard
Academic Articles,future,0.0,easy
Academic Articles,space,0.0,easy
Academic Articles,weather,0.14,easy
Academic Articles,research,0.26,easy
Academic Articles,infrastructure,0.79,hard
Academic Articles,national,0.02,easy
Academic Articles,reserved,0.55,hard
Academic Articles,future,0.0,easy
Academic Articles,space,0.0,easy
Academic Articles,weather,0.14,easy
Academic Articles,research,0.26,easy
Academic Articles,infrastructure,0.79,hard
Academic Articles,first,0.0,easy
Academic Articles,space,0.0,easy
Academic Articles,weather,0.14,easy
Academic Articles,conduct,0.39,easy
Academic Articles,initial,0.38,easy
Academic Articles,bring,0.01,easy
Academic Articles,together,0.0,easy
Academic Articles,internal,0.45,easy
Academic Articles,external,0.41,easy
Academic Articles,federal,0.36,easy
Academic Articles,current,0.01,easy
Academic Articles,need,0.0,easy
Academic Articles,space,0.0,easy
Academic Articles,weather,0.14,easy
Academic Articles,support,0.0,easy
Academic Articles,demonstrate,0.6,hard
Academic Articles,new,0.0,easy
Academic Articles,provide,0.04,easy
Academic Articles,although,0.0,easy
Academic Articles,space,0.0,easy
Academic Articles,weather,0.14,easy
Academic Articles,user,0.23,easy
Academic Articles,need,0.0,easy
Academic Articles,workshop,0.7,hard
Academic Articles,rep,0.7,hard
Academic Articles,electric,0.24,easy
Academic Articles,power,0.0,easy
Academic Articles,aviation,0.73,hard
Academic Articles,provided,0.28,easy
Academic Articles,space,0.0,easy
Academic Articles,weather,0.14,easy
Academic Articles,improve,0.45,easy
Academic Articles,industry,0.03,easy
Academic Articles,collaborative,0.83,hard
Academic Articles,engagement,0.6,hard
Academic Articles,industry,0.03,easy
Academic Articles,service,0.01,easy
Academic Articles,essential,0.33,easy
Academic Articles,progress,0.09,easy
Academic Articles,north,0.14,easy
Academic Articles,electric,0.24,easy
Academic Articles,reliability,0.85,hard
Academic Articles,corporation,0.59,hard
Academic Articles,ing,0.71,hard
Academic Articles,north,0.14,easy
Academic Articles,electrical,0.67,hard
Academic Articles,grid,0.67,hard
Academic Articles,mandatory,0.73,hard
Academic Articles,reliability,0.85,hard
Academic Articles,associated,0.64,hard
Academic Articles,geomagnetic,0.84,hard
Academic Articles,first,0.0,easy
Academic Articles,grid,0.67,hard
Academic Articles,must,0.0,easy
Academic Articles,second,0.0,easy
Academic Articles,grid,0.67,hard
Academic Articles,asset,0.71,hard
Academic Articles,must,0.0,easy
Academic Articles,assess,0.69,hard
Academic Articles,design,0.05,easy
Academic Articles,event,0.05,easy
Academic Articles,electric,0.24,easy
Academic Articles,power,0.0,easy
Academic Articles,industry,0.03,easy
Academic Articles,make,0.0,easy
Academic Articles,space,0.0,easy
Academic Articles,weather,0.14,easy
Academic Articles,information,0.03,easy
Academic Articles,actionable,0.79,hard
Academic Articles,key,0.0,easy
Academic Articles,storm,0.38,easy
Academic Articles,intensity,0.43,easy
Academic Articles,scale,0.05,easy
Academic Articles,highest,0.45,easy
Academic Articles,activity,0.36,easy
Academic Articles,minor,0.22,easy
Academic Articles,electrical,0.67,hard
Academic Articles,grid,0.67,hard
Academic Articles,whereas,0.67,hard
Academic Articles,cause,0.0,easy
Academic Articles,major,0.0,easy
Academic Articles,scale,0.05,easy
Academic Articles,cover,0.01,easy
Academic Articles,need,0.0,easy
Academic Articles,include,0.12,easy
Academic Articles,longer,0.01,easy
Academic Articles,forecast,0.57,hard
Academic Articles,lead,0.0,easy
Academic Articles,time,0.0,easy
Academic Articles,accurate,0.64,hard
Academic Articles,geographic,0.79,hard
Academic Articles,location,0.05,easy
Academic Articles,spatial,0.74,hard
Academic Articles,better,0.0,easy
Academic Articles,uncertainty,0.74,hard
Academic Articles,confidence,0.26,easy
Academic Articles,improving,0.71,hard
Academic Articles,electric,0.24,easy
Academic Articles,power,0.0,easy
Academic Articles,grid,0.67,hard
Academic Articles,design,0.05,easy
Academic Articles,architecture,0.74,hard
Academic Articles,current,0.01,easy
Academic Articles,grid,0.67,hard
Academic Articles,space,0.0,easy
Academic Articles,weather,0.14,easy
Academic Articles,disturbance,0.65,hard
Academic Articles,peak,0.38,easy
Academic Articles,magnitude,0.67,hard
Academic Articles,ground,0.01,easy
Academic Articles,field,0.0,easy
Academic Articles,spatial,0.74,hard
Academic Articles,temporal,0.69,hard
Academic Articles,granularity,0.83,hard
Academic Articles,ground,0.01,easy
Academic Articles,complex,0.02,easy
Academic Articles,conductivity,0.82,hard
Academic Articles,collection,0.42,easy
Academic Articles,induced,0.71,hard
Academic Articles,current,0.01,easy
Academic Articles,model,0.15,easy
Academic Articles,validation,0.79,hard
Academic Articles,magnetic,0.65,hard
Academic Articles,field,0.0,easy
Academic Articles,variability,0.79,hard
Academic Articles,collected,0.64,hard
Academic Articles,strong,0.0,easy
Academic Articles,since,0.0,easy
Academic Articles,available,0.03,easy
Academic Articles,portal,0.71,hard
Academic Articles,north,0.14,easy
Academic Articles,electric,0.24,easy
Academic Articles,industry,0.03,easy
Academic Articles,collaboration,0.78,hard
Academic Articles,space,0.0,easy
Academic Articles,weather,0.14,easy
Academic Articles,community,0.1,easy
Academic Articles,industrial,0.27,easy
Academic Articles,collaboration,0.78,hard
Academic Articles,industry,0.03,easy
Academic Articles,rep,0.7,hard
Academic Articles,service,0.01,easy
Academic Articles,aviation,0.73,hard
Academic Articles,major,0.0,easy
Academic Articles,polar,0.64,hard
Academic Articles,space,0.0,easy
Academic Articles,weather,0.14,easy
Academic Articles,energetic,0.72,hard
Academic Articles,particle,0.71,hard
Academic Articles,example,0.0,easy
Academic Articles,united,0.47,easy
Academic Articles,flown,0.74,hard
Academic Articles,polar,0.64,hard
Academic Articles,since,0.0,easy
Academic Articles,year,0.0,easy
Academic Articles,numerous,0.5,easy
Academic Articles,space,0.0,easy
Academic Articles,weather,0.14,easy
Academic Articles,mitigation,0.78,hard
Academic Articles,flight,0.09,easy
Academic Articles,relate,0.61,hard
Academic Articles,environmental,0.8,hard
Academic Articles,affecting,0.72,hard
Academic Articles,aircraft,0.59,hard
Academic Articles,data,0.13,easy
Academic Articles,making,0.0,easy
Academic Articles,available,0.03,easy
Academic Articles,model,0.15,easy
Academic Articles,validation,0.79,hard
Academic Articles,commercial,0.39,easy
Academic Articles,better,0.0,easy
Academic Articles,data,0.13,easy
Academic Articles,port,0.25,easy
Academic Articles,decision,0.07,easy
Academic Articles,making,0.0,easy
Academic Articles,avoid,0.26,easy
Academic Articles,flight,0.09,easy
Academic Articles,weather,0.14,easy
Academic Articles,case,0.0,easy
Academic Articles,space,0.0,easy
Academic Articles,weather,0.14,easy
Academic Articles,forecast,0.57,hard
Academic Articles,lead,0.0,easy
Academic Articles,lead,0.0,easy
Academic Articles,time,0.0,easy
Academic Articles,allow,0.08,easy
Academic Articles,cargo,0.71,hard
Academic Articles,however,0.0,easy
Academic Articles,shorter,0.7,hard
Academic Articles,indicate,0.49,easy
Academic Articles,communication,0.63,hard
Academic Articles,integrity,0.67,hard
Academic Articles,future,0.0,easy
Academic Articles,space,0.0,easy
Academic Articles,weather,0.14,easy
Academic Articles,research,0.26,easy
Academic Articles,infrastructure,0.79,hard
Academic Articles,national,0.02,easy
Academic Articles,reserved,0.55,hard
Academic Articles,space,0.0,easy
Academic Articles,weather,0.14,easy
Academic Articles,community,0.1,easy
Academic Articles,maintain,0.23,easy
Academic Articles,communication,0.63,hard
Academic Articles,aircraft,0.59,hard
Academic Articles,potentially,0.74,hard
Academic Articles,affected,0.57,hard
Academic Articles,aircraft,0.59,hard
Academic Articles,space,0.0,easy
Academic Articles,weather,0.14,easy
Academic Articles,communication,0.63,hard
Academic Articles,timely,0.69,hard
Academic Articles,manner,0.16,easy
Academic Articles,important,0.0,easy
Academic Articles,aviation,0.73,hard
Academic Articles,weather,0.14,easy
Academic Articles,expanding,0.72,hard
Academic Articles,navigation,0.61,hard
Academic Articles,oceanic,0.73,hard
Academic Articles,air,0.0,easy
Academic Articles,traffic,0.44,easy
Academic Articles,could,0.0,easy
Academic Articles,common,0.0,easy
Academic Articles,space,0.0,easy
Academic Articles,weather,0.14,easy
Academic Articles,knowledge,0.06,easy
Academic Articles,package,0.52,easy
Academic Articles,throughout,0.05,easy
Academic Articles,consistent,0.57,hard
Academic Articles,data,0.13,easy
Academic Articles,repository,0.78,hard
Academic Articles,environment,0.61,hard
Academic Articles,commerce,0.54,easy
Academic Articles,figure,0.02,easy
Academic Articles,industry,0.03,easy
Academic Articles,government,0.0,easy
Academic Articles,policy,0.04,easy
Academic Articles,directive,0.76,hard
Academic Articles,man,0.0,easy
Academic Articles,basic,0.09,easy
Academic Articles,space,0.0,easy
Academic Articles,situational,0.84,hard
Academic Articles,awareness,0.67,hard
Academic Articles,domain,0.54,easy
Academic Articles,awareness,0.67,hard
Academic Articles,information,0.03,easy
Academic Articles,primarily,0.59,hard
Academic Articles,collision,0.72,hard
Academic Articles,avoidance,0.74,hard
Academic Articles,space,0.0,easy
Academic Articles,traffic,0.44,easy
Academic Articles,earth,0.0,easy
Academic Articles,orbit,0.63,hard
Academic Articles,proving,0.74,hard
Academic Articles,ground,0.01,easy
Academic Articles,mature,0.2,easy
Academic Articles,stakeholder,0.79,hard
Academic Articles,system,0.0,easy
Academic Articles,support,0.0,easy
Academic Articles,ongoing,0.76,hard
Academic Articles,research,0.26,easy
Academic Articles,experimentation,0.81,hard
Academic Articles,development,0.01,easy
Academic Articles,environment,0.61,hard
Academic Articles,operational,0.71,hard
Academic Articles,based,0.01,easy
Academic Articles,near,0.01,easy
Academic Articles,future,0.0,easy
Academic Articles,modular,0.78,hard
Academic Articles,design,0.05,easy
Academic Articles,new,0.0,easy
Academic Articles,advanced,0.32,easy
Academic Articles,diverse,0.69,hard
Academic Articles,data,0.13,easy
Academic Articles,space,0.0,easy
Academic Articles,weather,0.14,easy
Academic Articles,orbit,0.63,hard
Academic Articles,promote,0.49,easy
Academic Articles,data,0.13,easy
Academic Articles,collaboration,0.78,hard
Academic Articles,across,0.0,easy
Academic Articles,international,0.26,easy
Academic Articles,space,0.0,easy
Academic Articles,weather,0.14,easy
Academic Articles,figure,0.02,easy
Academic Articles,national,0.02,easy
Academic Articles,oceanic,0.73,hard
Academic Articles,atmospheric,0.78,hard
Academic Articles,commerce,0.54,easy
Academic Articles,open,0.0,easy
Academic Articles,architecture,0.74,hard
Academic Articles,data,0.13,easy
Academic Articles,repository,0.78,hard
Academic Articles,source,0.05,easy
Academic Articles,commerce,0.54,easy
Academic Articles,future,0.0,easy
Academic Articles,space,0.0,easy
Academic Articles,weather,0.14,easy
Academic Articles,research,0.26,easy
Academic Articles,infrastructure,0.79,hard
Academic Articles,national,0.02,easy
Academic Articles,reserved,0.55,hard
Academic Articles,future,0.0,easy
Academic Articles,space,0.0,easy
Academic Articles,weather,0.14,easy
Academic Articles,research,0.26,easy
Academic Articles,infrastructure,0.79,hard
Academic Articles,session,0.26,easy
Academic Articles,final,0.02,easy
Academic Articles,panel,0.37,easy
Academic Articles,dealt,0.66,hard
Academic Articles,space,0.0,easy
Academic Articles,naval,0.62,hard
Academic Articles,research,0.26,easy
Academic Articles,laboratory,0.76,hard
Academic Articles,goddard,0.78,hard
Academic Articles,space,0.0,easy
Academic Articles,flight,0.09,easy
Academic Articles,center,0.03,easy
Academic Articles,key,0.0,easy
Academic Articles,current,0.01,easy
Academic Articles,space,0.0,easy
Academic Articles,response,0.31,easy
Academic Articles,panel,0.37,easy
Academic Articles,various,0.06,easy
Academic Articles,potential,0.24,easy
Academic Articles,diversity,0.74,hard
Academic Articles,physic,0.74,hard
Academic Articles,figure,0.02,easy
Academic Articles,sub,0.47,easy
Academic Articles,statistical,0.78,hard
Academic Articles,recent,0.03,easy
Academic Articles,decadal,0.76,hard
Academic Articles,astrophysics,0.78,hard
Academic Articles,planetary,0.69,hard
Academic Articles,decadal,0.76,hard
Academic Articles,information,0.03,easy
Academic Articles,national,0.02,easy
Academic Articles,science,0.04,easy
Academic Articles,foundation,0.58,hard
Academic Articles,geophysical,0.81,hard
Academic Articles,union,0.16,easy
Academic Articles,astronomical,0.81,hard
Academic Articles,society,0.02,easy
Academic Articles,space,0.0,easy
Academic Articles,weather,0.14,easy
Academic Articles,workshop,0.7,hard
Academic Articles,morrow,0.73,hard
Academic Articles,see,0.0,easy
Academic Articles,statistical,0.78,hard
Academic Articles,research,0.26,easy
Academic Articles,center,0.03,easy
Academic Articles,figure,0.02,easy
Academic Articles,demographic,0.77,hard
Academic Articles,space,0.0,easy
Academic Articles,science,0.04,easy
Academic Articles,broken,0.0,easy
Academic Articles,science,0.04,easy
Academic Articles,mission,0.19,easy
Academic Articles,directorate,0.78,hard
Academic Articles,astrophysics,0.78,hard
Academic Articles,earth,0.0,easy
Academic Articles,science,0.04,easy
Academic Articles,planetary,0.69,hard
Academic Articles,science,0.04,easy
Academic Articles,boulder,0.75,hard
Academic Articles,national,0.02,easy
Academic Articles,engineering,0.68,hard
Academic Articles,medicine,0.54,easy
Academic Articles,advancing,0.75,hard
Academic Articles,diversity,0.74,hard
Academic Articles,equity,0.7,hard
Academic Articles,inclusion,0.71,hard
Academic Articles,space,0.0,easy
Academic Articles,national,0.02,easy
Academic Articles,press,0.04,easy
Academic Articles,space,0.0,easy
Academic Articles,slowly,0.2,easy
Academic Articles,racial,0.63,hard
Academic Articles,remain,0.2,easy
Academic Articles,severely,0.69,hard
Academic Articles,future,0.0,easy
Academic Articles,space,0.0,easy
Academic Articles,weather,0.14,easy
Academic Articles,research,0.26,easy
Academic Articles,infrastructure,0.79,hard
Academic Articles,national,0.02,easy
Academic Articles,reserved,0.55,hard
Academic Articles,space,0.0,easy
Academic Articles,weather,0.14,easy
Academic Articles,community,0.1,easy
Academic Articles,dominant,0.55,hard
Academic Articles,situation,0.05,easy
Academic Articles,space,0.0,easy
Academic Articles,science,0.04,easy
Academic Articles,white,0.0,easy
Academic Articles,male,0.06,easy
Academic Articles,female,0.04,easy
Academic Articles,representation,0.63,hard
Academic Articles,slowly,0.2,easy
Academic Articles,nonwhite,0.77,hard
Academic Articles,racial,0.63,hard
Academic Articles,remain,0.2,easy
Academic Articles,severely,0.69,hard
Academic Articles,undergraduate,0.81,hard
Academic Articles,major,0.0,easy
Academic Articles,known,0.01,easy
Academic Articles,begin,0.09,easy
Academic Articles,taking,0.02,easy
Academic Articles,math,0.7,hard
Academic Articles,university,0.52,easy
Academic Articles,eventually,0.32,easy
Academic Articles,drop,0.0,easy
Academic Articles,major,0.0,easy
Academic Articles,math,0.7,hard
Academic Articles,physic,0.74,hard
Academic Articles,undergraduate,0.81,hard
Academic Articles,prevalent,0.74,hard
Academic Articles,among,0.0,easy
Academic Articles,mathematics,0.77,hard
Academic Articles,physic,0.74,hard
Academic Articles,especially,0.02,easy
Academic Articles,important,0.0,easy
Academic Articles,retaining,0.79,hard
Academic Articles,several,0.0,easy
Academic Articles,first,0.0,easy
Academic Articles,second,0.0,easy
Academic Articles,physic,0.74,hard
Academic Articles,roughly,0.65,hard
Academic Articles,equal,0.05,easy
Academic Articles,global,0.65,hard
Academic Articles,talent,0.27,easy
Academic Articles,strongly,0.57,hard
Academic Articles,united,0.47,easy
Academic Articles,educated,0.72,hard
Academic Articles,united,0.47,easy
Academic Articles,domestic,0.23,easy
Academic Articles,united,0.47,easy
Academic Articles,demographic,0.77,hard
Academic Articles,research,0.26,easy
Academic Articles,collected,0.64,hard
Academic Articles,personal,0.02,easy
Academic Articles,submission,0.62,hard
Academic Articles,although,0.0,easy
Academic Articles,data,0.13,easy
Academic Articles,somewhat,0.17,easy
Academic Articles,limited,0.19,easy
Academic Articles,severely,0.69,hard
Academic Articles,similar,0.06,easy
Academic Articles,across,0.0,easy
Academic Articles,science,0.04,easy
Academic Articles,mission,0.19,easy
Academic Articles,directorate,0.78,hard
Academic Articles,made,0.0,easy
Academic Articles,improve,0.45,easy
Academic Articles,important,0.0,easy
Academic Articles,upcoming,0.74,hard
Academic Articles,decadal,0.76,hard
Academic Articles,survey,0.5,easy
Academic Articles,profession,0.61,hard
Academic Articles,along,0.0,easy
Academic Articles,recent,0.03,easy
Academic Articles,decadal,0.76,hard
Academic Articles,survey,0.5,easy
Academic Articles,astronomy,0.76,hard
Academic Articles,astrophysics,0.78,hard
Academic Articles,ing,0.71,hard
Academic Articles,data,0.13,easy
Academic Articles,seven,0.13,easy
Academic Articles,essential,0.33,easy
Academic Articles,solar,0.73,hard
Academic Articles,space,0.0,easy
Academic Articles,upper,0.41,easy
Academic Articles,atmospheric,0.78,hard
Academic Articles,survey,0.5,easy
Academic Articles,point,0.0,easy
Academic Articles,decadal,0.76,hard
Academic Articles,survey,0.5,easy
Academic Articles,consider,0.12,easy
Academic Articles,survey,0.5,easy
Academic Articles,data,0.13,easy
Academic Articles,data,0.13,easy
Academic Articles,similar,0.06,easy
Academic Articles,data,0.13,easy
Academic Articles,pointed,0.49,easy
Academic Articles,essential,0.33,easy
Academic Articles,among,0.0,easy
Academic Articles,data,0.13,easy
Academic Articles,example,0.0,easy
Academic Articles,demographic,0.77,hard
Academic Articles,information,0.03,easy
Academic Articles,recently,0.18,easy
Academic Articles,cedar,0.69,hard
Academic Articles,community,0.1,easy
Academic Articles,various,0.06,easy
Academic Articles,career,0.16,easy
Academic Articles,undergraduate,0.81,hard
Academic Articles,graduate,0.57,hard
Academic Articles,making,0.0,easy
Academic Articles,difficult,0.07,easy
Academic Articles,spoke,0.41,easy
Academic Articles,significant,0.42,easy
Academic Articles,atmospheric,0.78,hard
Academic Articles,research,0.26,easy
Academic Articles,science,0.04,easy
Academic Articles,bridge,0.06,easy
Academic Articles,program,0.0,easy
Academic Articles,historically,0.79,hard
Academic Articles,especially,0.02,easy
Academic Articles,atmospheric,0.78,hard
Academic Articles,program,0.0,easy
Academic Articles,many,0.0,easy
Academic Articles,current,0.01,easy
Academic Articles,science,0.04,easy
Academic Articles,secondary,0.42,easy
Academic Articles,stereotype,0.69,hard
Academic Articles,threat,0.45,easy
Academic Articles,imposter,0.76,hard
Academic Articles,syndrome,0.69,hard
Academic Articles,implicit,0.74,hard
Academic Articles,systemic,0.76,hard
Academic Articles,racism,0.66,hard
Academic Articles,program,0.0,easy
Academic Articles,reflect,0.45,easy
Academic Articles,low,0.0,easy
Academic Articles,participation,0.69,hard
Academic Articles,historically,0.79,hard
Academic Articles,atmospheric,0.78,hard
Academic Articles,space,0.0,easy
Academic Articles,fully,0.2,easy
Academic Articles,traditional,0.48,easy
Academic Articles,atmospheric,0.78,hard
Academic Articles,science,0.04,easy
Academic Articles,academic,0.58,hard
Academic Articles,lower,0.14,easy
Academic Articles,first,0.0,easy
Academic Articles,perhaps,0.0,easy
Academic Articles,ibid,0.76,hard
Academic Articles,see,0.0,easy
Academic Articles,future,0.0,easy
Academic Articles,space,0.0,easy
Academic Articles,weather,0.14,easy
Academic Articles,research,0.26,easy
Academic Articles,infrastructure,0.79,hard
Academic Articles,national,0.02,easy
Academic Articles,reserved,0.55,hard
Academic Articles,future,0.0,easy
Academic Articles,space,0.0,easy
Academic Articles,weather,0.14,easy
Academic Articles,research,0.26,easy
Academic Articles,infrastructure,0.79,hard
Academic Articles,thus,0.1,easy
Academic Articles,help,0.0,easy
Academic Articles,unique,0.33,easy
Academic Articles,situation,0.05,easy
Academic Articles,better,0.0,easy
Academic Articles,target,0.25,easy
Academic Articles,underrepresentation,0.88,hard
Academic Articles,expanding,0.72,hard
Academic Articles,recruitment,0.77,hard
Academic Articles,tribal,0.74,hard
Academic Articles,historically,0.79,hard
Academic Articles,black,0.0,easy
Academic Articles,various,0.06,easy
Academic Articles,national,0.02,easy
Academic Articles,underrepresentation,0.88,hard
Academic Articles,science,0.04,easy
Academic Articles,help,0.0,easy
Academic Articles,diversify,0.78,hard
Academic Articles,career,0.16,easy
Academic Articles,outside,0.01,easy
Academic Articles,key,0.0,easy
Academic Articles,consideration,0.51,easy
Academic Articles,job,0.0,easy
Academic Articles,culture,0.3,easy
Academic Articles,people,0.0,easy
Academic Articles,like,0.0,easy
Academic Articles,throughout,0.05,easy
Academic Articles,included,0.35,easy
Academic Articles,active,0.11,easy
Academic Articles,employee,0.58,hard
Academic Articles,resource,0.67,hard
Academic Articles,affinity,0.67,hard
Academic Articles,effective,0.08,easy
Academic Articles,retention,0.73,hard
Academic Articles,employee,0.58,hard
Academic Articles,resource,0.67,hard
Academic Articles,goddard,0.78,hard
Academic Articles,space,0.0,easy
Academic Articles,flight,0.09,easy
Academic Articles,center,0.03,easy
Academic Articles,numerous,0.5,easy
Academic Articles,resource,0.67,hard
Academic Articles,active,0.11,easy
Academic Articles,among,0.0,easy
Academic Articles,native,0.38,easy
Academic Articles,community,0.1,easy
Academic Articles,group,0.0,easy
Academic Articles,leadership,0.43,easy
Academic Articles,level,0.0,easy
Academic Articles,attend,0.49,easy
Academic Articles,meet,0.0,easy
Academic Articles,hear,0.01,easy
Academic Articles,effective,0.08,easy
Academic Articles,diversity,0.74,hard
Academic Articles,goddard,0.78,hard
Academic Articles,strong,0.0,easy
Academic Articles,beyond,0.05,easy
Academic Articles,geophysical,0.81,hard
Academic Articles,union,0.16,easy
Academic Articles,program,0.0,easy
Academic Articles,often,0.0,easy
Academic Articles,effective,0.08,easy
Academic Articles,involve,0.51,easy
Academic Articles,partner,0.36,easy
Academic Articles,high,0.0,easy
Academic Articles,school,0.0,easy
Academic Articles,college,0.08,easy
Academic Articles,graduate,0.57,hard
Academic Articles,school,0.0,easy
Academic Articles,cox,0.65,hard
Academic Articles,environment,0.61,hard
Academic Articles,defense,0.12,easy
Academic Articles,attribution,0.8,hard
Academic Articles,orbital,0.74,hard
Academic Articles,asset,0.71,hard
Academic Articles,electromagnetic,0.83,hard
Academic Articles,spectrum,0.71,hard
Academic Articles,link,0.0,easy
Academic Articles,optical,0.71,hard
Academic Articles,space,0.0,easy
Academic Articles,surveillance,0.76,hard
Academic Articles,tech,0.69,hard
Academic Articles,conference,0.51,easy
Academic Articles,summary,0.7,hard
Academic Articles,demographic,0.77,hard
Academic Articles,data,0.13,easy
Academic Articles,diversity,0.74,hard
Academic Articles,engineering,0.68,hard
Academic Articles,medicine,0.54,easy
Academic Articles,university,0.52,easy
Academic Articles,learning,0.24,easy
Academic Articles,improve,0.45,easy
Academic Articles,undergraduate,0.81,hard
Academic Articles,science,0.04,easy
Academic Articles,education,0.08,easy
Academic Articles,nature,0.05,easy
Academic Articles,executive,0.38,easy
Academic Articles,president,0.14,easy
Academic Articles,space,0.0,easy
Academic Articles,weather,0.14,easy
Academic Articles,framework,0.67,hard
Academic Articles,space,0.0,easy
Academic Articles,research,0.26,easy
Academic Articles,mitigation,0.78,hard
Academic Articles,subcommittee,0.79,hard
Academic Articles,national,0.02,easy
Academic Articles,national,0.02,easy
Academic Articles,science,0.04,easy
Academic Articles,technology,0.55,hard
Academic Articles,council,0.62,hard
Academic Articles,solar,0.73,hard
Academic Articles,space,0.0,easy
Academic Articles,physic,0.74,hard
Academic Articles,decadal,0.76,hard
Academic Articles,survey,0.5,easy
Academic Articles,demographic,0.77,hard
Academic Articles,study,0.02,easy
Academic Articles,ann,0.7,hard
Academic Articles,arbor,0.73,hard
Academic Articles,national,0.02,easy
Academic Articles,aeronautics,0.79,hard
Academic Articles,space,0.0,easy
Academic Articles,administration,0.27,easy
Academic Articles,space,0.0,easy
Academic Articles,weather,0.14,easy
Academic Articles,science,0.04,easy
Academic Articles,observation,0.37,easy
Academic Articles,gap,0.57,hard
Academic Articles,analysis,0.41,easy
Academic Articles,national,0.02,easy
Academic Articles,aeronautics,0.79,hard
Academic Articles,space,0.0,easy
Academic Articles,administration,0.27,easy
Academic Articles,space,0.0,easy
Academic Articles,weather,0.14,easy
Academic Articles,science,0.04,easy
Academic Articles,application,0.16,easy
Academic Articles,space,0.0,easy
Academic Articles,weather,0.14,easy
Academic Articles,science,0.04,easy
Academic Articles,application,0.16,easy
Academic Articles,program,0.0,easy
Academic Articles,national,0.02,easy
Academic Articles,engineering,0.68,hard
Academic Articles,medicine,0.54,easy
Academic Articles,future,0.0,easy
Academic Articles,space,0.0,easy
Academic Articles,weather,0.14,easy
Academic Articles,infrastructure,0.79,hard
Academic Articles,workshop,0.7,hard
Academic Articles,national,0.02,easy
Academic Articles,press,0.04,easy
Academic Articles,advancing,0.75,hard
Academic Articles,diversity,0.74,hard
Academic Articles,equity,0.7,hard
Academic Articles,inclusion,0.71,hard
Academic Articles,space,0.0,easy
Academic Articles,national,0.02,easy
Academic Articles,press,0.04,easy
Academic Articles,national,0.02,easy
Academic Articles,oceanic,0.73,hard
Academic Articles,atmospheric,0.78,hard
Academic Articles,administration,0.27,easy
Academic Articles,space,0.0,easy
Academic Articles,weather,0.14,easy
Academic Articles,advisory,0.77,hard
Academic Articles,group,0.0,easy
Academic Articles,news,0.05,easy
Academic Articles,around,0.0,easy
Academic Articles,national,0.02,easy
Academic Articles,science,0.04,easy
Academic Articles,foundation,0.58,hard
Academic Articles,doctorate,0.78,hard
Academic Articles,center,0.03,easy
Academic Articles,science,0.04,easy
Academic Articles,engineering,0.68,hard
Academic Articles,statistic,0.76,hard
Academic Articles,talking,0.02,easy
Academic Articles,leaving,0.16,easy
Academic Articles,persistence,0.73,hard
Academic Articles,relocation,0.79,hard
Academic Articles,stem,0.21,easy
Academic Articles,education,0.08,easy
Academic Articles,cham,0.76,hard
Academic Articles,springer,0.68,hard
Academic Articles,nature,0.05,easy
Academic Articles,cosmic,0.7,hard
Academic Articles,mission,0.19,easy
Academic Articles,atmosphere,0.28,easy
Academic Articles,future,0.0,easy
Academic Articles,space,0.0,easy
Academic Articles,weather,0.14,easy
Academic Articles,research,0.26,easy
Academic Articles,infrastructure,0.79,hard
Academic Articles,national,0.02,easy
Academic Articles,reserved,0.55,hard
Academic Articles,research,0.26,easy
Academic Articles,observation,0.37,easy
Academic Articles,modeling,0.73,hard
Academic Articles,need,0.0,easy
Academic Articles,sun,0.09,easy
Academic Articles,research,0.26,easy
Academic Articles,observation,0.37,easy
Academic Articles,modeling,0.73,hard
Academic Articles,need,0.0,easy
Academic Articles,various,0.06,easy
Academic Articles,weather,0.14,easy
Academic Articles,sun,0.09,easy
Academic Articles,ionosphere,0.76,hard
Academic Articles,ground,0.01,easy
Academic Articles,weather,0.14,easy
Academic Articles,specifically,0.68,hard
Academic Articles,different,0.0,easy
Academic Articles,examine,0.61,hard
Academic Articles,international,0.26,easy
Academic Articles,data,0.13,easy
Academic Articles,future,0.0,easy
Academic Articles,space,0.0,easy
Academic Articles,weather,0.14,easy
Academic Articles,review,0.06,easy
Academic Articles,research,0.26,easy
Academic Articles,key,0.0,easy
Academic Articles,session,0.26,easy
Academic Articles,observation,0.37,easy
Academic Articles,modeling,0.73,hard
Academic Articles,need,0.0,easy
Academic Articles,sun,0.09,easy
Academic Articles,following,0.03,easy
Academic Articles,key,0.0,easy
Academic Articles,system,0.0,easy
Academic Articles,observatory,0.82,hard
Academic Articles,strategically,0.8,hard
Academic Articles,individual,0.05,easy
Academic Articles,science,0.04,easy
Academic Articles,science,0.04,easy
Academic Articles,weather,0.14,easy
Academic Articles,entire,0.01,easy
Academic Articles,understanding,0.27,easy
Academic Articles,behavior,0.3,easy
Academic Articles,single,0.01,easy
Academic Articles,important,0.0,easy
Academic Articles,measurement,0.72,hard
Academic Articles,understanding,0.27,easy
Academic Articles,corona,0.67,hard
Academic Articles,time,0.0,easy
Academic Articles,high,0.0,easy
Academic Articles,time,0.0,easy
Academic Articles,cadence,0.73,hard
Academic Articles,photospheric,0.82,hard
Academic Articles,magnetic,0.65,hard
Academic Articles,validate,0.74,hard
Academic Articles,mass,0.1,easy
Academic Articles,evolution,0.7,hard
Academic Articles,approach,0.08,easy
Academic Articles,earth,0.0,easy
Academic Articles,continuous,0.68,hard
Academic Articles,global,0.65,hard
Academic Articles,solar,0.73,hard
Academic Articles,corona,0.67,hard
Academic Articles,observing,0.75,hard
Academic Articles,robust,0.68,hard
Academic Articles,data,0.13,easy
Academic Articles,crucial,0.58,hard
Academic Articles,important,0.0,easy
Academic Articles,global,0.65,hard
Academic Articles,sun,0.09,easy
Academic Articles,multiple,0.19,easy
Academic Articles,vantage,0.73,hard
Academic Articles,future,0.0,easy
Academic Articles,space,0.0,easy
Academic Articles,weather,0.14,easy
Academic Articles,research,0.26,easy
Academic Articles,infrastructure,0.79,hard
Academic Articles,national,0.02,easy
Academic Articles,reserved,0.55,hard
Academic Articles,future,0.0,easy
Academic Articles,space,0.0,easy
Academic Articles,weather,0.14,easy
Academic Articles,research,0.26,easy
Academic Articles,infrastructure,0.79,hard
Academic Articles,consider,0.12,easy
Academic Articles,adequacy,0.79,hard
Academic Articles,relevant,0.72,hard
Academic Articles,across,0.0,easy
Academic Articles,living,0.0,easy
Academic Articles,program,0.0,easy
Academic Articles,space,0.0,easy
Academic Articles,weather,0.14,easy
Academic Articles,science,0.04,easy
Academic Articles,application,0.16,easy
Academic Articles,initiative,0.65,hard
Academic Articles,national,0.02,easy
Academic Articles,science,0.04,easy
Academic Articles,research,0.26,easy
Academic Articles,research,0.26,easy
Academic Articles,reaching,0.6,hard
Academic Articles,consider,0.12,easy
Academic Articles,data,0.13,easy
Academic Articles,non,0.04,easy
Academic Articles,operational,0.71,hard
Academic Articles,operational,0.71,hard
Academic Articles,assess,0.69,hard
Academic Articles,value,0.01,easy
Academic Articles,need,0.0,easy
Academic Articles,data,0.13,easy
Academic Articles,research,0.26,easy
Academic Articles,forecasting,0.77,hard
Academic Articles,chapter,0.54,easy
Academic Articles,next,0.0,easy
Academic Articles,summarize,0.76,hard
Academic Articles,research,0.26,easy
Academic Articles,observation,0.37,easy
Academic Articles,modeling,0.73,hard
Academic Articles,need,0.0,easy
Academic Articles,sun,0.09,easy
Academic Articles,chapter,0.54,easy
Academic Articles,research,0.26,easy
Academic Articles,observation,0.37,easy
Academic Articles,modeling,0.73,hard
Academic Articles,need,0.0,easy
Academic Articles,ionosphere,0.76,hard
Academic Articles,meso,0.76,hard
Academic Articles,sphere,0.49,easy
Academic Articles,research,0.26,easy
Academic Articles,observation,0.37,easy
Academic Articles,modeling,0.73,hard
Academic Articles,ground,0.01,easy
Academic Articles,various,0.06,easy
Academic Articles,traditional,0.48,easy
Academic Articles,form,0.0,easy
Academic Articles,panelist,0.76,hard
Academic Articles,significant,0.42,easy
Academic Articles,overlap,0.64,hard
Academic Articles,among,0.0,easy
Academic Articles,output,0.42,easy
Academic Articles,effort,0.07,easy
Academic Articles,session,0.26,easy
Academic Articles,synthesis,0.72,hard
Academic Articles,several,0.0,easy
Academic Articles,session,0.26,easy
Academic Articles,workshop,0.7,hard
Academic Articles,observation,0.37,easy
Academic Articles,need,0.0,easy
Academic Articles,sun,0.09,easy
Academic Articles,four,0.0,easy
Academic Articles,keynote,0.69,hard
Academic Articles,various,0.06,easy
Academic Articles,research,0.26,easy
Academic Articles,need,0.0,easy
Academic Articles,mainly,0.52,easy
Academic Articles,sun,0.09,easy
Academic Articles,model,0.15,easy
Academic Articles,observation,0.37,easy
Academic Articles,need,0.0,easy
Academic Articles,sun,0.09,easy
Academic Articles,panel,0.37,easy
Academic Articles,observation,0.37,easy
Academic Articles,need,0.0,easy
Academic Articles,solar,0.73,hard
Academic Articles,wind,0.05,easy
Academic Articles,four,0.0,easy
Academic Articles,keynote,0.69,hard
Academic Articles,drew,0.49,easy
Academic Articles,applied,0.43,easy
Academic Articles,physic,0.74,hard
Academic Articles,university,0.52,easy
Academic Articles,goddard,0.78,hard
Academic Articles,space,0.0,easy
Academic Articles,flight,0.09,easy
Academic Articles,space,0.0,easy
Academic Articles,center,0.03,easy
Academic Articles,given,0.0,easy
Academic Articles,following,0.03,easy
Academic Articles,key,0.0,easy
Academic Articles,consideration,0.51,easy
Academic Articles,predictive,0.78,hard
Academic Articles,following,0.03,easy
Academic Articles,shown,0.04,easy
Academic Articles,research,0.26,easy
Academic Articles,understanding,0.27,easy
Academic Articles,turner,0.67,hard
Academic Articles,weather,0.14,easy
Academic Articles,science,0.04,easy
Academic Articles,space,0.0,easy
Academic Articles,national,0.02,easy
Academic Articles,aeronautics,0.79,hard
Academic Articles,space,0.0,easy
Academic Articles,administration,0.27,easy
Academic Articles,national,0.02,easy
Academic Articles,science,0.04,easy
Academic Articles,foundation,0.58,hard
Academic Articles,national,0.02,easy
Academic Articles,oceanic,0.73,hard
Academic Articles,atmospheric,0.78,hard
Academic Articles,following,0.03,easy
Academic Articles,stealth,0.73,hard
Academic Articles,clear,0.0,easy
Academic Articles,talk,0.0,easy
Academic Articles,key,0.0,easy
Academic Articles,gap,0.57,hard
Academic Articles,analysis,0.41,easy
Academic Articles,university,0.52,easy
Academic Articles,applied,0.43,easy
Academic Articles,physic,0.74,hard
Academic Articles,laboratory,0.76,hard
Academic Articles,explicit,0.68,hard
Academic Articles,task,0.24,easy
Academic Articles,space,0.0,easy
Academic Articles,weather,0.14,easy
Academic Articles,predictive,0.78,hard
Academic Articles,weather,0.14,easy
Academic Articles,turner,0.67,hard
Academic Articles,defined,0.5,easy
Academic Articles,space,0.0,easy
Academic Articles,intersection,0.69,hard
Academic Articles,natural,0.02,easy
Academic Articles,space,0.0,easy
Academic Articles,scientific,0.57,hard
Academic Articles,research,0.26,easy
Academic Articles,technology,0.55,hard
Academic Articles,require,0.3,easy
Academic Articles,risk,0.33,easy
Academic Articles,space,0.0,easy
Academic Articles,weather,0.14,easy
Academic Articles,span,0.53,easy
Academic Articles,applied,0.43,easy
Academic Articles,science,0.04,easy
Academic Articles,future,0.0,easy
Academic Articles,space,0.0,easy
Academic Articles,weather,0.14,easy
Academic Articles,research,0.26,easy
Academic Articles,infrastructure,0.79,hard
Academic Articles,national,0.02,easy
Academic Articles,reserved,0.55,hard
Academic Articles,sun,0.09,easy
Academic Articles,gap,0.57,hard
Academic Articles,analysis,0.41,easy
Academic Articles,turner,0.67,hard
Academic Articles,space,0.0,easy
Academic Articles,weather,0.14,easy
Academic Articles,effect,0.0,easy
Academic Articles,five,0.0,easy
Academic Articles,direct,0.05,easy
Academic Articles,sun,0.09,easy
Academic Articles,solar,0.73,hard
Academic Articles,radio,0.22,easy
Academic Articles,radiation,0.47,easy
Academic Articles,effect,0.0,easy
Academic Articles,ionospheric,0.8,hard
Academic Articles,effect,0.0,easy
Academic Articles,affect,0.49,easy
Academic Articles,radio,0.22,easy
Academic Articles,signal,0.48,easy
Academic Articles,propagation,0.77,hard
Academic Articles,expansion,0.28,easy
Academic Articles,induced,0.71,hard
Academic Articles,affect,0.49,easy
Academic Articles,critical,0.41,easy
Academic Articles,ground,0.01,easy
Academic Articles,report,0.06,easy
Academic Articles,various,0.06,easy
Academic Articles,space,0.0,easy
Academic Articles,weather,0.14,easy
Academic Articles,likelihood,0.76,hard
Academic Articles,combined,0.55,hard
Academic Articles,risk,0.33,easy
Academic Articles,analysis,0.41,easy
Academic Articles,current,0.01,easy
Academic Articles,space,0.0,easy
Academic Articles,weather,0.14,easy
Academic Articles,observation,0.37,easy
Academic Articles,gap,0.57,hard
Academic Articles,top,0.0,easy
Academic Articles,resulting,0.63,hard
Academic Articles,list,0.0,easy
Academic Articles,solar,0.73,hard
Academic Articles,solar,0.73,hard
Academic Articles,wind,0.05,easy
Academic Articles,line,0.0,easy
Academic Articles,ionospheric,0.8,hard
Academic Articles,key,0.0,easy
Academic Articles,solar,0.73,hard
Academic Articles,key,0.0,easy
Academic Articles,energetic,0.72,hard
Academic Articles,particle,0.71,hard
Academic Articles,precipitation,0.76,hard
Academic Articles,cusp,0.7,hard
Academic Articles,auroral,0.77,hard
Academic Articles,precipitation,0.76,hard
Academic Articles,ring,0.08,easy
Academic Articles,current,0.01,easy
Academic Articles,radiation,0.47,easy
Academic Articles,belt,0.44,easy
Academic Articles,plasma,0.7,hard
Academic Articles,sheet,0.3,easy
Academic Articles,orbit,0.63,hard
Academic Articles,geo,0.76,hard
Academic Articles,medium,0.23,easy
Academic Articles,earth,0.0,easy
Academic Articles,orbit,0.63,hard
Academic Articles,based,0.01,easy
Academic Articles,asset,0.71,hard
Academic Articles,turner,0.67,hard
Academic Articles,audience,0.0,easy
Academic Articles,gap,0.57,hard
Academic Articles,analysis,0.41,easy
Academic Articles,asset,0.71,hard
Academic Articles,observational,0.82,hard
Academic Articles,approach,0.08,easy
Academic Articles,supporting,0.23,easy
Academic Articles,infrastructure,0.79,hard
Academic Articles,space,0.0,easy
Academic Articles,weather,0.14,easy
Academic Articles,develop,0.12,easy
Academic Articles,see,0.0,easy
Academic Articles,figure,0.02,easy
Academic Articles,persistent,0.66,hard
Academic Articles,turner,0.67,hard
Academic Articles,could,0.0,easy
Academic Articles,provide,0.04,easy
Academic Articles,solar,0.73,hard
Academic Articles,disk,0.42,easy
Academic Articles,solar,0.73,hard
Academic Articles,corona,0.67,hard
Academic Articles,solar,0.73,hard
Academic Articles,wind,0.05,easy
Academic Articles,useful,0.52,easy
Academic Articles,measuring,0.73,hard
Academic Articles,potentially,0.74,hard
Academic Articles,active,0.11,easy
Academic Articles,solar,0.73,hard
Academic Articles,wind,0.05,easy
Academic Articles,stream,0.37,easy
Academic Articles,figure,0.02,easy
Academic Articles,persistent,0.66,hard
Academic Articles,observational,0.82,hard
Academic Articles,solar,0.73,hard
Academic Articles,wind,0.05,easy
Academic Articles,specifically,0.68,hard
Academic Articles,provide,0.04,easy
Academic Articles,comprehensive,0.73,hard
Academic Articles,solar,0.73,hard
Academic Articles,disk,0.42,easy
Academic Articles,coverage,0.69,hard
Academic Articles,note,0.01,easy
Academic Articles,corona,0.67,hard
Academic Articles,mass,0.1,easy
Academic Articles,ejection,0.74,hard
Academic Articles,solar,0.73,hard
Academic Articles,energetic,0.72,hard
Academic Articles,particle,0.71,hard
Academic Articles,source,0.05,easy
Academic Articles,drew,0.49,easy
Academic Articles,turner,0.67,hard
Academic Articles,university,0.52,easy
Academic Articles,applied,0.43,easy
Academic Articles,physic,0.74,hard
Academic Articles,laboratory,0.76,hard
Academic Articles,grid,0.67,hard
Academic Articles,persistent,0.66,hard
Academic Articles,observational,0.82,hard
Academic Articles,coverage,0.69,hard
Academic Articles,solar,0.73,hard
Academic Articles,driver,0.2,easy
Academic Articles,solar,0.73,hard
Academic Articles,wind,0.05,easy
Academic Articles,plus,0.29,easy
Academic Articles,upstream,0.74,hard
Academic Articles,parker,0.72,hard
Academic Articles,remote,0.39,easy
Academic Articles,comprehensive,0.73,hard
Academic Articles,solar,0.73,hard
Academic Articles,disk,0.42,easy
Academic Articles,solar,0.73,hard
Academic Articles,wind,0.05,easy
Academic Articles,combined,0.55,hard
Academic Articles,solar,0.73,hard
Academic Articles,wind,0.05,easy
Academic Articles,advanced,0.32,easy
Academic Articles,parker,0.72,hard
Academic Articles,spiral,0.55,hard
Academic Articles,comprehensive,0.73,hard
Academic Articles,solar,0.73,hard
Academic Articles,disk,0.42,easy
Academic Articles,active,0.11,easy
Academic Articles,region,0.45,easy
Academic Articles,solar,0.73,hard
Academic Articles,wind,0.05,easy
Academic Articles,comprehensive,0.73,hard
Academic Articles,solar,0.73,hard
Academic Articles,disk,0.42,easy
Academic Articles,active,0.11,easy
Academic Articles,region,0.45,easy
Academic Articles,future,0.0,easy
Academic Articles,space,0.0,easy
Academic Articles,weather,0.14,easy
Academic Articles,research,0.26,easy
Academic Articles,infrastructure,0.79,hard
Academic Articles,national,0.02,easy
Academic Articles,reserved,0.55,hard
Academic Articles,future,0.0,easy
Academic Articles,space,0.0,easy
Academic Articles,weather,0.14,easy
Academic Articles,research,0.26,easy
Academic Articles,infrastructure,0.79,hard
Academic Articles,solar,0.73,hard
Academic Articles,energetic,0.72,hard
Academic Articles,forecasting,0.77,hard
Academic Articles,chal,0.76,hard
Academic Articles,communication,0.63,hard
Academic Articles,turner,0.67,hard
Academic Articles,additional,0.42,easy
Academic Articles,solar,0.73,hard
Academic Articles,wind,0.05,easy
Academic Articles,boundary,0.69,hard
Academic Articles,could,0.0,easy
Academic Articles,provide,0.04,easy
Academic Articles,better,0.0,easy
Academic Articles,specification,0.79,hard
Academic Articles,finally,0.03,easy
Academic Articles,persistent,0.66,hard
Academic Articles,radiation,0.47,easy
Academic Articles,environment,0.61,hard
Academic Articles,lunar,0.74,hard
Academic Articles,astronaut,0.74,hard
Academic Articles,infrastructure,0.79,hard
Academic Articles,comprehensive,0.73,hard
Academic Articles,sphere,0.49,easy
Academic Articles,radiation,0.47,easy
Academic Articles,belt,0.44,easy
Academic Articles,science,0.04,easy
Academic Articles,space,0.0,easy
Academic Articles,weather,0.14,easy
Academic Articles,turner,0.67,hard
Academic Articles,noted,0.39,easy
Academic Articles,next,0.0,easy
Academic Articles,thin,0.03,easy
Academic Articles,host,0.33,easy
Academic Articles,around,0.0,easy
Academic Articles,need,0.0,easy
Academic Articles,accurate,0.64,hard
Academic Articles,space,0.0,easy
Academic Articles,weather,0.14,easy
Academic Articles,could,0.0,easy
Academic Articles,region,0.45,easy
Academic Articles,turner,0.67,hard
Academic Articles,filling,0.53,easy
Academic Articles,observational,0.82,hard
Academic Articles,approach,0.08,easy
Academic Articles,concurrent,0.77,hard
Academic Articles,strategy,0.69,hard
Academic Articles,agen,0.75,hard
Academic Articles,implementation,0.79,hard
Academic Articles,observing,0.75,hard
Academic Articles,system,0.0,easy
Academic Articles,simulation,0.76,hard
Academic Articles,analysis,0.41,easy
Academic Articles,magnetic,0.65,hard
Academic Articles,field,0.0,easy
Academic Articles,versus,0.69,hard
Academic Articles,transport,0.22,easy
Academic Articles,assimilation,0.75,hard
Academic Articles,machine,0.06,easy
Academic Articles,learning,0.24,easy
Academic Articles,data,0.13,easy
Academic Articles,next,0.0,easy
Academic Articles,talk,0.0,easy
Academic Articles,space,0.0,easy
Academic Articles,weather,0.14,easy
Academic Articles,understand,0.03,easy
Academic Articles,relevant,0.72,hard
Academic Articles,physical,0.07,easy
Academic Articles,solar,0.73,hard
Academic Articles,wind,0.05,easy
Academic Articles,structure,0.09,easy
Academic Articles,turbulence,0.74,hard
Academic Articles,nonlinear,0.79,hard
Academic Articles,ionospheric,0.8,hard
Academic Articles,coupling,0.71,hard
Academic Articles,neutral,0.51,easy
Academic Articles,atmosphere,0.28,easy
Academic Articles,ionosphere,0.76,hard
Academic Articles,furthermore,0.76,hard
Academic Articles,physical,0.07,easy
Academic Articles,dynamic,0.62,hard
Academic Articles,across,0.0,easy
Academic Articles,spatial,0.74,hard
Academic Articles,temporal,0.69,hard
Academic Articles,scale,0.05,easy
Academic Articles,space,0.0,easy
Academic Articles,weather,0.14,easy
Academic Articles,benefit,0.41,easy
Academic Articles,collaboration,0.78,hard
Academic Articles,plasma,0.7,hard
Academic Articles,physic,0.74,hard
Academic Articles,already,0.0,easy
Academic Articles,taking,0.02,easy
Academic Articles,computational,0.83,hard
Academic Articles,earth,0.0,easy
Academic Articles,whose,0.0,easy
Academic Articles,atmospheric,0.78,hard
Academic Articles,important,0.0,easy
Academic Articles,understanding,0.27,easy
Academic Articles,space,0.0,easy
Academic Articles,advanced,0.32,easy
Academic Articles,assimilation,0.75,hard
Academic Articles,model,0.15,easy
Academic Articles,better,0.0,easy
Academic Articles,continuous,0.68,hard
Academic Articles,solar,0.73,hard
Academic Articles,magnetic,0.65,hard
Academic Articles,field,0.0,easy
Academic Articles,use,0.0,easy
Academic Articles,ma,0.58,hard
Academic Articles,parallel,0.24,easy
Academic Articles,computational,0.83,hard
Academic Articles,community,0.1,easy
Academic Articles,modeling,0.73,hard
Academic Articles,center,0.03,easy
Academic Articles,international,0.26,easy
Academic Articles,space,0.0,easy
Academic Articles,weather,0.14,easy
Academic Articles,action,0.0,easy
Academic Articles,team,0.09,easy
Academic Articles,making,0.0,easy
Academic Articles,validation,0.79,hard
Academic Articles,however,0.0,easy
Academic Articles,serious,0.02,easy
Academic Articles,new,0.0,easy
Academic Articles,computational,0.83,hard
Academic Articles,weather,0.14,easy
Academic Articles,make,0.0,easy
Academic Articles,help,0.0,easy
Academic Articles,improve,0.45,easy
Academic Articles,space,0.0,easy
Academic Articles,weather,0.14,easy
Academic Articles,forecasting,0.77,hard
Academic Articles,undertaking,0.77,hard
Academic Articles,complex,0.02,easy
Academic Articles,earth,0.0,easy
Academic Articles,system,0.0,easy
Academic Articles,space,0.0,easy
Academic Articles,weather,0.14,easy
Academic Articles,require,0.3,easy
Academic Articles,additional,0.42,easy
Academic Articles,notion,0.53,easy
Academic Articles,full,0.0,easy
Academic Articles,plasma,0.7,hard
Academic Articles,magnetic,0.65,hard
Academic Articles,field,0.0,easy
Academic Articles,geomagnetic,0.84,hard
Academic Articles,radiation,0.47,easy
Academic Articles,belt,0.44,easy
Academic Articles,measuring,0.73,hard
Academic Articles,hour,0.0,easy
Academic Articles,lead,0.0,easy
Academic Articles,time,0.0,easy
Academic Articles,knowing,0.38,easy
Academic Articles,plasma,0.7,hard
Academic Articles,leaf,0.31,easy
Academic Articles,sun,0.09,easy
Academic Articles,give,0.0,easy
Academic Articles,lead,0.0,easy
Academic Articles,time,0.0,easy
Academic Articles,currently,0.54,easy
Academic Articles,feasible,0.75,hard
Academic Articles,coronal,0.76,hard
Academic Articles,mass,0.1,easy
Academic Articles,interplanetary,0.83,hard
Academic Articles,magnetic,0.65,hard
Academic Articles,field,0.0,easy
Academic Articles,thus,0.1,easy
Academic Articles,critical,0.41,easy
Academic Articles,space,0.0,easy
Academic Articles,weather,0.14,easy
Academic Articles,magnetic,0.65,hard
Academic Articles,typically,0.74,hard
Academic Articles,ing,0.71,hard
Academic Articles,interaction,0.69,hard
Academic Articles,complex,0.02,easy
Academic Articles,ordered,0.49,easy
Academic Articles,lead,0.0,easy
Academic Articles,time,0.0,easy
Academic Articles,increasing,0.45,easy
Academic Articles,accuracy,0.71,hard
Academic Articles,primary,0.24,easy
Academic Articles,forecasting,0.77,hard
Academic Articles,prediction,0.75,hard
Academic Articles,modeling,0.73,hard
Academic Articles,remote,0.39,easy
Academic Articles,see,0.0,easy
Academic Articles,figure,0.02,easy
Academic Articles,future,0.0,easy
Academic Articles,space,0.0,easy
Academic Articles,weather,0.14,easy
Academic Articles,research,0.26,easy
Academic Articles,infrastructure,0.79,hard
Academic Articles,national,0.02,easy
Academic Articles,reserved,0.55,hard
Academic Articles,sun,0.09,easy
Academic Articles,key,0.0,easy
Academic Articles,revolve,0.72,hard
Academic Articles,around,0.0,easy
Academic Articles,way,0.0,easy
Academic Articles,active,0.11,easy
Academic Articles,emerge,0.55,hard
Academic Articles,evolve,0.66,hard
Academic Articles,around,0.0,easy
Academic Articles,active,0.11,easy
Academic Articles,coronal,0.76,hard
Academic Articles,eruption,0.66,hard
Academic Articles,computational,0.83,hard
Academic Articles,require,0.3,easy
Academic Articles,physic,0.74,hard
Academic Articles,description,0.52,easy
Academic Articles,long,0.0,easy
Academic Articles,day,0.0,easy
Academic Articles,lead,0.0,easy
Academic Articles,time,0.0,easy
Academic Articles,better,0.0,easy
Academic Articles,accuracy,0.71,hard
Academic Articles,lead,0.0,easy
Academic Articles,day,0.0,easy
Academic Articles,remote,0.39,easy
Academic Articles,either,0.0,easy
Academic Articles,solar,0.73,hard
Academic Articles,observational,0.82,hard
Academic Articles,empirical,0.75,hard
Academic Articles,however,0.0,easy
Academic Articles,complex,0.02,easy
Academic Articles,possibly,0.29,easy
Academic Articles,solar,0.73,hard
Academic Articles,maximum,0.47,easy
Academic Articles,full,0.0,easy
Academic Articles,incorporate,0.74,hard
Academic Articles,multiple,0.19,easy
Academic Articles,currently,0.54,easy
Academic Articles,nonstandard,0.75,hard
Academic Articles,example,0.0,easy
Academic Articles,variable,0.54,easy
Academic Articles,solar,0.73,hard
Academic Articles,wind,0.05,easy
Academic Articles,successive,0.75,hard
Academic Articles,unusual,0.49,easy
Academic Articles,stated,0.49,easy
Academic Articles,remote,0.39,easy
Academic Articles,key,0.0,easy
Academic Articles,modeling,0.73,hard
Academic Articles,key,0.0,easy
Academic Articles,science,0.04,easy
Academic Articles,include,0.12,easy
Academic Articles,formation,0.54,easy
Academic Articles,evolution,0.7,hard
Academic Articles,complex,0.02,easy
Academic Articles,stealth,0.73,hard
Academic Articles,area,0.01,easy
Academic Articles,dis,0.72,hard
Academic Articles,tinct,0.74,hard
Academic Articles,observational,0.82,hard
Academic Articles,line,0.0,easy
Academic Articles,particularly,0.09,easy
Academic Articles,valuable,0.56,hard
Academic Articles,polar,0.64,hard
Academic Articles,magnetic,0.65,hard
Academic Articles,best,0.0,easy
Academic Articles,done,0.0,easy
Academic Articles,ecliptic,0.76,hard
Academic Articles,plane,0.05,easy
Academic Articles,solar,0.73,hard
Academic Articles,wind,0.05,easy
Academic Articles,related,0.3,easy
Academic Articles,standing,0.09,easy
Academic Articles,sheath,0.69,hard
Academic Articles,deflection,0.72,hard
Academic Articles,different,0.0,easy
Academic Articles,data,0.13,easy
Academic Articles,remote,0.39,easy
Academic Articles,ensemble,0.61,hard
Academic Articles,figure,0.02,easy
Academic Articles,lead,0.0,easy
Academic Articles,time,0.0,easy
Academic Articles,versus,0.69,hard
Academic Articles,modeling,0.73,hard
Academic Articles,note,0.01,easy
Academic Articles,space,0.0,easy
Academic Articles,weather,0.14,easy
Academic Articles,workshop,0.7,hard
Academic Articles,lead,0.0,easy
Academic Articles,different,0.0,easy
Academic Articles,lead,0.0,easy
Academic Articles,time,0.0,easy
Academic Articles,shock,0.07,easy
Academic Articles,solar,0.73,hard
Academic Articles,cruiser,0.71,hard
Academic Articles,cusp,0.7,hard
Academic Articles,min,0.68,hard
Academic Articles,implementation,0.79,hard
Academic Articles,diamond,0.6,hard
Academic Articles,day,0.0,easy
Academic Articles,implementation,0.79,hard
Academic Articles,ground,0.01,easy
Academic Articles,stereo,0.65,hard
Academic Articles,punch,0.45,easy
Academic Articles,vigil,0.73,hard
Academic Articles,modeling,0.73,hard
Academic Articles,day,0.0,easy
Academic Articles,note,0.01,easy
Academic Articles,directly,0.18,easy
Academic Articles,future,0.0,easy
Academic Articles,space,0.0,easy
Academic Articles,weather,0.14,easy
Academic Articles,research,0.26,easy
Academic Articles,infrastructure,0.79,hard
Academic Articles,national,0.02,easy
Academic Articles,reserved,0.55,hard
Academic Articles,future,0.0,easy
Academic Articles,space,0.0,easy
Academic Articles,weather,0.14,easy
Academic Articles,research,0.26,easy
Academic Articles,infrastructure,0.79,hard
Academic Articles,machine,0.06,easy
Academic Articles,learning,0.24,easy
Academic Articles,however,0.0,easy
Academic Articles,accurate,0.64,hard
Academic Articles,polarity,0.79,hard
Academic Articles,affecting,0.72,hard
Academic Articles,solar,0.73,hard
Academic Articles,wind,0.05,easy
Academic Articles,primarily,0.59,hard
Academic Articles,multiple,0.19,easy
Academic Articles,characterize,0.77,hard
Academic Articles,solar,0.73,hard
Academic Articles,wind,0.05,easy
Academic Articles,key,0.0,easy
Academic Articles,science,0.04,easy
Academic Articles,involve,0.51,easy
Academic Articles,example,0.0,easy
Academic Articles,solar,0.73,hard
Academic Articles,hour,0.0,easy
Academic Articles,travel,0.27,easy
Academic Articles,time,0.0,easy
Academic Articles,bow,0.37,easy
Academic Articles,shock,0.07,easy
Academic Articles,relevant,0.72,hard
Academic Articles,solar,0.73,hard
Academic Articles,wind,0.05,easy
Academic Articles,prior,0.4,easy
Academic Articles,shown,0.04,easy
Academic Articles,solar,0.73,hard
Academic Articles,wind,0.05,easy
Academic Articles,bow,0.37,easy
Academic Articles,shock,0.07,easy
Academic Articles,small,0.0,easy
Academic Articles,pointed,0.49,easy
Academic Articles,systemic,0.76,hard
Academic Articles,approach,0.08,easy
Academic Articles,random,0.47,easy
Academic Articles,final,0.02,easy
Academic Articles,presentation,0.59,hard
Academic Articles,solar,0.73,hard
Academic Articles,energetic,0.72,hard
Academic Articles,particle,0.71,hard
Academic Articles,sufficiently,0.71,hard
Academic Articles,radiation,0.47,easy
Academic Articles,noted,0.39,easy
Academic Articles,international,0.26,easy
Academic Articles,space,0.0,easy
Academic Articles,station,0.06,easy
Academic Articles,take,0.0,easy
Academic Articles,earth,0.0,easy
Academic Articles,orbit,0.63,hard
Academic Articles,inside,0.02,easy
Academic Articles,protective,0.69,hard
Academic Articles,however,0.0,easy
Academic Articles,farther,0.6,hard
Academic Articles,become,0.0,easy
Academic Articles,increasingly,0.64,hard
Academic Articles,important,0.0,easy
Academic Articles,furthermore,0.76,hard
Academic Articles,consistent,0.57,hard
Academic Articles,across,0.0,easy
Academic Articles,community,0.1,easy
Academic Articles,space,0.0,easy
Academic Articles,radiation,0.47,easy
Academic Articles,analysis,0.41,easy
Academic Articles,group,0.0,easy
Academic Articles,requirement,0.65,hard
Academic Articles,research,0.26,easy
Academic Articles,energy,0.17,easy
Academic Articles,noted,0.39,easy
Academic Articles,ensure,0.67,hard
Academic Articles,better,0.0,easy
Academic Articles,usability,0.8,hard
Academic Articles,validation,0.79,hard
Academic Articles,associated,0.64,hard
Academic Articles,fast,0.03,easy
Academic Articles,occur,0.48,easy
Academic Articles,rarely,0.47,easy
Academic Articles,thus,0.1,easy
Academic Articles,data,0.13,easy
Academic Articles,sparse,0.72,hard
Academic Articles,statistical,0.78,hard
Academic Articles,modeling,0.73,hard
Academic Articles,flare,0.43,easy
Academic Articles,occur,0.48,easy
Academic Articles,wide,0.03,easy
Academic Articles,event,0.05,easy
Academic Articles,thus,0.1,easy
Academic Articles,phenomenon,0.69,hard
Academic Articles,increase,0.01,easy
Academic Articles,figure,0.02,easy
Academic Articles,use,0.0,easy
Academic Articles,information,0.03,easy
Academic Articles,radio,0.22,easy
Academic Articles,particle,0.71,hard
Academic Articles,increase,0.01,easy
Academic Articles,unfortunately,0.23,easy
Academic Articles,currently,0.54,easy
Academic Articles,event,0.05,easy
Academic Articles,suffer,0.32,easy
Academic Articles,data,0.13,easy
Academic Articles,latency,0.76,hard
Academic Articles,manual,0.68,hard
Academic Articles,occasionally,0.55,hard
Academic Articles,analysis,0.41,easy
Academic Articles,run,0.0,easy
Academic Articles,time,0.0,easy
Academic Articles,machine,0.06,easy
Academic Articles,learning,0.24,easy
Academic Articles,particularly,0.09,easy
Academic Articles,final,0.02,easy
Academic Articles,entire,0.01,easy
Academic Articles,need,0.0,easy
Academic Articles,extreme,0.35,easy
Academic Articles,ultraviolet,0.8,hard
Academic Articles,magnetic,0.65,hard
Academic Articles,field,0.0,easy
Academic Articles,energetic,0.72,hard
Academic Articles,particle,0.71,hard
Academic Articles,critical,0.41,easy
Academic Articles,reliable,0.64,hard
Academic Articles,accurate,0.64,hard
Academic Articles,space,0.0,easy
Academic Articles,weather,0.14,easy
Academic Articles,data,0.13,easy
Academic Articles,phenomenon,0.69,hard
Academic Articles,production,0.01,easy
Academic Articles,publicly,0.68,hard
Academic Articles,avail,0.65,hard
Academic Articles,able,0.0,easy
Academic Articles,deployment,0.78,hard
Academic Articles,require,0.3,easy
Academic Articles,sun,0.09,easy
Academic Articles,solar,0.73,hard
Academic Articles,panel,0.37,easy
Academic Articles,member,0.12,easy
Academic Articles,pete,0.75,hard
Academic Articles,riley,0.77,hard
Academic Articles,university,0.52,easy
Academic Articles,university,0.52,easy
Academic Articles,corporation,0.59,hard
Academic Articles,atmospheric,0.78,hard
Academic Articles,research,0.26,easy
Academic Articles,cooper,0.7,hard
Academic Articles,science,0.04,easy
Academic Articles,southwest,0.65,hard
Academic Articles,research,0.26,easy
Academic Articles,institute,0.72,hard
Academic Articles,national,0.02,easy
Academic Articles,solar,0.73,hard
Academic Articles,observatory,0.82,hard
Academic Articles,future,0.0,easy
Academic Articles,space,0.0,easy
Academic Articles,weather,0.14,easy
Academic Articles,research,0.26,easy
Academic Articles,infrastructure,0.79,hard
Academic Articles,national,0.02,easy
Academic Articles,reserved,0.55,hard
Academic Articles,sun,0.09,easy
Academic Articles,figure,0.02,easy
Academic Articles,forecasting,0.77,hard
Academic Articles,lead,0.0,easy
Academic Articles,time,0.0,easy
Academic Articles,note,0.01,easy
Academic Articles,coronal,0.76,hard
Academic Articles,mass,0.1,easy
Academic Articles,ejection,0.74,hard
Academic Articles,source,0.05,easy
Academic Articles,space,0.0,easy
Academic Articles,center,0.03,easy
Academic Articles,figure,0.02,easy
Academic Articles,space,0.0,easy
Academic Articles,weather,0.14,easy
Academic Articles,forecasting,0.77,hard
Academic Articles,note,0.01,easy
Academic Articles,extreme,0.35,easy
Academic Articles,synchronous,0.77,hard
Academic Articles,serial,0.59,hard
Academic Articles,interface,0.67,hard
Academic Articles,source,0.05,easy
Academic Articles,space,0.0,easy
Academic Articles,center,0.03,easy
Academic Articles,future,0.0,easy
Academic Articles,space,0.0,easy
Academic Articles,weather,0.14,easy
Academic Articles,research,0.26,easy
Academic Articles,infrastructure,0.79,hard
Academic Articles,national,0.02,easy
Academic Articles,reserved,0.55,hard
Academic Articles,future,0.0,easy
Academic Articles,space,0.0,easy
Academic Articles,weather,0.14,easy
Academic Articles,research,0.26,easy
Academic Articles,infrastructure,0.79,hard
Academic Articles,figure,0.02,easy
Academic Articles,photospheric,0.82,hard
Academic Articles,radial,0.71,hard
Academic Articles,magnetic,0.65,hard
Academic Articles,upper,0.41,easy
Academic Articles,left,0.0,easy
Academic Articles,corona,0.67,hard
Academic Articles,open,0.0,easy
Academic Articles,flux,0.46,easy
Academic Articles,showing,0.12,easy
Academic Articles,active,0.11,easy
Academic Articles,emerge,0.55,hard
Academic Articles,whole,0.0,easy
Academic Articles,corona,0.67,hard
Academic Articles,current,0.01,easy
Academic Articles,measure,0.06,easy
Academic Articles,change,0.0,easy
Academic Articles,active,0.11,easy
Academic Articles,region,0.45,easy
Academic Articles,around,0.0,easy
Academic Articles,solar,0.73,hard
Academic Articles,limb,0.62,hard
Academic Articles,cooper,0.7,hard
Academic Articles,predictive,0.78,hard
Academic Articles,science,0.04,easy
Academic Articles,solar,0.73,hard
Academic Articles,dynamic,0.62,hard
Academic Articles,observatory,0.82,hard
Academic Articles,joint,0.3,easy
Academic Articles,science,0.04,easy
Academic Articles,center,0.03,easy
Academic Articles,field,0.0,easy
Academic Articles,source,0.05,easy
Academic Articles,surface,0.09,easy
Academic Articles,coronal,0.76,hard
Academic Articles,field,0.0,easy
Academic Articles,model,0.15,easy
Academic Articles,solar,0.73,hard
Academic Articles,group,0.0,easy
Academic Articles,predictive,0.78,hard
Academic Articles,science,0.04,easy
Academic Articles,theme,0.01,easy
Academic Articles,panel,0.37,easy
Academic Articles,single,0.01,easy
Academic Articles,important,0.0,easy
Academic Articles,measurement,0.72,hard
Academic Articles,understanding,0.27,easy
Academic Articles,corona,0.67,hard
Academic Articles,temporal,0.69,hard
Academic Articles,photospheric,0.82,hard
Academic Articles,magnetic,0.65,hard
Academic Articles,field,0.0,easy
Academic Articles,magnetic,0.65,hard
Academic Articles,bound,0.14,easy
Academic Articles,ary,0.76,hard
Academic Articles,solar,0.73,hard
Academic Articles,atmosphere,0.28,easy
Academic Articles,thishow,0.76,hard
Academic Articles,solar,0.73,hard
Academic Articles,corona,0.67,hard
Academic Articles,solar,0.73,hard
Academic Articles,wind,0.05,easy
Academic Articles,driven,0.45,easy
Academic Articles,space,0.0,easy
Academic Articles,corona,0.67,hard
Academic Articles,solar,0.73,hard
Academic Articles,wind,0.05,easy
Academic Articles,stream,0.37,easy
Academic Articles,interaction,0.69,hard
Academic Articles,inner,0.43,easy
Academic Articles,boundary,0.69,hard
Academic Articles,physical,0.07,easy
Academic Articles,energy,0.17,easy
Academic Articles,storage,0.54,easy
Academic Articles,release,0.03,easy
Academic Articles,current,0.01,easy
Academic Articles,observational,0.82,hard
Academic Articles,polar,0.64,hard
Academic Articles,mag,0.74,hard
Academic Articles,field,0.0,easy
Academic Articles,limited,0.19,easy
Academic Articles,far,0.0,easy
Academic Articles,sun,0.09,easy
Academic Articles,missing,0.05,easy
Academic Articles,current,0.01,easy
Academic Articles,full,0.0,easy
Academic Articles,solar,0.73,hard
Academic Articles,artificially,0.81,hard
Academic Articles,evolve,0.66,hard
Academic Articles,observational,0.82,hard
Academic Articles,sun,0.09,easy
Academic Articles,visible,0.47,easy
Academic Articles,thus,0.1,easy
Academic Articles,well,0.0,easy
Academic Articles,time,0.0,easy
Academic Articles,solar,0.73,hard
Academic Articles,well,0.0,easy
Academic Articles,constrained,0.75,hard
Academic Articles,global,0.65,hard
Academic Articles,true,0.0,easy
Academic Articles,solar,0.73,hard
Academic Articles,given,0.0,easy
Academic Articles,time,0.0,easy
Academic Articles,figure,0.02,easy
Academic Articles,polar,0.64,hard
Academic Articles,magnetic,0.65,hard
Academic Articles,field,0.0,easy
Academic Articles,sun,0.09,easy
Academic Articles,solar,0.73,hard
Academic Articles,wind,0.05,easy
Academic Articles,magnetic,0.65,hard
Academic Articles,topology,0.74,hard
Academic Articles,unlike,0.37,easy
Academic Articles,sun,0.09,easy
Academic Articles,eventually,0.32,easy
Academic Articles,front,0.0,easy
Academic Articles,polar,0.64,hard
Academic Articles,magnetic,0.65,hard
Academic Articles,never,0.0,easy
Academic Articles,measured,0.53,easy
Academic Articles,limiting,0.73,hard
Academic Articles,ing,0.71,hard
Academic Articles,angle,0.19,easy
Academic Articles,best,0.0,easy
Academic Articles,polar,0.64,hard
Academic Articles,magnetic,0.65,hard
Academic Articles,spectropolarimeter,0.82,hard
Academic Articles,however,0.0,easy
Academic Articles,sporadically,0.82,hard
Academic Articles,available,0.03,easy
Academic Articles,instrumental,0.76,hard
Academic Articles,solar,0.73,hard
Academic Articles,dynamic,0.62,hard
Academic Articles,magnetic,0.65,hard
Academic Articles,imager,0.78,hard
Academic Articles,global,0.65,hard
Academic Articles,oscillation,0.78,hard
Academic Articles,network,0.38,easy
Academic Articles,group,0.0,easy
Academic Articles,provide,0.04,easy
Academic Articles,consistent,0.57,hard
Academic Articles,magnetic,0.65,hard
Academic Articles,resulting,0.63,hard
Academic Articles,vastly,0.72,hard
Academic Articles,different,0.0,easy
Academic Articles,even,0.0,easy
Academic Articles,solar,0.73,hard
Academic Articles,fully,0.2,easy
Academic Articles,meet,0.0,easy
Academic Articles,observational,0.82,hard
Academic Articles,future,0.0,easy
Academic Articles,space,0.0,easy
Academic Articles,weather,0.14,easy
Academic Articles,research,0.26,easy
Academic Articles,infrastructure,0.79,hard
Academic Articles,national,0.02,easy
Academic Articles,reserved,0.55,hard
Academic Articles,sun,0.09,easy
Academic Articles,another,0.0,easy
Academic Articles,common,0.0,easy
Academic Articles,panel,0.37,easy
Academic Articles,travel,0.27,easy
Academic Articles,toward,0.01,easy
Academic Articles,wind,0.05,easy
Academic Articles,evolve,0.66,hard
Academic Articles,sun,0.09,easy
Academic Articles,earth,0.0,easy
Academic Articles,narrow,0.13,easy
Academic Articles,fast,0.03,easy
Academic Articles,wide,0.03,easy
Academic Articles,slow,0.01,easy
Academic Articles,figure,0.02,easy
Academic Articles,several,0.0,easy
Academic Articles,possible,0.0,easy
Academic Articles,observing,0.75,hard
Academic Articles,tiple,0.76,hard
Academic Articles,measurement,0.72,hard
Academic Articles,propagation,0.77,hard
Academic Articles,several,0.0,easy
Academic Articles,polar,0.64,hard
Academic Articles,coronagraph,0.82,hard
Academic Articles,polar,0.64,hard
Academic Articles,view,0.0,easy
Academic Articles,view,0.0,easy
Academic Articles,traveling,0.7,hard
Academic Articles,near,0.01,easy
Academic Articles,ecliptic,0.76,hard
Academic Articles,plane,0.05,easy
Academic Articles,reside,0.72,hard
Academic Articles,longitudinal,0.8,hard
Academic Articles,solution,0.5,easy
Academic Articles,corona,0.67,hard
Academic Articles,punch,0.45,easy
Academic Articles,mission,0.19,easy
Academic Articles,use,0.0,easy
Academic Articles,information,0.03,easy
Academic Articles,magnetic,0.65,hard
Academic Articles,field,0.0,easy
Academic Articles,provide,0.04,easy
Academic Articles,polarity,0.79,hard
Academic Articles,upon,0.0,easy
Academic Articles,brightness,0.69,hard
Academic Articles,plasma,0.7,hard
Academic Articles,feature,0.11,easy
Academic Articles,observer,0.69,hard
Academic Articles,time,0.0,easy
Academic Articles,ratio,0.61,hard
Academic Articles,provide,0.04,easy
Academic Articles,plasma,0.7,hard
Academic Articles,structure,0.09,easy
Academic Articles,panel,0.37,easy
Academic Articles,pointed,0.49,easy
Academic Articles,current,0.01,easy
Academic Articles,propagation,0.77,hard
Academic Articles,include,0.12,easy
Academic Articles,magnetic,0.65,hard
Academic Articles,field,0.0,easy
Academic Articles,include,0.12,easy
Academic Articles,magnetic,0.65,hard
Academic Articles,field,0.0,easy
Academic Articles,expensive,0.53,easy
Academic Articles,given,0.0,easy
Academic Articles,large,0.0,easy
Academic Articles,system,0.0,easy
Academic Articles,size,0.0,easy
Academic Articles,resolution,0.32,easy
Academic Articles,modeling,0.73,hard
Academic Articles,starting,0.23,easy
Academic Articles,magnetic,0.65,hard
Academic Articles,solar,0.73,hard
Academic Articles,boundary,0.69,hard
Academic Articles,ideal,0.43,easy
Academic Articles,solution,0.5,easy
Academic Articles,maya,0.75,hard
Academic Articles,combined,0.55,hard
Academic Articles,modeling,0.73,hard
Academic Articles,data,0.13,easy
Academic Articles,assimilation,0.75,hard
Academic Articles,approach,0.08,easy
Academic Articles,successfully,0.62,hard
Academic Articles,global,0.65,hard
Academic Articles,photospheric,0.82,hard
Academic Articles,magnetic,0.65,hard
Academic Articles,field,0.0,easy
Academic Articles,global,0.65,hard
Academic Articles,middle,0.0,easy
Academic Articles,corona,0.67,hard
Academic Articles,important,0.0,easy
Academic Articles,missing,0.05,easy
Academic Articles,sun,0.09,easy
Academic Articles,example,0.0,easy
Academic Articles,understanding,0.27,easy
Academic Articles,global,0.65,hard
Academic Articles,corona,0.67,hard
Academic Articles,global,0.65,hard
Academic Articles,entire,0.01,easy
Academic Articles,different,0.0,easy
Academic Articles,vantage,0.73,hard
Academic Articles,point,0.0,easy
Academic Articles,middle,0.0,easy
Academic Articles,corona,0.67,hard
Academic Articles,solar,0.73,hard
Academic Articles,radius,0.66,hard
Academic Articles,extreme,0.35,easy
Academic Articles,ultraviolet,0.8,hard
Academic Articles,solar,0.73,hard
Academic Articles,surface,0.09,easy
Academic Articles,white,0.0,easy
Academic Articles,light,0.0,easy
Academic Articles,recording,0.64,hard
Academic Articles,figure,0.02,easy
Academic Articles,ambiguity,0.79,hard
Academic Articles,mass,0.1,easy
Academic Articles,ejection,0.74,hard
Academic Articles,earth,0.0,easy
Academic Articles,viewpoint,0.7,hard
Academic Articles,source,0.05,easy
Academic Articles,deforest,0.79,hard
Academic Articles,southwest,0.65,hard
Academic Articles,research,0.26,easy
Academic Articles,institute,0.72,hard
Academic Articles,future,0.0,easy
Academic Articles,space,0.0,easy
Academic Articles,weather,0.14,easy
Academic Articles,research,0.26,easy
Academic Articles,infrastructure,0.79,hard
Academic Articles,national,0.02,easy
Academic Articles,reserved,0.55,hard
Academic Articles,future,0.0,easy
Academic Articles,space,0.0,easy
Academic Articles,weather,0.14,easy
Academic Articles,research,0.26,easy
Academic Articles,infrastructure,0.79,hard
Academic Articles,gap,0.57,hard
Academic Articles,critical,0.41,easy
Academic Articles,region,0.45,easy
Academic Articles,initiation,0.75,hard
Academic Articles,future,0.0,easy
Academic Articles,solar,0.73,hard
Academic Articles,eliminate,0.59,hard
Academic Articles,sampling,0.67,hard
Academic Articles,reducing,0.68,hard
Academic Articles,light,0.0,easy
Academic Articles,solar,0.73,hard
Academic Articles,develop,0.12,easy
Academic Articles,produce,0.07,easy
Academic Articles,vector,0.67,hard
Academic Articles,magnetic,0.65,hard
Academic Articles,photosphere,0.79,hard
Academic Articles,chromosphere,0.79,hard
Academic Articles,corona,0.67,hard
Academic Articles,significant,0.42,easy
Academic Articles,advancement,0.69,hard
Academic Articles,current,0.01,easy
Academic Articles,situation,0.05,easy
Academic Articles,photosphere,0.79,hard
Academic Articles,magnetic,0.65,hard
Academic Articles,neutral,0.51,easy
Academic Articles,allow,0.08,easy
Academic Articles,observing,0.75,hard
Academic Articles,energy,0.17,easy
Academic Articles,storage,0.54,easy
Academic Articles,release,0.03,easy
Academic Articles,furthermore,0.76,hard
Academic Articles,measuring,0.73,hard
Academic Articles,neutral,0.51,easy
Academic Articles,help,0.0,easy
Academic Articles,track,0.18,easy
Academic Articles,magnetic,0.65,hard
Academic Articles,buildup,0.68,hard
Academic Articles,provide,0.04,easy
Academic Articles,upon,0.0,easy
Academic Articles,understanding,0.27,easy
Academic Articles,global,0.65,hard
Academic Articles,solar,0.73,hard
Academic Articles,dynamo,0.76,hard
Academic Articles,allow,0.08,easy
Academic Articles,better,0.0,easy
Academic Articles,overall,0.37,easy
Academic Articles,year,0.0,easy
Academic Articles,solar,0.73,hard
Academic Articles,allow,0.08,easy
Academic Articles,active,0.11,easy
Academic Articles,solar,0.73,hard
Academic Articles,surface,0.09,easy
Academic Articles,occur,0.48,easy
Academic Articles,much,0.0,easy
Academic Articles,flux,0.46,easy
Academic Articles,region,0.45,easy
Academic Articles,flux,0.46,easy
Academic Articles,interact,0.76,hard
Academic Articles,flux,0.46,easy
Academic Articles,complex,0.02,easy
Academic Articles,structure,0.09,easy
Academic Articles,solar,0.73,hard
Academic Articles,interior,0.55,hard
Academic Articles,indirect,0.67,hard
Academic Articles,benefit,0.41,easy
Academic Articles,multiple,0.19,easy
Academic Articles,solar,0.73,hard
Academic Articles,cycle,0.47,easy
Academic Articles,solar,0.73,hard
Academic Articles,dynamo,0.76,hard
Academic Articles,important,0.0,easy
Academic Articles,space,0.0,easy
Academic Articles,weather,0.14,easy
Academic Articles,predictability,0.79,hard
Academic Articles,active,0.11,easy
Academic Articles,next,0.0,easy
Academic Articles,solar,0.73,hard
Academic Articles,weather,0.14,easy
Academic Articles,climate,0.62,hard
Academic Articles,meridional,0.77,hard
Academic Articles,circulation,0.67,hard
Academic Articles,measured,0.53,easy
Academic Articles,via,0.42,easy
Academic Articles,magnetic,0.65,hard
Academic Articles,offer,0.01,easy
Academic Articles,solar,0.73,hard
Academic Articles,cycle,0.47,easy
Academic Articles,meridional,0.77,hard
Academic Articles,circulation,0.67,hard
Academic Articles,act,0.0,easy
Academic Articles,like,0.0,easy
Academic Articles,solar,0.73,hard
Academic Articles,cycle,0.47,easy
Academic Articles,clock,0.28,easy
Academic Articles,phenomenon,0.69,hard
Academic Articles,consistently,0.69,hard
Academic Articles,long,0.0,easy
Academic Articles,solar,0.73,hard
Academic Articles,cycle,0.47,easy
Academic Articles,time,0.0,easy
Academic Articles,scale,0.05,easy
Academic Articles,solar,0.73,hard
Academic Articles,key,0.0,easy
Academic Articles,input,0.25,easy
Academic Articles,driving,0.17,easy
Academic Articles,thus,0.1,easy
Academic Articles,measured,0.53,easy
Academic Articles,continuously,0.74,hard
Academic Articles,solar,0.73,hard
Academic Articles,irradiance,0.82,hard
Academic Articles,soft,0.02,easy
Academic Articles,primary,0.24,easy
Academic Articles,energy,0.17,easy
Academic Articles,input,0.25,easy
Academic Articles,upper,0.41,easy
Academic Articles,plasma,0.7,hard
Academic Articles,either,0.0,easy
Academic Articles,irradiance,0.82,hard
Academic Articles,eruptive,0.73,hard
Academic Articles,longer,0.01,easy
Academic Articles,term,0.11,easy
Academic Articles,solar,0.73,hard
Academic Articles,activity,0.36,easy
Academic Articles,yet,0.0,easy
Academic Articles,irradiance,0.82,hard
Academic Articles,atmosphere,0.28,easy
Academic Articles,solar,0.73,hard
Academic Articles,eruptive,0.73,hard
Academic Articles,great,0.0,easy
Academic Articles,enough,0.0,easy
Academic Articles,proxy,0.33,easy
Academic Articles,capture,0.43,easy
Academic Articles,spectral,0.73,hard
Academic Articles,irradiance,0.82,hard
Academic Articles,expensive,0.53,easy
Academic Articles,irradiance,0.82,hard
Academic Articles,line,0.0,easy
Academic Articles,provide,0.04,easy
Academic Articles,help,0.0,easy
Academic Articles,estimate,0.53,easy
Academic Articles,mass,0.1,easy
Academic Articles,via,0.42,easy
Academic Articles,coronal,0.76,hard
Academic Articles,solar,0.73,hard
Academic Articles,wind,0.05,easy
Academic Articles,solar,0.73,hard
Academic Articles,wind,0.05,easy
Academic Articles,panel,0.37,easy
Academic Articles,member,0.12,easy
Academic Articles,solar,0.73,hard
Academic Articles,panel,0.37,easy
Academic Articles,joe,0.25,easy
Academic Articles,space,0.0,easy
Academic Articles,science,0.04,easy
Academic Articles,institute,0.72,hard
Academic Articles,space,0.0,easy
Academic Articles,weather,0.14,easy
Academic Articles,prediction,0.75,hard
Academic Articles,center,0.03,easy
Academic Articles,nick,0.33,easy
Academic Articles,goddard,0.78,hard
Academic Articles,space,0.0,easy
Academic Articles,flight,0.09,easy
Academic Articles,center,0.03,easy
Academic Articles,erika,0.78,hard
Academic Articles,science,0.04,easy
Academic Articles,common,0.0,easy
Academic Articles,theme,0.01,easy
Academic Articles,solar,0.73,hard
Academic Articles,wind,0.05,easy
Academic Articles,panel,0.37,easy
Academic Articles,noted,0.39,easy
Academic Articles,need,0.0,easy
Academic Articles,continuous,0.68,hard
Academic Articles,global,0.65,hard
Academic Articles,monitor,0.5,easy
Academic Articles,sun,0.09,easy
Academic Articles,solar,0.73,hard
Academic Articles,corona,0.67,hard
Academic Articles,basic,0.09,easy
Academic Articles,solar,0.73,hard
Academic Articles,wind,0.05,easy
Academic Articles,improving,0.71,hard
Academic Articles,solar,0.73,hard
Academic Articles,wind,0.05,easy
Academic Articles,require,0.3,easy
Academic Articles,solar,0.73,hard
Academic Articles,measure,0.06,easy
Academic Articles,solar,0.73,hard
Academic Articles,wind,0.05,easy
Academic Articles,global,0.65,hard
Academic Articles,coverage,0.69,hard
Academic Articles,solar,0.73,hard
Academic Articles,solar,0.73,hard
Academic Articles,panel,0.37,easy
Academic Articles,generally,0.24,easy
Academic Articles,global,0.65,hard
Academic Articles,important,0.0,easy
Academic Articles,increasing,0.45,easy
Academic Articles,spatial,0.74,hard
Academic Articles,resolution,0.32,easy
Academic Articles,table,0.02,easy
Academic Articles,noted,0.39,easy
Academic Articles,future,0.0,easy
Academic Articles,space,0.0,easy
Academic Articles,weather,0.14,easy
Academic Articles,research,0.26,easy
Academic Articles,infrastructure,0.79,hard
Academic Articles,national,0.02,easy
Academic Articles,reserved,0.55,hard
Academic Articles,sun,0.09,easy
Academic Articles,see,0.0,easy
Academic Articles,initial,0.38,easy
Academic Articles,boundary,0.69,hard
Academic Articles,sun,0.09,easy
Academic Articles,critical,0.41,easy
Academic Articles,solar,0.73,hard
Academic Articles,wind,0.05,easy
Academic Articles,optimal,0.73,hard
Academic Articles,generally,0.24,easy
Academic Articles,believing,0.72,hard
Academic Articles,limited,0.19,easy
Academic Articles,ecliptic,0.76,hard
Academic Articles,plane,0.05,easy
Academic Articles,longitudinal,0.8,hard
Academic Articles,solar,0.73,hard
Academic Articles,wind,0.05,easy
Academic Articles,exist,0.31,easy
Academic Articles,panel,0.37,easy
Academic Articles,pointed,0.49,easy
Academic Articles,need,0.0,easy
Academic Articles,photospheric,0.82,hard
Academic Articles,magnetic,0.65,hard
Academic Articles,thus,0.1,easy
Academic Articles,panel,0.37,easy
Academic Articles,major,0.0,easy
Academic Articles,polar,0.64,hard
Academic Articles,could,0.0,easy
Academic Articles,come,0.0,easy
Academic Articles,polar,0.64,hard
Academic Articles,view,0.0,easy
Academic Articles,four,0.0,easy
Academic Articles,could,0.0,easy
Academic Articles,provide,0.04,easy
Academic Articles,continuous,0.68,hard
Academic Articles,allow,0.08,easy
Academic Articles,throughout,0.05,easy
Academic Articles,inner,0.43,easy
Academic Articles,furthermore,0.76,hard
Academic Articles,polar,0.64,hard
Academic Articles,illuminate,0.77,hard
Academic Articles,extent,0.3,easy
Academic Articles,direction,0.01,easy
Academic Articles,nominal,0.64,hard
Academic Articles,parker,0.72,hard
Academic Articles,spiral,0.55,hard
Academic Articles,thereby,0.63,hard
Academic Articles,improving,0.71,hard
Academic Articles,understanding,0.27,easy
Academic Articles,orbit,0.63,hard
Academic Articles,however,0.0,easy
Academic Articles,polar,0.64,hard
Academic Articles,operational,0.71,hard
Academic Articles,expensive,0.53,easy
Academic Articles,cost,0.05,easy
Academic Articles,additional,0.42,easy
Academic Articles,solar,0.73,hard
Academic Articles,wind,0.05,easy
Academic Articles,sun,0.09,easy
Academic Articles,faraday,0.78,hard
Academic Articles,rotation,0.72,hard
Academic Articles,ground,0.01,easy
Academic Articles,global,0.65,hard
Academic Articles,coverage,0.69,hard
Academic Articles,inter,0.74,hard
Academic Articles,robust,0.68,hard
Academic Articles,table,0.02,easy
Academic Articles,critical,0.41,easy
Academic Articles,data,0.13,easy
Academic Articles,validate,0.74,hard
Academic Articles,constrain,0.75,hard
Academic Articles,coronal,0.76,hard
Academic Articles,solar,0.73,hard
Academic Articles,wind,0.05,easy
Academic Articles,critical,0.41,easy
Academic Articles,data,0.13,easy
Academic Articles,product,0.22,easy
Academic Articles,impact,0.24,easy
Academic Articles,current,0.01,easy
Academic Articles,observational,0.82,hard
Academic Articles,instrumentation,0.78,hard
Academic Articles,global,0.65,hard
Academic Articles,synchronic,0.76,hard
Academic Articles,magnetic,0.65,hard
Academic Articles,field,0.0,easy
Academic Articles,coronal,0.76,hard
Academic Articles,space,0.0,easy
Academic Articles,weather,0.14,easy
Academic Articles,especially,0.02,easy
Academic Articles,polar,0.64,hard
Academic Articles,solo,0.61,hard
Academic Articles,missing,0.05,easy
Academic Articles,polar,0.64,hard
Academic Articles,imager,0.78,hard
Academic Articles,continuous,0.68,hard
Academic Articles,global,0.65,hard
Academic Articles,synchronic,0.76,hard
Academic Articles,coronal,0.76,hard
Academic Articles,missing,0.05,easy
Academic Articles,polar,0.64,hard
Academic Articles,imager,0.78,hard
Academic Articles,continuous,0.68,hard
Academic Articles,magnetic,0.65,hard
Academic Articles,field,0.0,easy
Academic Articles,electron,0.71,hard
Academic Articles,tomographic,0.82,hard
Academic Articles,coronal,0.76,hard
Academic Articles,magnetic,0.65,hard
Academic Articles,field,0.0,easy
Academic Articles,observationally,0.86,hard
Academic Articles,multiple,0.19,easy
Academic Articles,missing,0.05,easy
Academic Articles,plane,0.05,easy
Academic Articles,widely,0.57,hard
Academic Articles,spaced,0.69,hard
Academic Articles,strategically,0.8,hard
Academic Articles,plasma,0.7,hard
Academic Articles,multiple,0.19,easy
Academic Articles,widely,0.57,hard
Academic Articles,spaced,0.69,hard
Academic Articles,vantage,0.73,hard
Academic Articles,wind,0.05,easy
Academic Articles,solo,0.61,hard
Academic Articles,missing,0.05,easy
Academic Articles,plane,0.05,easy
Academic Articles,widely,0.57,hard
Academic Articles,spaced,0.69,hard
Academic Articles,strategically,0.8,hard
Academic Articles,ace,0.48,easy
Academic Articles,advanced,0.32,easy
Academic Articles,composition,0.59,hard
Academic Articles,codex,0.72,hard
Academic Articles,coronal,0.76,hard
Academic Articles,diagnostic,0.78,hard
Academic Articles,experiment,0.47,easy
Academic Articles,deep,0.0,easy
Academic Articles,space,0.0,easy
Academic Articles,climate,0.62,hard
Academic Articles,observatory,0.82,hard
Academic Articles,extreme,0.35,easy
Academic Articles,density,0.69,hard
Academic Articles,phi,0.74,hard
Academic Articles,polarimetric,0.82,hard
Academic Articles,imager,0.78,hard
Academic Articles,parker,0.72,hard
Academic Articles,solar,0.73,hard
Academic Articles,probe,0.63,hard
Academic Articles,punch,0.45,easy
Academic Articles,corona,0.67,hard
Academic Articles,solar,0.73,hard
Academic Articles,dynamic,0.62,hard
Academic Articles,magnetic,0.65,hard
Academic Articles,imager,0.78,hard
Academic Articles,soho,0.78,hard
Academic Articles,solar,0.73,hard
Academic Articles,observatory,0.82,hard
Academic Articles,solo,0.61,hard
Academic Articles,solar,0.73,hard
Academic Articles,solar,0.73,hard
Academic Articles,terrestrial,0.73,hard
Academic Articles,light,0.0,easy
Academic Articles,nick,0.33,easy
Academic Articles,workshop,0.7,hard
Academic Articles,data,0.13,easy
Academic Articles,solar,0.73,hard
Academic Articles,physical,0.07,easy
Academic Articles,corona,0.67,hard
Academic Articles,solar,0.73,hard
Academic Articles,wind,0.05,easy
Academic Articles,white,0.0,easy
Academic Articles,space,0.0,easy
Academic Articles,weather,0.14,easy
Academic Articles,future,0.0,easy
Academic Articles,space,0.0,easy
Academic Articles,weather,0.14,easy
Academic Articles,research,0.26,easy
Academic Articles,infrastructure,0.79,hard
Academic Articles,national,0.02,easy
Academic Articles,reserved,0.55,hard
Academic Articles,future,0.0,easy
Academic Articles,space,0.0,easy
Academic Articles,weather,0.14,easy
Academic Articles,research,0.26,easy
Academic Articles,infrastructure,0.79,hard
Academic Articles,data,0.13,easy
Academic Articles,see,0.0,easy
Academic Articles,chapter,0.54,easy
Academic Articles,magnetograph,0.81,hard
Academic Articles,data,0.13,easy
Academic Articles,example,0.0,easy
Academic Articles,resolution,0.32,easy
Academic Articles,polarization,0.79,hard
Academic Articles,spectral,0.73,hard
Academic Articles,making,0.0,easy
Academic Articles,magnetograph,0.81,hard
Academic Articles,difficult,0.07,easy
Academic Articles,task,0.24,easy
Academic Articles,global,0.65,hard
Academic Articles,coupled,0.69,hard
Academic Articles,sep,-1.0,easy
Academic Articles,sep,-1.0,easy
Academic Articles,propagate,0.67,hard
Academic Articles,transported,0.77,hard
Academic Articles,solar,0.73,hard
Academic Articles,simultaneously,0.75,hard
Academic Articles,solar,0.73,hard
Academic Articles,corona,0.67,hard
Academic Articles,solar,0.73,hard
Academic Articles,wind,0.05,easy
Academic Articles,evolution,0.7,hard
Academic Articles,currently,0.54,easy
Academic Articles,well,0.0,easy
Academic Articles,constrained,0.75,hard
Academic Articles,furthermore,0.76,hard
Academic Articles,magnetic,0.65,hard
Academic Articles,field,0.0,easy
Academic Articles,propagation,0.77,hard
Academic Articles,without,0.0,easy
Academic Articles,input,0.25,easy
Academic Articles,validation,0.79,hard
Academic Articles,panel,0.37,easy
Academic Articles,noted,0.39,easy
Academic Articles,modeling,0.73,hard
Academic Articles,magnetic,0.65,hard
Academic Articles,field,0.0,easy
Academic Articles,validation,0.79,hard
Academic Articles,likewise,0.67,hard
Academic Articles,tested,0.61,hard
Academic Articles,performance,0.0,easy
Academic Articles,forecasting,0.77,hard
Academic Articles,finally,0.03,easy
Academic Articles,accurate,0.64,hard
Academic Articles,solar,0.73,hard
Academic Articles,wind,0.05,easy
Academic Articles,actually,0.0,easy
Academic Articles,ultimately,0.49,easy
Academic Articles,dynamic,0.62,hard
Academic Articles,solar,0.73,hard
Academic Articles,wind,0.05,easy
Academic Articles,deviate,0.71,hard
Academic Articles,aberration,0.75,hard
Academic Articles,solar,0.73,hard
Academic Articles,wind,0.05,easy
Academic Articles,triple,0.57,hard
Academic Articles,aberration,0.75,hard
Academic Articles,figure,0.02,easy
Academic Articles,motion,0.06,easy
Academic Articles,figure,0.02,easy
Academic Articles,solar,0.73,hard
Academic Articles,wind,0.05,easy
Academic Articles,flow,0.22,easy
Academic Articles,solar,0.73,hard
Academic Articles,wind,0.05,easy
Academic Articles,always,0.0,easy
Academic Articles,solar,0.73,hard
Academic Articles,wind,0.05,easy
Academic Articles,joe,0.25,easy
Academic Articles,space,0.0,easy
Academic Articles,science,0.04,easy
Academic Articles,institute,0.72,hard
Academic Articles,triple,0.57,hard
Academic Articles,solar,0.73,hard
Academic Articles,space,0.0,easy
Academic Articles,future,0.0,easy
Academic Articles,space,0.0,easy
Academic Articles,weather,0.14,easy
Academic Articles,research,0.26,easy
Academic Articles,infrastructure,0.79,hard
Academic Articles,national,0.02,easy
Academic Articles,reserved,0.55,hard
Academic Articles,sun,0.09,easy
Academic Articles,around,0.0,easy
Academic Articles,sun,0.09,easy
Academic Articles,solar,0.73,hard
Academic Articles,wind,0.05,easy
Academic Articles,flow,0.22,easy
Academic Articles,propagate,0.67,hard
Academic Articles,outward,0.7,hard
Academic Articles,along,0.0,easy
Academic Articles,parker,0.72,hard
Academic Articles,spiral,0.55,hard
Academic Articles,faster,0.6,hard
Academic Articles,bulk,0.56,hard
Academic Articles,solar,0.73,hard
Academic Articles,wind,0.05,easy
Academic Articles,solar,0.73,hard
Academic Articles,wind,0.05,easy
Academic Articles,flow,0.22,easy
Academic Articles,velocity,0.75,hard
Academic Articles,vector,0.67,hard
Academic Articles,thee,0.35,easy
Academic Articles,distance,0.09,easy
Academic Articles,indicate,0.49,easy
Academic Articles,parcel,0.36,easy
Academic Articles,going,0.0,easy
Academic Articles,completely,0.01,easy
Academic Articles,miss,0.17,easy
Academic Articles,aberration,0.75,hard
Academic Articles,solar,0.73,hard
Academic Articles,wind,0.05,easy
Academic Articles,monitor,0.5,easy
Academic Articles,inherent,0.67,hard
Academic Articles,solar,0.73,hard
Academic Articles,wind,0.05,easy
Academic Articles,best,0.0,easy
Academic Articles,solution,0.5,easy
Academic Articles,physical,0.07,easy
Academic Articles,currently,0.54,easy
Academic Articles,known,0.01,easy
Academic Articles,solar,0.73,hard
Academic Articles,versus,0.69,hard
Academic Articles,disentangle,0.75,hard
Academic Articles,solar,0.73,hard
Academic Articles,wind,0.05,easy
Academic Articles,composition,0.59,hard
Academic Articles,sun,0.09,easy
Academic Articles,versus,0.69,hard
Academic Articles,propagation,0.77,hard
Academic Articles,see,0.0,easy
Academic Articles,solar,0.73,hard
Academic Articles,physical,0.07,easy
Academic Articles,corona,0.67,hard
Academic Articles,solar,0.73,hard
Academic Articles,wind,0.05,easy
Academic Articles,white,0.0,easy
Academic Articles,national,0.02,easy
Academic Articles,aeronautics,0.79,hard
Academic Articles,space,0.0,easy
Academic Articles,administration,0.27,easy
Academic Articles,space,0.0,easy
Academic Articles,weather,0.14,easy
Academic Articles,science,0.04,easy
Academic Articles,observation,0.37,easy
Academic Articles,gap,0.57,hard
Academic Articles,analysis,0.41,easy
Academic Articles,national,0.02,easy
Academic Articles,aeronautics,0.79,hard
Academic Articles,space,0.0,easy
Academic Articles,administration,0.27,easy
Academic Articles,space,0.0,easy
Academic Articles,weather,0.14,easy
Academic Articles,science,0.04,easy
Academic Articles,application,0.16,easy
Academic Articles,program,0.0,easy
Academic Articles,space,0.0,easy
Academic Articles,weather,0.14,easy
Academic Articles,future,0.0,easy
Academic Articles,space,0.0,easy
Academic Articles,weather,0.14,easy
Academic Articles,research,0.26,easy
Academic Articles,infrastructure,0.79,hard
Academic Articles,national,0.02,easy
Academic Articles,reserved,0.55,hard
Academic Articles,research,0.26,easy
Academic Articles,observation,0.37,easy
Academic Articles,modeling,0.73,hard
Academic Articles,need,0.0,easy
Academic Articles,ionosphere,0.76,hard
Academic Articles,key,0.0,easy
Academic Articles,session,0.26,easy
Academic Articles,research,0.26,easy
Academic Articles,observation,0.37,easy
Academic Articles,modeling,0.73,hard
Academic Articles,ionosphere,0.76,hard
Academic Articles,following,0.03,easy
Academic Articles,key,0.0,easy
Academic Articles,weather,0.14,easy
Academic Articles,dealing,0.5,easy
Academic Articles,entire,0.01,easy
Academic Articles,behavior,0.3,easy
Academic Articles,space,0.0,easy
Academic Articles,weather,0.14,easy
Academic Articles,rare,0.36,easy
Academic Articles,arrangement,0.59,hard
Academic Articles,providing,0.6,hard
Academic Articles,global,0.65,hard
Academic Articles,coverage,0.69,hard
Academic Articles,space,0.0,easy
Academic Articles,weather,0.14,easy
Academic Articles,observing,0.75,hard
Academic Articles,data,0.13,easy
Academic Articles,crucial,0.58,hard
Academic Articles,better,0.0,easy
Academic Articles,observational,0.82,hard
Academic Articles,coverage,0.69,hard
Academic Articles,understanding,0.27,easy
Academic Articles,ionosphere,0.76,hard
Academic Articles,system,0.0,easy
Academic Articles,space,0.0,easy
Academic Articles,weather,0.14,easy
Academic Articles,although,0.0,easy
Academic Articles,physical,0.07,easy
Academic Articles,system,0.0,easy
Academic Articles,space,0.0,easy
Academic Articles,weather,0.14,easy
Academic Articles,neither,0.11,easy
Academic Articles,well,0.0,easy
Academic Articles,well,0.0,easy
Academic Articles,atmosphere,0.28,easy
Academic Articles,weather,0.14,easy
Academic Articles,observation,0.37,easy
Academic Articles,modeling,0.73,hard
Academic Articles,need,0.0,easy
Academic Articles,observational,0.82,hard
Academic Articles,modeling,0.73,hard
Academic Articles,need,0.0,easy
Academic Articles,panel,0.37,easy
Academic Articles,research,0.26,easy
Academic Articles,need,0.0,easy
Academic Articles,panel,0.37,easy
Academic Articles,observation,0.37,easy
Academic Articles,modeling,0.73,hard
Academic Articles,need,0.0,easy
Academic Articles,panel,0.37,easy
Academic Articles,research,0.26,easy
Academic Articles,need,0.0,easy
Academic Articles,coupling,0.71,hard
Academic Articles,noted,0.39,easy
Academic Articles,different,0.0,easy
Academic Articles,examine,0.61,hard
Academic Articles,international,0.26,easy
Academic Articles,data,0.13,easy
Academic Articles,future,0.0,easy
Academic Articles,space,0.0,easy
Academic Articles,weather,0.14,easy
Academic Articles,research,0.26,easy
Academic Articles,infrastructure,0.79,hard
Academic Articles,national,0.02,easy
Academic Articles,reserved,0.55,hard
Academic Articles,ionosphere,0.76,hard
Academic Articles,future,0.0,easy
Academic Articles,space,0.0,easy
Academic Articles,weather,0.14,easy
Academic Articles,review,0.06,easy
Academic Articles,research,0.26,easy
Academic Articles,consider,0.12,easy
Academic Articles,adequacy,0.79,hard
Academic Articles,relevant,0.72,hard
Academic Articles,across,0.0,easy
Academic Articles,living,0.0,easy
Academic Articles,program,0.0,easy
Academic Articles,space,0.0,easy
Academic Articles,weather,0.14,easy
Academic Articles,science,0.04,easy
Academic Articles,application,0.16,easy
Academic Articles,initiative,0.65,hard
Academic Articles,national,0.02,easy
Academic Articles,science,0.04,easy
Academic Articles,research,0.26,easy
Academic Articles,reaching,0.6,hard
Academic Articles,consider,0.12,easy
Academic Articles,data,0.13,easy
Academic Articles,non,0.04,easy
Academic Articles,operational,0.71,hard
Academic Articles,operational,0.71,hard
Academic Articles,assess,0.69,hard
Academic Articles,value,0.01,easy
Academic Articles,need,0.0,easy
Academic Articles,data,0.13,easy
Academic Articles,research,0.26,easy
Academic Articles,forecasting,0.77,hard
Academic Articles,following,0.03,easy
Academic Articles,take,0.0,easy
Academic Articles,different,0.0,easy
Academic Articles,summary,0.7,hard
Academic Articles,panelist,0.76,hard
Academic Articles,however,0.0,easy
Academic Articles,significant,0.42,easy
Academic Articles,overlap,0.64,hard
Academic Articles,among,0.0,easy
Academic Articles,key,0.0,easy
Academic Articles,output,0.42,easy
Academic Articles,effort,0.07,easy
Academic Articles,session,0.26,easy
Academic Articles,synthesis,0.72,hard
Academic Articles,panel,0.37,easy
Academic Articles,member,0.12,easy
Academic Articles,terry,0.68,hard
Academic Articles,corporation,0.59,hard
Academic Articles,larry,0.66,hard
Academic Articles,goddard,0.78,hard
Academic Articles,space,0.0,easy
Academic Articles,flight,0.09,easy
Academic Articles,center,0.03,easy
Academic Articles,applied,0.43,easy
Academic Articles,physic,0.74,hard
Academic Articles,university,0.52,easy
Academic Articles,national,0.02,easy
Academic Articles,laboratory,0.76,hard
Academic Articles,key,0.0,easy
Academic Articles,predictive,0.78,hard
Academic Articles,state,0.0,easy
Academic Articles,research,0.26,easy
Academic Articles,need,0.0,easy
Academic Articles,understanding,0.27,easy
Academic Articles,panel,0.37,easy
Academic Articles,expressed,0.48,easy
Academic Articles,measured,0.53,easy
Academic Articles,control,0.0,easy
Academic Articles,dynamic,0.62,hard
Academic Articles,noted,0.39,easy
Academic Articles,mass,0.1,easy
Academic Articles,across,0.0,easy
Academic Articles,across,0.0,easy
Academic Articles,scale,0.05,easy
Academic Articles,earth,0.0,easy
Academic Articles,radius,0.66,hard
Academic Articles,ionosphere,0.76,hard
Academic Articles,measuring,0.73,hard
Academic Articles,modeling,0.73,hard
Academic Articles,important,0.0,easy
Academic Articles,missing,0.05,easy
Academic Articles,element,0.21,easy
Academic Articles,space,0.0,easy
Academic Articles,weather,0.14,easy
Academic Articles,pointed,0.49,easy
Academic Articles,program,0.0,easy
Academic Articles,approach,0.08,easy
Academic Articles,see,0.0,easy
Academic Articles,drew,0.49,easy
Academic Articles,turner,0.67,hard
Academic Articles,research,0.26,easy
Academic Articles,data,0.13,easy
Academic Articles,assimilation,0.75,hard
Academic Articles,combined,0.55,hard
Academic Articles,bridge,0.06,easy
Academic Articles,micro,0.76,hard
Academic Articles,key,0.0,easy
Academic Articles,rapid,0.51,easy
Academic Articles,particle,0.71,hard
Academic Articles,injection,0.73,hard
Academic Articles,acceleration,0.77,hard
Academic Articles,plasma,0.7,hard
Academic Articles,wave,0.1,easy
Academic Articles,generation,0.3,easy
Academic Articles,particle,0.71,hard
Academic Articles,coupling,0.71,hard
Academic Articles,though,0.0,easy
Academic Articles,particle,0.71,hard
Academic Articles,precipitation,0.76,hard
Academic Articles,comprehensive,0.73,hard
Academic Articles,require,0.3,easy
Academic Articles,observational,0.82,hard
Academic Articles,notan,0.78,hard
Academic Articles,afterthought,0.76,hard
Academic Articles,figure,0.02,easy
Academic Articles,current,0.01,easy
Academic Articles,data,0.13,easy
Academic Articles,sparse,0.72,hard
Academic Articles,adequately,0.76,hard
Academic Articles,capture,0.43,easy
Academic Articles,carried,0.28,easy
Academic Articles,scale,0.05,easy
Academic Articles,scale,0.05,easy
Academic Articles,require,0.3,easy
Academic Articles,satellite,0.65,hard
Academic Articles,combined,0.55,hard
Academic Articles,space,0.0,easy
Academic Articles,program,0.0,easy
Academic Articles,need,0.0,easy
Academic Articles,future,0.0,easy
Academic Articles,space,0.0,easy
Academic Articles,weather,0.14,easy
Academic Articles,research,0.26,easy
Academic Articles,infrastructure,0.79,hard
Academic Articles,national,0.02,easy
Academic Articles,reserved,0.55,hard
Academic Articles,future,0.0,easy
Academic Articles,space,0.0,easy
Academic Articles,weather,0.14,easy
Academic Articles,research,0.26,easy
Academic Articles,infrastructure,0.79,hard
Academic Articles,international,0.26,easy
Academic Articles,interagency,0.84,hard
Academic Articles,industrial,0.27,easy
Academic Articles,see,0.0,easy
Academic Articles,new,0.0,easy
Academic Articles,system,0.0,easy
Academic Articles,observatory,0.82,hard
Academic Articles,valuable,0.56,hard
Academic Articles,resource,0.67,hard
Academic Articles,science,0.04,easy
Academic Articles,however,0.0,easy
Academic Articles,current,0.01,easy
Academic Articles,often,0.0,easy
Academic Articles,accidental,0.76,hard
Academic Articles,inadequate,0.7,hard
Academic Articles,inadequate,0.7,hard
Academic Articles,queue,0.68,hard
Academic Articles,either,0.0,easy
Academic Articles,space,0.0,easy
Academic Articles,weather,0.14,easy
Academic Articles,available,0.03,easy
Academic Articles,considering,0.49,easy
Academic Articles,dynamic,0.62,hard
Academic Articles,numerical,0.75,hard
Academic Articles,figure,0.02,easy
Academic Articles,dynamic,0.62,hard
Academic Articles,currently,0.54,easy
Academic Articles,available,0.03,easy
Academic Articles,widely,0.57,hard
Academic Articles,spaced,0.69,hard
Academic Articles,therefore,0.11,easy
Academic Articles,data,0.13,easy
Academic Articles,various,0.06,easy
Academic Articles,bow,0.37,easy
Academic Articles,shock,0.07,easy
Academic Articles,ring,0.08,easy
Academic Articles,current,0.01,easy
Academic Articles,radiation,0.47,easy
Academic Articles,emergent,0.74,hard
Academic Articles,emerge,0.55,hard
Academic Articles,typically,0.74,hard
Academic Articles,example,0.0,easy
Academic Articles,reconnection,0.82,hard
Academic Articles,throughout,0.05,easy
Academic Articles,transfer,0.29,easy
Academic Articles,subsequently,0.77,hard
Academic Articles,go,0.0,easy
Academic Articles,unstable,0.66,hard
Academic Articles,configuration,0.75,hard
Academic Articles,inner,0.43,easy
Academic Articles,ionosphere,0.76,hard
Academic Articles,figure,0.02,easy
Academic Articles,model,0.15,easy
Academic Articles,observing,0.75,hard
Academic Articles,understanding,0.27,easy
Academic Articles,global,0.65,hard
Academic Articles,impact,0.24,easy
Academic Articles,entire,0.01,easy
Academic Articles,larry,0.66,hard
Academic Articles,goddard,0.78,hard
Academic Articles,space,0.0,easy
Academic Articles,flight,0.09,easy
Academic Articles,center,0.03,easy
Academic Articles,supporting,0.23,easy
Academic Articles,information,0.03,easy
Academic Articles,global,0.65,hard
Academic Articles,bulk,0.56,hard
Academic Articles,research,0.26,easy
Academic Articles,geophysical,0.81,hard
Academic Articles,union,0.16,easy
Academic Articles,future,0.0,easy
Academic Articles,space,0.0,easy
Academic Articles,weather,0.14,easy
Academic Articles,research,0.26,easy
Academic Articles,infrastructure,0.79,hard
Academic Articles,national,0.02,easy
Academic Articles,reserved,0.55,hard
Academic Articles,ionosphere,0.76,hard
Academic Articles,observing,0.75,hard
Academic Articles,infrastructure,0.79,hard
Academic Articles,various,0.06,easy
Academic Articles,panel,0.37,easy
Academic Articles,international,0.26,easy
Academic Articles,multiple,0.19,easy
Academic Articles,include,0.12,easy
Academic Articles,burst,0.15,easy
Academic Articles,flux,0.46,easy
Academic Articles,transfer,0.29,easy
Academic Articles,inner,0.43,easy
Academic Articles,coupling,0.71,hard
Academic Articles,cold,0.0,easy
Academic Articles,plasma,0.7,hard
Academic Articles,distribution,0.22,easy
Academic Articles,auroral,0.77,hard
Academic Articles,coupling,0.71,hard
Academic Articles,ion,0.73,hard
Academic Articles,outflow,0.72,hard
Academic Articles,state,0.0,easy
Academic Articles,upstream,0.74,hard
Academic Articles,solar,0.73,hard
Academic Articles,wind,0.05,easy
Academic Articles,auroral,0.77,hard
Academic Articles,configuration,0.75,hard
Academic Articles,potential,0.24,easy
Academic Articles,radiation,0.47,easy
Academic Articles,polar,0.64,hard
Academic Articles,cap,0.46,easy
Academic Articles,open,0.0,easy
Academic Articles,flux,0.46,easy
Academic Articles,solar,0.73,hard
Academic Articles,irradiance,0.82,hard
Academic Articles,cold,0.0,easy
Academic Articles,plasma,0.7,hard
Academic Articles,density,0.69,hard
Academic Articles,auroral,0.77,hard
Academic Articles,ionospheric,0.8,hard
Academic Articles,convection,0.77,hard
Academic Articles,geomagnetic,0.84,hard
Academic Articles,index,0.36,easy
Academic Articles,ionospheric,0.8,hard
Academic Articles,total,0.02,easy
Academic Articles,electron,0.71,hard
Academic Articles,content,0.1,easy
Academic Articles,measured,0.53,easy
Academic Articles,full,0.0,easy
Academic Articles,feed,0.17,easy
Academic Articles,validate,0.74,hard
Academic Articles,advanced,0.32,easy
Academic Articles,numerical,0.75,hard
Academic Articles,data,0.13,easy
Academic Articles,assimilation,0.75,hard
Academic Articles,system,0.0,easy
Academic Articles,scale,0.05,easy
Academic Articles,know,0.0,easy
Academic Articles,driving,0.17,easy
Academic Articles,system,0.0,easy
Academic Articles,dynamic,0.62,hard
Academic Articles,key,0.0,easy
Academic Articles,region,0.45,easy
Academic Articles,particularly,0.09,easy
Academic Articles,transition,0.55,hard
Academic Articles,magnetic,0.65,hard
Academic Articles,plasma,0.7,hard
Academic Articles,sheet,0.3,easy
Academic Articles,dipolar,0.76,hard
Academic Articles,magnetic,0.65,hard
Academic Articles,field,0.0,easy
Academic Articles,rapidly,0.51,easy
Academic Articles,earthward,0.78,hard
Academic Articles,reconnection,0.82,hard
Academic Articles,strong,0.0,easy
Academic Articles,rigid,0.57,hard
Academic Articles,magnetic,0.65,hard
Academic Articles,field,0.0,easy
Academic Articles,near,0.01,easy
Academic Articles,earth,0.0,easy
Academic Articles,considerable,0.54,easy
Academic Articles,dynamic,0.62,hard
Academic Articles,energy,0.17,easy
Academic Articles,conversion,0.57,hard
Academic Articles,transport,0.22,easy
Academic Articles,occur,0.48,easy
Academic Articles,radius,0.66,hard
Academic Articles,previous,0.08,easy
Academic Articles,simultaneous,0.81,hard
Academic Articles,region,0.45,easy
Academic Articles,cal,0.72,hard
Academic Articles,time,0.0,easy
Academic Articles,panel,0.37,easy
Academic Articles,particle,0.71,hard
Academic Articles,potentially,0.74,hard
Academic Articles,combined,0.55,hard
Academic Articles,measure,0.06,easy
Academic Articles,structure,0.09,easy
Academic Articles,dynamic,0.62,hard
Academic Articles,available,0.03,easy
Academic Articles,driving,0.17,easy
Academic Articles,current,0.01,easy
Academic Articles,research,0.26,easy
Academic Articles,operational,0.71,hard
Academic Articles,detailed,0.58,hard
Academic Articles,plasma,0.7,hard
Academic Articles,ion,0.73,hard
Academic Articles,composition,0.59,hard
Academic Articles,example,0.0,easy
Academic Articles,outflow,0.72,hard
Academic Articles,however,0.0,easy
Academic Articles,information,0.03,easy
Academic Articles,ion,0.73,hard
Academic Articles,composition,0.59,hard
Academic Articles,mostly,0.22,easy
Academic Articles,come,0.0,easy
Academic Articles,observation,0.37,easy
Academic Articles,gap,0.57,hard
Academic Articles,predict,0.69,hard
Academic Articles,characterize,0.77,hard
Academic Articles,hazardous,0.75,hard
Academic Articles,space,0.0,easy
Academic Articles,weather,0.14,easy
Academic Articles,space,0.0,easy
Academic Articles,white,0.0,easy
Academic Articles,significant,0.42,easy
Academic Articles,technological,0.77,hard
Academic Articles,enable,0.53,easy
Academic Articles,sophisticated,0.7,hard
Academic Articles,mass,0.1,easy
Academic Articles,design,0.05,easy
Academic Articles,previously,0.42,easy
Academic Articles,possible,0.0,easy
Academic Articles,another,0.0,easy
Academic Articles,cold,0.0,easy
Academic Articles,plasma,0.7,hard
Academic Articles,distribution,0.22,easy
Academic Articles,variability,0.79,hard
Academic Articles,fundamental,0.57,hard
Academic Articles,research,0.26,easy
Academic Articles,space,0.0,easy
Academic Articles,weather,0.14,easy
Academic Articles,require,0.3,easy
Academic Articles,cold,0.0,easy
Academic Articles,plasma,0.7,hard
Academic Articles,many,0.0,easy
Academic Articles,plasma,0.7,hard
Academic Articles,radiation,0.47,easy
Academic Articles,belt,0.44,easy
Academic Articles,ring,0.08,easy
Academic Articles,current,0.01,easy
Academic Articles,cold,0.0,easy
Academic Articles,particle,0.71,hard
Academic Articles,less,0.0,easy
Academic Articles,therefore,0.11,easy
Academic Articles,least,0.0,easy
Academic Articles,studied,0.54,easy
Academic Articles,often,0.0,easy
Academic Articles,dominate,0.68,hard
Academic Articles,plasma,0.7,hard
Academic Articles,density,0.69,hard
Academic Articles,recent,0.03,easy
Academic Articles,white,0.0,easy
Academic Articles,detailed,0.58,hard
Academic Articles,cold,0.0,easy
Academic Articles,plasma,0.7,hard
Academic Articles,promising,0.59,hard
Academic Articles,affordable,0.78,hard
Academic Articles,cost,0.05,easy
Academic Articles,pathfinder,0.76,hard
Academic Articles,originally,0.59,hard
Academic Articles,low,0.0,easy
Academic Articles,inclination,0.66,hard
Academic Articles,geo,0.76,hard
Academic Articles,synchronous,0.77,hard
Academic Articles,transfer,0.29,easy
Academic Articles,electron,0.71,hard
Academic Articles,proton,0.76,hard
Academic Articles,detector,0.75,hard
Academic Articles,demonstrate,0.6,hard
Academic Articles,large,0.0,easy
Academic Articles,near,0.01,easy
Academic Articles,future,0.0,easy
Academic Articles,space,0.0,easy
Academic Articles,weather,0.14,easy
Academic Articles,research,0.26,easy
Academic Articles,infrastructure,0.79,hard
Academic Articles,national,0.02,easy
Academic Articles,reserved,0.55,hard
Academic Articles,future,0.0,easy
Academic Articles,space,0.0,easy
Academic Articles,weather,0.14,easy
Academic Articles,research,0.26,easy
Academic Articles,infrastructure,0.79,hard
Academic Articles,important,0.0,easy
Academic Articles,space,0.0,easy
Academic Articles,plasma,0.7,hard
Academic Articles,roughly,0.65,hard
Academic Articles,earth,0.0,easy
Academic Articles,even,0.0,easy
Academic Articles,provide,0.04,easy
Academic Articles,essential,0.33,easy
Academic Articles,spatial,0.74,hard
Academic Articles,context,0.12,easy
Academic Articles,ionosphere,0.76,hard
Academic Articles,resolve,0.43,easy
Academic Articles,meso,0.76,hard
Academic Articles,scale,0.05,easy
Academic Articles,example,0.0,easy
Academic Articles,energetic,0.72,hard
Academic Articles,neutral,0.51,easy
Academic Articles,atom,0.6,hard
Academic Articles,auroral,0.77,hard
Academic Articles,monitor,0.5,easy
Academic Articles,key,0.0,easy
Academic Articles,transition,0.55,hard
Academic Articles,recent,0.03,easy
Academic Articles,energetic,0.72,hard
Academic Articles,neutral,0.51,easy
Academic Articles,atom,0.6,hard
Academic Articles,themis,0.76,hard
Academic Articles,network,0.38,easy
Academic Articles,flow,0.22,easy
Academic Articles,coming,0.01,easy
Academic Articles,earthward,0.78,hard
Academic Articles,storm,0.38,easy
Academic Articles,commencement,0.73,hard
Academic Articles,dynamic,0.62,hard
Academic Articles,although,0.0,easy
Academic Articles,mission,0.19,easy
Academic Articles,recently,0.18,easy
Academic Articles,themis,0.76,hard
Academic Articles,operate,0.5,easy
Academic Articles,camera,0.05,easy
Academic Articles,situation,0.05,easy
Academic Articles,important,0.0,easy
Academic Articles,important,0.0,easy
Academic Articles,asset,0.71,hard
Academic Articles,system,0.0,easy
Academic Articles,numerical,0.75,hard
Academic Articles,modeling,0.73,hard
Academic Articles,essential,0.33,easy
Academic Articles,global,0.65,hard
Academic Articles,improving,0.71,hard
Academic Articles,space,0.0,easy
Academic Articles,weather,0.14,easy
Academic Articles,require,0.3,easy
Academic Articles,connect,0.49,easy
Academic Articles,various,0.06,easy
Academic Articles,regional,0.67,hard
Academic Articles,incorporate,0.74,hard
Academic Articles,dynamic,0.62,hard
Academic Articles,global,0.65,hard
Academic Articles,model,0.15,easy
Academic Articles,example,0.0,easy
Academic Articles,transport,0.22,easy
Academic Articles,mag,0.74,hard
Academic Articles,however,0.0,easy
Academic Articles,differentiation,0.81,hard
Academic Articles,adiabatic,0.81,hard
Academic Articles,kinetic,0.73,hard
Academic Articles,scale,0.05,easy
Academic Articles,physic,0.74,hard
Academic Articles,critical,0.41,easy
Academic Articles,likely,0.06,easy
Academic Articles,require,0.3,easy
Academic Articles,new,0.0,easy
Academic Articles,computational,0.83,hard
Academic Articles,macro,0.72,hard
Academic Articles,micro,0.76,hard
Academic Articles,scale,0.05,easy
Academic Articles,modeling,0.73,hard
Academic Articles,effort,0.07,easy
Academic Articles,combined,0.55,hard
Academic Articles,data,0.13,easy
Academic Articles,assimilation,0.75,hard
Academic Articles,see,0.0,easy
Academic Articles,chapter,0.54,easy
Academic Articles,although,0.0,easy
Academic Articles,highest,0.45,easy
Academic Articles,resolution,0.32,easy
Academic Articles,complex,0.02,easy
Academic Articles,global,0.65,hard
Academic Articles,resolution,0.32,easy
Academic Articles,practical,0.47,easy
Academic Articles,goal,0.36,easy
Academic Articles,must,0.0,easy
Academic Articles,include,0.12,easy
Academic Articles,full,0.0,easy
Academic Articles,solar,0.73,hard
Academic Articles,ionosphere,0.76,hard
Academic Articles,various,0.06,easy
Academic Articles,neutral,0.51,easy
Academic Articles,atmosphere,0.28,easy
Academic Articles,center,0.03,easy
Academic Articles,environment,0.61,hard
Academic Articles,see,0.0,easy
Academic Articles,figure,0.02,easy
Academic Articles,session,0.26,easy
Academic Articles,solar,0.73,hard
Academic Articles,wind,0.05,easy
Academic Articles,panel,0.37,easy
Academic Articles,accurate,0.64,hard
Academic Articles,solar,0.73,hard
Academic Articles,wind,0.05,easy
Academic Articles,essential,0.33,easy
Academic Articles,running,0.0,easy
Academic Articles,accurate,0.64,hard
Academic Articles,space,0.0,easy
Academic Articles,weather,0.14,easy
Academic Articles,solar,0.73,hard
Academic Articles,wind,0.05,easy
Academic Articles,used,0.0,easy
Academic Articles,outer,0.61,hard
Academic Articles,boundary,0.69,hard
Academic Articles,condition,0.04,easy
Academic Articles,internal,0.45,easy
Academic Articles,boundary,0.69,hard
Academic Articles,orbit,0.63,hard
Academic Articles,state,0.0,easy
Academic Articles,always,0.0,easy
Academic Articles,available,0.03,easy
Academic Articles,appropriate,0.41,easy
Academic Articles,space,0.0,easy
Academic Articles,weather,0.14,easy
Academic Articles,lead,0.0,easy
Academic Articles,time,0.0,easy
Academic Articles,accurate,0.64,hard
Academic Articles,system,0.0,easy
Academic Articles,require,0.3,easy
Academic Articles,equally,0.34,easy
Academic Articles,accurate,0.64,hard
Academic Articles,solar,0.73,hard
Academic Articles,wind,0.05,easy
Academic Articles,actually,0.0,easy
Academic Articles,pointed,0.49,easy
Academic Articles,variability,0.79,hard
Academic Articles,bow,0.37,easy
Academic Articles,shock,0.07,easy
Academic Articles,see,0.0,easy
Academic Articles,solar,0.73,hard
Academic Articles,wind,0.05,easy
Academic Articles,panel,0.37,easy
Academic Articles,artificial,0.69,hard
Academic Articles,neural,0.74,hard
Academic Articles,important,0.0,easy
Academic Articles,well,0.0,easy
Academic Articles,radiation,0.47,easy
Academic Articles,belt,0.44,easy
Academic Articles,electron,0.71,hard
Academic Articles,throughout,0.05,easy
Academic Articles,inner,0.43,easy
Academic Articles,input,0.25,easy
Academic Articles,data,0.13,easy
Academic Articles,low,0.0,easy
Academic Articles,earth,0.0,easy
Academic Articles,orbit,0.63,hard
Academic Articles,electron,0.71,hard
Academic Articles,flux,0.46,easy
Academic Articles,geomagnetic,0.84,hard
Academic Articles,future,0.0,easy
Academic Articles,space,0.0,easy
Academic Articles,weather,0.14,easy
Academic Articles,research,0.26,easy
Academic Articles,infrastructure,0.79,hard
Academic Articles,national,0.02,easy
Academic Articles,reserved,0.55,hard
Academic Articles,ionosphere,0.76,hard
Academic Articles,panel,0.37,easy
Academic Articles,recent,0.03,easy
Academic Articles,white,0.0,easy
Academic Articles,complement,0.63,hard
Academic Articles,panel,0.37,easy
Academic Articles,powerful,0.18,easy
Academic Articles,modeling,0.73,hard
Academic Articles,hybrid,0.7,hard
Academic Articles,kinetic,0.73,hard
Academic Articles,provide,0.04,easy
Academic Articles,improve,0.45,easy
Academic Articles,space,0.0,easy
Academic Articles,weather,0.14,easy
Academic Articles,prediction,0.75,hard
Academic Articles,increasing,0.45,easy
Academic Articles,machine,0.06,easy
Academic Articles,learning,0.24,easy
Academic Articles,deep,0.0,easy
Academic Articles,learning,0.24,easy
Academic Articles,physic,0.74,hard
Academic Articles,emulator,0.81,hard
Academic Articles,already,0.0,easy
Academic Articles,successfully,0.62,hard
Academic Articles,applied,0.43,easy
Academic Articles,automatic,0.33,easy
Academic Articles,event,0.05,easy
Academic Articles,identification,0.67,hard
Academic Articles,feature,0.11,easy
Academic Articles,detection,0.71,hard
Academic Articles,uncertainty,0.74,hard
Academic Articles,quantification,0.8,hard
Academic Articles,benefit,0.41,easy
Academic Articles,therefore,0.11,easy
Academic Articles,space,0.0,easy
Academic Articles,weather,0.14,easy
Academic Articles,data,0.13,easy
Academic Articles,science,0.04,easy
Academic Articles,engineering,0.68,hard
Academic Articles,related,0.3,easy
Academic Articles,panel,0.37,easy
Academic Articles,specific,0.22,easy
Academic Articles,modeling,0.73,hard
Academic Articles,directly,0.18,easy
Academic Articles,benefit,0.41,easy
Academic Articles,space,0.0,easy
Academic Articles,weather,0.14,easy
Academic Articles,user,0.23,easy
Academic Articles,community,0.1,easy
Academic Articles,example,0.0,easy
Academic Articles,constrain,0.75,hard
Academic Articles,radiation,0.47,easy
Academic Articles,environment,0.61,hard
Academic Articles,efficient,0.65,hard
Academic Articles,engineering,0.68,hard
Academic Articles,satellite,0.65,hard
Academic Articles,design,0.05,easy
Academic Articles,radiation,0.47,easy
Academic Articles,important,0.0,easy
Academic Articles,cell,0.0,easy
Academic Articles,voltage,0.71,hard
Academic Articles,degradation,0.76,hard
Academic Articles,current,0.01,easy
Academic Articles,statistical,0.78,hard
Academic Articles,see,0.0,easy
Academic Articles,science,0.04,easy
Academic Articles,mission,0.19,easy
Academic Articles,directorate,0.78,hard
Academic Articles,division,0.12,easy
Academic Articles,workshop,0.7,hard
Academic Articles,program,0.0,easy
Academic Articles,lunar,0.74,hard
Academic Articles,planetary,0.69,hard
Academic Articles,institute,0.72,hard
Academic Articles,space,0.0,easy
Academic Articles,research,0.26,easy
Academic Articles,association,0.54,easy
Academic Articles,figure,0.02,easy
Academic Articles,modeling,0.73,hard
Academic Articles,approach,0.08,easy
Academic Articles,coupling,0.71,hard
Academic Articles,ionosphere,0.76,hard
Academic Articles,atmosphere,0.28,easy
Academic Articles,linked,0.66,hard
Academic Articles,meaning,0.21,easy
Academic Articles,length,0.06,easy
Academic Articles,scale,0.05,easy
Academic Articles,source,0.05,easy
Academic Articles,university,0.52,easy
Academic Articles,applied,0.43,easy
Academic Articles,physic,0.74,hard
Academic Articles,laboratory,0.76,hard
Academic Articles,key,0.0,easy
Academic Articles,strategic,0.69,hard
Academic Articles,model,0.15,easy
Academic Articles,connect,0.49,easy
Academic Articles,critical,0.41,easy
Academic Articles,resolution,0.32,easy
Academic Articles,future,0.0,easy
Academic Articles,space,0.0,easy
Academic Articles,weather,0.14,easy
Academic Articles,research,0.26,easy
Academic Articles,infrastructure,0.79,hard
Academic Articles,national,0.02,easy
Academic Articles,reserved,0.55,hard
Academic Articles,future,0.0,easy
Academic Articles,space,0.0,easy
Academic Articles,weather,0.14,easy
Academic Articles,research,0.26,easy
Academic Articles,shown,0.04,easy
Academic Articles,data,0.13,easy
Academic Articles,van,0.25,easy
Academic Articles,accurately,0.71,hard
Academic Articles,predict,0.69,hard
Academic Articles,voltage,0.71,hard
Academic Articles,statistical,0.78,hard
Academic Articles,model,0.15,easy
Academic Articles,additional,0.42,easy
Academic Articles,transfer,0.29,easy
Academic Articles,orbit,0.63,hard
Academic Articles,magnetic,0.65,hard
Academic Articles,local,0.01,easy
Academic Articles,time,0.0,easy
Academic Articles,radiation,0.47,easy
Academic Articles,environment,0.61,hard
Academic Articles,could,0.0,easy
Academic Articles,another,0.0,easy
Academic Articles,important,0.0,easy
Academic Articles,user,0.23,easy
Academic Articles,need,0.0,easy
Academic Articles,space,0.0,easy
Academic Articles,weather,0.14,easy
Academic Articles,information,0.03,easy
Academic Articles,atmospheric,0.78,hard
Academic Articles,input,0.25,easy
Academic Articles,ionosphere,0.76,hard
Academic Articles,atmosphere,0.28,easy
Academic Articles,see,0.0,easy
Academic Articles,figure,0.02,easy
Academic Articles,subsequent,0.68,hard
Academic Articles,upwell,0.78,hard
Academic Articles,atmosphere,0.28,easy
Academic Articles,satellite,0.65,hard
Academic Articles,drag,0.09,easy
Academic Articles,space,0.0,easy
Academic Articles,traffic,0.44,easy
Academic Articles,collision,0.72,hard
Academic Articles,avoidance,0.74,hard
Academic Articles,wind,0.05,easy
Academic Articles,capture,0.43,easy
Academic Articles,global,0.65,hard
Academic Articles,effect,0.0,easy
Academic Articles,phenomenon,0.69,hard
Academic Articles,poorly,0.56,hard
Academic Articles,dynamic,0.62,hard
Academic Articles,finally,0.03,easy
Academic Articles,first,0.0,easy
Academic Articles,develop,0.12,easy
Academic Articles,space,0.0,easy
Academic Articles,weather,0.14,easy
Academic Articles,although,0.0,easy
Academic Articles,space,0.0,easy
Academic Articles,discipline,0.58,hard
Academic Articles,high,0.0,easy
Academic Articles,societal,0.77,hard
Academic Articles,importance,0.32,easy
Academic Articles,attract,0.65,hard
Academic Articles,people,0.0,easy
Academic Articles,right,0.0,easy
Academic Articles,radiation,0.47,easy
Academic Articles,belt,0.44,easy
Academic Articles,daily,0.33,easy
Academic Articles,average,0.08,easy
Academic Articles,electron,0.71,hard
Academic Articles,flux,0.46,easy
Academic Articles,model,0.15,easy
Academic Articles,van,0.25,easy
Academic Articles,mission,0.19,easy
Academic Articles,solar,0.73,hard
Academic Articles,array,0.61,hard
Academic Articles,degradation,0.76,hard
Academic Articles,workshop,0.7,hard
Academic Articles,figure,0.02,easy
Academic Articles,transport,0.22,easy
Academic Articles,ionosphere,0.76,hard
Academic Articles,coupled,0.69,hard
Academic Articles,system,0.0,easy
Academic Articles,atmosphere,0.28,easy
Academic Articles,altitude,0.75,hard
Academic Articles,corporation,0.59,hard
Academic Articles,middle,0.0,easy
Academic Articles,top,0.0,easy
Academic Articles,image,0.01,easy
Academic Articles,space,0.0,easy
Academic Articles,center,0.03,easy
Academic Articles,aurora,0.77,hard
Academic Articles,video,0.11,easy
Academic Articles,middle,0.0,easy
Academic Articles,bottom,0.11,easy
Academic Articles,image,0.01,easy
Academic Articles,statistical,0.78,hard
Academic Articles,plasma,0.7,hard
Academic Articles,ionosphere,0.76,hard
Academic Articles,research,0.26,easy
Academic Articles,space,0.0,easy
Academic Articles,physic,0.74,hard
Academic Articles,geophysical,0.81,hard
Academic Articles,union,0.16,easy
Academic Articles,reserved,0.55,hard
Academic Articles,right,0.0,easy
Academic Articles,image,0.01,easy
Academic Articles,fall,0.0,easy
Academic Articles,geophysical,0.81,hard
Academic Articles,union,0.16,easy
Academic Articles,data,0.13,easy
Academic Articles,space,0.0,easy
Academic Articles,physic,0.74,hard
Academic Articles,data,0.13,easy
Academic Articles,future,0.0,easy
Academic Articles,space,0.0,easy
Academic Articles,weather,0.14,easy
Academic Articles,research,0.26,easy
Academic Articles,infrastructure,0.79,hard
Academic Articles,national,0.02,easy
Academic Articles,reserved,0.55,hard
Academic Articles,ionosphere,0.76,hard
Academic Articles,field,0.0,easy
Academic Articles,see,0.0,easy
Academic Articles,second,0.0,easy
Academic Articles,concern,0.26,easy
Academic Articles,current,0.01,easy
Academic Articles,space,0.0,easy
Academic Articles,weather,0.14,easy
Academic Articles,scientific,0.57,hard
Academic Articles,munity,0.8,hard
Academic Articles,many,0.0,easy
Academic Articles,proprietary,0.77,hard
Academic Articles,data,0.13,easy
Academic Articles,space,0.0,easy
Academic Articles,weather,0.14,easy
Academic Articles,technological,0.77,hard
Academic Articles,advance,0.14,easy
Academic Articles,need,0.0,easy
Academic Articles,space,0.0,easy
Academic Articles,weather,0.14,easy
Academic Articles,information,0.03,easy
Academic Articles,increase,0.01,easy
Academic Articles,many,0.0,easy
Academic Articles,yet,0.0,easy
Academic Articles,realize,0.17,easy
Academic Articles,weather,0.14,easy
Academic Articles,improving,0.71,hard
Academic Articles,weather,0.14,easy
Academic Articles,information,0.03,easy
Academic Articles,could,0.0,easy
Academic Articles,accelerate,0.78,hard
Academic Articles,space,0.0,easy
Academic Articles,weather,0.14,easy
Academic Articles,utility,0.58,hard
Academic Articles,ionosphere,0.76,hard
Academic Articles,research,0.26,easy
Academic Articles,need,0.0,easy
Academic Articles,ionosphere,0.76,hard
Academic Articles,research,0.26,easy
Academic Articles,need,0.0,easy
Academic Articles,panel,0.37,easy
Academic Articles,ionosphere,0.76,hard
Academic Articles,five,0.0,easy
Academic Articles,college,0.08,easy
Academic Articles,aeronautical,0.81,hard
Academic Articles,university,0.52,easy
Academic Articles,space,0.0,easy
Academic Articles,geodesy,0.74,hard
Academic Articles,space,0.0,easy
Academic Articles,agency,0.46,easy
Academic Articles,key,0.0,easy
Academic Articles,predictive,0.78,hard
Academic Articles,spheric,0.76,hard
Academic Articles,state,0.0,easy
Academic Articles,research,0.26,easy
Academic Articles,need,0.0,easy
Academic Articles,understanding,0.27,easy
Academic Articles,first,0.0,easy
Academic Articles,question,0.0,easy
Academic Articles,predictive,0.78,hard
Academic Articles,capability,0.77,hard
Academic Articles,ionosphere,0.76,hard
Academic Articles,affect,0.49,easy
Academic Articles,signal,0.48,easy
Academic Articles,propagation,0.77,hard
Academic Articles,signal,0.48,easy
Academic Articles,system,0.0,easy
Academic Articles,understanding,0.27,easy
Academic Articles,second,0.0,easy
Academic Articles,question,0.0,easy
Academic Articles,panel,0.37,easy
Academic Articles,global,0.65,hard
Academic Articles,instrument,0.17,easy
Academic Articles,network,0.38,easy
Academic Articles,data,0.13,easy
Academic Articles,routinely,0.78,hard
Academic Articles,readily,0.66,hard
Academic Articles,available,0.03,easy
Academic Articles,across,0.0,easy
Academic Articles,share,0.0,easy
Academic Articles,data,0.13,easy
Academic Articles,global,0.65,hard
Academic Articles,navigation,0.61,hard
Academic Articles,satellite,0.65,hard
Academic Articles,system,0.0,easy
Academic Articles,earth,0.0,easy
Academic Articles,science,0.04,easy
Academic Articles,flexible,0.64,hard
Academic Articles,modeling,0.73,hard
Academic Articles,validation,0.79,hard
Academic Articles,metric,0.69,hard
Academic Articles,session,0.26,easy
Academic Articles,ionospheric,0.8,hard
Academic Articles,state,0.0,easy
Academic Articles,midlatitude,0.82,hard
Academic Articles,system,0.0,easy
Academic Articles,come,0.0,easy
Academic Articles,sun,0.09,easy
Academic Articles,neutral,0.51,easy
Academic Articles,dynamic,0.62,hard
Academic Articles,traveling,0.7,hard
Academic Articles,ionospheric,0.8,hard
Academic Articles,turbulence,0.74,hard
Academic Articles,geomagnetic,0.84,hard
Academic Articles,field,0.0,easy
Academic Articles,operational,0.71,hard
Academic Articles,global,0.65,hard
Academic Articles,system,0.0,easy
Academic Articles,landing,0.61,hard
Academic Articles,aviation,0.73,hard
Academic Articles,require,0.3,easy
Academic Articles,accuracy,0.71,hard
Academic Articles,assurance,0.65,hard
Academic Articles,ranging,0.65,hard
Academic Articles,acceptable,0.63,hard
Academic Articles,prompt,0.38,easy
Academic Articles,navigation,0.61,hard
Academic Articles,safety,0.35,easy
Academic Articles,better,0.0,easy
Academic Articles,predictive,0.78,hard
Academic Articles,require,0.3,easy
Academic Articles,furthermore,0.76,hard
Academic Articles,new,0.0,easy
Academic Articles,forecasting,0.77,hard
Academic Articles,forecast,0.57,hard
Academic Articles,currently,0.54,easy
Academic Articles,available,0.03,easy
Academic Articles,daily,0.33,easy
Academic Articles,spatial,0.74,hard
Academic Articles,scale,0.05,easy
Academic Articles,extending,0.73,hard
Academic Articles,making,0.0,easy
Academic Articles,underlying,0.63,hard
Academic Articles,physic,0.74,hard
Academic Articles,require,0.3,easy
Academic Articles,support,0.0,easy
Academic Articles,geodetic,0.81,hard
Academic Articles,global,0.65,hard
Academic Articles,navigation,0.61,hard
Academic Articles,satellite,0.65,hard
Academic Articles,system,0.0,easy
Academic Articles,future,0.0,easy
Academic Articles,space,0.0,easy
Academic Articles,weather,0.14,easy
Academic Articles,research,0.26,easy
Academic Articles,infrastructure,0.79,hard
Academic Articles,national,0.02,easy
Academic Articles,reserved,0.55,hard
Academic Articles,future,0.0,easy
Academic Articles,space,0.0,easy
Academic Articles,weather,0.14,easy
Academic Articles,research,0.26,easy
Academic Articles,infrastructure,0.79,hard
Academic Articles,another,0.0,easy
Academic Articles,irregularity,0.81,hard
Academic Articles,however,0.0,easy
Academic Articles,data,0.13,easy
Academic Articles,useful,0.52,easy
Academic Articles,statistical,0.78,hard
Academic Articles,cover,0.01,easy
Academic Articles,long,0.0,easy
Academic Articles,time,0.0,easy
Academic Articles,available,0.03,easy
Academic Articles,community,0.1,easy
Academic Articles,spoke,0.41,easy
Academic Articles,ionospheric,0.8,hard
Academic Articles,radio,0.22,easy
Academic Articles,wave,0.1,easy
Academic Articles,wave,0.1,easy
Academic Articles,electron,0.71,hard
Academic Articles,density,0.69,hard
Academic Articles,affect,0.49,easy
Academic Articles,tech,0.69,hard
Academic Articles,satellite,0.65,hard
Academic Articles,communication,0.63,hard
Academic Articles,gaining,0.72,hard
Academic Articles,specification,0.79,hard
Academic Articles,data,0.13,easy
Academic Articles,receiver,0.67,hard
Academic Articles,theoretical,0.79,hard
Academic Articles,ionospheric,0.8,hard
Academic Articles,state,0.0,easy
Academic Articles,driving,0.17,easy
Academic Articles,cause,0.0,easy
Academic Articles,require,0.3,easy
Academic Articles,support,0.0,easy
Academic Articles,modeling,0.73,hard
Academic Articles,system,0.0,easy
Academic Articles,impact,0.24,easy
Academic Articles,reflect,0.45,easy
Academic Articles,ionosphere,0.76,hard
Academic Articles,radar,0.67,hard
Academic Articles,however,0.0,easy
Academic Articles,improving,0.71,hard
Academic Articles,ionospheric,0.8,hard
Academic Articles,state,0.0,easy
Academic Articles,predict,0.69,hard
Academic Articles,global,0.65,hard
Academic Articles,measuring,0.73,hard
Academic Articles,electron,0.71,hard
Academic Articles,density,0.69,hard
Academic Articles,entire,0.01,easy
Academic Articles,planet,0.26,easy
Academic Articles,bring,0.01,easy
Academic Articles,major,0.0,easy
Academic Articles,several,0.0,easy
Academic Articles,possible,0.0,easy
Academic Articles,observational,0.82,hard
Academic Articles,address,0.01,easy
Academic Articles,remote,0.39,easy
Academic Articles,occultation,0.81,hard
Academic Articles,total,0.02,easy
Academic Articles,electron,0.71,hard
Academic Articles,content,0.1,easy
Academic Articles,tec,0.74,hard
Academic Articles,network,0.38,easy
Academic Articles,spatial,0.74,hard
Academic Articles,temporal,0.69,hard
Academic Articles,resolution,0.32,easy
Academic Articles,data,0.13,easy
Academic Articles,assimilation,0.75,hard
Academic Articles,across,0.0,easy
Academic Articles,globe,0.6,hard
Academic Articles,clear,0.0,easy
Academic Articles,whether,0.01,easy
Academic Articles,oblique,0.68,hard
Academic Articles,work,0.0,easy
Academic Articles,right,0.0,easy
Academic Articles,frequency,0.66,hard
Academic Articles,routinely,0.78,hard
Academic Articles,usable,0.71,hard
Academic Articles,require,0.3,easy
Academic Articles,established,0.27,easy
Academic Articles,passive,0.67,hard
Academic Articles,need,0.0,easy
Academic Articles,better,0.0,easy
Academic Articles,electron,0.71,hard
Academic Articles,density,0.69,hard
Academic Articles,entire,0.01,easy
Academic Articles,planet,0.26,easy
Academic Articles,relevant,0.72,hard
Academic Articles,loss,0.0,easy
Academic Articles,group,0.0,easy
Academic Articles,delay,0.52,easy
Academic Articles,need,0.0,easy
Academic Articles,predictive,0.78,hard
Academic Articles,capability,0.77,hard
Academic Articles,include,0.12,easy
Academic Articles,systematic,0.75,hard
Academic Articles,data,0.13,easy
Academic Articles,integration,0.65,hard
Academic Articles,validation,0.79,hard
Academic Articles,occur,0.48,easy
Academic Articles,snively,0.78,hard
Academic Articles,ionosphere,0.76,hard
Academic Articles,atmo,0.78,hard
Academic Articles,spheric,0.76,hard
Academic Articles,include,0.12,easy
Academic Articles,density,0.69,hard
Academic Articles,compositional,0.83,hard
Academic Articles,variable,0.54,easy
Academic Articles,shear,0.54,easy
Academic Articles,overwide,0.78,hard
Academic Articles,thermo,0.78,hard
Academic Articles,sphere,0.49,easy
Academic Articles,neutral,0.51,easy
Academic Articles,acoustic,0.75,hard
Academic Articles,gravity,0.71,hard
Academic Articles,include,0.12,easy
Academic Articles,neutral,0.51,easy
Academic Articles,snively,0.78,hard
Academic Articles,pointed,0.49,easy
Academic Articles,tec,0.74,hard
Academic Articles,valuable,0.56,hard
Academic Articles,ionospheric,0.8,hard
Academic Articles,dynamic,0.62,hard
Academic Articles,small,0.0,easy
Academic Articles,scale,0.05,easy
Academic Articles,across,0.0,easy
Academic Articles,scale,0.05,easy
Academic Articles,relevant,0.72,hard
Academic Articles,understanding,0.27,easy
Academic Articles,snively,0.78,hard
Academic Articles,key,0.0,easy
Academic Articles,include,0.12,easy
Academic Articles,neutral,0.51,easy
Academic Articles,composition,0.59,hard
Academic Articles,lower,0.14,easy
Academic Articles,thermo,0.78,hard
Academic Articles,sphere,0.49,easy
Academic Articles,modulate,0.72,hard
Academic Articles,ionosphere,0.76,hard
Academic Articles,coupling,0.71,hard
Academic Articles,continue,0.08,easy
Academic Articles,propagation,0.77,hard
Academic Articles,scale,0.05,easy
Academic Articles,mesh,0.56,hard
Academic Articles,leverage,0.68,hard
Academic Articles,data,0.13,easy
Academic Articles,require,0.3,easy
Academic Articles,handling,0.46,easy
Academic Articles,heterogeneous,0.79,hard
Academic Articles,data,0.13,easy
Academic Articles,space,0.0,easy
Academic Articles,time,0.0,easy
Academic Articles,system,0.0,easy
Academic Articles,den,0.66,hard
Academic Articles,key,0.0,easy
Academic Articles,parameter,0.71,hard
Academic Articles,satellite,0.65,hard
Academic Articles,orbit,0.63,hard
Academic Articles,atmospheric,0.78,hard
Academic Articles,drag,0.09,easy
Academic Articles,force,0.0,easy
Academic Articles,causing,0.66,hard
Academic Articles,orbital,0.74,hard
Academic Articles,decay,0.58,hard
Academic Articles,currently,0.54,easy
Academic Articles,performance,0.0,easy
Academic Articles,future,0.0,easy
Academic Articles,space,0.0,easy
Academic Articles,weather,0.14,easy
Academic Articles,research,0.26,easy
Academic Articles,infrastructure,0.79,hard
Academic Articles,national,0.02,easy
Academic Articles,reserved,0.55,hard
Academic Articles,ionosphere,0.76,hard
Academic Articles,specification,0.79,hard
Academic Articles,empirical,0.75,hard
Academic Articles,atmospheric,0.78,hard
Academic Articles,density,0.69,hard
Academic Articles,actual,0.21,easy
Academic Articles,extreme,0.35,easy
Academic Articles,ultraviolet,0.8,hard
Academic Articles,flux,0.46,easy
Academic Articles,see,0.0,easy
Academic Articles,solar,0.73,hard
Academic Articles,accurate,0.64,hard
Academic Articles,neutral,0.51,easy
Academic Articles,composition,0.59,hard
Academic Articles,inconsistent,0.69,hard
Academic Articles,quality,0.02,easy
Academic Articles,sparse,0.72,hard
Academic Articles,keeping,0.33,easy
Academic Articles,increasing,0.45,easy
Academic Articles,earth,0.0,easy
Academic Articles,require,0.3,easy
Academic Articles,precision,0.66,hard
Academic Articles,orbit,0.63,hard
Academic Articles,determination,0.6,hard
Academic Articles,conjunction,0.66,hard
Academic Articles,analysis,0.41,easy
Academic Articles,satellite,0.65,hard
Academic Articles,lifetime,0.68,hard
Academic Articles,estimation,0.75,hard
Academic Articles,mission,0.19,easy
Academic Articles,analysis,0.41,easy
Academic Articles,improving,0.71,hard
Academic Articles,predictive,0.78,hard
Academic Articles,lower,0.14,easy
Academic Articles,atmospheric,0.78,hard
Academic Articles,drag,0.09,easy
Academic Articles,require,0.3,easy
Academic Articles,transition,0.55,hard
Academic Articles,capture,0.43,easy
Academic Articles,net,0.01,easy
Academic Articles,energy,0.17,easy
Academic Articles,input,0.25,easy
Academic Articles,solar,0.73,hard
Academic Articles,solar,0.73,hard
Academic Articles,wind,0.05,easy
Academic Articles,interplanetary,0.83,hard
Academic Articles,mag,0.74,hard
Academic Articles,field,0.0,easy
Academic Articles,ionosphere,0.76,hard
Academic Articles,high,0.0,easy
Academic Articles,temporal,0.69,hard
Academic Articles,cadence,0.73,hard
Academic Articles,density,0.69,hard
Academic Articles,calibration,0.8,hard
Academic Articles,line,0.0,easy
Academic Articles,made,0.0,easy
Academic Articles,data,0.13,easy
Academic Articles,assimilation,0.75,hard
Academic Articles,testing,0.62,hard
Academic Articles,ensemble,0.61,hard
Academic Articles,modeling,0.73,hard
Academic Articles,systematic,0.75,hard
Academic Articles,community,0.1,easy
Academic Articles,modeling,0.73,hard
Academic Articles,center,0.03,easy
Academic Articles,lastly,0.75,hard
Academic Articles,pointed,0.49,easy
Academic Articles,important,0.0,easy
Academic Articles,education,0.08,easy
Academic Articles,need,0.0,easy
Academic Articles,another,0.0,easy
Academic Articles,panel,0.37,easy
Academic Articles,observation,0.37,easy
Academic Articles,modeling,0.73,hard
Academic Articles,need,0.0,easy
Academic Articles,system,0.0,easy
Academic Articles,six,0.02,easy
Academic Articles,aero,0.76,hard
Academic Articles,nautical,0.78,hard
Academic Articles,university,0.52,easy
Academic Articles,state,0.0,easy
Academic Articles,university,0.52,easy
Academic Articles,bill,0.06,easy
Academic Articles,university,0.52,easy
Academic Articles,corporation,0.59,hard
Academic Articles,aeronautical,0.81,hard
Academic Articles,research,0.26,easy
Academic Articles,university,0.52,easy
Academic Articles,corporation,0.59,hard
Academic Articles,aeronautical,0.81,hard
Academic Articles,research,0.26,easy
Academic Articles,key,0.0,easy
Academic Articles,system,0.0,easy
Academic Articles,space,0.0,easy
Academic Articles,weather,0.14,easy
Academic Articles,biggest,0.41,easy
Academic Articles,coming,0.01,easy
Academic Articles,understanding,0.27,easy
Academic Articles,driven,0.45,easy
Academic Articles,theme,0.01,easy
Academic Articles,panel,0.37,easy
Academic Articles,whole,0.0,easy
Academic Articles,ionosphere,0.76,hard
Academic Articles,coupled,0.69,hard
Academic Articles,understood,0.53,easy
Academic Articles,space,0.0,easy
Academic Articles,weather,0.14,easy
Academic Articles,ionosphere,0.76,hard
Academic Articles,neutral,0.51,easy
Academic Articles,atmosphere,0.28,easy
Academic Articles,relative,0.54,easy
Academic Articles,forcing,0.71,hard
Academic Articles,geomagnetic,0.84,hard
Academic Articles,past,0.0,easy
Academic Articles,large,0.0,easy
Academic Articles,forcing,0.71,hard
Academic Articles,low,0.0,easy
Academic Articles,forcing,0.71,hard
Academic Articles,uncertain,0.57,hard
Academic Articles,seasonal,0.74,hard
Academic Articles,solar,0.73,hard
Academic Articles,cycle,0.47,easy
Academic Articles,change,0.0,easy
Academic Articles,shift,0.11,easy
Academic Articles,relative,0.54,easy
Academic Articles,upper,0.41,easy
Academic Articles,atmosphere,0.28,easy
Academic Articles,made,0.0,easy
Academic Articles,point,0.0,easy
Academic Articles,although,0.0,easy
Academic Articles,physical,0.07,easy
Academic Articles,system,0.0,easy
Academic Articles,space,0.0,easy
Academic Articles,weather,0.14,easy
Academic Articles,well,0.0,easy
Academic Articles,variability,0.79,hard
Academic Articles,significant,0.42,easy
Academic Articles,energy,0.17,easy
Academic Articles,mean,0.0,easy
Academic Articles,system,0.0,easy
Academic Articles,background,0.04,easy
Academic Articles,state,0.0,easy
Academic Articles,drive,0.02,easy
Academic Articles,large,0.0,easy
Academic Articles,trigger,0.61,hard
Academic Articles,smaller,0.43,easy
Academic Articles,future,0.0,easy
Academic Articles,space,0.0,easy
Academic Articles,weather,0.14,easy
Academic Articles,research,0.26,easy
Academic Articles,infrastructure,0.79,hard
Academic Articles,national,0.02,easy
Academic Articles,reserved,0.55,hard
Academic Articles,future,0.0,easy
Academic Articles,space,0.0,easy
Academic Articles,weather,0.14,easy
Academic Articles,research,0.26,easy
Academic Articles,infrastructure,0.79,hard
Academic Articles,polar,0.64,hard
Academic Articles,hand,0.0,easy
Academic Articles,turbulence,0.74,hard
Academic Articles,system,0.0,easy
Academic Articles,single,0.01,easy
Academic Articles,important,0.0,easy
Academic Articles,factor,0.31,easy
Academic Articles,ionospheric,0.8,hard
Academic Articles,conductivity,0.82,hard
Academic Articles,tying,0.74,hard
Academic Articles,neutral,0.51,easy
Academic Articles,ionospheric,0.8,hard
Academic Articles,electrodynamics,0.84,hard
Academic Articles,conductivity,0.82,hard
Academic Articles,magnitude,0.67,hard
Academic Articles,spatial,0.74,hard
Academic Articles,distribution,0.22,easy
Academic Articles,anda,0.78,hard
Academic Articles,predictive,0.78,hard
Academic Articles,global,0.65,hard
Academic Articles,conductivity,0.82,hard
Academic Articles,state,0.0,easy
Academic Articles,complicated,0.66,hard
Academic Articles,since,0.0,easy
Academic Articles,measuring,0.73,hard
Academic Articles,global,0.65,hard
Academic Articles,conductivity,0.82,hard
Academic Articles,panel,0.37,easy
Academic Articles,combining,0.73,hard
Academic Articles,ground,0.01,easy
Academic Articles,based,0.01,easy
Academic Articles,covering,0.58,hard
Academic Articles,global,0.65,hard
Academic Articles,ionosphere,0.76,hard
Academic Articles,resolution,0.32,easy
Academic Articles,ionospheric,0.8,hard
Academic Articles,process,0.01,easy
Academic Articles,ionosphere,0.76,hard
Academic Articles,affect,0.49,easy
Academic Articles,magnetic,0.65,hard
Academic Articles,reconnection,0.82,hard
Academic Articles,global,0.65,hard
Academic Articles,dynamic,0.62,hard
Academic Articles,tail,0.19,easy
Academic Articles,dynamic,0.62,hard
Academic Articles,ring,0.08,easy
Academic Articles,current,0.01,easy
Academic Articles,radiation,0.47,easy
Academic Articles,observing,0.75,hard
Academic Articles,panel,0.37,easy
Academic Articles,included,0.35,easy
Academic Articles,along,0.0,easy
Academic Articles,flux,0.46,easy
Academic Articles,global,0.65,hard
Academic Articles,ion,0.73,hard
Academic Articles,outflow,0.72,hard
Academic Articles,source,0.05,easy
Academic Articles,upcoming,0.74,hard
Academic Articles,dynamic,0.62,hard
Academic Articles,constellation,0.79,hard
Academic Articles,unfortunately,0.23,easy
Academic Articles,particular,0.06,easy
Academic Articles,science,0.04,easy
Academic Articles,provide,0.04,easy
Academic Articles,information,0.03,easy
Academic Articles,discussion,0.2,easy
Academic Articles,following,0.03,easy
Academic Articles,panel,0.37,easy
Academic Articles,specie,0.72,hard
Academic Articles,optically,0.81,hard
Academic Articles,present,0.0,easy
Academic Articles,significant,0.42,easy
Academic Articles,gravity,0.71,hard
Academic Articles,another,0.0,easy
Academic Articles,atmosphere,0.28,easy
Academic Articles,ionosphere,0.76,hard
Academic Articles,atmospheric,0.78,hard
Academic Articles,flux,0.46,easy
Academic Articles,lower,0.14,easy
Academic Articles,atmosphere,0.28,easy
Academic Articles,encompass,0.78,hard
Academic Articles,spatial,0.74,hard
Academic Articles,temporal,0.69,hard
Academic Articles,scale,0.05,easy
Academic Articles,wave,0.1,easy
Academic Articles,dissipation,0.78,hard
Academic Articles,oscillation,0.78,hard
Academic Articles,oscillation,0.78,hard
Academic Articles,understanding,0.27,easy
Academic Articles,gravity,0.71,hard
Academic Articles,affect,0.49,easy
Academic Articles,circulation,0.67,hard
Academic Articles,compositional,0.83,hard
Academic Articles,variability,0.79,hard
Academic Articles,altitude,0.75,hard
Academic Articles,profile,0.11,easy
Academic Articles,temperature,0.46,easy
Academic Articles,resolution,0.32,easy
Academic Articles,altitude,0.75,hard
Academic Articles,important,0.0,easy
Academic Articles,meridional,0.77,hard
Academic Articles,system,0.0,easy
Academic Articles,small,0.0,easy
Academic Articles,climatological,0.86,hard
Academic Articles,system,0.0,easy
Academic Articles,finally,0.03,easy
Academic Articles,system,0.0,easy
Academic Articles,quiet,0.04,easy
Academic Articles,storm,0.38,easy
Academic Articles,time,0.0,easy
Academic Articles,open,0.0,easy
Academic Articles,include,0.12,easy
Academic Articles,whether,0.01,easy
Academic Articles,gravity,0.71,hard
Academic Articles,impact,0.24,easy
Academic Articles,gravity,0.71,hard
Academic Articles,whether,0.01,easy
Academic Articles,system,0.0,easy
Academic Articles,predictability,0.79,hard
Academic Articles,lower,0.14,easy
Academic Articles,atmosphere,0.28,easy
Academic Articles,affect,0.49,easy
Academic Articles,electric,0.24,easy
Academic Articles,connect,0.49,easy
Academic Articles,atmosphere,0.28,easy
Academic Articles,spatial,0.74,hard
Academic Articles,scale,0.05,easy
Academic Articles,energy,0.17,easy
Academic Articles,storm,0.38,easy
Academic Articles,understanding,0.27,easy
Academic Articles,nonlinear,0.79,hard
Academic Articles,full,0.0,easy
Academic Articles,spatial,0.74,hard
Academic Articles,scale,0.05,easy
Academic Articles,know,0.0,easy
Academic Articles,upper,0.41,easy
Academic Articles,atmosphere,0.28,easy
Academic Articles,forcing,0.71,hard
Academic Articles,example,0.0,easy
Academic Articles,neutral,0.51,easy
Academic Articles,increase,0.01,easy
Academic Articles,solution,0.5,easy
Academic Articles,monitor,0.5,easy
Academic Articles,electric,0.24,easy
Academic Articles,approach,0.08,easy
Academic Articles,active,0.11,easy
Academic Articles,planetary,0.69,hard
Academic Articles,electrodynamics,0.84,hard
Academic Articles,response,0.31,easy
Academic Articles,experiment,0.47,easy
Academic Articles,ampere,0.75,hard
Academic Articles,space,0.0,easy
Academic Articles,swarm,0.66,hard
Academic Articles,satellite,0.65,hard
Academic Articles,lation,0.78,hard
Academic Articles,improve,0.45,easy
Academic Articles,spatial,0.74,hard
Academic Articles,coverage,0.69,hard
Academic Articles,temporal,0.69,hard
Academic Articles,theme,0.01,easy
Academic Articles,panel,0.37,easy
Academic Articles,forcing,0.71,hard
Academic Articles,important,0.0,easy
Academic Articles,weather,0.14,easy
Academic Articles,forcing,0.71,hard
Academic Articles,future,0.0,easy
Academic Articles,space,0.0,easy
Academic Articles,weather,0.14,easy
Academic Articles,research,0.26,easy
Academic Articles,infrastructure,0.79,hard
Academic Articles,national,0.02,easy
Academic Articles,reserved,0.55,hard
Academic Articles,ionosphere,0.76,hard
Academic Articles,vector,0.67,hard
Academic Articles,understand,0.03,easy
Academic Articles,past,0.0,easy
Academic Articles,current,0.01,easy
Academic Articles,different,0.0,easy
Academic Articles,earth,0.0,easy
Academic Articles,climate,0.62,hard
Academic Articles,change,0.0,easy
Academic Articles,affect,0.49,easy
Academic Articles,increasing,0.45,easy
Academic Articles,convective,0.8,hard
Academic Articles,launch,0.28,easy
Academic Articles,gravity,0.71,hard
Academic Articles,upper,0.41,easy
Academic Articles,atmosphere,0.28,easy
Academic Articles,gravity,0.71,hard
Academic Articles,modeling,0.73,hard
Academic Articles,describe,0.47,easy
Academic Articles,coupling,0.71,hard
Academic Articles,provide,0.04,easy
Academic Articles,resolution,0.32,easy
Academic Articles,figure,0.02,easy
Academic Articles,require,0.3,easy
Academic Articles,sustainable,0.78,hard
Academic Articles,support,0.0,easy
Academic Articles,research,0.26,easy
Academic Articles,computational,0.83,hard
Academic Articles,observation,0.37,easy
Academic Articles,net,0.01,easy
Academic Articles,work,0.0,easy
Academic Articles,model,0.15,easy
Academic Articles,validation,0.79,hard
Academic Articles,collaboration,0.78,hard
Academic Articles,science,0.04,easy
Academic Articles,community,0.1,easy
Academic Articles,private,0.01,easy
Academic Articles,figure,0.02,easy
Academic Articles,recent,0.03,easy
Academic Articles,underlying,0.63,hard
Academic Articles,model,0.15,easy
Academic Articles,model,0.15,easy
Academic Articles,wave,0.1,easy
Academic Articles,coupling,0.71,hard
Academic Articles,magic,0.46,easy
Academic Articles,see,0.0,easy
Academic Articles,snively,0.78,hard
Academic Articles,therein,0.72,hard
Academic Articles,smaller,0.43,easy
Academic Articles,scale,0.05,easy
Academic Articles,solver,0.74,hard
Academic Articles,library,0.25,easy
Academic Articles,pest,0.67,hard
Academic Articles,mesh,0.56,hard
Academic Articles,management,0.37,easy
Academic Articles,development,0.01,easy
Academic Articles,team,0.09,easy
Academic Articles,model,0.15,easy
Academic Articles,wave,0.1,easy
Academic Articles,dynamic,0.62,hard
Academic Articles,recent,0.03,easy
Academic Articles,progress,0.09,easy
Academic Articles,propagation,0.77,hard
Academic Articles,coupling,0.71,hard
Academic Articles,across,0.0,easy
Academic Articles,deep,0.0,easy
Academic Articles,altitude,0.75,hard
Academic Articles,ionosphere,0.76,hard
Academic Articles,aeronautical,0.81,hard
Academic Articles,university,0.52,easy
Academic Articles,scalable,0.76,hard
Academic Articles,wave,0.1,easy
Academic Articles,coupling,0.71,hard
Academic Articles,abstract,0.52,easy
Academic Articles,saa,0.76,hard
Academic Articles,fall,0.0,easy
Academic Articles,geophysical,0.81,hard
Academic Articles,union,0.16,easy
Academic Articles,future,0.0,easy
Academic Articles,space,0.0,easy
Academic Articles,weather,0.14,easy
Academic Articles,research,0.26,easy
Academic Articles,infrastructure,0.79,hard
Academic Articles,national,0.02,easy
Academic Articles,reserved,0.55,hard
Academic Articles,future,0.0,easy
Academic Articles,space,0.0,easy
Academic Articles,weather,0.14,easy
Academic Articles,research,0.26,easy
Academic Articles,infrastructure,0.79,hard
Academic Articles,progress,0.09,easy
Academic Articles,require,0.3,easy
Academic Articles,sustained,0.67,hard
Academic Articles,address,0.01,easy
Academic Articles,current,0.01,easy
Academic Articles,noted,0.39,easy
Academic Articles,adaptive,0.76,hard
Academic Articles,mesh,0.56,hard
Academic Articles,refinement,0.71,hard
Academic Articles,regarding,0.65,hard
Academic Articles,system,0.0,easy
Academic Articles,predictability,0.79,hard
Academic Articles,mat,0.57,hard
Academic Articles,put,0.0,easy
Academic Articles,butterfly,0.69,hard
Academic Articles,global,0.65,hard
Academic Articles,data,0.13,easy
Academic Articles,assimilation,0.75,hard
Academic Articles,error,0.0,easy
Academic Articles,growth,0.02,easy
Academic Articles,coupling,0.71,hard
Academic Articles,committee,0.24,easy
Academic Articles,member,0.12,easy
Academic Articles,coupling,0.71,hard
Academic Articles,josh,0.7,hard
Academic Articles,university,0.52,easy
Academic Articles,university,0.52,easy
Academic Articles,corporation,0.59,hard
Academic Articles,atmospheric,0.78,hard
Academic Articles,research,0.26,easy
Academic Articles,joe,0.25,easy
Academic Articles,seth,0.67,hard
Academic Articles,upon,0.0,easy
Academic Articles,following,0.03,easy
Academic Articles,predictive,0.78,hard
Academic Articles,research,0.26,easy
Academic Articles,need,0.0,easy
Academic Articles,understanding,0.27,easy
Academic Articles,coupling,0.71,hard
Academic Articles,coupling,0.71,hard
Academic Articles,spatiotemporal,0.8,hard
Academic Articles,scale,0.05,easy
Academic Articles,define,0.6,hard
Academic Articles,boundary,0.69,hard
Academic Articles,another,0.0,easy
Academic Articles,scale,0.05,easy
Academic Articles,coupling,0.71,hard
Academic Articles,kinetic,0.73,hard
Academic Articles,scale,0.05,easy
Academic Articles,coupling,0.71,hard
Academic Articles,place,0.0,easy
Academic Articles,geophysical,0.81,hard
Academic Articles,solar,0.73,hard
Academic Articles,wind,0.05,easy
Academic Articles,current,0.01,easy
Academic Articles,coupling,0.71,hard
Academic Articles,perspective,0.62,hard
Academic Articles,see,0.0,easy
Academic Articles,table,0.02,easy
Academic Articles,include,0.12,easy
Academic Articles,tail,0.19,easy
Academic Articles,onset,0.7,hard
Academic Articles,scale,0.05,easy
Academic Articles,physic,0.74,hard
Academic Articles,table,0.02,easy
Academic Articles,coupling,0.71,hard
Academic Articles,energy,0.17,easy
Academic Articles,perspective,0.62,hard
Academic Articles,transport,0.22,easy
Academic Articles,boundary,0.69,hard
Academic Articles,significance,0.6,hard
Academic Articles,plasma,0.7,hard
Academic Articles,sheet,0.3,easy
Academic Articles,injection,0.73,hard
Academic Articles,dissipation,0.78,hard
Academic Articles,dynamic,0.62,hard
Academic Articles,minute,0.03,easy
Academic Articles,global,0.65,hard
Academic Articles,kinetic,0.73,hard
Academic Articles,test,0.02,easy
Academic Articles,simulation,0.76,hard
Academic Articles,ring,0.08,easy
Academic Articles,current,0.01,easy
Academic Articles,dynamic,0.62,hard
Academic Articles,poorly,0.56,hard
Academic Articles,understood,0.53,easy
Academic Articles,development,0.01,easy
Academic Articles,known,0.01,easy
Academic Articles,onset,0.7,hard
Academic Articles,plasma,0.7,hard
Academic Articles,sheet,0.3,easy
Academic Articles,thickness,0.61,hard
Academic Articles,ion,0.73,hard
Academic Articles,radius,0.66,hard
Academic Articles,tail,0.19,easy
Academic Articles,reconnection,0.82,hard
Academic Articles,particle,0.71,hard
Academic Articles,acceleration,0.77,hard
Academic Articles,theory,0.12,easy
Academic Articles,major,0.0,easy
Academic Articles,energy,0.17,easy
Academic Articles,system,0.0,easy
Academic Articles,electron,0.71,hard
Academic Articles,inertial,0.78,hard
Academic Articles,length,0.06,easy
Academic Articles,relation,0.23,easy
Academic Articles,kinetic,0.73,hard
Academic Articles,dominant,0.55,hard
Academic Articles,transport,0.22,easy
Academic Articles,dispersion,0.75,hard
Academic Articles,ionization,0.77,hard
Academic Articles,conductivity,0.82,hard
Academic Articles,joule,0.74,hard
Academic Articles,heating,0.69,hard
Academic Articles,polarization,0.79,hard
Academic Articles,variability,0.79,hard
Academic Articles,physic,0.74,hard
Academic Articles,heating,0.69,hard
Academic Articles,rate,0.0,easy
Academic Articles,overestimation,0.81,hard
Academic Articles,estimation,0.75,hard
Academic Articles,possible,0.0,easy
Academic Articles,turbulence,0.74,hard
Academic Articles,arc,0.55,hard
Academic Articles,instability,0.78,hard
Academic Articles,nonlinear,0.79,hard
Academic Articles,anomalous,0.76,hard
Academic Articles,heating,0.69,hard
Academic Articles,macroscopic,0.77,hard
Academic Articles,conductance,0.79,hard
Academic Articles,equatorial,0.76,hard
Academic Articles,plasma,0.7,hard
Academic Articles,irregularity,0.81,hard
Academic Articles,scale,0.05,easy
Academic Articles,near,0.01,easy
Academic Articles,ion,0.73,hard
Academic Articles,radius,0.66,hard
Academic Articles,dissipation,0.78,hard
Academic Articles,kinetic,0.73,hard
Academic Articles,wave,0.1,easy
Academic Articles,propagation,0.77,hard
Academic Articles,disturbed,0.59,hard
Academic Articles,ionosphere,0.76,hard
Academic Articles,ionospheric,0.8,hard
Academic Articles,fresnel,0.78,hard
Academic Articles,scale,0.05,easy
Academic Articles,ionosphere,0.76,hard
Academic Articles,medium,0.23,easy
Academic Articles,stochastic,0.79,hard
Academic Articles,amplitude,0.75,hard
Academic Articles,modulation,0.74,hard
Academic Articles,scintillation,0.75,hard
Academic Articles,rapid,0.51,easy
Academic Articles,phase,0.42,easy
Academic Articles,fluctuation,0.78,hard
Academic Articles,note,0.01,easy
Academic Articles,pic,0.54,easy
Academic Articles,frequency,0.66,hard
Academic Articles,source,0.05,easy
Academic Articles,josh,0.7,hard
Academic Articles,boston,0.74,hard
Academic Articles,university,0.52,easy
Academic Articles,future,0.0,easy
Academic Articles,space,0.0,easy
Academic Articles,weather,0.14,easy
Academic Articles,research,0.26,easy
Academic Articles,infrastructure,0.79,hard
Academic Articles,national,0.02,easy
Academic Articles,reserved,0.55,hard
Academic Articles,ionosphere,0.76,hard
Academic Articles,energy,0.17,easy
Academic Articles,transferring,0.79,hard
Academic Articles,energy,0.17,easy
Academic Articles,system,0.0,easy
Academic Articles,many,0.0,easy
Academic Articles,coupling,0.71,hard
Academic Articles,pro,0.6,hard
Academic Articles,yet,0.0,easy
Academic Articles,adequately,0.76,hard
Academic Articles,predictive,0.78,hard
Academic Articles,system,0.0,easy
Academic Articles,sufficient,0.53,easy
Academic Articles,resolution,0.32,easy
Academic Articles,ionospheric,0.8,hard
Academic Articles,projection,0.6,hard
Academic Articles,information,0.03,easy
Academic Articles,outer,0.61,hard
Academic Articles,space,0.0,easy
Academic Articles,network,0.38,easy
Academic Articles,cross,0.12,easy
Academic Articles,region,0.45,easy
Academic Articles,dynamic,0.62,hard
Academic Articles,involve,0.51,easy
Academic Articles,data,0.13,easy
Academic Articles,fusion,0.62,hard
Academic Articles,inversion,0.64,hard
Academic Articles,information,0.03,easy
Academic Articles,theory,0.12,easy
Academic Articles,learning,0.24,easy
Academic Articles,collaboration,0.78,hard
Academic Articles,computer,0.16,easy
Academic Articles,data,0.13,easy
Academic Articles,electric,0.24,easy
Academic Articles,critical,0.41,easy
Academic Articles,accurate,0.64,hard
Academic Articles,joule,0.74,hard
Academic Articles,heating,0.69,hard
Academic Articles,precipitation,0.76,hard
Academic Articles,smaller,0.43,easy
Academic Articles,scale,0.05,easy
Academic Articles,active,0.11,easy
Academic Articles,time,0.0,easy
Academic Articles,furthermore,0.76,hard
Academic Articles,neutral,0.51,easy
Academic Articles,respond,0.52,easy
Academic Articles,forcing,0.71,hard
Academic Articles,scale,0.05,easy
Academic Articles,reduce,0.14,easy
Academic Articles,local,0.01,easy
Academic Articles,joule,0.74,hard
Academic Articles,need,0.0,easy
Academic Articles,regionally,0.81,hard
Academic Articles,drift,0.34,easy
Academic Articles,particle,0.71,hard
Academic Articles,precipitation,0.76,hard
Academic Articles,neutral,0.51,easy
Academic Articles,data,0.13,easy
Academic Articles,scale,0.05,easy
Academic Articles,ionospheric,0.8,hard
Academic Articles,electrodynamics,0.84,hard
Academic Articles,geomagnetic,0.84,hard
Academic Articles,scale,0.05,easy
Academic Articles,across,0.0,easy
Academic Articles,physical,0.07,easy
Academic Articles,coupling,0.71,hard
Academic Articles,ionosphere,0.76,hard
Academic Articles,figure,0.02,easy
Academic Articles,ranging,0.65,hard
Academic Articles,spatially,0.78,hard
Academic Articles,temporally,0.81,hard
Academic Articles,vast,0.45,easy
Academic Articles,physical,0.07,easy
Academic Articles,theory,0.12,easy
Academic Articles,electrodynamics,0.84,hard
Academic Articles,assume,0.3,easy
Academic Articles,equipotential,0.8,hard
Academic Articles,magnetic,0.65,hard
Academic Articles,field,0.0,easy
Academic Articles,recent,0.03,easy
Academic Articles,work,0.0,easy
Academic Articles,extended,0.36,easy
Academic Articles,electrodynamics,0.84,hard
Academic Articles,potential,0.24,easy
Academic Articles,along,0.0,easy
Academic Articles,magnetic,0.65,hard
Academic Articles,field,0.0,easy
Academic Articles,new,0.0,easy
Academic Articles,community,0.1,easy
Academic Articles,still,0.0,easy
Academic Articles,electrodynamic,0.84,hard
Academic Articles,combine,0.51,easy
Academic Articles,different,0.0,easy
Academic Articles,low,0.0,easy
Academic Articles,global,0.65,hard
Academic Articles,important,0.0,easy
Academic Articles,storm,0.38,easy
Academic Articles,time,0.0,easy
Academic Articles,storm,0.38,easy
Academic Articles,time,0.0,easy
Academic Articles,penetration,0.7,hard
Academic Articles,electric,0.24,easy
Academic Articles,ionospheric,0.8,hard
Academic Articles,dynamo,0.76,hard
Academic Articles,electric,0.24,easy
Academic Articles,making,0.0,easy
Academic Articles,require,0.3,easy
Academic Articles,scale,0.05,easy
Academic Articles,size,0.0,easy
Academic Articles,physic,0.74,hard
Academic Articles,pic,0.54,easy
Academic Articles,global,0.65,hard
Academic Articles,open,0.0,easy
Academic Articles,predictive,0.78,hard
Academic Articles,system,0.0,easy
Academic Articles,role,0.0,easy
Academic Articles,sheet,0.3,easy
Academic Articles,energetic,0.72,hard
Academic Articles,particle,0.71,hard
Academic Articles,dynamic,0.62,hard
Academic Articles,particle,0.71,hard
Academic Articles,precipitation,0.76,hard
Academic Articles,coupling,0.71,hard
Academic Articles,scale,0.05,easy
Academic Articles,cold,0.0,easy
Academic Articles,plasma,0.7,hard
Academic Articles,evolution,0.7,hard
Academic Articles,motion,0.06,easy
Academic Articles,ring,0.08,easy
Academic Articles,current,0.01,easy
Academic Articles,first,0.0,easy
Academic Articles,enhanced,0.7,hard
Academic Articles,global,0.65,hard
Academic Articles,con,0.52,easy
Academic Articles,vection,0.78,hard
Academic Articles,well,0.0,easy
Academic Articles,knowledge,0.06,easy
Academic Articles,gap,0.57,hard
Academic Articles,current,0.01,easy
Academic Articles,ring,0.08,easy
Academic Articles,current,0.01,easy
Academic Articles,evolution,0.7,hard
Academic Articles,thus,0.1,easy
Academic Articles,made,0.0,easy
Academic Articles,following,0.03,easy
Academic Articles,broad,0.24,easy
Academic Articles,knowledge,0.06,easy
Academic Articles,distributed,0.71,hard
Academic Articles,widely,0.57,hard
Academic Articles,system,0.0,easy
Academic Articles,include,0.12,easy
Academic Articles,measure,0.06,easy
Academic Articles,plasma,0.7,hard
Academic Articles,sheet,0.3,easy
Academic Articles,global,0.65,hard
Academic Articles,region,0.45,easy
Academic Articles,concurrent,0.77,hard
Academic Articles,ring,0.08,easy
Academic Articles,current,0.01,easy
Academic Articles,radiation,0.47,easy
Academic Articles,belt,0.44,easy
Academic Articles,modeling,0.73,hard
Academic Articles,program,0.0,easy
Academic Articles,pic,0.54,easy
Academic Articles,future,0.0,easy
Academic Articles,space,0.0,easy
Academic Articles,weather,0.14,easy
Academic Articles,research,0.26,easy
Academic Articles,infrastructure,0.79,hard
Academic Articles,national,0.02,easy
Academic Articles,reserved,0.55,hard
Academic Articles,future,0.0,easy
Academic Articles,space,0.0,easy
Academic Articles,weather,0.14,easy
Academic Articles,research,0.26,easy
Academic Articles,infrastructure,0.79,hard
Academic Articles,figure,0.02,easy
Academic Articles,ionosphere,0.76,hard
Academic Articles,top,0.0,easy
Academic Articles,left,0.0,easy
Academic Articles,optical,0.71,hard
Academic Articles,mount,0.42,easy
Academic Articles,showing,0.12,easy
Academic Articles,top,0.0,easy
Academic Articles,right,0.0,easy
Academic Articles,bottom,0.11,easy
Academic Articles,radio,0.22,easy
Academic Articles,joe,0.25,easy
Academic Articles,top,0.0,easy
Academic Articles,geophysical,0.81,hard
Academic Articles,research,0.26,easy
Academic Articles,geophysical,0.81,hard
Academic Articles,union,0.16,easy
Academic Articles,top,0.0,easy
Academic Articles,right,0.0,easy
Academic Articles,defense,0.12,easy
Academic Articles,nuclear,0.31,easy
Academic Articles,agency,0.46,easy
Academic Articles,equatorial,0.76,hard
Academic Articles,bottom,0.11,easy
Academic Articles,future,0.0,easy
Academic Articles,space,0.0,easy
Academic Articles,weather,0.14,easy
Academic Articles,research,0.26,easy
Academic Articles,infrastructure,0.79,hard
Academic Articles,national,0.02,easy
Academic Articles,reserved,0.55,hard
Academic Articles,ionosphere,0.76,hard
Academic Articles,geomagnetic,0.84,hard
Academic Articles,field,0.0,easy
Academic Articles,ionosphere,0.76,hard
Academic Articles,coupling,0.71,hard
Academic Articles,concerning,0.59,hard
Academic Articles,implementation,0.79,hard
Academic Articles,strategically,0.8,hard
Academic Articles,science,0.04,easy
Academic Articles,perspective,0.62,hard
Academic Articles,operational,0.71,hard
Academic Articles,environmental,0.8,hard
Academic Articles,polar,0.64,hard
Academic Articles,operational,0.71,hard
Academic Articles,environmental,0.8,hard
Academic Articles,defense,0.12,easy
Academic Articles,meteorological,0.86,hard
Academic Articles,satellite,0.65,hard
Academic Articles,program,0.0,easy
Academic Articles,traditionally,0.81,hard
Academic Articles,provided,0.28,easy
Academic Articles,data,0.13,easy
Academic Articles,new,0.0,easy
Academic Articles,temporal,0.69,hard
Academic Articles,plasma,0.7,hard
Academic Articles,present,0.0,easy
Academic Articles,throughout,0.05,easy
Academic Articles,solar,0.73,hard
Academic Articles,possible,0.0,easy
Academic Articles,single,0.01,easy
Academic Articles,associated,0.64,hard
Academic Articles,energy,0.17,easy
Academic Articles,solar,0.73,hard
Academic Articles,wind,0.05,easy
Academic Articles,energy,0.17,easy
Academic Articles,input,0.25,easy
Academic Articles,account,0.03,easy
Academic Articles,magnetic,0.65,hard
Academic Articles,ionosphere,0.76,hard
Academic Articles,percent,0.55,hard
Academic Articles,likely,0.06,easy
Academic Articles,coming,0.01,easy
Academic Articles,associated,0.64,hard
Academic Articles,activity,0.36,easy
Academic Articles,second,0.0,easy
Academic Articles,power,0.0,easy
Academic Articles,radiation,0.47,easy
Academic Articles,ring,0.08,easy
Academic Articles,current,0.01,easy
Academic Articles,deposit,0.48,easy
Academic Articles,energy,0.17,easy
Academic Articles,ionosphere,0.76,hard
Academic Articles,drive,0.02,easy
Academic Articles,induced,0.71,hard
Academic Articles,weather,0.14,easy
Academic Articles,problem,0.0,easy
Academic Articles,coupling,0.71,hard
Academic Articles,space,0.0,easy
Academic Articles,weather,0.14,easy
Academic Articles,radiation,0.47,easy
Academic Articles,radiation,0.47,easy
Academic Articles,cold,0.0,easy
Academic Articles,reconnection,0.82,hard
Academic Articles,sub,0.47,easy
Academic Articles,wave,0.1,easy
Academic Articles,propagation,0.77,hard
Academic Articles,warm,0.04,easy
Academic Articles,plasma,0.7,hard
Academic Articles,wave,0.1,easy
Academic Articles,propagation,0.77,hard
Academic Articles,charging,0.75,hard
Academic Articles,relativistic,0.79,hard
Academic Articles,plasma,0.7,hard
Academic Articles,future,0.0,easy
Academic Articles,new,0.0,easy
Academic Articles,point,0.0,easy
Academic Articles,key,0.0,easy
Academic Articles,drive,0.02,easy
Academic Articles,test,0.02,easy
Academic Articles,continuous,0.68,hard
Academic Articles,providing,0.6,hard
Academic Articles,key,0.0,easy
Academic Articles,global,0.65,hard
Academic Articles,realistic,0.5,easy
Academic Articles,behavior,0.3,easy
Academic Articles,cold,0.0,easy
Academic Articles,plasma,0.7,hard
Academic Articles,warm,0.04,easy
Academic Articles,plasma,0.7,hard
Academic Articles,relativistic,0.79,hard
Academic Articles,plasma,0.7,hard
Academic Articles,new,0.0,easy
Academic Articles,data,0.13,easy
Academic Articles,deter,0.74,hard
Academic Articles,global,0.65,hard
Academic Articles,storm,0.38,easy
Academic Articles,space,0.0,easy
Academic Articles,scientific,0.57,hard
Academic Articles,vol,0.75,hard
Academic Articles,society,0.02,easy
Academic Articles,optic,0.73,hard
Academic Articles,model,0.15,easy
Academic Articles,space,0.0,easy
Academic Articles,weather,0.14,easy
Academic Articles,stand,0.0,easy
Academic Articles,origin,0.53,easy
Academic Articles,system,0.0,easy
Academic Articles,white,0.0,easy
Academic Articles,heavy,0.01,easy
Academic Articles,coupling,0.71,hard
Academic Articles,white,0.0,easy
Academic Articles,erosion,0.7,hard
Academic Articles,scientific,0.57,hard
Academic Articles,justification,0.76,hard
Academic Articles,white,0.0,easy
Academic Articles,need,0.0,easy
Academic Articles,detailed,0.58,hard
Academic Articles,ionic,0.76,hard
Academic Articles,composition,0.59,hard
Academic Articles,white,0.0,easy
Academic Articles,future,0.0,easy
Academic Articles,space,0.0,easy
Academic Articles,weather,0.14,easy
Academic Articles,research,0.26,easy
Academic Articles,infrastructure,0.79,hard
Academic Articles,national,0.02,easy
Academic Articles,reserved,0.55,hard
Academic Articles,research,0.26,easy
Academic Articles,observation,0.37,easy
Academic Articles,modeling,0.73,hard
Academic Articles,need,0.0,easy
Academic Articles,ground,0.01,easy
Academic Articles,effect,0.0,easy
Academic Articles,workshop,0.7,hard
Academic Articles,session,0.26,easy
Academic Articles,need,0.0,easy
Academic Articles,modeling,0.73,hard
Academic Articles,need,0.0,easy
Academic Articles,effect,0.0,easy
Academic Articles,need,0.0,easy
Academic Articles,effect,0.0,easy
Academic Articles,second,0.0,easy
Academic Articles,observation,0.37,easy
Academic Articles,modeling,0.73,hard
Academic Articles,need,0.0,easy
Academic Articles,ground,0.01,easy
Academic Articles,noted,0.39,easy
Academic Articles,specifically,0.68,hard
Academic Articles,different,0.0,easy
Academic Articles,examine,0.61,hard
Academic Articles,international,0.26,easy
Academic Articles,data,0.13,easy
Academic Articles,future,0.0,easy
Academic Articles,space,0.0,easy
Academic Articles,weather,0.14,easy
Academic Articles,review,0.06,easy
Academic Articles,research,0.26,easy
Academic Articles,consider,0.12,easy
Academic Articles,adequacy,0.79,hard
Academic Articles,relevant,0.72,hard
Academic Articles,across,0.0,easy
Academic Articles,living,0.0,easy
Academic Articles,program,0.0,easy
Academic Articles,space,0.0,easy
Academic Articles,weather,0.14,easy
Academic Articles,science,0.04,easy
Academic Articles,application,0.16,easy
Academic Articles,initiative,0.65,hard
Academic Articles,national,0.02,easy
Academic Articles,key,0.0,easy
Academic Articles,session,0.26,easy
Academic Articles,observation,0.37,easy
Academic Articles,modeling,0.73,hard
Academic Articles,need,0.0,easy
Academic Articles,following,0.03,easy
Academic Articles,key,0.0,easy
Academic Articles,weather,0.14,easy
Academic Articles,dealing,0.5,easy
Academic Articles,entire,0.01,easy
Academic Articles,predict,0.69,hard
Academic Articles,behavior,0.3,easy
Academic Articles,given,0.0,easy
Academic Articles,global,0.65,hard
Academic Articles,coverage,0.69,hard
Academic Articles,observing,0.75,hard
Academic Articles,robust,0.68,hard
Academic Articles,data,0.13,easy
Academic Articles,covering,0.58,hard
Academic Articles,variability,0.79,hard
Academic Articles,propagation,0.77,hard
Academic Articles,evolution,0.7,hard
Academic Articles,geophysical,0.81,hard
Academic Articles,private,0.01,easy
Academic Articles,sector,0.55,hard
Academic Articles,understand,0.03,easy
Academic Articles,provide,0.04,easy
Academic Articles,long,0.0,easy
Academic Articles,induced,0.71,hard
Academic Articles,future,0.0,easy
Academic Articles,space,0.0,easy
Academic Articles,weather,0.14,easy
Academic Articles,research,0.26,easy
Academic Articles,infrastructure,0.79,hard
Academic Articles,national,0.02,easy
Academic Articles,reserved,0.55,hard
Academic Articles,ground,0.01,easy
Academic Articles,effect,0.0,easy
Academic Articles,science,0.04,easy
Academic Articles,research,0.26,easy
Academic Articles,reaching,0.6,hard
Academic Articles,consider,0.12,easy
Academic Articles,data,0.13,easy
Academic Articles,non,0.04,easy
Academic Articles,operational,0.71,hard
Academic Articles,operational,0.71,hard
Academic Articles,assess,0.69,hard
Academic Articles,value,0.01,easy
Academic Articles,need,0.0,easy
Academic Articles,data,0.13,easy
Academic Articles,research,0.26,easy
Academic Articles,forecasting,0.77,hard
Academic Articles,following,0.03,easy
Academic Articles,summarize,0.76,hard
Academic Articles,ground,0.01,easy
Academic Articles,research,0.26,easy
Academic Articles,keynote,0.69,hard
Academic Articles,first,0.0,easy
Academic Articles,day,0.0,easy
Academic Articles,survey,0.5,easy
Academic Articles,spoke,0.41,easy
Academic Articles,power,0.0,easy
Academic Articles,better,0.0,easy
Academic Articles,induced,0.71,hard
Academic Articles,among,0.0,easy
Academic Articles,important,0.0,easy
Academic Articles,give,0.0,easy
Academic Articles,irreversible,0.78,hard
Academic Articles,geomagnetic,0.84,hard
Academic Articles,disturbance,0.65,hard
Academic Articles,ionospheric,0.8,hard
Academic Articles,impedance,0.79,hard
Academic Articles,subsurface,0.79,hard
Academic Articles,electrical,0.67,hard
Academic Articles,conductivity,0.82,hard
Academic Articles,structure,0.09,easy
Academic Articles,overall,0.37,easy
Academic Articles,externally,0.79,hard
Academic Articles,driven,0.45,easy
Academic Articles,storm,0.38,easy
Academic Articles,intensity,0.43,easy
Academic Articles,often,0.0,easy
Academic Articles,reference,0.28,easy
Academic Articles,twentieth,0.72,hard
Academic Articles,century,0.08,easy
Academic Articles,alone,0.01,easy
Academic Articles,five,0.0,easy
Academic Articles,significant,0.42,easy
Academic Articles,geomagnetic,0.84,hard
Academic Articles,took,0.0,easy
Academic Articles,place,0.0,easy
Academic Articles,significant,0.42,easy
Academic Articles,many,0.0,easy
Academic Articles,nuclear,0.31,easy
Academic Articles,power,0.0,easy
Academic Articles,new,0.0,easy
Academic Articles,jersey,0.7,hard
Academic Articles,figure,0.02,easy
Academic Articles,national,0.02,easy
Academic Articles,workshop,0.7,hard
Academic Articles,event,0.05,easy
Academic Articles,could,0.0,easy
Academic Articles,cause,0.0,easy
Academic Articles,significant,0.42,easy
Academic Articles,damage,0.22,easy
Academic Articles,civilian,0.69,hard
Academic Articles,asset,0.71,hard
Academic Articles,grid,0.67,hard
Academic Articles,severe,0.52,easy
Academic Articles,system,0.0,easy
Academic Articles,radio,0.22,easy
Academic Articles,communication,0.63,hard
Academic Articles,geophysical,0.81,hard
Academic Articles,workshop,0.7,hard
Academic Articles,total,0.02,easy
Academic Articles,economic,0.06,easy
Academic Articles,impact,0.24,easy
Academic Articles,united,0.47,easy
Academic Articles,trillion,0.69,hard
Academic Articles,trillion,0.69,hard
Academic Articles,although,0.0,easy
Academic Articles,experienced,0.62,hard
Academic Articles,since,0.0,easy
Academic Articles,technology,0.55,hard
Academic Articles,history,0.0,easy
Academic Articles,geographical,0.78,hard
Academic Articles,surface,0.09,easy
Academic Articles,electromagnetic,0.83,hard
Academic Articles,impedance,0.79,hard
Academic Articles,differ,0.68,hard
Academic Articles,significantly,0.74,hard
Academic Articles,mineralogy,0.83,hard
Academic Articles,fluid,0.58,hard
Academic Articles,hazard,0.63,hard
Academic Articles,analysis,0.41,easy
Academic Articles,combined,0.55,hard
Academic Articles,record,0.02,easy
Academic Articles,associated,0.64,hard
Academic Articles,geomagnetic,0.84,hard
Academic Articles,storm,0.38,easy
Academic Articles,even,0.0,easy
Academic Articles,intense,0.27,easy
Academic Articles,storm,0.38,easy
Academic Articles,northeastern,0.77,hard
Academic Articles,united,0.47,easy
Academic Articles,likely,0.06,easy
Academic Articles,serious,0.02,easy
Academic Articles,seen,0.0,easy
Academic Articles,storm,0.38,easy
Academic Articles,complete,0.0,easy
Academic Articles,geomagnetic,0.84,hard
Academic Articles,northeastern,0.77,hard
Academic Articles,united,0.47,easy
Academic Articles,geomagnetic,0.84,hard
Academic Articles,disturbance,0.65,hard
Academic Articles,power,0.0,easy
Academic Articles,grid,0.67,hard
Academic Articles,design,0.05,easy
Academic Articles,prepare,0.49,easy
Academic Articles,future,0.0,easy
Academic Articles,geomagnetic,0.84,hard
Academic Articles,additional,0.42,easy
Academic Articles,geomagnetic,0.84,hard
Academic Articles,especially,0.02,easy
Academic Articles,along,0.0,easy
Academic Articles,individual,0.05,easy
Academic Articles,grid,0.67,hard
Academic Articles,nuclear,0.31,easy
Academic Articles,electromagnetic,0.83,hard
Academic Articles,pulse,0.56,hard
Academic Articles,weapon,0.48,easy
Academic Articles,detonation,0.79,hard
Academic Articles,cause,0.0,easy
Academic Articles,like,0.0,easy
Academic Articles,geomagnetic,0.84,hard
Academic Articles,hazard,0.63,hard
Academic Articles,analysis,0.41,easy
Academic Articles,crosscutting,0.8,hard
Academic Articles,research,0.26,easy
Academic Articles,national,0.02,easy
Academic Articles,research,0.26,easy
Academic Articles,council,0.62,hard
Academic Articles,severe,0.52,easy
Academic Articles,space,0.0,easy
Academic Articles,weather,0.14,easy
Academic Articles,understanding,0.27,easy
Academic Articles,societal,0.77,hard
Academic Articles,economic,0.06,easy
Academic Articles,report,0.06,easy
Academic Articles,national,0.02,easy
Academic Articles,press,0.04,easy
Academic Articles,future,0.0,easy
Academic Articles,space,0.0,easy
Academic Articles,weather,0.14,easy
Academic Articles,research,0.26,easy
Academic Articles,infrastructure,0.79,hard
Academic Articles,national,0.02,easy
Academic Articles,reserved,0.55,hard
Academic Articles,future,0.0,easy
Academic Articles,space,0.0,easy
Academic Articles,weather,0.14,easy
Academic Articles,research,0.26,easy
Academic Articles,infrastructure,0.79,hard
Academic Articles,observation,0.37,easy
Academic Articles,modeling,0.73,hard
Academic Articles,member,0.12,easy
Academic Articles,observation,0.37,easy
Academic Articles,model,0.15,easy
Academic Articles,need,0.0,easy
Academic Articles,effect,0.0,easy
Academic Articles,state,0.0,easy
Academic Articles,university,0.52,easy
Academic Articles,physic,0.74,hard
Academic Articles,applied,0.43,easy
Academic Articles,physic,0.74,hard
Academic Articles,university,0.52,easy
Academic Articles,national,0.02,easy
Academic Articles,environmental,0.8,hard
Academic Articles,information,0.03,easy
Academic Articles,goddard,0.78,hard
Academic Articles,space,0.0,easy
Academic Articles,flight,0.09,easy
Academic Articles,center,0.03,easy
Academic Articles,anna,0.68,hard
Academic Articles,panel,0.37,easy
Academic Articles,associated,0.64,hard
Academic Articles,ground,0.01,easy
Academic Articles,effect,0.0,easy
Academic Articles,first,0.0,easy
Academic Articles,space,0.0,easy
Academic Articles,weather,0.14,easy
Academic Articles,well,0.0,easy
Academic Articles,understood,0.53,easy
Academic Articles,second,0.0,easy
Academic Articles,global,0.65,hard
Academic Articles,crucial,0.58,hard
Academic Articles,figure,0.02,easy
Academic Articles,transformer,0.76,hard
Academic Articles,geomagnetic,0.84,hard
Academic Articles,storm,0.38,easy
Academic Articles,jeff,0.6,hard
Academic Articles,survey,0.5,easy
Academic Articles,service,0.01,easy
Academic Articles,electric,0.24,easy
Academic Articles,gas,0.17,easy
Academic Articles,company,0.0,easy
Academic Articles,new,0.0,easy
Academic Articles,jersey,0.7,hard
Academic Articles,magnetic,0.65,hard
Academic Articles,storm,0.38,easy
Academic Articles,nuclear,0.31,easy
Academic Articles,power,0.0,easy
Academic Articles,new,0.0,easy
Academic Articles,jersey,0.7,hard
Academic Articles,future,0.0,easy
Academic Articles,space,0.0,easy
Academic Articles,weather,0.14,easy
Academic Articles,research,0.26,easy
Academic Articles,infrastructure,0.79,hard
Academic Articles,national,0.02,easy
Academic Articles,reserved,0.55,hard
Academic Articles,ground,0.01,easy
Academic Articles,effect,0.0,easy
Academic Articles,comprehensive,0.73,hard
Academic Articles,space,0.0,easy
Academic Articles,weather,0.14,easy
Academic Articles,wiggly,0.75,hard
Academic Articles,line,0.0,easy
Academic Articles,sufficient,0.53,easy
Academic Articles,either,0.0,easy
Academic Articles,space,0.0,easy
Academic Articles,data,0.13,easy
Academic Articles,assimilation,0.75,hard
Academic Articles,global,0.65,hard
Academic Articles,data,0.13,easy
Academic Articles,assimilation,0.75,hard
Academic Articles,develop,0.12,easy
Academic Articles,data,0.13,easy
Academic Articles,user,0.23,easy
Academic Articles,community,0.1,easy
Academic Articles,experience,0.0,easy
Academic Articles,shown,0.04,easy
Academic Articles,validation,0.79,hard
Academic Articles,crucial,0.58,hard
Academic Articles,taking,0.02,easy
Academic Articles,third,0.02,easy
Academic Articles,continuous,0.68,hard
Academic Articles,particularly,0.09,easy
Academic Articles,crucial,0.58,hard
Academic Articles,weather,0.14,easy
Academic Articles,forecasting,0.77,hard
Academic Articles,private,0.01,easy
Academic Articles,sector,0.55,hard
Academic Articles,understand,0.03,easy
Academic Articles,provide,0.04,easy
Academic Articles,see,0.0,easy
Academic Articles,new,0.0,easy
Academic Articles,panel,0.37,easy
Academic Articles,continuous,0.68,hard
Academic Articles,hosting,0.78,hard
Academic Articles,support,0.0,easy
Academic Articles,need,0.0,easy
Academic Articles,high,0.0,easy
Academic Articles,spatial,0.74,hard
Academic Articles,temporal,0.69,hard
Academic Articles,aurora,0.77,hard
Academic Articles,auroral,0.77,hard
Academic Articles,intense,0.27,easy
Academic Articles,magnetic,0.65,hard
Academic Articles,field,0.0,easy
Academic Articles,surrounding,0.67,hard
Academic Articles,magnetic,0.65,hard
Academic Articles,furthermore,0.76,hard
Academic Articles,auroral,0.77,hard
Academic Articles,provide,0.04,easy
Academic Articles,conductivity,0.82,hard
Academic Articles,example,0.0,easy
Academic Articles,colorado,0.77,hard
Academic Articles,hazard,0.63,hard
Academic Articles,region,0.45,easy
Academic Articles,geological,0.82,hard
Academic Articles,boundary,0.69,hard
Academic Articles,conductivity,0.82,hard
Academic Articles,model,0.15,easy
Academic Articles,see,0.0,easy
Academic Articles,figure,0.02,easy
Academic Articles,survey,0.5,easy
Academic Articles,geomagnetic,0.84,hard
Academic Articles,network,0.38,easy
Academic Articles,figure,0.02,easy
Academic Articles,nationwide,0.76,hard
Academic Articles,hazard,0.63,hard
Academic Articles,map,0.2,easy
Academic Articles,showing,0.12,easy
Academic Articles,year,0.0,easy
Academic Articles,maximum,0.47,easy
Academic Articles,electric,0.24,easy
Academic Articles,field,0.0,easy
Academic Articles,lighter,0.6,hard
Academic Articles,higher,0.11,easy
Academic Articles,electric,0.24,easy
Academic Articles,field,0.0,easy
Academic Articles,risk,0.33,easy
Academic Articles,later,0.0,easy
Academic Articles,data,0.13,easy
Academic Articles,hazard,0.63,hard
Academic Articles,region,0.45,easy
Academic Articles,around,0.0,easy
Academic Articles,data,0.13,easy
Academic Articles,anna,0.68,hard
Academic Articles,survey,0.5,easy
Academic Articles,year,0.0,easy
Academic Articles,hazard,0.63,hard
Academic Articles,analysis,0.41,easy
Academic Articles,power,0.0,easy
Academic Articles,grid,0.67,hard
Academic Articles,space,0.0,easy
Academic Articles,weather,0.14,easy
Academic Articles,future,0.0,easy
Academic Articles,space,0.0,easy
Academic Articles,weather,0.14,easy
Academic Articles,research,0.26,easy
Academic Articles,infrastructure,0.79,hard
Academic Articles,national,0.02,easy
Academic Articles,reserved,0.55,hard
Academic Articles,future,0.0,easy
Academic Articles,space,0.0,easy
Academic Articles,weather,0.14,easy
Academic Articles,research,0.26,easy
Academic Articles,ground,0.01,easy
Academic Articles,conductivity,0.82,hard
Academic Articles,map,0.2,easy
Academic Articles,hazard,0.63,hard
Academic Articles,map,0.2,easy
Academic Articles,last,0.0,easy
Academic Articles,power,0.0,easy
Academic Articles,grid,0.67,hard
Academic Articles,system,0.0,easy
Academic Articles,configuration,0.75,hard
Academic Articles,actual,0.21,easy
Academic Articles,system,0.0,easy
Academic Articles,additionally,0.81,hard
Academic Articles,scientific,0.57,hard
Academic Articles,engineering,0.68,hard
Academic Articles,modeling,0.73,hard
Academic Articles,analysis,0.41,easy
Academic Articles,north,0.14,easy
Academic Articles,electric,0.24,easy
Academic Articles,reliability,0.85,hard
Academic Articles,corporation,0.59,hard
Academic Articles,task,0.24,easy
Academic Articles,force,0.0,easy
Academic Articles,main,0.01,easy
Academic Articles,effort,0.07,easy
Academic Articles,purpose,0.01,easy
Academic Articles,recently,0.18,easy
Academic Articles,reliability,0.85,hard
Academic Articles,security,0.11,easy
Academic Articles,technical,0.23,easy
Academic Articles,committee,0.24,easy
Academic Articles,link,0.0,easy
Academic Articles,providing,0.6,hard
Academic Articles,rigorous,0.76,hard
Academic Articles,data,0.13,easy
Academic Articles,many,0.0,easy
Academic Articles,possible,0.0,easy
Academic Articles,observational,0.82,hard
Academic Articles,network,0.38,easy
Academic Articles,data,0.13,easy
Academic Articles,distribution,0.22,easy
Academic Articles,international,0.26,easy
Academic Articles,applied,0.43,easy
Academic Articles,physic,0.74,hard
Academic Articles,good,0.0,easy
Academic Articles,implementation,0.79,hard
Academic Articles,strategy,0.69,hard
Academic Articles,data,0.13,easy
Academic Articles,production,0.01,easy
Academic Articles,path,0.25,easy
Academic Articles,forward,0.01,easy
Academic Articles,develop,0.12,easy
Academic Articles,private,0.01,easy
Academic Articles,deployment,0.78,hard
Academic Articles,private,0.01,easy
Academic Articles,weather,0.14,easy
Academic Articles,information,0.03,easy
Academic Articles,relevant,0.72,hard
Academic Articles,information,0.03,easy
Academic Articles,example,0.0,easy
Academic Articles,provided,0.28,easy
Academic Articles,government,0.0,easy
Academic Articles,space,0.0,easy
Academic Articles,weather,0.14,easy
Academic Articles,possible,0.0,easy
Academic Articles,data,0.13,easy
Academic Articles,include,0.12,easy
Academic Articles,remote,0.39,easy
Academic Articles,ionospheric,0.8,hard
Academic Articles,suite,0.6,hard
Academic Articles,ground,0.01,easy
Academic Articles,effect,0.0,easy
Academic Articles,united,0.47,easy
Academic Articles,future,0.0,easy
Academic Articles,explorer,0.76,hard
Academic Articles,mission,0.19,easy
Academic Articles,map,0.2,easy
Academic Articles,structure,0.09,easy
Academic Articles,auroral,0.77,hard
Academic Articles,configuration,0.75,hard
Academic Articles,making,0.0,easy
Academic Articles,splitting,0.75,hard
Academic Articles,another,0.0,easy
Academic Articles,observing,0.75,hard
Academic Articles,solution,0.5,easy
Academic Articles,entail,0.68,hard
Academic Articles,combining,0.73,hard
Academic Articles,highly,0.23,easy
Academic Articles,accurate,0.64,hard
Academic Articles,full,0.0,easy
Academic Articles,field,0.0,easy
Academic Articles,data,0.13,easy
Academic Articles,network,0.38,easy
Academic Articles,combined,0.55,hard
Academic Articles,space,0.0,easy
Academic Articles,could,0.0,easy
Academic Articles,provide,0.04,easy
Academic Articles,space,0.0,easy
Academic Articles,weather,0.14,easy
Academic Articles,example,0.0,easy
Academic Articles,outreach,0.75,hard
Academic Articles,deploy,0.75,hard
Academic Articles,across,0.0,easy
Academic Articles,united,0.47,easy
Academic Articles,space,0.0,easy
Academic Articles,weather,0.14,easy
Academic Articles,science,0.04,easy
Academic Articles,effort,0.07,easy
Academic Articles,reasonable,0.47,easy
Academic Articles,budget,0.2,easy
Academic Articles,internal,0.45,easy
Academic Articles,geomagnetic,0.84,hard
Academic Articles,world,0.0,easy
Academic Articles,magnetic,0.65,hard
Academic Articles,model,0.15,easy
Academic Articles,inter,0.74,hard
Academic Articles,national,0.02,easy
Academic Articles,geomagnetic,0.84,hard
Academic Articles,reference,0.28,easy
Academic Articles,field,0.0,easy
Academic Articles,important,0.0,easy
Academic Articles,ionospheric,0.8,hard
Academic Articles,especially,0.02,easy
Academic Articles,cause,0.0,easy
Academic Articles,main,0.01,easy
Academic Articles,field,0.0,easy
Academic Articles,internal,0.45,easy
Academic Articles,field,0.0,easy
Academic Articles,various,0.06,easy
Academic Articles,orientation,0.68,hard
Academic Articles,navigation,0.61,hard
Academic Articles,attitude,0.3,easy
Academic Articles,control,0.0,easy
Academic Articles,antenna,0.72,hard
Academic Articles,directional,0.77,hard
Academic Articles,drilling,0.66,hard
Academic Articles,energy,0.17,easy
Academic Articles,industry,0.03,easy
Academic Articles,alternative,0.62,hard
Academic Articles,navigation,0.61,hard
Academic Articles,currently,0.54,easy
Academic Articles,space,0.0,easy
Academic Articles,swarm,0.66,hard
Academic Articles,satellite,0.65,hard
Academic Articles,constellation,0.79,hard
Academic Articles,iridium,0.79,hard
Academic Articles,satellite,0.65,hard
Academic Articles,constellation,0.79,hard
Academic Articles,ground,0.01,easy
Academic Articles,international,0.26,easy
Academic Articles,magnetic,0.65,hard
Academic Articles,solar,0.73,hard
Academic Articles,wind,0.05,easy
Academic Articles,deep,0.0,easy
Academic Articles,space,0.0,easy
Academic Articles,climate,0.62,hard
Academic Articles,however,0.0,easy
Academic Articles,despite,0.07,easy
Academic Articles,various,0.06,easy
Academic Articles,observational,0.82,hard
Academic Articles,remain,0.2,easy
Academic Articles,limit,0.15,easy
Academic Articles,geomagnetic,0.84,hard
Academic Articles,field,0.0,easy
Academic Articles,north,0.14,easy
Academic Articles,electric,0.24,easy
Academic Articles,reliability,0.85,hard
Academic Articles,corporation,0.59,hard
Academic Articles,reliability,0.85,hard
Academic Articles,security,0.11,easy
Academic Articles,technical,0.23,easy
Academic Articles,committee,0.24,easy
Academic Articles,future,0.0,easy
Academic Articles,space,0.0,easy
Academic Articles,weather,0.14,easy
Academic Articles,research,0.26,easy
Academic Articles,infrastructure,0.79,hard
Academic Articles,national,0.02,easy
Academic Articles,reserved,0.55,hard
Academic Articles,modeling,0.73,hard
Academic Articles,validation,0.79,hard
Academic Articles,data,0.13,easy
Academic Articles,science,0.04,easy
Academic Articles,key,0.0,easy
Academic Articles,session,0.26,easy
Academic Articles,validation,0.79,hard
Academic Articles,related,0.3,easy
Academic Articles,science,0.04,easy
Academic Articles,analytics,0.82,hard
Academic Articles,following,0.03,easy
Academic Articles,key,0.0,easy
Academic Articles,space,0.0,easy
Academic Articles,weather,0.14,easy
Academic Articles,data,0.13,easy
Academic Articles,starved,0.7,hard
Academic Articles,efficiently,0.78,hard
Academic Articles,available,0.03,easy
Academic Articles,data,0.13,easy
Academic Articles,data,0.13,easy
Academic Articles,often,0.0,easy
Academic Articles,well,0.0,easy
Academic Articles,modeling,0.73,hard
Academic Articles,need,0.0,easy
Academic Articles,data,0.13,easy
Academic Articles,format,0.61,hard
Academic Articles,latency,0.76,hard
Academic Articles,need,0.0,easy
Academic Articles,additional,0.42,easy
Academic Articles,data,0.13,easy
Academic Articles,currently,0.54,easy
Academic Articles,available,0.03,easy
Academic Articles,data,0.13,easy
Academic Articles,significant,0.42,easy
Academic Articles,promise,0.22,easy
Academic Articles,space,0.0,easy
Academic Articles,weather,0.14,easy
Academic Articles,research,0.26,easy
Academic Articles,approach,0.08,easy
Academic Articles,rather,0.0,easy
Academic Articles,use,0.0,easy
Academic Articles,require,0.3,easy
Academic Articles,tuning,0.75,hard
Academic Articles,across,0.0,easy
Academic Articles,cover,0.01,easy
Academic Articles,disparate,0.74,hard
Academic Articles,physic,0.74,hard
Academic Articles,vast,0.45,easy
Academic Articles,spatial,0.74,hard
Academic Articles,scale,0.05,easy
Academic Articles,current,0.01,easy
Academic Articles,potential,0.24,easy
Academic Articles,space,0.0,easy
Academic Articles,weather,0.14,easy
Academic Articles,lack,0.11,easy
Academic Articles,suitable,0.61,hard
Academic Articles,data,0.13,easy
Academic Articles,uncertainty,0.74,hard
Academic Articles,computational,0.83,hard
Academic Articles,capacity,0.32,easy
Academic Articles,commercial,0.39,easy
Academic Articles,data,0.13,easy
Academic Articles,data,0.13,easy
Academic Articles,solution,0.5,easy
Academic Articles,however,0.0,easy
Academic Articles,error,0.0,easy
Academic Articles,data,0.13,easy
Academic Articles,well,0.0,easy
Academic Articles,cloud,0.15,easy
Academic Articles,turn,0.0,easy
Academic Articles,solution,0.5,easy
Academic Articles,ensemble,0.61,hard
Academic Articles,modeling,0.73,hard
Academic Articles,particularly,0.09,easy
Academic Articles,improve,0.45,easy
Academic Articles,space,0.0,easy
Academic Articles,weather,0.14,easy
Academic Articles,however,0.0,easy
Academic Articles,widespread,0.66,hard
Academic Articles,require,0.3,easy
Academic Articles,additional,0.42,easy
Academic Articles,research,0.26,easy
Academic Articles,data,0.13,easy
Academic Articles,storage,0.54,easy
Academic Articles,computational,0.83,hard
Academic Articles,machine,0.06,easy
Academic Articles,approach,0.08,easy
Academic Articles,understanding,0.27,easy
Academic Articles,space,0.0,easy
Academic Articles,weather,0.14,easy
Academic Articles,quality,0.02,easy
Academic Articles,data,0.13,easy
Academic Articles,quantity,0.67,hard
Academic Articles,furthermore,0.76,hard
Academic Articles,space,0.0,easy
Academic Articles,weather,0.14,easy
Academic Articles,community,0.1,easy
Academic Articles,yet,0.0,easy
Academic Articles,data,0.13,easy
Academic Articles,ecosystem,0.76,hard
Academic Articles,data,0.13,easy
Academic Articles,lack,0.11,easy
Academic Articles,data,0.13,easy
Academic Articles,space,0.0,easy
Academic Articles,weather,0.14,easy
Academic Articles,understanding,0.27,easy
Academic Articles,underlying,0.63,hard
Academic Articles,physical,0.07,easy
Academic Articles,treating,0.73,hard
Academic Articles,black,0.0,easy
Academic Articles,box,0.0,easy
Academic Articles,final,0.02,easy
Academic Articles,outcome,0.64,hard
Academic Articles,robust,0.68,hard
Academic Articles,uncertainty,0.74,hard
Academic Articles,quantification,0.8,hard
Academic Articles,approaching,0.61,hard
Academic Articles,space,0.0,easy
Academic Articles,system,0.0,easy
Academic Articles,science,0.04,easy
Academic Articles,model,0.15,easy
Academic Articles,uncertainty,0.74,hard
Academic Articles,uncertainty,0.74,hard
Academic Articles,systematic,0.75,hard
Academic Articles,way,0.0,easy
Academic Articles,across,0.0,easy
Academic Articles,different,0.0,easy
Academic Articles,observing,0.75,hard
Academic Articles,system,0.0,easy
Academic Articles,simulation,0.76,hard
Academic Articles,data,0.13,easy
Academic Articles,mature,0.2,easy
Academic Articles,enough,0.0,easy
Academic Articles,useful,0.52,easy
Academic Articles,space,0.0,easy
Academic Articles,weather,0.14,easy
Academic Articles,data,0.13,easy
Academic Articles,science,0.04,easy
Academic Articles,benefit,0.41,easy
Academic Articles,promote,0.49,easy
Academic Articles,data,0.13,easy
Academic Articles,fusion,0.62,hard
Academic Articles,reuse,0.75,hard
Academic Articles,support,0.0,easy
Academic Articles,data,0.13,easy
Academic Articles,revitalization,0.83,hard
Academic Articles,modeling,0.73,hard
Academic Articles,data,0.13,easy
Academic Articles,future,0.0,easy
Academic Articles,space,0.0,easy
Academic Articles,weather,0.14,easy
Academic Articles,research,0.26,easy
Academic Articles,infrastructure,0.79,hard
Academic Articles,national,0.02,easy
Academic Articles,reserved,0.55,hard
Academic Articles,future,0.0,easy
Academic Articles,space,0.0,easy
Academic Articles,weather,0.14,easy
Academic Articles,research,0.26,easy
Academic Articles,infrastructure,0.79,hard
Academic Articles,consider,0.12,easy
Academic Articles,need,0.0,easy
Academic Articles,weather,0.14,easy
Academic Articles,modeling,0.73,hard
Academic Articles,validation,0.79,hard
Academic Articles,assimilation,0.75,hard
Academic Articles,ensemble,0.61,hard
Academic Articles,data,0.13,easy
Academic Articles,science,0.04,easy
Academic Articles,analytics,0.82,hard
Academic Articles,session,0.26,easy
Academic Articles,spread,0.09,easy
Academic Articles,day,0.0,easy
Academic Articles,workshop,0.7,hard
Academic Articles,chapter,0.54,easy
Academic Articles,keynote,0.69,hard
Academic Articles,four,0.0,easy
Academic Articles,session,0.26,easy
Academic Articles,different,0.0,easy
Academic Articles,validation,0.79,hard
Academic Articles,ongoing,0.76,hard
Academic Articles,need,0.0,easy
Academic Articles,curation,0.8,hard
Academic Articles,background,0.04,easy
Academic Articles,took,0.0,easy
Academic Articles,profound,0.51,easy
Academic Articles,contradiction,0.75,hard
Academic Articles,weather,0.14,easy
Academic Articles,research,0.26,easy
Academic Articles,data,0.13,easy
Academic Articles,regime,0.65,hard
Academic Articles,yet,0.0,easy
Academic Articles,enough,0.0,easy
Academic Articles,data,0.13,easy
Academic Articles,available,0.03,easy
Academic Articles,data,0.13,easy
Academic Articles,science,0.04,easy
Academic Articles,compute,0.75,hard
Academic Articles,relevant,0.72,hard
Academic Articles,span,0.53,easy
Academic Articles,vast,0.45,easy
Academic Articles,den,0.66,hard
Academic Articles,temperature,0.46,easy
Academic Articles,electromagnetic,0.83,hard
Academic Articles,field,0.0,easy
Academic Articles,scale,0.05,easy
Academic Articles,thus,0.1,easy
Academic Articles,modeling,0.73,hard
Academic Articles,data,0.13,easy
Academic Articles,facing,0.54,easy
Academic Articles,space,0.0,easy
Academic Articles,weather,0.14,easy
Academic Articles,significant,0.42,easy
Academic Articles,national,0.02,easy
Academic Articles,science,0.04,easy
Academic Articles,foundation,0.58,hard
Academic Articles,portfolio,0.73,hard
Academic Articles,science,0.04,easy
Academic Articles,briefly,0.54,easy
Academic Articles,data,0.13,easy
Academic Articles,exploitation,0.72,hard
Academic Articles,previous,0.08,easy
Academic Articles,decadal,0.76,hard
Academic Articles,survey,0.5,easy
Academic Articles,gap,0.57,hard
Academic Articles,analysis,0.41,easy
Academic Articles,national,0.02,easy
Academic Articles,aeronautics,0.79,hard
Academic Articles,space,0.0,easy
Academic Articles,space,0.0,easy
Academic Articles,weather,0.14,easy
Academic Articles,science,0.04,easy
Academic Articles,application,0.16,easy
Academic Articles,program,0.0,easy
Academic Articles,gap,0.57,hard
Academic Articles,analysis,0.41,easy
Academic Articles,science,0.04,easy
Academic Articles,analytics,0.82,hard
Academic Articles,directly,0.18,easy
Academic Articles,ensemble,0.61,hard
Academic Articles,modeling,0.73,hard
Academic Articles,data,0.13,easy
Academic Articles,science,0.04,easy
Academic Articles,weather,0.14,easy
Academic Articles,system,0.0,easy
Academic Articles,science,0.04,easy
Academic Articles,report,0.06,easy
Academic Articles,data,0.13,easy
Academic Articles,assimilation,0.75,hard
Academic Articles,machine,0.06,easy
Academic Articles,learning,0.24,easy
Academic Articles,data,0.13,easy
Academic Articles,science,0.04,easy
Academic Articles,analytics,0.82,hard
Academic Articles,session,0.26,easy
Academic Articles,keynote,0.69,hard
Academic Articles,goddard,0.78,hard
Academic Articles,space,0.0,easy
Academic Articles,flight,0.09,easy
Academic Articles,center,0.03,easy
Academic Articles,boulder,0.75,hard
Academic Articles,national,0.02,easy
Academic Articles,oceanic,0.73,hard
Academic Articles,atmospheric,0.78,hard
Academic Articles,space,0.0,easy
Academic Articles,weather,0.14,easy
Academic Articles,prediction,0.75,hard
Academic Articles,center,0.03,easy
Academic Articles,keynote,0.69,hard
Academic Articles,earth,0.0,easy
Academic Articles,system,0.0,easy
Academic Articles,science,0.04,easy
Academic Articles,space,0.0,easy
Academic Articles,data,0.13,easy
Academic Articles,starved,0.7,hard
Academic Articles,leverage,0.68,hard
Academic Articles,data,0.13,easy
Academic Articles,assimilation,0.75,hard
Academic Articles,machine,0.06,easy
Academic Articles,way,0.0,easy
Academic Articles,data,0.13,easy
Academic Articles,assimilation,0.75,hard
Academic Articles,machine,0.06,easy
Academic Articles,learning,0.24,easy
Academic Articles,terrestrial,0.73,hard
Academic Articles,weather,0.14,easy
Academic Articles,presentation,0.59,hard
Academic Articles,weather,0.14,easy
Academic Articles,numerical,0.75,hard
Academic Articles,model,0.15,easy
Academic Articles,data,0.13,easy
Academic Articles,weather,0.14,easy
Academic Articles,compare,0.54,easy
Academic Articles,data,0.13,easy
Academic Articles,various,0.06,easy
Academic Articles,numerical,0.75,hard
Academic Articles,model,0.15,easy
Academic Articles,forecast,0.57,hard
Academic Articles,update,0.34,easy
Academic Articles,model,0.15,easy
Academic Articles,match,0.04,easy
Academic Articles,new,0.0,easy
Academic Articles,data,0.13,easy
Academic Articles,model,0.15,easy
Academic Articles,constantly,0.37,easy
Academic Articles,present,0.0,easy
Academic Articles,forecast,0.57,hard
Academic Articles,next,0.0,easy
Academic Articles,time,0.0,easy
Academic Articles,step,0.01,easy
Academic Articles,new,0.0,easy
Academic Articles,comparison,0.26,easy
Academic Articles,curate,0.76,hard
Academic Articles,data,0.13,easy
Academic Articles,model,0.15,easy
Academic Articles,findable,0.78,hard
Academic Articles,accessible,0.68,hard
Academic Articles,fair,0.06,easy
Academic Articles,satisfied,0.62,hard
Academic Articles,advancing,0.75,hard
Academic Articles,space,0.0,easy
Academic Articles,weather,0.14,easy
Academic Articles,data,0.13,easy
Academic Articles,science,0.04,easy
Academic Articles,require,0.3,easy
Academic Articles,future,0.0,easy
Academic Articles,space,0.0,easy
Academic Articles,weather,0.14,easy
Academic Articles,research,0.26,easy
Academic Articles,infrastructure,0.79,hard
Academic Articles,national,0.02,easy
Academic Articles,reserved,0.55,hard
Academic Articles,modeling,0.73,hard
Academic Articles,validation,0.79,hard
Academic Articles,data,0.13,easy
Academic Articles,science,0.04,easy
Academic Articles,terrestrial,0.73,hard
Academic Articles,weather,0.14,easy
Academic Articles,prediction,0.75,hard
Academic Articles,steadily,0.65,hard
Academic Articles,model,0.15,easy
Academic Articles,resolution,0.32,easy
Academic Articles,increasingly,0.64,hard
Academic Articles,large,0.0,easy
Academic Articles,sequential,0.79,hard
Academic Articles,combined,0.55,hard
Academic Articles,ensemble,0.61,hard
Academic Articles,machine,0.06,easy
Academic Articles,data,0.13,easy
Academic Articles,without,0.0,easy
Academic Articles,basis,0.11,easy
Academic Articles,making,0.0,easy
Academic Articles,area,0.01,easy
Academic Articles,data,0.13,easy
Academic Articles,figure,0.02,easy
Academic Articles,background,0.04,easy
Academic Articles,space,0.0,easy
Academic Articles,weather,0.14,easy
Academic Articles,ing,0.71,hard
Academic Articles,use,0.0,easy
Academic Articles,weather,0.14,easy
Academic Articles,large,0.0,easy
Academic Articles,weather,0.14,easy
Academic Articles,covering,0.58,hard
Academic Articles,photosphere,0.79,hard
Academic Articles,corona,0.67,hard
Academic Articles,coronal,0.76,hard
Academic Articles,mass,0.1,easy
Academic Articles,solar,0.73,hard
Academic Articles,wind,0.05,easy
Academic Articles,ionosphere,0.76,hard
Academic Articles,system,0.0,easy
Academic Articles,difference,0.12,easy
Academic Articles,space,0.0,easy
Academic Articles,weather,0.14,easy
Academic Articles,spatial,0.74,hard
Academic Articles,scale,0.05,easy
Academic Articles,greater,0.1,easy
Academic Articles,figure,0.02,easy
Academic Articles,combining,0.73,hard
Academic Articles,data,0.13,easy
Academic Articles,machine,0.06,easy
Academic Articles,tackle,0.56,hard
Academic Articles,weather,0.14,easy
Academic Articles,space,0.0,easy
Academic Articles,weather,0.14,easy
Academic Articles,forecasting,0.77,hard
Academic Articles,source,0.05,easy
Academic Articles,goddard,0.78,hard
Academic Articles,space,0.0,easy
Academic Articles,flight,0.09,easy
Academic Articles,center,0.03,easy
Academic Articles,future,0.0,easy
Academic Articles,space,0.0,easy
Academic Articles,weather,0.14,easy
Academic Articles,research,0.26,easy
Academic Articles,infrastructure,0.79,hard
Academic Articles,national,0.02,easy
Academic Articles,reserved,0.55,hard
Academic Articles,future,0.0,easy
Academic Articles,space,0.0,easy
Academic Articles,weather,0.14,easy
Academic Articles,research,0.26,easy
Academic Articles,infrastructure,0.79,hard
Academic Articles,electromagnetic,0.83,hard
Academic Articles,travel,0.27,easy
Academic Articles,across,0.0,easy
Academic Articles,scale,0.05,easy
Academic Articles,much,0.0,easy
Academic Articles,faster,0.6,hard
Academic Articles,terrestrial,0.73,hard
Academic Articles,atmosphere,0.28,easy
Academic Articles,play,0.0,easy
Academic Articles,different,0.0,easy
Academic Articles,tool,0.42,easy
Academic Articles,forecasting,0.77,hard
Academic Articles,used,0.0,easy
Academic Articles,used,0.0,easy
Academic Articles,process,0.01,easy
Academic Articles,emulation,0.78,hard
Academic Articles,data,0.13,easy
Academic Articles,homogenization,0.83,hard
Academic Articles,among,0.0,easy
Academic Articles,terrestrial,0.73,hard
Academic Articles,space,0.0,easy
Academic Articles,weather,0.14,easy
Academic Articles,forecasting,0.77,hard
Academic Articles,degree,0.06,easy
Academic Articles,application,0.16,easy
Academic Articles,many,0.0,easy
Academic Articles,different,0.0,easy
Academic Articles,weather,0.14,easy
Academic Articles,research,0.26,easy
Academic Articles,bridging,0.78,hard
Academic Articles,temporal,0.69,hard
Academic Articles,spatial,0.74,hard
Academic Articles,specific,0.22,easy
Academic Articles,actionable,0.79,hard
Academic Articles,provide,0.04,easy
Academic Articles,error,0.0,easy
Academic Articles,provide,0.04,easy
Academic Articles,terrestrial,0.73,hard
Academic Articles,weather,0.14,easy
Academic Articles,modeling,0.73,hard
Academic Articles,community,0.1,easy
Academic Articles,standard,0.12,easy
Academic Articles,modeling,0.73,hard
Academic Articles,although,0.0,easy
Academic Articles,community,0.1,easy
Academic Articles,largely,0.43,easy
Academic Articles,decided,0.18,easy
Academic Articles,modeling,0.73,hard
Academic Articles,adequate,0.47,easy
Academic Articles,weather,0.14,easy
Academic Articles,across,0.0,easy
Academic Articles,solar,0.73,hard
Academic Articles,stud,0.59,hard
Academic Articles,yet,0.0,easy
Academic Articles,state,0.0,easy
Academic Articles,space,0.0,easy
Academic Articles,weather,0.14,easy
Academic Articles,community,0.1,easy
Academic Articles,clear,0.0,easy
Academic Articles,need,0.0,easy
Academic Articles,yet,0.0,easy
Academic Articles,framework,0.67,hard
Academic Articles,allow,0.08,easy
Academic Articles,flexibility,0.76,hard
Academic Articles,via,0.42,easy
Academic Articles,step,0.01,easy
Academic Articles,joint,0.3,easy
Academic Articles,effort,0.07,easy
Academic Articles,integration,0.65,hard
Academic Articles,framework,0.67,hard
Academic Articles,adopted,0.57,hard
Academic Articles,across,0.0,easy
Academic Articles,research,0.26,easy
Academic Articles,weather,0.14,easy
Academic Articles,modeling,0.73,hard
Academic Articles,message,0.05,easy
Academic Articles,presentation,0.59,hard
Academic Articles,approach,0.08,easy
Academic Articles,work,0.0,easy
Academic Articles,across,0.0,easy
Academic Articles,terrestrial,0.73,hard
Academic Articles,weather,0.14,easy
Academic Articles,model,0.15,easy
Academic Articles,ing,0.71,hard
Academic Articles,provide,0.04,easy
Academic Articles,learned,0.23,easy
Academic Articles,weather,0.14,easy
Academic Articles,research,0.26,easy
Academic Articles,new,0.0,easy
Academic Articles,tool,0.42,easy
Academic Articles,space,0.0,easy
Academic Articles,weather,0.14,easy
Academic Articles,area,0.01,easy
Academic Articles,unique,0.33,easy
Academic Articles,machine,0.06,easy
Academic Articles,weather,0.14,easy
Academic Articles,next,0.0,easy
Academic Articles,presentation,0.59,hard
Academic Articles,space,0.0,easy
Academic Articles,applied,0.43,easy
Academic Articles,index,0.36,easy
Academic Articles,disturbance,0.65,hard
Academic Articles,storm,0.38,easy
Academic Articles,time,0.0,easy
Academic Articles,index,0.36,easy
Academic Articles,solar,0.73,hard
Academic Articles,wind,0.05,easy
Academic Articles,classification,0.74,hard
Academic Articles,solar,0.73,hard
Academic Articles,wind,0.05,easy
Academic Articles,speed,0.15,easy
Academic Articles,forecasting,0.77,hard
Academic Articles,arrival,0.61,hard
Academic Articles,mass,0.1,easy
Academic Articles,space,0.0,easy
Academic Articles,fact,0.0,easy
Academic Articles,behavior,0.3,easy
Academic Articles,deterministic,0.82,hard
Academic Articles,governing,0.71,hard
Academic Articles,physic,0.74,hard
Academic Articles,basic,0.09,easy
Academic Articles,physical,0.07,easy
Academic Articles,symmetry,0.74,hard
Academic Articles,along,0.0,easy
Academic Articles,conservation,0.76,hard
Academic Articles,reduce,0.14,easy
Academic Articles,search,0.0,easy
Academic Articles,system,0.0,easy
Academic Articles,major,0.0,easy
Academic Articles,weather,0.14,easy
Academic Articles,data,0.13,easy
Academic Articles,quality,0.02,easy
Academic Articles,data,0.13,easy
Academic Articles,path,0.25,easy
Academic Articles,forward,0.01,easy
Academic Articles,space,0.0,easy
Academic Articles,weather,0.14,easy
Academic Articles,space,0.0,easy
Academic Articles,weather,0.14,easy
Academic Articles,information,0.03,easy
Academic Articles,problem,0.0,easy
Academic Articles,minimum,0.48,easy
Academic Articles,information,0.03,easy
Academic Articles,problem,0.0,easy
Academic Articles,question,0.0,easy
Academic Articles,future,0.0,easy
Academic Articles,space,0.0,easy
Academic Articles,weather,0.14,easy
Academic Articles,research,0.26,easy
Academic Articles,infrastructure,0.79,hard
Academic Articles,national,0.02,easy
Academic Articles,reserved,0.55,hard
Academic Articles,modeling,0.73,hard
Academic Articles,validation,0.79,hard
Academic Articles,data,0.13,easy
Academic Articles,best,0.0,easy
Academic Articles,use,0.0,easy
Academic Articles,physic,0.74,hard
Academic Articles,understanding,0.27,easy
Academic Articles,large,0.0,easy
Academic Articles,data,0.13,easy
Academic Articles,set,0.0,easy
Academic Articles,covering,0.58,hard
Academic Articles,system,0.0,easy
Academic Articles,ground,0.01,easy
Academic Articles,magnetic,0.65,hard
Academic Articles,shown,0.04,easy
Academic Articles,provided,0.28,easy
Academic Articles,combining,0.73,hard
Academic Articles,surrogate,0.73,hard
Academic Articles,problem,0.0,easy
Academic Articles,chain,0.12,easy
Academic Articles,surrogate,0.73,hard
Academic Articles,model,0.15,easy
Academic Articles,speed,0.15,easy
Academic Articles,accuracy,0.71,hard
Academic Articles,uncertainty,0.74,hard
Academic Articles,problem,0.0,easy
Academic Articles,data,0.13,easy
Academic Articles,throughout,0.05,easy
Academic Articles,model,0.15,easy
Academic Articles,space,0.0,easy
Academic Articles,weather,0.14,easy
Academic Articles,chain,0.12,easy
Academic Articles,solar,0.73,hard
Academic Articles,ground,0.01,easy
Academic Articles,based,0.01,easy
Academic Articles,complex,0.02,easy
Academic Articles,demanding,0.7,hard
Academic Articles,task,0.24,easy
Academic Articles,often,0.0,easy
Academic Articles,quiet,0.04,easy
Academic Articles,problem,0.0,easy
Academic Articles,fact,0.0,easy
Academic Articles,geomagnetic,0.84,hard
Academic Articles,rare,0.36,easy
Academic Articles,space,0.0,easy
Academic Articles,weather,0.14,easy
Academic Articles,data,0.13,easy
Academic Articles,problem,0.0,easy
Academic Articles,meaningful,0.7,hard
Academic Articles,metric,0.69,hard
Academic Articles,assess,0.69,hard
Academic Articles,interesting,0.01,easy
Academic Articles,rare,0.36,easy
Academic Articles,final,0.02,easy
Academic Articles,path,0.25,easy
Academic Articles,knowledge,0.06,easy
Academic Articles,discovery,0.31,easy
Academic Articles,problem,0.0,easy
Academic Articles,physical,0.07,easy
Academic Articles,six,0.02,easy
Academic Articles,information,0.03,easy
Academic Articles,problem,0.0,easy
Academic Articles,problem,0.0,easy
Academic Articles,surrogate,0.73,hard
Academic Articles,problem,0.0,easy
Academic Articles,uncertainty,0.74,hard
Academic Articles,problem,0.0,easy
Academic Articles,rare,0.36,easy
Academic Articles,problem,0.0,easy
Academic Articles,knowledge,0.06,easy
Academic Articles,discovery,0.31,easy
Academic Articles,problem,0.0,easy
Academic Articles,weather,0.14,easy
Academic Articles,pose,0.53,easy
Academic Articles,fundamental,0.57,hard
Academic Articles,uncertainty,0.74,hard
Academic Articles,quantification,0.8,hard
Academic Articles,discussion,0.2,easy
Academic Articles,discussion,0.2,easy
Academic Articles,following,0.03,easy
Academic Articles,session,0.26,easy
Academic Articles,zoom,0.62,hard
Academic Articles,chat,0.04,easy
Academic Articles,possible,0.0,easy
Academic Articles,learn,0.1,easy
Academic Articles,yet,0.0,easy
Academic Articles,seen,0.0,easy
Academic Articles,inform,0.69,hard
Academic Articles,state,0.0,easy
Academic Articles,space,0.0,easy
Academic Articles,sparsely,0.76,hard
Academic Articles,less,0.0,easy
Academic Articles,catastrophic,0.79,hard
Academic Articles,still,0.0,easy
Academic Articles,rare,0.36,easy
Academic Articles,major,0.0,easy
Academic Articles,space,0.0,easy
Academic Articles,weather,0.14,easy
Academic Articles,activity,0.36,easy
Academic Articles,overall,0.37,easy
Academic Articles,useful,0.52,easy
Academic Articles,yet,0.0,easy
Academic Articles,fully,0.2,easy
Academic Articles,finally,0.03,easy
Academic Articles,whether,0.01,easy
Academic Articles,space,0.0,easy
Academic Articles,sufficiently,0.71,hard
Academic Articles,weather,0.14,easy
Academic Articles,tool,0.42,easy
Academic Articles,space,0.0,easy
Academic Articles,weather,0.14,easy
Academic Articles,machine,0.06,easy
Academic Articles,learning,0.24,easy
Academic Articles,validation,0.79,hard
Academic Articles,data,0.13,easy
Academic Articles,science,0.04,easy
Academic Articles,analytics,0.82,hard
Academic Articles,machine,0.06,easy
Academic Articles,learning,0.24,easy
Academic Articles,validation,0.79,hard
Academic Articles,panel,0.37,easy
Academic Articles,morris,0.76,hard
Academic Articles,storm,0.38,easy
Academic Articles,future,0.0,easy
Academic Articles,space,0.0,easy
Academic Articles,weather,0.14,easy
Academic Articles,research,0.26,easy
Academic Articles,infrastructure,0.79,hard
Academic Articles,national,0.02,easy
Academic Articles,reserved,0.55,hard
Academic Articles,future,0.0,easy
Academic Articles,space,0.0,easy
Academic Articles,weather,0.14,easy
Academic Articles,research,0.26,easy
Academic Articles,infrastructure,0.79,hard
Academic Articles,web,0.07,easy
Academic Articles,machine,0.06,easy
Academic Articles,learning,0.24,easy
Academic Articles,space,0.0,easy
Academic Articles,weather,0.14,easy
Academic Articles,adequate,0.47,easy
Academic Articles,data,0.13,easy
Academic Articles,machine,0.06,easy
Academic Articles,learning,0.24,easy
Academic Articles,research,0.26,easy
Academic Articles,discussion,0.2,easy
Academic Articles,edge,0.04,easy
Academic Articles,model,0.15,easy
Academic Articles,make,0.0,easy
Academic Articles,offer,0.01,easy
Academic Articles,underlying,0.63,hard
Academic Articles,physical,0.07,easy
Academic Articles,well,0.0,easy
Academic Articles,physical,0.07,easy
Academic Articles,insight,0.57,hard
Academic Articles,understanding,0.27,easy
Academic Articles,various,0.06,easy
Academic Articles,allow,0.08,easy
Academic Articles,physical,0.07,easy
Academic Articles,physical,0.07,easy
Academic Articles,interpretable,0.79,hard
Academic Articles,transparency,0.74,hard
Academic Articles,control,0.0,easy
Academic Articles,show,0.0,easy
Academic Articles,information,0.03,easy
Academic Articles,flow,0.22,easy
Academic Articles,governing,0.71,hard
Academic Articles,system,0.0,easy
Academic Articles,noted,0.39,easy
Academic Articles,space,0.0,easy
Academic Articles,yet,0.0,easy
Academic Articles,well,0.0,easy
Academic Articles,future,0.0,easy
Academic Articles,space,0.0,easy
Academic Articles,rapidly,0.51,easy
Academic Articles,growing,0.24,easy
Academic Articles,data,0.13,easy
Academic Articles,way,0.0,easy
Academic Articles,physic,0.74,hard
Academic Articles,thus,0.1,easy
Academic Articles,space,0.0,easy
Academic Articles,science,0.04,easy
Academic Articles,education,0.08,easy
Academic Articles,require,0.3,easy
Academic Articles,new,0.0,easy
Academic Articles,class,0.01,easy
Academic Articles,curriculum,0.76,hard
Academic Articles,topic,0.66,hard
Academic Articles,powerful,0.18,easy
Academic Articles,physical,0.07,easy
Academic Articles,figure,0.02,easy
Academic Articles,earth,0.0,easy
Academic Articles,space,0.0,easy
Academic Articles,figure,0.02,easy
Academic Articles,ten,0.06,easy
Academic Articles,machine,0.06,easy
Academic Articles,earth,0.0,easy
Academic Articles,space,0.0,easy
Academic Articles,source,0.05,easy
Academic Articles,workshop,0.7,hard
Academic Articles,future,0.0,easy
Academic Articles,space,0.0,easy
Academic Articles,weather,0.14,easy
Academic Articles,research,0.26,easy
Academic Articles,infrastructure,0.79,hard
Academic Articles,national,0.02,easy
Academic Articles,reserved,0.55,hard
Academic Articles,modeling,0.73,hard
Academic Articles,validation,0.79,hard
Academic Articles,data,0.13,easy
Academic Articles,science,0.04,easy
Academic Articles,next,0.0,easy
Academic Articles,spoke,0.41,easy
Academic Articles,space,0.0,easy
Academic Articles,science,0.04,easy
Academic Articles,data,0.13,easy
Academic Articles,provider,0.72,hard
Academic Articles,around,0.0,easy
Academic Articles,longer,0.01,easy
Academic Articles,large,0.0,easy
Academic Articles,data,0.13,easy
Academic Articles,data,0.13,easy
Academic Articles,however,0.0,easy
Academic Articles,generally,0.24,easy
Academic Articles,speaking,0.35,easy
Academic Articles,space,0.0,easy
Academic Articles,weather,0.14,easy
Academic Articles,community,0.1,easy
Academic Articles,yet,0.0,easy
Academic Articles,data,0.13,easy
Academic Articles,ecosystem,0.76,hard
Academic Articles,data,0.13,easy
Academic Articles,space,0.0,easy
Academic Articles,physic,0.74,hard
Academic Articles,data,0.13,easy
Academic Articles,infrastructure,0.79,hard
Academic Articles,especially,0.02,easy
Academic Articles,standardized,0.77,hard
Academic Articles,data,0.13,easy
Academic Articles,space,0.0,easy
Academic Articles,weather,0.14,easy
Academic Articles,data,0.13,easy
Academic Articles,data,0.13,easy
Academic Articles,standardized,0.77,hard
Academic Articles,fair,0.06,easy
Academic Articles,data,0.13,easy
Academic Articles,findable,0.78,hard
Academic Articles,accessible,0.68,hard
Academic Articles,point,0.0,easy
Academic Articles,fulfill,0.66,hard
Academic Articles,fair,0.06,easy
Academic Articles,universally,0.78,hard
Academic Articles,data,0.13,easy
Academic Articles,community,0.1,easy
Academic Articles,next,0.0,easy
Academic Articles,presentation,0.59,hard
Academic Articles,melting,0.69,hard
Academic Articles,session,0.26,easy
Academic Articles,concerning,0.59,hard
Academic Articles,physic,0.74,hard
Academic Articles,space,0.0,easy
Academic Articles,weather,0.14,easy
Academic Articles,need,0.0,easy
Academic Articles,sustained,0.67,hard
Academic Articles,yet,0.0,easy
Academic Articles,agile,0.74,hard
Academic Articles,academic,0.58,hard
Academic Articles,next,0.0,easy
Academic Articles,knowledge,0.06,easy
Academic Articles,data,0.13,easy
Academic Articles,data,0.13,easy
Academic Articles,still,0.0,easy
Academic Articles,part,0.0,easy
Academic Articles,disparate,0.74,hard
Academic Articles,spatial,0.74,hard
Academic Articles,temporal,0.69,hard
Academic Articles,scale,0.05,easy
Academic Articles,weather,0.14,easy
Academic Articles,phenomenon,0.69,hard
Academic Articles,satellite,0.65,hard
Academic Articles,provide,0.04,easy
Academic Articles,space,0.0,easy
Academic Articles,plasma,0.7,hard
Academic Articles,closer,0.47,easy
Academic Articles,government,0.0,easy
Academic Articles,private,0.01,easy
Academic Articles,private,0.01,easy
Academic Articles,space,0.0,easy
Academic Articles,industry,0.03,easy
Academic Articles,morris,0.76,hard
Academic Articles,considering,0.49,easy
Academic Articles,fact,0.0,easy
Academic Articles,space,0.0,easy
Academic Articles,data,0.13,easy
Academic Articles,big,0.0,easy
Academic Articles,data,0.13,easy
Academic Articles,data,0.13,easy
Academic Articles,rife,0.71,hard
Academic Articles,missing,0.05,easy
Academic Articles,inconsistent,0.69,hard
Academic Articles,information,0.03,easy
Academic Articles,space,0.0,easy
Academic Articles,interpretable,0.79,hard
Academic Articles,multiple,0.19,easy
Academic Articles,data,0.13,easy
Academic Articles,span,0.53,easy
Academic Articles,often,0.0,easy
Academic Articles,without,0.0,easy
Academic Articles,overlap,0.64,hard
Academic Articles,prob,0.75,hard
Academic Articles,data,0.13,easy
Academic Articles,science,0.04,easy
Academic Articles,community,0.1,easy
Academic Articles,marketing,0.54,easy
Academic Articles,potential,0.24,easy
Academic Articles,new,0.0,easy
Academic Articles,applicable,0.77,hard
Academic Articles,research,0.26,easy
Academic Articles,area,0.01,easy
Academic Articles,morris,0.76,hard
Academic Articles,data,0.13,easy
Academic Articles,science,0.04,easy
Academic Articles,course,0.0,easy
Academic Articles,new,0.0,easy
Academic Articles,space,0.0,easy
Academic Articles,scientist,0.64,hard
Academic Articles,faculty,0.58,hard
Academic Articles,science,0.04,easy
Academic Articles,specifically,0.68,hard
Academic Articles,tackling,0.78,hard
Academic Articles,science,0.04,easy
Academic Articles,space,0.0,easy
Academic Articles,weather,0.14,easy
Academic Articles,example,0.0,easy
Academic Articles,computer,0.16,easy
Academic Articles,weather,0.14,easy
Academic Articles,spoke,0.41,easy
Academic Articles,research,0.26,easy
Academic Articles,easy,0.01,easy
Academic Articles,entry,0.29,easy
Academic Articles,second,0.0,easy
Academic Articles,space,0.0,easy
Academic Articles,weather,0.14,easy
Academic Articles,interesting,0.01,easy
Academic Articles,research,0.26,easy
Academic Articles,societal,0.77,hard
Academic Articles,offer,0.01,easy
Academic Articles,beyond,0.05,easy
Academic Articles,noted,0.39,easy
Academic Articles,new,0.0,easy
Academic Articles,field,0.0,easy
Academic Articles,benefit,0.41,easy
Academic Articles,welcome,0.17,easy
Academic Articles,frontier,0.66,hard
Academic Articles,development,0.01,easy
Academic Articles,future,0.0,easy
Academic Articles,strong,0.0,easy
Academic Articles,research,0.26,easy
Academic Articles,research,0.26,easy
Academic Articles,could,0.0,easy
Academic Articles,lead,0.0,easy
Academic Articles,data,0.13,easy
Academic Articles,let,0.0,easy
Academic Articles,aid,0.17,easy
Academic Articles,space,0.0,easy
Academic Articles,weather,0.14,easy
Academic Articles,research,0.26,easy
Academic Articles,work,0.0,easy
Academic Articles,space,0.0,easy
Academic Articles,weather,0.14,easy
Academic Articles,support,0.0,easy
Academic Articles,finally,0.03,easy
Academic Articles,successful,0.2,easy
Academic Articles,make,0.0,easy
Academic Articles,sure,0.0,easy
Academic Articles,data,0.13,easy
Academic Articles,particular,0.06,easy
Academic Articles,available,0.03,easy
Academic Articles,consumption,0.64,hard
Academic Articles,get,0.0,easy
Academic Articles,technology,0.55,hard
Academic Articles,important,0.0,easy
Academic Articles,problem,0.0,easy
Academic Articles,make,0.0,easy
Academic Articles,sure,0.0,easy
Academic Articles,right,0.0,easy
Academic Articles,people,0.0,easy
Academic Articles,available,0.03,easy
Academic Articles,collaborative,0.83,hard
Academic Articles,domain,0.54,easy
Academic Articles,ensure,0.67,hard
Academic Articles,appropriate,0.41,easy
Academic Articles,training,0.29,easy
Academic Articles,knowledge,0.06,easy
Academic Articles,effectively,0.63,hard
Academic Articles,future,0.0,easy
Academic Articles,space,0.0,easy
Academic Articles,weather,0.14,easy
Academic Articles,research,0.26,easy
Academic Articles,infrastructure,0.79,hard
Academic Articles,national,0.02,easy
Academic Articles,reserved,0.55,hard
Academic Articles,future,0.0,easy
Academic Articles,space,0.0,easy
Academic Articles,weather,0.14,easy
Academic Articles,research,0.26,easy
Academic Articles,infrastructure,0.79,hard
Academic Articles,ask,0.01,easy
Academic Articles,answer,0.01,easy
Academic Articles,new,0.0,easy
Academic Articles,innovative,0.77,hard
Academic Articles,learn,0.1,easy
Academic Articles,across,0.0,easy
Academic Articles,discussion,0.2,easy
Academic Articles,first,0.0,easy
Academic Articles,panel,0.37,easy
Academic Articles,discussion,0.2,easy
Academic Articles,space,0.0,easy
Academic Articles,weather,0.14,easy
Academic Articles,fruit,0.0,easy
Academic Articles,suggestion,0.28,easy
Academic Articles,point,0.0,easy
Academic Articles,require,0.3,easy
Academic Articles,physical,0.07,easy
Academic Articles,understanding,0.27,easy
Academic Articles,make,0.0,easy
Academic Articles,inherently,0.79,hard
Academic Articles,uncomfortable,0.71,hard
Academic Articles,panel,0.37,easy
Academic Articles,moderator,0.76,hard
Academic Articles,sufficient,0.53,easy
Academic Articles,data,0.13,easy
Academic Articles,curation,0.8,hard
Academic Articles,research,0.26,easy
Academic Articles,validation,0.79,hard
Academic Articles,uncertainty,0.74,hard
Academic Articles,quantification,0.8,hard
Academic Articles,data,0.13,easy
Academic Articles,set,0.0,easy
Academic Articles,data,0.13,easy
Academic Articles,quality,0.02,easy
Academic Articles,answer,0.01,easy
Academic Articles,probably,0.0,easy
Academic Articles,enough,0.0,easy
Academic Articles,data,0.13,easy
Academic Articles,prevent,0.33,easy
Academic Articles,continued,0.3,easy
Academic Articles,science,0.04,easy
Academic Articles,research,0.26,easy
Academic Articles,topic,0.66,hard
Academic Articles,point,0.0,easy
Academic Articles,space,0.0,easy
Academic Articles,physic,0.74,hard
Academic Articles,research,0.26,easy
Academic Articles,data,0.13,easy
Academic Articles,unglamorous,0.76,hard
Academic Articles,data,0.13,easy
Academic Articles,preparation,0.51,easy
Academic Articles,curation,0.8,hard
Academic Articles,take,0.0,easy
Academic Articles,spoke,0.41,easy
Academic Articles,system,0.0,easy
Academic Articles,simulation,0.76,hard
Academic Articles,model,0.15,easy
Academic Articles,data,0.13,easy
Academic Articles,successfully,0.62,hard
Academic Articles,broad,0.24,easy
Academic Articles,participation,0.69,hard
Academic Articles,public,0.0,easy
Academic Articles,new,0.0,easy
Academic Articles,research,0.26,easy
Academic Articles,jack,0.1,easy
Academic Articles,noted,0.39,easy
Academic Articles,require,0.3,easy
Academic Articles,clear,0.0,easy
Academic Articles,evaluation,0.73,hard
Academic Articles,evaluation,0.73,hard
Academic Articles,weather,0.14,easy
Academic Articles,could,0.0,easy
Academic Articles,help,0.0,easy
Academic Articles,aware,0.38,easy
Academic Articles,public,0.0,easy
Academic Articles,engagement,0.6,hard
Academic Articles,chal,0.76,hard
Academic Articles,recent,0.03,easy
Academic Articles,space,0.0,easy
Academic Articles,science,0.04,easy
Academic Articles,broad,0.24,easy
Academic Articles,lastly,0.75,hard
Academic Articles,classroom,0.72,hard
Academic Articles,undergraduate,0.81,hard
Academic Articles,graduate,0.57,hard
Academic Articles,level,0.0,easy
Academic Articles,data,0.13,easy
Academic Articles,weather,0.14,easy
Academic Articles,domain,0.54,easy
Academic Articles,knowledge,0.06,easy
Academic Articles,made,0.0,easy
Academic Articles,comment,0.38,easy
Academic Articles,various,0.06,easy
Academic Articles,certificate,0.58,hard
Academic Articles,statistic,0.76,hard
Academic Articles,exist,0.31,easy
Academic Articles,statistic,0.76,hard
Academic Articles,weather,0.14,easy
Academic Articles,session,0.26,easy
Academic Articles,zoom,0.62,hard
Academic Articles,chat,0.04,easy
Academic Articles,concurrent,0.77,hard
Academic Articles,strong,0.0,easy
Academic Articles,made,0.0,easy
Academic Articles,strong,0.0,easy
Academic Articles,support,0.0,easy
Academic Articles,frontier,0.66,hard
Academic Articles,development,0.01,easy
Academic Articles,lab,0.7,hard
Academic Articles,offering,0.49,easy
Academic Articles,data,0.13,easy
Academic Articles,novel,0.18,easy
Academic Articles,example,0.0,easy
Academic Articles,earth,0.0,easy
Academic Articles,science,0.04,easy
Academic Articles,information,0.03,easy
Academic Articles,data,0.13,easy
Academic Articles,readiness,0.68,hard
Academic Articles,cluster,0.7,hard
Academic Articles,data,0.13,easy
Academic Articles,concerning,0.59,hard
Academic Articles,potential,0.24,easy
Academic Articles,sufficiently,0.71,hard
Academic Articles,osse,0.76,hard
Academic Articles,methodology,0.79,hard
Academic Articles,sense,0.0,easy
Academic Articles,carry,0.01,easy
Academic Articles,analysis,0.41,easy
Academic Articles,test,0.02,easy
Academic Articles,mature,0.2,easy
Academic Articles,enough,0.0,easy
Academic Articles,might,0.0,easy
Academic Articles,future,0.0,easy
Academic Articles,space,0.0,easy
Academic Articles,weather,0.14,easy
Academic Articles,research,0.26,easy
Academic Articles,infrastructure,0.79,hard
Academic Articles,national,0.02,easy
Academic Articles,reserved,0.55,hard
Academic Articles,modeling,0.73,hard
Academic Articles,validation,0.79,hard
Academic Articles,data,0.13,easy
Academic Articles,science,0.04,easy
Academic Articles,data,0.13,easy
Academic Articles,fusion,0.62,hard
Academic Articles,assimilation,0.75,hard
Academic Articles,data,0.13,easy
Academic Articles,fusion,0.62,hard
Academic Articles,assimilation,0.75,hard
Academic Articles,panel,0.37,easy
Academic Articles,six,0.02,easy
Academic Articles,mark,0.01,easy
Academic Articles,martin,0.48,easy
Academic Articles,san,0.7,hard
Academic Articles,applied,0.43,easy
Academic Articles,physic,0.74,hard
Academic Articles,laboratory,0.76,hard
Academic Articles,university,0.52,easy
Academic Articles,boulder,0.75,hard
Academic Articles,eric,0.68,hard
Academic Articles,force,0.0,easy
Academic Articles,research,0.26,easy
Academic Articles,new,0.0,easy
Academic Articles,data,0.13,easy
Academic Articles,likely,0.06,easy
Academic Articles,space,0.0,easy
Academic Articles,weather,0.14,easy
Academic Articles,forecasting,0.77,hard
Academic Articles,anticipate,0.69,hard
Academic Articles,adequate,0.47,easy
Academic Articles,data,0.13,easy
Academic Articles,data,0.13,easy
Academic Articles,alleviate,0.78,hard
Academic Articles,assimilation,0.75,hard
Academic Articles,use,0.0,easy
Academic Articles,first,0.0,easy
Academic Articles,presentation,0.59,hard
Academic Articles,concerning,0.59,hard
Academic Articles,promising,0.59,hard
Academic Articles,new,0.0,easy
Academic Articles,large,0.0,easy
Academic Articles,weather,0.14,easy
Academic Articles,efficient,0.65,hard
Academic Articles,estimation,0.75,hard
Academic Articles,data,0.13,easy
Academic Articles,physic,0.74,hard
Academic Articles,informed,0.59,hard
Academic Articles,neural,0.74,hard
Academic Articles,neural,0.74,hard
Academic Articles,surrogate,0.73,hard
Academic Articles,data,0.13,easy
Academic Articles,modeling,0.73,hard
Academic Articles,solar,0.73,hard
Academic Articles,magnetic,0.65,hard
Academic Articles,activity,0.36,easy
Academic Articles,space,0.0,easy
Academic Articles,weather,0.14,easy
Academic Articles,result,0.01,easy
Academic Articles,require,0.3,easy
Academic Articles,potentially,0.74,hard
Academic Articles,ing,0.71,hard
Academic Articles,solar,0.73,hard
Academic Articles,polar,0.64,hard
Academic Articles,magnetic,0.65,hard
Academic Articles,field,0.0,easy
Academic Articles,solar,0.73,hard
Academic Articles,dynamic,0.62,hard
Academic Articles,observatory,0.82,hard
Academic Articles,key,0.0,easy
Academic Articles,data,0.13,easy
Academic Articles,source,0.05,easy
Academic Articles,today,0.0,easy
Academic Articles,infrastructure,0.79,hard
Academic Articles,vector,0.67,hard
Academic Articles,data,0.13,easy
Academic Articles,could,0.0,easy
Academic Articles,help,0.0,easy
Academic Articles,solve,0.56,hard
Academic Articles,magnetograph,0.81,hard
Academic Articles,uncertainty,0.74,hard
Academic Articles,computation,0.79,hard
Academic Articles,model,0.15,easy
Academic Articles,appropriate,0.41,easy
Academic Articles,cost,0.05,easy
Academic Articles,spoke,0.41,easy
Academic Articles,global,0.65,hard
Academic Articles,full,0.0,easy
Academic Articles,potentially,0.74,hard
Academic Articles,available,0.03,easy
Academic Articles,data,0.13,easy
Academic Articles,interplanetary,0.83,hard
Academic Articles,scintillation,0.75,hard
Academic Articles,solution,0.5,easy
Academic Articles,combine,0.51,easy
Academic Articles,data,0.13,easy
Academic Articles,merkin,0.76,hard
Academic Articles,combining,0.73,hard
Academic Articles,model,0.15,easy
Academic Articles,ing,0.71,hard
Academic Articles,merkin,0.76,hard
Academic Articles,data,0.13,easy
Academic Articles,availability,0.77,hard
Academic Articles,physic,0.74,hard
Academic Articles,based,0.01,easy
Academic Articles,consideration,0.51,easy
Academic Articles,data,0.13,easy
Academic Articles,sampling,0.67,hard
Academic Articles,unevenly,0.76,hard
Academic Articles,remotely,0.69,hard
Academic Articles,sensed,0.7,hard
Academic Articles,arise,0.48,easy
Academic Articles,missing,0.05,easy
Academic Articles,physic,0.74,hard
Academic Articles,ing,0.71,hard
Academic Articles,vast,0.45,easy
Academic Articles,temporal,0.69,hard
Academic Articles,scale,0.05,easy
Academic Articles,merkin,0.76,hard
Academic Articles,expressed,0.48,easy
Academic Articles,caution,0.62,hard
Academic Articles,uncertainty,0.74,hard
Academic Articles,estimation,0.75,hard
Academic Articles,uncertainty,0.74,hard
Academic Articles,accuracy,0.71,hard
Academic Articles,overtime,0.71,hard
Academic Articles,window,0.0,easy
Academic Articles,metric,0.69,hard
Academic Articles,weight,0.02,easy
Academic Articles,physical,0.07,easy
Academic Articles,relevance,0.76,hard
Academic Articles,come,0.0,easy
Academic Articles,electromagnetic,0.83,hard
Academic Articles,kinetic,0.73,hard
Academic Articles,energy,0.17,easy
Academic Articles,input,0.25,easy
Academic Articles,ionosphere,0.76,hard
Academic Articles,upper,0.41,easy
Academic Articles,atmosphere,0.28,easy
Academic Articles,crucial,0.58,hard
Academic Articles,convection,0.77,hard
Academic Articles,high,0.0,easy
Academic Articles,latitude,0.73,hard
Academic Articles,space,0.0,easy
Academic Articles,weather,0.14,easy
Academic Articles,phenomenon,0.69,hard
Academic Articles,spatial,0.74,hard
Academic Articles,variability,0.79,hard
Academic Articles,vantage,0.73,hard
Academic Articles,point,0.0,easy
Academic Articles,best,0.0,easy
Academic Articles,param,0.75,hard
Academic Articles,satellite,0.65,hard
Academic Articles,constellation,0.79,hard
Academic Articles,satellite,0.65,hard
Academic Articles,iridium,0.79,hard
Academic Articles,constellation,0.79,hard
Academic Articles,active,0.11,easy
Academic Articles,planetary,0.69,hard
Academic Articles,electrodynamics,0.84,hard
Academic Articles,response,0.31,easy
Academic Articles,experiment,0.47,easy
Academic Articles,ampere,0.75,hard
Academic Articles,magnetometer,0.81,hard
Academic Articles,data,0.13,easy
Academic Articles,include,0.12,easy
Academic Articles,electric,0.24,easy
Academic Articles,particle,0.71,hard
Academic Articles,precipitation,0.76,hard
Academic Articles,plasma,0.7,hard
Academic Articles,conductivity,0.82,hard
Academic Articles,temporal,0.69,hard
Academic Articles,spatial,0.74,hard
Academic Articles,resolution,0.32,easy
Academic Articles,well,0.0,easy
Academic Articles,characterize,0.77,hard
Academic Articles,future,0.0,easy
Academic Articles,space,0.0,easy
Academic Articles,weather,0.14,easy
Academic Articles,research,0.26,easy
Academic Articles,infrastructure,0.79,hard
Academic Articles,national,0.02,easy
Academic Articles,reserved,0.55,hard
Academic Articles,future,0.0,easy
Academic Articles,space,0.0,easy
Academic Articles,weather,0.14,easy
Academic Articles,research,0.26,easy
Academic Articles,infrastructure,0.79,hard
Academic Articles,observational,0.82,hard
Academic Articles,modeling,0.73,hard
Academic Articles,national,0.02,easy
Academic Articles,weather,0.14,easy
Academic Articles,ensemble,0.61,hard
Academic Articles,weather,0.14,easy
Academic Articles,forecasting,0.77,hard
Academic Articles,testing,0.62,hard
Academic Articles,physic,0.74,hard
Academic Articles,missing,0.05,easy
Academic Articles,system,0.0,easy
Academic Articles,description,0.52,easy
Academic Articles,give,0.0,easy
Academic Articles,whether,0.01,easy
Academic Articles,arise,0.48,easy
Academic Articles,missing,0.05,easy
Academic Articles,model,0.15,easy
Academic Articles,representativeness,0.86,hard
Academic Articles,indicate,0.49,easy
Academic Articles,systemic,0.76,hard
Academic Articles,interpretation,0.63,hard
Academic Articles,handling,0.46,easy
Academic Articles,process,0.01,easy
Academic Articles,sensor,0.76,hard
Academic Articles,data,0.13,easy
Academic Articles,geophysical,0.81,hard
Academic Articles,data,0.13,easy
Academic Articles,pointed,0.49,easy
Academic Articles,space,0.0,easy
Academic Articles,science,0.04,easy
Academic Articles,community,0.1,easy
Academic Articles,require,0.3,easy
Academic Articles,science,0.04,easy
Academic Articles,justification,0.76,hard
Academic Articles,final,0.02,easy
Academic Articles,presentation,0.59,hard
Academic Articles,nonlinear,0.79,hard
Academic Articles,evidential,0.81,hard
Academic Articles,new,0.0,easy
Academic Articles,tech,0.69,hard
Academic Articles,space,0.0,easy
Academic Articles,weather,0.14,easy
Academic Articles,best,0.0,easy
Academic Articles,way,0.0,easy
Academic Articles,use,0.0,easy
Academic Articles,evidential,0.81,hard
Academic Articles,last,0.0,easy
Academic Articles,process,0.01,easy
Academic Articles,otherwise,0.25,easy
Academic Articles,system,0.0,easy
Academic Articles,capture,0.43,easy
Academic Articles,uncertainty,0.74,hard
Academic Articles,finally,0.03,easy
Academic Articles,data,0.13,easy
Academic Articles,fusion,0.62,hard
Academic Articles,nonlinear,0.79,hard
Academic Articles,unscented,0.8,hard
Academic Articles,filter,0.64,hard
Academic Articles,different,0.0,easy
Academic Articles,data,0.13,easy
Academic Articles,fusion,0.62,hard
Academic Articles,community,0.1,easy
Academic Articles,discussion,0.2,easy
Academic Articles,data,0.13,easy
Academic Articles,fusion,0.62,hard
Academic Articles,currently,0.54,easy
Academic Articles,available,0.03,easy
Academic Articles,directly,0.18,easy
Academic Articles,observable,0.78,hard
Academic Articles,generally,0.24,easy
Academic Articles,speaking,0.35,easy
Academic Articles,even,0.0,easy
Academic Articles,data,0.13,easy
Academic Articles,fusion,0.62,hard
Academic Articles,especially,0.02,easy
Academic Articles,help,0.0,easy
Academic Articles,resolve,0.43,easy
Academic Articles,new,0.0,easy
Academic Articles,physical,0.07,easy
Academic Articles,successful,0.2,easy
Academic Articles,include,0.12,easy
Academic Articles,magnetic,0.65,hard
Academic Articles,field,0.0,easy
Academic Articles,faraday,0.78,hard
Academic Articles,rotation,0.72,hard
Academic Articles,combined,0.55,hard
Academic Articles,total,0.02,easy
Academic Articles,electron,0.71,hard
Academic Articles,ultraviolet,0.8,hard
Academic Articles,irradiance,0.82,hard
Academic Articles,emulator,0.81,hard
Academic Articles,solar,0.73,hard
Academic Articles,dynamic,0.62,hard
Academic Articles,observatory,0.82,hard
Academic Articles,atmospheric,0.78,hard
Academic Articles,assembly,0.62,hard
Academic Articles,instrument,0.17,easy
Academic Articles,training,0.29,easy
Academic Articles,data,0.13,easy
Academic Articles,fusion,0.62,hard
Academic Articles,extreme,0.35,easy
Academic Articles,ultraviolet,0.8,hard
Academic Articles,variability,0.79,hard
Academic Articles,experiment,0.47,easy
Academic Articles,next,0.0,easy
Academic Articles,along,0.0,easy
Academic Articles,effective,0.08,easy
Academic Articles,data,0.13,easy
Academic Articles,noted,0.39,easy
Academic Articles,ionospheric,0.8,hard
Academic Articles,plasma,0.7,hard
Academic Articles,eddy,0.75,hard
Academic Articles,diffusion,0.68,hard
Academic Articles,conductance,0.79,hard
Academic Articles,could,0.0,easy
Academic Articles,anything,0.0,easy
Academic Articles,constrain,0.75,hard
Academic Articles,data,0.13,easy
Academic Articles,space,0.0,easy
Academic Articles,weather,0.14,easy
Academic Articles,big,0.0,easy
Academic Articles,communicate,0.63,hard
Academic Articles,need,0.0,easy
Academic Articles,specific,0.22,easy
Academic Articles,space,0.0,easy
Academic Articles,suggesting,0.76,hard
Academic Articles,ally,0.67,hard
Academic Articles,zoom,0.62,hard
Academic Articles,chat,0.04,easy
Academic Articles,took,0.0,easy
Academic Articles,place,0.0,easy
Academic Articles,session,0.26,easy
Academic Articles,discussion,0.2,easy
Academic Articles,initially,0.62,hard
Academic Articles,data,0.13,easy
Academic Articles,unanswered,0.75,hard
Academic Articles,regarding,0.65,hard
Academic Articles,data,0.13,easy
Academic Articles,solar,0.73,hard
Academic Articles,yet,0.0,easy
Academic Articles,clear,0.0,easy
Academic Articles,ongoing,0.76,hard
Academic Articles,include,0.12,easy
Academic Articles,combining,0.73,hard
Academic Articles,avail,0.65,hard
Academic Articles,able,0.0,easy
Academic Articles,boundary,0.69,hard
Academic Articles,solar,0.73,hard
Academic Articles,wind,0.05,easy
Academic Articles,data,0.13,easy
Academic Articles,point,0.0,easy
Academic Articles,past,0.0,easy
Academic Articles,could,0.0,easy
Academic Articles,augment,0.74,hard
Academic Articles,sparse,0.72,hard
Academic Articles,data,0.13,easy
Academic Articles,could,0.0,easy
Academic Articles,clear,0.0,easy
Academic Articles,independent,0.37,easy
Academic Articles,resulting,0.63,hard
Academic Articles,data,0.13,easy
Academic Articles,statistical,0.78,hard
Academic Articles,spatial,0.74,hard
Academic Articles,temporal,0.69,hard
Academic Articles,scale,0.05,easy
Academic Articles,without,0.0,easy
Academic Articles,cost,0.05,easy
Academic Articles,becoming,0.4,easy
Academic Articles,prohibitive,0.81,hard
Academic Articles,correlation,0.75,hard
Academic Articles,still,0.0,easy
Academic Articles,open,0.0,easy
Academic Articles,total,0.02,easy
Academic Articles,remains,0.19,easy
Academic Articles,unknown,0.34,easy
Academic Articles,future,0.0,easy
Academic Articles,space,0.0,easy
Academic Articles,weather,0.14,easy
Academic Articles,research,0.26,easy
Academic Articles,infrastructure,0.79,hard
Academic Articles,national,0.02,easy
Academic Articles,reserved,0.55,hard
Academic Articles,modeling,0.73,hard
Academic Articles,validation,0.79,hard
Academic Articles,data,0.13,easy
Academic Articles,case,0.0,easy
Academic Articles,challenge,0.36,easy
Academic Articles,commercial,0.39,easy
Academic Articles,science,0.04,easy
Academic Articles,grade,0.25,easy
Academic Articles,panelist,0.76,hard
Academic Articles,chat,0.04,easy
Academic Articles,participant,0.79,hard
Academic Articles,expressed,0.48,easy
Academic Articles,support,0.0,easy
Academic Articles,framework,0.67,hard
Academic Articles,different,0.0,easy
Academic Articles,forecast,0.57,hard
Academic Articles,another,0.0,easy
Academic Articles,participant,0.79,hard
Academic Articles,electron,0.71,hard
Academic Articles,ionosphere,0.76,hard
Academic Articles,might,0.0,easy
Academic Articles,suffer,0.32,easy
Academic Articles,noise,0.18,easy
Academic Articles,auroral,0.77,hard
Academic Articles,kilometric,0.8,hard
Academic Articles,radiation,0.47,easy
Academic Articles,zoom,0.62,hard
Academic Articles,chat,0.04,easy
Academic Articles,covered,0.32,easy
Academic Articles,recent,0.03,easy
Academic Articles,lost,0.0,easy
Academic Articles,geomagnetic,0.84,hard
Academic Articles,storm,0.38,easy
Academic Articles,later,0.0,easy
Academic Articles,analysis,0.41,easy
Academic Articles,storm,0.38,easy
Academic Articles,remarkable,0.54,easy
Academic Articles,atmospheric,0.78,hard
Academic Articles,neutral,0.51,easy
Academic Articles,density,0.69,hard
Academic Articles,complex,0.02,easy
Academic Articles,event,0.05,easy
Academic Articles,revealed,0.58,hard
Academic Articles,operational,0.71,hard
Academic Articles,mass,0.1,easy
Academic Articles,spectrometer,0.81,hard
Academic Articles,incoherent,0.75,hard
Academic Articles,scat,0.72,hard
Academic Articles,radar,0.67,hard
Academic Articles,atmosphere,0.28,easy
Academic Articles,model,0.15,easy
Academic Articles,potential,0.24,easy
Academic Articles,given,0.0,easy
Academic Articles,given,0.0,easy
Academic Articles,data,0.13,easy
Academic Articles,availability,0.77,hard
Academic Articles,incident,0.54,easy
Academic Articles,good,0.0,easy
Academic Articles,ensemble,0.61,hard
Academic Articles,modeling,0.73,hard
Academic Articles,ensemble,0.61,hard
Academic Articles,modeling,0.73,hard
Academic Articles,panel,0.37,easy
Academic Articles,six,0.02,easy
Academic Articles,eric,0.68,hard
Academic Articles,space,0.0,easy
Academic Articles,weather,0.14,easy
Academic Articles,prediction,0.75,hard
Academic Articles,center,0.03,easy
Academic Articles,dan,0.69,hard
Academic Articles,nick,0.33,easy
Academic Articles,university,0.52,easy
Academic Articles,corporation,0.59,hard
Academic Articles,atmospheric,0.78,hard
Academic Articles,research,0.26,easy
Academic Articles,kent,0.73,hard
Academic Articles,environment,0.61,hard
Academic Articles,office,0.0,easy
Academic Articles,following,0.03,easy
Academic Articles,panel,0.37,easy
Academic Articles,terrestrial,0.73,hard
Academic Articles,weather,0.14,easy
Academic Articles,community,0.1,easy
Academic Articles,ensemble,0.61,hard
Academic Articles,practical,0.47,easy
Academic Articles,space,0.0,easy
Academic Articles,near,0.01,easy
Academic Articles,term,0.11,easy
Academic Articles,data,0.13,easy
Academic Articles,unavailable,0.74,hard
Academic Articles,proprietary,0.77,hard
Academic Articles,classified,0.72,hard
Academic Articles,next,0.0,easy
Academic Articles,curation,0.8,hard
Academic Articles,fusion,0.62,hard
Academic Articles,period,0.01,easy
Academic Articles,general,0.0,easy
Academic Articles,overview,0.76,hard
Academic Articles,noted,0.39,easy
Academic Articles,model,0.15,easy
Academic Articles,uncertainty,0.74,hard
Academic Articles,quantification,0.8,hard
Academic Articles,use,0.0,easy
Academic Articles,independent,0.37,easy
Academic Articles,orthogonal,0.78,hard
Academic Articles,ensemble,0.61,hard
Academic Articles,covariance,0.79,hard
Academic Articles,propagation,0.77,hard
Academic Articles,effectively,0.63,hard
Academic Articles,noted,0.39,easy
Academic Articles,ensemble,0.61,hard
Academic Articles,modeling,0.73,hard
Academic Articles,data,0.13,easy
Academic Articles,linearly,0.78,hard
Academic Articles,model,0.15,easy
Academic Articles,development,0.01,easy
Academic Articles,wind,0.05,easy
Academic Articles,domain,0.54,easy
Academic Articles,example,0.0,easy
Academic Articles,mainly,0.52,easy
Academic Articles,observational,0.82,hard
Academic Articles,new,0.0,easy
Academic Articles,measurement,0.72,hard
Academic Articles,vantage,0.73,hard
Academic Articles,multiple,0.19,easy
Academic Articles,model,0.15,easy
Academic Articles,versus,0.69,hard
Academic Articles,air,0.0,easy
Academic Articles,force,0.0,easy
Academic Articles,data,0.13,easy
Academic Articles,assimilative,0.8,hard
Academic Articles,photospheric,0.82,hard
Academic Articles,flux,0.46,easy
Academic Articles,transport,0.22,easy
Academic Articles,adapt,0.7,hard
Academic Articles,model,0.15,easy
Academic Articles,member,0.12,easy
Academic Articles,ensemble,0.61,hard
Academic Articles,initial,0.38,easy
Academic Articles,condition,0.04,easy
Academic Articles,figure,0.02,easy
Academic Articles,different,0.0,easy
Academic Articles,initial,0.38,easy
Academic Articles,different,0.0,easy
Academic Articles,arrival,0.61,hard
Academic Articles,future,0.0,easy
Academic Articles,space,0.0,easy
Academic Articles,weather,0.14,easy
Academic Articles,research,0.26,easy
Academic Articles,infrastructure,0.79,hard
Academic Articles,national,0.02,easy
Academic Articles,reserved,0.55,hard
Academic Articles,future,0.0,easy
Academic Articles,space,0.0,easy
Academic Articles,weather,0.14,easy
Academic Articles,research,0.26,easy
Academic Articles,infrastructure,0.79,hard
Academic Articles,done,0.0,easy
Academic Articles,little,0.0,easy
Academic Articles,part,0.0,easy
Academic Articles,although,0.0,easy
Academic Articles,prune,0.7,hard
Academic Articles,model,0.15,easy
Academic Articles,welling,0.75,hard
Academic Articles,spoke,0.41,easy
Academic Articles,regime,0.65,hard
Academic Articles,particularly,0.09,easy
Academic Articles,global,0.65,hard
Academic Articles,dynamic,0.62,hard
Academic Articles,ring,0.08,easy
Academic Articles,current,0.01,easy
Academic Articles,area,0.01,easy
Academic Articles,validation,0.79,hard
Academic Articles,well,0.0,easy
Academic Articles,refined,0.59,hard
Academic Articles,remains,0.19,easy
Academic Articles,unclear,0.69,hard
Academic Articles,early,0.0,easy
Academic Articles,work,0.0,easy
Academic Articles,shown,0.04,easy
Academic Articles,increase,0.01,easy
Academic Articles,predictive,0.78,hard
Academic Articles,study,0.02,easy
Academic Articles,ing,0.71,hard
Academic Articles,model,0.15,easy
Academic Articles,physic,0.74,hard
Academic Articles,exploring,0.76,hard
Academic Articles,physic,0.74,hard
Academic Articles,across,0.0,easy
Academic Articles,modeling,0.73,hard
Academic Articles,covering,0.58,hard
Academic Articles,dense,0.6,hard
Academic Articles,net,0.01,easy
Academic Articles,auroral,0.77,hard
Academic Articles,welling,0.75,hard
Academic Articles,conductance,0.79,hard
Academic Articles,dynamic,0.62,hard
Academic Articles,data,0.13,easy
Academic Articles,sampling,0.67,hard
Academic Articles,large,0.0,easy
Academic Articles,often,0.0,easy
Academic Articles,sampling,0.67,hard
Academic Articles,undesirable,0.76,hard
Academic Articles,global,0.65,hard
Academic Articles,effect,0.0,easy
Academic Articles,electrodynamics,0.84,hard
Academic Articles,auroral,0.77,hard
Academic Articles,ground,0.01,easy
Academic Articles,although,0.0,easy
Academic Articles,viability,0.81,hard
Academic Articles,assessed,0.76,hard
Academic Articles,figure,0.02,easy
Academic Articles,air,0.0,easy
Academic Articles,force,0.0,easy
Academic Articles,data,0.13,easy
Academic Articles,assimilative,0.8,hard
Academic Articles,photospheric,0.82,hard
Academic Articles,flux,0.46,easy
Academic Articles,transport,0.22,easy
Academic Articles,adapt,0.7,hard
Academic Articles,bound,0.14,easy
Academic Articles,ary,0.76,hard
Academic Articles,solar,0.73,hard
Academic Articles,wind,0.05,easy
Academic Articles,orbit,0.63,hard
Academic Articles,blue,0.02,easy
Academic Articles,green,0.02,easy
Academic Articles,different,0.0,easy
Academic Articles,model,0.15,easy
Academic Articles,black,0.0,easy
Academic Articles,actual,0.21,easy
Academic Articles,observation,0.37,easy
Academic Articles,source,0.05,easy
Academic Articles,eric,0.68,hard
Academic Articles,space,0.0,easy
Academic Articles,weather,0.14,easy
Academic Articles,prediction,0.75,hard
Academic Articles,center,0.03,easy
Academic Articles,future,0.0,easy
Academic Articles,space,0.0,easy
Academic Articles,weather,0.14,easy
Academic Articles,research,0.26,easy
Academic Articles,infrastructure,0.79,hard
Academic Articles,national,0.02,easy
Academic Articles,reserved,0.55,hard
Academic Articles,modeling,0.73,hard
Academic Articles,validation,0.79,hard
Academic Articles,data,0.13,easy
Academic Articles,science,0.04,easy
Academic Articles,spoke,0.41,easy
Academic Articles,evaluate,0.73,hard
Academic Articles,new,0.0,easy
Academic Articles,generating,0.8,hard
Academic Articles,ensemble,0.61,hard
Academic Articles,reflecting,0.72,hard
Academic Articles,input,0.25,easy
Academic Articles,model,0.15,easy
Academic Articles,boundary,0.69,hard
Academic Articles,dynamic,0.62,hard
Academic Articles,widely,0.57,hard
Academic Articles,climate,0.62,hard
Academic Articles,saw,0.0,easy
Academic Articles,use,0.0,easy
Academic Articles,weather,0.14,easy
Academic Articles,however,0.0,easy
Academic Articles,require,0.3,easy
Academic Articles,new,0.0,easy
Academic Articles,infrastructure,0.79,hard
Academic Articles,running,0.0,easy
Academic Articles,ensemble,0.61,hard
Academic Articles,control,0.0,easy
Academic Articles,force,0.0,easy
Academic Articles,satellite,0.65,hard
Academic Articles,drag,0.09,easy
Academic Articles,model,0.15,easy
Academic Articles,density,0.69,hard
Academic Articles,coming,0.01,easy
Academic Articles,satellite,0.65,hard
Academic Articles,absolute,0.48,easy
Academic Articles,model,0.15,easy
Academic Articles,operational,0.71,hard
Academic Articles,need,0.0,easy
Academic Articles,day,0.0,easy
Academic Articles,climatological,0.86,hard
Academic Articles,classic,0.1,easy
Academic Articles,ensemble,0.61,hard
Academic Articles,use,0.0,easy
Academic Articles,simpler,0.73,hard
Academic Articles,physic,0.74,hard
Academic Articles,simplified,0.77,hard
Academic Articles,internal,0.45,easy
Academic Articles,dynamic,0.62,hard
Academic Articles,suffice,0.7,hard
Academic Articles,operational,0.71,hard
Academic Articles,forecast,0.57,hard
Academic Articles,need,0.0,easy
Academic Articles,made,0.0,easy
Academic Articles,point,0.0,easy
Academic Articles,need,0.0,easy
Academic Articles,educate,0.73,hard
Academic Articles,inform,0.69,hard
Academic Articles,decision,0.07,easy
Academic Articles,making,0.0,easy
Academic Articles,providing,0.6,hard
Academic Articles,helpful,0.66,hard
Academic Articles,targeted,0.78,hard
Academic Articles,might,0.0,easy
Academic Articles,increase,0.01,easy
Academic Articles,use,0.0,easy
Academic Articles,terrestrial,0.73,hard
Academic Articles,weather,0.14,easy
Academic Articles,climate,0.62,hard
Academic Articles,forecasting,0.77,hard
Academic Articles,identify,0.55,hard
Academic Articles,group,0.0,easy
Academic Articles,support,0.0,easy
Academic Articles,system,0.0,easy
Academic Articles,help,0.0,easy
Academic Articles,supply,0.24,easy
Academic Articles,particular,0.06,easy
Academic Articles,discussion,0.2,easy
Academic Articles,discussion,0.2,easy
Academic Articles,period,0.01,easy
Academic Articles,single,0.01,easy
Academic Articles,ensemble,0.61,hard
Academic Articles,best,0.0,easy
Academic Articles,rare,0.36,easy
Academic Articles,model,0.15,easy
Academic Articles,best,0.0,easy
Academic Articles,combining,0.73,hard
Academic Articles,multiple,0.19,easy
Academic Articles,ensure,0.67,hard
Academic Articles,better,0.0,easy
Academic Articles,added,0.03,easy
Academic Articles,often,0.0,easy
Academic Articles,better,0.0,easy
Academic Articles,outperform,0.79,hard
Academic Articles,single,0.01,easy
Academic Articles,best,0.0,easy
Academic Articles,request,0.13,easy
Academic Articles,chang,0.74,hard
Academic Articles,ing,0.71,hard
Academic Articles,something,0.0,easy
Academic Articles,used,0.0,easy
Academic Articles,collective,0.63,hard
Academic Articles,providing,0.6,hard
Academic Articles,probabilistic,0.79,hard
Academic Articles,ensemble,0.61,hard
Academic Articles,output,0.42,easy
Academic Articles,distribution,0.22,easy
Academic Articles,collective,0.63,hard
Academic Articles,system,0.0,easy
Academic Articles,ensemble,0.61,hard
Academic Articles,welling,0.75,hard
Academic Articles,distributed,0.71,hard
Academic Articles,provide,0.04,easy
Academic Articles,large,0.0,easy
Academic Articles,impact,0.24,easy
Academic Articles,process,0.01,easy
Academic Articles,zoom,0.62,hard
Academic Articles,chat,0.04,easy
Academic Articles,versus,0.69,hard
Academic Articles,perturbed,0.76,hard
Academic Articles,physic,0.74,hard
Academic Articles,empirical,0.75,hard
Academic Articles,statistical,0.78,hard
Academic Articles,model,0.15,easy
Academic Articles,point,0.0,easy
Academic Articles,made,0.0,easy
Academic Articles,preferred,0.59,hard
Academic Articles,model,0.15,easy
Academic Articles,different,0.0,easy
Academic Articles,despite,0.07,easy
Academic Articles,performance,0.0,easy
Academic Articles,bring,0.01,easy
Academic Articles,useful,0.52,easy
Academic Articles,information,0.03,easy
Academic Articles,outperform,0.79,hard
Academic Articles,even,0.0,easy
Academic Articles,best,0.0,easy
Academic Articles,single,0.01,easy
Academic Articles,future,0.0,easy
Academic Articles,space,0.0,easy
Academic Articles,weather,0.14,easy
Academic Articles,research,0.26,easy
Academic Articles,infrastructure,0.79,hard
Academic Articles,national,0.02,easy
Academic Articles,reserved,0.55,hard
Academic Articles,future,0.0,easy
Academic Articles,space,0.0,easy
Academic Articles,weather,0.14,easy
Academic Articles,research,0.26,easy
Academic Articles,infrastructure,0.79,hard
Academic Articles,operational,0.71,hard
Academic Articles,perspective,0.62,hard
Academic Articles,single,0.01,easy
Academic Articles,rarely,0.47,easy
Academic Articles,perform,0.47,easy
Academic Articles,well,0.0,easy
Academic Articles,provide,0.04,easy
Academic Articles,information,0.03,easy
Academic Articles,variance,0.65,hard
Academic Articles,across,0.0,easy
Academic Articles,always,0.0,easy
Academic Articles,solar,0.73,hard
Academic Articles,wind,0.05,easy
Academic Articles,ensemble,0.61,hard
Academic Articles,model,0.15,easy
Academic Articles,solar,0.73,hard
Academic Articles,wind,0.05,easy
Academic Articles,small,0.0,easy
Academic Articles,solar,0.73,hard
Academic Articles,wind,0.05,easy
Academic Articles,component,0.65,hard
Academic Articles,bring,0.01,easy
Academic Articles,appreciable,0.8,hard
Academic Articles,gain,0.12,easy
Academic Articles,zoom,0.62,hard
Academic Articles,chat,0.04,easy
Academic Articles,ground,0.01,easy
Academic Articles,several,0.0,easy
Academic Articles,inherent,0.67,hard
Academic Articles,observational,0.82,hard
Academic Articles,fact,0.0,easy
Academic Articles,easier,0.56,hard
Academic Articles,perhaps,0.0,easy
Academic Articles,fruitful,0.73,hard
Academic Articles,research,0.26,easy
Academic Articles,available,0.03,easy
Academic Articles,chat,0.04,easy
Academic Articles,noted,0.39,easy
Academic Articles,weather,0.14,easy
Academic Articles,used,0.0,easy
Academic Articles,forcing,0.71,hard
Academic Articles,lower,0.14,easy
Academic Articles,weather,0.14,easy
Academic Articles,capture,0.43,easy
Academic Articles,ensemble,0.61,hard
Academic Articles,generation,0.3,easy
Academic Articles,driving,0.17,easy
Academic Articles,lower,0.14,easy
Academic Articles,lower,0.14,easy
Academic Articles,atmosphere,0.28,easy
Academic Articles,lower,0.14,easy
Academic Articles,wind,0.05,easy
Academic Articles,meteor,0.75,hard
Academic Articles,tested,0.61,hard
Academic Articles,yet,0.0,easy
Academic Articles,effective,0.08,easy
Academic Articles,data,0.13,easy
Academic Articles,model,0.15,easy
Academic Articles,curation,0.8,hard
Academic Articles,another,0.0,easy
Academic Articles,panel,0.37,easy
Academic Articles,model,0.15,easy
Academic Articles,curation,0.8,hard
Academic Articles,member,0.12,easy
Academic Articles,coster,0.76,hard
Academic Articles,panel,0.37,easy
Academic Articles,six,0.02,easy
Academic Articles,university,0.52,easy
Academic Articles,corporation,0.59,hard
Academic Articles,atmospheric,0.78,hard
Academic Articles,research,0.26,easy
Academic Articles,jack,0.1,easy
Academic Articles,rob,0.55,hard
Academic Articles,masha,0.76,hard
Academic Articles,community,0.1,easy
Academic Articles,modeling,0.73,hard
Academic Articles,center,0.03,easy
Academic Articles,alec,0.7,hard
Academic Articles,federal,0.36,easy
Academic Articles,following,0.03,easy
Academic Articles,panela,0.78,hard
Academic Articles,data,0.13,easy
Academic Articles,curation,0.8,hard
Academic Articles,effort,0.07,easy
Academic Articles,data,0.13,easy
Academic Articles,unavailable,0.74,hard
Academic Articles,proprietary,0.77,hard
Academic Articles,classified,0.72,hard
Academic Articles,next,0.0,easy
Academic Articles,machine,0.06,easy
Academic Articles,learning,0.24,easy
Academic Articles,data,0.13,easy
Academic Articles,curation,0.8,hard
Academic Articles,take,0.0,easy
Academic Articles,black,0.0,easy
Academic Articles,data,0.13,easy
Academic Articles,science,0.04,easy
Academic Articles,research,0.26,easy
Academic Articles,unmet,0.78,hard
Academic Articles,data,0.13,easy
Academic Articles,infrastructure,0.79,hard
Academic Articles,community,0.1,easy
Academic Articles,data,0.13,easy
Academic Articles,infrastructure,0.79,hard
Academic Articles,file,0.0,easy
Academic Articles,data,0.13,easy
Academic Articles,standard,0.12,easy
Academic Articles,record,0.02,easy
Academic Articles,keeping,0.33,easy
Academic Articles,end,0.0,easy
Academic Articles,data,0.13,easy
Academic Articles,solar,0.73,hard
Academic Articles,space,0.0,easy
Academic Articles,physic,0.74,hard
Academic Articles,data,0.13,easy
Academic Articles,madrigal,0.74,hard
Academic Articles,archival,0.73,hard
Academic Articles,data,0.13,easy
Academic Articles,upper,0.41,easy
Academic Articles,atmospheric,0.78,hard
Academic Articles,science,0.04,easy
Academic Articles,community,0.1,easy
Academic Articles,modeling,0.73,hard
Academic Articles,center,0.03,easy
Academic Articles,space,0.0,easy
Academic Articles,research,0.26,easy
Academic Articles,although,0.0,easy
Academic Articles,provide,0.04,easy
Academic Articles,program,0.0,easy
Academic Articles,black,0.0,easy
Academic Articles,data,0.13,easy
Academic Articles,acquisition,0.56,hard
Academic Articles,fair,0.06,easy
Academic Articles,findable,0.78,hard
Academic Articles,accessible,0.68,hard
Academic Articles,data,0.13,easy
Academic Articles,black,0.0,easy
Academic Articles,data,0.13,easy
Academic Articles,management,0.37,easy
Academic Articles,plan,0.02,easy
Academic Articles,uniform,0.47,easy
Academic Articles,decadal,0.76,hard
Academic Articles,survey,0.5,easy
Academic Articles,strategy,0.69,hard
Academic Articles,data,0.13,easy
Academic Articles,infrastructure,0.79,hard
Academic Articles,research,0.26,easy
Academic Articles,strategy,0.69,hard
Academic Articles,utility,0.58,hard
Academic Articles,usability,0.8,hard
Academic Articles,data,0.13,easy
Academic Articles,community,0.1,easy
Academic Articles,decadal,0.76,hard
Academic Articles,survey,0.5,easy
Academic Articles,curriculum,0.76,hard
Academic Articles,data,0.13,easy
Academic Articles,resource,0.67,hard
Academic Articles,use,0.0,easy
Academic Articles,open,0.0,easy
Academic Articles,access,0.26,easy
Academic Articles,working,0.0,easy
Academic Articles,future,0.0,easy
Academic Articles,space,0.0,easy
Academic Articles,weather,0.14,easy
Academic Articles,research,0.26,easy
Academic Articles,infrastructure,0.79,hard
Academic Articles,national,0.02,easy
Academic Articles,reserved,0.55,hard
Academic Articles,modeling,0.73,hard
Academic Articles,validation,0.79,hard
Academic Articles,data,0.13,easy
Academic Articles,science,0.04,easy
Academic Articles,schreiner,0.78,hard
Academic Articles,spoke,0.41,easy
Academic Articles,data,0.13,easy
Academic Articles,curation,0.8,hard
Academic Articles,analytics,0.82,hard
Academic Articles,specifically,0.68,hard
Academic Articles,occultation,0.81,hard
Academic Articles,providing,0.6,hard
Academic Articles,radio,0.22,easy
Academic Articles,occultation,0.81,hard
Academic Articles,data,0.13,easy
Academic Articles,beginning,0.03,easy
Academic Articles,meteorological,0.86,hard
Academic Articles,cosmic,0.7,hard
Academic Articles,constellation,0.79,hard
Academic Articles,observing,0.75,hard
Academic Articles,system,0.0,easy
Academic Articles,meteorology,0.84,hard
Academic Articles,ionosphere,0.76,hard
Academic Articles,climate,0.62,hard
Academic Articles,commercial,0.39,easy
Academic Articles,data,0.13,easy
Academic Articles,global,0.65,hard
Academic Articles,navigation,0.61,hard
Academic Articles,satellite,0.65,hard
Academic Articles,commercial,0.39,easy
Academic Articles,radio,0.22,easy
Academic Articles,occultation,0.81,hard
Academic Articles,data,0.13,easy
Academic Articles,ionosphere,0.76,hard
Academic Articles,foreseeable,0.78,hard
Academic Articles,future,0.0,easy
Academic Articles,cosmic,0.7,hard
Academic Articles,combined,0.55,hard
Academic Articles,commercial,0.39,easy
Academic Articles,provide,0.04,easy
Academic Articles,global,0.65,hard
Academic Articles,latitude,0.73,hard
Academic Articles,however,0.0,easy
Academic Articles,radio,0.22,easy
Academic Articles,occultation,0.81,hard
Academic Articles,data,0.13,easy
Academic Articles,need,0.0,easy
Academic Articles,standard,0.12,easy
Academic Articles,data,0.13,easy
Academic Articles,large,0.0,easy
Academic Articles,data,0.13,easy
Academic Articles,complex,0.02,easy
Academic Articles,require,0.3,easy
Academic Articles,sustained,0.67,hard
Academic Articles,data,0.13,easy
Academic Articles,curation,0.8,hard
Academic Articles,space,0.0,easy
Academic Articles,weather,0.14,easy
Academic Articles,assimilation,0.75,hard
Academic Articles,concerning,0.59,hard
Academic Articles,data,0.13,easy
Academic Articles,need,0.0,easy
Academic Articles,schreiner,0.78,hard
Academic Articles,access,0.26,easy
Academic Articles,cloud,0.15,easy
Academic Articles,enable,0.53,easy
Academic Articles,science,0.04,easy
Academic Articles,assimilative,0.8,hard
Academic Articles,space,0.0,easy
Academic Articles,weather,0.14,easy
Academic Articles,spoke,0.41,easy
Academic Articles,digital,0.66,hard
Academic Articles,resource,0.67,hard
Academic Articles,library,0.25,easy
Academic Articles,data,0.13,easy
Academic Articles,community,0.1,easy
Academic Articles,research,0.26,easy
Academic Articles,strategy,0.69,hard
Academic Articles,behind,0.0,easy
Academic Articles,four,0.0,easy
Academic Articles,main,0.01,easy
Academic Articles,improve,0.45,easy
Academic Articles,discover,0.37,easy
Academic Articles,support,0.0,easy
Academic Articles,explore,0.63,hard
Academic Articles,enable,0.53,easy
Academic Articles,big,0.0,easy
Academic Articles,data,0.13,easy
Academic Articles,together,0.0,easy
Academic Articles,large,0.0,easy
Academic Articles,data,0.13,easy
Academic Articles,share,0.0,easy
Academic Articles,publish,0.72,hard
Academic Articles,support,0.0,easy
Academic Articles,collaborative,0.83,hard
Academic Articles,research,0.26,easy
Academic Articles,increasing,0.45,easy
Academic Articles,volume,0.31,easy
Academic Articles,data,0.13,easy
Academic Articles,accelerate,0.78,hard
Academic Articles,set,0.0,easy
Academic Articles,four,0.0,easy
Academic Articles,broad,0.24,easy
Academic Articles,open,0.0,easy
Academic Articles,science,0.04,easy
Academic Articles,lowering,0.74,hard
Academic Articles,current,0.01,easy
Academic Articles,research,0.26,easy
Academic Articles,new,0.0,easy
Academic Articles,cal,0.72,hard
Academic Articles,community,0.1,easy
Academic Articles,need,0.0,easy
Academic Articles,science,0.04,easy
Academic Articles,infrastructure,0.79,hard
Academic Articles,four,0.0,easy
Academic Articles,data,0.13,easy
Academic Articles,model,0.15,easy
Academic Articles,consortium,0.78,hard
Academic Articles,space,0.0,easy
Academic Articles,physic,0.74,hard
Academic Articles,data,0.13,easy
Academic Articles,facility,0.67,hard
Academic Articles,solar,0.73,hard
Academic Articles,data,0.13,easy
Academic Articles,analysis,0.41,easy
Academic Articles,center,0.03,easy
Academic Articles,various,0.06,easy
Academic Articles,community,0.1,easy
Academic Articles,modeling,0.73,hard
Academic Articles,center,0.03,easy
Academic Articles,center,0.03,easy
Academic Articles,path,0.25,easy
Academic Articles,forward,0.01,easy
Academic Articles,involve,0.51,easy
Academic Articles,internal,0.45,easy
Academic Articles,community,0.1,easy
Academic Articles,inclusion,0.71,hard
Academic Articles,direction,0.01,easy
Academic Articles,use,0.0,easy
Academic Articles,new,0.0,easy
Academic Articles,space,0.0,easy
Academic Articles,weather,0.14,easy
Academic Articles,data,0.13,easy
Academic Articles,space,0.0,easy
Academic Articles,physic,0.74,hard
Academic Articles,archive,0.74,hard
Academic Articles,search,0.0,easy
Academic Articles,extract,0.57,hard
Academic Articles,application,0.16,easy
Academic Articles,interface,0.67,hard
Academic Articles,deep,0.0,easy
Academic Articles,space,0.0,easy
Academic Articles,climate,0.62,hard
Academic Articles,observatory,0.82,hard
Academic Articles,data,0.13,easy
Academic Articles,climate,0.62,hard
Academic Articles,data,0.13,easy
Academic Articles,another,0.0,easy
Academic Articles,strategy,0.69,hard
Academic Articles,take,0.0,easy
Academic Articles,among,0.0,easy
Academic Articles,government,0.0,easy
Academic Articles,industry,0.03,easy
Academic Articles,science,0.04,easy
Academic Articles,information,0.03,easy
Academic Articles,unavailable,0.74,hard
Academic Articles,research,0.26,easy
Academic Articles,future,0.0,easy
Academic Articles,example,0.0,easy
Academic Articles,via,0.42,easy
Academic Articles,space,0.0,easy
Academic Articles,weather,0.14,easy
Academic Articles,research,0.26,easy
Academic Articles,mitigation,0.78,hard
Academic Articles,subcommittee,0.79,hard
Academic Articles,data,0.13,easy
Academic Articles,cloud,0.15,easy
Academic Articles,embracing,0.77,hard
Academic Articles,fair,0.06,easy
Academic Articles,policy,0.04,easy
Academic Articles,included,0.35,easy
Academic Articles,tackling,0.78,hard
Academic Articles,modeling,0.73,hard
Academic Articles,prize,0.52,easy
Academic Articles,money,0.0,easy
Academic Articles,data,0.13,easy
Academic Articles,use,0.0,easy
Academic Articles,community,0.1,easy
Academic Articles,modeling,0.73,hard
Academic Articles,center,0.03,easy
Academic Articles,role,0.0,easy
Academic Articles,proving,0.74,hard
Academic Articles,ground,0.01,easy
Academic Articles,figure,0.02,easy
Academic Articles,providing,0.6,hard
Academic Articles,example,0.0,easy
Academic Articles,data,0.13,easy
Academic Articles,model,0.15,easy
Academic Articles,simulation,0.76,hard
Academic Articles,prod,0.66,hard
Academic Articles,following,0.03,easy
Academic Articles,best,0.0,easy
Academic Articles,implementation,0.79,hard
Academic Articles,improving,0.71,hard
Academic Articles,improving,0.71,hard
Academic Articles,robustness,0.77,hard
Academic Articles,toward,0.01,easy
Academic Articles,plug,0.31,easy
Academic Articles,play,0.0,easy
Academic Articles,pilot,0.4,easy
Academic Articles,code,0.32,easy
Academic Articles,future,0.0,easy
Academic Articles,space,0.0,easy
Academic Articles,weather,0.14,easy
Academic Articles,research,0.26,easy
Academic Articles,infrastructure,0.79,hard
Academic Articles,national,0.02,easy
Academic Articles,reserved,0.55,hard
Academic Articles,future,0.0,easy
Academic Articles,space,0.0,easy
Academic Articles,weather,0.14,easy
Academic Articles,research,0.26,easy
Academic Articles,infrastructure,0.79,hard
Academic Articles,infrastructure,0.79,hard
Academic Articles,engineering,0.68,hard
Academic Articles,team,0.09,easy
Academic Articles,outside,0.01,easy
Academic Articles,limited,0.19,easy
Academic Articles,research,0.26,easy
Academic Articles,space,0.0,easy
Academic Articles,many,0.0,easy
Academic Articles,data,0.13,easy
Academic Articles,curation,0.8,hard
Academic Articles,space,0.0,easy
Academic Articles,space,0.0,easy
Academic Articles,domain,0.54,easy
Academic Articles,awareness,0.67,hard
Academic Articles,environmental,0.8,hard
Academic Articles,defense,0.12,easy
Academic Articles,air,0.0,easy
Academic Articles,unified,0.72,hard
Academic Articles,data,0.13,easy
Academic Articles,library,0.25,easy
Academic Articles,positive,0.23,easy
Academic Articles,development,0.01,easy
Academic Articles,earth,0.0,easy
Academic Articles,substantial,0.42,easy
Academic Articles,infrastructure,0.79,hard
Academic Articles,specifically,0.68,hard
Academic Articles,community,0.1,easy
Academic Articles,platform,0.38,easy
Academic Articles,big,0.0,easy
Academic Articles,data,0.13,easy
Academic Articles,space,0.0,easy
Academic Articles,weather,0.14,easy
Academic Articles,community,0.1,easy
Academic Articles,could,0.0,easy
Academic Articles,learn,0.1,easy
Academic Articles,effort,0.07,easy
Academic Articles,work,0.0,easy
Academic Articles,toward,0.01,easy
Academic Articles,facility,0.67,hard
Academic Articles,discussion,0.2,easy
Academic Articles,zoom,0.62,hard
Academic Articles,chat,0.04,easy
Academic Articles,included,0.35,easy
Academic Articles,significant,0.42,easy
Academic Articles,discussion,0.2,easy
Academic Articles,curation,0.8,hard
Academic Articles,potential,0.24,easy
Academic Articles,world,0.0,easy
Academic Articles,data,0.13,easy
Academic Articles,center,0.03,easy
Academic Articles,limited,0.19,easy
Academic Articles,weather,0.14,easy
Academic Articles,data,0.13,easy
Academic Articles,curation,0.8,hard
Academic Articles,cloud,0.15,easy
Academic Articles,storage,0.54,easy
Academic Articles,expressed,0.48,easy
Academic Articles,solution,0.5,easy
Academic Articles,see,0.0,easy
Academic Articles,new,0.0,easy
Academic Articles,space,0.0,easy
Academic Articles,environment,0.61,hard
Academic Articles,data,0.13,easy
Academic Articles,research,0.26,easy
Academic Articles,educational,0.69,hard
Academic Articles,weather,0.14,easy
Academic Articles,space,0.0,easy
Academic Articles,weather,0.14,easy
Academic Articles,community,0.1,easy
Academic Articles,data,0.13,easy
Academic Articles,model,0.15,easy
Academic Articles,simulation,0.76,hard
Academic Articles,repository,0.78,hard
Academic Articles,repository,0.78,hard
Academic Articles,operational,0.71,hard
Academic Articles,proving,0.74,hard
Academic Articles,ground,0.01,easy
Academic Articles,architecture,0.74,hard
Academic Articles,collaborative,0.83,hard
Academic Articles,pipeline,0.7,hard
Academic Articles,figure,0.02,easy
Academic Articles,pipeline,0.7,hard
Academic Articles,operational,0.71,hard
Academic Articles,space,0.0,easy
Academic Articles,weather,0.14,easy
Academic Articles,prediction,0.75,hard
Academic Articles,center,0.03,easy
Academic Articles,community,0.1,easy
Academic Articles,modeling,0.73,hard
Academic Articles,center,0.03,easy
Academic Articles,source,0.05,easy
Academic Articles,masha,0.76,hard
Academic Articles,community,0.1,easy
Academic Articles,modeling,0.73,hard
Academic Articles,center,0.03,easy
Academic Articles,future,0.0,easy
Academic Articles,space,0.0,easy
Academic Articles,weather,0.14,easy
Academic Articles,research,0.26,easy
Academic Articles,infrastructure,0.79,hard
Academic Articles,national,0.02,easy
Academic Articles,reserved,0.55,hard
Academic Articles,modeling,0.73,hard
Academic Articles,validation,0.79,hard
Academic Articles,data,0.13,easy
Academic Articles,science,0.04,easy
Academic Articles,term,0.11,easy
Academic Articles,proposal,0.54,easy
Academic Articles,facility,0.67,hard
Academic Articles,hardware,0.69,hard
Academic Articles,include,0.12,easy
Academic Articles,data,0.13,easy
Academic Articles,archival,0.73,hard
Academic Articles,historical,0.5,easy
Academic Articles,data,0.13,easy
Academic Articles,data,0.13,easy
Academic Articles,expressed,0.48,easy
Academic Articles,quality,0.02,easy
Academic Articles,control,0.0,easy
Academic Articles,longevity,0.74,hard
Academic Articles,reliability,0.85,hard
Academic Articles,user,0.23,easy
Academic Articles,access,0.26,easy
Academic Articles,current,0.01,easy
Academic Articles,radio,0.22,easy
Academic Articles,occultation,0.81,hard
Academic Articles,data,0.13,easy
Academic Articles,made,0.0,easy
Academic Articles,research,0.26,easy
Academic Articles,community,0.1,easy
Academic Articles,delay,0.52,easy
Academic Articles,committee,0.24,easy
Academic Articles,nothing,0.0,easy
Academic Articles,regarding,0.65,hard
Academic Articles,data,0.13,easy
Academic Articles,commenter,0.78,hard
Academic Articles,radio,0.22,easy
Academic Articles,frequency,0.66,hard
Academic Articles,data,0.13,easy
Academic Articles,solar,0.73,hard
Academic Articles,corona,0.67,hard
Academic Articles,weather,0.14,easy
Academic Articles,research,0.26,easy
Academic Articles,forecast,0.57,hard
Academic Articles,curation,0.8,hard
Academic Articles,continued,0.3,easy
Academic Articles,acquisition,0.56,hard
Academic Articles,workshop,0.7,hard
Academic Articles,support,0.0,easy
Academic Articles,similarly,0.74,hard
Academic Articles,concern,0.26,easy
Academic Articles,data,0.13,easy
Academic Articles,gap,0.57,hard
Academic Articles,defense,0.12,easy
Academic Articles,meteorological,0.86,hard
Academic Articles,satellite,0.65,hard
Academic Articles,program,0.0,easy
Academic Articles,polar,0.64,hard
Academic Articles,operational,0.71,hard
Academic Articles,environmental,0.8,hard
Academic Articles,satellite,0.65,hard
Academic Articles,retired,0.65,hard
Academic Articles,especially,0.02,easy
Academic Articles,affect,0.49,easy
Academic Articles,auroral,0.77,hard
Academic Articles,zone,0.53,easy
Academic Articles,forcing,0.71,hard
Academic Articles,anomaly,0.73,hard
Academic Articles,resolution,0.32,easy
Academic Articles,discussion,0.2,easy
Academic Articles,regarding,0.65,hard
Academic Articles,operational,0.71,hard
Academic Articles,forecasting,0.77,hard
Academic Articles,around,0.0,easy
Academic Articles,national,0.02,easy
Academic Articles,environmental,0.8,hard
Academic Articles,information,0.03,easy
Academic Articles,operational,0.71,hard
Academic Articles,unclear,0.69,hard
Academic Articles,exactly,0.08,easy
Academic Articles,current,0.01,easy
Academic Articles,especially,0.02,easy
Academic Articles,across,0.0,easy
Academic Articles,becomes,0.02,easy
Academic Articles,even,0.0,easy
Academic Articles,problematic,0.77,hard
Academic Articles,considering,0.49,easy
Academic Articles,data,0.13,easy
Academic Articles,international,0.26,easy
Academic Articles,science,0.04,easy
Academic Articles,mission,0.19,easy
Academic Articles,directorate,0.78,hard
Academic Articles,responsible,0.18,easy
Academic Articles,agreement,0.05,easy
Academic Articles,international,0.26,easy
Academic Articles,aspect,0.31,easy
Academic Articles,better,0.0,easy
Academic Articles,sustained,0.67,hard
Academic Articles,data,0.13,easy
Academic Articles,curation,0.8,hard
Academic Articles,support,0.0,easy
Academic Articles,data,0.13,easy
Academic Articles,question,0.0,easy
Academic Articles,policy,0.04,easy
Academic Articles,future,0.0,easy
Academic Articles,space,0.0,easy
Academic Articles,weather,0.14,easy
Academic Articles,research,0.26,easy
Academic Articles,infrastructure,0.79,hard
Academic Articles,national,0.02,easy
Academic Articles,reserved,0.55,hard
Academic Articles,research,0.26,easy
Academic Articles,infrastructure,0.79,hard
Academic Articles,key,0.0,easy
Academic Articles,session,0.26,easy
Academic Articles,infrastructure,0.79,hard
Academic Articles,following,0.03,easy
Academic Articles,key,0.0,easy
Academic Articles,bridge,0.06,easy
Academic Articles,major,0.0,easy
Academic Articles,gap,0.57,hard
Academic Articles,solar,0.73,hard
Academic Articles,research,0.26,easy
Academic Articles,research,0.26,easy
Academic Articles,sun,0.09,easy
Academic Articles,high,0.0,easy
Academic Articles,time,0.0,easy
Academic Articles,energy,0.17,easy
Academic Articles,resolution,0.32,easy
Academic Articles,large,0.0,easy
Academic Articles,dynamic,0.62,hard
Academic Articles,range,0.02,easy
Academic Articles,observational,0.82,hard
Academic Articles,phenomenon,0.69,hard
Academic Articles,solution,0.5,easy
Academic Articles,introduce,0.54,easy
Academic Articles,provide,0.04,easy
Academic Articles,traveling,0.7,hard
Academic Articles,toward,0.01,easy
Academic Articles,earth,0.0,easy
Academic Articles,magnetic,0.65,hard
Academic Articles,field,0.0,easy
Academic Articles,structure,0.09,easy
Academic Articles,distributed,0.71,hard
Academic Articles,throughout,0.05,easy
Academic Articles,system,0.0,easy
Academic Articles,critically,0.77,hard
Academic Articles,improving,0.71,hard
Academic Articles,empirical,0.75,hard
Academic Articles,key,0.0,easy
Academic Articles,information,0.03,easy
Academic Articles,sun,0.09,easy
Academic Articles,real,0.0,easy
Academic Articles,time,0.0,easy
Academic Articles,various,0.06,easy
Academic Articles,infrastructure,0.79,hard
Academic Articles,research,0.26,easy
Academic Articles,need,0.0,easy
Academic Articles,new,0.0,easy
Academic Articles,dual,0.62,hard
Academic Articles,use,0.0,easy
Academic Articles,infrastructure,0.79,hard
Academic Articles,communication,0.63,hard
Academic Articles,data,0.13,easy
Academic Articles,approach,0.08,easy
Academic Articles,sparse,0.72,hard
Academic Articles,space,0.0,easy
Academic Articles,weather,0.14,easy
Academic Articles,individual,0.05,easy
Academic Articles,effectively,0.63,hard
Academic Articles,research,0.26,easy
Academic Articles,space,0.0,easy
Academic Articles,weather,0.14,easy
Academic Articles,instrument,0.17,easy
Academic Articles,design,0.05,easy
Academic Articles,multiple,0.19,easy
Academic Articles,analysis,0.41,easy
Academic Articles,operation,0.07,easy
Academic Articles,space,0.0,easy
Academic Articles,weather,0.14,easy
Academic Articles,data,0.13,easy
Academic Articles,new,0.0,easy
Academic Articles,data,0.13,easy
Academic Articles,produced,0.28,easy
Academic Articles,data,0.13,easy
Academic Articles,steadily,0.65,hard
Academic Articles,development,0.01,easy
Academic Articles,launch,0.28,easy
Academic Articles,modeling,0.73,hard
Academic Articles,data,0.13,easy
Academic Articles,analytics,0.82,hard
Academic Articles,instrumentation,0.78,hard
Academic Articles,commercial,0.39,easy
Academic Articles,data,0.13,easy
Academic Articles,product,0.22,easy
Academic Articles,space,0.0,easy
Academic Articles,weather,0.14,easy
Academic Articles,mission,0.19,easy
Academic Articles,infrastructure,0.79,hard
Academic Articles,across,0.0,easy
Academic Articles,architecture,0.74,hard
Academic Articles,future,0.0,easy
Academic Articles,space,0.0,easy
Academic Articles,weather,0.14,easy
Academic Articles,research,0.26,easy
Academic Articles,infrastructure,0.79,hard
Academic Articles,national,0.02,easy
Academic Articles,reserved,0.55,hard
Academic Articles,research,0.26,easy
Academic Articles,infrastructure,0.79,hard
Academic Articles,understand,0.03,easy
Academic Articles,system,0.0,easy
Academic Articles,furthermore,0.76,hard
Academic Articles,way,0.0,easy
Academic Articles,information,0.03,easy
Academic Articles,specifically,0.68,hard
Academic Articles,architecture,0.74,hard
Academic Articles,space,0.0,easy
Academic Articles,weather,0.14,easy
Academic Articles,research,0.26,easy
Academic Articles,panel,0.37,easy
Academic Articles,sun,0.09,easy
Academic Articles,account,0.03,easy
Academic Articles,space,0.0,easy
Academic Articles,weather,0.14,easy
Academic Articles,science,0.04,easy
Academic Articles,gap,0.57,hard
Academic Articles,analysis,0.41,easy
Academic Articles,space,0.0,easy
Academic Articles,weather,0.14,easy
Academic Articles,science,0.04,easy
Academic Articles,application,0.16,easy
Academic Articles,program,0.0,easy
Academic Articles,science,0.04,easy
Academic Articles,identify,0.55,hard
Academic Articles,key,0.0,easy
Academic Articles,research,0.26,easy
Academic Articles,infrastructure,0.79,hard
Academic Articles,key,0.0,easy
Academic Articles,novel,0.18,easy
Academic Articles,yet,0.0,easy
Academic Articles,used,0.0,easy
Academic Articles,effective,0.08,easy
Academic Articles,operating,0.46,easy
Academic Articles,architecture,0.74,hard
Academic Articles,observational,0.82,hard
Academic Articles,base,0.01,easy
Academic Articles,currently,0.54,easy
Academic Articles,data,0.13,easy
Academic Articles,used,0.0,easy
Academic Articles,right,0.0,easy
Academic Articles,chapter,0.54,easy
Academic Articles,main,0.01,easy
Academic Articles,sun,0.09,easy
Academic Articles,sun,0.09,easy
Academic Articles,new,0.0,easy
Academic Articles,solar,0.73,hard
Academic Articles,panel,0.37,easy
Academic Articles,member,0.12,easy
Academic Articles,dan,0.69,hard
Academic Articles,baker,0.68,hard
Academic Articles,sue,0.65,hard
Academic Articles,applied,0.43,easy
Academic Articles,physic,0.74,hard
Academic Articles,university,0.52,easy
Academic Articles,used,0.0,easy
Academic Articles,key,0.0,easy
Academic Articles,new,0.0,easy
Academic Articles,architecture,0.74,hard
Academic Articles,included,0.35,easy
Academic Articles,small,0.0,easy
Academic Articles,lite,0.73,hard
Academic Articles,constellation,0.79,hard
Academic Articles,mission,0.19,easy
Academic Articles,innovative,0.77,hard
Academic Articles,procurement,0.75,hard
Academic Articles,across,0.0,easy
Academic Articles,government,0.0,easy
Academic Articles,space,0.0,easy
Academic Articles,ground,0.01,easy
Academic Articles,infrastructure,0.79,hard
Academic Articles,covered,0.32,easy
Academic Articles,new,0.0,easy
Academic Articles,observational,0.82,hard
Academic Articles,vantage,0.73,hard
Academic Articles,measurement,0.72,hard
Academic Articles,con,0.52,easy
Academic Articles,observational,0.82,hard
Academic Articles,gap,0.57,hard
Academic Articles,analysis,0.41,easy
Academic Articles,common,0.0,easy
Academic Articles,instrument,0.17,easy
Academic Articles,space,0.0,easy
Academic Articles,solar,0.73,hard
Academic Articles,science,0.04,easy
Academic Articles,research,0.26,easy
Academic Articles,following,0.03,easy
Academic Articles,key,0.0,easy
Academic Articles,panel,0.37,easy
Academic Articles,programmatic,0.82,hard
Academic Articles,policy,0.04,easy
Academic Articles,new,0.0,easy
Academic Articles,presentation,0.59,hard
Academic Articles,reimbursable,0.8,hard
Academic Articles,space,0.0,easy
Academic Articles,weather,0.14,easy
Academic Articles,data,0.13,easy
Academic Articles,purchase,0.42,easy
Academic Articles,develop,0.12,easy
Academic Articles,commercial,0.39,easy
Academic Articles,data,0.13,easy
Academic Articles,given,0.0,easy
Academic Articles,fact,0.0,easy
Academic Articles,launch,0.28,easy
Academic Articles,data,0.13,easy
Academic Articles,becoming,0.4,easy
Academic Articles,facilitate,0.76,hard
Academic Articles,advanced,0.32,easy
Academic Articles,space,0.0,easy
Academic Articles,weather,0.14,easy
Academic Articles,lower,0.14,easy
Academic Articles,faster,0.6,hard
Academic Articles,deployment,0.78,hard
Academic Articles,contractual,0.79,hard
Academic Articles,future,0.0,easy
Academic Articles,space,0.0,easy
Academic Articles,weather,0.14,easy
Academic Articles,research,0.26,easy
Academic Articles,infrastructure,0.79,hard
Academic Articles,national,0.02,easy
Academic Articles,reserved,0.55,hard
Academic Articles,future,0.0,easy
Academic Articles,space,0.0,easy
Academic Articles,weather,0.14,easy
Academic Articles,research,0.26,easy
Academic Articles,infrastructure,0.79,hard
Academic Articles,mission,0.19,easy
Academic Articles,architecture,0.74,hard
Academic Articles,could,0.0,easy
Academic Articles,benefit,0.41,easy
Academic Articles,science,0.04,easy
Academic Articles,reimbursable,0.8,hard
Academic Articles,space,0.0,easy
Academic Articles,weather,0.14,easy
Academic Articles,capability,0.77,hard
Academic Articles,data,0.13,easy
Academic Articles,purchase,0.42,easy
Academic Articles,agreement,0.05,easy
Academic Articles,structure,0.09,easy
Academic Articles,dod,0.76,hard
Academic Articles,figure,0.02,easy
Academic Articles,constellation,0.79,hard
Academic Articles,platform,0.38,easy
Academic Articles,around,0.0,easy
Academic Articles,retrograde,0.64,hard
Academic Articles,earth,0.0,easy
Academic Articles,could,0.0,easy
Academic Articles,give,0.0,easy
Academic Articles,advance,0.14,easy
Academic Articles,lead,0.0,easy
Academic Articles,time,0.0,easy
Academic Articles,longer,0.01,easy
Academic Articles,carrying,0.49,easy
Academic Articles,simple,0.0,easy
Academic Articles,plasma,0.7,hard
Academic Articles,magnetometer,0.81,hard
Academic Articles,radiation,0.47,easy
Academic Articles,mission,0.19,easy
Academic Articles,design,0.05,easy
Academic Articles,give,0.0,easy
Academic Articles,multiple,0.19,easy
Academic Articles,much,0.0,easy
Academic Articles,greater,0.1,easy
Academic Articles,magnetic,0.65,hard
Academic Articles,field,0.0,easy
Academic Articles,million,0.06,easy
Academic Articles,infrastructure,0.79,hard
Academic Articles,allow,0.08,easy
Academic Articles,effective,0.08,easy
Academic Articles,advance,0.14,easy
Academic Articles,warning,0.28,easy
Academic Articles,flux,0.46,easy
Academic Articles,rope,0.51,easy
Academic Articles,structure,0.09,easy
Academic Articles,energetic,0.72,hard
Academic Articles,commercially,0.78,hard
Academic Articles,today,0.0,easy
Academic Articles,could,0.0,easy
Academic Articles,data,0.13,easy
Academic Articles,reimbursable,0.8,hard
Academic Articles,data,0.13,easy
Academic Articles,purchase,0.42,easy
Academic Articles,national,0.02,easy
Academic Articles,aeronautics,0.79,hard
Academic Articles,space,0.0,easy
Academic Articles,administration,0.27,easy
Academic Articles,space,0.0,easy
Academic Articles,weather,0.14,easy
Academic Articles,budget,0.2,easy
Academic Articles,mission,0.19,easy
Academic Articles,could,0.0,easy
Academic Articles,cost,0.05,easy
Academic Articles,expensive,0.53,easy
Academic Articles,longer,0.01,easy
Academic Articles,problem,0.0,easy
Academic Articles,figure,0.02,easy
Academic Articles,advanced,0.32,easy
Academic Articles,warning,0.28,easy
Academic Articles,mission,0.19,easy
Academic Articles,concept,0.36,easy
Academic Articles,figure,0.02,easy
Academic Articles,constellation,0.79,hard
Academic Articles,earth,0.0,easy
Academic Articles,sun,0.09,easy
Academic Articles,give,0.0,easy
Academic Articles,double,0.05,easy
Academic Articles,lead,0.0,easy
Academic Articles,space,0.0,easy
Academic Articles,weather,0.14,easy
Academic Articles,source,0.05,easy
Academic Articles,future,0.0,easy
Academic Articles,space,0.0,easy
Academic Articles,weather,0.14,easy
Academic Articles,research,0.26,easy
Academic Articles,infrastructure,0.79,hard
Academic Articles,national,0.02,easy
Academic Articles,reserved,0.55,hard
Academic Articles,research,0.26,easy
Academic Articles,infrastructure,0.79,hard
Academic Articles,commercial,0.39,easy
Academic Articles,data,0.13,easy
Academic Articles,national,0.02,easy
Academic Articles,oceanic,0.73,hard
Academic Articles,atmospheric,0.78,hard
Academic Articles,administration,0.27,easy
Academic Articles,interested,0.24,easy
Academic Articles,could,0.0,easy
Academic Articles,commercial,0.39,easy
Academic Articles,data,0.13,easy
Academic Articles,acquisition,0.56,hard
Academic Articles,agreement,0.05,easy
Academic Articles,covering,0.58,hard
Academic Articles,period,0.01,easy
Academic Articles,instrument,0.17,easy
Academic Articles,data,0.13,easy
Academic Articles,presentation,0.59,hard
Academic Articles,solar,0.73,hard
Academic Articles,novel,0.18,easy
Academic Articles,plan,0.02,easy
Academic Articles,sufficient,0.53,easy
Academic Articles,budget,0.2,easy
Academic Articles,mission,0.19,easy
Academic Articles,approach,0.08,easy
Academic Articles,pro,0.6,hard
Academic Articles,research,0.26,easy
Academic Articles,act,0.0,easy
Academic Articles,without,0.0,easy
Academic Articles,affecting,0.72,hard
Academic Articles,community,0.1,easy
Academic Articles,forward,0.01,easy
Academic Articles,combining,0.73,hard
Academic Articles,scientific,0.57,hard
Academic Articles,space,0.0,easy
Academic Articles,weather,0.14,easy
Academic Articles,raised,0.25,easy
Academic Articles,science,0.04,easy
Academic Articles,community,0.1,easy
Academic Articles,mission,0.19,easy
Academic Articles,formulation,0.75,hard
Academic Articles,perspective,0.62,hard
Academic Articles,new,0.0,easy
Academic Articles,help,0.0,easy
Academic Articles,accounting,0.67,hard
Academic Articles,scientific,0.57,hard
Academic Articles,operational,0.71,hard
Academic Articles,need,0.0,easy
Academic Articles,similarly,0.74,hard
Academic Articles,framework,0.67,hard
Academic Articles,gaining,0.72,hard
Academic Articles,operational,0.71,hard
Academic Articles,mission,0.19,easy
Academic Articles,design,0.05,easy
Academic Articles,however,0.0,easy
Academic Articles,community,0.1,easy
Academic Articles,versus,0.69,hard
Academic Articles,space,0.0,easy
Academic Articles,weather,0.14,easy
Academic Articles,require,0.3,easy
Academic Articles,greater,0.1,easy
Academic Articles,architecture,0.74,hard
Academic Articles,science,0.04,easy
Academic Articles,mission,0.19,easy
Academic Articles,use,0.0,easy
Academic Articles,latency,0.76,hard
Academic Articles,key,0.0,easy
Academic Articles,science,0.04,easy
Academic Articles,data,0.13,easy
Academic Articles,standardization,0.78,hard
Academic Articles,user,0.23,easy
Academic Articles,data,0.13,easy
Academic Articles,access,0.26,easy
Academic Articles,standardization,0.78,hard
Academic Articles,graphical,0.77,hard
Academic Articles,user,0.23,easy
Academic Articles,mission,0.19,easy
Academic Articles,partnership,0.68,hard
Academic Articles,model,0.15,easy
Academic Articles,defense,0.12,easy
Academic Articles,model,0.15,easy
Academic Articles,agency,0.46,easy
Academic Articles,industry,0.03,easy
Academic Articles,mission,0.19,easy
Academic Articles,definition,0.67,hard
Academic Articles,example,0.0,easy
Academic Articles,ball,0.04,easy
Academic Articles,analysis,0.41,easy
Academic Articles,suite,0.6,hard
Academic Articles,mosaic,0.71,hard
Academic Articles,design,0.05,easy
Academic Articles,figure,0.02,easy
Academic Articles,figure,0.02,easy
Academic Articles,ball,0.04,easy
Academic Articles,mosaic,0.71,hard
Academic Articles,mission,0.19,easy
Academic Articles,analysis,0.41,easy
Academic Articles,suite,0.6,hard
Academic Articles,mission,0.19,easy
Academic Articles,design,0.05,easy
Academic Articles,mission,0.19,easy
Academic Articles,source,0.05,easy
Academic Articles,ball,0.04,easy
Academic Articles,future,0.0,easy
Academic Articles,space,0.0,easy
Academic Articles,weather,0.14,easy
Academic Articles,research,0.26,easy
Academic Articles,infrastructure,0.79,hard
Academic Articles,national,0.02,easy
Academic Articles,reserved,0.55,hard
Academic Articles,future,0.0,easy
Academic Articles,space,0.0,easy
Academic Articles,weather,0.14,easy
Academic Articles,research,0.26,easy
Academic Articles,infrastructure,0.79,hard
Academic Articles,following,0.03,easy
Academic Articles,commercial,0.39,easy
Academic Articles,minimal,0.71,hard
Academic Articles,oversight,0.73,hard
Academic Articles,reducing,0.68,hard
Academic Articles,mission,0.19,easy
Academic Articles,assurance,0.65,hard
Academic Articles,standard,0.12,easy
Academic Articles,key,0.0,easy
Academic Articles,architectural,0.8,hard
Academic Articles,area,0.01,easy
Academic Articles,commercial,0.39,easy
Academic Articles,dod,0.76,hard
Academic Articles,data,0.13,easy
Academic Articles,reduced,0.42,easy
Academic Articles,latency,0.76,hard
Academic Articles,new,0.0,easy
Academic Articles,infrastructure,0.79,hard
Academic Articles,weather,0.14,easy
Academic Articles,example,0.0,easy
Academic Articles,expanding,0.72,hard
Academic Articles,deep,0.0,easy
Academic Articles,space,0.0,easy
Academic Articles,network,0.38,easy
Academic Articles,increasing,0.45,easy
Academic Articles,launch,0.28,easy
Academic Articles,vehicle,0.55,hard
Academic Articles,planetary,0.69,hard
Academic Articles,science,0.04,easy
Academic Articles,effective,0.08,easy
Academic Articles,future,0.0,easy
Academic Articles,space,0.0,easy
Academic Articles,mission,0.19,easy
Academic Articles,figure,0.02,easy
Academic Articles,offer,0.01,easy
Academic Articles,new,0.0,easy
Academic Articles,space,0.0,easy
Academic Articles,weather,0.14,easy
Academic Articles,research,0.26,easy
Academic Articles,require,0.3,easy
Academic Articles,currently,0.54,easy
Academic Articles,designed,0.38,easy
Academic Articles,rather,0.0,easy
Academic Articles,large,0.0,easy
Academic Articles,constellation,0.79,hard
Academic Articles,could,0.0,easy
Academic Articles,deploy,0.75,hard
Academic Articles,time,0.0,easy
Academic Articles,allow,0.08,easy
Academic Articles,periodic,0.77,hard
Academic Articles,refreshment,0.77,hard
Academic Articles,lifetime,0.68,hard
Academic Articles,multiple,0.19,easy
Academic Articles,time,0.0,easy
Academic Articles,unit,0.09,easy
Academic Articles,sustainable,0.78,hard
Academic Articles,science,0.04,easy
Academic Articles,resiliency,0.77,hard
Academic Articles,cost,0.05,easy
Academic Articles,control,0.0,easy
Academic Articles,see,0.0,easy
Academic Articles,addition,0.05,easy
Academic Articles,architecture,0.74,hard
Academic Articles,formation,0.54,easy
Academic Articles,environment,0.61,hard
Academic Articles,figure,0.02,easy
Academic Articles,space,0.0,easy
Academic Articles,domain,0.54,easy
Academic Articles,awareness,0.67,hard
Academic Articles,layer,0.59,hard
Academic Articles,asset,0.71,hard
Academic Articles,provide,0.04,easy
Academic Articles,data,0.13,easy
Academic Articles,source,0.05,easy
Academic Articles,ball,0.04,easy
Academic Articles,future,0.0,easy
Academic Articles,space,0.0,easy
Academic Articles,weather,0.14,easy
Academic Articles,research,0.26,easy
Academic Articles,infrastructure,0.79,hard
Academic Articles,national,0.02,easy
Academic Articles,reserved,0.55,hard
Academic Articles,research,0.26,easy
Academic Articles,infrastructure,0.79,hard
Academic Articles,affect,0.49,easy
Academic Articles,space,0.0,easy
Academic Articles,traffic,0.44,easy
Academic Articles,management,0.37,easy
Academic Articles,unclear,0.69,hard
Academic Articles,exactly,0.08,easy
Academic Articles,mission,0.19,easy
Academic Articles,architecture,0.74,hard
Academic Articles,look,0.0,easy
Academic Articles,like,0.0,easy
Academic Articles,policy,0.04,easy
Academic Articles,early,0.0,easy
Academic Articles,finally,0.03,easy
Academic Articles,designing,0.73,hard
Academic Articles,constellation,0.79,hard
Academic Articles,need,0.0,easy
Academic Articles,space,0.0,easy
Academic Articles,traffic,0.44,easy
Academic Articles,management,0.37,easy
Academic Articles,need,0.0,easy
Academic Articles,artificial,0.69,hard
Academic Articles,intelligence,0.39,easy
Academic Articles,machine,0.06,easy
Academic Articles,learning,0.24,easy
Academic Articles,framework,0.67,hard
Academic Articles,technology,0.55,hard
Academic Articles,readiness,0.68,hard
Academic Articles,level,0.0,easy
Academic Articles,maturation,0.78,hard
Academic Articles,yet,0.0,easy
Academic Articles,well,0.0,easy
Academic Articles,understood,0.53,easy
Academic Articles,successful,0.2,easy
Academic Articles,constellation,0.79,hard
Academic Articles,new,0.0,easy
Academic Articles,observational,0.82,hard
Academic Articles,modeling,0.73,hard
Academic Articles,next,0.0,easy
Academic Articles,presentation,0.59,hard
Academic Articles,mission,0.19,easy
Academic Articles,space,0.0,easy
Academic Articles,weather,0.14,easy
Academic Articles,research,0.26,easy
Academic Articles,opera,0.55,hard
Academic Articles,berger,0.78,hard
Academic Articles,current,0.01,easy
Academic Articles,sun,0.09,easy
Academic Articles,limited,0.19,easy
Academic Articles,figure,0.02,easy
Academic Articles,inherently,0.79,hard
Academic Articles,space,0.0,easy
Academic Articles,weather,0.14,easy
Academic Articles,currently,0.54,easy
Academic Articles,solar,0.73,hard
Academic Articles,confined,0.67,hard
Academic Articles,line,0.0,easy
Academic Articles,even,0.0,easy
Academic Articles,full,0.0,easy
Academic Articles,rotation,0.72,hard
Academic Articles,map,0.2,easy
Academic Articles,given,0.0,easy
Academic Articles,time,0.0,easy
Academic Articles,evolution,0.7,hard
Academic Articles,spatial,0.74,hard
Academic Articles,information,0.03,easy
Academic Articles,view,0.0,easy
Academic Articles,ecliptic,0.76,hard
Academic Articles,plane,0.05,easy
Academic Articles,limited,0.19,easy
Academic Articles,solar,0.73,hard
Academic Articles,sur,0.75,hard
Academic Articles,given,0.0,easy
Academic Articles,synoptic,0.77,hard
Academic Articles,solar,0.73,hard
Academic Articles,flux,0.46,easy
Academic Articles,measured,0.53,easy
Academic Articles,total,0.02,easy
Academic Articles,solar,0.73,hard
Academic Articles,output,0.42,easy
Academic Articles,see,0.0,easy
Academic Articles,figure,0.02,easy
Academic Articles,full,0.0,easy
Academic Articles,modeling,0.73,hard
Academic Articles,process,0.01,easy
Academic Articles,delay,0.52,easy
Academic Articles,figure,0.02,easy
Academic Articles,current,0.01,easy
Academic Articles,limited,0.19,easy
Academic Articles,sun,0.09,easy
Academic Articles,vantage,0.73,hard
Academic Articles,ecliptic,0.76,hard
Academic Articles,time,0.0,easy
Academic Articles,polar,0.64,hard
Academic Articles,measured,0.53,easy
Academic Articles,well,0.0,easy
Academic Articles,solar,0.73,hard
Academic Articles,wind,0.05,easy
Academic Articles,routinely,0.78,hard
Academic Articles,multiply,0.7,hard
Academic Articles,synoptic,0.77,hard
Academic Articles,map,0.2,easy
Academic Articles,flux,0.46,easy
Academic Articles,match,0.04,easy
Academic Articles,measured,0.53,easy
Academic Articles,source,0.05,easy
Academic Articles,berger,0.78,hard
Academic Articles,boulder,0.75,hard
Academic Articles,future,0.0,easy
Academic Articles,space,0.0,easy
Academic Articles,weather,0.14,easy
Academic Articles,research,0.26,easy
Academic Articles,infrastructure,0.79,hard
Academic Articles,national,0.02,easy
Academic Articles,reserved,0.55,hard
Academic Articles,future,0.0,easy
Academic Articles,space,0.0,easy
Academic Articles,weather,0.14,easy
Academic Articles,research,0.26,easy
Academic Articles,furthermore,0.76,hard
Academic Articles,polar,0.64,hard
Academic Articles,input,0.25,easy
Academic Articles,poor,0.01,easy
Academic Articles,solar,0.73,hard
Academic Articles,wind,0.05,easy
Academic Articles,arrival,0.61,hard
Academic Articles,time,0.0,easy
Academic Articles,coronal,0.76,hard
Academic Articles,mass,0.1,easy
Academic Articles,solar,0.73,hard
Academic Articles,fast,0.03,easy
Academic Articles,wind,0.05,easy
Academic Articles,northern,0.62,hard
Academic Articles,polar,0.64,hard
Academic Articles,uncorrected,0.8,hard
Academic Articles,polar,0.64,hard
Academic Articles,field,0.0,easy
Academic Articles,extrapolation,0.81,hard
Academic Articles,mission,0.19,easy
Academic Articles,concept,0.36,easy
Academic Articles,figure,0.02,easy
Academic Articles,advance,0.14,easy
Academic Articles,space,0.0,easy
Academic Articles,weather,0.14,easy
Academic Articles,research,0.26,easy
Academic Articles,full,0.0,easy
Academic Articles,solar,0.73,hard
Academic Articles,coverage,0.69,hard
Academic Articles,time,0.0,easy
Academic Articles,mission,0.19,easy
Academic Articles,lifetime,0.68,hard
Academic Articles,architecture,0.74,hard
Academic Articles,ecliptic,0.76,hard
Academic Articles,plane,0.05,easy
Academic Articles,increase,0.01,easy
Academic Articles,coverage,0.69,hard
Academic Articles,along,0.0,easy
Academic Articles,line,0.0,easy
Academic Articles,overyear,0.76,hard
Academic Articles,mission,0.19,easy
Academic Articles,lifetime,0.68,hard
Academic Articles,orbital,0.74,hard
Academic Articles,inclination,0.66,hard
Academic Articles,least,0.0,easy
Academic Articles,greater,0.1,easy
Academic Articles,desired,0.59,hard
Academic Articles,without,0.0,easy
Academic Articles,instrument,0.17,easy
Academic Articles,redundancy,0.76,hard
Academic Articles,instrument,0.17,easy
Academic Articles,suite,0.6,hard
Academic Articles,remote,0.39,easy
Academic Articles,remote,0.39,easy
Academic Articles,spectral,0.73,hard
Academic Articles,irradiance,0.82,hard
Academic Articles,monitor,0.5,easy
Academic Articles,vector,0.67,hard
Academic Articles,ultraviolet,0.8,hard
Academic Articles,imager,0.78,hard
Academic Articles,coronagraph,0.82,hard
Academic Articles,include,0.12,easy
Academic Articles,sun,0.09,easy
Academic Articles,figure,0.02,easy
Academic Articles,polar,0.64,hard
Academic Articles,approximate,0.72,hard
Academic Articles,north,0.14,easy
Academic Articles,pole,0.33,easy
Academic Articles,fast,0.03,easy
Academic Articles,polar,0.64,hard
Academic Articles,field,0.0,easy
Academic Articles,extrapolation,0.81,hard
Academic Articles,source,0.05,easy
Academic Articles,berger,0.78,hard
Academic Articles,boulder,0.75,hard
Academic Articles,future,0.0,easy
Academic Articles,space,0.0,easy
Academic Articles,weather,0.14,easy
Academic Articles,research,0.26,easy
Academic Articles,infrastructure,0.79,hard
Academic Articles,national,0.02,easy
Academic Articles,reserved,0.55,hard
Academic Articles,research,0.26,easy
Academic Articles,wind,0.05,easy
Academic Articles,plasma,0.7,hard
Academic Articles,analyzer,0.81,hard
Academic Articles,faraday,0.78,hard
Academic Articles,cup,0.13,easy
Academic Articles,particle,0.71,hard
Academic Articles,suite,0.6,hard
Academic Articles,additional,0.42,easy
Academic Articles,capability,0.77,hard
Academic Articles,additional,0.42,easy
Academic Articles,example,0.0,easy
Academic Articles,global,0.65,hard
Academic Articles,generation,0.3,easy
Academic Articles,allow,0.08,easy
Academic Articles,solar,0.73,hard
Academic Articles,gravity,0.71,hard
Academic Articles,thus,0.1,easy
Academic Articles,probe,0.63,hard
Academic Articles,rotation,0.72,hard
Academic Articles,mission,0.19,easy
Academic Articles,concept,0.36,easy
Academic Articles,still,0.0,easy
Academic Articles,significant,0.42,easy
Academic Articles,technological,0.77,hard
Academic Articles,per,0.0,easy
Academic Articles,real,0.0,easy
Academic Articles,time,0.0,easy
Academic Articles,optical,0.71,hard
Academic Articles,associated,0.64,hard
Academic Articles,deep,0.0,easy
Academic Articles,space,0.0,easy
Academic Articles,optical,0.71,hard
Academic Articles,single,0.01,easy
Academic Articles,launch,0.28,easy
Academic Articles,support,0.0,easy
Academic Articles,north,0.14,easy
Academic Articles,south,0.12,easy
Academic Articles,polar,0.64,hard
Academic Articles,lightweight,0.61,hard
Academic Articles,gravity,0.71,hard
Academic Articles,well,0.0,easy
Academic Articles,autonomous,0.78,hard
Academic Articles,data,0.13,easy
Academic Articles,accurate,0.64,hard
Academic Articles,timing,0.65,hard
Academic Articles,across,0.0,easy
Academic Articles,constellation,0.79,hard
Academic Articles,mission,0.19,easy
Academic Articles,complexity,0.6,hard
Academic Articles,overall,0.37,easy
Academic Articles,artificial,0.69,hard
Academic Articles,intelligence,0.39,easy
Academic Articles,autonomy,0.76,hard
Academic Articles,presentation,0.59,hard
Academic Articles,sep,-1.0,easy
Academic Articles,nature,0.05,easy
Academic Articles,solar,0.73,hard
Academic Articles,wind,0.05,easy
Academic Articles,observational,0.82,hard
Academic Articles,interplanetary,0.83,hard
Academic Articles,coronal,0.76,hard
Academic Articles,mass,0.1,easy
Academic Articles,bulk,0.56,hard
Academic Articles,solar,0.73,hard
Academic Articles,wind,0.05,easy
Academic Articles,limit,0.15,easy
Academic Articles,space,0.0,easy
Academic Articles,weather,0.14,easy
Academic Articles,forecast,0.57,hard
Academic Articles,capability,0.77,hard
Academic Articles,key,0.0,easy
Academic Articles,duration,0.7,hard
Academic Articles,key,0.0,easy
Academic Articles,include,0.12,easy
Academic Articles,structure,0.09,easy
Academic Articles,extent,0.3,easy
Academic Articles,magnetic,0.65,hard
Academic Articles,topology,0.74,hard
Academic Articles,duration,0.7,hard
Academic Articles,plasma,0.7,hard
Academic Articles,magnetic,0.65,hard
Academic Articles,wind,0.05,easy
Academic Articles,stream,0.37,easy
Academic Articles,interaction,0.69,hard
Academic Articles,figure,0.02,easy
Academic Articles,mission,0.19,easy
Academic Articles,concept,0.36,easy
Academic Articles,critical,0.41,easy
Academic Articles,missing,0.05,easy
Academic Articles,weather,0.14,easy
Academic Articles,source,0.05,easy
Academic Articles,berger,0.78,hard
Academic Articles,boulder,0.75,hard
Academic Articles,solar,0.73,hard
Academic Articles,polar,0.64,hard
Academic Articles,constellation,0.79,hard
Academic Articles,high,0.0,easy
Academic Articles,inclination,0.66,hard
Academic Articles,polar,0.64,hard
Academic Articles,orbit,0.63,hard
Academic Articles,solar,0.73,hard
Academic Articles,quadrature,0.79,hard
Academic Articles,constellation,0.79,hard
Academic Articles,ecliptic,0.76,hard
Academic Articles,mission,0.19,easy
Academic Articles,future,0.0,easy
Academic Articles,space,0.0,easy
Academic Articles,weather,0.14,easy
Academic Articles,research,0.26,easy
Academic Articles,infrastructure,0.79,hard
Academic Articles,national,0.02,easy
Academic Articles,reserved,0.55,hard
Academic Articles,future,0.0,easy
Academic Articles,space,0.0,easy
Academic Articles,weather,0.14,easy
Academic Articles,research,0.26,easy
Academic Articles,infrastructure,0.79,hard
Academic Articles,interaction,0.69,hard
Academic Articles,key,0.0,easy
Academic Articles,open,0.0,easy
Academic Articles,include,0.12,easy
Academic Articles,travel,0.27,easy
Academic Articles,previous,0.08,easy
Academic Articles,prior,0.4,easy
Academic Articles,solar,0.73,hard
Academic Articles,wind,0.05,easy
Academic Articles,expand,0.4,easy
Academic Articles,solar,0.73,hard
Academic Articles,cycle,0.47,easy
Academic Articles,phase,0.42,easy
Academic Articles,require,0.3,easy
Academic Articles,phenomenon,0.69,hard
Academic Articles,significant,0.42,easy
Academic Articles,current,0.01,easy
Academic Articles,remote,0.39,easy
Academic Articles,enhanced,0.7,hard
Academic Articles,modeling,0.73,hard
Academic Articles,remote,0.39,easy
Academic Articles,point,0.0,easy
Academic Articles,current,0.01,easy
Academic Articles,instrumentation,0.78,hard
Academic Articles,currently,0.54,easy
Academic Articles,operative,0.69,hard
Academic Articles,capture,0.43,easy
Academic Articles,high,0.0,easy
Academic Articles,solar,0.73,hard
Academic Articles,wind,0.05,easy
Academic Articles,record,0.02,easy
Academic Articles,solar,0.73,hard
Academic Articles,wind,0.05,easy
Academic Articles,heavy,0.01,easy
Academic Articles,ion,0.73,hard
Academic Articles,composition,0.59,hard
Academic Articles,shown,0.04,easy
Academic Articles,different,0.0,easy
Academic Articles,solar,0.73,hard
Academic Articles,wind,0.05,easy
Academic Articles,ion,0.73,hard
Academic Articles,composition,0.59,hard
Academic Articles,adversely,0.78,hard
Academic Articles,weather,0.14,easy
Academic Articles,heavy,0.01,easy
Academic Articles,ion,0.73,hard
Academic Articles,composition,0.59,hard
Academic Articles,significant,0.42,easy
Academic Articles,plasma,0.7,hard
Academic Articles,internal,0.45,easy
Academic Articles,straining,0.71,hard
Academic Articles,initiation,0.75,hard
Academic Articles,heating,0.69,hard
Academic Articles,release,0.03,easy
Academic Articles,propagation,0.77,hard
Academic Articles,total,0.02,easy
Academic Articles,mass,0.1,easy
Academic Articles,space,0.0,easy
Academic Articles,weather,0.14,easy
Academic Articles,event,0.05,easy
Academic Articles,incorporated,0.77,hard
Academic Articles,validation,0.79,hard
Academic Articles,data,0.13,easy
Academic Articles,still,0.0,easy
Academic Articles,available,0.03,easy
Academic Articles,key,0.0,easy
Academic Articles,discriminating,0.8,hard
Academic Articles,marker,0.71,hard
Academic Articles,machine,0.06,easy
Academic Articles,predict,0.69,hard
Academic Articles,thus,0.1,easy
Academic Articles,improve,0.45,easy
Academic Articles,effectiveness,0.71,hard
Academic Articles,figure,0.02,easy
Academic Articles,finding,0.4,easy
Academic Articles,interplanetary,0.83,hard
Academic Articles,coronal,0.76,hard
Academic Articles,mass,0.1,easy
Academic Articles,note,0.01,easy
Academic Articles,solar,0.73,hard
Academic Articles,energetic,0.72,hard
Academic Articles,particle,0.71,hard
Academic Articles,image,0.01,easy
Academic Articles,particle,0.71,hard
Academic Articles,mass,0.1,easy
Academic Articles,interplanetary,0.83,hard
Academic Articles,bow,0.37,easy
Academic Articles,shock,0.07,easy
Academic Articles,geophysical,0.81,hard
Academic Articles,union,0.16,easy
Academic Articles,future,0.0,easy
Academic Articles,space,0.0,easy
Academic Articles,weather,0.14,easy
Academic Articles,research,0.26,easy
Academic Articles,infrastructure,0.79,hard
Academic Articles,national,0.02,easy
Academic Articles,reserved,0.55,hard
Academic Articles,research,0.26,easy
Academic Articles,infrastructure,0.79,hard
Academic Articles,leading,0.2,easy
Academic Articles,provide,0.04,easy
Academic Articles,depend,0.55,hard
Academic Articles,seed,0.14,easy
Academic Articles,population,0.26,easy
Academic Articles,solar,0.73,hard
Academic Articles,energetic,0.72,hard
Academic Articles,sep,-1.0,easy
Academic Articles,forecasting,0.77,hard
Academic Articles,metric,0.69,hard
Academic Articles,however,0.0,easy
Academic Articles,less,0.0,easy
Academic Articles,abundant,0.72,hard
Academic Articles,solar,0.73,hard
Academic Articles,wind,0.05,easy
Academic Articles,many,0.0,easy
Academic Articles,current,0.01,easy
Academic Articles,particle,0.71,hard
Academic Articles,lack,0.11,easy
Academic Articles,dynamic,0.62,hard
Academic Articles,many,0.0,easy
Academic Articles,component,0.65,hard
Academic Articles,composition,0.59,hard
Academic Articles,structural,0.62,hard
Academic Articles,longer,0.01,easy
Academic Articles,integration,0.65,hard
Academic Articles,ultimately,0.49,easy
Academic Articles,heavy,0.01,easy
Academic Articles,ion,0.73,hard
Academic Articles,enhance,0.69,hard
Academic Articles,predictive,0.78,hard
Academic Articles,capability,0.77,hard
Academic Articles,understand,0.03,easy
Academic Articles,background,0.04,easy
Academic Articles,solar,0.73,hard
Academic Articles,wind,0.05,easy
Academic Articles,wind,0.05,easy
Academic Articles,param,0.75,hard
Academic Articles,mission,0.19,easy
Academic Articles,include,0.12,easy
Academic Articles,distributed,0.71,hard
Academic Articles,line,0.0,easy
Academic Articles,plasma,0.7,hard
Academic Articles,energetic,0.72,hard
Academic Articles,particle,0.71,hard
Academic Articles,composition,0.59,hard
Academic Articles,ranging,0.65,hard
Academic Articles,flow,0.22,easy
Academic Articles,spatial,0.74,hard
Academic Articles,network,0.38,easy
Academic Articles,could,0.0,easy
Academic Articles,include,0.12,easy
Academic Articles,complementary,0.77,hard
Academic Articles,across,0.0,easy
Academic Articles,remote,0.39,easy
Academic Articles,getting,0.0,easy
Academic Articles,long,0.0,easy
Academic Articles,data,0.13,easy
Academic Articles,series,0.01,easy
Academic Articles,enhanced,0.7,hard
Academic Articles,capability,0.77,hard
Academic Articles,require,0.3,easy
Academic Articles,significant,0.42,easy
Academic Articles,new,0.0,easy
Academic Articles,proton,0.76,hard
Academic Articles,electron,0.71,hard
Academic Articles,heavy,0.01,easy
Academic Articles,ion,0.73,hard
Academic Articles,composition,0.59,hard
Academic Articles,sep,-1.0,easy
Academic Articles,magnetic,0.65,hard
Academic Articles,field,0.0,easy
Academic Articles,require,0.3,easy
Academic Articles,telemetry,0.76,hard
Academic Articles,data,0.13,easy
Academic Articles,capability,0.77,hard
Academic Articles,need,0.0,easy
Academic Articles,novel,0.18,easy
Academic Articles,used,0.0,easy
Academic Articles,particle,0.71,hard
Academic Articles,faced,0.47,easy
Academic Articles,increasing,0.45,easy
Academic Articles,instrument,0.17,easy
Academic Articles,require,0.3,easy
Academic Articles,higher,0.11,easy
Academic Articles,resolution,0.32,easy
Academic Articles,extending,0.73,hard
Academic Articles,mass,0.1,easy
Academic Articles,measurement,0.72,hard
Academic Articles,typically,0.74,hard
Academic Articles,necessary,0.01,easy
Academic Articles,instrument,0.17,easy
Academic Articles,needing,0.73,hard
Academic Articles,power,0.0,easy
Academic Articles,supply,0.24,easy
Academic Articles,mission,0.19,easy
Academic Articles,architecture,0.74,hard
Academic Articles,design,0.05,easy
Academic Articles,must,0.0,easy
Academic Articles,simpler,0.73,hard
Academic Articles,complex,0.02,easy
Academic Articles,capable,0.41,easy
Academic Articles,next,0.0,easy
Academic Articles,presentation,0.59,hard
Academic Articles,novel,0.18,easy
Academic Articles,gap,0.57,hard
Academic Articles,analysis,0.41,easy
Academic Articles,starting,0.23,easy
Academic Articles,associated,0.64,hard
Academic Articles,energetic,0.72,hard
Academic Articles,presentation,0.59,hard
Academic Articles,transient,0.71,hard
Academic Articles,evolve,0.66,hard
Academic Articles,time,0.0,easy
Academic Articles,key,0.0,easy
Academic Articles,measurement,0.72,hard
Academic Articles,scale,0.05,easy
Academic Articles,observing,0.75,hard
Academic Articles,higher,0.11,easy
Academic Articles,temporal,0.69,hard
Academic Articles,resolution,0.32,easy
Academic Articles,point,0.0,easy
Academic Articles,coverage,0.69,hard
Academic Articles,spatial,0.74,hard
Academic Articles,time,0.0,easy
Academic Articles,approach,0.08,easy
Academic Articles,coverage,0.69,hard
Academic Articles,berger,0.78,hard
Academic Articles,presentation,0.59,hard
Academic Articles,figure,0.02,easy
Academic Articles,strategic,0.69,hard
Academic Articles,plan,0.02,easy
Academic Articles,systematic,0.75,hard
Academic Articles,approach,0.08,easy
Academic Articles,gap,0.57,hard
Academic Articles,analysis,0.41,easy
Academic Articles,report,0.06,easy
Academic Articles,key,0.0,easy
Academic Articles,new,0.0,easy
Academic Articles,architecture,0.74,hard
Academic Articles,rather,0.0,easy
Academic Articles,monolithic,0.77,hard
Academic Articles,quadrature,0.79,hard
Academic Articles,four,0.0,easy
Academic Articles,rather,0.0,easy
Academic Articles,currently,0.54,easy
Academic Articles,used,0.0,easy
Academic Articles,single,0.01,easy
Academic Articles,carry,0.01,easy
Academic Articles,smaller,0.43,easy
Academic Articles,figure,0.02,easy
Academic Articles,novel,0.18,easy
Academic Articles,could,0.0,easy
Academic Articles,address,0.01,easy
Academic Articles,sampling,0.67,hard
Academic Articles,particularly,0.09,easy
Academic Articles,see,0.0,easy
Academic Articles,berger,0.78,hard
Academic Articles,presentation,0.59,hard
Academic Articles,future,0.0,easy
Academic Articles,space,0.0,easy
Academic Articles,weather,0.14,easy
Academic Articles,research,0.26,easy
Academic Articles,infrastructure,0.79,hard
Academic Articles,national,0.02,easy
Academic Articles,reserved,0.55,hard
Academic Articles,future,0.0,easy
Academic Articles,space,0.0,easy
Academic Articles,weather,0.14,easy
Academic Articles,research,0.26,easy
Academic Articles,infrastructure,0.79,hard
Academic Articles,figure,0.02,easy
Academic Articles,observational,0.82,hard
Academic Articles,note,0.01,easy
Academic Articles,university,0.52,easy
Academic Articles,applied,0.43,easy
Academic Articles,physic,0.74,hard
Academic Articles,laboratory,0.76,hard
Academic Articles,spoke,0.41,easy
Academic Articles,bridge,0.06,easy
Academic Articles,major,0.0,easy
Academic Articles,gap,0.57,hard
Academic Articles,solar,0.73,hard
Academic Articles,gap,0.57,hard
Academic Articles,solar,0.73,hard
Academic Articles,care,0.0,easy
Academic Articles,architecture,0.74,hard
Academic Articles,provide,0.04,easy
Academic Articles,wind,0.05,easy
Academic Articles,line,0.0,easy
Academic Articles,address,0.01,easy
Academic Articles,transient,0.71,hard
Academic Articles,scale,0.05,easy
Academic Articles,problem,0.0,easy
Academic Articles,important,0.0,easy
Academic Articles,space,0.0,easy
Academic Articles,weather,0.14,easy
Academic Articles,finally,0.03,easy
Academic Articles,user,0.23,easy
Academic Articles,today,0.0,easy
Academic Articles,sufficiently,0.71,hard
Academic Articles,well,0.0,easy
Academic Articles,measurement,0.72,hard
Academic Articles,architecture,0.74,hard
Academic Articles,strategy,0.69,hard
Academic Articles,require,0.3,easy
Academic Articles,research,0.26,easy
Academic Articles,system,0.0,easy
Academic Articles,observing,0.75,hard
Academic Articles,system,0.0,easy
Academic Articles,simulation,0.76,hard
Academic Articles,effective,0.08,easy
Academic Articles,measurement,0.72,hard
Academic Articles,likely,0.06,easy
Academic Articles,new,0.0,easy
Academic Articles,interactive,0.78,hard
Academic Articles,panel,0.37,easy
Academic Articles,discussion,0.2,easy
Academic Articles,finished,0.28,easy
Academic Articles,took,0.0,easy
Academic Articles,discussion,0.2,easy
Academic Articles,audience,0.0,easy
Academic Articles,major,0.0,easy
Academic Articles,need,0.0,easy
Academic Articles,complete,0.0,easy
Academic Articles,comprehensive,0.73,hard
Academic Articles,time,0.0,easy
Academic Articles,energy,0.17,easy
Academic Articles,measure,0.06,easy
Academic Articles,large,0.0,easy
Academic Articles,dynamic,0.62,hard
Academic Articles,range,0.02,easy
Academic Articles,new,0.0,easy
Academic Articles,data,0.13,easy
Academic Articles,produced,0.28,easy
Academic Articles,pro,0.6,hard
Academic Articles,data,0.13,easy
Academic Articles,autonomy,0.76,hard
Academic Articles,data,0.13,easy
Academic Articles,theme,0.01,easy
Academic Articles,need,0.0,easy
Academic Articles,key,0.0,easy
Academic Articles,real,0.0,easy
Academic Articles,future,0.0,easy
Academic Articles,space,0.0,easy
Academic Articles,weather,0.14,easy
Academic Articles,research,0.26,easy
Academic Articles,infrastructure,0.79,hard
Academic Articles,national,0.02,easy
Academic Articles,reserved,0.55,hard
Academic Articles,research,0.26,easy
Academic Articles,infrastructure,0.79,hard
Academic Articles,panel,0.37,easy
Academic Articles,explicitly,0.78,hard
Academic Articles,address,0.01,easy
Academic Articles,outlined,0.74,hard
Academic Articles,new,0.0,easy
Academic Articles,building,0.02,easy
Academic Articles,delivery,0.51,easy
Academic Articles,could,0.0,easy
Academic Articles,support,0.0,easy
Academic Articles,mission,0.19,easy
Academic Articles,data,0.13,easy
Academic Articles,viable,0.73,hard
Academic Articles,traditional,0.48,easy
Academic Articles,data,0.13,easy
Academic Articles,collection,0.42,easy
Academic Articles,discussion,0.2,easy
Academic Articles,data,0.13,easy
Academic Articles,provision,0.5,easy
Academic Articles,main,0.01,easy
Academic Articles,made,0.0,easy
Academic Articles,first,0.0,easy
Academic Articles,industry,0.03,easy
Academic Articles,risk,0.33,easy
Academic Articles,data,0.13,easy
Academic Articles,production,0.01,easy
Academic Articles,organization,0.15,easy
Academic Articles,data,0.13,easy
Academic Articles,science,0.04,easy
Academic Articles,second,0.0,easy
Academic Articles,follow,0.02,easy
Academic Articles,different,0.0,easy
Academic Articles,procurement,0.75,hard
Academic Articles,implementation,0.79,hard
Academic Articles,industry,0.03,easy
Academic Articles,lower,0.14,easy
Academic Articles,standard,0.12,easy
Academic Articles,proven,0.65,hard
Academic Articles,unnecessary,0.66,hard
Academic Articles,documentation,0.78,hard
Academic Articles,risk,0.33,easy
Academic Articles,require,0.3,easy
Academic Articles,current,0.01,easy
Academic Articles,procurement,0.75,hard
Academic Articles,process,0.01,easy
Academic Articles,finally,0.03,easy
Academic Articles,mission,0.19,easy
Academic Articles,class,0.01,easy
Academic Articles,system,0.0,easy
Academic Articles,limit,0.15,easy
Academic Articles,flexibility,0.76,hard
Academic Articles,especially,0.02,easy
Academic Articles,measurement,0.72,hard
Academic Articles,solution,0.5,easy
Academic Articles,address,0.01,easy
Academic Articles,profile,0.11,easy
Academic Articles,allow,0.08,easy
Academic Articles,science,0.04,easy
Academic Articles,operational,0.71,hard
Academic Articles,data,0.13,easy
Academic Articles,collection,0.42,easy
Academic Articles,heterogeneous,0.79,hard
Academic Articles,operational,0.71,hard
Academic Articles,prime,0.28,easy
Academic Articles,science,0.04,easy
Academic Articles,significant,0.42,easy
Academic Articles,measurement,0.72,hard
Academic Articles,require,0.3,easy
Academic Articles,however,0.0,easy
Academic Articles,figure,0.02,easy
Academic Articles,true,0.0,easy
Academic Articles,weather,0.14,easy
Academic Articles,forecasting,0.77,hard
Academic Articles,capability,0.77,hard
Academic Articles,source,0.05,easy
Academic Articles,university,0.52,easy
Academic Articles,applied,0.43,easy
Academic Articles,physic,0.74,hard
Academic Articles,laboratory,0.76,hard
Academic Articles,future,0.0,easy
Academic Articles,space,0.0,easy
Academic Articles,weather,0.14,easy
Academic Articles,research,0.26,easy
Academic Articles,infrastructure,0.79,hard
Academic Articles,national,0.02,easy
Academic Articles,reserved,0.55,hard
Academic Articles,future,0.0,easy
Academic Articles,space,0.0,easy
Academic Articles,weather,0.14,easy
Academic Articles,research,0.26,easy
Academic Articles,infrastructure,0.79,hard
Academic Articles,raised,0.25,easy
Academic Articles,broad,0.24,easy
Academic Articles,industry,0.03,easy
Academic Articles,involvement,0.65,hard
Academic Articles,roi,0.75,hard
Academic Articles,careful,0.44,easy
Academic Articles,commercial,0.39,easy
Academic Articles,data,0.13,easy
Academic Articles,production,0.01,easy
Academic Articles,ended,0.27,easy
Academic Articles,cycle,0.47,easy
Academic Articles,mission,0.19,easy
Academic Articles,furthermore,0.76,hard
Academic Articles,constellation,0.79,hard
Academic Articles,size,0.0,easy
Academic Articles,affect,0.49,easy
Academic Articles,science,0.04,easy
Academic Articles,closure,0.6,hard
Academic Articles,operational,0.71,hard
Academic Articles,panel,0.37,easy
Academic Articles,generally,0.24,easy
Academic Articles,agreed,0.29,easy
Academic Articles,however,0.0,easy
Academic Articles,new,0.0,easy
Academic Articles,need,0.0,easy
Academic Articles,space,0.0,easy
Academic Articles,finally,0.03,easy
Academic Articles,panel,0.37,easy
Academic Articles,discussion,0.2,easy
Academic Articles,continued,0.3,easy
Academic Articles,previous,0.08,easy
Academic Articles,need,0.0,easy
Academic Articles,new,0.0,easy
Academic Articles,novel,0.18,easy
Academic Articles,general,0.0,easy
Academic Articles,agreement,0.05,easy
Academic Articles,new,0.0,easy
Academic Articles,university,0.52,easy
Academic Articles,setting,0.13,easy
Academic Articles,innovation,0.76,hard
Academic Articles,development,0.01,easy
Academic Articles,student,0.16,easy
Academic Articles,involvement,0.65,hard
Academic Articles,ionosphere,0.76,hard
Academic Articles,new,0.0,easy
Academic Articles,panel,0.37,easy
Academic Articles,member,0.12,easy
Academic Articles,dan,0.69,hard
Academic Articles,baker,0.68,hard
Academic Articles,haystack,0.74,hard
Academic Articles,observatory,0.82,hard
Academic Articles,applied,0.43,easy
Academic Articles,physic,0.74,hard
Academic Articles,university,0.52,easy
Academic Articles,college,0.08,easy
Academic Articles,key,0.0,easy
Academic Articles,new,0.0,easy
Academic Articles,solar,0.73,hard
Academic Articles,helio,0.78,hard
Academic Articles,physic,0.74,hard
Academic Articles,panel,0.37,easy
Academic Articles,panel,0.37,easy
Academic Articles,first,0.0,easy
Academic Articles,capability,0.77,hard
Academic Articles,enhance,0.69,hard
Academic Articles,influence,0.13,easy
Academic Articles,new,0.0,easy
Academic Articles,specific,0.22,easy
Academic Articles,panel,0.37,easy
Academic Articles,included,0.35,easy
Academic Articles,nontraditional,0.83,hard
Academic Articles,data,0.13,easy
Academic Articles,commercial,0.39,easy
Academic Articles,data,0.13,easy
Academic Articles,acquisition,0.56,hard
Academic Articles,data,0.13,easy
Academic Articles,fusion,0.62,hard
Academic Articles,heterogeneous,0.79,hard
Academic Articles,distributed,0.71,hard
Academic Articles,weather,0.14,easy
Academic Articles,situational,0.84,hard
Academic Articles,earth,0.0,easy
Academic Articles,orbit,0.63,hard
Academic Articles,infrastructure,0.79,hard
Academic Articles,data,0.13,easy
Academic Articles,new,0.0,easy
Academic Articles,presentation,0.59,hard
Academic Articles,titled,0.69,hard
Academic Articles,usable,0.71,hard
Academic Articles,space,0.0,easy
Academic Articles,weather,0.14,easy
Academic Articles,instrument,0.17,easy
Academic Articles,infrastructure,0.79,hard
Academic Articles,consider,0.12,easy
Academic Articles,involved,0.06,easy
Academic Articles,usable,0.71,hard
Academic Articles,space,0.0,easy
Academic Articles,weather,0.14,easy
Academic Articles,data,0.13,easy
Academic Articles,example,0.0,easy
Academic Articles,incoherent,0.75,hard
Academic Articles,scatter,0.63,hard
Academic Articles,incoherent,0.75,hard
Academic Articles,scatter,0.63,hard
Academic Articles,radar,0.67,hard
Academic Articles,designed,0.38,easy
Academic Articles,many,0.0,easy
Academic Articles,data,0.13,easy
Academic Articles,space,0.0,easy
Academic Articles,weather,0.14,easy
Academic Articles,feed,0.17,easy
Academic Articles,research,0.26,easy
Academic Articles,space,0.0,easy
Academic Articles,weather,0.14,easy
Academic Articles,need,0.0,easy
Academic Articles,ideally,0.77,hard
Academic Articles,research,0.26,easy
Academic Articles,produce,0.07,easy
Academic Articles,space,0.0,easy
Academic Articles,weather,0.14,easy
Academic Articles,instrument,0.17,easy
Academic Articles,keep,0.0,easy
Academic Articles,multiple,0.19,easy
Academic Articles,analysis,0.41,easy
Academic Articles,operation,0.07,easy
Academic Articles,flexibility,0.76,hard
Academic Articles,reliability,0.85,hard
Academic Articles,example,0.0,easy
Academic Articles,space,0.0,easy
Academic Articles,weather,0.14,easy
Academic Articles,basic,0.09,easy
Academic Articles,level,0.0,easy
Academic Articles,various,0.06,easy
Academic Articles,derived,0.63,hard
Academic Articles,data,0.13,easy
Academic Articles,operational,0.71,hard
Academic Articles,space,0.0,easy
Academic Articles,weather,0.14,easy
Academic Articles,need,0.0,easy
Academic Articles,measurement,0.72,hard
Academic Articles,fidelity,0.71,hard
Academic Articles,future,0.0,easy
Academic Articles,space,0.0,easy
Academic Articles,weather,0.14,easy
Academic Articles,research,0.26,easy
Academic Articles,infrastructure,0.79,hard
Academic Articles,national,0.02,easy
Academic Articles,reserved,0.55,hard
Academic Articles,research,0.26,easy
Academic Articles,purpose,0.01,easy
Academic Articles,future,0.0,easy
Academic Articles,use,0.0,easy
Academic Articles,tec,0.74,hard
Academic Articles,mango,0.74,hard
Academic Articles,figure,0.02,easy
Academic Articles,net,0.01,easy
Academic Articles,worked,0.17,easy
Academic Articles,data,0.13,easy
Academic Articles,collected,0.64,hard
Academic Articles,another,0.0,easy
Academic Articles,purpose,0.01,easy
Academic Articles,however,0.0,easy
Academic Articles,pointed,0.49,easy
Academic Articles,future,0.0,easy
Academic Articles,data,0.13,easy
Academic Articles,might,0.0,easy
Academic Articles,might,0.0,easy
Academic Articles,weather,0.14,easy
Academic Articles,require,0.3,easy
Academic Articles,operational,0.71,hard
Academic Articles,space,0.0,easy
Academic Articles,weather,0.14,easy
Academic Articles,measurement,0.72,hard
Academic Articles,characterize,0.77,hard
Academic Articles,optimal,0.73,hard
Academic Articles,instrument,0.17,easy
Academic Articles,placement,0.65,hard
Academic Articles,performance,0.0,easy
Academic Articles,use,0.0,easy
Academic Articles,thus,0.1,easy
Academic Articles,network,0.38,easy
Academic Articles,full,0.0,easy
Academic Articles,data,0.13,easy
Academic Articles,require,0.3,easy
Academic Articles,data,0.13,easy
Academic Articles,assimilation,0.75,hard
Academic Articles,global,0.65,hard
Academic Articles,total,0.02,easy
Academic Articles,electron,0.71,hard
Academic Articles,content,0.1,easy
Academic Articles,tec,0.74,hard
Academic Articles,data,0.13,easy
Academic Articles,derived,0.63,hard
Academic Articles,data,0.13,easy
Academic Articles,global,0.65,hard
Academic Articles,navigation,0.61,hard
Academic Articles,satellite,0.65,hard
Academic Articles,system,0.0,easy
Academic Articles,figure,0.02,easy
Academic Articles,midlatitude,0.82,hard
Academic Articles,network,0.38,easy
Academic Articles,mango,0.74,hard
Academic Articles,architecture,0.74,hard
Academic Articles,aurora,0.77,hard
Academic Articles,haystack,0.74,hard
Academic Articles,observatory,0.82,hard
Academic Articles,mango,0.74,hard
Academic Articles,project,0.07,easy
Academic Articles,team,0.09,easy
Academic Articles,sri,0.76,hard
Academic Articles,international,0.26,easy
Academic Articles,used,0.0,easy
Academic Articles,future,0.0,easy
Academic Articles,space,0.0,easy
Academic Articles,weather,0.14,easy
Academic Articles,research,0.26,easy
Academic Articles,infrastructure,0.79,hard
Academic Articles,national,0.02,easy
Academic Articles,reserved,0.55,hard
Academic Articles,future,0.0,easy
Academic Articles,space,0.0,easy
Academic Articles,weather,0.14,easy
Academic Articles,research,0.26,easy
Academic Articles,infrastructure,0.79,hard
Academic Articles,finally,0.03,easy
Academic Articles,nontraditional,0.83,hard
Academic Articles,data,0.13,easy
Academic Articles,amateur,0.68,hard
Academic Articles,radio,0.22,easy
Academic Articles,community,0.1,easy
Academic Articles,provide,0.04,easy
Academic Articles,potentially,0.74,hard
Academic Articles,useful,0.52,easy
Academic Articles,unique,0.33,easy
Academic Articles,spatiotemporal,0.8,hard
Academic Articles,sampling,0.67,hard
Academic Articles,however,0.0,easy
Academic Articles,data,0.13,easy
Academic Articles,availability,0.77,hard
Academic Articles,different,0.0,easy
Academic Articles,end,0.0,easy
Academic Articles,limit,0.15,easy
Academic Articles,data,0.13,easy
Academic Articles,analysis,0.41,easy
Academic Articles,scientific,0.57,hard
Academic Articles,accommodating,0.81,hard
Academic Articles,opera,0.55,hard
Academic Articles,space,0.0,easy
Academic Articles,weather,0.14,easy
Academic Articles,whose,0.0,easy
Academic Articles,need,0.0,easy
Academic Articles,production,0.01,easy
Academic Articles,development,0.01,easy
Academic Articles,arise,0.48,easy
Academic Articles,stand,0.0,easy
Academic Articles,space,0.0,easy
Academic Articles,weather,0.14,easy
Academic Articles,understanding,0.27,easy
Academic Articles,presentation,0.59,hard
Academic Articles,operating,0.46,easy
Academic Articles,architecture,0.74,hard
Academic Articles,ionosphere,0.76,hard
Academic Articles,science,0.04,easy
Academic Articles,data,0.13,easy
Academic Articles,ground,0.01,easy
Academic Articles,instrument,0.17,easy
Academic Articles,industry,0.03,easy
Academic Articles,figure,0.02,easy
Academic Articles,require,0.3,easy
Academic Articles,new,0.0,easy
Academic Articles,calibration,0.8,hard
Academic Articles,vali,0.76,hard
Academic Articles,dation,0.78,hard
Academic Articles,verification,0.81,hard
Academic Articles,full,0.0,easy
Academic Articles,distributed,0.71,hard
Academic Articles,mission,0.19,easy
Academic Articles,design,0.05,easy
Academic Articles,start,0.0,easy
Academic Articles,especially,0.02,easy
Academic Articles,considering,0.49,easy
Academic Articles,data,0.13,easy
Academic Articles,assimilation,0.75,hard
Academic Articles,full,0.0,easy
Academic Articles,figure,0.02,easy
Academic Articles,heterogeneous,0.79,hard
Academic Articles,data,0.13,easy
Academic Articles,observational,0.82,hard
Academic Articles,base,0.01,easy
Academic Articles,architecture,0.74,hard
Academic Articles,source,0.05,easy
Academic Articles,boulder,0.75,hard
Academic Articles,future,0.0,easy
Academic Articles,space,0.0,easy
Academic Articles,weather,0.14,easy
Academic Articles,research,0.26,easy
Academic Articles,infrastructure,0.79,hard
Academic Articles,national,0.02,easy
Academic Articles,reserved,0.55,hard
Academic Articles,research,0.26,easy
Academic Articles,infrastructure,0.79,hard
Academic Articles,noted,0.39,easy
Academic Articles,need,0.0,easy
Academic Articles,agency,0.46,easy
Academic Articles,instrument,0.17,easy
Academic Articles,data,0.13,easy
Academic Articles,taking,0.02,easy
Academic Articles,glamorous,0.73,hard
Academic Articles,successful,0.2,easy
Academic Articles,presentation,0.59,hard
Academic Articles,radiation,0.47,easy
Academic Articles,belt,0.44,easy
Academic Articles,environment,0.61,hard
Academic Articles,infrastructure,0.79,hard
Academic Articles,new,0.0,easy
Academic Articles,space,0.0,easy
Academic Articles,encounter,0.42,easy
Academic Articles,radiation,0.47,easy
Academic Articles,effect,0.0,easy
Academic Articles,fleet,0.57,hard
Academic Articles,include,0.12,easy
Academic Articles,weather,0.14,easy
Academic Articles,space,0.0,easy
Academic Articles,weather,0.14,easy
Academic Articles,effect,0.0,easy
Academic Articles,encounter,0.42,easy
Academic Articles,across,0.0,easy
Academic Articles,system,0.0,easy
Academic Articles,particle,0.71,hard
Academic Articles,thus,0.1,easy
Academic Articles,region,0.45,easy
Academic Articles,orbit,0.63,hard
Academic Articles,geo,0.76,hard
Academic Articles,low,0.0,easy
Academic Articles,earth,0.0,easy
Academic Articles,orbit,0.63,hard
Academic Articles,van,0.25,easy
Academic Articles,losing,0.6,hard
Academic Articles,continuous,0.68,hard
Academic Articles,environment,0.61,hard
Academic Articles,transfer,0.29,easy
Academic Articles,orbit,0.63,hard
Academic Articles,critical,0.41,easy
Academic Articles,radiation,0.47,easy
Academic Articles,belt,0.44,easy
Academic Articles,region,0.45,easy
Academic Articles,data,0.13,easy
Academic Articles,operational,0.71,hard
Academic Articles,environmental,0.8,hard
Academic Articles,satellite,0.65,hard
Academic Articles,go,0.0,easy
Academic Articles,orbit,0.63,hard
Academic Articles,much,0.0,easy
Academic Articles,lower,0.14,easy
Academic Articles,figure,0.02,easy
Academic Articles,operational,0.71,hard
Academic Articles,data,0.13,easy
Academic Articles,sample,0.55,hard
Academic Articles,particle,0.71,hard
Academic Articles,distribution,0.22,easy
Academic Articles,continuous,0.68,hard
Academic Articles,radiation,0.47,easy
Academic Articles,scientific,0.57,hard
Academic Articles,capability,0.77,hard
Academic Articles,yet,0.0,easy
Academic Articles,exist,0.31,easy
Academic Articles,operational,0.71,hard
Academic Articles,space,0.0,easy
Academic Articles,weather,0.14,easy
Academic Articles,ongoing,0.76,hard
Academic Articles,radiation,0.47,easy
Academic Articles,belt,0.44,easy
Academic Articles,capability,0.77,hard
Academic Articles,given,0.0,easy
Academic Articles,sufficient,0.53,easy
Academic Articles,advance,0.14,easy
Academic Articles,space,0.0,easy
Academic Articles,weather,0.14,easy
Academic Articles,built,0.23,easy
Academic Articles,experience,0.0,easy
Academic Articles,van,0.25,easy
Academic Articles,figure,0.02,easy
Academic Articles,radiation,0.47,easy
Academic Articles,belt,0.44,easy
Academic Articles,environment,0.61,hard
Academic Articles,radiation,0.47,easy
Academic Articles,belt,0.44,easy
Academic Articles,storm,0.38,easy
Academic Articles,probe,0.63,hard
Academic Articles,operational,0.71,hard
Academic Articles,environmental,0.8,hard
Academic Articles,satellite,0.65,hard
Academic Articles,go,0.0,easy
Academic Articles,system,0.0,easy
Academic Articles,source,0.05,easy
Academic Articles,college,0.08,easy
Academic Articles,future,0.0,easy
Academic Articles,space,0.0,easy
Academic Articles,weather,0.14,easy
Academic Articles,research,0.26,easy
Academic Articles,infrastructure,0.79,hard
Academic Articles,national,0.02,easy
Academic Articles,reserved,0.55,hard
Academic Articles,future,0.0,easy
Academic Articles,space,0.0,easy
Academic Articles,weather,0.14,easy
Academic Articles,research,0.26,easy
Academic Articles,infrastructure,0.79,hard
Academic Articles,international,0.26,easy
Academic Articles,small,0.0,easy
Academic Articles,national,0.02,easy
Academic Articles,science,0.04,easy
Academic Articles,transfer,0.29,easy
Academic Articles,orbit,0.63,hard
Academic Articles,satellite,0.65,hard
Academic Articles,flying,0.43,easy
Academic Articles,environment,0.61,hard
Academic Articles,offer,0.01,easy
Academic Articles,new,0.0,easy
Academic Articles,radiation,0.47,easy
Academic Articles,belt,0.44,easy
Academic Articles,include,0.12,easy
Academic Articles,responsive,0.72,hard
Academic Articles,environmental,0.8,hard
Academic Articles,assessment,0.67,hard
Academic Articles,commercially,0.78,hard
Academic Articles,reach,0.07,easy
Academic Articles,next,0.0,easy
Academic Articles,currently,0.54,easy
Academic Articles,distributed,0.71,hard
Academic Articles,critical,0.41,easy
Academic Articles,need,0.0,easy
Academic Articles,science,0.04,easy
Academic Articles,empirical,0.75,hard
Academic Articles,however,0.0,easy
Academic Articles,yet,0.0,easy
Academic Articles,clear,0.0,easy
Academic Articles,measure,0.06,easy
Academic Articles,measurement,0.72,hard
Academic Articles,scientific,0.57,hard
Academic Articles,carried,0.28,easy
Academic Articles,comprehensive,0.73,hard
Academic Articles,way,0.0,easy
Academic Articles,forecasting,0.77,hard
Academic Articles,need,0.0,easy
Academic Articles,sufficient,0.53,easy
Academic Articles,observational,0.82,hard
Academic Articles,input,0.25,easy
Academic Articles,space,0.0,easy
Academic Articles,weather,0.14,easy
Academic Articles,require,0.3,easy
Academic Articles,increase,0.01,easy
Academic Articles,data,0.13,easy
Academic Articles,inter,0.74,hard
Academic Articles,national,0.02,easy
Academic Articles,research,0.26,easy
Academic Articles,furthermore,0.76,hard
Academic Articles,distributed,0.71,hard
Academic Articles,present,0.0,easy
Academic Articles,require,0.3,easy
Academic Articles,new,0.0,easy
Academic Articles,process,0.01,easy
Academic Articles,ing,0.71,hard
Academic Articles,artificial,0.69,hard
Academic Articles,intelligence,0.39,easy
Academic Articles,data,0.13,easy
Academic Articles,combined,0.55,hard
Academic Articles,simulation,0.76,hard
Academic Articles,data,0.13,easy
Academic Articles,require,0.3,easy
Academic Articles,new,0.0,easy
Academic Articles,finally,0.03,easy
Academic Articles,commercial,0.39,easy
Academic Articles,data,0.13,easy
Academic Articles,labor,0.19,easy
Academic Articles,intensive,0.7,hard
Academic Articles,architecture,0.74,hard
Academic Articles,resolution,0.32,easy
Academic Articles,availability,0.77,hard
Academic Articles,key,0.0,easy
Academic Articles,metric,0.69,hard
Academic Articles,getting,0.0,easy
Academic Articles,best,0.0,easy
Academic Articles,possible,0.0,easy
Academic Articles,commercial,0.39,easy
Academic Articles,academic,0.58,hard
Academic Articles,commercial,0.39,easy
Academic Articles,space,0.0,easy
Academic Articles,weather,0.14,easy
Academic Articles,presentation,0.59,hard
Academic Articles,commercial,0.39,easy
Academic Articles,data,0.13,easy
Academic Articles,acquisition,0.56,hard
Academic Articles,space,0.0,easy
Academic Articles,weather,0.14,easy
Academic Articles,various,0.06,easy
Academic Articles,chal,0.76,hard
Academic Articles,space,0.0,easy
Academic Articles,weather,0.14,easy
Academic Articles,data,0.13,easy
Academic Articles,commercial,0.39,easy
Academic Articles,procurement,0.75,hard
Academic Articles,well,0.0,easy
Academic Articles,commercial,0.39,easy
Academic Articles,commercial,0.39,easy
Academic Articles,move,0.0,easy
Academic Articles,faster,0.6,hard
Academic Articles,different,0.0,easy
Academic Articles,data,0.13,easy
Academic Articles,collection,0.42,easy
Academic Articles,generally,0.24,easy
Academic Articles,measurement,0.72,hard
Academic Articles,system,0.0,easy
Academic Articles,built,0.23,easy
Academic Articles,custom,0.57,hard
Academic Articles,commercial,0.39,easy
Academic Articles,close,0.0,easy
Academic Articles,interaction,0.69,hard
Academic Articles,instrument,0.17,easy
Academic Articles,integration,0.65,hard
Academic Articles,operation,0.07,easy
Academic Articles,require,0.3,easy
Academic Articles,significant,0.42,easy
Academic Articles,vendor,0.67,hard
Academic Articles,involvement,0.65,hard
Academic Articles,generally,0.24,easy
Academic Articles,commercial,0.39,easy
Academic Articles,versus,0.69,hard
Academic Articles,getting,0.0,easy
Academic Articles,data,0.13,easy
Academic Articles,partner,0.36,easy
Academic Articles,proposition,0.62,hard
Academic Articles,data,0.13,easy
Academic Articles,arise,0.48,easy
Academic Articles,significant,0.42,easy
Academic Articles,data,0.13,easy
Academic Articles,acquisition,0.56,hard
Academic Articles,science,0.04,easy
Academic Articles,use,0.0,easy
Academic Articles,space,0.0,easy
Academic Articles,weather,0.14,easy
Academic Articles,use,0.0,easy
Academic Articles,research,0.26,easy
Academic Articles,data,0.13,easy
Academic Articles,acquisition,0.56,hard
Academic Articles,since,0.0,easy
Academic Articles,space,0.0,easy
Academic Articles,weather,0.14,easy
Academic Articles,data,0.13,easy
Academic Articles,time,0.0,easy
Academic Articles,robust,0.68,hard
Academic Articles,low,0.0,easy
Academic Articles,earth,0.0,easy
Academic Articles,orbit,0.63,hard
Academic Articles,network,0.38,easy
Academic Articles,scientific,0.57,hard
Academic Articles,space,0.0,easy
Academic Articles,weather,0.14,easy
Academic Articles,use,0.0,easy
Academic Articles,data,0.13,easy
Academic Articles,acquisition,0.56,hard
Academic Articles,research,0.26,easy
Academic Articles,cal,0.72,hard
Academic Articles,noninterference,0.83,hard
Academic Articles,basis,0.11,easy
Academic Articles,mission,0.19,easy
Academic Articles,without,0.0,easy
Academic Articles,data,0.13,easy
Academic Articles,access,0.26,easy
Academic Articles,however,0.0,easy
Academic Articles,scientific,0.57,hard
Academic Articles,use,0.0,easy
Academic Articles,typically,0.74,hard
Academic Articles,data,0.13,easy
Academic Articles,assimilation,0.75,hard
Academic Articles,framework,0.67,hard
Academic Articles,data,0.13,easy
Academic Articles,quality,0.02,easy
Academic Articles,ancillary,0.78,hard
Academic Articles,data,0.13,easy
Academic Articles,readily,0.66,hard
Academic Articles,available,0.03,easy
Academic Articles,space,0.0,easy
Academic Articles,weather,0.14,easy
Academic Articles,use,0.0,easy
Academic Articles,provider,0.72,hard
Academic Articles,data,0.13,easy
Academic Articles,access,0.26,easy
Academic Articles,affect,0.49,easy
Academic Articles,various,0.06,easy
Academic Articles,system,0.0,easy
Academic Articles,available,0.03,easy
Academic Articles,commercial,0.39,easy
Academic Articles,provider,0.72,hard
Academic Articles,future,0.0,easy
Academic Articles,space,0.0,easy
Academic Articles,weather,0.14,easy
Academic Articles,research,0.26,easy
Academic Articles,infrastructure,0.79,hard
Academic Articles,national,0.02,easy
Academic Articles,reserved,0.55,hard
Academic Articles,research,0.26,easy
Academic Articles,infrastructure,0.79,hard
Academic Articles,commercial,0.39,easy
Academic Articles,data,0.13,easy
Academic Articles,heterogeneous,0.79,hard
Academic Articles,uneven,0.63,hard
Academic Articles,different,0.0,easy
Academic Articles,data,0.13,easy
Academic Articles,source,0.05,easy
Academic Articles,covariance,0.79,hard
Academic Articles,verification,0.81,hard
Academic Articles,useful,0.52,easy
Academic Articles,form,0.0,easy
Academic Articles,assimilation,0.75,hard
Academic Articles,analysis,0.41,easy
Academic Articles,assimilation,0.75,hard
Academic Articles,used,0.0,easy
Academic Articles,spheric,0.76,hard
Academic Articles,capability,0.77,hard
Academic Articles,require,0.3,easy
Academic Articles,significant,0.42,easy
Academic Articles,new,0.0,easy
Academic Articles,research,0.26,easy
Academic Articles,nevertheless,0.66,hard
Academic Articles,provide,0.04,easy
Academic Articles,new,0.0,easy
Academic Articles,intense,0.27,easy
Academic Articles,unusual,0.49,easy
Academic Articles,final,0.02,easy
Academic Articles,presentation,0.59,hard
Academic Articles,space,0.0,easy
Academic Articles,weather,0.14,easy
Academic Articles,space,0.0,easy
Academic Articles,situational,0.84,hard
Academic Articles,analysis,0.41,easy
Academic Articles,guidance,0.56,hard
Academic Articles,navigation,0.61,hard
Academic Articles,weather,0.14,easy
Academic Articles,data,0.13,easy
Academic Articles,constellation,0.79,hard
Academic Articles,management,0.37,easy
Academic Articles,collision,0.72,hard
Academic Articles,earth,0.0,easy
Academic Articles,orbit,0.63,hard
Academic Articles,weather,0.14,easy
Academic Articles,importantly,0.7,hard
Academic Articles,density,0.69,hard
Academic Articles,data,0.13,easy
Academic Articles,scientific,0.57,hard
Academic Articles,overhead,0.54,easy
Academic Articles,associated,0.64,hard
Academic Articles,data,0.13,easy
Academic Articles,production,0.01,easy
Academic Articles,sampling,0.67,hard
Academic Articles,relevant,0.72,hard
Academic Articles,earth,0.0,easy
Academic Articles,orbit,0.63,hard
Academic Articles,clear,0.0,easy
Academic Articles,gather,0.44,easy
Academic Articles,data,0.13,easy
Academic Articles,constellation,0.79,hard
Academic Articles,saw,0.0,easy
Academic Articles,data,0.13,easy
Academic Articles,gathering,0.64,hard
Academic Articles,potential,0.24,easy
Academic Articles,game,0.01,easy
Academic Articles,changer,0.75,hard
Academic Articles,connectivity,0.83,hard
Academic Articles,science,0.04,easy
Academic Articles,laser,0.72,hard
Academic Articles,open,0.0,easy
Academic Articles,possibility,0.49,easy
Academic Articles,continuous,0.68,hard
Academic Articles,connectivity,0.83,hard
Academic Articles,provider,0.72,hard
Academic Articles,interactive,0.78,hard
Academic Articles,panel,0.37,easy
Academic Articles,discussion,0.2,easy
Academic Articles,baker,0.68,hard
Academic Articles,panel,0.37,easy
Academic Articles,chair,0.35,easy
Academic Articles,view,0.0,easy
Academic Articles,discussion,0.2,easy
Academic Articles,question,0.0,easy
Academic Articles,robust,0.68,hard
Academic Articles,perpetual,0.75,hard
Academic Articles,space,0.0,easy
Academic Articles,weather,0.14,easy
Academic Articles,system,0.0,easy
Academic Articles,future,0.0,easy
Academic Articles,support,0.0,easy
Academic Articles,need,0.0,easy
Academic Articles,space,0.0,easy
Academic Articles,weather,0.14,easy
Academic Articles,infrastructure,0.79,hard
Academic Articles,ahead,0.13,easy
Academic Articles,student,0.16,easy
Academic Articles,intern,0.72,hard
Academic Articles,commercial,0.39,easy
Academic Articles,community,0.1,easy
Academic Articles,possible,0.0,easy
Academic Articles,approach,0.08,easy
Academic Articles,data,0.13,easy
Academic Articles,commercial,0.39,easy
Academic Articles,proprietary,0.77,hard
Academic Articles,nature,0.05,easy
Academic Articles,data,0.13,easy
Academic Articles,able,0.0,easy
Academic Articles,help,0.0,easy
Academic Articles,community,0.1,easy
Academic Articles,company,0.0,easy
Academic Articles,already,0.0,easy
Academic Articles,data,0.13,easy
Academic Articles,delivery,0.51,easy
Academic Articles,frequency,0.66,hard
Academic Articles,going,0.0,easy
Academic Articles,forward,0.01,easy
Academic Articles,community,0.1,easy
Academic Articles,clear,0.0,easy
Academic Articles,carry,0.01,easy
Academic Articles,engineering,0.68,hard
Academic Articles,seamless,0.7,hard
Academic Articles,commercial,0.39,easy
Academic Articles,data,0.13,easy
Academic Articles,data,0.13,easy
Academic Articles,concern,0.26,easy
Academic Articles,ing,0.71,hard
Academic Articles,collision,0.72,hard
Academic Articles,avoidance,0.74,hard
Academic Articles,outcome,0.64,hard
Academic Articles,new,0.0,easy
Academic Articles,precise,0.62,hard
Academic Articles,density,0.69,hard
Academic Articles,model,0.15,easy
Academic Articles,company,0.0,easy
Academic Articles,could,0.0,easy
Academic Articles,autonomous,0.78,hard
Academic Articles,delay,0.52,easy
Academic Articles,associated,0.64,hard
Academic Articles,ground,0.01,easy
Academic Articles,data,0.13,easy
Academic Articles,overall,0.37,easy
Academic Articles,collision,0.72,hard
Academic Articles,avoidance,0.74,hard
Academic Articles,maneuver,0.65,hard
Academic Articles,particular,0.06,easy
Academic Articles,concern,0.26,easy
Academic Articles,solar,0.73,hard
Academic Articles,low,0.0,easy
Academic Articles,earth,0.0,easy
Academic Articles,densely,0.74,hard
Academic Articles,mean,0.0,easy
Academic Articles,density,0.69,hard
Academic Articles,engagement,0.6,hard
Academic Articles,publish,0.72,hard
Academic Articles,data,0.13,easy
Academic Articles,public,0.0,easy
Academic Articles,consumption,0.64,hard
Academic Articles,limit,0.15,easy
Academic Articles,interface,0.67,hard
Academic Articles,scientific,0.57,hard
Academic Articles,single,0.01,easy
Academic Articles,partner,0.36,easy
Academic Articles,hosting,0.78,hard
Academic Articles,future,0.0,easy
Academic Articles,space,0.0,easy
Academic Articles,weather,0.14,easy
Academic Articles,research,0.26,easy
Academic Articles,infrastructure,0.79,hard
Academic Articles,national,0.02,easy
Academic Articles,reserved,0.55,hard
Academic Articles,future,0.0,easy
Academic Articles,space,0.0,easy
Academic Articles,weather,0.14,easy
Academic Articles,research,0.26,easy
Academic Articles,infrastructure,0.79,hard
Academic Articles,baker,0.68,hard
Academic Articles,raised,0.25,easy
Academic Articles,operational,0.71,hard
Academic Articles,space,0.0,easy
Academic Articles,weather,0.14,easy
Academic Articles,system,0.0,easy
Academic Articles,environment,0.61,hard
Academic Articles,future,0.0,easy
Academic Articles,beyond,0.05,easy
Academic Articles,research,0.26,easy
Academic Articles,asset,0.71,hard
Academic Articles,available,0.03,easy
Academic Articles,operational,0.71,hard
Academic Articles,space,0.0,easy
Academic Articles,weather,0.14,easy
Academic Articles,theme,0.01,easy
Academic Articles,throughout,0.05,easy
Academic Articles,workshop,0.7,hard
Academic Articles,availability,0.77,hard
Academic Articles,already,0.0,easy
Academic Articles,data,0.13,easy
Academic Articles,space,0.0,easy
Academic Articles,weather,0.14,easy
Academic Articles,research,0.26,easy
Academic Articles,work,0.0,easy
Academic Articles,data,0.13,easy
Academic Articles,usable,0.71,hard
Academic Articles,new,0.0,easy
Academic Articles,assessed,0.76,hard
Academic Articles,incorporated,0.77,hard
Academic Articles,new,0.0,easy
Academic Articles,core,0.27,easy
Academic Articles,topic,0.66,hard
Academic Articles,alone,0.01,easy
Academic Articles,great,0.0,easy
Academic Articles,value,0.01,easy
Academic Articles,moving,0.08,easy
Academic Articles,environment,0.61,hard
Academic Articles,require,0.3,easy
Academic Articles,good,0.0,easy
Academic Articles,people,0.0,easy
Academic Articles,work,0.0,easy
Academic Articles,baker,0.68,hard
Academic Articles,new,0.0,easy
Academic Articles,observational,0.82,hard
Academic Articles,upcoming,0.74,hard
Academic Articles,solar,0.73,hard
Academic Articles,new,0.0,easy
Academic Articles,community,0.1,easy
Academic Articles,comfortable,0.53,easy
Academic Articles,noted,0.39,easy
Academic Articles,potential,0.24,easy
Academic Articles,engineering,0.68,hard
Academic Articles,operational,0.71,hard
Academic Articles,perspective,0.62,hard
Academic Articles,take,0.0,easy
Academic Articles,account,0.03,easy
Academic Articles,transient,0.71,hard
Academic Articles,geomagnetic,0.84,hard
Academic Articles,storm,0.38,easy
Academic Articles,occur,0.48,easy
Academic Articles,time,0.0,easy
Academic Articles,avoidance,0.74,hard
Academic Articles,current,0.01,easy
Academic Articles,risk,0.33,easy
Academic Articles,nevertheless,0.66,hard
Academic Articles,added,0.03,easy
Academic Articles,urgency,0.69,hard
Academic Articles,regarding,0.65,hard
Academic Articles,upcoming,0.74,hard
Academic Articles,solar,0.73,hard
Academic Articles,maximum,0.47,easy
Academic Articles,recent,0.03,easy
Academic Articles,suggesting,0.76,hard
Academic Articles,biggest,0.41,easy
Academic Articles,strong,0.0,easy
Academic Articles,engineering,0.68,hard
Academic Articles,design,0.05,easy
Academic Articles,phase,0.42,easy
Academic Articles,therefore,0.11,easy
Academic Articles,potentially,0.74,hard
Academic Articles,spoke,0.41,easy
Academic Articles,need,0.0,easy
Academic Articles,calibration,0.8,hard
Academic Articles,validation,0.79,hard
Academic Articles,support,0.0,easy
Academic Articles,providing,0.6,hard
Academic Articles,data,0.13,easy
Academic Articles,critically,0.77,hard
Academic Articles,data,0.13,easy
Academic Articles,effort,0.07,easy
Academic Articles,going,0.0,easy
Academic Articles,calibration,0.8,hard
Academic Articles,validation,0.79,hard
Academic Articles,mission,0.19,easy
Academic Articles,lifetime,0.68,hard
Academic Articles,efficient,0.65,hard
Academic Articles,good,0.0,easy
Academic Articles,advance,0.14,easy
Academic Articles,regarding,0.65,hard
Academic Articles,science,0.04,easy
Academic Articles,discussion,0.2,easy
Academic Articles,agency,0.46,easy
Academic Articles,support,0.0,easy
Academic Articles,space,0.0,easy
Academic Articles,weather,0.14,easy
Academic Articles,important,0.0,easy
Academic Articles,today,0.0,easy
Academic Articles,remain,0.2,easy
Academic Articles,future,0.0,easy
Academic Articles,weather,0.14,easy
Academic Articles,fundamental,0.57,hard
Academic Articles,exploratory,0.78,hard
Academic Articles,work,0.0,easy
Academic Articles,baker,0.68,hard
Academic Articles,data,0.13,easy
Academic Articles,satisfy,0.67,hard
Academic Articles,science,0.04,easy
Academic Articles,operational,0.71,hard
Academic Articles,infrastructure,0.79,hard
Academic Articles,space,0.0,easy
Academic Articles,weather,0.14,easy
Academic Articles,scientific,0.57,hard
Academic Articles,research,0.26,easy
Academic Articles,try,0.0,easy
Academic Articles,student,0.16,easy
Academic Articles,weather,0.14,easy
Academic Articles,benefit,0.41,easy
Academic Articles,get,0.0,easy
Academic Articles,get,0.0,easy
Academic Articles,pressing,0.55,hard
Academic Articles,commercial,0.39,easy
Academic Articles,involved,0.06,easy
Academic Articles,space,0.0,easy
Academic Articles,weather,0.14,easy
Academic Articles,example,0.0,easy
Academic Articles,support,0.0,easy
Academic Articles,ampere,0.75,hard
Academic Articles,active,0.11,easy
Academic Articles,planetary,0.69,hard
Academic Articles,electrodynamics,0.84,hard
Academic Articles,response,0.31,easy
Academic Articles,data,0.13,easy
Academic Articles,collect,0.54,easy
Academic Articles,thus,0.1,easy
Academic Articles,satellite,0.65,hard
Academic Articles,data,0.13,easy
Academic Articles,benefit,0.41,easy
Academic Articles,switching,0.52,easy
Academic Articles,space,0.0,easy
Academic Articles,weather,0.14,easy
Academic Articles,discovery,0.31,easy
Academic Articles,activity,0.36,easy
Academic Articles,workshop,0.7,hard
Academic Articles,done,0.0,easy
Academic Articles,improving,0.71,hard
Academic Articles,various,0.06,easy
Academic Articles,future,0.0,easy
Academic Articles,space,0.0,easy
Academic Articles,weather,0.14,easy
Academic Articles,research,0.26,easy
Academic Articles,infrastructure,0.79,hard
Academic Articles,national,0.02,easy
Academic Articles,reserved,0.55,hard
Academic Articles,research,0.26,easy
Academic Articles,infrastructure,0.79,hard
Academic Articles,mary,0.52,easy
Academic Articles,panel,0.37,easy
Academic Articles,whether,0.01,easy
Academic Articles,satisfied,0.62,hard
Academic Articles,measurement,0.72,hard
Academic Articles,particularly,0.09,easy
Academic Articles,given,0.0,easy
Academic Articles,van,0.25,easy
Academic Articles,defense,0.12,easy
Academic Articles,meteorological,0.86,hard
Academic Articles,satellite,0.65,hard
Academic Articles,program,0.0,easy
Academic Articles,satisfactory,0.7,hard
Academic Articles,given,0.0,easy
Academic Articles,long,0.0,easy
Academic Articles,development,0.01,easy
Academic Articles,likely,0.06,easy
Academic Articles,next,0.0,easy
Academic Articles,solar,0.73,hard
Academic Articles,maximum,0.47,easy
Academic Articles,new,0.0,easy
Academic Articles,replace,0.53,easy
Academic Articles,van,0.25,easy
Academic Articles,several,0.0,easy
Academic Articles,pointed,0.49,easy
Academic Articles,need,0.0,easy
Academic Articles,higher,0.11,easy
Academic Articles,radiation,0.47,easy
Academic Articles,need,0.0,easy
Academic Articles,involve,0.51,easy
Academic Articles,scale,0.05,easy
Academic Articles,improving,0.71,hard
Academic Articles,space,0.0,easy
Academic Articles,weather,0.14,easy
Academic Articles,require,0.3,easy
Academic Articles,understanding,0.27,easy
Academic Articles,scale,0.05,easy
Academic Articles,operate,0.5,easy
Academic Articles,couple,0.01,easy
Academic Articles,together,0.0,easy
Academic Articles,finally,0.03,easy
Academic Articles,space,0.0,easy
Academic Articles,weather,0.14,easy
Academic Articles,size,0.0,easy
Academic Articles,traditional,0.48,easy
Academic Articles,metric,0.69,hard
Academic Articles,storm,0.38,easy
Academic Articles,pointed,0.49,easy
Academic Articles,small,0.0,easy
Academic Articles,storm,0.38,easy
Academic Articles,significant,0.42,easy
Academic Articles,space,0.0,easy
Academic Articles,weather,0.14,easy
Academic Articles,issue,0.04,easy
Academic Articles,understood,0.53,easy
Academic Articles,reference,0.28,easy
Academic Articles,particle,0.71,hard
Academic Articles,mass,0.1,easy
Academic Articles,interplanetary,0.83,hard
Academic Articles,bow,0.37,easy
Academic Articles,shock,0.07,easy
Academic Articles,research,0.26,easy
Academic Articles,term,0.11,easy
Academic Articles,space,0.0,easy
Academic Articles,scientific,0.57,hard
Academic Articles,literature,0.4,easy
Academic Articles,see,0.0,easy
Academic Articles,relevant,0.72,hard
Academic Articles,terminology,0.82,hard
Academic Articles,nowadays,0.69,hard
Academic Articles,environmental,0.8,hard
Academic Articles,technological,0.77,hard
Academic Articles,biological,0.78,hard
Academic Articles,effect,0.0,easy
Academic Articles,via,0.42,easy
Academic Articles,different,0.0,easy
Academic Articles,physical,0.07,easy
Academic Articles,space,0.0,easy
Academic Articles,weather,0.14,easy
Academic Articles,program,0.0,easy
Academic Articles,strategic,0.69,hard
Academic Articles,weather,0.14,easy
Academic Articles,sun,0.09,easy
Academic Articles,solar,0.73,hard
Academic Articles,wind,0.05,easy
Academic Articles,ionosphere,0.76,hard
Academic Articles,influence,0.13,easy
Academic Articles,performance,0.0,easy
Academic Articles,technological,0.77,hard
Academic Articles,endanger,0.75,hard
Academic Articles,human,0.0,easy
Academic Articles,academic,0.58,hard
Academic Articles,commercial,0.39,easy
Academic Articles,social,0.01,easy
Academic Articles,relevance,0.76,hard
Academic Articles,high,0.0,easy
Academic Articles,economic,0.06,easy
Academic Articles,solar,0.73,hard
Academic Articles,pressure,0.12,easy
Academic Articles,magnetic,0.65,hard
Academic Articles,field,0.0,easy
Academic Articles,coronal,0.76,hard
Academic Articles,mass,0.1,easy
Academic Articles,solar,0.73,hard
Academic Articles,wind,0.05,easy
Academic Articles,interaction,0.69,hard
Academic Articles,interaction,0.69,hard
Academic Articles,energetic,0.72,hard
Academic Articles,sep,-1.0,easy
Academic Articles,solar,0.73,hard
Academic Articles,activity,0.36,easy
Academic Articles,solar,0.73,hard
Academic Articles,violent,0.15,easy
Academic Articles,solar,0.73,hard
Academic Articles,system,0.0,easy
Academic Articles,energy,0.17,easy
Academic Articles,causing,0.66,hard
Academic Articles,magnetic,0.65,hard
Academic Articles,field,0.0,easy
Academic Articles,line,0.0,easy
Academic Articles,corona,0.67,hard
Academic Articles,mass,0.1,easy
Academic Articles,motion,0.06,easy
Academic Articles,particle,0.71,hard
Academic Articles,acceleration,0.77,hard
Academic Articles,min,0.68,hard
Academic Articles,day,0.0,easy
Academic Articles,phase,0.42,easy
Academic Articles,large,0.0,easy
Academic Articles,corona,0.67,hard
Academic Articles,provide,0.04,easy
Academic Articles,range,0.02,easy
Academic Articles,geomagnetic,0.84,hard
Academic Articles,field,0.0,easy
Academic Articles,component,0.65,hard
Academic Articles,terrestrial,0.73,hard
Academic Articles,reconnection,0.82,hard
Academic Articles,magnetic,0.65,hard
Academic Articles,underlying,0.63,hard
Academic Articles,process,0.01,easy
Academic Articles,nowadays,0.69,hard
Academic Articles,established,0.27,easy
Academic Articles,current,0.01,easy
Academic Articles,eventually,0.32,easy
Academic Articles,terrestrial,0.73,hard
Academic Articles,magnetic,0.65,hard
Academic Articles,field,0.0,easy
Academic Articles,near,0.01,easy
Academic Articles,sun,0.09,easy
Academic Articles,research,0.26,easy
Academic Articles,therein,0.72,hard
Academic Articles,apart,0.25,easy
Academic Articles,solar,0.73,hard
Academic Articles,wind,0.05,easy
Academic Articles,cause,0.0,easy
Academic Articles,recurrent,0.78,hard
Academic Articles,usually,0.07,easy
Academic Articles,energetic,0.72,hard
Academic Articles,arrive,0.6,hard
Academic Articles,shortly,0.52,easy
Academic Articles,whereas,0.67,hard
Academic Articles,sep,-1.0,easy
Academic Articles,take,0.0,easy
Academic Articles,usually,0.07,easy
Academic Articles,first,0.0,easy
Academic Articles,facing,0.54,easy
Academic Articles,sun,0.09,easy
Academic Articles,heavy,0.01,easy
Academic Articles,particle,0.71,hard
Academic Articles,peak,0.38,easy
Academic Articles,evidence,0.13,easy
Academic Articles,solar,0.73,hard
Academic Articles,origin,0.53,easy
Academic Articles,despite,0.07,easy
Academic Articles,ongoing,0.76,hard
Academic Articles,literature,0.4,easy
Academic Articles,nowadays,0.69,hard
Academic Articles,solar,0.73,hard
Academic Articles,origin,0.53,easy
Academic Articles,example,0.0,easy
Academic Articles,strong,0.0,easy
Academic Articles,optical,0.71,hard
Academic Articles,matrix,0.52,easy
Academic Articles,snowlike,0.78,hard
Academic Articles,effect,0.0,easy
Academic Articles,thus,0.1,easy
Academic Articles,highly,0.23,easy
Academic Articles,usually,0.07,easy
Academic Articles,mode,0.25,easy
Academic Articles,alternatively,0.82,hard
Academic Articles,permanent,0.49,easy
Academic Articles,optical,0.71,hard
Academic Articles,entire,0.01,easy
Academic Articles,pointing,0.58,hard
Academic Articles,fixed,0.11,easy
Academic Articles,corrected,0.75,hard
Academic Articles,stereo,0.65,hard
Academic Articles,mission,0.19,easy
Academic Articles,solar,0.73,hard
Academic Articles,storm,0.38,easy
Academic Articles,traversing,0.77,hard
Academic Articles,solar,0.73,hard
Academic Articles,system,0.0,easy
Academic Articles,misalignment,0.78,hard
Academic Articles,could,0.0,easy
Academic Articles,loss,0.0,easy
Academic Articles,since,0.0,easy
Academic Articles,longer,0.01,easy
Academic Articles,time,0.0,easy
Academic Articles,problem,0.0,easy
Academic Articles,limited,0.19,easy
Academic Articles,reaction,0.1,easy
Academic Articles,time,0.0,easy
Academic Articles,mission,0.19,easy
Academic Articles,reason,0.0,easy
Academic Articles,galactic,0.76,hard
Academic Articles,energetic,0.72,hard
Academic Articles,particle,0.71,hard
Academic Articles,cosmic,0.7,hard
Academic Articles,supernova,0.8,hard
Academic Articles,inversely,0.78,hard
Academic Articles,activity,0.36,easy
Academic Articles,weak,0.21,easy
Academic Articles,solar,0.73,hard
Academic Articles,total,0.02,easy
Academic Articles,ionization,0.77,hard
Academic Articles,dose,0.57,hard
Academic Articles,solar,0.73,hard
Academic Articles,energetic,0.72,hard
Academic Articles,extra,0.21,easy
Academic Articles,sporadic,0.74,hard
Academic Articles,primary,0.24,easy
Academic Articles,travel,0.27,easy
Academic Articles,recently,0.18,easy
Academic Articles,radiation,0.47,easy
Academic Articles,dose,0.57,hard
Academic Articles,received,0.18,easy
Academic Articles,lifelong,0.74,hard
Academic Articles,fast,0.03,easy
Academic Articles,solar,0.73,hard
Academic Articles,wind,0.05,easy
Academic Articles,plasma,0.7,hard
Academic Articles,reach,0.07,easy
Academic Articles,planetary,0.69,hard
Academic Articles,various,0.06,easy
Academic Articles,atmospheric,0.78,hard
Academic Articles,effect,0.0,easy
Academic Articles,possible,0.0,easy
Academic Articles,spectacular,0.6,hard
Academic Articles,apart,0.25,easy
Academic Articles,earth,0.0,easy
Academic Articles,around,0.0,easy
Academic Articles,magnetic,0.65,hard
Academic Articles,surface,0.09,easy
Academic Articles,magnetic,0.65,hard
Academic Articles,large,0.0,easy
Academic Articles,planetary,0.69,hard
Academic Articles,terrestrial,0.73,hard
Academic Articles,solar,0.73,hard
Academic Articles,activity,0.36,easy
Academic Articles,magnetic,0.65,hard
Academic Articles,planetary,0.69,hard
Academic Articles,reconnection,0.82,hard
Academic Articles,take,0.0,easy
Academic Articles,place,0.0,easy
Academic Articles,field,0.0,easy
Academic Articles,line,0.0,easy
Academic Articles,reconstruction,0.76,hard
Academic Articles,current,0.01,easy
Academic Articles,finally,0.03,easy
Academic Articles,horizontal,0.75,hard
Academic Articles,terrestrial,0.73,hard
Academic Articles,magnetic,0.65,hard
Academic Articles,field,0.0,easy
Academic Articles,solar,0.73,hard
Academic Articles,wind,0.05,easy
Academic Articles,primary,0.24,easy
Academic Articles,driver,0.2,easy
Academic Articles,apart,0.25,easy
Academic Articles,surface,0.09,easy
Academic Articles,magnetic,0.65,hard
Academic Articles,field,0.0,easy
Academic Articles,effect,0.0,easy
Academic Articles,phenomenon,0.69,hard
Academic Articles,enhancement,0.76,hard
Academic Articles,secondary,0.42,easy
Academic Articles,particle,0.71,hard
Academic Articles,atmospheric,0.78,hard
Academic Articles,thus,0.1,easy
Academic Articles,particle,0.71,hard
Academic Articles,radiation,0.47,easy
Academic Articles,atmosphere,0.28,easy
Academic Articles,secondary,0.42,easy
Academic Articles,cause,0.0,easy
Academic Articles,additional,0.42,easy
Academic Articles,radiation,0.47,easy
Academic Articles,aircraft,0.59,hard
Academic Articles,ground,0.01,easy
Academic Articles,equipment,0.28,easy
Academic Articles,include,0.12,easy
Academic Articles,telluric,0.75,hard
Academic Articles,induced,0.71,hard
Academic Articles,magnetic,0.65,hard
Academic Articles,interference,0.61,hard
Academic Articles,practical,0.47,easy
Academic Articles,induced,0.71,hard
Academic Articles,intense,0.27,easy
Academic Articles,conductive,0.79,hard
Academic Articles,like,0.0,easy
Academic Articles,power,0.0,easy
Academic Articles,rare,0.36,easy
Academic Articles,transformer,0.76,hard
Academic Articles,damage,0.22,easy
Academic Articles,example,0.0,easy
Academic Articles,without,0.0,easy
Academic Articles,strict,0.5,easy
Academic Articles,ensure,0.67,hard
Academic Articles,large,0.0,easy
Academic Articles,phenomenon,0.69,hard
Academic Articles,although,0.0,easy
Academic Articles,rarely,0.47,easy
Academic Articles,occur,0.48,easy
Academic Articles,substantial,0.42,easy
Academic Articles,society,0.02,easy
Academic Articles,event,0.05,easy
Academic Articles,devastating,0.75,hard
Academic Articles,current,0.01,easy
Academic Articles,technological,0.77,hard
Academic Articles,age,0.01,easy
Academic Articles,research,0.26,easy
Academic Articles,topic,0.66,hard
Academic Articles,representative,0.31,easy
Academic Articles,task,0.24,easy
Academic Articles,go,0.0,easy
Academic Articles,beyond,0.05,easy
Academic Articles,concise,0.76,hard
Academic Articles,report,0.06,easy
Academic Articles,instead,0.0,easy
Academic Articles,many,0.0,easy
Academic Articles,preferred,0.59,hard
Academic Articles,contain,0.43,easy
Academic Articles,many,0.0,easy
Academic Articles,relevant,0.72,hard
Academic Articles,aim,0.36,easy
Academic Articles,hereto,0.76,hard
Academic Articles,outline,0.6,hard
Academic Articles,effect,0.0,easy
Academic Articles,terrestrial,0.73,hard
Academic Articles,atmosphere,0.28,easy
Academic Articles,vary,0.58,hard
Academic Articles,local,0.01,easy
Academic Articles,environment,0.61,hard
Academic Articles,surrounding,0.67,hard
Academic Articles,several,0.0,easy
Academic Articles,used,0.0,easy
Academic Articles,earth,0.0,easy
Academic Articles,stationary,0.77,hard
Academic Articles,many,0.0,easy
Academic Articles,astronomical,0.81,hard
Academic Articles,always,0.0,easy
Academic Articles,facing,0.54,easy
Academic Articles,common,0.0,easy
Academic Articles,geo,0.76,hard
Academic Articles,medium,0.23,easy
Academic Articles,earth,0.0,easy
Academic Articles,orbit,0.63,hard
Academic Articles,low,0.0,easy
Academic Articles,earth,0.0,easy
Academic Articles,orbit,0.63,hard
Academic Articles,polar,0.64,hard
Academic Articles,space,0.0,easy
Academic Articles,terrestrial,0.73,hard
Academic Articles,thus,0.1,easy
Academic Articles,plasma,0.7,hard
Academic Articles,particle,0.71,hard
Academic Articles,require,0.3,easy
Academic Articles,different,0.0,easy
Academic Articles,forecasting,0.77,hard
Academic Articles,driver,0.2,easy
Academic Articles,therein,0.72,hard
Academic Articles,interact,0.76,hard
Academic Articles,hardware,0.69,hard
Academic Articles,aboard,0.48,easy
Academic Articles,sporadic,0.74,hard
Academic Articles,ultraviolet,0.8,hard
Academic Articles,radiation,0.47,easy
Academic Articles,upper,0.41,easy
Academic Articles,atmosphere,0.28,easy
Academic Articles,namely,0.65,hard
Academic Articles,ionosphere,0.76,hard
Academic Articles,ionospheric,0.8,hard
Academic Articles,several,0.0,easy
Academic Articles,work,0.0,easy
Academic Articles,performance,0.0,easy
Academic Articles,effect,0.0,easy
Academic Articles,known,0.01,easy
Academic Articles,many,0.0,easy
Academic Articles,perturbed,0.76,hard
Academic Articles,ionosphere,0.76,hard
Academic Articles,cause,0.0,easy
Academic Articles,delay,0.52,easy
Academic Articles,distortion,0.69,hard
Academic Articles,propagation,0.77,hard
Academic Articles,delay,0.52,easy
Academic Articles,since,0.0,easy
Academic Articles,ionosphere,0.76,hard
Academic Articles,propagation,0.77,hard
Academic Articles,path,0.25,easy
Academic Articles,signal,0.48,easy
Academic Articles,thus,0.1,easy
Academic Articles,affecting,0.72,hard
Academic Articles,communication,0.63,hard
Academic Articles,navigation,0.61,hard
Academic Articles,ionospheric,0.8,hard
Academic Articles,density,0.69,hard
Academic Articles,scintillation,0.75,hard
Academic Articles,radio,0.22,easy
Academic Articles,density,0.69,hard
Academic Articles,ionospheric,0.8,hard
Academic Articles,less,0.0,easy
Academic Articles,common,0.0,easy
Academic Articles,direct,0.05,easy
Academic Articles,radar,0.67,hard
Academic Articles,radio,0.22,easy
Academic Articles,traffic,0.44,easy
Academic Articles,control,0.0,easy
Academic Articles,disturbance,0.65,hard
Academic Articles,magnetic,0.65,hard
Academic Articles,magnetic,0.65,hard
Academic Articles,signal,0.48,easy
Academic Articles,degradation,0.76,hard
Academic Articles,atmospheric,0.78,hard
Academic Articles,drag,0.09,easy
Academic Articles,plasma,0.7,hard
Academic Articles,plasma,0.7,hard
Academic Articles,magnetic,0.65,hard
Academic Articles,field,0.0,easy
Academic Articles,orientation,0.68,hard
Academic Articles,terrestrial,0.73,hard
Academic Articles,dipole,0.71,hard
Academic Articles,complex,0.02,easy
Academic Articles,often,0.0,easy
Academic Articles,combined,0.55,hard
Academic Articles,effect,0.0,easy
Academic Articles,upper,0.41,easy
Academic Articles,atmosphere,0.28,easy
Academic Articles,related,0.3,easy
Academic Articles,frequent,0.28,easy
Academic Articles,neutral,0.51,easy
Academic Articles,atmospheric,0.78,hard
Academic Articles,drag,0.09,easy
Academic Articles,affecting,0.72,hard
Academic Articles,mostly,0.22,easy
Academic Articles,low,0.0,easy
Academic Articles,earth,0.0,easy
Academic Articles,orbit,0.63,hard
Academic Articles,result,0.01,easy
Academic Articles,altitude,0.75,hard
Academic Articles,gradually,0.66,hard
Academic Articles,loss,0.0,easy
Academic Articles,fuel,0.6,hard
Academic Articles,exhaustion,0.75,hard
Academic Articles,mission,0.19,easy
Academic Articles,fuel,0.6,hard
Academic Articles,mean,0.0,easy
Academic Articles,thus,0.1,easy
Academic Articles,major,0.0,easy
Academic Articles,effect,0.0,easy
Academic Articles,namely,0.65,hard
Academic Articles,carry,0.01,easy
Academic Articles,significant,0.42,easy
Academic Articles,risk,0.33,easy
Academic Articles,marine,0.53,easy
Academic Articles,underground,0.59,hard
Academic Articles,infrastructure,0.79,hard
Academic Articles,energetic,0.72,hard
Academic Articles,heavy,0.01,easy
Academic Articles,event,0.05,easy
Academic Articles,earth,0.0,easy
Academic Articles,immediate,0.4,easy
Academic Articles,cause,0.0,easy
Academic Articles,many,0.0,easy
Academic Articles,deleterious,0.81,hard
Academic Articles,effect,0.0,easy
Academic Articles,accelerate,0.78,hard
Academic Articles,material,0.01,easy
Academic Articles,electrical,0.67,hard
Academic Articles,optical,0.71,hard
Academic Articles,gradually,0.66,hard
Academic Articles,reduce,0.14,easy
Academic Articles,cause,0.0,easy
Academic Articles,device,0.37,easy
Academic Articles,leakage,0.76,hard
Academic Articles,power,0.0,easy
Academic Articles,consumption,0.64,hard
Academic Articles,eventually,0.32,easy
Academic Articles,decrease,0.61,hard
Academic Articles,overall,0.37,easy
Academic Articles,space,0.0,easy
Academic Articles,particle,0.71,hard
Academic Articles,specie,0.72,hard
Academic Articles,origin,0.53,easy
Academic Articles,table,0.02,easy
Academic Articles,whereas,0.67,hard
Academic Articles,vulnerable,0.7,hard
Academic Articles,physical,0.07,easy
Academic Articles,particle,0.71,hard
Academic Articles,interaction,0.69,hard
Academic Articles,various,0.06,easy
Academic Articles,energy,0.17,easy
Academic Articles,dose,0.57,hard
Academic Articles,effect,0.0,easy
Academic Articles,semiconductor,0.78,hard
Academic Articles,lattice,0.73,hard
Academic Articles,damage,0.22,easy
Academic Articles,dose,0.57,hard
Academic Articles,electronics,0.72,hard
Academic Articles,single,0.01,easy
Academic Articles,event,0.05,easy
Academic Articles,effect,0.0,easy
Academic Articles,latter,0.26,easy
Academic Articles,mostly,0.22,easy
Academic Articles,related,0.3,easy
Academic Articles,extreme,0.35,easy
Academic Articles,require,0.3,easy
Academic Articles,power,0.0,easy
Academic Articles,system,0.0,easy
Academic Articles,effect,0.0,easy
Academic Articles,irreversible,0.78,hard
Academic Articles,surface,0.09,easy
Academic Articles,charging,0.75,hard
Academic Articles,effect,0.0,easy
Academic Articles,cause,0.0,easy
Academic Articles,charge,0.01,easy
Academic Articles,buildup,0.68,hard
Academic Articles,potential,0.24,easy
Academic Articles,different,0.0,easy
Academic Articles,thus,0.1,easy
Academic Articles,serious,0.02,easy
Academic Articles,risk,0.33,easy
Academic Articles,alternatively,0.82,hard
Academic Articles,deep,0.0,easy
Academic Articles,dielectric,0.79,hard
Academic Articles,charging,0.75,hard
Academic Articles,effect,0.0,easy
Academic Articles,causing,0.66,hard
Academic Articles,inside,0.02,easy
Academic Articles,engineering,0.68,hard
Academic Articles,either,0.0,easy
Academic Articles,mitigation,0.78,hard
Academic Articles,given,0.0,easy
Academic Articles,main,0.01,easy
Academic Articles,effect,0.0,easy
Academic Articles,radiation,0.47,easy
Academic Articles,effect,0.0,easy
Academic Articles,total,0.02,easy
Academic Articles,dose,0.57,hard
Academic Articles,displacement,0.64,hard
Academic Articles,damage,0.22,easy
Academic Articles,dielectric,0.79,hard
Academic Articles,cell,0.0,easy
Academic Articles,degradation,0.76,hard
Academic Articles,material,0.01,easy
Academic Articles,notable,0.61,hard
Academic Articles,satellite,0.65,hard
Academic Articles,historical,0.5,easy
Academic Articles,satellite,0.65,hard
Academic Articles,disclosure,0.78,hard
Academic Articles,academic,0.58,hard
Academic Articles,large,0.0,easy
Academic Articles,satellite,0.65,hard
Academic Articles,add,0.02,easy
Academic Articles,significant,0.42,easy
Academic Articles,radio,0.22,easy
Academic Articles,major,0.0,easy
Academic Articles,storm,0.38,easy
Academic Articles,recent,0.03,easy
Academic Articles,storm,0.38,easy
Academic Articles,overall,0.37,easy
Academic Articles,space,0.0,easy
Academic Articles,weather,0.14,easy
Academic Articles,prediction,0.75,hard
Academic Articles,center,0.03,easy
Academic Articles,metric,0.69,hard
Academic Articles,general,0.0,easy
Academic Articles,guidance,0.56,hard
Academic Articles,probable,0.4,easy
Academic Articles,corrective,0.75,hard
Academic Articles,orbital,0.74,hard
Academic Articles,drag,0.09,easy
Academic Articles,forecast,0.57,hard
Academic Articles,empirical,0.75,hard
Academic Articles,neutral,0.51,easy
Academic Articles,density,0.69,hard
Academic Articles,model,0.15,easy
Academic Articles,used,0.0,easy
Academic Articles,launch,0.28,easy
Academic Articles,perigee,0.74,hard
Academic Articles,launch,0.28,easy
Academic Articles,recovery,0.62,hard
Academic Articles,alternative,0.62,hard
Academic Articles,geomagnetic,0.84,hard
Academic Articles,index,0.36,easy
Academic Articles,first,0.0,easy
Academic Articles,storm,0.38,easy
Academic Articles,exact,0.48,easy
Academic Articles,respectively,0.63,hard
Academic Articles,despite,0.07,easy
Academic Articles,modest,0.52,easy
Academic Articles,noted,0.39,easy
Academic Articles,launch,0.28,easy
Academic Articles,took,0.0,easy
Academic Articles,time,0.0,easy
Academic Articles,neutral,0.51,easy
Academic Articles,density,0.69,hard
Academic Articles,maximum,0.47,easy
Academic Articles,increase,0.01,easy
Academic Articles,first,0.0,easy
Academic Articles,time,0.0,easy
Academic Articles,drag,0.09,easy
Academic Articles,previous,0.08,easy
Academic Articles,ultimately,0.49,easy
Academic Articles,next,0.0,easy
Academic Articles,initial,0.38,easy
Academic Articles,solar,0.73,hard
Academic Articles,solar,0.73,hard
Academic Articles,wind,0.05,easy
Academic Articles,shock,0.07,easy
Academic Articles,detail,0.11,easy
Academic Articles,active,0.11,easy
Academic Articles,region,0.45,easy
Academic Articles,multiple,0.19,easy
Academic Articles,day,0.0,easy
Academic Articles,prior,0.4,easy
Academic Articles,launch,0.28,easy
Academic Articles,among,0.0,easy
Academic Articles,faster,0.6,hard
Academic Articles,whereas,0.67,hard
Academic Articles,graduated,0.76,hard
Academic Articles,cylindrical,0.77,hard
Academic Articles,shell,0.28,easy
Academic Articles,respectively,0.63,hard
Academic Articles,complex,0.02,easy
Academic Articles,profile,0.11,easy
Academic Articles,decrease,0.61,hard
Academic Articles,recovery,0.62,hard
Academic Articles,phase,0.42,easy
Academic Articles,extended,0.36,easy
Academic Articles,minimum,0.48,easy
Academic Articles,many,0.0,easy
Academic Articles,detailed,0.58,hard
Academic Articles,flux,0.46,easy
Academic Articles,rope,0.51,easy
Academic Articles,solar,0.73,hard
Academic Articles,wind,0.05,easy
Academic Articles,previous,0.08,easy
Academic Articles,failure,0.16,easy
Academic Articles,neutral,0.51,easy
Academic Articles,use,0.0,easy
Academic Articles,observational,0.82,hard
Academic Articles,data,0.13,easy
Academic Articles,detail,0.11,easy
Academic Articles,point,0.0,easy
Academic Articles,atmospheric,0.78,hard
Academic Articles,drag,0.09,easy
Academic Articles,enhanced,0.7,hard
Academic Articles,neutral,0.51,easy
Academic Articles,different,0.0,easy
Academic Articles,ranging,0.65,hard
Academic Articles,end,0.0,easy
Academic Articles,highest,0.45,easy
Academic Articles,atmospheric,0.78,hard
Academic Articles,drag,0.09,easy
Academic Articles,primary,0.24,easy
Academic Articles,suspect,0.38,easy
Academic Articles,notable,0.61,hard
Academic Articles,irradiance,0.82,hard
Academic Articles,storm,0.38,easy
Academic Articles,exposure,0.54,easy
Academic Articles,energetic,0.72,hard
Academic Articles,might,0.0,easy
Academic Articles,satellite,0.65,hard
Academic Articles,failure,0.16,easy
Academic Articles,previous,0.08,easy
Academic Articles,research,0.26,easy
Academic Articles,noted,0.39,easy
Academic Articles,period,0.01,easy
Academic Articles,since,0.0,easy
Academic Articles,timing,0.65,hard
Academic Articles,available,0.03,easy
Academic Articles,identify,0.55,hard
Academic Articles,geomagnetic,0.84,hard
Academic Articles,well,0.0,easy
Academic Articles,satellite,0.65,hard
Academic Articles,proxy,0.33,easy
Academic Articles,geomagnetic,0.84,hard
Academic Articles,launch,0.28,easy
Academic Articles,time,0.0,easy
Academic Articles,launch,0.28,easy
Academic Articles,comparative,0.74,hard
Academic Articles,space,0.0,easy
Academic Articles,weather,0.14,easy
Academic Articles,complement,0.63,hard
Academic Articles,brief,0.22,easy
Academic Articles,literature,0.4,easy
Academic Articles,satellite,0.65,hard
Academic Articles,period,0.01,easy
Academic Articles,first,0.0,easy
Academic Articles,nearest,0.68,hard
Academic Articles,launch,0.28,easy
Academic Articles,provisional,0.78,hard
Academic Articles,time,0.0,easy
Academic Articles,day,0.0,easy
Academic Articles,around,0.0,easy
Academic Articles,entire,0.01,easy
Academic Articles,index,0.36,easy
Academic Articles,table,0.02,easy
Academic Articles,degree,0.06,easy
Academic Articles,subjectively,0.8,hard
Academic Articles,chosen,0.31,easy
Academic Articles,double,0.05,easy
Academic Articles,profile,0.11,easy
Academic Articles,occur,0.48,easy
Academic Articles,around,0.0,easy
Academic Articles,always,0.0,easy
Academic Articles,weak,0.21,easy
Academic Articles,geomagnetic,0.84,hard
Academic Articles,despite,0.07,easy
Academic Articles,steplike,0.78,hard
Academic Articles,recovery,0.62,hard
Academic Articles,profile,0.11,easy
Academic Articles,table,0.02,easy
Academic Articles,listed,0.55,hard
Academic Articles,six,0.02,easy
Academic Articles,shock,0.07,easy
Academic Articles,ranging,0.65,hard
Academic Articles,list,0.0,easy
Academic Articles,shock,0.07,easy
Academic Articles,wind,0.05,easy
Academic Articles,data,0.13,easy
Academic Articles,value,0.01,easy
Academic Articles,southward,0.71,hard
Academic Articles,magnetic,0.65,hard
Academic Articles,field,0.0,easy
Academic Articles,component,0.65,hard
Academic Articles,z,0.7,hard
Academic Articles,interplanetary,0.83,hard
Academic Articles,magnetic,0.65,hard
Academic Articles,field,0.0,easy
Academic Articles,failure,0.16,easy
Academic Articles,case,0.0,easy
Academic Articles,second,0.0,easy
Academic Articles,observe,0.47,easy
Academic Articles,list,0.0,easy
Academic Articles,shock,0.07,easy
Academic Articles,speed,0.15,easy
Academic Articles,fast,0.03,easy
Academic Articles,incoming,0.72,hard
Academic Articles,earth,0.0,easy
Academic Articles,factor,0.31,easy
Academic Articles,whereas,0.67,hard
Academic Articles,usually,0.07,easy
Academic Articles,data,0.13,easy
Academic Articles,abrupt,0.63,hard
Academic Articles,period,0.01,easy
Academic Articles,day,0.0,easy
Academic Articles,launch,0.28,easy
Academic Articles,exact,0.48,easy
Academic Articles,see,0.0,easy
Academic Articles,table,0.02,easy
Academic Articles,second,0.0,easy
Academic Articles,list,0.0,easy
Academic Articles,positive,0.23,easy
Academic Articles,trend,0.46,easy
Academic Articles,index,0.36,easy
Academic Articles,sample,0.55,hard
Academic Articles,event,0.05,easy
Academic Articles,scatter,0.63,hard
Academic Articles,particle,0.71,hard
Academic Articles,launch,0.28,easy
Academic Articles,effect,0.0,easy
Academic Articles,emission,0.62,hard
Academic Articles,particle,0.71,hard
Academic Articles,radiation,0.47,easy
Academic Articles,potential,0.24,easy
Academic Articles,additional,0.42,easy
Academic Articles,risk,0.33,easy
Academic Articles,ongoing,0.76,hard
Academic Articles,geomagnetic,0.84,hard
Academic Articles,disturbance,0.65,hard
Academic Articles,information,0.03,easy
Academic Articles,solar,0.73,hard
Academic Articles,additionally,0.81,hard
Academic Articles,see,0.0,easy
Academic Articles,data,0.13,easy
Academic Articles,similar,0.06,easy
Academic Articles,proton,0.76,hard
Academic Articles,electron,0.71,hard
Academic Articles,particle,0.71,hard
Academic Articles,selected,0.17,easy
Academic Articles,occur,0.48,easy
Academic Articles,launch,0.28,easy
Academic Articles,event,0.05,easy
Academic Articles,table,0.02,easy
Academic Articles,six,0.02,easy
Academic Articles,emission,0.62,hard
Academic Articles,found,0.0,easy
Academic Articles,either,0.0,easy
Academic Articles,case,0.0,easy
Academic Articles,shortly,0.52,easy
Academic Articles,launch,0.28,easy
Academic Articles,coincidence,0.72,hard
Academic Articles,several,0.0,easy
Academic Articles,following,0.03,easy
Academic Articles,launch,0.28,easy
Academic Articles,event,0.05,easy
Academic Articles,proton,0.76,hard
Academic Articles,electron,0.71,hard
Academic Articles,ongoing,0.76,hard
Academic Articles,launch,0.28,easy
Academic Articles,however,0.0,easy
Academic Articles,negligible,0.77,hard
Academic Articles,particle,0.71,hard
Academic Articles,mission,0.19,easy
Academic Articles,performance,0.0,easy
Academic Articles,launch,0.28,easy
Academic Articles,time,0.0,easy
Academic Articles,might,0.0,easy
Academic Articles,launch,0.28,easy
Academic Articles,rather,0.0,easy
Academic Articles,weak,0.21,easy
Academic Articles,namely,0.65,hard
Academic Articles,radiation,0.47,easy
Academic Articles,environment,0.61,hard
Academic Articles,relatively,0.5,easy
Academic Articles,quiet,0.04,easy
Academic Articles,background,0.04,easy
Academic Articles,selected,0.17,easy
Academic Articles,see,0.0,easy
Academic Articles,failure,0.16,easy
Academic Articles,case,0.0,easy
Academic Articles,several,0.0,easy
Academic Articles,actual,0.21,easy
Academic Articles,launch,0.28,easy
Academic Articles,however,0.0,easy
Academic Articles,since,0.0,easy
Academic Articles,failure,0.16,easy
Academic Articles,several,0.0,easy
Academic Articles,day,0.0,easy
Academic Articles,launch,0.28,easy
Academic Articles,radiation,0.47,easy
Academic Articles,exposure,0.54,easy
Academic Articles,effect,0.0,easy
Academic Articles,origin,0.53,easy
Academic Articles,still,0.0,easy
Academic Articles,hazardous,0.75,hard
Academic Articles,satellite,0.65,hard
Academic Articles,time,0.0,easy
Academic Articles,time,0.0,easy
Academic Articles,figure,0.02,easy
Academic Articles,left,0.0,easy
Academic Articles,right,0.0,easy
Academic Articles,positive,0.23,easy
Academic Articles,denote,0.72,hard
Academic Articles,deployment,0.78,hard
Academic Articles,whereas,0.67,hard
Academic Articles,negative,0.29,easy
Academic Articles,time,0.0,easy
Academic Articles,denote,0.72,hard
Academic Articles,successive,0.75,hard
Academic Articles,take,0.0,easy
Academic Articles,place,0.0,easy
Academic Articles,case,0.0,easy
Academic Articles,relatively,0.5,easy
Academic Articles,launch,0.28,easy
Academic Articles,list,0.0,easy
Academic Articles,particle,0.71,hard
Academic Articles,case,0.0,easy
Academic Articles,comparative,0.74,hard
Academic Articles,failure,0.16,easy
Academic Articles,table,0.02,easy
Academic Articles,failure,0.16,easy
Academic Articles,weak,0.21,easy
Academic Articles,flare,0.43,easy
Academic Articles,ending,0.06,easy
Academic Articles,day,0.0,easy
Academic Articles,prior,0.4,easy
Academic Articles,launch,0.28,easy
Academic Articles,terrestrial,0.73,hard
Academic Articles,ionosphere,0.76,hard
Academic Articles,could,0.0,easy
Academic Articles,table,0.02,easy
Academic Articles,phenomenon,0.69,hard
Academic Articles,visual,0.31,easy
Academic Articles,single,0.01,easy
Academic Articles,storm,0.38,easy
Academic Articles,limited,0.19,easy
Academic Articles,event,0.05,easy
Academic Articles,speculate,0.72,hard
Academic Articles,launch,0.28,easy
Academic Articles,beyond,0.05,easy
Academic Articles,certain,0.0,easy
Academic Articles,particle,0.71,hard
Academic Articles,radiation,0.47,easy
Academic Articles,right,0.0,easy
Academic Articles,could,0.0,easy
Academic Articles,lead,0.0,easy
Academic Articles,future,0.0,easy
Academic Articles,atmospheric,0.78,hard
Academic Articles,drag,0.09,easy
Academic Articles,particle,0.71,hard
Academic Articles,precipitation,0.76,hard
Academic Articles,additional,0.42,easy
Academic Articles,cause,0.0,easy
Academic Articles,failure,0.16,easy
Academic Articles,discussion,0.2,easy
Academic Articles,previous,0.08,easy
Academic Articles,research,0.26,easy
Academic Articles,notable,0.61,hard
Academic Articles,failure,0.16,easy
Academic Articles,atmospheric,0.78,hard
Academic Articles,drag,0.09,easy
Academic Articles,ranging,0.65,hard
Academic Articles,staging,0.68,hard
Academic Articles,sole,0.45,easy
Academic Articles,cause,0.0,easy
Academic Articles,despite,0.07,easy
Academic Articles,fact,0.0,easy
Academic Articles,latter,0.26,easy
Academic Articles,mass,0.1,easy
Academic Articles,density,0.69,hard
Academic Articles,succession,0.66,hard
Academic Articles,day,0.0,easy
Academic Articles,accountable,0.78,hard
Academic Articles,operation,0.07,easy
Academic Articles,stability,0.67,hard
Academic Articles,atmospheric,0.78,hard
Academic Articles,research,0.26,easy
Academic Articles,therein,0.72,hard
Academic Articles,well,0.0,easy
Academic Articles,known,0.01,easy
Academic Articles,global,0.65,hard
Academic Articles,neutral,0.51,easy
Academic Articles,density,0.69,hard
Academic Articles,joule,0.74,hard
Academic Articles,heating,0.69,hard
Academic Articles,flare,0.43,easy
Academic Articles,emission,0.62,hard
Academic Articles,particle,0.71,hard
Academic Articles,precipitation,0.76,hard
Academic Articles,cause,0.0,easy
Academic Articles,additional,0.42,easy
Academic Articles,several,0.0,easy
Academic Articles,empirical,0.75,hard
Academic Articles,response,0.31,easy
Academic Articles,forecasting,0.77,hard
Academic Articles,coupling,0.71,hard
Academic Articles,however,0.0,easy
Academic Articles,satellite,0.65,hard
Academic Articles,present,0.0,easy
Academic Articles,research,0.26,easy
Academic Articles,satellite,0.65,hard
Academic Articles,better,0.0,easy
Academic Articles,economic,0.06,easy
Academic Articles,raise,0.04,easy
Academic Articles,forecasting,0.77,hard
Academic Articles,contrast,0.32,easy
Academic Articles,data,0.13,easy
Academic Articles,study,0.02,easy
Academic Articles,solar,0.73,hard
Academic Articles,additional,0.42,easy
Academic Articles,radiation,0.47,easy
Academic Articles,environment,0.61,hard
Academic Articles,solar,0.73,hard
Academic Articles,importance,0.32,easy
Academic Articles,current,0.01,easy
Academic Articles,particle,0.71,hard
Academic Articles,component,0.65,hard
Academic Articles,responsible,0.18,easy
Academic Articles,poor,0.01,easy
Academic Articles,performance,0.0,easy
Academic Articles,even,0.0,easy
Academic Articles,less,0.0,easy
Academic Articles,failure,0.16,easy
Academic Articles,support,0.0,easy
Academic Articles,search,0.0,easy
Academic Articles,additional,0.42,easy
Academic Articles,cumulative,0.77,hard
Academic Articles,satellite,0.65,hard
Academic Articles,industry,0.03,easy
Academic Articles,need,0.0,easy
Academic Articles,economic,0.06,easy
Academic Articles,study,0.02,easy
Academic Articles,solar,0.73,hard
Academic Articles,activity,0.36,easy
Academic Articles,ionospheric,0.8,hard
Academic Articles,atmospheric,0.78,hard
Academic Articles,index,0.36,easy
Academic Articles,period,0.01,easy
Academic Articles,around,0.0,easy
Academic Articles,notable,0.61,hard
Academic Articles,launch,0.28,easy
Academic Articles,storm,0.38,easy
Academic Articles,minor,0.22,easy
Academic Articles,preceding,0.68,hard
Academic Articles,following,0.03,easy
Academic Articles,launch,0.28,easy
Academic Articles,related,0.3,easy
Academic Articles,ejecta,0.78,hard
Academic Articles,shock,0.07,easy
Academic Articles,following,0.03,easy
Academic Articles,radiation,0.47,easy
Academic Articles,environment,0.61,hard
Academic Articles,energetic,0.72,hard
Academic Articles,particle,0.71,hard
Academic Articles,van,0.25,easy
Academic Articles,overall,0.37,easy
Academic Articles,performance,0.0,easy
Academic Articles,orbital,0.74,hard
Academic Articles,stability,0.67,hard
Academic Articles,satellite,0.65,hard
Academic Articles,even,0.0,easy
Academic Articles,well,0.0,easy
Academic Articles,minimize,0.67,hard
Academic Articles,future,0.0,easy
Academic Articles,failure,0.16,easy
Academic Articles,consideration,0.51,easy
Academic Articles,especially,0.02,easy
Academic Articles,solar,0.73,hard
Academic Articles,activity,0.36,easy
Academic Articles,maximum,0.47,easy
Academic Articles,could,0.0,easy
Academic Articles,consider,0.12,easy
Academic Articles,following,0.03,easy
Academic Articles,mitigation,0.78,hard
Academic Articles,fact,0.0,easy
Academic Articles,insured,0.73,hard
Academic Articles,data,0.13,easy
Academic Articles,multiple,0.19,easy
Academic Articles,forecasting,0.77,hard
Academic Articles,specific,0.22,easy
Academic Articles,operational,0.71,hard
Academic Articles,need,0.0,easy
Academic Articles,higher,0.11,easy
Academic Articles,staging,0.68,hard
Academic Articles,orbit,0.63,hard
Academic Articles,currently,0.54,easy
Academic Articles,propulsion,0.73,hard
Academic Articles,atmospheric,0.78,hard
Academic Articles,drag,0.09,easy
Academic Articles,nominal,0.64,hard
Academic Articles,reliable,0.64,hard
Academic Articles,space,0.0,easy
Academic Articles,debris,0.73,hard
Academic Articles,pollution,0.74,hard
Email Alerts,space,0.0,easy
Email Alerts,weather,0.14,easy
Email Alerts,prediction,0.75,hard
Email Alerts,center,0.03,easy
Email Alerts,geomagnetic,0.84,hard
Email Alerts,activity,0.36,easy
Email Alerts,observation,0.37,easy
Email Alerts,forecast,0.57,hard
Email Alerts,past,0.0,easy
Email Alerts,scale,0.05,easy
Email Alerts,breakdown,0.62,hard
Email Alerts,geomagnetic,0.84,hard
Email Alerts,left,0.0,easy
Email Alerts,sun,0.09,easy
Email Alerts,course,0.0,easy
Email Alerts,solar,0.73,hard
Email Alerts,radiation,0.47,easy
Email Alerts,activity,0.36,easy
Email Alerts,observation,0.37,easy
Email Alerts,forecast,0.57,hard
Email Alerts,solar,0.73,hard
Email Alerts,go,0.0,easy
Email Alerts,past,0.0,easy
Email Alerts,storm,0.38,easy
Email Alerts,level,0.0,easy
Email Alerts,solar,0.73,hard
Email Alerts,radiation,0.47,easy
Email Alerts,storm,0.38,easy
Email Alerts,forecast,0.57,hard
Email Alerts,solar,0.73,hard
Email Alerts,radiation,0.47,easy
Email Alerts,persist,0.69,hard
Email Alerts,forecast,0.57,hard
Email Alerts,period,0.01,easy
Email Alerts,given,0.0,easy
Email Alerts,activity,0.36,easy
Email Alerts,particular,0.06,easy
Email Alerts,radio,0.22,easy
Email Alerts,blackout,0.68,hard
Email Alerts,activity,0.36,easy
Email Alerts,forecast,0.57,hard
Email Alerts,radio,0.22,easy
Email Alerts,reaching,0.6,hard
Email Alerts,past,0.0,easy
Email Alerts,radio,0.22,easy
Email Alerts,blackout,0.68,hard
Email Alerts,forecast,0.57,hard
Email Alerts,radio,0.22,easy
Email Alerts,likely,0.06,easy
Email Alerts,forecast,0.57,hard
Email Alerts,period,0.01,easy
Email Alerts,primarily,0.59,hard
Email Alerts,magnetic,0.65,hard
Email Alerts,complexity,0.6,hard
Email Alerts,space,0.0,easy
Email Alerts,weather,0.14,easy
Email Alerts,prediction,0.75,hard
Email Alerts,center,0.03,easy
Email Alerts,geomagnetic,0.84,hard
Email Alerts,activity,0.36,easy
Email Alerts,observation,0.37,easy
Email Alerts,forecast,0.57,hard
Email Alerts,past,0.0,easy
Email Alerts,scale,0.05,easy
Email Alerts,scale,0.05,easy
Email Alerts,breakdown,0.62,hard
Email Alerts,geomagnetic,0.84,hard
Email Alerts,solar,0.73,hard
Email Alerts,wind,0.05,easy
Email Alerts,forecast,0.57,hard
Email Alerts,solar,0.73,hard
Email Alerts,radiation,0.47,easy
Email Alerts,activity,0.36,easy
Email Alerts,observation,0.37,easy
Email Alerts,forecast,0.57,hard
Email Alerts,solar,0.73,hard
Email Alerts,go,0.0,easy
Email Alerts,past,0.0,easy
Email Alerts,storm,0.38,easy
Email Alerts,level,0.0,easy
Email Alerts,solar,0.73,hard
Email Alerts,radiation,0.47,easy
Email Alerts,storm,0.38,easy
Email Alerts,forecast,0.57,hard
Email Alerts,solar,0.73,hard
Email Alerts,radiation,0.47,easy
Email Alerts,active,0.11,easy
Email Alerts,region,0.45,easy
Email Alerts,activity,0.36,easy
Email Alerts,favorable,0.61,hard
Email Alerts,radiation,0.47,easy
Email Alerts,storm,0.38,easy
Email Alerts,radio,0.22,easy
Email Alerts,blackout,0.68,hard
Email Alerts,activity,0.36,easy
Email Alerts,forecast,0.57,hard
Email Alerts,radio,0.22,easy
Email Alerts,reaching,0.6,hard
Email Alerts,past,0.0,easy
Email Alerts,radio,0.22,easy
Email Alerts,blackout,0.68,hard
Email Alerts,forecast,0.57,hard
Email Alerts,radio,0.22,easy
Email Alerts,likely,0.06,easy
Email Alerts,space,0.0,easy
Email Alerts,weather,0.14,easy
Email Alerts,prediction,0.75,hard
Email Alerts,center,0.03,easy
Email Alerts,geomagnetic,0.84,hard
Email Alerts,activity,0.36,easy
Email Alerts,observation,0.37,easy
Email Alerts,forecast,0.57,hard
Email Alerts,past,0.0,easy
Email Alerts,breakdown,0.62,hard
Email Alerts,day,0.0,easy
Email Alerts,activity,0.36,easy
Email Alerts,solar,0.73,hard
Email Alerts,radiation,0.47,easy
Email Alerts,activity,0.36,easy
Email Alerts,observation,0.37,easy
Email Alerts,forecast,0.57,hard
Email Alerts,solar,0.73,hard
Email Alerts,go,0.0,easy
Email Alerts,past,0.0,easy
Email Alerts,storm,0.38,easy
Email Alerts,level,0.0,easy
Email Alerts,solar,0.73,hard
Email Alerts,radiation,0.47,easy
Email Alerts,storm,0.38,easy
Email Alerts,forecast,0.57,hard
Email Alerts,solar,0.73,hard
Email Alerts,radiation,0.47,easy
Email Alerts,period,0.01,easy
Email Alerts,since,0.0,easy
Email Alerts,threshold,0.65,hard
Email Alerts,radio,0.22,easy
Email Alerts,blackout,0.68,hard
Email Alerts,activity,0.36,easy
Email Alerts,forecast,0.57,hard
Email Alerts,radio,0.22,easy
Email Alerts,reaching,0.6,hard
Email Alerts,past,0.0,easy
Email Alerts,radio,0.22,easy
Email Alerts,blackout,0.68,hard
Email Alerts,forecast,0.57,hard
Email Alerts,solar,0.73,hard
Email Alerts,correction,0.64,hard
Email Alerts,space,0.0,easy
Email Alerts,weather,0.14,easy
Email Alerts,prediction,0.75,hard
Email Alerts,center,0.03,easy
Email Alerts,geomagnetic,0.84,hard
Email Alerts,activity,0.36,easy
Email Alerts,observation,0.37,easy
Email Alerts,forecast,0.57,hard
Email Alerts,past,0.0,easy
Email Alerts,scale,0.05,easy
Email Alerts,breakdown,0.62,hard
Email Alerts,solar,0.73,hard
Email Alerts,radiation,0.47,easy
Email Alerts,activity,0.36,easy
Email Alerts,observation,0.37,easy
Email Alerts,forecast,0.57,hard
Email Alerts,solar,0.73,hard
Email Alerts,go,0.0,easy
Email Alerts,past,0.0,easy
Email Alerts,storm,0.38,easy
Email Alerts,level,0.0,easy
Email Alerts,solar,0.73,hard
Email Alerts,radiation,0.47,easy
Email Alerts,storm,0.38,easy
Email Alerts,forecast,0.57,hard
Email Alerts,slight,0.38,easy
Email Alerts,chance,0.01,easy
Email Alerts,solar,0.73,hard
Email Alerts,radiation,0.47,easy
Email Alerts,radio,0.22,easy
Email Alerts,blackout,0.68,hard
Email Alerts,activity,0.36,easy
Email Alerts,forecast,0.57,hard
Email Alerts,radio,0.22,easy
Email Alerts,reaching,0.6,hard
Email Alerts,past,0.0,easy
Email Alerts,radio,0.22,easy
Email Alerts,blackout,0.68,hard
Email Alerts,forecast,0.57,hard
Email Alerts,radio,0.22,easy
Email Alerts,likely,0.06,easy
Email Alerts,chance,0.01,easy
Email Alerts,strong,0.0,easy
Email Alerts,event,0.05,easy
Email Alerts,complex,0.02,easy
Email Alerts,visible,0.47,easy
Email Alerts,disk,0.42,easy
Email Alerts,correction,0.64,hard
Email Alerts,space,0.0,easy
Email Alerts,weather,0.14,easy
Email Alerts,prediction,0.75,hard
Email Alerts,center,0.03,easy
Email Alerts,geomagnetic,0.84,hard
Email Alerts,activity,0.36,easy
Email Alerts,observation,0.37,easy
Email Alerts,forecast,0.57,hard
Email Alerts,past,0.0,easy
Email Alerts,scale,0.05,easy
Email Alerts,breakdown,0.62,hard
Email Alerts,solar,0.73,hard
Email Alerts,radiation,0.47,easy
Email Alerts,activity,0.36,easy
Email Alerts,observation,0.37,easy
Email Alerts,forecast,0.57,hard
Email Alerts,solar,0.73,hard
Email Alerts,go,0.0,easy
Email Alerts,past,0.0,easy
Email Alerts,storm,0.38,easy
Email Alerts,level,0.0,easy
Email Alerts,solar,0.73,hard
Email Alerts,radiation,0.47,easy
Email Alerts,storm,0.38,easy
Email Alerts,forecast,0.57,hard
Email Alerts,chance,0.01,easy
Email Alerts,solar,0.73,hard
Email Alerts,radiation,0.47,easy
Email Alerts,radio,0.22,easy
Email Alerts,blackout,0.68,hard
Email Alerts,activity,0.36,easy
Email Alerts,forecast,0.57,hard
Email Alerts,radio,0.22,easy
Email Alerts,reaching,0.6,hard
Email Alerts,past,0.0,easy
Email Alerts,radio,0.22,easy
Email Alerts,blackout,0.68,hard
Email Alerts,forecast,0.57,hard
Email Alerts,radio,0.22,easy
Email Alerts,likely,0.06,easy
Email Alerts,chance,0.01,easy
Email Alerts,complex,0.02,easy
Email Alerts,visible,0.47,easy
Email Alerts,disk,0.42,easy
Email Alerts,space,0.0,easy
Email Alerts,weather,0.14,easy
Email Alerts,prediction,0.75,hard
Email Alerts,center,0.03,easy
Email Alerts,geomagnetic,0.84,hard
Email Alerts,activity,0.36,easy
Email Alerts,observation,0.37,easy
Email Alerts,forecast,0.57,hard
Email Alerts,past,0.0,easy
Email Alerts,scale,0.05,easy
Email Alerts,breakdown,0.62,hard
Email Alerts,geomagnetic,0.84,hard
Email Alerts,solar,0.73,hard
Email Alerts,radiation,0.47,easy
Email Alerts,activity,0.36,easy
Email Alerts,observation,0.37,easy
Email Alerts,forecast,0.57,hard
Email Alerts,solar,0.73,hard
Email Alerts,go,0.0,easy
Email Alerts,past,0.0,easy
Email Alerts,storm,0.38,easy
Email Alerts,level,0.0,easy
Email Alerts,solar,0.73,hard
Email Alerts,radiation,0.47,easy
Email Alerts,storm,0.38,easy
Email Alerts,forecast,0.57,hard
Email Alerts,slight,0.38,easy
Email Alerts,chance,0.01,easy
Email Alerts,solar,0.73,hard
Email Alerts,radiation,0.47,easy
Email Alerts,radio,0.22,easy
Email Alerts,blackout,0.68,hard
Email Alerts,activity,0.36,easy
Email Alerts,forecast,0.57,hard
Email Alerts,radio,0.22,easy
Email Alerts,reaching,0.6,hard
Email Alerts,past,0.0,easy
Email Alerts,radio,0.22,easy
Email Alerts,blackout,0.68,hard
Email Alerts,forecast,0.57,hard
Email Alerts,radio,0.22,easy
Email Alerts,likely,0.06,easy
Email Alerts,space,0.0,easy
Email Alerts,weather,0.14,easy
Email Alerts,prediction,0.75,hard
Email Alerts,center,0.03,easy
Email Alerts,geomagnetic,0.84,hard
Email Alerts,activity,0.36,easy
Email Alerts,observation,0.37,easy
Email Alerts,forecast,0.57,hard
Email Alerts,past,0.0,easy
Email Alerts,scale,0.05,easy
Email Alerts,scale,0.05,easy
Email Alerts,breakdown,0.62,hard
Email Alerts,geomagnetic,0.84,hard
Email Alerts,solar,0.73,hard
Email Alerts,wind,0.05,easy
Email Alerts,forecast,0.57,hard
Email Alerts,solar,0.73,hard
Email Alerts,radiation,0.47,easy
Email Alerts,activity,0.36,easy
Email Alerts,observation,0.37,easy
Email Alerts,forecast,0.57,hard
Email Alerts,solar,0.73,hard
Email Alerts,go,0.0,easy
Email Alerts,past,0.0,easy
Email Alerts,storm,0.38,easy
Email Alerts,level,0.0,easy
Email Alerts,solar,0.73,hard
Email Alerts,radiation,0.47,easy
Email Alerts,storm,0.38,easy
Email Alerts,forecast,0.57,hard
Email Alerts,chance,0.01,easy
Email Alerts,solar,0.73,hard
Email Alerts,radiation,0.47,easy
Email Alerts,next,0.0,easy
Email Alerts,day,0.0,easy
Email Alerts,primarily,0.59,hard
Email Alerts,potential,0.24,easy
Email Alerts,radio,0.22,easy
Email Alerts,blackout,0.68,hard
Email Alerts,activity,0.36,easy
Email Alerts,forecast,0.57,hard
Email Alerts,radio,0.22,easy
Email Alerts,reaching,0.6,hard
Email Alerts,past,0.0,easy
Email Alerts,radio,0.22,easy
Email Alerts,blackout,0.68,hard
Email Alerts,forecast,0.57,hard
Email Alerts,radio,0.22,easy
Email Alerts,flare,0.43,easy
Email Alerts,activity,0.36,easy
Email Alerts,given,0.0,easy
Email Alerts,recent,0.03,easy
Email Alerts,flare,0.43,easy
Email Alerts,chance,0.01,easy
Email Alerts,radio,0.22,easy
Email Alerts,blackout,0.68,hard
Email Alerts,persist,0.69,hard
Email Alerts,space,0.0,easy
Email Alerts,weather,0.14,easy
Email Alerts,prediction,0.75,hard
Email Alerts,center,0.03,easy
Email Alerts,geomagnetic,0.84,hard
Email Alerts,activity,0.36,easy
Email Alerts,observation,0.37,easy
Email Alerts,forecast,0.57,hard
Email Alerts,past,0.0,easy
Email Alerts,scale,0.05,easy
Email Alerts,scale,0.05,easy
Email Alerts,breakdown,0.62,hard
Email Alerts,geomagnetic,0.84,hard
Email Alerts,solar,0.73,hard
Email Alerts,wind,0.05,easy
Email Alerts,forecast,0.57,hard
Email Alerts,solar,0.73,hard
Email Alerts,radiation,0.47,easy
Email Alerts,activity,0.36,easy
Email Alerts,observation,0.37,easy
Email Alerts,forecast,0.57,hard
Email Alerts,solar,0.73,hard
Email Alerts,go,0.0,easy
Email Alerts,past,0.0,easy
Email Alerts,storm,0.38,easy
Email Alerts,level,0.0,easy
Email Alerts,solar,0.73,hard
Email Alerts,radiation,0.47,easy
Email Alerts,storm,0.38,easy
Email Alerts,forecast,0.57,hard
Email Alerts,slight,0.38,easy
Email Alerts,increasing,0.45,easy
Email Alerts,chance,0.01,easy
Email Alerts,following,0.03,easy
Email Alerts,near,0.01,easy
Email Alerts,center,0.03,easy
Email Alerts,disk,0.42,easy
Email Alerts,radio,0.22,easy
Email Alerts,blackout,0.68,hard
Email Alerts,activity,0.36,easy
Email Alerts,forecast,0.57,hard
Email Alerts,radio,0.22,easy
Email Alerts,reaching,0.6,hard
Email Alerts,past,0.0,easy
Email Alerts,radio,0.22,easy
Email Alerts,blackout,0.68,hard
Email Alerts,forecast,0.57,hard
Email Alerts,radio,0.22,easy
Email Alerts,radio,0.22,easy
Email Alerts,space,0.0,easy
Email Alerts,weather,0.14,easy
Email Alerts,prediction,0.75,hard
Email Alerts,center,0.03,easy
Email Alerts,geomagnetic,0.84,hard
Email Alerts,activity,0.36,easy
Email Alerts,observation,0.37,easy
Email Alerts,forecast,0.57,hard
Email Alerts,past,0.0,easy
Email Alerts,scale,0.05,easy
Email Alerts,scale,0.05,easy
Email Alerts,breakdown,0.62,hard
Email Alerts,geomagnetic,0.84,hard
Email Alerts,solar,0.73,hard
Email Alerts,wind,0.05,easy
Email Alerts,forecast,0.57,hard
Email Alerts,solar,0.73,hard
Email Alerts,radiation,0.47,easy
Email Alerts,activity,0.36,easy
Email Alerts,observation,0.37,easy
Email Alerts,forecast,0.57,hard
Email Alerts,solar,0.73,hard
Email Alerts,go,0.0,easy
Email Alerts,past,0.0,easy
Email Alerts,storm,0.38,easy
Email Alerts,level,0.0,easy
Email Alerts,solar,0.73,hard
Email Alerts,radiation,0.47,easy
Email Alerts,storm,0.38,easy
Email Alerts,forecast,0.57,hard
Email Alerts,solar,0.73,hard
Email Alerts,radiation,0.47,easy
Email Alerts,active,0.11,easy
Email Alerts,region,0.45,easy
Email Alerts,activity,0.36,easy
Email Alerts,favorable,0.61,hard
Email Alerts,radiation,0.47,easy
Email Alerts,storm,0.38,easy
Email Alerts,radio,0.22,easy
Email Alerts,blackout,0.68,hard
Email Alerts,activity,0.36,easy
Email Alerts,past,0.0,easy
Email Alerts,radio,0.22,easy
Email Alerts,blackout,0.68,hard
Email Alerts,forecast,0.57,hard
Email Alerts,increasing,0.45,easy
Email Alerts,chance,0.01,easy
Email Alerts,radio,0.22,easy
Email Alerts,next,0.0,easy
Email Alerts,region,0.45,easy
Email Alerts,space,0.0,easy
Email Alerts,weather,0.14,easy
Email Alerts,prediction,0.75,hard
Email Alerts,center,0.03,easy
Email Alerts,geomagnetic,0.84,hard
Email Alerts,activity,0.36,easy
Email Alerts,observation,0.37,easy
Email Alerts,forecast,0.57,hard
Email Alerts,past,0.0,easy
Email Alerts,scale,0.05,easy
Email Alerts,scale,0.05,easy
Email Alerts,breakdown,0.62,hard
Email Alerts,geomagnetic,0.84,hard
Email Alerts,solar,0.73,hard
Email Alerts,wind,0.05,easy
Email Alerts,forecast,0.57,hard
Email Alerts,solar,0.73,hard
Email Alerts,radiation,0.47,easy
Email Alerts,activity,0.36,easy
Email Alerts,observation,0.37,easy
Email Alerts,forecast,0.57,hard
Email Alerts,solar,0.73,hard
Email Alerts,go,0.0,easy
Email Alerts,past,0.0,easy
Email Alerts,storm,0.38,easy
Email Alerts,level,0.0,easy
Email Alerts,solar,0.73,hard
Email Alerts,radiation,0.47,easy
Email Alerts,storm,0.38,easy
Email Alerts,forecast,0.57,hard
Email Alerts,solar,0.73,hard
Email Alerts,radiation,0.47,easy
Email Alerts,active,0.11,easy
Email Alerts,region,0.45,easy
Email Alerts,activity,0.36,easy
Email Alerts,favorable,0.61,hard
Email Alerts,radiation,0.47,easy
Email Alerts,storm,0.38,easy
Email Alerts,radio,0.22,easy
Email Alerts,blackout,0.68,hard
Email Alerts,activity,0.36,easy
Email Alerts,forecast,0.57,hard
Email Alerts,radio,0.22,easy
Email Alerts,reaching,0.6,hard
Email Alerts,past,0.0,easy
Email Alerts,radio,0.22,easy
Email Alerts,blackout,0.68,hard
Email Alerts,forecast,0.57,hard
Email Alerts,solar,0.73,hard
Email Alerts,flare,0.43,easy
Email Alerts,chance,0.01,easy
Email Alerts,magnetically,0.82,hard
Email Alerts,complex,0.02,easy
Email Alerts,disk,0.42,easy
Email Alerts,space,0.0,easy
Email Alerts,weather,0.14,easy
Email Alerts,prediction,0.75,hard
Email Alerts,center,0.03,easy
Email Alerts,geomagnetic,0.84,hard
Email Alerts,activity,0.36,easy
Email Alerts,observation,0.37,easy
Email Alerts,forecast,0.57,hard
Email Alerts,past,0.0,easy
Email Alerts,scale,0.05,easy
Email Alerts,scale,0.05,easy
Email Alerts,breakdown,0.62,hard
Email Alerts,geomagnetic,0.84,hard
Email Alerts,solar,0.73,hard
Email Alerts,wind,0.05,easy
Email Alerts,forecast,0.57,hard
Email Alerts,solar,0.73,hard
Email Alerts,radiation,0.47,easy
Email Alerts,activity,0.36,easy
Email Alerts,observation,0.37,easy
Email Alerts,forecast,0.57,hard
Email Alerts,solar,0.73,hard
Email Alerts,go,0.0,easy
Email Alerts,past,0.0,easy
Email Alerts,storm,0.38,easy
Email Alerts,level,0.0,easy
Email Alerts,solar,0.73,hard
Email Alerts,radiation,0.47,easy
Email Alerts,storm,0.38,easy
Email Alerts,forecast,0.57,hard
Email Alerts,solar,0.73,hard
Email Alerts,radiation,0.47,easy
Email Alerts,slight,0.38,easy
Email Alerts,radio,0.22,easy
Email Alerts,blackout,0.68,hard
Email Alerts,activity,0.36,easy
Email Alerts,past,0.0,easy
Email Alerts,radio,0.22,easy
Email Alerts,blackout,0.68,hard
Email Alerts,forecast,0.57,hard
Email Alerts,solar,0.73,hard
Email Alerts,low,0.0,easy
Email Alerts,space,0.0,easy
Email Alerts,weather,0.14,easy
Email Alerts,prediction,0.75,hard
Email Alerts,center,0.03,easy
Email Alerts,geomagnetic,0.84,hard
Email Alerts,activity,0.36,easy
Email Alerts,observation,0.37,easy
Email Alerts,forecast,0.57,hard
Email Alerts,past,0.0,easy
Email Alerts,scale,0.05,easy
Email Alerts,scale,0.05,easy
Email Alerts,breakdown,0.62,hard
Email Alerts,geomagnetic,0.84,hard
Email Alerts,solar,0.73,hard
Email Alerts,wind,0.05,easy
Email Alerts,forecast,0.57,hard
Email Alerts,solar,0.73,hard
Email Alerts,radiation,0.47,easy
Email Alerts,activity,0.36,easy
Email Alerts,observation,0.37,easy
Email Alerts,forecast,0.57,hard
Email Alerts,solar,0.73,hard
Email Alerts,go,0.0,easy
Email Alerts,past,0.0,easy
Email Alerts,storm,0.38,easy
Email Alerts,level,0.0,easy
Email Alerts,solar,0.73,hard
Email Alerts,radiation,0.47,easy
Email Alerts,storm,0.38,easy
Email Alerts,forecast,0.57,hard
Email Alerts,slight,0.38,easy
Email Alerts,chance,0.01,easy
Email Alerts,solar,0.73,hard
Email Alerts,radiation,0.47,easy
Email Alerts,radio,0.22,easy
Email Alerts,blackout,0.68,hard
Email Alerts,activity,0.36,easy
Email Alerts,forecast,0.57,hard
Email Alerts,radio,0.22,easy
Email Alerts,reaching,0.6,hard
Email Alerts,past,0.0,easy
Email Alerts,radio,0.22,easy
Email Alerts,blackout,0.68,hard
Email Alerts,forecast,0.57,hard
Email Alerts,radio,0.22,easy
Email Alerts,likely,0.06,easy
Email Alerts,space,0.0,easy
Email Alerts,weather,0.14,easy
Email Alerts,prediction,0.75,hard
Email Alerts,center,0.03,easy
Email Alerts,geomagnetic,0.84,hard
Email Alerts,activity,0.36,easy
Email Alerts,observation,0.37,easy
Email Alerts,forecast,0.57,hard
Email Alerts,past,0.0,easy
Email Alerts,scale,0.05,easy
Email Alerts,scale,0.05,easy
Email Alerts,breakdown,0.62,hard
Email Alerts,geomagnetic,0.84,hard
Email Alerts,solar,0.73,hard
Email Alerts,wind,0.05,easy
Email Alerts,forecast,0.57,hard
Email Alerts,solar,0.73,hard
Email Alerts,radiation,0.47,easy
Email Alerts,activity,0.36,easy
Email Alerts,observation,0.37,easy
Email Alerts,forecast,0.57,hard
Email Alerts,solar,0.73,hard
Email Alerts,go,0.0,easy
Email Alerts,past,0.0,easy
Email Alerts,storm,0.38,easy
Email Alerts,level,0.0,easy
Email Alerts,solar,0.73,hard
Email Alerts,radiation,0.47,easy
Email Alerts,storm,0.38,easy
Email Alerts,forecast,0.57,hard
Email Alerts,chance,0.01,easy
Email Alerts,greater,0.1,easy
Email Alerts,proton,0.76,hard
Email Alerts,elevated,0.72,hard
Email Alerts,threshold,0.65,hard
Email Alerts,radio,0.22,easy
Email Alerts,blackout,0.68,hard
Email Alerts,activity,0.36,easy
Email Alerts,forecast,0.57,hard
Email Alerts,radio,0.22,easy
Email Alerts,reaching,0.6,hard
Email Alerts,past,0.0,easy
Email Alerts,radio,0.22,easy
Email Alerts,blackout,0.68,hard
Email Alerts,forecast,0.57,hard
Email Alerts,space,0.0,easy
Email Alerts,weather,0.14,easy
Email Alerts,prediction,0.75,hard
Email Alerts,center,0.03,easy
Email Alerts,geomagnetic,0.84,hard
Email Alerts,activity,0.36,easy
Email Alerts,observation,0.37,easy
Email Alerts,forecast,0.57,hard
Email Alerts,past,0.0,easy
Email Alerts,scale,0.05,easy
Email Alerts,scale,0.05,easy
Email Alerts,breakdown,0.62,hard
Email Alerts,geomagnetic,0.84,hard
Email Alerts,solar,0.73,hard
Email Alerts,wind,0.05,easy
Email Alerts,forecast,0.57,hard
Email Alerts,solar,0.73,hard
Email Alerts,radiation,0.47,easy
Email Alerts,activity,0.36,easy
Email Alerts,observation,0.37,easy
Email Alerts,forecast,0.57,hard
Email Alerts,solar,0.73,hard
Email Alerts,go,0.0,easy
Email Alerts,past,0.0,easy
Email Alerts,storm,0.38,easy
Email Alerts,level,0.0,easy
Email Alerts,solar,0.73,hard
Email Alerts,radiation,0.47,easy
Email Alerts,storm,0.38,easy
Email Alerts,forecast,0.57,hard
Email Alerts,slight,0.38,easy
Email Alerts,chance,0.01,easy
Email Alerts,solar,0.73,hard
Email Alerts,radiation,0.47,easy
Email Alerts,radio,0.22,easy
Email Alerts,blackout,0.68,hard
Email Alerts,activity,0.36,easy
Email Alerts,forecast,0.57,hard
Email Alerts,radio,0.22,easy
Email Alerts,reaching,0.6,hard
Email Alerts,past,0.0,easy
Email Alerts,radio,0.22,easy
Email Alerts,blackout,0.68,hard
Email Alerts,forecast,0.57,hard
Email Alerts,radio,0.22,easy
Email Alerts,likely,0.06,easy
Email Alerts,chance,0.01,easy
Email Alerts,space,0.0,easy
Email Alerts,weather,0.14,easy
Email Alerts,prediction,0.75,hard
Email Alerts,center,0.03,easy
Email Alerts,geomagnetic,0.84,hard
Email Alerts,activity,0.36,easy
Email Alerts,observation,0.37,easy
Email Alerts,forecast,0.57,hard
Email Alerts,past,0.0,easy
Email Alerts,scale,0.05,easy
Email Alerts,scale,0.05,easy
Email Alerts,breakdown,0.62,hard
Email Alerts,geomagnetic,0.84,hard
Email Alerts,solar,0.73,hard
Email Alerts,wind,0.05,easy
Email Alerts,forecast,0.57,hard
Email Alerts,solar,0.73,hard
Email Alerts,radiation,0.47,easy
Email Alerts,activity,0.36,easy
Email Alerts,observation,0.37,easy
Email Alerts,forecast,0.57,hard
Email Alerts,solar,0.73,hard
Email Alerts,go,0.0,easy
Email Alerts,past,0.0,easy
Email Alerts,storm,0.38,easy
Email Alerts,level,0.0,easy
Email Alerts,solar,0.73,hard
Email Alerts,radiation,0.47,easy
Email Alerts,storm,0.38,easy
Email Alerts,forecast,0.57,hard
Email Alerts,solar,0.73,hard
Email Alerts,radiation,0.47,easy
Email Alerts,active,0.11,easy
Email Alerts,region,0.45,easy
Email Alerts,activity,0.36,easy
Email Alerts,favorable,0.61,hard
Email Alerts,radiation,0.47,easy
Email Alerts,storm,0.38,easy
Email Alerts,radio,0.22,easy
Email Alerts,blackout,0.68,hard
Email Alerts,activity,0.36,easy
Email Alerts,past,0.0,easy
Email Alerts,radio,0.22,easy
Email Alerts,blackout,0.68,hard
Email Alerts,forecast,0.57,hard
Email Alerts,chance,0.01,easy
Email Alerts,radio,0.22,easy
Email Alerts,flare,0.43,easy
Email Alerts,activity,0.36,easy
Email Alerts,persist,0.69,hard
Email Alerts,forecast,0.57,hard
Email Alerts,western,0.47,easy
Email Alerts,limb,0.62,hard
Email Alerts,space,0.0,easy
Email Alerts,weather,0.14,easy
Email Alerts,prediction,0.75,hard
Email Alerts,center,0.03,easy
Email Alerts,geomagnetic,0.84,hard
Email Alerts,activity,0.36,easy
Email Alerts,observation,0.37,easy
Email Alerts,forecast,0.57,hard
Email Alerts,past,0.0,easy
Email Alerts,scale,0.05,easy
Email Alerts,scale,0.05,easy
Email Alerts,breakdown,0.62,hard
Email Alerts,geomagnetic,0.84,hard
Email Alerts,solar,0.73,hard
Email Alerts,wind,0.05,easy
Email Alerts,forecast,0.57,hard
Email Alerts,solar,0.73,hard
Email Alerts,radiation,0.47,easy
Email Alerts,activity,0.36,easy
Email Alerts,observation,0.37,easy
Email Alerts,forecast,0.57,hard
Email Alerts,solar,0.73,hard
Email Alerts,go,0.0,easy
Email Alerts,past,0.0,easy
Email Alerts,storm,0.38,easy
Email Alerts,level,0.0,easy
Email Alerts,solar,0.73,hard
Email Alerts,radiation,0.47,easy
Email Alerts,storm,0.38,easy
Email Alerts,forecast,0.57,hard
Email Alerts,solar,0.73,hard
Email Alerts,radiation,0.47,easy
Email Alerts,active,0.11,easy
Email Alerts,region,0.45,easy
Email Alerts,activity,0.36,easy
Email Alerts,favorable,0.61,hard
Email Alerts,radiation,0.47,easy
Email Alerts,storm,0.38,easy
Email Alerts,radio,0.22,easy
Email Alerts,blackout,0.68,hard
Email Alerts,activity,0.36,easy
Email Alerts,past,0.0,easy
Email Alerts,radio,0.22,easy
Email Alerts,blackout,0.68,hard
Email Alerts,forecast,0.57,hard
Email Alerts,chance,0.01,easy
Email Alerts,space,0.0,easy
Email Alerts,weather,0.14,easy
Email Alerts,prediction,0.75,hard
Email Alerts,center,0.03,easy
Email Alerts,geomagnetic,0.84,hard
Email Alerts,activity,0.36,easy
Email Alerts,observation,0.37,easy
Email Alerts,forecast,0.57,hard
Email Alerts,past,0.0,easy
Email Alerts,scale,0.05,easy
Email Alerts,scale,0.05,easy
Email Alerts,breakdown,0.62,hard
Email Alerts,minor,0.22,easy
Email Alerts,storm,0.38,easy
Email Alerts,potential,0.24,easy
Email Alerts,glancing,0.76,hard
Email Alerts,blow,0.02,easy
Email Alerts,western,0.47,easy
Email Alerts,limb,0.62,hard
Email Alerts,associated,0.64,hard
Email Alerts,solar,0.73,hard
Email Alerts,radiation,0.47,easy
Email Alerts,activity,0.36,easy
Email Alerts,observation,0.37,easy
Email Alerts,forecast,0.57,hard
Email Alerts,solar,0.73,hard
Email Alerts,go,0.0,easy
Email Alerts,past,0.0,easy
Email Alerts,storm,0.38,easy
Email Alerts,level,0.0,easy
Email Alerts,solar,0.73,hard
Email Alerts,radiation,0.47,easy
Email Alerts,storm,0.38,easy
Email Alerts,forecast,0.57,hard
Email Alerts,greater,0.1,easy
Email Alerts,proton,0.76,hard
Email Alerts,chance,0.01,easy
Email Alerts,radiation,0.47,easy
Email Alerts,storm,0.38,easy
Email Alerts,event,0.05,easy
Email Alerts,transit,0.59,hard
Email Alerts,western,0.47,easy
Email Alerts,limb,0.62,hard
Email Alerts,radio,0.22,easy
Email Alerts,blackout,0.68,hard
Email Alerts,activity,0.36,easy
Email Alerts,past,0.0,easy
Email Alerts,radio,0.22,easy
Email Alerts,blackout,0.68,hard
Email Alerts,forecast,0.57,hard
Email Alerts,solar,0.73,hard
Email Alerts,moderate,0.46,easy
Email Alerts,likely,0.06,easy
Email Alerts,slight,0.38,easy
Email Alerts,chance,0.01,easy
Email Alerts,space,0.0,easy
Email Alerts,weather,0.14,easy
Email Alerts,prediction,0.75,hard
Email Alerts,center,0.03,easy
Email Alerts,geomagnetic,0.84,hard
Email Alerts,activity,0.36,easy
Email Alerts,observation,0.37,easy
Email Alerts,forecast,0.57,hard
Email Alerts,past,0.0,easy
Email Alerts,breakdown,0.62,hard
Email Alerts,geomagnetic,0.84,hard
Email Alerts,geomagnetic,0.84,hard
Email Alerts,storm,0.38,easy
Email Alerts,storm,0.38,easy
Email Alerts,left,0.0,easy
Email Alerts,solar,0.73,hard
Email Alerts,radiation,0.47,easy
Email Alerts,activity,0.36,easy
Email Alerts,observation,0.37,easy
Email Alerts,forecast,0.57,hard
Email Alerts,solar,0.73,hard
Email Alerts,go,0.0,easy
Email Alerts,past,0.0,easy
Email Alerts,storm,0.38,easy
Email Alerts,level,0.0,easy
Email Alerts,solar,0.73,hard
Email Alerts,radiation,0.47,easy
Email Alerts,storm,0.38,easy
Email Alerts,forecast,0.57,hard
Email Alerts,greater,0.1,easy
Email Alerts,proton,0.76,hard
Email Alerts,chance,0.01,easy
Email Alerts,radiation,0.47,easy
Email Alerts,storm,0.38,easy
Email Alerts,event,0.05,easy
Email Alerts,western,0.47,easy
Email Alerts,limb,0.62,hard
Email Alerts,radio,0.22,easy
Email Alerts,blackout,0.68,hard
Email Alerts,activity,0.36,easy
Email Alerts,forecast,0.57,hard
Email Alerts,radio,0.22,easy
Email Alerts,reaching,0.6,hard
Email Alerts,past,0.0,easy
Email Alerts,radio,0.22,easy
Email Alerts,blackout,0.68,hard
Email Alerts,forecast,0.57,hard
Email Alerts,radio,0.22,easy
Email Alerts,likely,0.06,easy
Email Alerts,space,0.0,easy
Email Alerts,weather,0.14,easy
Email Alerts,prediction,0.75,hard
Email Alerts,center,0.03,easy
Email Alerts,geomagnetic,0.84,hard
Email Alerts,activity,0.36,easy
Email Alerts,observation,0.37,easy
Email Alerts,forecast,0.57,hard
Email Alerts,past,0.0,easy
Email Alerts,scale,0.05,easy
Email Alerts,breakdown,0.62,hard
Email Alerts,geomagnetic,0.84,hard
Email Alerts,transient,0.71,hard
Email Alerts,influence,0.13,easy
Email Alerts,solar,0.73,hard
Email Alerts,radiation,0.47,easy
Email Alerts,activity,0.36,easy
Email Alerts,observation,0.37,easy
Email Alerts,forecast,0.57,hard
Email Alerts,solar,0.73,hard
Email Alerts,go,0.0,easy
Email Alerts,past,0.0,easy
Email Alerts,storm,0.38,easy
Email Alerts,level,0.0,easy
Email Alerts,solar,0.73,hard
Email Alerts,radiation,0.47,easy
Email Alerts,storm,0.38,easy
Email Alerts,forecast,0.57,hard
Email Alerts,solar,0.73,hard
Email Alerts,radiation,0.47,easy
Email Alerts,active,0.11,easy
Email Alerts,region,0.45,easy
Email Alerts,activity,0.36,easy
Email Alerts,favorable,0.61,hard
Email Alerts,radiation,0.47,easy
Email Alerts,storm,0.38,easy
Email Alerts,radio,0.22,easy
Email Alerts,blackout,0.68,hard
Email Alerts,activity,0.36,easy
Email Alerts,forecast,0.57,hard
Email Alerts,radio,0.22,easy
Email Alerts,reaching,0.6,hard
Email Alerts,past,0.0,easy
Email Alerts,radio,0.22,easy
Email Alerts,blackout,0.68,hard
Email Alerts,forecast,0.57,hard
Email Alerts,slight,0.38,easy
Email Alerts,chance,0.01,easy
Email Alerts,radio,0.22,easy
Email Alerts,next,0.0,easy
Email Alerts,day,0.0,easy
Email Alerts,space,0.0,easy
Email Alerts,weather,0.14,easy
Email Alerts,prediction,0.75,hard
Email Alerts,center,0.03,easy
Email Alerts,geomagnetic,0.84,hard
Email Alerts,activity,0.36,easy
Email Alerts,observation,0.37,easy
Email Alerts,forecast,0.57,hard
Email Alerts,past,0.0,easy
Email Alerts,scale,0.05,easy
Email Alerts,breakdown,0.62,hard
Email Alerts,geomagnetic,0.84,hard
Email Alerts,storm,0.38,easy
Email Alerts,likely,0.06,easy
Email Alerts,solar,0.73,hard
Email Alerts,radiation,0.47,easy
Email Alerts,activity,0.36,easy
Email Alerts,observation,0.37,easy
Email Alerts,forecast,0.57,hard
Email Alerts,solar,0.73,hard
Email Alerts,go,0.0,easy
Email Alerts,past,0.0,easy
Email Alerts,storm,0.38,easy
Email Alerts,level,0.0,easy
Email Alerts,solar,0.73,hard
Email Alerts,radiation,0.47,easy
Email Alerts,storm,0.38,easy
Email Alerts,forecast,0.57,hard
Email Alerts,slight,0.38,easy
Email Alerts,chance,0.01,easy
Email Alerts,solar,0.73,hard
Email Alerts,radiation,0.47,easy
Email Alerts,radio,0.22,easy
Email Alerts,blackout,0.68,hard
Email Alerts,activity,0.36,easy
Email Alerts,forecast,0.57,hard
Email Alerts,radio,0.22,easy
Email Alerts,reaching,0.6,hard
Email Alerts,past,0.0,easy
Email Alerts,radio,0.22,easy
Email Alerts,blackout,0.68,hard
Email Alerts,forecast,0.57,hard
Email Alerts,radio,0.22,easy
Email Alerts,space,0.0,easy
Email Alerts,weather,0.14,easy
Email Alerts,prediction,0.75,hard
Email Alerts,center,0.03,easy
Email Alerts,geomagnetic,0.84,hard
Email Alerts,activity,0.36,easy
Email Alerts,observation,0.37,easy
Email Alerts,forecast,0.57,hard
Email Alerts,past,0.0,easy
Email Alerts,scale,0.05,easy
Email Alerts,scale,0.05,easy
Email Alerts,breakdown,0.62,hard
Email Alerts,geomagnetic,0.84,hard
Email Alerts,solar,0.73,hard
Email Alerts,wind,0.05,easy
Email Alerts,forecast,0.57,hard
Email Alerts,solar,0.73,hard
Email Alerts,radiation,0.47,easy
Email Alerts,activity,0.36,easy
Email Alerts,observation,0.37,easy
Email Alerts,forecast,0.57,hard
Email Alerts,solar,0.73,hard
Email Alerts,go,0.0,easy
Email Alerts,past,0.0,easy
Email Alerts,storm,0.38,easy
Email Alerts,level,0.0,easy
Email Alerts,solar,0.73,hard
Email Alerts,radiation,0.47,easy
Email Alerts,storm,0.38,easy
Email Alerts,forecast,0.57,hard
Email Alerts,solar,0.73,hard
Email Alerts,radiation,0.47,easy
Email Alerts,active,0.11,easy
Email Alerts,region,0.45,easy
Email Alerts,activity,0.36,easy
Email Alerts,favorable,0.61,hard
Email Alerts,radiation,0.47,easy
Email Alerts,storm,0.38,easy
Email Alerts,radio,0.22,easy
Email Alerts,blackout,0.68,hard
Email Alerts,activity,0.36,easy
Email Alerts,past,0.0,easy
Email Alerts,radio,0.22,easy
Email Alerts,blackout,0.68,hard
Email Alerts,forecast,0.57,hard
Email Alerts,solar,0.73,hard
Email Alerts,flare,0.43,easy
Email Alerts,chance,0.01,easy
Email Alerts,magnetically,0.82,hard
Email Alerts,complex,0.02,easy
Email Alerts,disk,0.42,easy
Email Alerts,space,0.0,easy
Email Alerts,weather,0.14,easy
Email Alerts,prediction,0.75,hard
Email Alerts,center,0.03,easy
Email Alerts,geomagnetic,0.84,hard
Email Alerts,activity,0.36,easy
Email Alerts,observation,0.37,easy
Email Alerts,forecast,0.57,hard
Email Alerts,past,0.0,easy
Email Alerts,scale,0.05,easy
Email Alerts,scale,0.05,easy
Email Alerts,breakdown,0.62,hard
Email Alerts,geomagnetic,0.84,hard
Email Alerts,solar,0.73,hard
Email Alerts,wind,0.05,easy
Email Alerts,forecast,0.57,hard
Email Alerts,solar,0.73,hard
Email Alerts,radiation,0.47,easy
Email Alerts,activity,0.36,easy
Email Alerts,observation,0.37,easy
Email Alerts,forecast,0.57,hard
Email Alerts,solar,0.73,hard
Email Alerts,go,0.0,easy
Email Alerts,past,0.0,easy
Email Alerts,storm,0.38,easy
Email Alerts,level,0.0,easy
Email Alerts,solar,0.73,hard
Email Alerts,radiation,0.47,easy
Email Alerts,storm,0.38,easy
Email Alerts,forecast,0.57,hard
Email Alerts,solar,0.73,hard
Email Alerts,radiation,0.47,easy
Email Alerts,active,0.11,easy
Email Alerts,region,0.45,easy
Email Alerts,activity,0.36,easy
Email Alerts,favorable,0.61,hard
Email Alerts,radiation,0.47,easy
Email Alerts,storm,0.38,easy
Email Alerts,radio,0.22,easy
Email Alerts,blackout,0.68,hard
Email Alerts,activity,0.36,easy
Email Alerts,past,0.0,easy
Email Alerts,radio,0.22,easy
Email Alerts,blackout,0.68,hard
Email Alerts,forecast,0.57,hard
Email Alerts,increasing,0.45,easy
Email Alerts,chance,0.01,easy
Email Alerts,radio,0.22,easy
Email Alerts,next,0.0,easy
Email Alerts,day,0.0,easy
Email Alerts,primarily,0.59,hard
Email Alerts,region,0.45,easy
Email Alerts,correction,0.64,hard
Email Alerts,space,0.0,easy
Email Alerts,weather,0.14,easy
Email Alerts,prediction,0.75,hard
Email Alerts,center,0.03,easy
Email Alerts,geomagnetic,0.84,hard
Email Alerts,activity,0.36,easy
Email Alerts,observation,0.37,easy
Email Alerts,forecast,0.57,hard
Email Alerts,past,0.0,easy
Email Alerts,scale,0.05,easy
Email Alerts,breakdown,0.62,hard
Email Alerts,geomagnetic,0.84,hard
Email Alerts,storm,0.38,easy
Email Alerts,effect,0.0,easy
Email Alerts,left,0.0,easy
Email Alerts,solar,0.73,hard
Email Alerts,radiation,0.47,easy
Email Alerts,activity,0.36,easy
Email Alerts,observation,0.37,easy
Email Alerts,forecast,0.57,hard
Email Alerts,solar,0.73,hard
Email Alerts,go,0.0,easy
Email Alerts,past,0.0,easy
Email Alerts,storm,0.38,easy
Email Alerts,level,0.0,easy
Email Alerts,solar,0.73,hard
Email Alerts,radiation,0.47,easy
Email Alerts,storm,0.38,easy
Email Alerts,forecast,0.57,hard
Email Alerts,slight,0.38,easy
Email Alerts,chance,0.01,easy
Email Alerts,solar,0.73,hard
Email Alerts,radiation,0.47,easy
Email Alerts,radio,0.22,easy
Email Alerts,blackout,0.68,hard
Email Alerts,activity,0.36,easy
Email Alerts,forecast,0.57,hard
Email Alerts,radio,0.22,easy
Email Alerts,reaching,0.6,hard
Email Alerts,past,0.0,easy
Email Alerts,radio,0.22,easy
Email Alerts,blackout,0.68,hard
Email Alerts,forecast,0.57,hard
Email Alerts,radio,0.22,easy
Email Alerts,likely,0.06,easy
Email Alerts,chance,0.01,easy
Email Alerts,strong,0.0,easy
Email Alerts,event,0.05,easy
Email Alerts,complex,0.02,easy
Email Alerts,visible,0.47,easy
Email Alerts,disk,0.42,easy
Email Alerts,correction,0.64,hard
Email Alerts,space,0.0,easy
Email Alerts,weather,0.14,easy
Email Alerts,prediction,0.75,hard
Email Alerts,center,0.03,easy
Email Alerts,geomagnetic,0.84,hard
Email Alerts,activity,0.36,easy
Email Alerts,observation,0.37,easy
Email Alerts,forecast,0.57,hard
Email Alerts,past,0.0,easy
Email Alerts,scale,0.05,easy
Email Alerts,scale,0.05,easy
Email Alerts,breakdown,0.62,hard
Email Alerts,geomagnetic,0.84,hard
Email Alerts,solar,0.73,hard
Email Alerts,wind,0.05,easy
Email Alerts,forecast,0.57,hard
Email Alerts,solar,0.73,hard
Email Alerts,radiation,0.47,easy
Email Alerts,activity,0.36,easy
Email Alerts,observation,0.37,easy
Email Alerts,forecast,0.57,hard
Email Alerts,solar,0.73,hard
Email Alerts,go,0.0,easy
Email Alerts,past,0.0,easy
Email Alerts,storm,0.38,easy
Email Alerts,level,0.0,easy
Email Alerts,solar,0.73,hard
Email Alerts,radiation,0.47,easy
Email Alerts,storm,0.38,easy
Email Alerts,forecast,0.57,hard
Email Alerts,solar,0.73,hard
Email Alerts,radiation,0.47,easy
Email Alerts,active,0.11,easy
Email Alerts,region,0.45,easy
Email Alerts,activity,0.36,easy
Email Alerts,favorable,0.61,hard
Email Alerts,radiation,0.47,easy
Email Alerts,storm,0.38,easy
Email Alerts,radio,0.22,easy
Email Alerts,blackout,0.68,hard
Email Alerts,activity,0.36,easy
Email Alerts,forecast,0.57,hard
Email Alerts,radio,0.22,easy
Email Alerts,reaching,0.6,hard
Email Alerts,past,0.0,easy
Email Alerts,radio,0.22,easy
Email Alerts,blackout,0.68,hard
Email Alerts,forecast,0.57,hard
Email Alerts,chance,0.01,easy
Email Alerts,radio,0.22,easy
Email Alerts,space,0.0,easy
Email Alerts,weather,0.14,easy
Email Alerts,prediction,0.75,hard
Email Alerts,center,0.03,easy
Email Alerts,geomagnetic,0.84,hard
Email Alerts,activity,0.36,easy
Email Alerts,observation,0.37,easy
Email Alerts,forecast,0.57,hard
Email Alerts,past,0.0,easy
Email Alerts,scale,0.05,easy
Email Alerts,scale,0.05,easy
Email Alerts,breakdown,0.62,hard
Email Alerts,geomagnetic,0.84,hard
Email Alerts,solar,0.73,hard
Email Alerts,wind,0.05,easy
Email Alerts,forecast,0.57,hard
Email Alerts,solar,0.73,hard
Email Alerts,radiation,0.47,easy
Email Alerts,activity,0.36,easy
Email Alerts,observation,0.37,easy
Email Alerts,forecast,0.57,hard
Email Alerts,solar,0.73,hard
Email Alerts,go,0.0,easy
Email Alerts,past,0.0,easy
Email Alerts,storm,0.38,easy
Email Alerts,level,0.0,easy
Email Alerts,solar,0.73,hard
Email Alerts,radiation,0.47,easy
Email Alerts,storm,0.38,easy
Email Alerts,forecast,0.57,hard
Email Alerts,solar,0.73,hard
Email Alerts,radiation,0.47,easy
Email Alerts,active,0.11,easy
Email Alerts,region,0.45,easy
Email Alerts,activity,0.36,easy
Email Alerts,favorable,0.61,hard
Email Alerts,radiation,0.47,easy
Email Alerts,storm,0.38,easy
Email Alerts,radio,0.22,easy
Email Alerts,blackout,0.68,hard
Email Alerts,activity,0.36,easy
Email Alerts,past,0.0,easy
Email Alerts,radio,0.22,easy
Email Alerts,blackout,0.68,hard
Email Alerts,forecast,0.57,hard
Email Alerts,radio,0.22,easy
Email Alerts,likely,0.06,easy
Email Alerts,chance,0.01,easy
Email Alerts,greater,0.1,easy
Email Alerts,due,0.02,easy
Email Alerts,flare,0.43,easy
Email Alerts,space,0.0,easy
Email Alerts,weather,0.14,easy
Email Alerts,prediction,0.75,hard
Email Alerts,center,0.03,easy
Email Alerts,geomagnetic,0.84,hard
Email Alerts,activity,0.36,easy
Email Alerts,observation,0.37,easy
Email Alerts,forecast,0.57,hard
Email Alerts,past,0.0,easy
Email Alerts,breakdown,0.62,hard
Email Alerts,storm,0.38,easy
Email Alerts,geomagnetic,0.84,hard
Email Alerts,early,0.0,easy
Email Alerts,geomagnetic,0.84,hard
Email Alerts,previous,0.08,easy
Email Alerts,day,0.0,easy
Email Alerts,wane,0.68,hard
Email Alerts,solar,0.73,hard
Email Alerts,radiation,0.47,easy
Email Alerts,activity,0.36,easy
Email Alerts,observation,0.37,easy
Email Alerts,forecast,0.57,hard
Email Alerts,solar,0.73,hard
Email Alerts,go,0.0,easy
Email Alerts,past,0.0,easy
Email Alerts,storm,0.38,easy
Email Alerts,level,0.0,easy
Email Alerts,solar,0.73,hard
Email Alerts,radiation,0.47,easy
Email Alerts,storm,0.38,easy
Email Alerts,forecast,0.57,hard
Email Alerts,solar,0.73,hard
Email Alerts,radiation,0.47,easy
Email Alerts,radio,0.22,easy
Email Alerts,blackout,0.68,hard
Email Alerts,activity,0.36,easy
Email Alerts,forecast,0.57,hard
Email Alerts,radio,0.22,easy
Email Alerts,reaching,0.6,hard
Email Alerts,past,0.0,easy
Email Alerts,radio,0.22,easy
Email Alerts,blackout,0.68,hard
Email Alerts,forecast,0.57,hard
Email Alerts,radio,0.22,easy
Email Alerts,day,0.0,easy
Email Alerts,space,0.0,easy
Email Alerts,weather,0.14,easy
Email Alerts,prediction,0.75,hard
Email Alerts,center,0.03,easy
Email Alerts,geomagnetic,0.84,hard
Email Alerts,activity,0.36,easy
Email Alerts,observation,0.37,easy
Email Alerts,forecast,0.57,hard
Email Alerts,past,0.0,easy
Email Alerts,scale,0.05,easy
Email Alerts,scale,0.05,easy
Email Alerts,breakdown,0.62,hard
Email Alerts,geomagnetic,0.84,hard
Email Alerts,solar,0.73,hard
Email Alerts,wind,0.05,easy
Email Alerts,forecast,0.57,hard
Email Alerts,solar,0.73,hard
Email Alerts,radiation,0.47,easy
Email Alerts,activity,0.36,easy
Email Alerts,observation,0.37,easy
Email Alerts,forecast,0.57,hard
Email Alerts,solar,0.73,hard
Email Alerts,go,0.0,easy
Email Alerts,past,0.0,easy
Email Alerts,storm,0.38,easy
Email Alerts,level,0.0,easy
Email Alerts,solar,0.73,hard
Email Alerts,radiation,0.47,easy
Email Alerts,storm,0.38,easy
Email Alerts,forecast,0.57,hard
Email Alerts,slight,0.38,easy
Email Alerts,chance,0.01,easy
Email Alerts,solar,0.73,hard
Email Alerts,radiation,0.47,easy
Email Alerts,radio,0.22,easy
Email Alerts,blackout,0.68,hard
Email Alerts,activity,0.36,easy
Email Alerts,forecast,0.57,hard
Email Alerts,radio,0.22,easy
Email Alerts,reaching,0.6,hard
Email Alerts,past,0.0,easy
Email Alerts,radio,0.22,easy
Email Alerts,blackout,0.68,hard
Email Alerts,forecast,0.57,hard
Email Alerts,radio,0.22,easy
Email Alerts,space,0.0,easy
Email Alerts,weather,0.14,easy
Email Alerts,prediction,0.75,hard
Email Alerts,center,0.03,easy
Email Alerts,geomagnetic,0.84,hard
Email Alerts,activity,0.36,easy
Email Alerts,observation,0.37,easy
Email Alerts,forecast,0.57,hard
Email Alerts,past,0.0,easy
Email Alerts,scale,0.05,easy
Email Alerts,scale,0.05,easy
Email Alerts,breakdown,0.62,hard
Email Alerts,geomagnetic,0.84,hard
Email Alerts,solar,0.73,hard
Email Alerts,radiation,0.47,easy
Email Alerts,activity,0.36,easy
Email Alerts,observation,0.37,easy
Email Alerts,forecast,0.57,hard
Email Alerts,solar,0.73,hard
Email Alerts,go,0.0,easy
Email Alerts,past,0.0,easy
Email Alerts,storm,0.38,easy
Email Alerts,level,0.0,easy
Email Alerts,solar,0.73,hard
Email Alerts,radiation,0.47,easy
Email Alerts,storm,0.38,easy
Email Alerts,forecast,0.57,hard
Email Alerts,chance,0.01,easy
Email Alerts,greater,0.1,easy
Email Alerts,proton,0.76,hard
Email Alerts,elevated,0.72,hard
Email Alerts,threshold,0.65,hard
Email Alerts,radio,0.22,easy
Email Alerts,blackout,0.68,hard
Email Alerts,activity,0.36,easy
Email Alerts,forecast,0.57,hard
Email Alerts,radio,0.22,easy
Email Alerts,reaching,0.6,hard
Email Alerts,past,0.0,easy
Email Alerts,radio,0.22,easy
Email Alerts,blackout,0.68,hard
Email Alerts,forecast,0.57,hard
Email Alerts,space,0.0,easy
Email Alerts,weather,0.14,easy
Email Alerts,prediction,0.75,hard
Email Alerts,center,0.03,easy
Email Alerts,geomagnetic,0.84,hard
Email Alerts,activity,0.36,easy
Email Alerts,observation,0.37,easy
Email Alerts,forecast,0.57,hard
Email Alerts,past,0.0,easy
Email Alerts,breakdown,0.62,hard
Email Alerts,isolated,0.57,hard
Email Alerts,minor,0.22,easy
Email Alerts,geomagnetic,0.84,hard
Email Alerts,storming,0.78,hard
Email Alerts,first,0.0,easy
Email Alerts,effect,0.0,easy
Email Alerts,influence,0.13,easy
Email Alerts,solar,0.73,hard
Email Alerts,radiation,0.47,easy
Email Alerts,activity,0.36,easy
Email Alerts,observation,0.37,easy
Email Alerts,forecast,0.57,hard
Email Alerts,solar,0.73,hard
Email Alerts,go,0.0,easy
Email Alerts,past,0.0,easy
Email Alerts,storm,0.38,easy
Email Alerts,level,0.0,easy
Email Alerts,solar,0.73,hard
Email Alerts,radiation,0.47,easy
Email Alerts,storm,0.38,easy
Email Alerts,forecast,0.57,hard
Email Alerts,chance,0.01,easy
Email Alerts,minor,0.22,easy
Email Alerts,solar,0.73,hard
Email Alerts,radiation,0.47,easy
Email Alerts,storm,0.38,easy
Email Alerts,event,0.05,easy
Email Alerts,persist,0.69,hard
Email Alerts,given,0.0,easy
Email Alerts,current,0.01,easy
Email Alerts,total,0.02,easy
Email Alerts,disk,0.42,easy
Email Alerts,potential,0.24,easy
Email Alerts,radio,0.22,easy
Email Alerts,blackout,0.68,hard
Email Alerts,activity,0.36,easy
Email Alerts,forecast,0.57,hard
Email Alerts,radio,0.22,easy
Email Alerts,reaching,0.6,hard
Email Alerts,past,0.0,easy
Email Alerts,radio,0.22,easy
Email Alerts,blackout,0.68,hard
Email Alerts,forecast,0.57,hard
Email Alerts,radio,0.22,easy
Email Alerts,likely,0.06,easy
Email Alerts,event,0.05,easy
Email Alerts,continue,0.08,easy
Email Alerts,region,0.45,easy
Email Alerts,space,0.0,easy
Email Alerts,weather,0.14,easy
Email Alerts,prediction,0.75,hard
Email Alerts,center,0.03,easy
Email Alerts,geomagnetic,0.84,hard
Email Alerts,activity,0.36,easy
Email Alerts,observation,0.37,easy
Email Alerts,forecast,0.57,hard
Email Alerts,past,0.0,easy
Email Alerts,breakdown,0.62,hard
Email Alerts,remain,0.2,easy
Email Alerts,effect,0.0,easy
Email Alerts,persist,0.69,hard
Email Alerts,solar,0.73,hard
Email Alerts,radiation,0.47,easy
Email Alerts,activity,0.36,easy
Email Alerts,observation,0.37,easy
Email Alerts,forecast,0.57,hard
Email Alerts,solar,0.73,hard
Email Alerts,go,0.0,easy
Email Alerts,past,0.0,easy
Email Alerts,storm,0.38,easy
Email Alerts,level,0.0,easy
Email Alerts,solar,0.73,hard
Email Alerts,radiation,0.47,easy
Email Alerts,storm,0.38,easy
Email Alerts,forecast,0.57,hard
Email Alerts,minor,0.22,easy
Email Alerts,solar,0.73,hard
Email Alerts,radiation,0.47,easy
Email Alerts,chance,0.01,easy
Email Alerts,remain,0.2,easy
Email Alerts,radio,0.22,easy
Email Alerts,blackout,0.68,hard
Email Alerts,activity,0.36,easy
Email Alerts,forecast,0.57,hard
Email Alerts,radio,0.22,easy
Email Alerts,reaching,0.6,hard
Email Alerts,past,0.0,easy
Email Alerts,radio,0.22,easy
Email Alerts,blackout,0.68,hard
Email Alerts,forecast,0.57,hard
Email Alerts,radio,0.22,easy
Email Alerts,approach,0.08,easy
Email Alerts,western,0.47,easy
Email Alerts,limb,0.62,hard
Email Alerts,space,0.0,easy
Email Alerts,weather,0.14,easy
Email Alerts,prediction,0.75,hard
Email Alerts,center,0.03,easy
Email Alerts,geomagnetic,0.84,hard
Email Alerts,activity,0.36,easy
Email Alerts,observation,0.37,easy
Email Alerts,forecast,0.57,hard
Email Alerts,past,0.0,easy
Email Alerts,scale,0.05,easy
Email Alerts,scale,0.05,easy
Email Alerts,breakdown,0.62,hard
Email Alerts,geomagnetic,0.84,hard
Email Alerts,solar,0.73,hard
Email Alerts,wind,0.05,easy
Email Alerts,forecast,0.57,hard
Email Alerts,solar,0.73,hard
Email Alerts,radiation,0.47,easy
Email Alerts,activity,0.36,easy
Email Alerts,observation,0.37,easy
Email Alerts,forecast,0.57,hard
Email Alerts,solar,0.73,hard
Email Alerts,go,0.0,easy
Email Alerts,past,0.0,easy
Email Alerts,storm,0.38,easy
Email Alerts,level,0.0,easy
Email Alerts,solar,0.73,hard
Email Alerts,radiation,0.47,easy
Email Alerts,storm,0.38,easy
Email Alerts,forecast,0.57,hard
Email Alerts,solar,0.73,hard
Email Alerts,radiation,0.47,easy
Email Alerts,active,0.11,easy
Email Alerts,region,0.45,easy
Email Alerts,activity,0.36,easy
Email Alerts,favorable,0.61,hard
Email Alerts,radiation,0.47,easy
Email Alerts,storm,0.38,easy
Email Alerts,radio,0.22,easy
Email Alerts,blackout,0.68,hard
Email Alerts,activity,0.36,easy
Email Alerts,forecast,0.57,hard
Email Alerts,radio,0.22,easy
Email Alerts,reaching,0.6,hard
Email Alerts,past,0.0,easy
Email Alerts,radio,0.22,easy
Email Alerts,blackout,0.68,hard
Email Alerts,forecast,0.57,hard
Email Alerts,solar,0.73,hard
Email Alerts,low,0.0,easy
Email Alerts,activity,0.36,easy
Email Alerts,chance,0.01,easy
Email Alerts,activity,0.36,easy
Email Alerts,space,0.0,easy
Email Alerts,weather,0.14,easy
Email Alerts,prediction,0.75,hard
Email Alerts,center,0.03,easy
Email Alerts,geomagnetic,0.84,hard
Email Alerts,activity,0.36,easy
Email Alerts,observation,0.37,easy
Email Alerts,forecast,0.57,hard
Email Alerts,past,0.0,easy
Email Alerts,scale,0.05,easy
Email Alerts,scale,0.05,easy
Email Alerts,breakdown,0.62,hard
Email Alerts,geomagnetic,0.84,hard
Email Alerts,solar,0.73,hard
Email Alerts,wind,0.05,easy
Email Alerts,forecast,0.57,hard
Email Alerts,solar,0.73,hard
Email Alerts,radiation,0.47,easy
Email Alerts,activity,0.36,easy
Email Alerts,observation,0.37,easy
Email Alerts,forecast,0.57,hard
Email Alerts,solar,0.73,hard
Email Alerts,go,0.0,easy
Email Alerts,past,0.0,easy
Email Alerts,storm,0.38,easy
Email Alerts,level,0.0,easy
Email Alerts,solar,0.73,hard
Email Alerts,radiation,0.47,easy
Email Alerts,storm,0.38,easy
Email Alerts,forecast,0.57,hard
Email Alerts,solar,0.73,hard
Email Alerts,radiation,0.47,easy
Email Alerts,active,0.11,easy
Email Alerts,region,0.45,easy
Email Alerts,activity,0.36,easy
Email Alerts,favorable,0.61,hard
Email Alerts,radiation,0.47,easy
Email Alerts,storm,0.38,easy
Email Alerts,radio,0.22,easy
Email Alerts,blackout,0.68,hard
Email Alerts,activity,0.36,easy
Email Alerts,past,0.0,easy
Email Alerts,radio,0.22,easy
Email Alerts,blackout,0.68,hard
Email Alerts,forecast,0.57,hard
Email Alerts,chance,0.01,easy
Email Alerts,radio,0.22,easy
Email Alerts,blackout,0.68,hard
Email Alerts,space,0.0,easy
Email Alerts,weather,0.14,easy
Email Alerts,prediction,0.75,hard
Email Alerts,center,0.03,easy
Email Alerts,geomagnetic,0.84,hard
Email Alerts,activity,0.36,easy
Email Alerts,observation,0.37,easy
Email Alerts,forecast,0.57,hard
Email Alerts,past,0.0,easy
Email Alerts,breakdown,0.62,hard
Email Alerts,minor,0.22,easy
Email Alerts,storm,0.38,easy
Email Alerts,solar,0.73,hard
Email Alerts,radiation,0.47,easy
Email Alerts,activity,0.36,easy
Email Alerts,observation,0.37,easy
Email Alerts,forecast,0.57,hard
Email Alerts,solar,0.73,hard
Email Alerts,go,0.0,easy
Email Alerts,past,0.0,easy
Email Alerts,storm,0.38,easy
Email Alerts,level,0.0,easy
Email Alerts,solar,0.73,hard
Email Alerts,radiation,0.47,easy
Email Alerts,storm,0.38,easy
Email Alerts,forecast,0.57,hard
Email Alerts,chance,0.01,easy
Email Alerts,minor,0.22,easy
Email Alerts,solar,0.73,hard
Email Alerts,radiation,0.47,easy
Email Alerts,storm,0.38,easy
Email Alerts,event,0.05,easy
Email Alerts,persist,0.69,hard
Email Alerts,given,0.0,easy
Email Alerts,current,0.01,easy
Email Alerts,total,0.02,easy
Email Alerts,disk,0.42,easy
Email Alerts,potential,0.24,easy
Email Alerts,radio,0.22,easy
Email Alerts,blackout,0.68,hard
Email Alerts,activity,0.36,easy
Email Alerts,forecast,0.57,hard
Email Alerts,radio,0.22,easy
Email Alerts,reaching,0.6,hard
Email Alerts,past,0.0,easy
Email Alerts,radio,0.22,easy
Email Alerts,blackout,0.68,hard
Email Alerts,forecast,0.57,hard
Email Alerts,likely,0.06,easy
Email Alerts,chance,0.01,easy
Email Alerts,isolated,0.57,hard
Email Alerts,primarily,0.59,hard
Email Alerts,flare,0.43,easy
Email Alerts,space,0.0,easy
Email Alerts,weather,0.14,easy
Email Alerts,prediction,0.75,hard
Email Alerts,center,0.03,easy
Email Alerts,geomagnetic,0.84,hard
Email Alerts,activity,0.36,easy
Email Alerts,observation,0.37,easy
Email Alerts,forecast,0.57,hard
Email Alerts,past,0.0,easy
Email Alerts,breakdown,0.62,hard
Email Alerts,isolated,0.57,hard
Email Alerts,minor,0.22,easy
Email Alerts,geomagnetic,0.84,hard
Email Alerts,storming,0.78,hard
Email Alerts,first,0.0,easy
Email Alerts,effect,0.0,easy
Email Alerts,effect,0.0,easy
Email Alerts,ambient,0.79,hard
Email Alerts,likely,0.06,easy
Email Alerts,influence,0.13,easy
Email Alerts,solar,0.73,hard
Email Alerts,radiation,0.47,easy
Email Alerts,activity,0.36,easy
Email Alerts,observation,0.37,easy
Email Alerts,forecast,0.57,hard
Email Alerts,solar,0.73,hard
Email Alerts,go,0.0,easy
Email Alerts,past,0.0,easy
Email Alerts,storm,0.38,easy
Email Alerts,level,0.0,easy
Email Alerts,solar,0.73,hard
Email Alerts,radiation,0.47,easy
Email Alerts,storm,0.38,easy
Email Alerts,forecast,0.57,hard
Email Alerts,solar,0.73,hard
Email Alerts,radiation,0.47,easy
Email Alerts,currently,0.54,easy
Email Alerts,threshold,0.65,hard
Email Alerts,radiation,0.47,easy
Email Alerts,radio,0.22,easy
Email Alerts,blackout,0.68,hard
Email Alerts,activity,0.36,easy
Email Alerts,forecast,0.57,hard
Email Alerts,radio,0.22,easy
Email Alerts,reaching,0.6,hard
Email Alerts,past,0.0,easy
Email Alerts,radio,0.22,easy
Email Alerts,blackout,0.68,hard
Email Alerts,forecast,0.57,hard
Email Alerts,radio,0.22,easy
Email Alerts,event,0.05,easy
Email Alerts,continue,0.08,easy
Email Alerts,region,0.45,easy
Email Alerts,space,0.0,easy
Email Alerts,weather,0.14,easy
Email Alerts,prediction,0.75,hard
Email Alerts,center,0.03,easy
Email Alerts,geomagnetic,0.84,hard
Email Alerts,activity,0.36,easy
Email Alerts,observation,0.37,easy
Email Alerts,forecast,0.57,hard
Email Alerts,past,0.0,easy
Email Alerts,scale,0.05,easy
Email Alerts,breakdown,0.62,hard
Email Alerts,geomagnetic,0.84,hard
Email Alerts,solar,0.73,hard
Email Alerts,radiation,0.47,easy
Email Alerts,activity,0.36,easy
Email Alerts,observation,0.37,easy
Email Alerts,forecast,0.57,hard
Email Alerts,solar,0.73,hard
Email Alerts,go,0.0,easy
Email Alerts,past,0.0,easy
Email Alerts,storm,0.38,easy
Email Alerts,level,0.0,easy
Email Alerts,solar,0.73,hard
Email Alerts,radiation,0.47,easy
Email Alerts,storm,0.38,easy
Email Alerts,forecast,0.57,hard
Email Alerts,slight,0.38,easy
Email Alerts,chance,0.01,easy
Email Alerts,solar,0.73,hard
Email Alerts,radiation,0.47,easy
Email Alerts,radio,0.22,easy
Email Alerts,blackout,0.68,hard
Email Alerts,activity,0.36,easy
Email Alerts,forecast,0.57,hard
Email Alerts,radio,0.22,easy
Email Alerts,reaching,0.6,hard
Email Alerts,past,0.0,easy
Email Alerts,radio,0.22,easy
Email Alerts,blackout,0.68,hard
Email Alerts,forecast,0.57,hard
Email Alerts,solar,0.73,hard
Email Alerts,moderate,0.46,easy
Email Alerts,radio,0.22,easy
Email Alerts,chance,0.01,easy
Email Alerts,isolated,0.57,hard
Email Alerts,primarily,0.59,hard
Email Alerts,region,0.45,easy
Email Alerts,space,0.0,easy
Email Alerts,weather,0.14,easy
Email Alerts,prediction,0.75,hard
Email Alerts,center,0.03,easy
Email Alerts,geomagnetic,0.84,hard
Email Alerts,activity,0.36,easy
Email Alerts,observation,0.37,easy
Email Alerts,forecast,0.57,hard
Email Alerts,past,0.0,easy
Email Alerts,scale,0.05,easy
Email Alerts,scale,0.05,easy
Email Alerts,breakdown,0.62,hard
Email Alerts,geomagnetic,0.84,hard
Email Alerts,solar,0.73,hard
Email Alerts,radiation,0.47,easy
Email Alerts,activity,0.36,easy
Email Alerts,observation,0.37,easy
Email Alerts,forecast,0.57,hard
Email Alerts,solar,0.73,hard
Email Alerts,go,0.0,easy
Email Alerts,past,0.0,easy
Email Alerts,storm,0.38,easy
Email Alerts,level,0.0,easy
Email Alerts,solar,0.73,hard
Email Alerts,radiation,0.47,easy
Email Alerts,storm,0.38,easy
Email Alerts,forecast,0.57,hard
Email Alerts,slight,0.38,easy
Email Alerts,chance,0.01,easy
Email Alerts,solar,0.73,hard
Email Alerts,radiation,0.47,easy
Email Alerts,next,0.0,easy
Email Alerts,day,0.0,easy
Email Alerts,radio,0.22,easy
Email Alerts,blackout,0.68,hard
Email Alerts,activity,0.36,easy
Email Alerts,forecast,0.57,hard
Email Alerts,radio,0.22,easy
Email Alerts,reaching,0.6,hard
Email Alerts,past,0.0,easy
Email Alerts,radio,0.22,easy
Email Alerts,blackout,0.68,hard
Email Alerts,forecast,0.57,hard
Email Alerts,solar,0.73,hard
Email Alerts,moderate,0.46,easy
Email Alerts,radio,0.22,easy
Email Alerts,chance,0.01,easy
Email Alerts,isolated,0.57,hard
Email Alerts,primarily,0.59,hard
Email Alerts,region,0.45,easy
Email Alerts,space,0.0,easy
Email Alerts,weather,0.14,easy
Email Alerts,prediction,0.75,hard
Email Alerts,center,0.03,easy
Email Alerts,geomagnetic,0.84,hard
Email Alerts,activity,0.36,easy
Email Alerts,observation,0.37,easy
Email Alerts,forecast,0.57,hard
Email Alerts,past,0.0,easy
Email Alerts,scale,0.05,easy
Email Alerts,scale,0.05,easy
Email Alerts,breakdown,0.62,hard
Email Alerts,geomagnetic,0.84,hard
Email Alerts,solar,0.73,hard
Email Alerts,wind,0.05,easy
Email Alerts,forecast,0.57,hard
Email Alerts,solar,0.73,hard
Email Alerts,radiation,0.47,easy
Email Alerts,activity,0.36,easy
Email Alerts,observation,0.37,easy
Email Alerts,forecast,0.57,hard
Email Alerts,solar,0.73,hard
Email Alerts,go,0.0,easy
Email Alerts,past,0.0,easy
Email Alerts,storm,0.38,easy
Email Alerts,level,0.0,easy
Email Alerts,solar,0.73,hard
Email Alerts,radiation,0.47,easy
Email Alerts,storm,0.38,easy
Email Alerts,forecast,0.57,hard
Email Alerts,slight,0.38,easy
Email Alerts,chance,0.01,easy
Email Alerts,greater,0.1,easy
Email Alerts,solar,0.73,hard
Email Alerts,radiation,0.47,easy
Email Alerts,storm,0.38,easy
Email Alerts,alert,0.32,easy
Email Alerts,threshold,0.65,hard
Email Alerts,radio,0.22,easy
Email Alerts,blackout,0.68,hard
Email Alerts,activity,0.36,easy
Email Alerts,forecast,0.57,hard
Email Alerts,radio,0.22,easy
Email Alerts,reaching,0.6,hard
Email Alerts,past,0.0,easy
Email Alerts,radio,0.22,easy
Email Alerts,blackout,0.68,hard
Email Alerts,forecast,0.57,hard
Email Alerts,radio,0.22,easy
Email Alerts,blackout,0.68,hard
Email Alerts,chance,0.01,easy
Email Alerts,space,0.0,easy
Email Alerts,weather,0.14,easy
Email Alerts,prediction,0.75,hard
Email Alerts,center,0.03,easy
Email Alerts,geomagnetic,0.84,hard
Email Alerts,activity,0.36,easy
Email Alerts,observation,0.37,easy
Email Alerts,forecast,0.57,hard
Email Alerts,past,0.0,easy
Email Alerts,scale,0.05,easy
Email Alerts,scale,0.05,easy
Email Alerts,breakdown,0.62,hard
Email Alerts,geomagnetic,0.84,hard
Email Alerts,solar,0.73,hard
Email Alerts,wind,0.05,easy
Email Alerts,forecast,0.57,hard
Email Alerts,solar,0.73,hard
Email Alerts,radiation,0.47,easy
Email Alerts,activity,0.36,easy
Email Alerts,observation,0.37,easy
Email Alerts,forecast,0.57,hard
Email Alerts,solar,0.73,hard
Email Alerts,go,0.0,easy
Email Alerts,past,0.0,easy
Email Alerts,storm,0.38,easy
Email Alerts,level,0.0,easy
Email Alerts,solar,0.73,hard
Email Alerts,radiation,0.47,easy
Email Alerts,storm,0.38,easy
Email Alerts,forecast,0.57,hard
Email Alerts,solar,0.73,hard
Email Alerts,radiation,0.47,easy
Email Alerts,active,0.11,easy
Email Alerts,region,0.45,easy
Email Alerts,activity,0.36,easy
Email Alerts,favorable,0.61,hard
Email Alerts,radiation,0.47,easy
Email Alerts,storm,0.38,easy
Email Alerts,radio,0.22,easy
Email Alerts,blackout,0.68,hard
Email Alerts,activity,0.36,easy
Email Alerts,past,0.0,easy
Email Alerts,radio,0.22,easy
Email Alerts,blackout,0.68,hard
Email Alerts,forecast,0.57,hard
Email Alerts,chance,0.01,easy
Email Alerts,radio,0.22,easy
Email Alerts,blackout,0.68,hard
Email Alerts,space,0.0,easy
Email Alerts,weather,0.14,easy
Email Alerts,prediction,0.75,hard
Email Alerts,center,0.03,easy
Email Alerts,geomagnetic,0.84,hard
Email Alerts,activity,0.36,easy
Email Alerts,observation,0.37,easy
Email Alerts,forecast,0.57,hard
Email Alerts,past,0.0,easy
Email Alerts,scale,0.05,easy
Email Alerts,breakdown,0.62,hard
Email Alerts,geomagnetic,0.84,hard
Email Alerts,first,0.0,easy
Email Alerts,glancing,0.76,hard
Email Alerts,effect,0.0,easy
Email Alerts,left,0.0,easy
Email Alerts,positive,0.23,easy
Email Alerts,effect,0.0,easy
Email Alerts,solar,0.73,hard
Email Alerts,radiation,0.47,easy
Email Alerts,activity,0.36,easy
Email Alerts,observation,0.37,easy
Email Alerts,forecast,0.57,hard
Email Alerts,solar,0.73,hard
Email Alerts,go,0.0,easy
Email Alerts,past,0.0,easy
Email Alerts,storm,0.38,easy
Email Alerts,level,0.0,easy
Email Alerts,solar,0.73,hard
Email Alerts,radiation,0.47,easy
Email Alerts,storm,0.38,easy
Email Alerts,forecast,0.57,hard
Email Alerts,chance,0.01,easy
Email Alerts,minor,0.22,easy
Email Alerts,solar,0.73,hard
Email Alerts,radiation,0.47,easy
Email Alerts,storm,0.38,easy
Email Alerts,event,0.05,easy
Email Alerts,persist,0.69,hard
Email Alerts,given,0.0,easy
Email Alerts,current,0.01,easy
Email Alerts,total,0.02,easy
Email Alerts,disk,0.42,easy
Email Alerts,potential,0.24,easy
Email Alerts,western,0.47,easy
Email Alerts,limb,0.62,hard
Email Alerts,radio,0.22,easy
Email Alerts,blackout,0.68,hard
Email Alerts,activity,0.36,easy
Email Alerts,forecast,0.57,hard
Email Alerts,radio,0.22,easy
Email Alerts,reaching,0.6,hard
Email Alerts,past,0.0,easy
Email Alerts,radio,0.22,easy
Email Alerts,blackout,0.68,hard
Email Alerts,forecast,0.57,hard
Email Alerts,radio,0.22,easy
Email Alerts,flare,0.43,easy
Email Alerts,activity,0.36,easy
Email Alerts,likely,0.06,easy
Email Alerts,event,0.05,easy
Email Alerts,increase,0.01,easy
Email Alerts,approach,0.08,easy
Email Alerts,western,0.47,easy
Email Alerts,limb,0.62,hard
Email Alerts,space,0.0,easy
Email Alerts,weather,0.14,easy
Email Alerts,prediction,0.75,hard
Email Alerts,center,0.03,easy
Email Alerts,geomagnetic,0.84,hard
Email Alerts,activity,0.36,easy
Email Alerts,observation,0.37,easy
Email Alerts,forecast,0.57,hard
Email Alerts,past,0.0,easy
Email Alerts,scale,0.05,easy
Email Alerts,breakdown,0.62,hard
Email Alerts,geomagnetic,0.84,hard
Email Alerts,likely,0.06,easy
Email Alerts,transient,0.71,hard
Email Alerts,solar,0.73,hard
Email Alerts,wind,0.05,easy
Email Alerts,forecast,0.57,hard
Email Alerts,solar,0.73,hard
Email Alerts,radiation,0.47,easy
Email Alerts,activity,0.36,easy
Email Alerts,observation,0.37,easy
Email Alerts,forecast,0.57,hard
Email Alerts,solar,0.73,hard
Email Alerts,go,0.0,easy
Email Alerts,past,0.0,easy
Email Alerts,storm,0.38,easy
Email Alerts,level,0.0,easy
Email Alerts,solar,0.73,hard
Email Alerts,radiation,0.47,easy
Email Alerts,storm,0.38,easy
Email Alerts,forecast,0.57,hard
Email Alerts,solar,0.73,hard
Email Alerts,radiation,0.47,easy
Email Alerts,active,0.11,easy
Email Alerts,region,0.45,easy
Email Alerts,activity,0.36,easy
Email Alerts,favorable,0.61,hard
Email Alerts,radiation,0.47,easy
Email Alerts,storm,0.38,easy
Email Alerts,radio,0.22,easy
Email Alerts,blackout,0.68,hard
Email Alerts,activity,0.36,easy
Email Alerts,past,0.0,easy
Email Alerts,radio,0.22,easy
Email Alerts,blackout,0.68,hard
Email Alerts,forecast,0.57,hard
Email Alerts,chance,0.01,easy
Email Alerts,radio,0.22,easy
Email Alerts,blackout,0.68,hard
Email Alerts,space,0.0,easy
Email Alerts,weather,0.14,easy
Email Alerts,prediction,0.75,hard
Email Alerts,center,0.03,easy
Email Alerts,geomagnetic,0.84,hard
Email Alerts,activity,0.36,easy
Email Alerts,observation,0.37,easy
Email Alerts,forecast,0.57,hard
Email Alerts,past,0.0,easy
Email Alerts,scale,0.05,easy
Email Alerts,scale,0.05,easy
Email Alerts,breakdown,0.62,hard
Email Alerts,geomagnetic,0.84,hard
Email Alerts,solar,0.73,hard
Email Alerts,wind,0.05,easy
Email Alerts,forecast,0.57,hard
Email Alerts,solar,0.73,hard
Email Alerts,radiation,0.47,easy
Email Alerts,activity,0.36,easy
Email Alerts,observation,0.37,easy
Email Alerts,forecast,0.57,hard
Email Alerts,solar,0.73,hard
Email Alerts,go,0.0,easy
Email Alerts,past,0.0,easy
Email Alerts,storm,0.38,easy
Email Alerts,level,0.0,easy
Email Alerts,solar,0.73,hard
Email Alerts,radiation,0.47,easy
Email Alerts,storm,0.38,easy
Email Alerts,forecast,0.57,hard
Email Alerts,slight,0.38,easy
Email Alerts,chance,0.01,easy
Email Alerts,solar,0.73,hard
Email Alerts,radiation,0.47,easy
Email Alerts,radio,0.22,easy
Email Alerts,blackout,0.68,hard
Email Alerts,activity,0.36,easy
Email Alerts,forecast,0.57,hard
Email Alerts,radio,0.22,easy
Email Alerts,reaching,0.6,hard
Email Alerts,past,0.0,easy
Email Alerts,radio,0.22,easy
Email Alerts,blackout,0.68,hard
Email Alerts,forecast,0.57,hard
Email Alerts,radio,0.22,easy
Email Alerts,blackout,0.68,hard
Email Alerts,chance,0.01,easy
Email Alerts,space,0.0,easy
Email Alerts,weather,0.14,easy
Email Alerts,prediction,0.75,hard
Email Alerts,center,0.03,easy
Email Alerts,geomagnetic,0.84,hard
Email Alerts,activity,0.36,easy
Email Alerts,observation,0.37,easy
Email Alerts,forecast,0.57,hard
Email Alerts,past,0.0,easy
Email Alerts,scale,0.05,easy
Email Alerts,scale,0.05,easy
Email Alerts,breakdown,0.62,hard
Email Alerts,geomagnetic,0.84,hard
Email Alerts,solar,0.73,hard
Email Alerts,wind,0.05,easy
Email Alerts,forecast,0.57,hard
Email Alerts,solar,0.73,hard
Email Alerts,radiation,0.47,easy
Email Alerts,activity,0.36,easy
Email Alerts,observation,0.37,easy
Email Alerts,forecast,0.57,hard
Email Alerts,solar,0.73,hard
Email Alerts,go,0.0,easy
Email Alerts,past,0.0,easy
Email Alerts,storm,0.38,easy
Email Alerts,level,0.0,easy
Email Alerts,solar,0.73,hard
Email Alerts,radiation,0.47,easy
Email Alerts,storm,0.38,easy
Email Alerts,forecast,0.57,hard
Email Alerts,chance,0.01,easy
Email Alerts,solar,0.73,hard
Email Alerts,radiation,0.47,easy
Email Alerts,complex,0.02,easy
Email Alerts,rotating,0.77,hard
Email Alerts,western,0.47,easy
Email Alerts,limb,0.62,hard
Email Alerts,potential,0.24,easy
Email Alerts,magnetic,0.65,hard
Email Alerts,connection,0.06,easy
Email Alerts,earth,0.0,easy
Email Alerts,radio,0.22,easy
Email Alerts,blackout,0.68,hard
Email Alerts,activity,0.36,easy
Email Alerts,forecast,0.57,hard
Email Alerts,radio,0.22,easy
Email Alerts,reaching,0.6,hard
Email Alerts,past,0.0,easy
Email Alerts,radio,0.22,easy
Email Alerts,blackout,0.68,hard
Email Alerts,forecast,0.57,hard
Email Alerts,radio,0.22,easy
Email Alerts,magnetically,0.82,hard
Email Alerts,complex,0.02,easy
Email Alerts,sunspot,0.74,hard
Email Alerts,space,0.0,easy
Email Alerts,weather,0.14,easy
Email Alerts,prediction,0.75,hard
Email Alerts,center,0.03,easy
Email Alerts,geomagnetic,0.84,hard
Email Alerts,activity,0.36,easy
Email Alerts,observation,0.37,easy
Email Alerts,forecast,0.57,hard
Email Alerts,past,0.0,easy
Email Alerts,scale,0.05,easy
Email Alerts,scale,0.05,easy
Email Alerts,breakdown,0.62,hard
Email Alerts,geomagnetic,0.84,hard
Email Alerts,solar,0.73,hard
Email Alerts,radiation,0.47,easy
Email Alerts,activity,0.36,easy
Email Alerts,observation,0.37,easy
Email Alerts,forecast,0.57,hard
Email Alerts,solar,0.73,hard
Email Alerts,go,0.0,easy
Email Alerts,past,0.0,easy
Email Alerts,storm,0.38,easy
Email Alerts,level,0.0,easy
Email Alerts,solar,0.73,hard
Email Alerts,radiation,0.47,easy
Email Alerts,storm,0.38,easy
Email Alerts,forecast,0.57,hard
Email Alerts,slight,0.38,easy
Email Alerts,chance,0.01,easy
Email Alerts,solar,0.73,hard
Email Alerts,radiation,0.47,easy
Email Alerts,complex,0.02,easy
Email Alerts,visible,0.47,easy
Email Alerts,disk,0.42,easy
Email Alerts,radio,0.22,easy
Email Alerts,blackout,0.68,hard
Email Alerts,activity,0.36,easy
Email Alerts,forecast,0.57,hard
Email Alerts,radio,0.22,easy
Email Alerts,reaching,0.6,hard
Email Alerts,past,0.0,easy
Email Alerts,radio,0.22,easy
Email Alerts,blackout,0.68,hard
Email Alerts,forecast,0.57,hard
Email Alerts,radio,0.22,easy
Email Alerts,likely,0.06,easy
Email Alerts,flare,0.43,easy
Email Alerts,complex,0.02,easy
Email Alerts,visible,0.47,easy
Email Alerts,disk,0.42,easy
Email Alerts,space,0.0,easy
Email Alerts,weather,0.14,easy
Email Alerts,prediction,0.75,hard
Email Alerts,center,0.03,easy
Email Alerts,geomagnetic,0.84,hard
Email Alerts,activity,0.36,easy
Email Alerts,observation,0.37,easy
Email Alerts,forecast,0.57,hard
Email Alerts,past,0.0,easy
Email Alerts,scale,0.05,easy
Email Alerts,scale,0.05,easy
Email Alerts,breakdown,0.62,hard
Email Alerts,geomagnetic,0.84,hard
Email Alerts,solar,0.73,hard
Email Alerts,wind,0.05,easy
Email Alerts,forecast,0.57,hard
Email Alerts,solar,0.73,hard
Email Alerts,radiation,0.47,easy
Email Alerts,activity,0.36,easy
Email Alerts,observation,0.37,easy
Email Alerts,forecast,0.57,hard
Email Alerts,solar,0.73,hard
Email Alerts,go,0.0,easy
Email Alerts,past,0.0,easy
Email Alerts,storm,0.38,easy
Email Alerts,level,0.0,easy
Email Alerts,solar,0.73,hard
Email Alerts,radiation,0.47,easy
Email Alerts,storm,0.38,easy
Email Alerts,forecast,0.57,hard
Email Alerts,slight,0.38,easy
Email Alerts,chance,0.01,easy
Email Alerts,solar,0.73,hard
Email Alerts,radiation,0.47,easy
Email Alerts,radio,0.22,easy
Email Alerts,blackout,0.68,hard
Email Alerts,activity,0.36,easy
Email Alerts,past,0.0,easy
Email Alerts,radio,0.22,easy
Email Alerts,blackout,0.68,hard
Email Alerts,forecast,0.57,hard
Email Alerts,chance,0.01,easy
Email Alerts,radio,0.22,easy
Email Alerts,blackout,0.68,hard
Email Alerts,slight,0.38,easy
Email Alerts,chance,0.01,easy
Email Alerts,flare,0.43,easy
Email Alerts,visible,0.47,easy
Email Alerts,disk,0.42,easy
Email Alerts,space,0.0,easy
Email Alerts,weather,0.14,easy
Email Alerts,prediction,0.75,hard
Email Alerts,center,0.03,easy
Email Alerts,geomagnetic,0.84,hard
Email Alerts,activity,0.36,easy
Email Alerts,observation,0.37,easy
Email Alerts,forecast,0.57,hard
Email Alerts,past,0.0,easy
Email Alerts,scale,0.05,easy
Email Alerts,breakdown,0.62,hard
Email Alerts,geomagnetic,0.84,hard
Email Alerts,effect,0.0,easy
Email Alerts,solar,0.73,hard
Email Alerts,radiation,0.47,easy
Email Alerts,activity,0.36,easy
Email Alerts,observation,0.37,easy
Email Alerts,forecast,0.57,hard
Email Alerts,solar,0.73,hard
Email Alerts,go,0.0,easy
Email Alerts,past,0.0,easy
Email Alerts,storm,0.38,easy
Email Alerts,level,0.0,easy
Email Alerts,solar,0.73,hard
Email Alerts,radiation,0.47,easy
Email Alerts,storm,0.38,easy
Email Alerts,forecast,0.57,hard
Email Alerts,chance,0.01,easy
Email Alerts,solar,0.73,hard
Email Alerts,radiation,0.47,easy
Email Alerts,storming,0.78,hard
Email Alerts,transit,0.59,hard
Email Alerts,exit,0.48,easy
Email Alerts,western,0.47,easy
Email Alerts,limb,0.62,hard
Email Alerts,radio,0.22,easy
Email Alerts,blackout,0.68,hard
Email Alerts,activity,0.36,easy
Email Alerts,forecast,0.57,hard
Email Alerts,radio,0.22,easy
Email Alerts,reaching,0.6,hard
Email Alerts,past,0.0,easy
Email Alerts,radio,0.22,easy
Email Alerts,blackout,0.68,hard
Email Alerts,forecast,0.57,hard
Email Alerts,radio,0.22,easy
Email Alerts,approach,0.08,easy
Email Alerts,western,0.47,easy
Email Alerts,limb,0.62,hard
Email Alerts,decrease,0.61,hard
Email Alerts,transit,0.59,hard
Email Alerts,exit,0.48,easy
Email Alerts,western,0.47,easy
Email Alerts,limb,0.62,hard
Email Alerts,space,0.0,easy
Email Alerts,weather,0.14,easy
Email Alerts,prediction,0.75,hard
Email Alerts,center,0.03,easy
Email Alerts,geomagnetic,0.84,hard
Email Alerts,activity,0.36,easy
Email Alerts,observation,0.37,easy
Email Alerts,forecast,0.57,hard
Email Alerts,past,0.0,easy
Email Alerts,scale,0.05,easy
Email Alerts,scale,0.05,easy
Email Alerts,breakdown,0.62,hard
Email Alerts,geomagnetic,0.84,hard
Email Alerts,solar,0.73,hard
Email Alerts,wind,0.05,easy
Email Alerts,forecast,0.57,hard
Email Alerts,solar,0.73,hard
Email Alerts,radiation,0.47,easy
Email Alerts,activity,0.36,easy
Email Alerts,observation,0.37,easy
Email Alerts,forecast,0.57,hard
Email Alerts,solar,0.73,hard
Email Alerts,go,0.0,easy
Email Alerts,past,0.0,easy
Email Alerts,storm,0.38,easy
Email Alerts,level,0.0,easy
Email Alerts,solar,0.73,hard
Email Alerts,radiation,0.47,easy
Email Alerts,storm,0.38,easy
Email Alerts,forecast,0.57,hard
Email Alerts,solar,0.73,hard
Email Alerts,radiation,0.47,easy
Email Alerts,active,0.11,easy
Email Alerts,region,0.45,easy
Email Alerts,activity,0.36,easy
Email Alerts,favorable,0.61,hard
Email Alerts,radiation,0.47,easy
Email Alerts,storm,0.38,easy
Email Alerts,radio,0.22,easy
Email Alerts,blackout,0.68,hard
Email Alerts,activity,0.36,easy
Email Alerts,past,0.0,easy
Email Alerts,radio,0.22,easy
Email Alerts,blackout,0.68,hard
Email Alerts,forecast,0.57,hard
Email Alerts,chance,0.01,easy
Email Alerts,radio,0.22,easy
Email Alerts,blackout,0.68,hard
Email Alerts,space,0.0,easy
Email Alerts,weather,0.14,easy
Email Alerts,prediction,0.75,hard
Email Alerts,center,0.03,easy
Email Alerts,geomagnetic,0.84,hard
Email Alerts,activity,0.36,easy
Email Alerts,observation,0.37,easy
Email Alerts,forecast,0.57,hard
Email Alerts,past,0.0,easy
Email Alerts,scale,0.05,easy
Email Alerts,scale,0.05,easy
Email Alerts,breakdown,0.62,hard
Email Alerts,geomagnetic,0.84,hard
Email Alerts,solar,0.73,hard
Email Alerts,wind,0.05,easy
Email Alerts,forecast,0.57,hard
Email Alerts,solar,0.73,hard
Email Alerts,radiation,0.47,easy
Email Alerts,activity,0.36,easy
Email Alerts,observation,0.37,easy
Email Alerts,forecast,0.57,hard
Email Alerts,solar,0.73,hard
Email Alerts,go,0.0,easy
Email Alerts,past,0.0,easy
Email Alerts,storm,0.38,easy
Email Alerts,level,0.0,easy
Email Alerts,solar,0.73,hard
Email Alerts,radiation,0.47,easy
Email Alerts,storm,0.38,easy
Email Alerts,forecast,0.57,hard
Email Alerts,slight,0.38,easy
Email Alerts,chance,0.01,easy
Email Alerts,solar,0.73,hard
Email Alerts,radiation,0.47,easy
Email Alerts,next,0.0,easy
Email Alerts,day,0.0,easy
Email Alerts,radio,0.22,easy
Email Alerts,blackout,0.68,hard
Email Alerts,activity,0.36,easy
Email Alerts,forecast,0.57,hard
Email Alerts,radio,0.22,easy
Email Alerts,reaching,0.6,hard
Email Alerts,past,0.0,easy
Email Alerts,radio,0.22,easy
Email Alerts,blackout,0.68,hard
Email Alerts,forecast,0.57,hard
Email Alerts,solar,0.73,hard
Email Alerts,moderate,0.46,easy
Email Alerts,radio,0.22,easy
Email Alerts,chance,0.01,easy
Email Alerts,isolated,0.57,hard
Email Alerts,primarily,0.59,hard
Email Alerts,region,0.45,easy
Email Alerts,space,0.0,easy
Email Alerts,weather,0.14,easy
Email Alerts,prediction,0.75,hard
Email Alerts,center,0.03,easy
Email Alerts,geomagnetic,0.84,hard
Email Alerts,activity,0.36,easy
Email Alerts,observation,0.37,easy
Email Alerts,forecast,0.57,hard
Email Alerts,past,0.0,easy
Email Alerts,scale,0.05,easy
Email Alerts,scale,0.05,easy
Email Alerts,breakdown,0.62,hard
Email Alerts,geomagnetic,0.84,hard
Email Alerts,solar,0.73,hard
Email Alerts,radiation,0.47,easy
Email Alerts,activity,0.36,easy
Email Alerts,observation,0.37,easy
Email Alerts,forecast,0.57,hard
Email Alerts,solar,0.73,hard
Email Alerts,go,0.0,easy
Email Alerts,past,0.0,easy
Email Alerts,storm,0.38,easy
Email Alerts,level,0.0,easy
Email Alerts,solar,0.73,hard
Email Alerts,radiation,0.47,easy
Email Alerts,storm,0.38,easy
Email Alerts,forecast,0.57,hard
Email Alerts,slight,0.38,easy
Email Alerts,chance,0.01,easy
Email Alerts,solar,0.73,hard
Email Alerts,radiation,0.47,easy
Email Alerts,complex,0.02,easy
Email Alerts,visible,0.47,easy
Email Alerts,disk,0.42,easy
Email Alerts,radio,0.22,easy
Email Alerts,blackout,0.68,hard
Email Alerts,activity,0.36,easy
Email Alerts,forecast,0.57,hard
Email Alerts,radio,0.22,easy
Email Alerts,reaching,0.6,hard
Email Alerts,past,0.0,easy
Email Alerts,radio,0.22,easy
Email Alerts,blackout,0.68,hard
Email Alerts,forecast,0.57,hard
Email Alerts,radio,0.22,easy
Email Alerts,likely,0.06,easy
Email Alerts,complex,0.02,easy
Email Alerts,visible,0.47,easy
Email Alerts,disk,0.42,easy
Email Alerts,space,0.0,easy
Email Alerts,weather,0.14,easy
Email Alerts,prediction,0.75,hard
Email Alerts,center,0.03,easy
Email Alerts,geomagnetic,0.84,hard
Email Alerts,activity,0.36,easy
Email Alerts,observation,0.37,easy
Email Alerts,forecast,0.57,hard
Email Alerts,past,0.0,easy
Email Alerts,scale,0.05,easy
Email Alerts,breakdown,0.62,hard
Email Alerts,storm,0.38,easy
Email Alerts,subsequent,0.68,hard
Email Alerts,negative,0.29,easy
Email Alerts,solar,0.73,hard
Email Alerts,radiation,0.47,easy
Email Alerts,activity,0.36,easy
Email Alerts,observation,0.37,easy
Email Alerts,forecast,0.57,hard
Email Alerts,solar,0.73,hard
Email Alerts,go,0.0,easy
Email Alerts,past,0.0,easy
Email Alerts,storm,0.38,easy
Email Alerts,level,0.0,easy
Email Alerts,solar,0.73,hard
Email Alerts,radiation,0.47,easy
Email Alerts,storm,0.38,easy
Email Alerts,forecast,0.57,hard
Email Alerts,solar,0.73,hard
Email Alerts,radiation,0.47,easy
Email Alerts,active,0.11,easy
Email Alerts,region,0.45,easy
Email Alerts,activity,0.36,easy
Email Alerts,favorable,0.61,hard
Email Alerts,radiation,0.47,easy
Email Alerts,storm,0.38,easy
Email Alerts,radio,0.22,easy
Email Alerts,blackout,0.68,hard
Email Alerts,activity,0.36,easy
Email Alerts,forecast,0.57,hard
Email Alerts,radio,0.22,easy
Email Alerts,reaching,0.6,hard
Email Alerts,past,0.0,easy
Email Alerts,radio,0.22,easy
Email Alerts,blackout,0.68,hard
Email Alerts,forecast,0.57,hard
Email Alerts,solar,0.73,hard
Email Alerts,low,0.0,easy
Email Alerts,activity,0.36,easy
Email Alerts,space,0.0,easy
Email Alerts,weather,0.14,easy
Email Alerts,prediction,0.75,hard
Email Alerts,center,0.03,easy
Email Alerts,geomagnetic,0.84,hard
Email Alerts,activity,0.36,easy
Email Alerts,observation,0.37,easy
Email Alerts,forecast,0.57,hard
Email Alerts,past,0.0,easy
Email Alerts,scale,0.05,easy
Email Alerts,scale,0.05,easy
Email Alerts,breakdown,0.62,hard
Email Alerts,geomagnetic,0.84,hard
Email Alerts,solar,0.73,hard
Email Alerts,wind,0.05,easy
Email Alerts,forecast,0.57,hard
Email Alerts,solar,0.73,hard
Email Alerts,radiation,0.47,easy
Email Alerts,activity,0.36,easy
Email Alerts,observation,0.37,easy
Email Alerts,forecast,0.57,hard
Email Alerts,solar,0.73,hard
Email Alerts,go,0.0,easy
Email Alerts,past,0.0,easy
Email Alerts,storm,0.38,easy
Email Alerts,level,0.0,easy
Email Alerts,solar,0.73,hard
Email Alerts,radiation,0.47,easy
Email Alerts,storm,0.38,easy
Email Alerts,forecast,0.57,hard
Email Alerts,chance,0.01,easy
Email Alerts,solar,0.73,hard
Email Alerts,radiation,0.47,easy
Email Alerts,storming,0.78,hard
Email Alerts,persist,0.69,hard
Email Alerts,transit,0.59,hard
Email Alerts,exit,0.48,easy
Email Alerts,western,0.47,easy
Email Alerts,limb,0.62,hard
Email Alerts,radio,0.22,easy
Email Alerts,blackout,0.68,hard
Email Alerts,activity,0.36,easy
Email Alerts,past,0.0,easy
Email Alerts,radio,0.22,easy
Email Alerts,blackout,0.68,hard
Email Alerts,forecast,0.57,hard
Email Alerts,radio,0.22,easy
Email Alerts,likely,0.06,easy
Email Alerts,chance,0.01,easy
Email Alerts,magnetic,0.65,hard
Email Alerts,complexity,0.6,hard
Email Alerts,persistent,0.66,hard
Email Alerts,space,0.0,easy
Email Alerts,weather,0.14,easy
Email Alerts,prediction,0.75,hard
Email Alerts,center,0.03,easy
Email Alerts,geomagnetic,0.84,hard
Email Alerts,activity,0.36,easy
Email Alerts,observation,0.37,easy
Email Alerts,forecast,0.57,hard
Email Alerts,past,0.0,easy
Email Alerts,scale,0.05,easy
Email Alerts,scale,0.05,easy
Email Alerts,breakdown,0.62,hard
Email Alerts,geomagnetic,0.84,hard
Email Alerts,solar,0.73,hard
Email Alerts,wind,0.05,easy
Email Alerts,forecast,0.57,hard
Email Alerts,solar,0.73,hard
Email Alerts,radiation,0.47,easy
Email Alerts,activity,0.36,easy
Email Alerts,observation,0.37,easy
Email Alerts,forecast,0.57,hard
Email Alerts,solar,0.73,hard
Email Alerts,go,0.0,easy
Email Alerts,past,0.0,easy
Email Alerts,storm,0.38,easy
Email Alerts,level,0.0,easy
Email Alerts,solar,0.73,hard
Email Alerts,radiation,0.47,easy
Email Alerts,storm,0.38,easy
Email Alerts,forecast,0.57,hard
Email Alerts,solar,0.73,hard
Email Alerts,radiation,0.47,easy
Email Alerts,active,0.11,easy
Email Alerts,region,0.45,easy
Email Alerts,activity,0.36,easy
Email Alerts,favorable,0.61,hard
Email Alerts,radiation,0.47,easy
Email Alerts,storm,0.38,easy
Email Alerts,radio,0.22,easy
Email Alerts,blackout,0.68,hard
Email Alerts,activity,0.36,easy
Email Alerts,past,0.0,easy
Email Alerts,radio,0.22,easy
Email Alerts,blackout,0.68,hard
Email Alerts,forecast,0.57,hard
Email Alerts,chance,0.01,easy
Email Alerts,chance,0.01,easy
Email Alerts,event,0.05,easy
Email Alerts,space,0.0,easy
Email Alerts,weather,0.14,easy
Email Alerts,prediction,0.75,hard
Email Alerts,center,0.03,easy
Email Alerts,geomagnetic,0.84,hard
Email Alerts,activity,0.36,easy
Email Alerts,observation,0.37,easy
Email Alerts,forecast,0.57,hard
Email Alerts,past,0.0,easy
Email Alerts,scale,0.05,easy
Email Alerts,scale,0.05,easy
Email Alerts,breakdown,0.62,hard
Email Alerts,geomagnetic,0.84,hard
Email Alerts,solar,0.73,hard
Email Alerts,wind,0.05,easy
Email Alerts,forecast,0.57,hard
Email Alerts,solar,0.73,hard
Email Alerts,radiation,0.47,easy
Email Alerts,activity,0.36,easy
Email Alerts,observation,0.37,easy
Email Alerts,forecast,0.57,hard
Email Alerts,solar,0.73,hard
Email Alerts,go,0.0,easy
Email Alerts,past,0.0,easy
Email Alerts,storm,0.38,easy
Email Alerts,level,0.0,easy
Email Alerts,solar,0.73,hard
Email Alerts,radiation,0.47,easy
Email Alerts,storm,0.38,easy
Email Alerts,forecast,0.57,hard
Email Alerts,chance,0.01,easy
Email Alerts,solar,0.73,hard
Email Alerts,radiation,0.47,easy
Email Alerts,storming,0.78,hard
Email Alerts,persist,0.69,hard
Email Alerts,transit,0.59,hard
Email Alerts,exit,0.48,easy
Email Alerts,western,0.47,easy
Email Alerts,limb,0.62,hard
Email Alerts,radio,0.22,easy
Email Alerts,blackout,0.68,hard
Email Alerts,activity,0.36,easy
Email Alerts,forecast,0.57,hard
Email Alerts,radio,0.22,easy
Email Alerts,reaching,0.6,hard
Email Alerts,past,0.0,easy
Email Alerts,radio,0.22,easy
Email Alerts,blackout,0.68,hard
Email Alerts,forecast,0.57,hard
Email Alerts,radio,0.22,easy
Email Alerts,likely,0.06,easy
Email Alerts,chance,0.01,easy
Email Alerts,magnetic,0.65,hard
Email Alerts,complexity,0.6,hard
Email Alerts,persistent,0.66,hard
Email Alerts,space,0.0,easy
Email Alerts,weather,0.14,easy
Email Alerts,prediction,0.75,hard
Email Alerts,center,0.03,easy
Email Alerts,geomagnetic,0.84,hard
Email Alerts,activity,0.36,easy
Email Alerts,observation,0.37,easy
Email Alerts,forecast,0.57,hard
Email Alerts,past,0.0,easy
Email Alerts,breakdown,0.62,hard
Email Alerts,geomagnetic,0.84,hard
Email Alerts,solar,0.73,hard
Email Alerts,radiation,0.47,easy
Email Alerts,activity,0.36,easy
Email Alerts,observation,0.37,easy
Email Alerts,forecast,0.57,hard
Email Alerts,solar,0.73,hard
Email Alerts,go,0.0,easy
Email Alerts,past,0.0,easy
Email Alerts,storm,0.38,easy
Email Alerts,level,0.0,easy
Email Alerts,solar,0.73,hard
Email Alerts,radiation,0.47,easy
Email Alerts,storm,0.38,easy
Email Alerts,forecast,0.57,hard
Email Alerts,solar,0.73,hard
Email Alerts,radiation,0.47,easy
Email Alerts,active,0.11,easy
Email Alerts,region,0.45,easy
Email Alerts,activity,0.36,easy
Email Alerts,favorable,0.61,hard
Email Alerts,radiation,0.47,easy
Email Alerts,storm,0.38,easy
Email Alerts,radio,0.22,easy
Email Alerts,blackout,0.68,hard
Email Alerts,activity,0.36,easy
Email Alerts,past,0.0,easy
Email Alerts,radio,0.22,easy
Email Alerts,blackout,0.68,hard
Email Alerts,forecast,0.57,hard
Email Alerts,chance,0.01,easy
Email Alerts,radio,0.22,easy
Email Alerts,space,0.0,easy
Email Alerts,weather,0.14,easy
Email Alerts,prediction,0.75,hard
Email Alerts,center,0.03,easy
Email Alerts,geomagnetic,0.84,hard
Email Alerts,activity,0.36,easy
Email Alerts,observation,0.37,easy
Email Alerts,forecast,0.57,hard
Email Alerts,past,0.0,easy
Email Alerts,scale,0.05,easy
Email Alerts,scale,0.05,easy
Email Alerts,breakdown,0.62,hard
Email Alerts,geomagnetic,0.84,hard
Email Alerts,solar,0.73,hard
Email Alerts,wind,0.05,easy
Email Alerts,forecast,0.57,hard
Email Alerts,solar,0.73,hard
Email Alerts,radiation,0.47,easy
Email Alerts,activity,0.36,easy
Email Alerts,observation,0.37,easy
Email Alerts,forecast,0.57,hard
Email Alerts,solar,0.73,hard
Email Alerts,go,0.0,easy
Email Alerts,past,0.0,easy
Email Alerts,storm,0.38,easy
Email Alerts,level,0.0,easy
Email Alerts,solar,0.73,hard
Email Alerts,radiation,0.47,easy
Email Alerts,storm,0.38,easy
Email Alerts,forecast,0.57,hard
Email Alerts,solar,0.73,hard
Email Alerts,radiation,0.47,easy
Email Alerts,active,0.11,easy
Email Alerts,region,0.45,easy
Email Alerts,activity,0.36,easy
Email Alerts,favorable,0.61,hard
Email Alerts,radiation,0.47,easy
Email Alerts,storm,0.38,easy
Email Alerts,radio,0.22,easy
Email Alerts,blackout,0.68,hard
Email Alerts,activity,0.36,easy
Email Alerts,past,0.0,easy
Email Alerts,radio,0.22,easy
Email Alerts,blackout,0.68,hard
Email Alerts,forecast,0.57,hard
Email Alerts,radio,0.22,easy
Email Alerts,chance,0.01,easy
Email Alerts,space,0.0,easy
Email Alerts,weather,0.14,easy
Email Alerts,prediction,0.75,hard
Email Alerts,center,0.03,easy
Email Alerts,geomagnetic,0.84,hard
Email Alerts,activity,0.36,easy
Email Alerts,observation,0.37,easy
Email Alerts,forecast,0.57,hard
Email Alerts,past,0.0,easy
Email Alerts,scale,0.05,easy
Email Alerts,scale,0.05,easy
Email Alerts,breakdown,0.62,hard
Email Alerts,geomagnetic,0.84,hard
Email Alerts,solar,0.73,hard
Email Alerts,wind,0.05,easy
Email Alerts,forecast,0.57,hard
Email Alerts,solar,0.73,hard
Email Alerts,radiation,0.47,easy
Email Alerts,activity,0.36,easy
Email Alerts,observation,0.37,easy
Email Alerts,forecast,0.57,hard
Email Alerts,solar,0.73,hard
Email Alerts,go,0.0,easy
Email Alerts,past,0.0,easy
Email Alerts,storm,0.38,easy
Email Alerts,level,0.0,easy
Email Alerts,solar,0.73,hard
Email Alerts,radiation,0.47,easy
Email Alerts,storm,0.38,easy
Email Alerts,forecast,0.57,hard
Email Alerts,slight,0.38,easy
Email Alerts,chance,0.01,easy
Email Alerts,solar,0.73,hard
Email Alerts,radiation,0.47,easy
Email Alerts,complex,0.02,easy
Email Alerts,visible,0.47,easy
Email Alerts,disk,0.42,easy
Email Alerts,radio,0.22,easy
Email Alerts,blackout,0.68,hard
Email Alerts,activity,0.36,easy
Email Alerts,past,0.0,easy
Email Alerts,radio,0.22,easy
Email Alerts,blackout,0.68,hard
Email Alerts,forecast,0.57,hard
Email Alerts,radio,0.22,easy
Email Alerts,likely,0.06,easy
Email Alerts,flare,0.43,easy
Email Alerts,complex,0.02,easy
Email Alerts,visible,0.47,easy
Email Alerts,disk,0.42,easy
Email Alerts,space,0.0,easy
Email Alerts,weather,0.14,easy
Email Alerts,prediction,0.75,hard
Email Alerts,center,0.03,easy
Email Alerts,geomagnetic,0.84,hard
Email Alerts,activity,0.36,easy
Email Alerts,observation,0.37,easy
Email Alerts,forecast,0.57,hard
Email Alerts,past,0.0,easy
Email Alerts,scale,0.05,easy
Email Alerts,scale,0.05,easy
Email Alerts,breakdown,0.62,hard
Email Alerts,geomagnetic,0.84,hard
Email Alerts,solar,0.73,hard
Email Alerts,wind,0.05,easy
Email Alerts,forecast,0.57,hard
Email Alerts,solar,0.73,hard
Email Alerts,radiation,0.47,easy
Email Alerts,activity,0.36,easy
Email Alerts,observation,0.37,easy
Email Alerts,forecast,0.57,hard
Email Alerts,solar,0.73,hard
Email Alerts,go,0.0,easy
Email Alerts,past,0.0,easy
Email Alerts,storm,0.38,easy
Email Alerts,level,0.0,easy
Email Alerts,solar,0.73,hard
Email Alerts,radiation,0.47,easy
Email Alerts,storm,0.38,easy
Email Alerts,forecast,0.57,hard
Email Alerts,slight,0.38,easy
Email Alerts,chance,0.01,easy
Email Alerts,greater,0.1,easy
Email Alerts,proton,0.76,hard
Email Alerts,storm,0.38,easy
Email Alerts,radio,0.22,easy
Email Alerts,blackout,0.68,hard
Email Alerts,activity,0.36,easy
Email Alerts,forecast,0.57,hard
Email Alerts,radio,0.22,easy
Email Alerts,reaching,0.6,hard
Email Alerts,past,0.0,easy
Email Alerts,radio,0.22,easy
Email Alerts,blackout,0.68,hard
Email Alerts,forecast,0.57,hard
Email Alerts,likely,0.06,easy
Email Alerts,chance,0.01,easy
Email Alerts,message,0.05,easy
Email Alerts,space,0.0,easy
Email Alerts,weather,0.14,easy
Email Alerts,message,0.05,easy
Email Alerts,code,0.32,easy
Email Alerts,number,0.0,easy
Email Alerts,time,0.0,easy
Email Alerts,geomagnetic,0.84,hard
Email Alerts,threshold,0.65,hard
Email Alerts,period,0.01,easy
Email Alerts,warning,0.28,easy
Email Alerts,scale,0.05,easy
Email Alerts,space,0.0,easy
Email Alerts,weather,0.14,easy
Email Alerts,scale,0.05,easy
Email Alerts,primarily,0.59,hard
Email Alerts,geomagnetic,0.84,hard
Email Alerts,weak,0.21,easy
Email Alerts,power,0.0,easy
Email Alerts,grid,0.67,hard
Email Alerts,minor,0.22,easy
Email Alerts,aurora,0.77,hard
Email Alerts,michigan,0.77,hard
Email Alerts,message,0.05,easy
Email Alerts,space,0.0,easy
Email Alerts,weather,0.14,easy
Email Alerts,message,0.05,easy
Email Alerts,code,0.32,easy
Email Alerts,number,0.0,easy
Email Alerts,time,0.0,easy
Email Alerts,warning,0.28,easy
Email Alerts,geomagnetic,0.84,hard
Email Alerts,number,0.0,easy
Email Alerts,valid,0.58,hard
Email Alerts,condition,0.04,easy
Email Alerts,space,0.0,easy
Email Alerts,weather,0.14,easy
Email Alerts,scale,0.05,easy
Email Alerts,primarily,0.59,hard
Email Alerts,geomagnetic,0.84,hard
Email Alerts,weak,0.21,easy
Email Alerts,power,0.0,easy
Email Alerts,grid,0.67,hard
Email Alerts,minor,0.22,easy
Email Alerts,aurora,0.77,hard
Email Alerts,michigan,0.77,hard
Email Alerts,message,0.05,easy
Email Alerts,space,0.0,easy
Email Alerts,weather,0.14,easy
Email Alerts,message,0.05,easy
Email Alerts,code,0.32,easy
Email Alerts,number,0.0,easy
Email Alerts,time,0.0,easy
Email Alerts,warning,0.28,easy
Email Alerts,geomagnetic,0.84,hard
Email Alerts,number,0.0,easy
Email Alerts,valid,0.58,hard
Email Alerts,condition,0.04,easy
Email Alerts,space,0.0,easy
Email Alerts,weather,0.14,easy
Email Alerts,scale,0.05,easy
Email Alerts,primarily,0.59,hard
Email Alerts,geomagnetic,0.84,hard
Email Alerts,weak,0.21,easy
Email Alerts,power,0.0,easy
Email Alerts,grid,0.67,hard
Email Alerts,aurora,0.77,hard
Email Alerts,message,0.05,easy
Email Alerts,space,0.0,easy
Email Alerts,weather,0.14,easy
Email Alerts,message,0.05,easy
Email Alerts,code,0.32,easy
Email Alerts,number,0.0,easy
Email Alerts,time,0.0,easy
Email Alerts,geomagnetic,0.84,hard
Email Alerts,threshold,0.65,hard
Email Alerts,period,0.01,easy
Email Alerts,warning,0.28,easy
Email Alerts,scale,0.05,easy
Email Alerts,space,0.0,easy
Email Alerts,weather,0.14,easy
Email Alerts,scale,0.05,easy
Email Alerts,primarily,0.59,hard
Email Alerts,geomagnetic,0.84,hard
Email Alerts,power,0.0,easy
Email Alerts,grid,0.67,hard
Email Alerts,occur,0.48,easy
Email Alerts,power,0.0,easy
Email Alerts,experience,0.0,easy
Email Alerts,voltage,0.71,hard
Email Alerts,satellite,0.65,hard
Email Alerts,orientation,0.68,hard
Email Alerts,occur,0.48,easy
Email Alerts,high,0.0,easy
Email Alerts,frequency,0.66,hard
Email Alerts,radio,0.22,easy
Email Alerts,propagation,0.77,hard
Email Alerts,aurora,0.77,hard
Email Alerts,state,0.0,easy
Email Alerts,message,0.05,easy
Email Alerts,space,0.0,easy
Email Alerts,weather,0.14,easy
Email Alerts,message,0.05,easy
Email Alerts,code,0.32,easy
Email Alerts,number,0.0,easy
Email Alerts,time,0.0,easy
Email Alerts,geomagnetic,0.84,hard
Email Alerts,condition,0.04,easy
Email Alerts,scale,0.05,easy
Email Alerts,space,0.0,easy
Email Alerts,weather,0.14,easy
Email Alerts,scale,0.05,easy
Email Alerts,primarily,0.59,hard
Email Alerts,geomagnetic,0.84,hard
Email Alerts,power,0.0,easy
Email Alerts,grid,0.67,hard
Email Alerts,occur,0.48,easy
Email Alerts,power,0.0,easy
Email Alerts,experience,0.0,easy
Email Alerts,voltage,0.71,hard
Email Alerts,satellite,0.65,hard
Email Alerts,orientation,0.68,hard
Email Alerts,occur,0.48,easy
Email Alerts,high,0.0,easy
Email Alerts,frequency,0.66,hard
Email Alerts,radio,0.22,easy
Email Alerts,propagation,0.77,hard
Email Alerts,aurora,0.77,hard
Email Alerts,state,0.0,easy
Email Alerts,message,0.05,easy
Email Alerts,space,0.0,easy
Email Alerts,weather,0.14,easy
Email Alerts,message,0.05,easy
Email Alerts,code,0.32,easy
Email Alerts,number,0.0,easy
Email Alerts,time,0.0,easy
Email Alerts,geomagnetic,0.84,hard
Email Alerts,threshold,0.65,hard
Email Alerts,period,0.01,easy
Email Alerts,warning,0.28,easy
Email Alerts,space,0.0,easy
Email Alerts,weather,0.14,easy
Email Alerts,scale,0.05,easy
Email Alerts,primarily,0.59,hard
Email Alerts,geomagnetic,0.84,hard
Email Alerts,weak,0.21,easy
Email Alerts,power,0.0,easy
Email Alerts,grid,0.67,hard
Email Alerts,aurora,0.77,hard
Email Alerts,message,0.05,easy
Email Alerts,space,0.0,easy
Email Alerts,weather,0.14,easy
Email Alerts,message,0.05,easy
Email Alerts,code,0.32,easy
Email Alerts,number,0.0,easy
Email Alerts,time,0.0,easy
Email Alerts,proton,0.76,hard
Email Alerts,event,0.05,easy
Email Alerts,integral,0.7,hard
Email Alerts,flux,0.46,easy
Email Alerts,time,0.0,easy
Email Alerts,time,0.0,easy
Email Alerts,time,0.0,easy
Email Alerts,flux,0.46,easy
Email Alerts,scale,0.05,easy
Email Alerts,space,0.0,easy
Email Alerts,weather,0.14,easy
Email Alerts,scale,0.05,easy
Email Alerts,message,0.05,easy
Email Alerts,space,0.0,easy
Email Alerts,weather,0.14,easy
Email Alerts,message,0.05,easy
Email Alerts,code,0.32,easy
Email Alerts,number,0.0,easy
Email Alerts,time,0.0,easy
Email Alerts,warning,0.28,easy
Email Alerts,proton,0.76,hard
Email Alerts,integral,0.7,hard
Email Alerts,flux,0.46,easy
Email Alerts,number,0.0,easy
Email Alerts,valid,0.58,hard
Email Alerts,condition,0.04,easy
Email Alerts,scale,0.05,easy
Email Alerts,space,0.0,easy
Email Alerts,weather,0.14,easy
Email Alerts,scale,0.05,easy
Email Alerts,radio,0.22,easy
Email Alerts,minor,0.22,easy
Email Alerts,frequency,0.66,hard
Email Alerts,radio,0.22,easy
Email Alerts,propagation,0.77,hard
Email Alerts,message,0.05,easy
Email Alerts,space,0.0,easy
Email Alerts,weather,0.14,easy
Email Alerts,message,0.05,easy
Email Alerts,code,0.32,easy
Email Alerts,number,0.0,easy
Email Alerts,time,0.0,easy
Email Alerts,time,0.0,easy
Email Alerts,time,0.0,easy
Email Alerts,time,0.0,easy
Email Alerts,flux,0.46,easy
Email Alerts,noon,0.66,hard
Email Alerts,flux,0.46,easy
Email Alerts,radio,0.22,easy
Email Alerts,burst,0.15,easy
Email Alerts,electromagnetic,0.83,hard
Email Alerts,burst,0.15,easy
Email Alerts,associated,0.64,hard
Email Alerts,background,0.04,easy
Email Alerts,radio,0.22,easy
Email Alerts,flare,0.43,easy
Email Alerts,cause,0.0,easy
Email Alerts,interference,0.61,hard
Email Alerts,sensitive,0.45,easy
Email Alerts,radar,0.67,hard
Email Alerts,satellite,0.65,hard
Email Alerts,message,0.05,easy
Email Alerts,space,0.0,easy
Email Alerts,weather,0.14,easy
Email Alerts,message,0.05,easy
Email Alerts,code,0.32,easy
Email Alerts,number,0.0,easy
Email Alerts,time,0.0,easy
Email Alerts,time,0.0,easy
Email Alerts,major,0.0,easy
Email Alerts,sun,0.09,easy
Email Alerts,typically,0.74,hard
Email Alerts,associated,0.64,hard
Email Alerts,strong,0.0,easy
Email Alerts,coronal,0.76,hard
Email Alerts,mass,0.1,easy
Email Alerts,solar,0.73,hard
Email Alerts,radiation,0.47,easy
Email Alerts,message,0.05,easy
Email Alerts,space,0.0,easy
Email Alerts,weather,0.14,easy
Email Alerts,message,0.05,easy
Email Alerts,code,0.32,easy
Email Alerts,number,0.0,easy
Email Alerts,time,0.0,easy
Email Alerts,time,0.0,easy
Email Alerts,velocity,0.75,hard
Email Alerts,sun,0.09,easy
Email Alerts,typically,0.74,hard
Email Alerts,mass,0.1,easy
Email Alerts,event,0.05,easy
Email Alerts,message,0.05,easy
Email Alerts,space,0.0,easy
Email Alerts,weather,0.14,easy
Email Alerts,message,0.05,easy
Email Alerts,code,0.32,easy
Email Alerts,number,0.0,easy
Email Alerts,time,0.0,easy
Email Alerts,proton,0.76,hard
Email Alerts,event,0.05,easy
Email Alerts,integral,0.7,hard
Email Alerts,flux,0.46,easy
Email Alerts,time,0.0,easy
Email Alerts,scale,0.05,easy
Email Alerts,space,0.0,easy
Email Alerts,weather,0.14,easy
Email Alerts,scale,0.05,easy
Email Alerts,radio,0.22,easy
Email Alerts,minor,0.22,easy
Email Alerts,frequency,0.66,hard
Email Alerts,radio,0.22,easy
Email Alerts,propagation,0.77,hard
Email Alerts,message,0.05,easy
Email Alerts,space,0.0,easy
Email Alerts,weather,0.14,easy
Email Alerts,message,0.05,easy
Email Alerts,code,0.32,easy
Email Alerts,number,0.0,easy
Email Alerts,time,0.0,easy
Email Alerts,event,0.05,easy
Email Alerts,time,0.0,easy
Email Alerts,time,0.0,easy
Email Alerts,time,0.0,easy
Email Alerts,class,0.01,easy
Email Alerts,scale,0.05,easy
Email Alerts,space,0.0,easy
Email Alerts,weather,0.14,easy
Email Alerts,scale,0.05,easy
Email Alerts,sunlit,0.76,hard
Email Alerts,subsolar,0.8,hard
Email Alerts,wide,0.03,easy
Email Alerts,area,0.01,easy
Email Alerts,high,0.0,easy
Email Alerts,frequency,0.66,hard
Email Alerts,radio,0.22,easy
Email Alerts,communication,0.63,hard
Email Alerts,message,0.05,easy
Email Alerts,space,0.0,easy
Email Alerts,weather,0.14,easy
Email Alerts,message,0.05,easy
Email Alerts,code,0.32,easy
Email Alerts,number,0.0,easy
Email Alerts,time,0.0,easy
Email Alerts,flux,0.46,easy
Email Alerts,scale,0.05,easy
Email Alerts,space,0.0,easy
Email Alerts,weather,0.14,easy
Email Alerts,scale,0.05,easy
Email Alerts,sunlit,0.76,hard
Email Alerts,high,0.0,easy
Email Alerts,frequency,0.66,hard
Email Alerts,radio,0.22,easy
Email Alerts,communication,0.63,hard
Email Alerts,dependent,0.26,easy
Email Alerts,upon,0.0,easy
Email Alerts,current,0.01,easy
Email Alerts,flux,0.46,easy
Email Alerts,intensity,0.43,easy
Email Alerts,area,0.01,easy
Email Alerts,duration,0.7,hard
Email Alerts,please,0.02,easy
Email Alerts,see,0.0,easy
Email Alerts,message,0.05,easy
Email Alerts,space,0.0,easy
Email Alerts,weather,0.14,easy
Email Alerts,message,0.05,easy
Email Alerts,code,0.32,easy
Email Alerts,number,0.0,easy
Email Alerts,time,0.0,easy
Email Alerts,alert,0.32,easy
Email Alerts,electron,0.71,hard
Email Alerts,integral,0.7,hard
Email Alerts,flux,0.46,easy
Email Alerts,number,0.0,easy
Email Alerts,time,0.0,easy
Email Alerts,maximum,0.47,easy
Email Alerts,flux,0.46,easy
Email Alerts,satellite,0.65,hard
Email Alerts,experience,0.0,easy
Email Alerts,significant,0.42,easy
Email Alerts,charging,0.75,hard
Email Alerts,message,0.05,easy
Email Alerts,space,0.0,easy
Email Alerts,weather,0.14,easy
Email Alerts,message,0.05,easy
Email Alerts,code,0.32,easy
Email Alerts,number,0.0,easy
Email Alerts,time,0.0,easy
Email Alerts,geomagnetic,0.84,hard
Email Alerts,storm,0.38,easy
Email Alerts,storm,0.38,easy
Email Alerts,level,0.0,easy
Email Alerts,minor,0.22,easy
Email Alerts,none,0.05,easy
Email Alerts,none,0.05,easy
Email Alerts,prior,0.4,easy
Email Alerts,space,0.0,easy
Email Alerts,weather,0.14,easy
Email Alerts,scale,0.05,easy
Email Alerts,primarily,0.59,hard
Email Alerts,geomagnetic,0.84,hard
Email Alerts,weak,0.21,easy
Email Alerts,power,0.0,easy
Email Alerts,grid,0.67,hard
Email Alerts,minor,0.22,easy
Email Alerts,aurora,0.77,hard
Email Alerts,michigan,0.77,hard
Email Alerts,message,0.05,easy
Email Alerts,space,0.0,easy
Email Alerts,weather,0.14,easy
Email Alerts,message,0.05,easy
Email Alerts,code,0.32,easy
Email Alerts,number,0.0,easy
Email Alerts,time,0.0,easy
Email Alerts,event,0.05,easy
Email Alerts,time,0.0,easy
Email Alerts,time,0.0,easy
Email Alerts,time,0.0,easy
Email Alerts,class,0.01,easy
Email Alerts,scale,0.05,easy
Email Alerts,associated,0.64,hard
Email Alerts,proton,0.76,hard
Email Alerts,event,0.05,easy
Email Alerts,space,0.0,easy
Email Alerts,weather,0.14,easy
Email Alerts,scale,0.05,easy
Email Alerts,centered,0.68,hard
Email Alerts,sunlit,0.76,hard
Email Alerts,limited,0.19,easy
Email Alerts,high,0.0,easy
Email Alerts,frequency,0.66,hard
Email Alerts,radio,0.22,easy
Email Alerts,communication,0.63,hard
Email Alerts,product,0.22,easy
Email Alerts,space,0.0,easy
Email Alerts,weather,0.14,easy
Email Alerts,prediction,0.75,hard
Email Alerts,center,0.03,easy
Email Alerts,solar,0.73,hard
Email Alerts,activity,0.36,easy
Email Alerts,summary,0.7,hard
Email Alerts,solar,0.73,hard
Email Alerts,activity,0.36,easy
Email Alerts,low,0.0,easy
Email Alerts,numerous,0.5,easy
Email Alerts,low,0.0,easy
Email Alerts,level,0.0,easy
Email Alerts,flare,0.43,easy
Email Alerts,activity,0.36,easy
Email Alerts,beyond,0.05,easy
Email Alerts,east,0.18,easy
Email Alerts,west,0.1,easy
Email Alerts,decay,0.58,hard
Email Alerts,quiet,0.04,easy
Email Alerts,activity,0.36,easy
Email Alerts,period,0.01,easy
Email Alerts,otherwise,0.25,easy
Email Alerts,unremarkable,0.8,hard
Email Alerts,degree,0.06,easy
Email Alerts,long,0.0,easy
Email Alerts,filament,0.74,hard
Email Alerts,centered,0.68,hard
Email Alerts,lifting,0.74,hard
Email Alerts,solar,0.73,hard
Email Alerts,disk,0.42,easy
Email Alerts,corresponding,0.68,hard
Email Alerts,imagery,0.69,hard
Email Alerts,eruption,0.66,hard
Email Alerts,lifting,0.74,hard
Email Alerts,resulting,0.63,hard
Email Alerts,coronagraph,0.82,hard
Email Alerts,potentially,0.74,hard
Email Alerts,forecast,0.57,hard
Email Alerts,solar,0.73,hard
Email Alerts,activity,0.36,easy
Email Alerts,chance,0.01,easy
Email Alerts,flare,0.43,easy
Email Alerts,activity,0.36,easy
Email Alerts,increase,0.01,easy
Email Alerts,chance,0.01,easy
Email Alerts,isolated,0.57,hard
Email Alerts,flare,0.43,easy
Email Alerts,activity,0.36,easy
Email Alerts,energetic,0.72,hard
Email Alerts,summary,0.7,hard
Email Alerts,greater,0.1,easy
Email Alerts,proton,0.76,hard
Email Alerts,flux,0.46,easy
Email Alerts,greater,0.1,easy
Email Alerts,electron,0.71,hard
Email Alerts,flux,0.46,easy
Email Alerts,forecast,0.57,hard
Email Alerts,greater,0.1,easy
Email Alerts,proton,0.76,hard
Email Alerts,greater,0.1,easy
Email Alerts,electron,0.71,hard
Email Alerts,solar,0.73,hard
Email Alerts,wind,0.05,easy
Email Alerts,summary,0.7,hard
Email Alerts,solar,0.73,hard
Email Alerts,wind,0.05,easy
Email Alerts,reflected,0.64,hard
Email Alerts,weak,0.21,easy
Email Alerts,positive,0.23,easy
Email Alerts,total,0.02,easy
Email Alerts,field,0.0,easy
Email Alerts,ranged,0.71,hard
Email Alerts,sustained,0.67,hard
Email Alerts,southward,0.71,hard
Email Alerts,solar,0.73,hard
Email Alerts,wind,0.05,easy
Email Alerts,near,0.01,easy
Email Alerts,phi,0.74,hard
Email Alerts,predominantly,0.81,hard
Email Alerts,positive,0.23,easy
Email Alerts,forecast,0.57,hard
Email Alerts,weak,0.21,easy
Email Alerts,solar,0.73,hard
Email Alerts,wind,0.05,easy
Email Alerts,environment,0.61,hard
Email Alerts,summary,0.7,hard
Email Alerts,geomagnetic,0.84,hard
Email Alerts,field,0.0,easy
Email Alerts,forecast,0.57,hard
Email Alerts,isolated,0.57,hard
Email Alerts,active,0.11,easy
Email Alerts,quiet,0.04,easy
Email Alerts,product,0.22,easy
Email Alerts,space,0.0,easy
Email Alerts,weather,0.14,easy
Email Alerts,prediction,0.75,hard
Email Alerts,center,0.03,easy
Email Alerts,solar,0.73,hard
Email Alerts,activity,0.36,easy
Email Alerts,summary,0.7,hard
Email Alerts,solar,0.73,hard
Email Alerts,flare,0.43,easy
Email Alerts,activity,0.36,easy
Email Alerts,moderate,0.46,easy
Email Alerts,period,0.01,easy
Email Alerts,decay,0.58,hard
Email Alerts,throughout,0.05,easy
Email Alerts,period,0.01,easy
Email Alerts,moderate,0.46,easy
Email Alerts,growth,0.02,easy
Email Alerts,quiet,0.04,easy
Email Alerts,either,0.0,easy
Email Alerts,radio,0.22,easy
Email Alerts,likely,0.06,easy
Email Alerts,energetic,0.72,hard
Email Alerts,particle,0.71,hard
Email Alerts,summary,0.7,hard
Email Alerts,greater,0.1,easy
Email Alerts,electron,0.71,hard
Email Alerts,flux,0.46,easy
Email Alerts,moderate,0.46,easy
Email Alerts,greater,0.1,easy
Email Alerts,proton,0.76,hard
Email Alerts,flux,0.46,easy
Email Alerts,forecast,0.57,hard
Email Alerts,greater,0.1,easy
Email Alerts,electron,0.71,hard
Email Alerts,greater,0.1,easy
Email Alerts,proton,0.76,hard
Email Alerts,solar,0.73,hard
Email Alerts,wind,0.05,easy
Email Alerts,summary,0.7,hard
Email Alerts,solar,0.73,hard
Email Alerts,wind,0.05,easy
Email Alerts,total,0.02,easy
Email Alerts,field,0.0,easy
Email Alerts,varied,0.59,hard
Email Alerts,solar,0.73,hard
Email Alerts,wind,0.05,easy
Email Alerts,ranged,0.71,hard
Email Alerts,phi,0.74,hard
Email Alerts,predominantly,0.81,hard
Email Alerts,positive,0.23,easy
Email Alerts,forecast,0.57,hard
Email Alerts,solar,0.73,hard
Email Alerts,wind,0.05,easy
Email Alerts,wind,0.05,easy
Email Alerts,positive,0.23,easy
Email Alerts,summary,0.7,hard
Email Alerts,geomagnetic,0.84,hard
Email Alerts,field,0.0,easy
Email Alerts,quiet,0.04,easy
Email Alerts,unsettled,0.72,hard
Email Alerts,forecast,0.57,hard
Email Alerts,geomagnetic,0.84,hard
Email Alerts,quiet,0.04,easy
Email Alerts,unsettled,0.72,hard
Email Alerts,isolated,0.57,hard
Email Alerts,active,0.11,easy
Email Alerts,positive,0.23,easy
Email Alerts,effect,0.0,easy
Email Alerts,product,0.22,easy
Email Alerts,space,0.0,easy
Email Alerts,weather,0.14,easy
Email Alerts,prediction,0.75,hard
Email Alerts,center,0.03,easy
Email Alerts,solar,0.73,hard
Email Alerts,activity,0.36,easy
Email Alerts,summary,0.7,hard
Email Alerts,solar,0.73,hard
Email Alerts,activity,0.36,easy
Email Alerts,high,0.0,easy
Email Alerts,period,0.01,easy
Email Alerts,period,0.01,easy
Email Alerts,development,0.01,easy
Email Alerts,continued,0.3,easy
Email Alerts,among,0.0,easy
Email Alerts,small,0.0,easy
Email Alerts,delta,0.7,hard
Email Alerts,spot,0.1,easy
Email Alerts,region,0.45,easy
Email Alerts,writing,0.04,easy
Email Alerts,model,0.15,easy
Email Alerts,large,0.0,easy
Email Alerts,associated,0.64,hard
Email Alerts,south,0.12,easy
Email Alerts,later,0.0,easy
Email Alerts,forecast,0.57,hard
Email Alerts,flare,0.43,easy
Email Alerts,chance,0.01,easy
Email Alerts,flare,0.43,easy
Email Alerts,energetic,0.72,hard
Email Alerts,particle,0.71,hard
Email Alerts,summary,0.7,hard
Email Alerts,greater,0.1,easy
Email Alerts,proton,0.76,hard
Email Alerts,flux,0.46,easy
Email Alerts,elevated,0.72,hard
Email Alerts,background,0.04,easy
Email Alerts,well,0.0,easy
Email Alerts,mostly,0.22,easy
Email Alerts,far,0.0,easy
Email Alerts,sun,0.09,easy
Email Alerts,greater,0.1,easy
Email Alerts,electron,0.71,hard
Email Alerts,flux,0.46,easy
Email Alerts,crossed,0.56,hard
Email Alerts,alert,0.32,easy
Email Alerts,decreasing,0.75,hard
Email Alerts,forecast,0.57,hard
Email Alerts,chance,0.01,easy
Email Alerts,greater,0.1,easy
Email Alerts,proton,0.76,hard
Email Alerts,greater,0.1,easy
Email Alerts,electron,0.71,hard
Email Alerts,solar,0.73,hard
Email Alerts,wind,0.05,easy
Email Alerts,summary,0.7,hard
Email Alerts,solar,0.73,hard
Email Alerts,wind,0.05,easy
Email Alerts,weakly,0.74,hard
Email Alerts,enhanced,0.7,hard
Email Alerts,period,0.01,easy
Email Alerts,total,0.02,easy
Email Alerts,field,0.0,easy
Email Alerts,solar,0.73,hard
Email Alerts,wind,0.05,easy
Email Alerts,ranged,0.71,hard
Email Alerts,phi,0.74,hard
Email Alerts,angle,0.19,easy
Email Alerts,predominantly,0.81,hard
Email Alerts,negative,0.29,easy
Email Alerts,forecast,0.57,hard
Email Alerts,enhanced,0.7,hard
Email Alerts,solar,0.73,hard
Email Alerts,wind,0.05,easy
Email Alerts,negative,0.29,easy
Email Alerts,glancing,0.76,hard
Email Alerts,direct,0.05,easy
Email Alerts,influence,0.13,easy
Email Alerts,summary,0.7,hard
Email Alerts,geomagnetic,0.84,hard
Email Alerts,field,0.0,easy
Email Alerts,ranged,0.71,hard
Email Alerts,storming,0.78,hard
Email Alerts,chance,0.01,easy
Email Alerts,waning,0.74,hard
Email Alerts,influence,0.13,easy
Email Alerts,carry,0.01,easy
Email Alerts,interact,0.76,hard
Email Alerts,polarity,0.79,hard
Email Alerts,coronal,0.76,hard
Email Alerts,hole,0.1,easy
Email Alerts,largely,0.43,easy
Email Alerts,unsettled,0.72,hard
Email Alerts,isolated,0.57,hard
Email Alerts,active,0.11,easy
Email Alerts,geomagnetic,0.84,hard
Email Alerts,quiet,0.04,easy
Email Alerts,unsettled,0.72,hard
Email Alerts,isolated,0.57,hard
Email Alerts,active,0.11,easy
Email Alerts,influence,0.13,easy
Email Alerts,plus,0.29,easy
Email Alerts,additional,0.42,easy
Email Alerts,enhancement,0.76,hard
Email Alerts,glancing,0.76,hard
Email Alerts,left,0.0,easy
Email Alerts,product,0.22,easy
Email Alerts,space,0.0,easy
Email Alerts,weather,0.14,easy
Email Alerts,prediction,0.75,hard
Email Alerts,center,0.03,easy
Email Alerts,solar,0.73,hard
Email Alerts,activity,0.36,easy
Email Alerts,summary,0.7,hard
Email Alerts,solar,0.73,hard
Email Alerts,activity,0.36,easy
Email Alerts,activity,0.36,easy
Email Alerts,newly,0.6,hard
Email Alerts,simple,0.0,easy
Email Alerts,relatively,0.5,easy
Email Alerts,quiet,0.04,easy
Email Alerts,much,0.0,easy
Email Alerts,like,0.0,easy
Email Alerts,four,0.0,easy
Email Alerts,spotted,0.71,hard
Email Alerts,visible,0.47,easy
Email Alerts,disk,0.42,easy
Email Alerts,activity,0.36,easy
Email Alerts,eruption,0.66,hard
Email Alerts,disk,0.42,easy
Email Alerts,beginning,0.03,easy
Email Alerts,coronagraph,0.82,hard
Email Alerts,analyze,0.68,hard
Email Alerts,potential,0.24,easy
Email Alerts,associated,0.64,hard
Email Alerts,event,0.05,easy
Email Alerts,forecast,0.57,hard
Email Alerts,solar,0.73,hard
Email Alerts,likely,0.06,easy
Email Alerts,energetic,0.72,hard
Email Alerts,particle,0.71,hard
Email Alerts,summary,0.7,hard
Email Alerts,greater,0.1,easy
Email Alerts,proton,0.76,hard
Email Alerts,flux,0.46,easy
Email Alerts,slowly,0.2,easy
Email Alerts,enhanced,0.7,hard
Email Alerts,following,0.03,easy
Email Alerts,activity,0.36,easy
Email Alerts,region,0.45,easy
Email Alerts,beyond,0.05,easy
Email Alerts,beginning,0.03,easy
Email Alerts,greater,0.1,easy
Email Alerts,electron,0.71,hard
Email Alerts,flux,0.46,easy
Email Alerts,forecast,0.57,hard
Email Alerts,greater,0.1,easy
Email Alerts,proton,0.76,hard
Email Alerts,minor,0.22,easy
Email Alerts,proton,0.76,hard
Email Alerts,flux,0.46,easy
Email Alerts,well,0.0,easy
Email Alerts,greater,0.1,easy
Email Alerts,electron,0.71,hard
Email Alerts,solar,0.73,hard
Email Alerts,wind,0.05,easy
Email Alerts,summary,0.7,hard
Email Alerts,solar,0.73,hard
Email Alerts,wind,0.05,easy
Email Alerts,weakly,0.74,hard
Email Alerts,enhanced,0.7,hard
Email Alerts,solar,0.73,hard
Email Alerts,wind,0.05,easy
Email Alerts,near,0.01,easy
Email Alerts,period,0.01,easy
Email Alerts,total,0.02,easy
Email Alerts,magnetic,0.65,hard
Email Alerts,field,0.0,easy
Email Alerts,strength,0.05,easy
Email Alerts,mostly,0.22,easy
Email Alerts,positive,0.23,easy
Email Alerts,phi,0.74,hard
Email Alerts,angle,0.19,easy
Email Alerts,predominantly,0.81,hard
Email Alerts,positive,0.23,easy
Email Alerts,forecast,0.57,hard
Email Alerts,weakly,0.74,hard
Email Alerts,enhanced,0.7,hard
Email Alerts,solar,0.73,hard
Email Alerts,wind,0.05,easy
Email Alerts,background,0.04,easy
Email Alerts,summary,0.7,hard
Email Alerts,geomagnetic,0.84,hard
Email Alerts,field,0.0,easy
Email Alerts,forecast,0.57,hard
Email Alerts,geomagnetic,0.84,hard
Email Alerts,quiet,0.04,easy
Email Alerts,product,0.22,easy
Email Alerts,space,0.0,easy
Email Alerts,weather,0.14,easy
Email Alerts,prediction,0.75,hard
Email Alerts,center,0.03,easy
Email Alerts,solar,0.73,hard
Email Alerts,activity,0.36,easy
Email Alerts,summary,0.7,hard
Email Alerts,solar,0.73,hard
Email Alerts,activity,0.36,easy
Email Alerts,moderate,0.46,easy
Email Alerts,impulsive,0.72,hard
Email Alerts,multiple,0.19,easy
Email Alerts,beyond,0.05,easy
Email Alerts,slight,0.38,easy
Email Alerts,growth,0.02,easy
Email Alerts,spot,0.1,easy
Email Alerts,relatively,0.5,easy
Email Alerts,likely,0.06,easy
Email Alerts,associated,0.64,hard
Email Alerts,region,0.45,easy
Email Alerts,progress,0.09,easy
Email Alerts,however,0.0,easy
Email Alerts,given,0.0,easy
Email Alerts,northerly,0.71,hard
Email Alerts,forecast,0.57,hard
Email Alerts,solar,0.73,hard
Email Alerts,low,0.0,easy
Email Alerts,energetic,0.72,hard
Email Alerts,particle,0.71,hard
Email Alerts,summary,0.7,hard
Email Alerts,greater,0.1,easy
Email Alerts,proton,0.76,hard
Email Alerts,flux,0.46,easy
Email Alerts,greater,0.1,easy
Email Alerts,electron,0.71,hard
Email Alerts,flux,0.46,easy
Email Alerts,forecast,0.57,hard
Email Alerts,greater,0.1,easy
Email Alerts,proton,0.76,hard
Email Alerts,greater,0.1,easy
Email Alerts,electron,0.71,hard
Email Alerts,solar,0.73,hard
Email Alerts,wind,0.05,easy
Email Alerts,summary,0.7,hard
Email Alerts,solar,0.73,hard
Email Alerts,wind,0.05,easy
Email Alerts,solar,0.73,hard
Email Alerts,wind,0.05,easy
Email Alerts,speed,0.15,easy
Email Alerts,around,0.0,easy
Email Alerts,total,0.02,easy
Email Alerts,field,0.0,easy
Email Alerts,ranged,0.71,hard
Email Alerts,phi,0.74,hard
Email Alerts,angle,0.19,easy
Email Alerts,predominately,0.84,hard
Email Alerts,positive,0.23,easy
Email Alerts,forecast,0.57,hard
Email Alerts,solar,0.73,hard
Email Alerts,wind,0.05,easy
Email Alerts,solar,0.73,hard
Email Alerts,wind,0.05,easy
Email Alerts,summary,0.7,hard
Email Alerts,geomagnetic,0.84,hard
Email Alerts,field,0.0,easy
Email Alerts,quiet,0.04,easy
Email Alerts,forecast,0.57,hard
Email Alerts,minor,0.22,easy
Email Alerts,storming,0.78,hard
Email Alerts,likely,0.06,easy
Email Alerts,beginning,0.03,easy
Email Alerts,combined,0.55,hard
Email Alerts,wane,0.68,hard
Email Alerts,product,0.22,easy
Email Alerts,space,0.0,easy
Email Alerts,weather,0.14,easy
Email Alerts,prediction,0.75,hard
Email Alerts,center,0.03,easy
Email Alerts,solar,0.73,hard
Email Alerts,activity,0.36,easy
Email Alerts,summary,0.7,hard
Email Alerts,solar,0.73,hard
Email Alerts,activity,0.36,easy
Email Alerts,moderate,0.46,easy
Email Alerts,produced,0.28,easy
Email Alerts,flare,0.43,easy
Email Alerts,minor,0.22,easy
Email Alerts,seen,0.0,easy
Email Alerts,intermediate,0.75,hard
Email Alerts,relatively,0.5,easy
Email Alerts,stable,0.51,easy
Email Alerts,rotated,0.78,hard
Email Alerts,onto,0.26,easy
Email Alerts,visible,0.47,easy
Email Alerts,disk,0.42,easy
Email Alerts,coronagraph,0.82,hard
Email Alerts,imagery,0.69,hard
Email Alerts,forecast,0.57,hard
Email Alerts,likely,0.06,easy
Email Alerts,flare,0.43,easy
Email Alerts,complex,0.02,easy
Email Alerts,visible,0.47,easy
Email Alerts,disk,0.42,easy
Email Alerts,energetic,0.72,hard
Email Alerts,particle,0.71,hard
Email Alerts,summary,0.7,hard
Email Alerts,greater,0.1,easy
Email Alerts,proton,0.76,hard
Email Alerts,flux,0.46,easy
Email Alerts,greater,0.1,easy
Email Alerts,electron,0.71,hard
Email Alerts,flux,0.46,easy
Email Alerts,forecast,0.57,hard
Email Alerts,slight,0.38,easy
Email Alerts,chance,0.01,easy
Email Alerts,greater,0.1,easy
Email Alerts,proton,0.76,hard
Email Alerts,storm,0.38,easy
Email Alerts,greater,0.1,easy
Email Alerts,electron,0.71,hard
Email Alerts,throughout,0.05,easy
Email Alerts,period,0.01,easy
Email Alerts,solar,0.73,hard
Email Alerts,wind,0.05,easy
Email Alerts,summary,0.7,hard
Email Alerts,solar,0.73,hard
Email Alerts,wind,0.05,easy
Email Alerts,environment,0.61,hard
Email Alerts,total,0.02,easy
Email Alerts,field,0.0,easy
Email Alerts,strength,0.05,easy
Email Alerts,varied,0.59,hard
Email Alerts,solar,0.73,hard
Email Alerts,wind,0.05,easy
Email Alerts,speed,0.15,easy
Email Alerts,day,0.0,easy
Email Alerts,phi,0.74,hard
Email Alerts,angle,0.19,easy
Email Alerts,positive,0.23,easy
Email Alerts,forecast,0.57,hard
Email Alerts,solar,0.73,hard
Email Alerts,wind,0.05,easy
Email Alerts,near,0.01,easy
Email Alerts,background,0.04,easy
Email Alerts,slightly,0.1,easy
Email Alerts,enhanced,0.7,hard
Email Alerts,solar,0.73,hard
Email Alerts,wind,0.05,easy
Email Alerts,possible,0.0,easy
Email Alerts,left,0.0,easy
Email Alerts,summary,0.7,hard
Email Alerts,geomagnetic,0.84,hard
Email Alerts,field,0.0,easy
Email Alerts,forecast,0.57,hard
Email Alerts,geomagnetic,0.84,hard
Email Alerts,quiet,0.04,easy
Email Alerts,possible,0.0,easy
Email Alerts,left,0.0,easy
Email Alerts,product,0.22,easy
Email Alerts,space,0.0,easy
Email Alerts,weather,0.14,easy
Email Alerts,prediction,0.75,hard
Email Alerts,center,0.03,easy
Email Alerts,solar,0.73,hard
Email Alerts,activity,0.36,easy
Email Alerts,summary,0.7,hard
Email Alerts,solar,0.73,hard
Email Alerts,activity,0.36,easy
Email Alerts,period,0.01,easy
Email Alerts,flare,0.43,easy
Email Alerts,numerous,0.5,easy
Email Alerts,little,0.0,easy
Email Alerts,physical,0.07,easy
Email Alerts,five,0.0,easy
Email Alerts,region,0.45,easy
Email Alerts,new,0.0,easy
Email Alerts,new,0.0,easy
Email Alerts,filament,0.74,hard
Email Alerts,centered,0.68,hard
Email Alerts,roughly,0.65,hard
Email Alerts,associated,0.64,hard
Email Alerts,first,0.0,easy
Email Alerts,clear,0.0,easy
Email Alerts,visible,0.47,easy
Email Alerts,disk,0.42,easy
Email Alerts,possibly,0.29,easy
Email Alerts,associated,0.64,hard
Email Alerts,data,0.13,easy
Email Alerts,forecast,0.57,hard
Email Alerts,solar,0.73,hard
Email Alerts,energetic,0.72,hard
Email Alerts,summary,0.7,hard
Email Alerts,greater,0.1,easy
Email Alerts,electron,0.71,hard
Email Alerts,flux,0.46,easy
Email Alerts,greater,0.1,easy
Email Alerts,proton,0.76,hard
Email Alerts,flux,0.46,easy
Email Alerts,forecast,0.57,hard
Email Alerts,greater,0.1,easy
Email Alerts,electron,0.71,hard
Email Alerts,greater,0.1,easy
Email Alerts,proton,0.76,hard
Email Alerts,solar,0.73,hard
Email Alerts,wind,0.05,easy
Email Alerts,summary,0.7,hard
Email Alerts,solar,0.73,hard
Email Alerts,wind,0.05,easy
Email Alerts,environment,0.61,hard
Email Alerts,reflected,0.64,hard
Email Alerts,positive,0.23,easy
Email Alerts,total,0.02,easy
Email Alerts,field,0.0,easy
Email Alerts,strength,0.05,easy
Email Alerts,ranged,0.71,hard
Email Alerts,solar,0.73,hard
Email Alerts,wind,0.05,easy
Email Alerts,phi,0.74,hard
Email Alerts,angle,0.19,easy
Email Alerts,mostly,0.22,easy
Email Alerts,positive,0.23,easy
Email Alerts,orientation,0.68,hard
Email Alerts,forecast,0.57,hard
Email Alerts,mildly,0.67,hard
Email Alerts,enhanced,0.7,hard
Email Alerts,solar,0.73,hard
Email Alerts,wind,0.05,easy
Email Alerts,possible,0.0,easy
Email Alerts,yet,0.0,easy
Email Alerts,chance,0.01,easy
Email Alerts,glancing,0.76,hard
Email Alerts,blow,0.02,easy
Email Alerts,summary,0.7,hard
Email Alerts,geomagnetic,0.84,hard
Email Alerts,field,0.0,easy
Email Alerts,unsettled,0.72,hard
Email Alerts,forecast,0.57,hard
Email Alerts,geomagnetic,0.84,hard
Email Alerts,unsettled,0.72,hard
Email Alerts,glancing,0.76,hard
Email Alerts,blow,0.02,easy
Email Alerts,influence,0.13,easy
Email Alerts,product,0.22,easy
Email Alerts,space,0.0,easy
Email Alerts,weather,0.14,easy
Email Alerts,prediction,0.75,hard
Email Alerts,center,0.03,easy
Email Alerts,solar,0.73,hard
Email Alerts,activity,0.36,easy
Email Alerts,summary,0.7,hard
Email Alerts,solar,0.73,hard
Email Alerts,activity,0.36,easy
Email Alerts,produced,0.28,easy
Email Alerts,rotated,0.78,hard
Email Alerts,flare,0.43,easy
Email Alerts,region,0.45,easy
Email Alerts,close,0.0,easy
Email Alerts,limb,0.62,hard
Email Alerts,well,0.0,easy
Email Alerts,visible,0.47,easy
Email Alerts,disk,0.42,easy
Email Alerts,trailer,0.47,easy
Email Alerts,past,0.0,easy
Email Alerts,fully,0.2,easy
Email Alerts,rotated,0.78,hard
Email Alerts,onto,0.26,easy
Email Alerts,visible,0.47,easy
Email Alerts,disk,0.42,easy
Email Alerts,minor,0.22,easy
Email Alerts,ten,0.06,easy
Email Alerts,spotted,0.71,hard
Email Alerts,visible,0.47,easy
Email Alerts,disk,0.42,easy
Email Alerts,centered,0.68,hard
Email Alerts,coronagraph,0.82,hard
Email Alerts,imagery,0.69,hard
Email Alerts,forecast,0.57,hard
Email Alerts,solar,0.73,hard
Email Alerts,chance,0.01,easy
Email Alerts,energetic,0.72,hard
Email Alerts,particle,0.71,hard
Email Alerts,summary,0.7,hard
Email Alerts,greater,0.1,easy
Email Alerts,electron,0.71,hard
Email Alerts,flux,0.46,easy
Email Alerts,greater,0.1,easy
Email Alerts,proton,0.76,hard
Email Alerts,flux,0.46,easy
Email Alerts,forecast,0.57,hard
Email Alerts,greater,0.1,easy
Email Alerts,electron,0.71,hard
Email Alerts,slight,0.38,easy
Email Alerts,chance,0.01,easy
Email Alerts,storm,0.38,easy
Email Alerts,solar,0.73,hard
Email Alerts,wind,0.05,easy
Email Alerts,summary,0.7,hard
Email Alerts,solar,0.73,hard
Email Alerts,wind,0.05,easy
Email Alerts,total,0.02,easy
Email Alerts,field,0.0,easy
Email Alerts,solar,0.73,hard
Email Alerts,wind,0.05,easy
Email Alerts,period,0.01,easy
Email Alerts,phi,0.74,hard
Email Alerts,negative,0.29,easy
Email Alerts,orientation,0.68,hard
Email Alerts,forecast,0.57,hard
Email Alerts,solar,0.73,hard
Email Alerts,wind,0.05,easy
Email Alerts,influence,0.13,easy
Email Alerts,activity,0.36,easy
Email Alerts,sun,0.09,easy
Email Alerts,summary,0.7,hard
Email Alerts,geomagnetic,0.84,hard
Email Alerts,field,0.0,easy
Email Alerts,quiet,0.04,easy
Email Alerts,forecast,0.57,hard
Email Alerts,geomagnetic,0.84,hard
Email Alerts,field,0.0,easy
Email Alerts,geomagnetic,0.84,hard
Email Alerts,storm,0.38,easy
Email Alerts,left,0.0,easy
Email Alerts,sun,0.09,easy
Email Alerts,influence,0.13,easy
Email Alerts,mostly,0.22,easy
Email Alerts,likely,0.06,easy
Email Alerts,product,0.22,easy
Email Alerts,space,0.0,easy
Email Alerts,weather,0.14,easy
Email Alerts,prediction,0.75,hard
Email Alerts,center,0.03,easy
Email Alerts,solar,0.73,hard
Email Alerts,activity,0.36,easy
Email Alerts,summary,0.7,hard
Email Alerts,solar,0.73,hard
Email Alerts,activity,0.36,easy
Email Alerts,high,0.0,easy
Email Alerts,responsible,0.18,easy
Email Alerts,five,0.0,easy
Email Alerts,complex,0.02,easy
Email Alerts,visible,0.47,easy
Email Alerts,disk,0.42,easy
Email Alerts,responsible,0.18,easy
Email Alerts,activity,0.36,easy
Email Alerts,new,0.0,easy
Email Alerts,remain,0.2,easy
Email Alerts,await,0.69,hard
Email Alerts,additional,0.42,easy
Email Alerts,observatory,0.82,hard
Email Alerts,eruption,0.66,hard
Email Alerts,easterly,0.74,hard
Email Alerts,faint,0.51,easy
Email Alerts,narrow,0.13,easy
Email Alerts,imagery,0.69,hard
Email Alerts,around,0.0,easy
Email Alerts,modeling,0.73,hard
Email Alerts,suggest,0.41,easy
Email Alerts,glancing,0.76,hard
Email Alerts,impressive,0.28,easy
Email Alerts,westerly,0.72,hard
Email Alerts,imagery,0.69,hard
Email Alerts,beginning,0.03,easy
Email Alerts,near,0.01,easy
Email Alerts,however,0.0,easy
Email Alerts,event,0.05,easy
Email Alerts,beyond,0.05,easy
Email Alerts,western,0.47,easy
Email Alerts,limb,0.62,hard
Email Alerts,forecast,0.57,hard
Email Alerts,solar,0.73,hard
Email Alerts,due,0.02,easy
Email Alerts,flare,0.43,easy
Email Alerts,energetic,0.72,hard
Email Alerts,particle,0.71,hard
Email Alerts,summary,0.7,hard
Email Alerts,greater,0.1,easy
Email Alerts,proton,0.76,hard
Email Alerts,flux,0.46,easy
Email Alerts,elevated,0.72,hard
Email Alerts,threshold,0.65,hard
Email Alerts,greater,0.1,easy
Email Alerts,electron,0.71,hard
Email Alerts,flux,0.46,easy
Email Alerts,solar,0.73,hard
Email Alerts,radiation,0.47,easy
Email Alerts,persist,0.69,hard
Email Alerts,primarily,0.59,hard
Email Alerts,potential,0.24,easy
Email Alerts,greater,0.1,easy
Email Alerts,electron,0.71,hard
Email Alerts,high,0.0,easy
Email Alerts,solar,0.73,hard
Email Alerts,wind,0.05,easy
Email Alerts,summary,0.7,hard
Email Alerts,solar,0.73,hard
Email Alerts,wind,0.05,easy
Email Alerts,reflected,0.64,hard
Email Alerts,waning,0.74,hard
Email Alerts,coronal,0.76,hard
Email Alerts,mass,0.1,easy
Email Alerts,ejection,0.74,hard
Email Alerts,left,0.0,easy
Email Alerts,total,0.02,easy
Email Alerts,field,0.0,easy
Email Alerts,mostly,0.22,easy
Email Alerts,neutral,0.51,easy
Email Alerts,solar,0.73,hard
Email Alerts,wind,0.05,easy
Email Alerts,gradually,0.66,hard
Email Alerts,period,0.01,easy
Email Alerts,phi,0.74,hard
Email Alerts,predominantly,0.81,hard
Email Alerts,positive,0.23,easy
Email Alerts,brief,0.22,easy
Email Alerts,solar,0.73,hard
Email Alerts,sector,0.55,hard
Email Alerts,forecast,0.57,hard
Email Alerts,solar,0.73,hard
Email Alerts,wind,0.05,easy
Email Alerts,summary,0.7,hard
Email Alerts,geomagnetic,0.84,hard
Email Alerts,field,0.0,easy
Email Alerts,forecast,0.57,hard
Email Alerts,effect,0.0,easy
Email Alerts,mostly,0.22,easy
Email Alerts,quiet,0.04,easy
Email Alerts,unsettled,0.72,hard
Email Alerts,negative,0.29,easy
Email Alerts,effect,0.0,easy
Email Alerts,product,0.22,easy
Email Alerts,space,0.0,easy
Email Alerts,weather,0.14,easy
Email Alerts,prediction,0.75,hard
Email Alerts,center,0.03,easy
Email Alerts,solar,0.73,hard
Email Alerts,activity,0.36,easy
Email Alerts,summary,0.7,hard
Email Alerts,solar,0.73,hard
Email Alerts,activity,0.36,easy
Email Alerts,period,0.01,easy
Email Alerts,responsible,0.18,easy
Email Alerts,form,0.0,easy
Email Alerts,responsible,0.18,easy
Email Alerts,eleven,0.57,hard
Email Alerts,active,0.11,easy
Email Alerts,visible,0.47,easy
Email Alerts,disk,0.42,easy
Email Alerts,minor,0.22,easy
Email Alerts,growth,0.02,easy
Email Alerts,trailing,0.73,hard
Email Alerts,become,0.0,easy
Email Alerts,magnetically,0.82,hard
Email Alerts,complex,0.02,easy
Email Alerts,remains,0.19,easy
Email Alerts,region,0.45,easy
Email Alerts,mostly,0.22,easy
Email Alerts,area,0.01,easy
Email Alerts,increasing,0.45,easy
Email Alerts,fairly,0.21,easy
Email Alerts,quickly,0.1,easy
Email Alerts,expanding,0.72,hard
Email Alerts,primary,0.24,easy
Email Alerts,penumbra,0.76,hard
Email Alerts,primary,0.24,easy
Email Alerts,flare,0.43,easy
Email Alerts,moving,0.08,easy
Email Alerts,forward,0.01,easy
Email Alerts,activity,0.36,easy
Email Alerts,eruption,0.66,hard
Email Alerts,centered,0.68,hard
Email Alerts,though,0.0,easy
Email Alerts,coronagraph,0.82,hard
Email Alerts,imagery,0.69,hard
Email Alerts,forecast,0.57,hard
Email Alerts,solar,0.73,hard
Email Alerts,chance,0.01,easy
Email Alerts,energetic,0.72,hard
Email Alerts,particle,0.71,hard
Email Alerts,summary,0.7,hard
Email Alerts,greater,0.1,easy
Email Alerts,proton,0.76,hard
Email Alerts,flux,0.46,easy
Email Alerts,greater,0.1,easy
Email Alerts,electron,0.71,hard
Email Alerts,flux,0.46,easy
Email Alerts,forecast,0.57,hard
Email Alerts,slight,0.38,easy
Email Alerts,chance,0.01,easy
Email Alerts,magnetically,0.82,hard
Email Alerts,complex,0.02,easy
Email Alerts,greater,0.1,easy
Email Alerts,electron,0.71,hard
Email Alerts,solar,0.73,hard
Email Alerts,wind,0.05,easy
Email Alerts,summary,0.7,hard
Email Alerts,solar,0.73,hard
Email Alerts,wind,0.05,easy
Email Alerts,environment,0.61,hard
Email Alerts,enhanced,0.7,hard
Email Alerts,throughout,0.05,easy
Email Alerts,period,0.01,easy
Email Alerts,effect,0.0,easy
Email Alerts,total,0.02,easy
Email Alerts,field,0.0,easy
Email Alerts,gradual,0.71,hard
Email Alerts,rise,0.02,easy
Email Alerts,since,0.0,easy
Email Alerts,roughly,0.65,hard
Email Alerts,remains,0.19,easy
Email Alerts,negative,0.29,easy
Email Alerts,solar,0.73,hard
Email Alerts,wind,0.05,easy
Email Alerts,around,0.0,easy
Email Alerts,around,0.0,easy
Email Alerts,forecast,0.57,hard
Email Alerts,solar,0.73,hard
Email Alerts,wind,0.05,easy
Email Alerts,enhanced,0.7,hard
Email Alerts,sustained,0.67,hard
Email Alerts,weakening,0.72,hard
Email Alerts,summary,0.7,hard
Email Alerts,geomagnetic,0.84,hard
Email Alerts,field,0.0,easy
Email Alerts,activity,0.36,easy
Email Alerts,storm,0.38,easy
Email Alerts,synoptic,0.77,hard
Email Alerts,strong,0.0,easy
Email Alerts,period,0.01,easy
Email Alerts,geomagnetic,0.84,hard
Email Alerts,storm,0.38,easy
Email Alerts,early,0.0,easy
Email Alerts,continued,0.3,easy
Email Alerts,thereafter,0.7,hard
Email Alerts,effect,0.0,easy
Email Alerts,diminish,0.75,hard
Email Alerts,product,0.22,easy
Email Alerts,space,0.0,easy
Email Alerts,weather,0.14,easy
Email Alerts,prediction,0.75,hard
Email Alerts,center,0.03,easy
Email Alerts,solar,0.73,hard
Email Alerts,activity,0.36,easy
Email Alerts,summary,0.7,hard
Email Alerts,solar,0.73,hard
Email Alerts,activity,0.36,easy
Email Alerts,responsible,0.18,easy
Email Alerts,nearly,0.04,easy
Email Alerts,flare,0.43,easy
Email Alerts,activity,0.36,easy
Email Alerts,throughout,0.05,easy
Email Alerts,period,0.01,easy
Email Alerts,region,0.45,easy
Email Alerts,trailing,0.73,hard
Email Alerts,spot,0.1,easy
Email Alerts,area,0.01,easy
Email Alerts,gamma,0.74,hard
Email Alerts,configuration,0.75,hard
Email Alerts,new,0.0,easy
Email Alerts,period,0.01,easy
Email Alerts,either,0.0,easy
Email Alerts,slight,0.38,easy
Email Alerts,decay,0.58,hard
Email Alerts,large,0.0,easy
Email Alerts,imagery,0.69,hard
Email Alerts,first,0.0,easy
Email Alerts,associated,0.64,hard
Email Alerts,prominence,0.72,hard
Email Alerts,analysis,0.41,easy
Email Alerts,well,0.0,easy
Email Alerts,second,0.0,easy
Email Alerts,explosive,0.68,hard
Email Alerts,eruption,0.66,hard
Email Alerts,event,0.05,easy
Email Alerts,imagery,0.69,hard
Email Alerts,beyond,0.05,easy
Email Alerts,west,0.1,easy
Email Alerts,limb,0.62,hard
Email Alerts,likely,0.06,easy
Email Alerts,old,0.0,easy
Email Alerts,associated,0.64,hard
Email Alerts,first,0.0,easy
Email Alerts,event,0.05,easy
Email Alerts,well,0.0,easy
Email Alerts,beyond,0.05,easy
Email Alerts,west,0.1,easy
Email Alerts,component,0.65,hard
Email Alerts,forecast,0.57,hard
Email Alerts,solar,0.73,hard
Email Alerts,low,0.0,easy
Email Alerts,energetic,0.72,hard
Email Alerts,particle,0.71,hard
Email Alerts,summary,0.7,hard
Email Alerts,greater,0.1,easy
Email Alerts,electron,0.71,hard
Email Alerts,flux,0.46,easy
Email Alerts,greater,0.1,easy
Email Alerts,proton,0.76,hard
Email Alerts,flux,0.46,easy
Email Alerts,thus,0.1,easy
Email Alerts,far,0.0,easy
Email Alerts,proton,0.76,hard
Email Alerts,forecast,0.57,hard
Email Alerts,greater,0.1,easy
Email Alerts,electron,0.71,hard
Email Alerts,greater,0.1,easy
Email Alerts,proton,0.76,hard
Email Alerts,minor,0.22,easy
Email Alerts,chance,0.01,easy
Email Alerts,background,0.04,easy
Email Alerts,solar,0.73,hard
Email Alerts,wind,0.05,easy
Email Alerts,summary,0.7,hard
Email Alerts,solar,0.73,hard
Email Alerts,wind,0.05,easy
Email Alerts,likely,0.06,easy
Email Alerts,negative,0.29,easy
Email Alerts,position,0.0,easy
Email Alerts,solar,0.73,hard
Email Alerts,wind,0.05,easy
Email Alerts,near,0.01,easy
Email Alerts,total,0.02,easy
Email Alerts,field,0.0,easy
Email Alerts,strength,0.05,easy
Email Alerts,ranged,0.71,hard
Email Alerts,phi,0.74,hard
Email Alerts,angle,0.19,easy
Email Alerts,negative,0.29,easy
Email Alerts,position,0.0,easy
Email Alerts,occasional,0.59,hard
Email Alerts,orientation,0.68,hard
Email Alerts,forecast,0.57,hard
Email Alerts,solar,0.73,hard
Email Alerts,wind,0.05,easy
Email Alerts,elevated,0.72,hard
Email Alerts,summary,0.7,hard
Email Alerts,geomagnetic,0.84,hard
Email Alerts,field,0.0,easy
Email Alerts,forecast,0.57,hard
Email Alerts,geomagnetic,0.84,hard
Email Alerts,mostly,0.22,easy
Email Alerts,active,0.11,easy
Email Alerts,period,0.01,easy
Email Alerts,effect,0.0,easy
Email Alerts,product,0.22,easy
Email Alerts,space,0.0,easy
Email Alerts,weather,0.14,easy
Email Alerts,prediction,0.75,hard
Email Alerts,center,0.03,easy
Email Alerts,solar,0.73,hard
Email Alerts,activity,0.36,easy
Email Alerts,summary,0.7,hard
Email Alerts,solar,0.73,hard
Email Alerts,activity,0.36,easy
Email Alerts,slight,0.38,easy
Email Alerts,growth,0.02,easy
Email Alerts,period,0.01,easy
Email Alerts,flare,0.43,easy
Email Alerts,edged,0.65,hard
Email Alerts,towards,0.19,easy
Email Alerts,western,0.47,easy
Email Alerts,limb,0.62,hard
Email Alerts,almost,0.0,easy
Email Alerts,mix,0.36,easy
Email Alerts,region,0.45,easy
Email Alerts,additional,0.42,easy
Email Alerts,intermediate,0.75,hard
Email Alerts,day,0.0,easy
Email Alerts,multiple,0.19,easy
Email Alerts,produced,0.28,easy
Email Alerts,spot,0.1,easy
Email Alerts,slight,0.38,easy
Email Alerts,growth,0.02,easy
Email Alerts,period,0.01,easy
Email Alerts,though,0.0,easy
Email Alerts,none,0.05,easy
Email Alerts,associated,0.64,hard
Email Alerts,forecast,0.57,hard
Email Alerts,likely,0.06,easy
Email Alerts,chance,0.01,easy
Email Alerts,energetic,0.72,hard
Email Alerts,particle,0.71,hard
Email Alerts,summary,0.7,hard
Email Alerts,greater,0.1,easy
Email Alerts,proton,0.76,hard
Email Alerts,flux,0.46,easy
Email Alerts,greater,0.1,easy
Email Alerts,electron,0.71,hard
Email Alerts,flux,0.46,easy
Email Alerts,forecast,0.57,hard
Email Alerts,slight,0.38,easy
Email Alerts,chance,0.01,easy
Email Alerts,greater,0.1,easy
Email Alerts,proton,0.76,hard
Email Alerts,storm,0.38,easy
Email Alerts,greater,0.1,easy
Email Alerts,electron,0.71,hard
Email Alerts,throughout,0.05,easy
Email Alerts,period,0.01,easy
Email Alerts,solar,0.73,hard
Email Alerts,wind,0.05,easy
Email Alerts,summary,0.7,hard
Email Alerts,solar,0.73,hard
Email Alerts,wind,0.05,easy
Email Alerts,environment,0.61,hard
Email Alerts,near,0.01,easy
Email Alerts,background,0.04,easy
Email Alerts,period,0.01,easy
Email Alerts,total,0.02,easy
Email Alerts,field,0.0,easy
Email Alerts,strength,0.05,easy
Email Alerts,saw,0.0,easy
Email Alerts,minor,0.22,easy
Email Alerts,southward,0.71,hard
Email Alerts,solar,0.73,hard
Email Alerts,wind,0.05,easy
Email Alerts,speed,0.15,easy
Email Alerts,ranged,0.71,hard
Email Alerts,phi,0.74,hard
Email Alerts,mostly,0.22,easy
Email Alerts,positive,0.23,easy
Email Alerts,orientation,0.68,hard
Email Alerts,forecast,0.57,hard
Email Alerts,nominal,0.64,hard
Email Alerts,solar,0.73,hard
Email Alerts,wind,0.05,easy
Email Alerts,possible,0.0,easy
Email Alerts,interaction,0.69,hard
Email Alerts,could,0.0,easy
Email Alerts,bring,0.01,easy
Email Alerts,weak,0.21,easy
Email Alerts,summary,0.7,hard
Email Alerts,geomagnetic,0.84,hard
Email Alerts,field,0.0,easy
Email Alerts,forecast,0.57,hard
Email Alerts,mostly,0.22,easy
Email Alerts,quiet,0.04,easy
Email Alerts,could,0.0,easy
Email Alerts,potentially,0.74,hard
Email Alerts,move,0.0,easy
Email Alerts,position,0.0,easy
Email Alerts,increasing,0.45,easy
Email Alerts,additional,0.42,easy
Email Alerts,product,0.22,easy
Email Alerts,space,0.0,easy
Email Alerts,weather,0.14,easy
Email Alerts,prediction,0.75,hard
Email Alerts,center,0.03,easy
Email Alerts,solar,0.73,hard
Email Alerts,activity,0.36,easy
Email Alerts,summary,0.7,hard
Email Alerts,solar,0.73,hard
Email Alerts,activity,0.36,easy
Email Alerts,moderate,0.46,easy
Email Alerts,period,0.01,easy
Email Alerts,region,0.45,easy
Email Alerts,growth,0.02,easy
Email Alerts,around,0.0,easy
Email Alerts,leader,0.35,easy
Email Alerts,spot,0.1,easy
Email Alerts,active,0.11,easy
Email Alerts,visible,0.47,easy
Email Alerts,disk,0.42,easy
Email Alerts,either,0.0,easy
Email Alerts,coronagraph,0.82,hard
Email Alerts,imagery,0.69,hard
Email Alerts,forecast,0.57,hard
Email Alerts,likely,0.06,easy
Email Alerts,chance,0.01,easy
Email Alerts,flare,0.43,easy
Email Alerts,energetic,0.72,hard
Email Alerts,particle,0.71,hard
Email Alerts,summary,0.7,hard
Email Alerts,greater,0.1,easy
Email Alerts,proton,0.76,hard
Email Alerts,flux,0.46,easy
Email Alerts,greater,0.1,easy
Email Alerts,electron,0.71,hard
Email Alerts,flux,0.46,easy
Email Alerts,forecast,0.57,hard
Email Alerts,slight,0.38,easy
Email Alerts,chance,0.01,easy
Email Alerts,greater,0.1,easy
Email Alerts,proton,0.76,hard
Email Alerts,greater,0.1,easy
Email Alerts,electron,0.71,hard
Email Alerts,solar,0.73,hard
Email Alerts,wind,0.05,easy
Email Alerts,summary,0.7,hard
Email Alerts,solar,0.73,hard
Email Alerts,wind,0.05,easy
Email Alerts,environment,0.61,hard
Email Alerts,enhanced,0.7,hard
Email Alerts,period,0.01,easy
Email Alerts,total,0.02,easy
Email Alerts,field,0.0,easy
Email Alerts,strength,0.05,easy
Email Alerts,ranged,0.71,hard
Email Alerts,wind,0.05,easy
Email Alerts,around,0.0,easy
Email Alerts,throughout,0.05,easy
Email Alerts,period,0.01,easy
Email Alerts,forecast,0.57,hard
Email Alerts,enhanced,0.7,hard
Email Alerts,solar,0.73,hard
Email Alerts,wind,0.05,easy
Email Alerts,summary,0.7,hard
Email Alerts,geomagnetic,0.84,hard
Email Alerts,field,0.0,easy
Email Alerts,storm,0.38,easy
Email Alerts,geomagnetic,0.84,hard
Email Alerts,active,0.11,easy
Email Alerts,product,0.22,easy
Email Alerts,space,0.0,easy
Email Alerts,weather,0.14,easy
Email Alerts,prediction,0.75,hard
Email Alerts,center,0.03,easy
Email Alerts,solar,0.73,hard
Email Alerts,activity,0.36,easy
Email Alerts,summary,0.7,hard
Email Alerts,solar,0.73,hard
Email Alerts,activity,0.36,easy
Email Alerts,high,0.0,easy
Email Alerts,greater,0.1,easy
Email Alerts,thirteen,0.68,hard
Email Alerts,sunspot,0.74,hard
Email Alerts,visible,0.47,easy
Email Alerts,solar,0.73,hard
Email Alerts,disk,0.42,easy
Email Alerts,background,0.04,easy
Email Alerts,flux,0.46,easy
Email Alerts,main,0.01,easy
Email Alerts,today,0.0,easy
Email Alerts,rotated,0.78,hard
Email Alerts,nearly,0.04,easy
Email Alerts,beyond,0.05,easy
Email Alerts,limb,0.62,hard
Email Alerts,region,0.45,easy
Email Alerts,underwent,0.8,hard
Email Alerts,leader,0.35,easy
Email Alerts,intermediate,0.75,hard
Email Alerts,spot,0.1,easy
Email Alerts,region,0.45,easy
Email Alerts,underwent,0.8,hard
Email Alerts,trailer,0.47,easy
Email Alerts,section,0.1,easy
Email Alerts,region,0.45,easy
Email Alerts,rotated,0.78,hard
Email Alerts,revealed,0.58,hard
Email Alerts,spot,0.1,easy
Email Alerts,complex,0.02,easy
Email Alerts,new,0.0,easy
Email Alerts,recently,0.18,easy
Email Alerts,small,0.0,easy
Email Alerts,group,0.0,easy
Email Alerts,burst,0.15,easy
Email Alerts,activity,0.36,easy
Email Alerts,noted,0.39,easy
Email Alerts,today,0.0,easy
Email Alerts,nothing,0.0,easy
Email Alerts,prolific,0.76,hard
Email Alerts,solar,0.73,hard
Email Alerts,flux,0.46,easy
Email Alerts,later,0.0,easy
Email Alerts,region,0.45,easy
Email Alerts,associated,0.64,hard
Email Alerts,movement,0.17,easy
Email Alerts,flare,0.43,easy
Email Alerts,associated,0.64,hard
Email Alerts,another,0.0,easy
Email Alerts,several,0.0,easy
Email Alerts,new,0.0,easy
Email Alerts,coronagraph,0.82,hard
Email Alerts,imagery,0.69,hard
Email Alerts,initial,0.38,easy
Email Alerts,analysis,0.41,easy
Email Alerts,suggest,0.41,easy
Email Alerts,none,0.05,easy
Email Alerts,however,0.0,easy
Email Alerts,likely,0.06,easy
Email Alerts,associated,0.64,hard
Email Alerts,observatory,0.82,hard
Email Alerts,radio,0.22,easy
Email Alerts,data,0.13,easy
Email Alerts,possible,0.0,easy
Email Alerts,forecast,0.57,hard
Email Alerts,solar,0.73,hard
Email Alerts,activity,0.36,easy
Email Alerts,complex,0.02,easy
Email Alerts,sunspot,0.74,hard
Email Alerts,visible,0.47,easy
Email Alerts,solar,0.73,hard
Email Alerts,disk,0.42,easy
Email Alerts,rotate,0.67,hard
Email Alerts,next,0.0,easy
Email Alerts,energetic,0.72,hard
Email Alerts,particle,0.71,hard
Email Alerts,summary,0.7,hard
Email Alerts,greater,0.1,easy
Email Alerts,electron,0.71,hard
Email Alerts,flux,0.46,easy
Email Alerts,normal,0.04,easy
Email Alerts,greater,0.1,easy
Email Alerts,proton,0.76,hard
Email Alerts,flux,0.46,easy
Email Alerts,forecast,0.57,hard
Email Alerts,greater,0.1,easy
Email Alerts,electron,0.71,hard
Email Alerts,high,0.0,easy
Email Alerts,related,0.3,easy
Email Alerts,greater,0.1,easy
Email Alerts,proton,0.76,hard
Email Alerts,solar,0.73,hard
Email Alerts,radiation,0.47,easy
Email Alerts,storm,0.38,easy
Email Alerts,persist,0.69,hard
Email Alerts,given,0.0,easy
Email Alerts,ongoing,0.76,hard
Email Alerts,limb,0.62,hard
Email Alerts,activity,0.36,easy
Email Alerts,primarily,0.59,hard
Email Alerts,addition,0.05,easy
Email Alerts,favorable,0.61,hard
Email Alerts,southwest,0.65,hard
Email Alerts,limb,0.62,hard
Email Alerts,solar,0.73,hard
Email Alerts,wind,0.05,easy
Email Alerts,summary,0.7,hard
Email Alerts,solar,0.73,hard
Email Alerts,wind,0.05,easy
Email Alerts,arrival,0.61,hard
Email Alerts,passage,0.42,easy
Email Alerts,unknown,0.34,easy
Email Alerts,total,0.02,easy
Email Alerts,strength,0.05,easy
Email Alerts,promptly,0.63,hard
Email Alerts,varied,0.59,hard
Email Alerts,notably,0.66,hard
Email Alerts,upon,0.0,easy
Email Alerts,arrival,0.61,hard
Email Alerts,eventually,0.32,easy
Email Alerts,eventually,0.32,easy
Email Alerts,wind,0.05,easy
Email Alerts,speed,0.15,easy
Email Alerts,mildly,0.67,hard
Email Alerts,arrival,0.61,hard
Email Alerts,continued,0.3,easy
Email Alerts,passage,0.42,easy
Email Alerts,phi,0.74,hard
Email Alerts,angle,0.19,easy
Email Alerts,firmly,0.57,hard
Email Alerts,positive,0.23,easy
Email Alerts,secondary,0.42,easy
Email Alerts,enhancement,0.76,hard
Email Alerts,forecast,0.57,hard
Email Alerts,solar,0.73,hard
Email Alerts,wind,0.05,easy
Email Alerts,passage,0.42,easy
Email Alerts,still,0.0,easy
Email Alerts,another,0.0,easy
Email Alerts,arrival,0.61,hard
Email Alerts,likely,0.06,easy
Email Alerts,keep,0.0,easy
Email Alerts,solar,0.73,hard
Email Alerts,wind,0.05,easy
Email Alerts,field,0.0,easy
Email Alerts,enhanced,0.7,hard
Email Alerts,begin,0.09,easy
Email Alerts,solar,0.73,hard
Email Alerts,wind,0.05,easy
Email Alerts,however,0.0,easy
Email Alerts,future,0.0,easy
Email Alerts,forecast,0.57,hard
Email Alerts,summary,0.7,hard
Email Alerts,geomagnetic,0.84,hard
Email Alerts,field,0.0,easy
Email Alerts,minor,0.22,easy
Email Alerts,storming,0.78,hard
Email Alerts,arrival,0.61,hard
Email Alerts,passage,0.42,easy
Email Alerts,storm,0.38,easy
Email Alerts,remain,0.2,easy
Email Alerts,passage,0.42,easy
Email Alerts,arrival,0.61,hard
Email Alerts,wane,0.68,hard
Email Alerts,quiet,0.04,easy
Email Alerts,pending,0.71,hard
Email Alerts,new,0.0,easy
Email Alerts,product,0.22,easy
Email Alerts,space,0.0,easy
Email Alerts,weather,0.14,easy
Email Alerts,prediction,0.75,hard
Email Alerts,center,0.03,easy
Email Alerts,solar,0.73,hard
Email Alerts,activity,0.36,easy
Email Alerts,summary,0.7,hard
Email Alerts,solar,0.73,hard
Email Alerts,activity,0.36,easy
Email Alerts,high,0.0,easy
Email Alerts,discreet,0.69,hard
Email Alerts,radio,0.22,easy
Email Alerts,associated,0.64,hard
Email Alerts,flare,0.43,easy
Email Alerts,included,0.35,easy
Email Alerts,burst,0.15,easy
Email Alerts,region,0.45,easy
Email Alerts,delta,0.7,hard
Email Alerts,configuration,0.75,hard
Email Alerts,area,0.01,easy
Email Alerts,growing,0.24,easy
Email Alerts,smaller,0.43,easy
Email Alerts,leader,0.35,easy
Email Alerts,main,0.01,easy
Email Alerts,spot,0.1,easy
Email Alerts,region,0.45,easy
Email Alerts,made,0.0,easy
Email Alerts,way,0.0,easy
Email Alerts,around,0.0,easy
Email Alerts,western,0.47,easy
Email Alerts,limb,0.62,hard
Email Alerts,slight,0.38,easy
Email Alerts,magnetic,0.65,hard
Email Alerts,western,0.47,easy
Email Alerts,limb,0.62,hard
Email Alerts,stable,0.51,easy
Email Alerts,inactive,0.55,hard
Email Alerts,coronagraph,0.82,hard
Email Alerts,imagery,0.69,hard
Email Alerts,however,0.0,easy
Email Alerts,analysis,0.41,easy
Email Alerts,halo,0.72,hard
Email Alerts,associated,0.64,hard
Email Alerts,imagery,0.69,hard
Email Alerts,becomes,0.02,easy
Email Alerts,available,0.03,easy
Email Alerts,forecast,0.57,hard
Email Alerts,solar,0.73,hard
Email Alerts,energetic,0.72,hard
Email Alerts,particle,0.71,hard
Email Alerts,summary,0.7,hard
Email Alerts,greater,0.1,easy
Email Alerts,proton,0.76,hard
Email Alerts,flux,0.46,easy
Email Alerts,greater,0.1,easy
Email Alerts,electron,0.71,hard
Email Alerts,flux,0.46,easy
Email Alerts,forecast,0.57,hard
Email Alerts,slight,0.38,easy
Email Alerts,increasing,0.45,easy
Email Alerts,chance,0.01,easy
Email Alerts,following,0.03,easy
Email Alerts,near,0.01,easy
Email Alerts,center,0.03,easy
Email Alerts,disk,0.42,easy
Email Alerts,magnetically,0.82,hard
Email Alerts,complex,0.02,easy
Email Alerts,greater,0.1,easy
Email Alerts,electron,0.71,hard
Email Alerts,solar,0.73,hard
Email Alerts,wind,0.05,easy
Email Alerts,summary,0.7,hard
Email Alerts,solar,0.73,hard
Email Alerts,wind,0.05,easy
Email Alerts,environment,0.61,hard
Email Alerts,nominal,0.64,hard
Email Alerts,total,0.02,easy
Email Alerts,field,0.0,easy
Email Alerts,average,0.08,easy
Email Alerts,latter,0.26,easy
Email Alerts,period,0.01,easy
Email Alerts,varied,0.59,hard
Email Alerts,slightly,0.1,easy
Email Alerts,thereafter,0.7,hard
Email Alerts,solar,0.73,hard
Email Alerts,wind,0.05,easy
Email Alerts,near,0.01,easy
Email Alerts,throughout,0.05,easy
Email Alerts,period,0.01,easy
Email Alerts,phi,0.74,hard
Email Alerts,angle,0.19,easy
Email Alerts,mostly,0.22,easy
Email Alerts,positive,0.23,easy
Email Alerts,isolated,0.57,hard
Email Alerts,position,0.0,easy
Email Alerts,forecast,0.57,hard
Email Alerts,near,0.01,easy
Email Alerts,nominal,0.64,hard
Email Alerts,influence,0.13,easy
Email Alerts,latitude,0.73,hard
Email Alerts,coronal,0.76,hard
Email Alerts,hole,0.1,easy
Email Alerts,starting,0.23,easy
Email Alerts,weak,0.21,easy
Email Alerts,wind,0.05,easy
Email Alerts,magnetic,0.65,hard
Email Alerts,field,0.0,easy
Email Alerts,however,0.0,easy
Email Alerts,confidence,0.26,easy
Email Alerts,remains,0.19,easy
Email Alerts,effect,0.0,easy
Email Alerts,summary,0.7,hard
Email Alerts,geomagnetic,0.84,hard
Email Alerts,field,0.0,easy
Email Alerts,activity,0.36,easy
Email Alerts,isolated,0.57,hard
Email Alerts,active,0.11,easy
Email Alerts,activity,0.36,easy
Email Alerts,forecast,0.57,hard
Email Alerts,activity,0.36,easy
Email Alerts,latitude,0.73,hard
Email Alerts,coronal,0.76,hard
Email Alerts,could,0.0,easy
Email Alerts,slight,0.38,easy
Email Alerts,geomagnetic,0.84,hard
Email Alerts,field,0.0,easy
Email Alerts,time,0.0,easy
Email Alerts,product,0.22,easy
Email Alerts,space,0.0,easy
Email Alerts,weather,0.14,easy
Email Alerts,prediction,0.75,hard
Email Alerts,center,0.03,easy
Email Alerts,solar,0.73,hard
Email Alerts,activity,0.36,easy
Email Alerts,summary,0.7,hard
Email Alerts,solar,0.73,hard
Email Alerts,activity,0.36,easy
Email Alerts,region,0.45,easy
Email Alerts,grew,0.48,easy
Email Alerts,slightly,0.1,easy
Email Alerts,period,0.01,easy
Email Alerts,leader,0.35,easy
Email Alerts,five,0.0,easy
Email Alerts,active,0.11,easy
Email Alerts,mostly,0.22,easy
Email Alerts,quiet,0.04,easy
Email Alerts,filament,0.74,hard
Email Alerts,centered,0.68,hard
Email Alerts,disk,0.42,easy
Email Alerts,weak,0.21,easy
Email Alerts,imagery,0.69,hard
Email Alerts,analysis,0.41,easy
Email Alerts,model,0.15,easy
Email Alerts,run,0.0,easy
Email Alerts,output,0.42,easy
Email Alerts,coronagraph,0.82,hard
Email Alerts,imagery,0.69,hard
Email Alerts,forecast,0.57,hard
Email Alerts,solar,0.73,hard
Email Alerts,low,0.0,easy
Email Alerts,chance,0.01,easy
Email Alerts,minor,0.22,easy
Email Alerts,energetic,0.72,hard
Email Alerts,summary,0.7,hard
Email Alerts,greater,0.1,easy
Email Alerts,electron,0.71,hard
Email Alerts,flux,0.46,easy
Email Alerts,greater,0.1,easy
Email Alerts,proton,0.76,hard
Email Alerts,flux,0.46,easy
Email Alerts,forecast,0.57,hard
Email Alerts,greater,0.1,easy
Email Alerts,electron,0.71,hard
Email Alerts,proton,0.76,hard
Email Alerts,solar,0.73,hard
Email Alerts,wind,0.05,easy
Email Alerts,summary,0.7,hard
Email Alerts,solar,0.73,hard
Email Alerts,wind,0.05,easy
Email Alerts,enhanced,0.7,hard
Email Alerts,environment,0.61,hard
Email Alerts,likely,0.06,easy
Email Alerts,associated,0.64,hard
Email Alerts,possible,0.0,easy
Email Alerts,week,0.0,easy
Email Alerts,influence,0.13,easy
Email Alerts,total,0.02,easy
Email Alerts,field,0.0,easy
Email Alerts,strength,0.05,easy
Email Alerts,wind,0.05,easy
Email Alerts,gradually,0.66,hard
Email Alerts,declined,0.65,hard
Email Alerts,past,0.0,easy
Email Alerts,phi,0.74,hard
Email Alerts,angle,0.19,easy
Email Alerts,mostly,0.22,easy
Email Alerts,negative,0.29,easy
Email Alerts,orientation,0.68,hard
Email Alerts,forecast,0.57,hard
Email Alerts,slowly,0.2,easy
Email Alerts,influence,0.13,easy
Email Alerts,eventually,0.32,easy
Email Alerts,negative,0.29,easy
Email Alerts,summary,0.7,hard
Email Alerts,geomagnetic,0.84,hard
Email Alerts,field,0.0,easy
Email Alerts,forecast,0.57,hard
Email Alerts,glancing,0.76,hard
Email Alerts,effect,0.0,easy
Email Alerts,continued,0.3,easy
Email Alerts,new,0.0,easy
Email Alerts,negative,0.29,easy
Email Alerts,becomes,0.02,easy
Email Alerts,effective,0.08,easy
Email Alerts,product,0.22,easy
Email Alerts,space,0.0,easy
Email Alerts,weather,0.14,easy
Email Alerts,prediction,0.75,hard
Email Alerts,center,0.03,easy
Email Alerts,solar,0.73,hard
Email Alerts,activity,0.36,easy
Email Alerts,summary,0.7,hard
Email Alerts,solar,0.73,hard
Email Alerts,activity,0.36,easy
Email Alerts,high,0.0,easy
Email Alerts,event,0.05,easy
Email Alerts,flare,0.43,easy
Email Alerts,seven,0.13,easy
Email Alerts,growth,0.02,easy
Email Alerts,new,0.0,easy
Email Alerts,either,0.0,easy
Email Alerts,decay,0.58,hard
Email Alerts,associated,0.64,hard
Email Alerts,flaring,0.76,hard
Email Alerts,possible,0.0,easy
Email Alerts,glancing,0.76,hard
Email Alerts,forecast,0.57,hard
Email Alerts,energetic,0.72,hard
Email Alerts,particle,0.71,hard
Email Alerts,summary,0.7,hard
Email Alerts,greater,0.1,easy
Email Alerts,proton,0.76,hard
Email Alerts,flux,0.46,easy
Email Alerts,minor,0.22,easy
Email Alerts,throughout,0.05,easy
Email Alerts,period,0.01,easy
Email Alerts,greater,0.1,easy
Email Alerts,electron,0.71,hard
Email Alerts,flux,0.46,easy
Email Alerts,forecast,0.57,hard
Email Alerts,greater,0.1,easy
Email Alerts,proton,0.76,hard
Email Alerts,minor,0.22,easy
Email Alerts,early,0.0,easy
Email Alerts,greater,0.1,easy
Email Alerts,proton,0.76,hard
Email Alerts,elevated,0.72,hard
Email Alerts,background,0.04,easy
Email Alerts,remain,0.2,easy
Email Alerts,event,0.05,easy
Email Alerts,threshold,0.65,hard
Email Alerts,greater,0.1,easy
Email Alerts,electron,0.71,hard
Email Alerts,solar,0.73,hard
Email Alerts,wind,0.05,easy
Email Alerts,summary,0.7,hard
Email Alerts,enhanced,0.7,hard
Email Alerts,solar,0.73,hard
Email Alerts,wind,0.05,easy
Email Alerts,period,0.01,easy
Email Alerts,magnetic,0.65,hard
Email Alerts,field,0.0,easy
Email Alerts,day,0.0,easy
Email Alerts,total,0.02,easy
Email Alerts,field,0.0,easy
Email Alerts,strength,0.05,easy
Email Alerts,solar,0.73,hard
Email Alerts,wind,0.05,easy
Email Alerts,ranged,0.71,hard
Email Alerts,phi,0.74,hard
Email Alerts,angle,0.19,easy
Email Alerts,predominately,0.84,hard
Email Alerts,negative,0.29,easy
Email Alerts,forecast,0.57,hard
Email Alerts,nominal,0.64,hard
Email Alerts,solar,0.73,hard
Email Alerts,wind,0.05,easy
Email Alerts,mildly,0.67,hard
Email Alerts,enhanced,0.7,hard
Email Alerts,solar,0.73,hard
Email Alerts,wind,0.05,easy
Email Alerts,weakly,0.74,hard
Email Alerts,enhanced,0.7,hard
Email Alerts,possible,0.0,easy
Email Alerts,glancing,0.76,hard
Email Alerts,blow,0.02,easy
Email Alerts,summary,0.7,hard
Email Alerts,geomagnetic,0.84,hard
Email Alerts,field,0.0,easy
Email Alerts,quiet,0.04,easy
Email Alerts,active,0.11,easy
Email Alerts,forecast,0.57,hard
Email Alerts,geomagnetic,0.84,hard
Email Alerts,mostly,0.22,easy
Email Alerts,possible,0.0,easy
Email Alerts,glancing,0.76,hard
Email Alerts,blow,0.02,easy
Email Alerts,product,0.22,easy
Email Alerts,space,0.0,easy
Email Alerts,weather,0.14,easy
Email Alerts,prediction,0.75,hard
Email Alerts,center,0.03,easy
Email Alerts,solar,0.73,hard
Email Alerts,activity,0.36,easy
Email Alerts,summary,0.7,hard
Email Alerts,solar,0.73,hard
Email Alerts,flare,0.43,easy
Email Alerts,activity,0.36,easy
Email Alerts,moderate,0.46,easy
Email Alerts,first,0.0,easy
Email Alerts,flare,0.43,easy
Email Alerts,second,0.0,easy
Email Alerts,flare,0.43,easy
Email Alerts,disk,0.42,easy
Email Alerts,produced,0.28,easy
Email Alerts,numerous,0.5,easy
Email Alerts,period,0.01,easy
Email Alerts,region,0.45,easy
Email Alerts,penumbral,0.76,hard
Email Alerts,growth,0.02,easy
Email Alerts,quiet,0.04,easy
Email Alerts,stable,0.51,easy
Email Alerts,period,0.01,easy
Email Alerts,new,0.0,easy
Email Alerts,quiet,0.04,easy
Email Alerts,ejecta,0.78,hard
Email Alerts,behind,0.0,easy
Email Alerts,analysis,0.41,easy
Email Alerts,model,0.15,easy
Email Alerts,directed,0.13,easy
Email Alerts,component,0.65,hard
Email Alerts,ejecta,0.78,hard
Email Alerts,lifting,0.74,hard
Email Alerts,associated,0.64,hard
Email Alerts,analysis,0.41,easy
Email Alerts,becomes,0.02,easy
Email Alerts,available,0.03,easy
Email Alerts,radio,0.22,easy
Email Alerts,likely,0.06,easy
Email Alerts,based,0.01,easy
Email Alerts,flare,0.43,easy
Email Alerts,energetic,0.72,hard
Email Alerts,summary,0.7,hard
Email Alerts,greater,0.1,easy
Email Alerts,electron,0.71,hard
Email Alerts,flux,0.46,easy
Email Alerts,flux,0.46,easy
Email Alerts,greater,0.1,easy
Email Alerts,proton,0.76,hard
Email Alerts,flux,0.46,easy
Email Alerts,forecast,0.57,hard
Email Alerts,greater,0.1,easy
Email Alerts,electron,0.71,hard
Email Alerts,high,0.0,easy
Email Alerts,decrease,0.61,hard
Email Alerts,greater,0.1,easy
Email Alerts,proton,0.76,hard
Email Alerts,solar,0.73,hard
Email Alerts,wind,0.05,easy
Email Alerts,summary,0.7,hard
Email Alerts,solar,0.73,hard
Email Alerts,wind,0.05,easy
Email Alerts,total,0.02,easy
Email Alerts,field,0.0,easy
Email Alerts,mostly,0.22,easy
Email Alerts,solar,0.73,hard
Email Alerts,wind,0.05,easy
Email Alerts,varied,0.59,hard
Email Alerts,phi,0.74,hard
Email Alerts,angle,0.19,easy
Email Alerts,positive,0.23,easy
Email Alerts,away,0.0,easy
Email Alerts,sun,0.09,easy
Email Alerts,orientation,0.68,hard
Email Alerts,forecast,0.57,hard
Email Alerts,solar,0.73,hard
Email Alerts,wind,0.05,easy
Email Alerts,wind,0.05,easy
Email Alerts,positive,0.23,easy
Email Alerts,summary,0.7,hard
Email Alerts,geomagnetic,0.84,hard
Email Alerts,field,0.0,easy
Email Alerts,quiet,0.04,easy
Email Alerts,unsettled,0.72,hard
Email Alerts,period,0.01,easy
Email Alerts,forecast,0.57,hard
Email Alerts,geomagnetic,0.84,hard
Email Alerts,quiet,0.04,easy
Email Alerts,unsettled,0.72,hard
Email Alerts,effect,0.0,easy
Email Alerts,product,0.22,easy
Email Alerts,space,0.0,easy
Email Alerts,weather,0.14,easy
Email Alerts,prediction,0.75,hard
Email Alerts,center,0.03,easy
Email Alerts,solar,0.73,hard
Email Alerts,activity,0.36,easy
Email Alerts,summary,0.7,hard
Email Alerts,solar,0.73,hard
Email Alerts,activity,0.36,easy
Email Alerts,flare,0.43,easy
Email Alerts,activity,0.36,easy
Email Alerts,exhibit,0.59,hard
Email Alerts,lost,0.0,easy
Email Alerts,delta,0.7,hard
Email Alerts,responsible,0.18,easy
Email Alerts,activity,0.36,easy
Email Alerts,new,0.0,easy
Email Alerts,new,0.0,easy
Email Alerts,new,0.0,easy
Email Alerts,active,0.11,easy
Email Alerts,coronagraph,0.82,hard
Email Alerts,imagery,0.69,hard
Email Alerts,forecast,0.57,hard
Email Alerts,solar,0.73,hard
Email Alerts,low,0.0,easy
Email Alerts,chance,0.01,easy
Email Alerts,minor,0.22,easy
Email Alerts,energetic,0.72,hard
Email Alerts,summary,0.7,hard
Email Alerts,greater,0.1,easy
Email Alerts,electron,0.71,hard
Email Alerts,flux,0.46,easy
Email Alerts,moderate,0.46,easy
Email Alerts,greater,0.1,easy
Email Alerts,proton,0.76,hard
Email Alerts,flux,0.46,easy
Email Alerts,near,0.01,easy
Email Alerts,background,0.04,easy
Email Alerts,forecast,0.57,hard
Email Alerts,greater,0.1,easy
Email Alerts,electron,0.71,hard
Email Alerts,proton,0.76,hard
Email Alerts,solar,0.73,hard
Email Alerts,wind,0.05,easy
Email Alerts,summary,0.7,hard
Email Alerts,solar,0.73,hard
Email Alerts,wind,0.05,easy
Email Alerts,solar,0.73,hard
Email Alerts,wind,0.05,easy
Email Alerts,regime,0.65,hard
Email Alerts,total,0.02,easy
Email Alerts,field,0.0,easy
Email Alerts,strength,0.05,easy
Email Alerts,minor,0.22,easy
Email Alerts,southward,0.71,hard
Email Alerts,solar,0.73,hard
Email Alerts,wind,0.05,easy
Email Alerts,varied,0.59,hard
Email Alerts,phi,0.74,hard
Email Alerts,angle,0.19,easy
Email Alerts,mostly,0.22,easy
Email Alerts,positive,0.23,easy
Email Alerts,orientation,0.68,hard
Email Alerts,southward,0.71,hard
Email Alerts,phi,0.74,hard
Email Alerts,angle,0.19,easy
Email Alerts,displayed,0.25,easy
Email Alerts,negative,0.29,easy
Email Alerts,orientation,0.68,hard
Email Alerts,forecast,0.57,hard
Email Alerts,solar,0.73,hard
Email Alerts,wind,0.05,easy
Email Alerts,slightly,0.1,easy
Email Alerts,solar,0.73,hard
Email Alerts,wind,0.05,easy
Email Alerts,slightly,0.1,easy
Email Alerts,enhanced,0.7,hard
Email Alerts,negative,0.29,easy
Email Alerts,position,0.0,easy
Email Alerts,summary,0.7,hard
Email Alerts,geomagnetic,0.84,hard
Email Alerts,field,0.0,easy
Email Alerts,forecast,0.57,hard
Email Alerts,unsettled,0.72,hard
Email Alerts,negative,0.29,easy
Email Alerts,position,0.0,easy
Email Alerts,isolated,0.57,hard
Email Alerts,active,0.11,easy
Email Alerts,slight,0.38,easy
Email Alerts,chance,0.01,easy
Email Alerts,storm,0.38,easy
Email Alerts,near,0.01,easy
Email Alerts,low,0.0,easy
Email Alerts,confidence,0.26,easy
Email Alerts,time,0.0,easy
Email Alerts,product,0.22,easy
Email Alerts,space,0.0,easy
Email Alerts,weather,0.14,easy
Email Alerts,prediction,0.75,hard
Email Alerts,center,0.03,easy
Email Alerts,solar,0.73,hard
Email Alerts,activity,0.36,easy
Email Alerts,summary,0.7,hard
Email Alerts,solar,0.73,hard
Email Alerts,activity,0.36,easy
Email Alerts,beyond,0.05,easy
Email Alerts,single,0.01,easy
Email Alerts,spot,0.1,easy
Email Alerts,magnetically,0.82,hard
Email Alerts,complex,0.02,easy
Email Alerts,visible,0.47,easy
Email Alerts,disk,0.42,easy
Email Alerts,responsible,0.18,easy
Email Alerts,flare,0.43,easy
Email Alerts,activity,0.36,easy
Email Alerts,period,0.01,easy
Email Alerts,active,0.11,easy
Email Alerts,relatively,0.5,easy
Email Alerts,associated,0.64,hard
Email Alerts,line,0.0,easy
Email Alerts,movement,0.17,easy
Email Alerts,imagery,0.69,hard
Email Alerts,first,0.0,easy
Email Alerts,coronagraph,0.82,hard
Email Alerts,event,0.05,easy
Email Alerts,well,0.0,easy
Email Alerts,orbit,0.63,hard
Email Alerts,another,0.0,easy
Email Alerts,associated,0.64,hard
Email Alerts,flaring,0.76,hard
Email Alerts,first,0.0,easy
Email Alerts,coronagraph,0.82,hard
Email Alerts,imagery,0.69,hard
Email Alerts,around,0.0,easy
Email Alerts,analysis,0.41,easy
Email Alerts,underway,0.77,hard
Email Alerts,forecast,0.57,hard
Email Alerts,solar,0.73,hard
Email Alerts,low,0.0,easy
Email Alerts,isolated,0.57,hard
Email Alerts,flare,0.43,easy
Email Alerts,activity,0.36,easy
Email Alerts,energetic,0.72,hard
Email Alerts,particle,0.71,hard
Email Alerts,summary,0.7,hard
Email Alerts,greater,0.1,easy
Email Alerts,electron,0.71,hard
Email Alerts,flux,0.46,easy
Email Alerts,greater,0.1,easy
Email Alerts,proton,0.76,hard
Email Alerts,flux,0.46,easy
Email Alerts,forecast,0.57,hard
Email Alerts,greater,0.1,easy
Email Alerts,electron,0.71,hard
Email Alerts,greater,0.1,easy
Email Alerts,proton,0.76,hard
Email Alerts,solar,0.73,hard
Email Alerts,wind,0.05,easy
Email Alerts,summary,0.7,hard
Email Alerts,solar,0.73,hard
Email Alerts,wind,0.05,easy
Email Alerts,mildly,0.67,hard
Email Alerts,enhanced,0.7,hard
Email Alerts,possibly,0.29,easy
Email Alerts,activity,0.36,easy
Email Alerts,total,0.02,easy
Email Alerts,field,0.0,easy
Email Alerts,period,0.01,easy
Email Alerts,benign,0.7,hard
Email Alerts,ranging,0.65,hard
Email Alerts,wind,0.05,easy
Email Alerts,phi,0.74,hard
Email Alerts,rotated,0.78,hard
Email Alerts,solar,0.73,hard
Email Alerts,forecast,0.57,hard
Email Alerts,slightly,0.1,easy
Email Alerts,enhanced,0.7,hard
Email Alerts,positive,0.23,easy
Email Alerts,influence,0.13,easy
Email Alerts,another,0.0,easy
Email Alerts,negative,0.29,easy
Email Alerts,summary,0.7,hard
Email Alerts,geomagnetic,0.84,hard
Email Alerts,field,0.0,easy
Email Alerts,forecast,0.57,hard
Email Alerts,activity,0.36,easy
Email Alerts,mostly,0.22,easy
Email Alerts,quiet,0.04,easy
Email Alerts,onset,0.7,hard
Email Alerts,product,0.22,easy
Email Alerts,space,0.0,easy
Email Alerts,weather,0.14,easy
Email Alerts,prediction,0.75,hard
Email Alerts,center,0.03,easy
Email Alerts,solar,0.73,hard
Email Alerts,activity,0.36,easy
Email Alerts,summary,0.7,hard
Email Alerts,solar,0.73,hard
Email Alerts,activity,0.36,easy
Email Alerts,high,0.0,easy
Email Alerts,flare,0.43,easy
Email Alerts,sweep,0.39,easy
Email Alerts,along,0.0,easy
Email Alerts,associated,0.64,hard
Email Alerts,flare,0.43,easy
Email Alerts,additional,0.42,easy
Email Alerts,coronagraph,0.82,hard
Email Alerts,conformation,0.78,hard
Email Alerts,analysis,0.41,easy
Email Alerts,region,0.45,easy
Email Alerts,complex,0.02,easy
Email Alerts,notable,0.61,hard
Email Alerts,growth,0.02,easy
Email Alerts,eruptive,0.73,hard
Email Alerts,activity,0.36,easy
Email Alerts,event,0.05,easy
Email Alerts,first,0.0,easy
Email Alerts,periphery,0.77,hard
Email Alerts,around,0.0,easy
Email Alerts,forecast,0.57,hard
Email Alerts,solar,0.73,hard
Email Alerts,energetic,0.72,hard
Email Alerts,particle,0.71,hard
Email Alerts,summary,0.7,hard
Email Alerts,greater,0.1,easy
Email Alerts,electron,0.71,hard
Email Alerts,flux,0.46,easy
Email Alerts,greater,0.1,easy
Email Alerts,proton,0.76,hard
Email Alerts,flux,0.46,easy
Email Alerts,forecast,0.57,hard
Email Alerts,greater,0.1,easy
Email Alerts,electron,0.71,hard
Email Alerts,slight,0.38,easy
Email Alerts,chance,0.01,easy
Email Alerts,greater,0.1,easy
Email Alerts,proton,0.76,hard
Email Alerts,storm,0.38,easy
Email Alerts,flare,0.43,easy
Email Alerts,solar,0.73,hard
Email Alerts,wind,0.05,easy
Email Alerts,summary,0.7,hard
Email Alerts,solar,0.73,hard
Email Alerts,wind,0.05,easy
Email Alerts,past,0.0,easy
Email Alerts,total,0.02,easy
Email Alerts,magnetic,0.65,hard
Email Alerts,field,0.0,easy
Email Alerts,strength,0.05,easy
Email Alerts,wind,0.05,easy
Email Alerts,declined,0.65,hard
Email Alerts,near,0.01,easy
Email Alerts,end,0.0,easy
Email Alerts,phi,0.74,hard
Email Alerts,angle,0.19,easy
Email Alerts,polarity,0.79,hard
Email Alerts,forecast,0.57,hard
Email Alerts,mildly,0.67,hard
Email Alerts,enhanced,0.7,hard
Email Alerts,solar,0.73,hard
Email Alerts,wind,0.05,easy
Email Alerts,positive,0.23,easy
Email Alerts,associated,0.64,hard
Email Alerts,region,0.45,easy
Email Alerts,summary,0.7,hard
Email Alerts,geomagnetic,0.84,hard
Email Alerts,field,0.0,easy
Email Alerts,quiet,0.04,easy
Email Alerts,forecast,0.57,hard
Email Alerts,geomagnetic,0.84,hard
Email Alerts,field,0.0,easy
Email Alerts,reach,0.07,easy
Email Alerts,unsettled,0.72,hard
Email Alerts,active,0.11,easy
Email Alerts,active,0.11,easy
Email Alerts,minor,0.22,easy
Email Alerts,storming,0.78,hard
Email Alerts,positive,0.23,easy
Email Alerts,day,0.0,easy
Email Alerts,storming,0.78,hard
Email Alerts,activity,0.36,easy
Email Alerts,product,0.22,easy
Email Alerts,space,0.0,easy
Email Alerts,weather,0.14,easy
Email Alerts,prediction,0.75,hard
Email Alerts,center,0.03,easy
Email Alerts,solar,0.73,hard
Email Alerts,activity,0.36,easy
Email Alerts,summary,0.7,hard
Email Alerts,note,0.01,easy
Email Alerts,go,0.0,easy
Email Alerts,flux,0.46,easy
Email Alerts,electron,0.71,hard
Email Alerts,flux,0.46,easy
Email Alerts,proton,0.76,hard
Email Alerts,flux,0.46,easy
Email Alerts,data,0.13,easy
Email Alerts,went,0.0,easy
Email Alerts,network,0.38,easy
Email Alerts,outage,0.75,hard
Email Alerts,data,0.13,easy
Email Alerts,intermittent,0.8,hard
Email Alerts,solar,0.73,hard
Email Alerts,activity,0.36,easy
Email Alerts,moderate,0.46,easy
Email Alerts,region,0.45,easy
Email Alerts,magnetically,0.82,hard
Email Alerts,complex,0.02,easy
Email Alerts,spot,0.1,easy
Email Alerts,group,0.0,easy
Email Alerts,however,0.0,easy
Email Alerts,region,0.45,easy
Email Alerts,little,0.0,easy
Email Alerts,last,0.0,easy
Email Alerts,leader,0.35,easy
Email Alerts,previous,0.08,easy
Email Alerts,new,0.0,easy
Email Alerts,initial,0.38,easy
Email Alerts,associated,0.64,hard
Email Alerts,degree,0.06,easy
Email Alerts,filament,0.74,hard
Email Alerts,eruption,0.66,hard
Email Alerts,centered,0.68,hard
Email Alerts,lifting,0.74,hard
Email Alerts,returned,0.36,easy
Email Alerts,flanking,0.78,hard
Email Alerts,additional,0.42,easy
Email Alerts,analysis,0.41,easy
Email Alerts,filament,0.74,hard
Email Alerts,visible,0.47,easy
Email Alerts,southeast,0.65,hard
Email Alerts,run,0.0,easy
Email Alerts,forecast,0.57,hard
Email Alerts,likely,0.06,easy
Email Alerts,due,0.02,easy
Email Alerts,flare,0.43,easy
Email Alerts,energetic,0.72,hard
Email Alerts,particle,0.71,hard
Email Alerts,summary,0.7,hard
Email Alerts,greater,0.1,easy
Email Alerts,electron,0.71,hard
Email Alerts,flux,0.46,easy
Email Alerts,greater,0.1,easy
Email Alerts,proton,0.76,hard
Email Alerts,flux,0.46,easy
Email Alerts,near,0.01,easy
Email Alerts,background,0.04,easy
Email Alerts,forecast,0.57,hard
Email Alerts,greater,0.1,easy
Email Alerts,electron,0.71,hard
Email Alerts,greater,0.1,easy
Email Alerts,proton,0.76,hard
Email Alerts,near,0.01,easy
Email Alerts,background,0.04,easy
Email Alerts,solar,0.73,hard
Email Alerts,wind,0.05,easy
Email Alerts,summary,0.7,hard
Email Alerts,solar,0.73,hard
Email Alerts,wind,0.05,easy
Email Alerts,reflected,0.64,hard
Email Alerts,possible,0.0,easy
Email Alerts,weak,0.21,easy
Email Alerts,transient,0.71,hard
Email Alerts,activity,0.36,easy
Email Alerts,geomagnetic,0.84,hard
Email Alerts,field,0.0,easy
Email Alerts,solar,0.73,hard
Email Alerts,wind,0.05,easy
Email Alerts,speed,0.15,easy
Email Alerts,ranged,0.71,hard
Email Alerts,phi,0.74,hard
Email Alerts,angle,0.19,easy
Email Alerts,mostly,0.22,easy
Email Alerts,negative,0.29,easy
Email Alerts,forecast,0.57,hard
Email Alerts,mostly,0.22,easy
Email Alerts,solar,0.73,hard
Email Alerts,wind,0.05,easy
Email Alerts,large,0.0,easy
Email Alerts,filament,0.74,hard
Email Alerts,eruption,0.66,hard
Email Alerts,summary,0.7,hard
Email Alerts,geomagnetic,0.84,hard
Email Alerts,field,0.0,easy
Email Alerts,forecast,0.57,hard
Email Alerts,mostly,0.22,easy
Email Alerts,quiet,0.04,easy
Email Alerts,active,0.11,easy
Email Alerts,geomagnetic,0.84,hard
Email Alerts,effect,0.0,easy
Email Alerts,filament,0.74,hard
Email Alerts,eruption,0.66,hard
Email Alerts,product,0.22,easy
Email Alerts,space,0.0,easy
Email Alerts,weather,0.14,easy
Email Alerts,prediction,0.75,hard
Email Alerts,center,0.03,easy
Email Alerts,solar,0.73,hard
Email Alerts,activity,0.36,easy
Email Alerts,summary,0.7,hard
Email Alerts,solar,0.73,hard
Email Alerts,activity,0.36,easy
Email Alerts,moderate,0.46,easy
Email Alerts,period,0.01,easy
Email Alerts,minor,0.22,easy
Email Alerts,growth,0.02,easy
Email Alerts,either,0.0,easy
Email Alerts,coronagraph,0.82,hard
Email Alerts,data,0.13,easy
Email Alerts,forecast,0.57,hard
Email Alerts,energetic,0.72,hard
Email Alerts,particle,0.71,hard
Email Alerts,summary,0.7,hard
Email Alerts,greater,0.1,easy
Email Alerts,proton,0.76,hard
Email Alerts,flux,0.46,easy
Email Alerts,greater,0.1,easy
Email Alerts,electron,0.71,hard
Email Alerts,flux,0.46,easy
Email Alerts,forecast,0.57,hard
Email Alerts,slight,0.38,easy
Email Alerts,chance,0.01,easy
Email Alerts,greater,0.1,easy
Email Alerts,proton,0.76,hard
Email Alerts,greater,0.1,easy
Email Alerts,electron,0.71,hard
Email Alerts,solar,0.73,hard
Email Alerts,wind,0.05,easy
Email Alerts,summary,0.7,hard
Email Alerts,solar,0.73,hard
Email Alerts,wind,0.05,easy
Email Alerts,environment,0.61,hard
Email Alerts,mildly,0.67,hard
Email Alerts,enhanced,0.7,hard
Email Alerts,period,0.01,easy
Email Alerts,total,0.02,easy
Email Alerts,field,0.0,easy
Email Alerts,strength,0.05,easy
Email Alerts,ranged,0.71,hard
Email Alerts,sustained,0.67,hard
Email Alerts,solar,0.73,hard
Email Alerts,wind,0.05,easy
Email Alerts,steady,0.38,easy
Email Alerts,forecast,0.57,hard
Email Alerts,enhanced,0.7,hard
Email Alerts,solar,0.73,hard
Email Alerts,wind,0.05,easy
Email Alerts,summary,0.7,hard
Email Alerts,geomagnetic,0.84,hard
Email Alerts,field,0.0,easy
Email Alerts,ranged,0.71,hard
Email Alerts,forecast,0.57,hard
Email Alerts,product,0.22,easy
Email Alerts,space,0.0,easy
Email Alerts,weather,0.14,easy
Email Alerts,prediction,0.75,hard
Email Alerts,center,0.03,easy
Email Alerts,solar,0.73,hard
Email Alerts,activity,0.36,easy
Email Alerts,summary,0.7,hard
Email Alerts,solar,0.73,hard
Email Alerts,activity,0.36,easy
Email Alerts,moderate,0.46,easy
Email Alerts,produced,0.28,easy
Email Alerts,several,0.0,easy
Email Alerts,inactive,0.55,hard
Email Alerts,either,0.0,easy
Email Alerts,coronagraph,0.82,hard
Email Alerts,imagery,0.69,hard
Email Alerts,forecast,0.57,hard
Email Alerts,increasing,0.45,easy
Email Alerts,chance,0.01,easy
Email Alerts,fully,0.2,easy
Email Alerts,onto,0.26,easy
Email Alerts,visible,0.47,easy
Email Alerts,disk,0.42,easy
Email Alerts,energetic,0.72,hard
Email Alerts,particle,0.71,hard
Email Alerts,summary,0.7,hard
Email Alerts,greater,0.1,easy
Email Alerts,electron,0.71,hard
Email Alerts,flux,0.46,easy
Email Alerts,greater,0.1,easy
Email Alerts,proton,0.76,hard
Email Alerts,flux,0.46,easy
Email Alerts,forecast,0.57,hard
Email Alerts,greater,0.1,easy
Email Alerts,electron,0.71,hard
Email Alerts,greater,0.1,easy
Email Alerts,proton,0.76,hard
Email Alerts,solar,0.73,hard
Email Alerts,wind,0.05,easy
Email Alerts,summary,0.7,hard
Email Alerts,solar,0.73,hard
Email Alerts,wind,0.05,easy
Email Alerts,environment,0.61,hard
Email Alerts,continued,0.3,easy
Email Alerts,waning,0.74,hard
Email Alerts,influence,0.13,easy
Email Alerts,total,0.02,easy
Email Alerts,field,0.0,easy
Email Alerts,gradually,0.66,hard
Email Alerts,period,0.01,easy
Email Alerts,wind,0.05,easy
Email Alerts,phi,0.74,hard
Email Alerts,negative,0.29,easy
Email Alerts,summary,0.7,hard
Email Alerts,geomagnetic,0.84,hard
Email Alerts,field,0.0,easy
Email Alerts,effect,0.0,easy
Email Alerts,forecast,0.57,hard
Email Alerts,geomagnetic,0.84,hard
Email Alerts,effect,0.0,easy
Email Alerts,quiet,0.04,easy
Email Alerts,product,0.22,easy
Email Alerts,space,0.0,easy
Email Alerts,weather,0.14,easy
Email Alerts,prediction,0.75,hard
Email Alerts,center,0.03,easy
Email Alerts,solar,0.73,hard
Email Alerts,activity,0.36,easy
Email Alerts,summary,0.7,hard
Email Alerts,solar,0.73,hard
Email Alerts,activity,0.36,easy
Email Alerts,moderate,0.46,easy
Email Alerts,produced,0.28,easy
Email Alerts,region,0.45,easy
Email Alerts,slight,0.38,easy
Email Alerts,growth,0.02,easy
Email Alerts,underwent,0.8,hard
Email Alerts,slight,0.38,easy
Email Alerts,growth,0.02,easy
Email Alerts,remains,0.19,easy
Email Alerts,spot,0.1,easy
Email Alerts,visible,0.47,easy
Email Alerts,disk,0.42,easy
Email Alerts,relatively,0.5,easy
Email Alerts,quiet,0.04,easy
Email Alerts,throughout,0.05,easy
Email Alerts,period,0.01,easy
Email Alerts,additional,0.42,easy
Email Alerts,intermediate,0.75,hard
Email Alerts,west,0.1,easy
Email Alerts,starting,0.23,easy
Email Alerts,near,0.01,easy
Email Alerts,associated,0.64,hard
Email Alerts,flare,0.43,easy
Email Alerts,associated,0.64,hard
Email Alerts,west,0.1,easy
Email Alerts,potentially,0.74,hard
Email Alerts,forecast,0.57,hard
Email Alerts,remain,0.2,easy
Email Alerts,likely,0.06,easy
Email Alerts,chance,0.01,easy
Email Alerts,persisting,0.78,hard
Email Alerts,energetic,0.72,hard
Email Alerts,particle,0.71,hard
Email Alerts,summary,0.7,hard
Email Alerts,greater,0.1,easy
Email Alerts,proton,0.76,hard
Email Alerts,flux,0.46,easy
Email Alerts,greater,0.1,easy
Email Alerts,electron,0.71,hard
Email Alerts,flux,0.46,easy
Email Alerts,forecast,0.57,hard
Email Alerts,slight,0.38,easy
Email Alerts,chance,0.01,easy
Email Alerts,greater,0.1,easy
Email Alerts,proton,0.76,hard
Email Alerts,storm,0.38,easy
Email Alerts,greater,0.1,easy
Email Alerts,electron,0.71,hard
Email Alerts,throughout,0.05,easy
Email Alerts,period,0.01,easy
Email Alerts,solar,0.73,hard
Email Alerts,wind,0.05,easy
Email Alerts,summary,0.7,hard
Email Alerts,solar,0.73,hard
Email Alerts,wind,0.05,easy
Email Alerts,environment,0.61,hard
Email Alerts,total,0.02,easy
Email Alerts,field,0.0,easy
Email Alerts,strength,0.05,easy
Email Alerts,southward,0.71,hard
Email Alerts,wind,0.05,easy
Email Alerts,phi,0.74,hard
Email Alerts,mostly,0.22,easy
Email Alerts,positive,0.23,easy
Email Alerts,orientation,0.68,hard
Email Alerts,forecast,0.57,hard
Email Alerts,weak,0.21,easy
Email Alerts,interaction,0.69,hard
Email Alerts,decreasing,0.75,hard
Email Alerts,weak,0.21,easy
Email Alerts,mostly,0.22,easy
Email Alerts,nominal,0.64,hard
Email Alerts,solar,0.73,hard
Email Alerts,position,0.0,easy
Email Alerts,summary,0.7,hard
Email Alerts,geomagnetic,0.84,hard
Email Alerts,field,0.0,easy
Email Alerts,forecast,0.57,hard
Email Alerts,unsettled,0.72,hard
Email Alerts,still,0.0,easy
Email Alerts,likely,0.06,easy
Email Alerts,influence,0.13,easy
Email Alerts,quiet,0.04,easy
Email Alerts,product,0.22,easy
Email Alerts,space,0.0,easy
Email Alerts,weather,0.14,easy
Email Alerts,prediction,0.75,hard
Email Alerts,center,0.03,easy
Email Alerts,solar,0.73,hard
Email Alerts,activity,0.36,easy
Email Alerts,summary,0.7,hard
Email Alerts,solar,0.73,hard
Email Alerts,activity,0.36,easy
Email Alerts,additional,0.42,easy
Email Alerts,first,0.0,easy
Email Alerts,second,0.0,easy
Email Alerts,event,0.05,easy
Email Alerts,flare,0.43,easy
Email Alerts,beyond,0.05,easy
Email Alerts,along,0.0,easy
Email Alerts,associated,0.64,hard
Email Alerts,shortly,0.52,easy
Email Alerts,following,0.03,easy
Email Alerts,second,0.0,easy
Email Alerts,coronal,0.76,hard
Email Alerts,imagery,0.69,hard
Email Alerts,first,0.0,easy
Email Alerts,limited,0.19,easy
Email Alerts,time,0.0,easy
Email Alerts,analysis,0.41,easy
Email Alerts,becomes,0.02,easy
Email Alerts,component,0.65,hard
Email Alerts,region,0.45,easy
Email Alerts,responsible,0.18,easy
Email Alerts,several,0.0,easy
Email Alerts,made,0.0,easy
Email Alerts,way,0.0,easy
Email Alerts,towards,0.19,easy
Email Alerts,west,0.1,easy
Email Alerts,limb,0.62,hard
Email Alerts,development,0.01,easy
Email Alerts,intermediate,0.75,hard
Email Alerts,peripheral,0.76,hard
Email Alerts,near,0.01,easy
Email Alerts,large,0.0,easy
Email Alerts,trailing,0.73,hard
Email Alerts,responsible,0.18,easy
Email Alerts,period,0.01,easy
Email Alerts,new,0.0,easy
Email Alerts,formed,0.41,easy
Email Alerts,showing,0.12,easy
Email Alerts,little,0.0,easy
Email Alerts,change,0.0,easy
Email Alerts,pending,0.71,hard
Email Alerts,coronagraph,0.82,hard
Email Alerts,imagery,0.69,hard
Email Alerts,forecast,0.57,hard
Email Alerts,solar,0.73,hard
Email Alerts,low,0.0,easy
Email Alerts,likely,0.06,easy
Email Alerts,chance,0.01,easy
Email Alerts,energetic,0.72,hard
Email Alerts,particle,0.71,hard
Email Alerts,summary,0.7,hard
Email Alerts,greater,0.1,easy
Email Alerts,electron,0.71,hard
Email Alerts,flux,0.46,easy
Email Alerts,greater,0.1,easy
Email Alerts,proton,0.76,hard
Email Alerts,flux,0.46,easy
Email Alerts,forecast,0.57,hard
Email Alerts,greater,0.1,easy
Email Alerts,electron,0.71,hard
Email Alerts,greater,0.1,easy
Email Alerts,proton,0.76,hard
Email Alerts,flux,0.46,easy
Email Alerts,solar,0.73,hard
Email Alerts,wind,0.05,easy
Email Alerts,summary,0.7,hard
Email Alerts,solar,0.73,hard
Email Alerts,wind,0.05,easy
Email Alerts,reflected,0.64,hard
Email Alerts,weak,0.21,easy
Email Alerts,negative,0.29,easy
Email Alerts,influence,0.13,easy
Email Alerts,solar,0.73,hard
Email Alerts,wind,0.05,easy
Email Alerts,ranged,0.71,hard
Email Alerts,total,0.02,easy
Email Alerts,field,0.0,easy
Email Alerts,primarily,0.59,hard
Email Alerts,predominantly,0.81,hard
Email Alerts,negative,0.29,easy
Email Alerts,forecast,0.57,hard
Email Alerts,solar,0.73,hard
Email Alerts,wind,0.05,easy
Email Alerts,slightly,0.1,easy
Email Alerts,position,0.0,easy
Email Alerts,ambient,0.79,hard
Email Alerts,summary,0.7,hard
Email Alerts,geomagnetic,0.84,hard
Email Alerts,field,0.0,easy
Email Alerts,forecast,0.57,hard
Email Alerts,geomagnetic,0.84,hard
Email Alerts,isolated,0.57,hard
Email Alerts,active,0.11,easy
Email Alerts,influence,0.13,easy
Email Alerts,mostly,0.22,easy
Email Alerts,quiet,0.04,easy
Email Alerts,position,0.0,easy
Email Alerts,product,0.22,easy
Email Alerts,space,0.0,easy
Email Alerts,weather,0.14,easy
Email Alerts,prediction,0.75,hard
Email Alerts,center,0.03,easy
Email Alerts,solar,0.73,hard
Email Alerts,activity,0.36,easy
Email Alerts,summary,0.7,hard
Email Alerts,solar,0.73,hard
Email Alerts,activity,0.36,easy
Email Alerts,high,0.0,easy
Email Alerts,flare,0.43,easy
Email Alerts,associated,0.64,hard
Email Alerts,type,0.0,easy
Email Alerts,asymmetric,0.78,hard
Email Alerts,halo,0.72,hard
Email Alerts,first,0.0,easy
Email Alerts,visible,0.47,easy
Email Alerts,source,0.05,easy
Email Alerts,region,0.45,easy
Email Alerts,earth,0.0,easy
Email Alerts,however,0.0,easy
Email Alerts,flanking,0.78,hard
Email Alerts,event,0.05,easy
Email Alerts,summary,0.7,hard
Email Alerts,region,0.45,easy
Email Alerts,responsible,0.18,easy
Email Alerts,several,0.0,easy
Email Alerts,period,0.01,easy
Email Alerts,spotted,0.71,hard
Email Alerts,unremarkable,0.8,hard
Email Alerts,forecast,0.57,hard
Email Alerts,solar,0.73,hard
Email Alerts,flare,0.43,easy
Email Alerts,chance,0.01,easy
Email Alerts,magnetically,0.82,hard
Email Alerts,complex,0.02,easy
Email Alerts,disk,0.42,easy
Email Alerts,region,0.45,easy
Email Alerts,formerly,0.71,hard
Email Alerts,responsible,0.18,easy
Email Alerts,four,0.0,easy
Email Alerts,last,0.0,easy
Email Alerts,transit,0.59,hard
Email Alerts,energetic,0.72,hard
Email Alerts,particle,0.71,hard
Email Alerts,summary,0.7,hard
Email Alerts,greater,0.1,easy
Email Alerts,electron,0.71,hard
Email Alerts,flux,0.46,easy
Email Alerts,greater,0.1,easy
Email Alerts,proton,0.76,hard
Email Alerts,flux,0.46,easy
Email Alerts,near,0.01,easy
Email Alerts,background,0.04,easy
Email Alerts,forecast,0.57,hard
Email Alerts,greater,0.1,easy
Email Alerts,electron,0.71,hard
Email Alerts,greater,0.1,easy
Email Alerts,proton,0.76,hard
Email Alerts,solar,0.73,hard
Email Alerts,wind,0.05,easy
Email Alerts,summary,0.7,hard
Email Alerts,solar,0.73,hard
Email Alerts,wind,0.05,easy
Email Alerts,become,0.0,easy
Email Alerts,slightly,0.1,easy
Email Alerts,enhanced,0.7,hard
Email Alerts,weak,0.21,easy
Email Alerts,positive,0.23,easy
Email Alerts,total,0.02,easy
Email Alerts,magnetic,0.65,hard
Email Alerts,field,0.0,easy
Email Alerts,wind,0.05,easy
Email Alerts,rose,0.11,easy
Email Alerts,around,0.0,easy
Email Alerts,phi,0.74,hard
Email Alerts,angle,0.19,easy
Email Alerts,positive,0.23,easy
Email Alerts,sector,0.55,hard
Email Alerts,forecast,0.57,hard
Email Alerts,solar,0.73,hard
Email Alerts,wind,0.05,easy
Email Alerts,slightly,0.1,easy
Email Alerts,enhanced,0.7,hard
Email Alerts,nominal,0.64,hard
Email Alerts,summary,0.7,hard
Email Alerts,geomagnetic,0.84,hard
Email Alerts,field,0.0,easy
Email Alerts,forecast,0.57,hard
Email Alerts,quiet,0.04,easy
Email Alerts,solar,0.73,hard
Email Alerts,wind,0.05,easy
Email Alerts,product,0.22,easy
Email Alerts,space,0.0,easy
Email Alerts,weather,0.14,easy
Email Alerts,prediction,0.75,hard
Email Alerts,center,0.03,easy
Email Alerts,solar,0.73,hard
Email Alerts,activity,0.36,easy
Email Alerts,summary,0.7,hard
Email Alerts,solar,0.73,hard
Email Alerts,activity,0.36,easy
Email Alerts,multiple,0.19,easy
Email Alerts,associated,0.64,hard
Email Alerts,activity,0.36,easy
Email Alerts,near,0.01,easy
Email Alerts,rotated,0.78,hard
Email Alerts,beyond,0.05,easy
Email Alerts,associated,0.64,hard
Email Alerts,flare,0.43,easy
Email Alerts,activity,0.36,easy
Email Alerts,multiple,0.19,easy
Email Alerts,sun,0.09,easy
Email Alerts,westward,0.7,hard
Email Alerts,recently,0.18,easy
Email Alerts,mostly,0.22,easy
Email Alerts,quiet,0.04,easy
Email Alerts,throughout,0.05,easy
Email Alerts,period,0.01,easy
Email Alerts,spotted,0.71,hard
Email Alerts,stable,0.51,easy
Email Alerts,quiet,0.04,easy
Email Alerts,forecast,0.57,hard
Email Alerts,solar,0.73,hard
Email Alerts,low,0.0,easy
Email Alerts,chance,0.01,easy
Email Alerts,primarily,0.59,hard
Email Alerts,eruptive,0.73,hard
Email Alerts,beyond,0.05,easy
Email Alerts,energetic,0.72,hard
Email Alerts,particle,0.71,hard
Email Alerts,summary,0.7,hard
Email Alerts,greater,0.1,easy
Email Alerts,electron,0.71,hard
Email Alerts,flux,0.46,easy
Email Alerts,greater,0.1,easy
Email Alerts,proton,0.76,hard
Email Alerts,flux,0.46,easy
Email Alerts,slight,0.38,easy
Email Alerts,background,0.04,easy
Email Alerts,activity,0.36,easy
Email Alerts,old,0.0,easy
Email Alerts,region,0.45,easy
Email Alerts,forecast,0.57,hard
Email Alerts,greater,0.1,easy
Email Alerts,electron,0.71,hard
Email Alerts,greater,0.1,easy
Email Alerts,proton,0.76,hard
Email Alerts,elevated,0.72,hard
Email Alerts,background,0.04,easy
Email Alerts,next,0.0,easy
Email Alerts,day,0.0,easy
Email Alerts,solar,0.73,hard
Email Alerts,wind,0.05,easy
Email Alerts,summary,0.7,hard
Email Alerts,solar,0.73,hard
Email Alerts,wind,0.05,easy
Email Alerts,enhanced,0.7,hard
Email Alerts,solar,0.73,hard
Email Alerts,wind,0.05,easy
Email Alerts,decline,0.34,easy
Email Alerts,ranged,0.71,hard
Email Alerts,total,0.02,easy
Email Alerts,magnetic,0.65,hard
Email Alerts,field,0.0,easy
Email Alerts,strength,0.05,easy
Email Alerts,steadily,0.65,hard
Email Alerts,decline,0.34,easy
Email Alerts,period,0.01,easy
Email Alerts,phi,0.74,hard
Email Alerts,angle,0.19,easy
Email Alerts,positive,0.23,easy
Email Alerts,sector,0.55,hard
Email Alerts,forecast,0.57,hard
Email Alerts,enhanced,0.7,hard
Email Alerts,solar,0.73,hard
Email Alerts,wind,0.05,easy
Email Alerts,summary,0.7,hard
Email Alerts,geomagnetic,0.84,hard
Email Alerts,field,0.0,easy
Email Alerts,forecast,0.57,hard
Email Alerts,product,0.22,easy
Email Alerts,space,0.0,easy
Email Alerts,weather,0.14,easy
Email Alerts,prediction,0.75,hard
Email Alerts,center,0.03,easy
Email Alerts,solar,0.73,hard
Email Alerts,activity,0.36,easy
Email Alerts,summary,0.7,hard
Email Alerts,solar,0.73,hard
Email Alerts,activity,0.36,easy
Email Alerts,responsible,0.18,easy
Email Alerts,flare,0.43,easy
Email Alerts,magnetic,0.65,hard
Email Alerts,configuration,0.75,hard
Email Alerts,latter,0.26,easy
Email Alerts,mixed,0.23,easy
Email Alerts,intermediate,0.75,hard
Email Alerts,penumbra,0.76,hard
Email Alerts,period,0.01,easy
Email Alerts,new,0.0,easy
Email Alerts,noted,0.39,easy
Email Alerts,went,0.0,easy
Email Alerts,await,0.69,hard
Email Alerts,observatory,0.82,hard
Email Alerts,coronagraph,0.82,hard
Email Alerts,imagery,0.69,hard
Email Alerts,likely,0.06,easy
Email Alerts,greater,0.1,easy
Email Alerts,energetic,0.72,hard
Email Alerts,particle,0.71,hard
Email Alerts,summary,0.7,hard
Email Alerts,greater,0.1,easy
Email Alerts,electron,0.71,hard
Email Alerts,flux,0.46,easy
Email Alerts,greater,0.1,easy
Email Alerts,proton,0.76,hard
Email Alerts,flux,0.46,easy
Email Alerts,forecast,0.57,hard
Email Alerts,greater,0.1,easy
Email Alerts,electron,0.71,hard
Email Alerts,slight,0.38,easy
Email Alerts,chance,0.01,easy
Email Alerts,greater,0.1,easy
Email Alerts,proton,0.76,hard
Email Alerts,solar,0.73,hard
Email Alerts,wind,0.05,easy
Email Alerts,summary,0.7,hard
Email Alerts,negative,0.29,easy
Email Alerts,mildly,0.67,hard
Email Alerts,enhanced,0.7,hard
Email Alerts,solar,0.73,hard
Email Alerts,wind,0.05,easy
Email Alerts,period,0.01,easy
Email Alerts,total,0.02,easy
Email Alerts,field,0.0,easy
Email Alerts,strength,0.05,easy
Email Alerts,underwent,0.8,hard
Email Alerts,several,0.0,easy
Email Alerts,sustained,0.67,hard
Email Alerts,southward,0.71,hard
Email Alerts,latter,0.26,easy
Email Alerts,period,0.01,easy
Email Alerts,solar,0.73,hard
Email Alerts,wind,0.05,easy
Email Alerts,ranged,0.71,hard
Email Alerts,phi,0.74,hard
Email Alerts,predominantly,0.81,hard
Email Alerts,negative,0.29,easy
Email Alerts,solar,0.73,hard
Email Alerts,sector,0.55,hard
Email Alerts,forecast,0.57,hard
Email Alerts,negative,0.29,easy
Email Alerts,summary,0.7,hard
Email Alerts,geomagnetic,0.84,hard
Email Alerts,field,0.0,easy
Email Alerts,quiet,0.04,easy
Email Alerts,unsettled,0.72,hard
Email Alerts,active,0.11,easy
Email Alerts,period,0.01,easy
Email Alerts,forecast,0.57,hard
Email Alerts,geomagnetic,0.84,hard
Email Alerts,effect,0.0,easy
Email Alerts,continue,0.08,easy
Email Alerts,product,0.22,easy
Email Alerts,space,0.0,easy
Email Alerts,weather,0.14,easy
Email Alerts,prediction,0.75,hard
Email Alerts,center,0.03,easy
Email Alerts,solar,0.73,hard
Email Alerts,activity,0.36,easy
Email Alerts,summary,0.7,hard
Email Alerts,solar,0.73,hard
Email Alerts,flare,0.43,easy
Email Alerts,activity,0.36,easy
Email Alerts,flare,0.43,easy
Email Alerts,flare,0.43,easy
Email Alerts,emission,0.62,hard
Email Alerts,associated,0.64,hard
Email Alerts,disk,0.42,easy
Email Alerts,determined,0.21,easy
Email Alerts,orbit,0.63,hard
Email Alerts,glancing,0.76,hard
Email Alerts,influence,0.13,easy
Email Alerts,complex,0.02,easy
Email Alerts,disk,0.42,easy
Email Alerts,responsible,0.18,easy
Email Alerts,flare,0.43,easy
Email Alerts,flux,0.46,easy
Email Alerts,emergence,0.7,hard
Email Alerts,region,0.45,easy
Email Alerts,fairly,0.21,easy
Email Alerts,quiet,0.04,easy
Email Alerts,forecast,0.57,hard
Email Alerts,solar,0.73,hard
Email Alerts,low,0.0,easy
Email Alerts,isolated,0.57,hard
Email Alerts,activity,0.36,easy
Email Alerts,chance,0.01,easy
Email Alerts,activity,0.36,easy
Email Alerts,energetic,0.72,hard
Email Alerts,particle,0.71,hard
Email Alerts,summary,0.7,hard
Email Alerts,electron,0.71,hard
Email Alerts,orbit,0.63,hard
Email Alerts,period,0.01,easy
Email Alerts,greater,0.1,easy
Email Alerts,proton,0.76,hard
Email Alerts,flux,0.46,easy
Email Alerts,forecast,0.57,hard
Email Alerts,northern,0.62,hard
Email Alerts,hemisphere,0.68,hard
Email Alerts,could,0.0,easy
Email Alerts,increase,0.01,easy
Email Alerts,electron,0.71,hard
Email Alerts,flux,0.46,easy
Email Alerts,threshold,0.65,hard
Email Alerts,active,0.11,easy
Email Alerts,western,0.47,easy
Email Alerts,hemisphere,0.68,hard
Email Alerts,magnetic,0.65,hard
Email Alerts,complexity,0.6,hard
Email Alerts,reducing,0.68,hard
Email Alerts,proton,0.76,hard
Email Alerts,therefore,0.11,easy
Email Alerts,greater,0.1,easy
Email Alerts,proton,0.76,hard
Email Alerts,solar,0.73,hard
Email Alerts,wind,0.05,easy
Email Alerts,summary,0.7,hard
Email Alerts,solar,0.73,hard
Email Alerts,wind,0.05,easy
Email Alerts,enhanced,0.7,hard
Email Alerts,throughout,0.05,easy
Email Alerts,day,0.0,easy
Email Alerts,weak,0.21,easy
Email Alerts,glancing,0.76,hard
Email Alerts,blow,0.02,easy
Email Alerts,left,0.0,easy
Email Alerts,total,0.02,easy
Email Alerts,interplanetary,0.83,hard
Email Alerts,magnetic,0.65,hard
Email Alerts,field,0.0,easy
Email Alerts,sustaining,0.78,hard
Email Alerts,southward,0.71,hard
Email Alerts,direction,0.01,easy
Email Alerts,northward,0.72,hard
Email Alerts,mostly,0.22,easy
Email Alerts,south,0.12,easy
Email Alerts,thereafter,0.7,hard
Email Alerts,solar,0.73,hard
Email Alerts,wind,0.05,easy
Email Alerts,phi,0.74,hard
Email Alerts,angle,0.19,easy
Email Alerts,negative,0.29,easy
Email Alerts,towards,0.19,easy
Email Alerts,sun,0.09,easy
Email Alerts,orientation,0.68,hard
Email Alerts,positive,0.23,easy
Email Alerts,polarity,0.79,hard
Email Alerts,coronal,0.76,hard
Email Alerts,enhancement,0.76,hard
Email Alerts,time,0.0,easy
Email Alerts,waning,0.74,hard
Email Alerts,towards,0.19,easy
Email Alerts,nominal,0.64,hard
Email Alerts,summary,0.7,hard
Email Alerts,geomagnetic,0.84,hard
Email Alerts,field,0.0,easy
Email Alerts,forecast,0.57,hard
Email Alerts,active,0.11,easy
Email Alerts,early,0.0,easy
Email Alerts,geomagnetic,0.84,hard
Email Alerts,towards,0.19,easy
Email Alerts,wane,0.68,hard
Email Alerts,weak,0.21,easy
Email Alerts,northern,0.62,hard
Email Alerts,late,0.0,easy
Email Alerts,next,0.0,easy
Email Alerts,coronal,0.76,hard
Email Alerts,position,0.0,easy
Email Alerts,polarity,0.79,hard
Email Alerts,minimal,0.71,hard
Email Alerts,quiet,0.04,easy
Email Alerts,thereafter,0.7,hard
Email Alerts,product,0.22,easy
Email Alerts,space,0.0,easy
Email Alerts,weather,0.14,easy
Email Alerts,prediction,0.75,hard
Email Alerts,center,0.03,easy
Email Alerts,solar,0.73,hard
Email Alerts,activity,0.36,easy
Email Alerts,summary,0.7,hard
Email Alerts,solar,0.73,hard
Email Alerts,activity,0.36,easy
Email Alerts,region,0.45,easy
Email Alerts,produced,0.28,easy
Email Alerts,activity,0.36,easy
Email Alerts,region,0.45,easy
Email Alerts,quickly,0.1,easy
Email Alerts,complexity,0.6,hard
Email Alerts,activity,0.36,easy
Email Alerts,stable,0.51,easy
Email Alerts,directed,0.13,easy
Email Alerts,coronagraph,0.82,hard
Email Alerts,imagery,0.69,hard
Email Alerts,forecast,0.57,hard
Email Alerts,solar,0.73,hard
Email Alerts,low,0.0,easy
Email Alerts,activity,0.36,easy
Email Alerts,energetic,0.72,hard
Email Alerts,summary,0.7,hard
Email Alerts,greater,0.1,easy
Email Alerts,electron,0.71,hard
Email Alerts,flux,0.46,easy
Email Alerts,high,0.0,easy
Email Alerts,flux,0.46,easy
Email Alerts,greater,0.1,easy
Email Alerts,proton,0.76,hard
Email Alerts,flux,0.46,easy
Email Alerts,forecast,0.57,hard
Email Alerts,greater,0.1,easy
Email Alerts,electron,0.71,hard
Email Alerts,greater,0.1,easy
Email Alerts,proton,0.76,hard
Email Alerts,solar,0.73,hard
Email Alerts,wind,0.05,easy
Email Alerts,summary,0.7,hard
Email Alerts,solar,0.73,hard
Email Alerts,wind,0.05,easy
Email Alerts,environment,0.61,hard
Email Alerts,total,0.02,easy
Email Alerts,mostly,0.22,easy
Email Alerts,steady,0.38,easy
Email Alerts,varied,0.59,hard
Email Alerts,wind,0.05,easy
Email Alerts,mostly,0.22,easy
Email Alerts,steady,0.38,easy
Email Alerts,phi,0.74,hard
Email Alerts,angle,0.19,easy
Email Alerts,predominantly,0.81,hard
Email Alerts,negative,0.29,easy
Email Alerts,forecast,0.57,hard
Email Alerts,solar,0.73,hard
Email Alerts,wind,0.05,easy
Email Alerts,enhanced,0.7,hard
Email Alerts,influence,0.13,easy
Email Alerts,next,0.0,easy
Email Alerts,negative,0.29,easy
Email Alerts,summary,0.7,hard
Email Alerts,geomagnetic,0.84,hard
Email Alerts,field,0.0,easy
Email Alerts,influence,0.13,easy
Email Alerts,storm,0.38,easy
Email Alerts,negative,0.29,easy
Email Alerts,influence,0.13,easy
Email Alerts,product,0.22,easy
Email Alerts,space,0.0,easy
Email Alerts,weather,0.14,easy
Email Alerts,prediction,0.75,hard
Email Alerts,center,0.03,easy
Email Alerts,solar,0.73,hard
Email Alerts,activity,0.36,easy
Email Alerts,summary,0.7,hard
Email Alerts,solar,0.73,hard
Email Alerts,activity,0.36,easy
Email Alerts,moderate,0.46,easy
Email Alerts,region,0.45,easy
Email Alerts,lost,0.0,easy
Email Alerts,intermediate,0.75,hard
Email Alerts,around,0.0,easy
Email Alerts,western,0.47,easy
Email Alerts,limb,0.62,hard
Email Alerts,flare,0.43,easy
Email Alerts,producer,0.41,easy
Email Alerts,throughout,0.05,easy
Email Alerts,period,0.01,easy
Email Alerts,ten,0.06,easy
Email Alerts,region,0.45,easy
Email Alerts,rapid,0.51,easy
Email Alerts,flux,0.46,easy
Email Alerts,emergence,0.7,hard
Email Alerts,magnetic,0.65,hard
Email Alerts,shear,0.54,easy
Email Alerts,across,0.0,easy
Email Alerts,intermediate,0.75,hard
Email Alerts,area,0.01,easy
Email Alerts,experienced,0.62,hard
Email Alerts,length,0.06,easy
Email Alerts,increasing,0.45,easy
Email Alerts,leader,0.35,easy
Email Alerts,trailer,0.47,easy
Email Alerts,region,0.45,easy
Email Alerts,quiet,0.04,easy
Email Alerts,slight,0.38,easy
Email Alerts,imagery,0.69,hard
Email Alerts,period,0.01,easy
Email Alerts,forecast,0.57,hard
Email Alerts,solar,0.73,hard
Email Alerts,low,0.0,easy
Email Alerts,activity,0.36,easy
Email Alerts,chance,0.01,easy
Email Alerts,activity,0.36,easy
Email Alerts,energetic,0.72,hard
Email Alerts,particle,0.71,hard
Email Alerts,summary,0.7,hard
Email Alerts,greater,0.1,easy
Email Alerts,electron,0.71,hard
Email Alerts,orbit,0.63,hard
Email Alerts,remains,0.19,easy
Email Alerts,high,0.0,easy
Email Alerts,flux,0.46,easy
Email Alerts,greater,0.1,easy
Email Alerts,proton,0.76,hard
Email Alerts,flux,0.46,easy
Email Alerts,forecast,0.57,hard
Email Alerts,greater,0.1,easy
Email Alerts,electron,0.71,hard
Email Alerts,possibly,0.29,easy
Email Alerts,thereafter,0.7,hard
Email Alerts,active,0.11,easy
Email Alerts,western,0.47,easy
Email Alerts,hemisphere,0.68,hard
Email Alerts,magnetic,0.65,hard
Email Alerts,complexity,0.6,hard
Email Alerts,reducing,0.68,hard
Email Alerts,proton,0.76,hard
Email Alerts,therefore,0.11,easy
Email Alerts,greater,0.1,easy
Email Alerts,proton,0.76,hard
Email Alerts,solar,0.73,hard
Email Alerts,wind,0.05,easy
Email Alerts,summary,0.7,hard
Email Alerts,solar,0.73,hard
Email Alerts,wind,0.05,easy
Email Alerts,negative,0.29,easy
Email Alerts,total,0.02,easy
Email Alerts,field,0.0,easy
Email Alerts,thereafter,0.7,hard
Email Alerts,solar,0.73,hard
Email Alerts,wind,0.05,easy
Email Alerts,gradual,0.71,hard
Email Alerts,decline,0.34,easy
Email Alerts,aside,0.21,easy
Email Alerts,phi,0.74,hard
Email Alerts,angle,0.19,easy
Email Alerts,negative,0.29,easy
Email Alerts,towards,0.19,easy
Email Alerts,sun,0.09,easy
Email Alerts,orientation,0.68,hard
Email Alerts,forecast,0.57,hard
Email Alerts,negative,0.29,easy
Email Alerts,slight,0.38,easy
Email Alerts,chance,0.01,easy
Email Alerts,glancing,0.76,hard
Email Alerts,blow,0.02,easy
Email Alerts,left,0.0,easy
Email Alerts,arrive,0.6,hard
Email Alerts,solar,0.73,hard
Email Alerts,wind,0.05,easy
Email Alerts,effect,0.0,easy
Email Alerts,wane,0.68,hard
Email Alerts,summary,0.7,hard
Email Alerts,geomagnetic,0.84,hard
Email Alerts,field,0.0,easy
Email Alerts,previous,0.08,easy
Email Alerts,discussion,0.2,easy
Email Alerts,effect,0.0,easy
Email Alerts,wane,0.68,hard
Email Alerts,chance,0.01,easy
Email Alerts,geomagnetic,0.84,hard
Email Alerts,glancing,0.76,hard
Email Alerts,left,0.0,easy
Email Alerts,however,0.0,easy
Email Alerts,confidence,0.26,easy
Email Alerts,negative,0.29,easy
Email Alerts,effect,0.0,easy
Email Alerts,end,0.0,easy
Email Alerts,weak,0.21,easy
Email Alerts,positive,0.23,easy
Email Alerts,regime,0.65,hard
Email Alerts,product,0.22,easy
Email Alerts,space,0.0,easy
Email Alerts,weather,0.14,easy
Email Alerts,prediction,0.75,hard
Email Alerts,center,0.03,easy
Email Alerts,solar,0.73,hard
Email Alerts,activity,0.36,easy
Email Alerts,summary,0.7,hard
Email Alerts,solar,0.73,hard
Email Alerts,activity,0.36,easy
Email Alerts,moderate,0.46,easy
Email Alerts,intermediate,0.75,hard
Email Alerts,responsible,0.18,easy
Email Alerts,form,0.0,easy
Email Alerts,period,0.01,easy
Email Alerts,western,0.47,easy
Email Alerts,limb,0.62,hard
Email Alerts,produced,0.28,easy
Email Alerts,numerous,0.5,easy
Email Alerts,faint,0.51,easy
Email Alerts,associated,0.64,hard
Email Alerts,first,0.0,easy
Email Alerts,analysis,0.41,easy
Email Alerts,underway,0.77,hard
Email Alerts,forecast,0.57,hard
Email Alerts,solar,0.73,hard
Email Alerts,activity,0.36,easy
Email Alerts,likely,0.06,easy
Email Alerts,reach,0.07,easy
Email Alerts,moderate,0.46,easy
Email Alerts,chance,0.01,easy
Email Alerts,isolated,0.57,hard
Email Alerts,energetic,0.72,hard
Email Alerts,summary,0.7,hard
Email Alerts,greater,0.1,easy
Email Alerts,electron,0.71,hard
Email Alerts,flux,0.46,easy
Email Alerts,greater,0.1,easy
Email Alerts,proton,0.76,hard
Email Alerts,flux,0.46,easy
Email Alerts,forecast,0.57,hard
Email Alerts,greater,0.1,easy
Email Alerts,electron,0.71,hard
Email Alerts,greater,0.1,easy
Email Alerts,proton,0.76,hard
Email Alerts,flux,0.46,easy
Email Alerts,primarily,0.59,hard
Email Alerts,flare,0.43,easy
Email Alerts,solar,0.73,hard
Email Alerts,wind,0.05,easy
Email Alerts,summary,0.7,hard
Email Alerts,solar,0.73,hard
Email Alerts,wind,0.05,easy
Email Alerts,environment,0.61,hard
Email Alerts,slightly,0.1,easy
Email Alerts,enhanced,0.7,hard
Email Alerts,likely,0.06,easy
Email Alerts,glancing,0.76,hard
Email Alerts,event,0.05,easy
Email Alerts,total,0.02,easy
Email Alerts,field,0.0,easy
Email Alerts,gradually,0.66,hard
Email Alerts,sustained,0.67,hard
Email Alerts,southward,0.71,hard
Email Alerts,reaching,0.6,hard
Email Alerts,solar,0.73,hard
Email Alerts,wind,0.05,easy
Email Alerts,ranged,0.71,hard
Email Alerts,phi,0.74,hard
Email Alerts,predominantly,0.81,hard
Email Alerts,positive,0.23,easy
Email Alerts,forecast,0.57,hard
Email Alerts,negative,0.29,easy
Email Alerts,continue,0.08,easy
Email Alerts,summary,0.7,hard
Email Alerts,geomagnetic,0.84,hard
Email Alerts,field,0.0,easy
Email Alerts,active,0.11,easy
Email Alerts,period,0.01,easy
Email Alerts,forecast,0.57,hard
Email Alerts,geomagnetic,0.84,hard
Email Alerts,speed,0.15,easy
Email Alerts,stream,0.37,easy
Email Alerts,effect,0.0,easy
Email Alerts,continue,0.08,easy
Email Alerts,product,0.22,easy
Email Alerts,space,0.0,easy
Email Alerts,weather,0.14,easy
Email Alerts,prediction,0.75,hard
Email Alerts,center,0.03,easy
Email Alerts,solar,0.73,hard
Email Alerts,activity,0.36,easy
Email Alerts,summary,0.7,hard
Email Alerts,solar,0.73,hard
Email Alerts,activity,0.36,easy
Email Alerts,moderate,0.46,easy
Email Alerts,flare,0.43,easy
Email Alerts,period,0.01,easy
Email Alerts,decayed,0.75,hard
Email Alerts,underwent,0.8,hard
Email Alerts,minor,0.22,easy
Email Alerts,overall,0.37,easy
Email Alerts,growth,0.02,easy
Email Alerts,decay,0.58,hard
Email Alerts,among,0.0,easy
Email Alerts,intermediate,0.75,hard
Email Alerts,new,0.0,easy
Email Alerts,imagery,0.69,hard
Email Alerts,likely,0.06,easy
Email Alerts,chance,0.01,easy
Email Alerts,greater,0.1,easy
Email Alerts,energetic,0.72,hard
Email Alerts,particle,0.71,hard
Email Alerts,summary,0.7,hard
Email Alerts,greater,0.1,easy
Email Alerts,electron,0.71,hard
Email Alerts,flux,0.46,easy
Email Alerts,moderate,0.46,easy
Email Alerts,greater,0.1,easy
Email Alerts,proton,0.76,hard
Email Alerts,flux,0.46,easy
Email Alerts,forecast,0.57,hard
Email Alerts,greater,0.1,easy
Email Alerts,electron,0.71,hard
Email Alerts,moderate,0.46,easy
Email Alerts,slight,0.38,easy
Email Alerts,chance,0.01,easy
Email Alerts,greater,0.1,easy
Email Alerts,proton,0.76,hard
Email Alerts,solar,0.73,hard
Email Alerts,wind,0.05,easy
Email Alerts,summary,0.7,hard
Email Alerts,negative,0.29,easy
Email Alerts,total,0.02,easy
Email Alerts,field,0.0,easy
Email Alerts,strength,0.05,easy
Email Alerts,slowly,0.2,easy
Email Alerts,throughout,0.05,easy
Email Alerts,sustained,0.67,hard
Email Alerts,brief,0.22,easy
Email Alerts,throughout,0.05,easy
Email Alerts,period,0.01,easy
Email Alerts,solar,0.73,hard
Email Alerts,wind,0.05,easy
Email Alerts,ranged,0.71,hard
Email Alerts,forecast,0.57,hard
Email Alerts,enhanced,0.7,hard
Email Alerts,solar,0.73,hard
Email Alerts,wind,0.05,easy
Email Alerts,negative,0.29,easy
Email Alerts,background,0.04,easy
Email Alerts,summary,0.7,hard
Email Alerts,geomagnetic,0.84,hard
Email Alerts,field,0.0,easy
Email Alerts,active,0.11,easy
Email Alerts,forecast,0.57,hard
Email Alerts,unsettled,0.72,hard
Email Alerts,quiet,0.04,easy
Email Alerts,product,0.22,easy
Email Alerts,space,0.0,easy
Email Alerts,weather,0.14,easy
Email Alerts,prediction,0.75,hard
Email Alerts,center,0.03,easy
Email Alerts,solar,0.73,hard
Email Alerts,activity,0.36,easy
Email Alerts,summary,0.7,hard
Email Alerts,solar,0.73,hard
Email Alerts,activity,0.36,easy
Email Alerts,low,0.0,easy
Email Alerts,flare,0.43,easy
Email Alerts,activity,0.36,easy
Email Alerts,responsible,0.18,easy
Email Alerts,activity,0.36,easy
Email Alerts,view,0.0,easy
Email Alerts,revealing,0.67,hard
Email Alerts,possible,0.0,easy
Email Alerts,small,0.0,easy
Email Alerts,trailing,0.73,hard
Email Alerts,rotated,0.78,hard
Email Alerts,onto,0.26,easy
Email Alerts,southeast,0.65,hard
Email Alerts,limb,0.62,hard
Email Alerts,southeast,0.65,hard
Email Alerts,limb,0.62,hard
Email Alerts,beginning,0.03,easy
Email Alerts,around,0.0,easy
Email Alerts,eruption,0.66,hard
Email Alerts,model,0.15,easy
Email Alerts,well,0.0,easy
Email Alerts,ahead,0.13,easy
Email Alerts,line,0.0,easy
Email Alerts,forecast,0.57,hard
Email Alerts,chance,0.01,easy
Email Alerts,chance,0.01,easy
Email Alerts,event,0.05,easy
Email Alerts,energetic,0.72,hard
Email Alerts,particle,0.71,hard
Email Alerts,summary,0.7,hard
Email Alerts,greater,0.1,easy
Email Alerts,electron,0.71,hard
Email Alerts,flux,0.46,easy
Email Alerts,greater,0.1,easy
Email Alerts,proton,0.76,hard
Email Alerts,flux,0.46,easy
Email Alerts,forecast,0.57,hard
Email Alerts,greater,0.1,easy
Email Alerts,electron,0.71,hard
Email Alerts,greater,0.1,easy
Email Alerts,proton,0.76,hard
Email Alerts,solar,0.73,hard
Email Alerts,wind,0.05,easy
Email Alerts,summary,0.7,hard
Email Alerts,solar,0.73,hard
Email Alerts,wind,0.05,easy
Email Alerts,background,0.04,easy
Email Alerts,total,0.02,easy
Email Alerts,field,0.0,easy
Email Alerts,steady,0.38,easy
Email Alerts,variable,0.54,easy
Email Alerts,solar,0.73,hard
Email Alerts,wind,0.05,easy
Email Alerts,phi,0.74,hard
Email Alerts,predominantly,0.81,hard
Email Alerts,negative,0.29,easy
Email Alerts,forecast,0.57,hard
Email Alerts,mildly,0.67,hard
Email Alerts,enhanced,0.7,hard
Email Alerts,solar,0.73,hard
Email Alerts,wind,0.05,easy
Email Alerts,negative,0.29,easy
Email Alerts,summary,0.7,hard
Email Alerts,geomagnetic,0.84,hard
Email Alerts,field,0.0,easy
Email Alerts,forecast,0.57,hard
Email Alerts,quiet,0.04,easy
Email Alerts,unsettled,0.72,hard
Email Alerts,negative,0.29,easy
Email Alerts,quiet,0.04,easy
Email Alerts,product,0.22,easy
Email Alerts,space,0.0,easy
Email Alerts,weather,0.14,easy
Email Alerts,prediction,0.75,hard
Email Alerts,center,0.03,easy
Email Alerts,solar,0.73,hard
Email Alerts,activity,0.36,easy
Email Alerts,summary,0.7,hard
Email Alerts,solar,0.73,hard
Email Alerts,activity,0.36,easy
Email Alerts,activity,0.36,easy
Email Alerts,notable,0.61,hard
Email Alerts,event,0.05,easy
Email Alerts,signature,0.69,hard
Email Alerts,imagery,0.69,hard
Email Alerts,analysis,0.41,easy
Email Alerts,component,0.65,hard
Email Alerts,rotating,0.77,hard
Email Alerts,onto,0.26,easy
Email Alerts,minor,0.22,easy
Email Alerts,active,0.11,easy
Email Alerts,visible,0.47,easy
Email Alerts,disk,0.42,easy
Email Alerts,forecast,0.57,hard
Email Alerts,chance,0.01,easy
Email Alerts,primarily,0.59,hard
Email Alerts,potential,0.24,easy
Email Alerts,multiple,0.19,easy
Email Alerts,energetic,0.72,hard
Email Alerts,particle,0.71,hard
Email Alerts,summary,0.7,hard
Email Alerts,greater,0.1,easy
Email Alerts,electron,0.71,hard
Email Alerts,flux,0.46,easy
Email Alerts,greater,0.1,easy
Email Alerts,proton,0.76,hard
Email Alerts,flux,0.46,easy
Email Alerts,forecast,0.57,hard
Email Alerts,greater,0.1,easy
Email Alerts,electron,0.71,hard
Email Alerts,high,0.0,easy
Email Alerts,slight,0.38,easy
Email Alerts,chance,0.01,easy
Email Alerts,greater,0.1,easy
Email Alerts,proton,0.76,hard
Email Alerts,solar,0.73,hard
Email Alerts,wind,0.05,easy
Email Alerts,summary,0.7,hard
Email Alerts,solar,0.73,hard
Email Alerts,wind,0.05,easy
Email Alerts,solar,0.73,hard
Email Alerts,wind,0.05,easy
Email Alerts,steadily,0.65,hard
Email Alerts,declined,0.65,hard
Email Alerts,period,0.01,easy
Email Alerts,total,0.02,easy
Email Alerts,magnetic,0.65,hard
Email Alerts,field,0.0,easy
Email Alerts,strength,0.05,easy
Email Alerts,angle,0.19,easy
Email Alerts,negatively,0.79,hard
Email Alerts,forecast,0.57,hard
Email Alerts,solar,0.73,hard
Email Alerts,wind,0.05,easy
Email Alerts,summary,0.7,hard
Email Alerts,geomagnetic,0.84,hard
Email Alerts,field,0.0,easy
Email Alerts,quiet,0.04,easy
Email Alerts,forecast,0.57,hard
Email Alerts,geomagnetic,0.84,hard
Email Alerts,quiet,0.04,easy
Email Alerts,product,0.22,easy
Email Alerts,space,0.0,easy
Email Alerts,weather,0.14,easy
Email Alerts,prediction,0.75,hard
Email Alerts,center,0.03,easy
Email Alerts,solar,0.73,hard
Email Alerts,activity,0.36,easy
Email Alerts,summary,0.7,hard
Email Alerts,solar,0.73,hard
Email Alerts,activity,0.36,easy
Email Alerts,intermediate,0.75,hard
Email Alerts,trek,0.42,easy
Email Alerts,towards,0.19,easy
Email Alerts,western,0.47,easy
Email Alerts,flare,0.43,easy
Email Alerts,respectively,0.63,hard
Email Alerts,trailing,0.73,hard
Email Alerts,spot,0.1,easy
Email Alerts,underwent,0.8,hard
Email Alerts,leading,0.2,easy
Email Alerts,spot,0.1,easy
Email Alerts,rudimentary,0.77,hard
Email Alerts,gamma,0.74,hard
Email Alerts,magnetic,0.65,hard
Email Alerts,intermediate,0.75,hard
Email Alerts,area,0.01,easy
Email Alerts,new,0.0,easy
Email Alerts,noted,0.39,easy
Email Alerts,remain,0.2,easy
Email Alerts,await,0.69,hard
Email Alerts,additional,0.42,easy
Email Alerts,solar,0.73,hard
Email Alerts,observatory,0.82,hard
Email Alerts,stable,0.51,easy
Email Alerts,relatively,0.5,easy
Email Alerts,quiet,0.04,easy
Email Alerts,filament,0.74,hard
Email Alerts,centered,0.68,hard
Email Alerts,unstable,0.66,hard
Email Alerts,go,0.0,easy
Email Alerts,imagery,0.69,hard
Email Alerts,event,0.05,easy
Email Alerts,imagery,0.69,hard
Email Alerts,forecast,0.57,hard
Email Alerts,solar,0.73,hard
Email Alerts,activity,0.36,easy
Email Alerts,likely,0.06,easy
Email Alerts,reach,0.07,easy
Email Alerts,moderate,0.46,easy
Email Alerts,chance,0.01,easy
Email Alerts,isolated,0.57,hard
Email Alerts,activity,0.36,easy
Email Alerts,likely,0.06,easy
Email Alerts,decrease,0.61,hard
Email Alerts,chance,0.01,easy
Email Alerts,beyond,0.05,easy
Email Alerts,western,0.47,easy
Email Alerts,limb,0.62,hard
Email Alerts,energetic,0.72,hard
Email Alerts,summary,0.7,hard
Email Alerts,greater,0.1,easy
Email Alerts,electron,0.71,hard
Email Alerts,flux,0.46,easy
Email Alerts,greater,0.1,easy
Email Alerts,proton,0.76,hard
Email Alerts,flux,0.46,easy
Email Alerts,forecast,0.57,hard
Email Alerts,greater,0.1,easy
Email Alerts,electron,0.71,hard
Email Alerts,greater,0.1,easy
Email Alerts,proton,0.76,hard
Email Alerts,flux,0.46,easy
Email Alerts,primarily,0.59,hard
Email Alerts,flare,0.43,easy
Email Alerts,beyond,0.05,easy
Email Alerts,western,0.47,easy
Email Alerts,limb,0.62,hard
Email Alerts,solar,0.73,hard
Email Alerts,wind,0.05,easy
Email Alerts,summary,0.7,hard
Email Alerts,solar,0.73,hard
Email Alerts,wind,0.05,easy
Email Alerts,environment,0.61,hard
Email Alerts,total,0.02,easy
Email Alerts,field,0.0,easy
Email Alerts,primarily,0.59,hard
Email Alerts,northward,0.72,hard
Email Alerts,approximately,0.67,hard
Email Alerts,sustained,0.67,hard
Email Alerts,southward,0.71,hard
Email Alerts,reaching,0.6,hard
Email Alerts,solar,0.73,hard
Email Alerts,wind,0.05,easy
Email Alerts,phi,0.74,hard
Email Alerts,predominantly,0.81,hard
Email Alerts,negative,0.29,easy
Email Alerts,around,0.0,easy
Email Alerts,disturbed,0.59,hard
Email Alerts,solar,0.73,hard
Email Alerts,wind,0.05,easy
Email Alerts,however,0.0,easy
Email Alerts,chance,0.01,easy
Email Alerts,glancing,0.76,hard
Email Alerts,faint,0.51,easy
Email Alerts,left,0.0,easy
Email Alerts,outcome,0.64,hard
Email Alerts,summary,0.7,hard
Email Alerts,geomagnetic,0.84,hard
Email Alerts,field,0.0,easy
Email Alerts,geomagnetic,0.84,hard
Email Alerts,storming,0.78,hard
Email Alerts,geomagnetic,0.84,hard
Email Alerts,negative,0.29,easy
Email Alerts,effect,0.0,easy
Email Alerts,isolated,0.57,hard
Email Alerts,active,0.11,easy
Email Alerts,effect,0.0,easy
Email Alerts,continue,0.08,easy
Email Alerts,along,0.0,easy
Email Alerts,product,0.22,easy
Email Alerts,space,0.0,easy
Email Alerts,weather,0.14,easy
Email Alerts,prediction,0.75,hard
Email Alerts,center,0.03,easy
Email Alerts,solar,0.73,hard
Email Alerts,activity,0.36,easy
Email Alerts,summary,0.7,hard
Email Alerts,solar,0.73,hard
Email Alerts,activity,0.36,easy
Email Alerts,moderate,0.46,easy
Email Alerts,region,0.45,easy
Email Alerts,intermediate,0.75,hard
Email Alerts,trailing,0.73,hard
Email Alerts,slight,0.38,easy
Email Alerts,growth,0.02,easy
Email Alerts,flux,0.46,easy
Email Alerts,yet,0.0,easy
Email Alerts,region,0.45,easy
Email Alerts,forecast,0.57,hard
Email Alerts,chance,0.01,easy
Email Alerts,energetic,0.72,hard
Email Alerts,particle,0.71,hard
Email Alerts,summary,0.7,hard
Email Alerts,greater,0.1,easy
Email Alerts,electron,0.71,hard
Email Alerts,flux,0.46,easy
Email Alerts,greater,0.1,easy
Email Alerts,proton,0.76,hard
Email Alerts,flux,0.46,easy
Email Alerts,forecast,0.57,hard
Email Alerts,greater,0.1,easy
Email Alerts,electron,0.71,hard
Email Alerts,slight,0.38,easy
Email Alerts,chance,0.01,easy
Email Alerts,greater,0.1,easy
Email Alerts,proton,0.76,hard
Email Alerts,solar,0.73,hard
Email Alerts,wind,0.05,easy
Email Alerts,summary,0.7,hard
Email Alerts,solar,0.73,hard
Email Alerts,wind,0.05,easy
Email Alerts,near,0.01,easy
Email Alerts,nominal,0.64,hard
Email Alerts,solar,0.73,hard
Email Alerts,wind,0.05,easy
Email Alerts,gradually,0.66,hard
Email Alerts,declined,0.65,hard
Email Alerts,period,0.01,easy
Email Alerts,total,0.02,easy
Email Alerts,field,0.0,easy
Email Alerts,ranged,0.71,hard
Email Alerts,briefly,0.54,easy
Email Alerts,phi,0.74,hard
Email Alerts,angle,0.19,easy
Email Alerts,mostly,0.22,easy
Email Alerts,negative,0.29,easy
Email Alerts,solar,0.73,hard
Email Alerts,wind,0.05,easy
Email Alerts,left,0.0,easy
Email Alerts,summary,0.7,hard
Email Alerts,geomagnetic,0.84,hard
Email Alerts,field,0.0,easy
Email Alerts,quiet,0.04,easy
Email Alerts,forecast,0.57,hard
Email Alerts,minor,0.22,easy
Email Alerts,storming,0.78,hard
Email Alerts,left,0.0,easy
Email Alerts,effect,0.0,easy
Email Alerts,wane,0.68,hard
Email Alerts,mostly,0.22,easy
Email Alerts,quiet,0.04,easy
Email Alerts,product,0.22,easy
Email Alerts,space,0.0,easy
Email Alerts,weather,0.14,easy
Email Alerts,prediction,0.75,hard
Email Alerts,center,0.03,easy
Email Alerts,solar,0.73,hard
Email Alerts,activity,0.36,easy
Email Alerts,summary,0.7,hard
Email Alerts,solar,0.73,hard
Email Alerts,activity,0.36,easy
Email Alerts,several,0.0,easy
Email Alerts,period,0.01,easy
Email Alerts,flare,0.43,easy
Email Alerts,associated,0.64,hard
Email Alerts,sweep,0.39,easy
Email Alerts,region,0.45,easy
Email Alerts,produced,0.28,easy
Email Alerts,several,0.0,easy
Email Alerts,rapid,0.51,easy
Email Alerts,intermediate,0.75,hard
Email Alerts,trailer,0.47,easy
Email Alerts,active,0.11,easy
Email Alerts,visible,0.47,easy
Email Alerts,disk,0.42,easy
Email Alerts,either,0.0,easy
Email Alerts,gradual,0.71,hard
Email Alerts,decay,0.58,hard
Email Alerts,activity,0.36,easy
Email Alerts,sweep,0.39,easy
Email Alerts,likely,0.06,easy
Email Alerts,associated,0.64,hard
Email Alerts,imagery,0.69,hard
Email Alerts,far,0.0,easy
Email Alerts,side,0.0,easy
Email Alerts,forecast,0.57,hard
Email Alerts,solar,0.73,hard
Email Alerts,minor,0.22,easy
Email Alerts,radio,0.22,easy
Email Alerts,chance,0.01,easy
Email Alerts,isolated,0.57,hard
Email Alerts,remains,0.19,easy
Email Alerts,active,0.11,easy
Email Alerts,energetic,0.72,hard
Email Alerts,particle,0.71,hard
Email Alerts,summary,0.7,hard
Email Alerts,greater,0.1,easy
Email Alerts,electron,0.71,hard
Email Alerts,flux,0.46,easy
Email Alerts,high,0.0,easy
Email Alerts,greater,0.1,easy
Email Alerts,proton,0.76,hard
Email Alerts,flux,0.46,easy
Email Alerts,forecast,0.57,hard
Email Alerts,electron,0.71,hard
Email Alerts,high,0.0,easy
Email Alerts,positive,0.23,easy
Email Alerts,polarity,0.79,hard
Email Alerts,coronal,0.76,hard
Email Alerts,hole,0.1,easy
Email Alerts,high,0.0,easy
Email Alerts,speed,0.15,easy
Email Alerts,influence,0.13,easy
Email Alerts,yet,0.0,easy
Email Alerts,greater,0.1,easy
Email Alerts,proton,0.76,hard
Email Alerts,solar,0.73,hard
Email Alerts,wind,0.05,easy
Email Alerts,summary,0.7,hard
Email Alerts,solar,0.73,hard
Email Alerts,wind,0.05,easy
Email Alerts,environment,0.61,hard
Email Alerts,continued,0.3,easy
Email Alerts,positive,0.23,easy
Email Alerts,total,0.02,easy
Email Alerts,magnetic,0.65,hard
Email Alerts,field,0.0,easy
Email Alerts,strength,0.05,easy
Email Alerts,first,0.0,easy
Email Alerts,period,0.01,easy
Email Alerts,variable,0.54,easy
Email Alerts,approximately,0.67,hard
Email Alerts,mostly,0.22,easy
Email Alerts,north,0.14,easy
Email Alerts,solar,0.73,hard
Email Alerts,wind,0.05,easy
Email Alerts,ace,0.48,easy
Email Alerts,period,0.01,easy
Email Alerts,slowly,0.2,easy
Email Alerts,declined,0.65,hard
Email Alerts,phi,0.74,hard
Email Alerts,angle,0.19,easy
Email Alerts,predominantly,0.81,hard
Email Alerts,positive,0.23,easy
Email Alerts,sector,0.55,hard
Email Alerts,position,0.0,easy
Email Alerts,forecast,0.57,hard
Email Alerts,solar,0.73,hard
Email Alerts,wind,0.05,easy
Email Alerts,persistent,0.66,hard
Email Alerts,yet,0.0,easy
Email Alerts,waning,0.74,hard
Email Alerts,positive,0.23,easy
Email Alerts,polarity,0.79,hard
Email Alerts,coronal,0.76,hard
Email Alerts,hole,0.1,easy
Email Alerts,influence,0.13,easy
Email Alerts,coupled,0.69,hard
Email Alerts,possible,0.0,easy
Email Alerts,interaction,0.69,hard
Email Alerts,background,0.04,easy
Email Alerts,diminish,0.75,hard
Email Alerts,summary,0.7,hard
Email Alerts,geomagnetic,0.84,hard
Email Alerts,field,0.0,easy
Email Alerts,forecast,0.57,hard
Email Alerts,geomagnetic,0.84,hard
Email Alerts,active,0.11,easy
Email Alerts,chance,0.01,easy
Email Alerts,storm,0.38,easy
Email Alerts,positive,0.23,easy
Email Alerts,influence,0.13,easy
Email Alerts,active,0.11,easy
Email Alerts,possible,0.0,easy
Email Alerts,near,0.01,easy
Email Alerts,subside,0.71,hard
Email Alerts,product,0.22,easy
Email Alerts,space,0.0,easy
Email Alerts,weather,0.14,easy
Email Alerts,prediction,0.75,hard
Email Alerts,center,0.03,easy
Email Alerts,solar,0.73,hard
Email Alerts,activity,0.36,easy
Email Alerts,summary,0.7,hard
Email Alerts,solar,0.73,hard
Email Alerts,activity,0.36,easy
Email Alerts,associated,0.64,hard
Email Alerts,flare,0.43,easy
Email Alerts,sweep,0.39,easy
Email Alerts,region,0.45,easy
Email Alerts,flare,0.43,easy
Email Alerts,slight,0.38,easy
Email Alerts,decay,0.58,hard
Email Alerts,intermediate,0.75,hard
Email Alerts,slight,0.38,easy
Email Alerts,growth,0.02,easy
Email Alerts,minor,0.22,easy
Email Alerts,spotted,0.71,hard
Email Alerts,directly,0.18,easy
Email Alerts,mostly,0.22,easy
Email Alerts,imagery,0.69,hard
Email Alerts,associated,0.64,hard
Email Alerts,flare,0.43,easy
Email Alerts,region,0.45,easy
Email Alerts,glancing,0.76,hard
Email Alerts,blow,0.02,easy
Email Alerts,forecast,0.57,hard
Email Alerts,chance,0.01,easy
Email Alerts,energetic,0.72,hard
Email Alerts,summary,0.7,hard
Email Alerts,greater,0.1,easy
Email Alerts,electron,0.71,hard
Email Alerts,flux,0.46,easy
Email Alerts,greater,0.1,easy
Email Alerts,proton,0.76,hard
Email Alerts,flux,0.46,easy
Email Alerts,forecast,0.57,hard
Email Alerts,greater,0.1,easy
Email Alerts,electron,0.71,hard
Email Alerts,high,0.0,easy
Email Alerts,slight,0.38,easy
Email Alerts,chance,0.01,easy
Email Alerts,greater,0.1,easy
Email Alerts,proton,0.76,hard
Email Alerts,solar,0.73,hard
Email Alerts,wind,0.05,easy
Email Alerts,summary,0.7,hard
Email Alerts,solar,0.73,hard
Email Alerts,wind,0.05,easy
Email Alerts,speed,0.15,easy
Email Alerts,approximately,0.67,hard
Email Alerts,influence,0.13,easy
Email Alerts,waned,0.75,hard
Email Alerts,total,0.02,easy
Email Alerts,field,0.0,easy
Email Alerts,ranged,0.71,hard
Email Alerts,angle,0.19,easy
Email Alerts,predominantly,0.81,hard
Email Alerts,negative,0.29,easy
Email Alerts,variable,0.54,easy
Email Alerts,positive,0.23,easy
Email Alerts,negative,0.29,easy
Email Alerts,influence,0.13,easy
Email Alerts,around,0.0,easy
Email Alerts,blow,0.02,easy
Email Alerts,solar,0.73,hard
Email Alerts,wind,0.05,easy
Email Alerts,summary,0.7,hard
Email Alerts,geomagnetic,0.84,hard
Email Alerts,field,0.0,easy
Email Alerts,forecast,0.57,hard
Email Alerts,quiet,0.04,easy
Email Alerts,influence,0.13,easy
Email Alerts,storm,0.38,easy
Email Alerts,glancing,0.76,hard
Email Alerts,blow,0.02,easy
Email Alerts,product,0.22,easy
Email Alerts,space,0.0,easy
Email Alerts,weather,0.14,easy
Email Alerts,prediction,0.75,hard
Email Alerts,center,0.03,easy
Email Alerts,solar,0.73,hard
Email Alerts,activity,0.36,easy
Email Alerts,summary,0.7,hard
Email Alerts,solar,0.73,hard
Email Alerts,activity,0.36,easy
Email Alerts,high,0.0,easy
Email Alerts,flare,0.43,easy
Email Alerts,associated,0.64,hard
Email Alerts,flare,0.43,easy
Email Alerts,sweep,0.39,easy
Email Alerts,minor,0.22,easy
Email Alerts,among,0.0,easy
Email Alerts,active,0.11,easy
Email Alerts,visible,0.47,easy
Email Alerts,associated,0.64,hard
Email Alerts,first,0.0,easy
Email Alerts,analysis,0.41,easy
Email Alerts,event,0.05,easy
Email Alerts,ejecta,0.78,hard
Email Alerts,pas,0.89,hard
Email Alerts,behind,0.0,easy
Email Alerts,earth,0.0,easy
Email Alerts,influence,0.13,easy
Email Alerts,periphery,0.77,hard
Email Alerts,forecast,0.57,hard
Email Alerts,solar,0.73,hard
Email Alerts,minor,0.22,easy
Email Alerts,radio,0.22,easy
Email Alerts,chance,0.01,easy
Email Alerts,isolated,0.57,hard
Email Alerts,primarily,0.59,hard
Email Alerts,region,0.45,easy
Email Alerts,energetic,0.72,hard
Email Alerts,particle,0.71,hard
Email Alerts,summary,0.7,hard
Email Alerts,greater,0.1,easy
Email Alerts,electron,0.71,hard
Email Alerts,flux,0.46,easy
Email Alerts,greater,0.1,easy
Email Alerts,proton,0.76,hard
Email Alerts,flux,0.46,easy
Email Alerts,forecast,0.57,hard
Email Alerts,greater,0.1,easy
Email Alerts,electron,0.71,hard
Email Alerts,polarity,0.79,hard
Email Alerts,coronal,0.76,hard
Email Alerts,hole,0.1,easy
Email Alerts,high,0.0,easy
Email Alerts,speed,0.15,easy
Email Alerts,stream,0.37,easy
Email Alerts,likely,0.06,easy
Email Alerts,increase,0.01,easy
Email Alerts,electron,0.71,hard
Email Alerts,high,0.0,easy
Email Alerts,greater,0.1,easy
Email Alerts,proton,0.76,hard
Email Alerts,solar,0.73,hard
Email Alerts,wind,0.05,easy
Email Alerts,summary,0.7,hard
Email Alerts,solar,0.73,hard
Email Alerts,wind,0.05,easy
Email Alerts,environment,0.61,hard
Email Alerts,positive,0.23,easy
Email Alerts,past,0.0,easy
Email Alerts,total,0.02,easy
Email Alerts,magnetic,0.65,hard
Email Alerts,field,0.0,easy
Email Alerts,strength,0.05,easy
Email Alerts,elevated,0.72,hard
Email Alerts,peak,0.38,easy
Email Alerts,solar,0.73,hard
Email Alerts,wind,0.05,easy
Email Alerts,steadily,0.65,hard
Email Alerts,period,0.01,easy
Email Alerts,phi,0.74,hard
Email Alerts,angle,0.19,easy
Email Alerts,positive,0.23,easy
Email Alerts,forecast,0.57,hard
Email Alerts,solar,0.73,hard
Email Alerts,wind,0.05,easy
Email Alerts,positive,0.23,easy
Email Alerts,polarity,0.79,hard
Email Alerts,coronal,0.76,hard
Email Alerts,hole,0.1,easy
Email Alerts,influence,0.13,easy
Email Alerts,summary,0.7,hard
Email Alerts,geomagnetic,0.84,hard
Email Alerts,field,0.0,easy
Email Alerts,forecast,0.57,hard
Email Alerts,geomagnetic,0.84,hard
Email Alerts,positive,0.23,easy
Email Alerts,influence,0.13,easy
Email Alerts,active,0.11,easy
Email Alerts,likely,0.06,easy
Email Alerts,unsettled,0.72,hard
Email Alerts,wane,0.68,hard
Email Alerts,product,0.22,easy
Email Alerts,space,0.0,easy
Email Alerts,weather,0.14,easy
Email Alerts,prediction,0.75,hard
Email Alerts,center,0.03,easy
Email Alerts,solar,0.73,hard
Email Alerts,activity,0.36,easy
Email Alerts,summary,0.7,hard
Email Alerts,solar,0.73,hard
Email Alerts,flare,0.43,easy
Email Alerts,activity,0.36,easy
Email Alerts,likely,0.06,easy
Email Alerts,old,0.0,easy
Email Alerts,beyond,0.05,easy
Email Alerts,eta,0.74,hard
Email Alerts,produced,0.28,easy
Email Alerts,disk,0.42,easy
Email Alerts,stable,0.51,easy
Email Alerts,showing,0.12,easy
Email Alerts,separation,0.61,hard
Email Alerts,leader,0.35,easy
Email Alerts,trailer,0.47,easy
Email Alerts,decay,0.58,hard
Email Alerts,coronagraph,0.82,hard
Email Alerts,imagery,0.69,hard
Email Alerts,radio,0.22,easy
Email Alerts,likely,0.06,easy
Email Alerts,chance,0.01,easy
Email Alerts,magnetic,0.65,hard
Email Alerts,complexity,0.6,hard
Email Alerts,persistent,0.66,hard
Email Alerts,energetic,0.72,hard
Email Alerts,summary,0.7,hard
Email Alerts,greater,0.1,easy
Email Alerts,electron,0.71,hard
Email Alerts,flux,0.46,easy
Email Alerts,high,0.0,easy
Email Alerts,flux,0.46,easy
Email Alerts,greater,0.1,easy
Email Alerts,proton,0.76,hard
Email Alerts,flux,0.46,easy
Email Alerts,towards,0.19,easy
Email Alerts,background,0.04,easy
Email Alerts,minor,0.22,easy
Email Alerts,solar,0.73,hard
Email Alerts,radiation,0.47,easy
Email Alerts,storm,0.38,easy
Email Alerts,forecast,0.57,hard
Email Alerts,greater,0.1,easy
Email Alerts,electron,0.71,hard
Email Alerts,greater,0.1,easy
Email Alerts,proton,0.76,hard
Email Alerts,flux,0.46,easy
Email Alerts,towards,0.19,easy
Email Alerts,background,0.04,easy
Email Alerts,chance,0.01,easy
Email Alerts,solar,0.73,hard
Email Alerts,radiation,0.47,easy
Email Alerts,storming,0.78,hard
Email Alerts,persist,0.69,hard
Email Alerts,transit,0.59,hard
Email Alerts,exit,0.48,easy
Email Alerts,western,0.47,easy
Email Alerts,limb,0.62,hard
Email Alerts,solar,0.73,hard
Email Alerts,wind,0.05,easy
Email Alerts,solar,0.73,hard
Email Alerts,wind,0.05,easy
Email Alerts,environment,0.61,hard
Email Alerts,continued,0.3,easy
Email Alerts,polarity,0.79,hard
Email Alerts,coronal,0.76,hard
Email Alerts,western,0.47,easy
Email Alerts,hemisphere,0.68,hard
Email Alerts,total,0.02,easy
Email Alerts,field,0.0,easy
Email Alerts,phi,0.74,hard
Email Alerts,angle,0.19,easy
Email Alerts,positive,0.23,easy
Email Alerts,away,0.0,easy
Email Alerts,sun,0.09,easy
Email Alerts,orientation,0.68,hard
Email Alerts,throughout,0.05,easy
Email Alerts,period,0.01,easy
Email Alerts,wind,0.05,easy
Email Alerts,speed,0.15,easy
Email Alerts,briefly,0.54,easy
Email Alerts,near,0.01,easy
Email Alerts,forecast,0.57,hard
Email Alerts,enhanced,0.7,hard
Email Alerts,solar,0.73,hard
Email Alerts,wind,0.05,easy
Email Alerts,environment,0.61,hard
Email Alerts,persist,0.69,hard
Email Alerts,gradual,0.71,hard
Email Alerts,weakening,0.72,hard
Email Alerts,towards,0.19,easy
Email Alerts,ambient,0.79,hard
Email Alerts,slight,0.38,easy
Email Alerts,chance,0.01,easy
Email Alerts,blow,0.02,easy
Email Alerts,left,0.0,easy
Email Alerts,arrival,0.61,hard
Email Alerts,field,0.0,easy
Email Alerts,period,0.01,easy
Email Alerts,arrive,0.6,hard
Email Alerts,summary,0.7,hard
Email Alerts,geomagnetic,0.84,hard
Email Alerts,field,0.0,easy
Email Alerts,forecast,0.57,hard
Email Alerts,continue,0.08,easy
Email Alerts,positive,0.23,easy
Email Alerts,mostly,0.22,easy
Email Alerts,quiet,0.04,easy
Email Alerts,thereafter,0.7,hard
Email Alerts,product,0.22,easy
Email Alerts,space,0.0,easy
Email Alerts,weather,0.14,easy
Email Alerts,prediction,0.75,hard
Email Alerts,center,0.03,easy
Email Alerts,solar,0.73,hard
Email Alerts,activity,0.36,easy
Email Alerts,summary,0.7,hard
Email Alerts,solar,0.73,hard
Email Alerts,activity,0.36,easy
Email Alerts,low,0.0,easy
Email Alerts,flare,0.43,easy
Email Alerts,activity,0.36,easy
Email Alerts,new,0.0,easy
Email Alerts,grown,0.42,easy
Email Alerts,quickly,0.1,easy
Email Alerts,magnetic,0.65,hard
Email Alerts,region,0.45,easy
Email Alerts,produced,0.28,easy
Email Alerts,extent,0.3,easy
Email Alerts,new,0.0,easy
Email Alerts,rotated,0.78,hard
Email Alerts,northeast,0.65,hard
Email Alerts,limb,0.62,hard
Email Alerts,coronagraph,0.82,hard
Email Alerts,imagery,0.69,hard
Email Alerts,forecast,0.57,hard
Email Alerts,chance,0.01,easy
Email Alerts,radio,0.22,easy
Email Alerts,chance,0.01,easy
Email Alerts,radio,0.22,easy
Email Alerts,growth,0.02,easy
Email Alerts,magnetic,0.65,hard
Email Alerts,complexity,0.6,hard
Email Alerts,energetic,0.72,hard
Email Alerts,particle,0.71,hard
Email Alerts,summary,0.7,hard
Email Alerts,greater,0.1,easy
Email Alerts,electron,0.71,hard
Email Alerts,flux,0.46,easy
Email Alerts,greater,0.1,easy
Email Alerts,proton,0.76,hard
Email Alerts,flux,0.46,easy
Email Alerts,forecast,0.57,hard
Email Alerts,greater,0.1,easy
Email Alerts,electron,0.71,hard
Email Alerts,greater,0.1,easy
Email Alerts,proton,0.76,hard
Email Alerts,solar,0.73,hard
Email Alerts,wind,0.05,easy
Email Alerts,summary,0.7,hard
Email Alerts,solar,0.73,hard
Email Alerts,wind,0.05,easy
Email Alerts,slightly,0.1,easy
Email Alerts,enhanced,0.7,hard
Email Alerts,period,0.01,easy
Email Alerts,total,0.02,easy
Email Alerts,field,0.0,easy
Email Alerts,varied,0.59,hard
Email Alerts,varied,0.59,hard
Email Alerts,several,0.0,easy
Email Alerts,orientation,0.68,hard
Email Alerts,solar,0.73,hard
Email Alerts,wind,0.05,easy
Email Alerts,speed,0.15,easy
Email Alerts,phi,0.74,hard
Email Alerts,predominantly,0.81,hard
Email Alerts,negative,0.29,easy
Email Alerts,throughout,0.05,easy
Email Alerts,period,0.01,easy
Email Alerts,forecast,0.57,hard
Email Alerts,mildly,0.67,hard
Email Alerts,enhanced,0.7,hard
Email Alerts,solar,0.73,hard
Email Alerts,wind,0.05,easy
Email Alerts,influence,0.13,easy
Email Alerts,negative,0.29,easy
Email Alerts,solar,0.73,hard
Email Alerts,wind,0.05,easy
Email Alerts,summary,0.7,hard
Email Alerts,geomagnetic,0.84,hard
Email Alerts,field,0.0,easy
Email Alerts,influence,0.13,easy
Email Alerts,forecast,0.57,hard
Email Alerts,quiet,0.04,easy
Email Alerts,isolated,0.57,hard
Email Alerts,unsettled,0.72,hard
Email Alerts,influence,0.13,easy
Email Alerts,negative,0.29,easy
Email Alerts,mostly,0.22,easy
Email Alerts,unsettled,0.72,hard
Email Alerts,chance,0.01,easy
Email Alerts,isolated,0.57,hard
Email Alerts,active,0.11,easy
Email Alerts,product,0.22,easy
Email Alerts,space,0.0,easy
Email Alerts,weather,0.14,easy
Email Alerts,prediction,0.75,hard
Email Alerts,center,0.03,easy
Email Alerts,solar,0.73,hard
Email Alerts,activity,0.36,easy
Email Alerts,summary,0.7,hard
Email Alerts,solar,0.73,hard
Email Alerts,activity,0.36,easy
Email Alerts,low,0.0,easy
Email Alerts,flare,0.43,easy
Email Alerts,activity,0.36,easy
Email Alerts,new,0.0,easy
Email Alerts,period,0.01,easy
Email Alerts,data,0.13,easy
Email Alerts,forecast,0.57,hard
Email Alerts,chance,0.01,easy
Email Alerts,chance,0.01,easy
Email Alerts,event,0.05,easy
Email Alerts,energetic,0.72,hard
Email Alerts,particle,0.71,hard
Email Alerts,summary,0.7,hard
Email Alerts,greater,0.1,easy
Email Alerts,electron,0.71,hard
Email Alerts,flux,0.46,easy
Email Alerts,greater,0.1,easy
Email Alerts,proton,0.76,hard
Email Alerts,flux,0.46,easy
Email Alerts,forecast,0.57,hard
Email Alerts,greater,0.1,easy
Email Alerts,electron,0.71,hard
Email Alerts,greater,0.1,easy
Email Alerts,proton,0.76,hard
Email Alerts,solar,0.73,hard
Email Alerts,wind,0.05,easy
Email Alerts,summary,0.7,hard
Email Alerts,solar,0.73,hard
Email Alerts,wind,0.05,easy
Email Alerts,slightly,0.1,easy
Email Alerts,enhanced,0.7,hard
Email Alerts,waned,0.75,hard
Email Alerts,total,0.02,easy
Email Alerts,field,0.0,easy
Email Alerts,strength,0.05,easy
Email Alerts,varied,0.59,hard
Email Alerts,solar,0.73,hard
Email Alerts,wind,0.05,easy
Email Alerts,near,0.01,easy
Email Alerts,forecast,0.57,hard
Email Alerts,mildly,0.67,hard
Email Alerts,enhanced,0.7,hard
Email Alerts,solar,0.73,hard
Email Alerts,wind,0.05,easy
Email Alerts,negative,0.29,easy
Email Alerts,summary,0.7,hard
Email Alerts,geomagnetic,0.84,hard
Email Alerts,field,0.0,easy
Email Alerts,quiet,0.04,easy
Email Alerts,forecast,0.57,hard
Email Alerts,quiet,0.04,easy
Email Alerts,unsettled,0.72,hard
Email Alerts,negative,0.29,easy
Email Alerts,likely,0.06,easy
Email Alerts,product,0.22,easy
Email Alerts,space,0.0,easy
Email Alerts,weather,0.14,easy
Email Alerts,prediction,0.75,hard
Email Alerts,center,0.03,easy
Email Alerts,solar,0.73,hard
Email Alerts,activity,0.36,easy
Email Alerts,summary,0.7,hard
Email Alerts,solar,0.73,hard
Email Alerts,activity,0.36,easy
Email Alerts,active,0.11,easy
Email Alerts,around,0.0,easy
Email Alerts,visible,0.47,easy
Email Alerts,disk,0.42,easy
Email Alerts,minor,0.22,easy
Email Alerts,mostly,0.22,easy
Email Alerts,decay,0.58,hard
Email Alerts,either,0.0,easy
Email Alerts,activity,0.36,easy
Email Alerts,activity,0.36,easy
Email Alerts,eruption,0.66,hard
Email Alerts,around,0.0,easy
Email Alerts,additional,0.42,easy
Email Alerts,around,0.0,easy
Email Alerts,following,0.03,easy
Email Alerts,first,0.0,easy
Email Alerts,eruption,0.66,hard
Email Alerts,component,0.65,hard
Email Alerts,imagery,0.69,hard
Email Alerts,following,0.03,easy
Email Alerts,second,0.0,easy
Email Alerts,eruption,0.66,hard
Email Alerts,forecast,0.57,hard
Email Alerts,decreasing,0.75,hard
Email Alerts,chance,0.01,easy
Email Alerts,active,0.11,easy
Email Alerts,spot,0.1,easy
Email Alerts,rotate,0.67,hard
Email Alerts,beyond,0.05,easy
Email Alerts,west,0.1,easy
Email Alerts,limb,0.62,hard
Email Alerts,next,0.0,easy
Email Alerts,day,0.0,easy
Email Alerts,energetic,0.72,hard
Email Alerts,particle,0.71,hard
Email Alerts,summary,0.7,hard
Email Alerts,greater,0.1,easy
Email Alerts,electron,0.71,hard
Email Alerts,flux,0.46,easy
Email Alerts,greater,0.1,easy
Email Alerts,proton,0.76,hard
Email Alerts,flux,0.46,easy
Email Alerts,forecast,0.57,hard
Email Alerts,greater,0.1,easy
Email Alerts,electron,0.71,hard
Email Alerts,high,0.0,easy
Email Alerts,greater,0.1,easy
Email Alerts,proton,0.76,hard
Email Alerts,solar,0.73,hard
Email Alerts,wind,0.05,easy
Email Alerts,summary,0.7,hard
Email Alerts,solar,0.73,hard
Email Alerts,wind,0.05,easy
Email Alerts,total,0.02,easy
Email Alerts,magnetic,0.65,hard
Email Alerts,field,0.0,easy
Email Alerts,near,0.01,easy
Email Alerts,solar,0.73,hard
Email Alerts,wind,0.05,easy
Email Alerts,low,0.0,easy
Email Alerts,peak,0.38,easy
Email Alerts,around,0.0,easy
Email Alerts,phi,0.74,hard
Email Alerts,angle,0.19,easy
Email Alerts,predominantly,0.81,hard
Email Alerts,forecast,0.57,hard
Email Alerts,solar,0.73,hard
Email Alerts,wind,0.05,easy
Email Alerts,near,0.01,easy
Email Alerts,nominal,0.64,hard
Email Alerts,filament,0.74,hard
Email Alerts,solar,0.73,hard
Email Alerts,wind,0.05,easy
Email Alerts,environment,0.61,hard
Email Alerts,summary,0.7,hard
Email Alerts,geomagnetic,0.84,hard
Email Alerts,field,0.0,easy
Email Alerts,quiet,0.04,easy
Email Alerts,forecast,0.57,hard
Email Alerts,geomagnetic,0.84,hard
Email Alerts,quiet,0.04,easy
Email Alerts,active,0.11,easy
Email Alerts,filament,0.74,hard
Email Alerts,close,0.0,easy
Email Alerts,product,0.22,easy
Email Alerts,space,0.0,easy
Email Alerts,weather,0.14,easy
Email Alerts,prediction,0.75,hard
Email Alerts,center,0.03,easy
Email Alerts,solar,0.73,hard
Email Alerts,activity,0.36,easy
Email Alerts,summary,0.7,hard
Email Alerts,solar,0.73,hard
Email Alerts,activity,0.36,easy
Email Alerts,high,0.0,easy
Email Alerts,throughout,0.05,easy
Email Alerts,period,0.01,easy
Email Alerts,flare,0.43,easy
Email Alerts,region,0.45,easy
Email Alerts,responsible,0.18,easy
Email Alerts,flare,0.43,easy
Email Alerts,activity,0.36,easy
Email Alerts,throughout,0.05,easy
Email Alerts,period,0.01,easy
Email Alerts,flare,0.43,easy
Email Alerts,region,0.45,easy
Email Alerts,shearing,0.76,hard
Email Alerts,cluster,0.7,hard
Email Alerts,eruption,0.66,hard
Email Alerts,around,0.0,easy
Email Alerts,centered,0.68,hard
Email Alerts,thin,0.03,easy
Email Alerts,imagery,0.69,hard
Email Alerts,around,0.0,easy
Email Alerts,far,0.0,easy
Email Alerts,forecast,0.57,hard
Email Alerts,solar,0.73,hard
Email Alerts,moderate,0.46,easy
Email Alerts,radio,0.22,easy
Email Alerts,chance,0.01,easy
Email Alerts,isolated,0.57,hard
Email Alerts,complex,0.02,easy
Email Alerts,northern,0.62,hard
Email Alerts,hemisphere,0.68,hard
Email Alerts,energetic,0.72,hard
Email Alerts,particle,0.71,hard
Email Alerts,summary,0.7,hard
Email Alerts,greater,0.1,easy
Email Alerts,orbit,0.63,hard
Email Alerts,associated,0.64,hard
Email Alerts,high,0.0,easy
Email Alerts,speed,0.15,easy
Email Alerts,stream,0.37,easy
Email Alerts,diurnal,0.76,hard
Email Alerts,maximum,0.47,easy
Email Alerts,throughout,0.05,easy
Email Alerts,period,0.01,easy
Email Alerts,greater,0.1,easy
Email Alerts,proton,0.76,hard
Email Alerts,flux,0.46,easy
Email Alerts,forecast,0.57,hard
Email Alerts,greater,0.1,easy
Email Alerts,electron,0.71,hard
Email Alerts,greater,0.1,easy
Email Alerts,proton,0.76,hard
Email Alerts,magnetically,0.82,hard
Email Alerts,complex,0.02,easy
Email Alerts,moving,0.08,easy
Email Alerts,western,0.47,easy
Email Alerts,hemisphere,0.68,hard
Email Alerts,solar,0.73,hard
Email Alerts,wind,0.05,easy
Email Alerts,summary,0.7,hard
Email Alerts,coronal,0.76,hard
Email Alerts,hole,0.1,easy
Email Alerts,high,0.0,easy
Email Alerts,speed,0.15,easy
Email Alerts,stream,0.37,easy
Email Alerts,time,0.0,easy
Email Alerts,sheath,0.69,hard
Email Alerts,likely,0.06,easy
Email Alerts,left,0.0,easy
Email Alerts,sun,0.09,easy
Email Alerts,around,0.0,easy
Email Alerts,likely,0.06,easy
Email Alerts,tail,0.19,easy
Email Alerts,high,0.0,easy
Email Alerts,speed,0.15,easy
Email Alerts,stream,0.37,easy
Email Alerts,come,0.0,easy
Email Alerts,back,0.0,easy
Email Alerts,total,0.02,easy
Email Alerts,field,0.0,easy
Email Alerts,northward,0.72,hard
Email Alerts,direction,0.01,easy
Email Alerts,solar,0.73,hard
Email Alerts,wind,0.05,easy
Email Alerts,period,0.01,easy
Email Alerts,phi,0.74,hard
Email Alerts,angle,0.19,easy
Email Alerts,positive,0.23,easy
Email Alerts,away,0.0,easy
Email Alerts,sun,0.09,easy
Email Alerts,orientation,0.68,hard
Email Alerts,forecast,0.57,hard
Email Alerts,waning,0.74,hard
Email Alerts,coronal,0.76,hard
Email Alerts,hole,0.1,easy
Email Alerts,high,0.0,easy
Email Alerts,speed,0.15,easy
Email Alerts,stream,0.37,easy
Email Alerts,nominal,0.64,hard
Email Alerts,summary,0.7,hard
Email Alerts,geomagnetic,0.84,hard
Email Alerts,field,0.0,easy
Email Alerts,forecast,0.57,hard
Email Alerts,geomagnetic,0.84,hard
Email Alerts,field,0.0,easy
Email Alerts,see,0.0,easy
Email Alerts,another,0.0,easy
Email Alerts,isolated,0.57,hard
Email Alerts,wane,0.68,hard
Email Alerts,product,0.22,easy
Email Alerts,space,0.0,easy
Email Alerts,weather,0.14,easy
Email Alerts,prediction,0.75,hard
Email Alerts,center,0.03,easy
Email Alerts,product,0.22,easy
Email Alerts,forecast,0.57,hard
Email Alerts,discussion,0.2,easy
Email Alerts,space,0.0,easy
Email Alerts,weather,0.14,easy
Email Alerts,prediction,0.75,hard
Email Alerts,center,0.03,easy
Email Alerts,summary,0.7,hard
Email Alerts,solar,0.73,hard
Email Alerts,activity,0.36,easy
Email Alerts,high,0.0,easy
Email Alerts,period,0.01,easy
Email Alerts,intermediate,0.75,hard
Email Alerts,period,0.01,easy
Email Alerts,extent,0.3,easy
Email Alerts,period,0.01,easy
Email Alerts,otherwise,0.25,easy
Email Alerts,westerly,0.72,hard
Email Alerts,associated,0.64,hard
Email Alerts,imagery,0.69,hard
Email Alerts,however,0.0,easy
Email Alerts,component,0.65,hard
Email Alerts,forecast,0.57,hard
Email Alerts,solar,0.73,hard
Email Alerts,moderate,0.46,easy
Email Alerts,isolated,0.57,hard
Email Alerts,complex,0.02,easy
Email Alerts,energetic,0.72,hard
Email Alerts,particle,0.71,hard
Email Alerts,summary,0.7,hard
Email Alerts,greater,0.1,easy
Email Alerts,electron,0.71,hard
Email Alerts,flux,0.46,easy
Email Alerts,greater,0.1,easy
Email Alerts,proton,0.76,hard
Email Alerts,flux,0.46,easy
Email Alerts,forecast,0.57,hard
Email Alerts,greater,0.1,easy
Email Alerts,electron,0.71,hard
Email Alerts,greater,0.1,easy
Email Alerts,proton,0.76,hard
Email Alerts,flux,0.46,easy
Email Alerts,complex,0.02,easy
Email Alerts,western,0.47,easy
Email Alerts,hemisphere,0.68,hard
Email Alerts,solar,0.73,hard
Email Alerts,wind,0.05,easy
Email Alerts,summary,0.7,hard
Email Alerts,solar,0.73,hard
Email Alerts,wind,0.05,easy
Email Alerts,state,0.0,easy
Email Alerts,total,0.02,easy
Email Alerts,field,0.0,easy
Email Alerts,gradually,0.66,hard
Email Alerts,primarily,0.59,hard
Email Alerts,solar,0.73,hard
Email Alerts,wind,0.05,easy
Email Alerts,phi,0.74,hard
Email Alerts,predominantly,0.81,hard
Email Alerts,positive,0.23,easy
Email Alerts,forecast,0.57,hard
Email Alerts,solar,0.73,hard
Email Alerts,wind,0.05,easy
Email Alerts,outside,0.01,easy
Email Alerts,left,0.0,easy
Email Alerts,negative,0.29,easy
Email Alerts,continue,0.08,easy
Email Alerts,summary,0.7,hard
Email Alerts,geomagnetic,0.84,hard
Email Alerts,field,0.0,easy
Email Alerts,quiet,0.04,easy
Email Alerts,forecast,0.57,hard
Email Alerts,possibility,0.49,easy
Email Alerts,glancing,0.76,hard
Email Alerts,effect,0.0,easy
Email Alerts,geomagnetic,0.84,hard
Email Alerts,speed,0.15,easy
Email Alerts,stream,0.37,easy
Email Alerts,effect,0.0,easy
Email Alerts,continue,0.08,easy
Email Alerts,product,0.22,easy
Email Alerts,space,0.0,easy
Email Alerts,weather,0.14,easy
Email Alerts,prediction,0.75,hard
Email Alerts,center,0.03,easy
Email Alerts,solar,0.73,hard
Email Alerts,activity,0.36,easy
Email Alerts,summary,0.7,hard
Email Alerts,solar,0.73,hard
Email Alerts,activity,0.36,easy
Email Alerts,decay,0.58,hard
Email Alerts,leading,0.2,easy
Email Alerts,period,0.01,easy
Email Alerts,relatively,0.5,easy
Email Alerts,quiet,0.04,easy
Email Alerts,underwent,0.8,hard
Email Alerts,additional,0.42,easy
Email Alerts,rotated,0.78,hard
Email Alerts,view,0.0,easy
Email Alerts,respectively,0.63,hard
Email Alerts,otherwise,0.25,easy
Email Alerts,unremarkable,0.8,hard
Email Alerts,additionally,0.81,hard
Email Alerts,new,0.0,easy
Email Alerts,noted,0.39,easy
Email Alerts,remain,0.2,easy
Email Alerts,await,0.69,hard
Email Alerts,observatory,0.82,hard
Email Alerts,coronagraph,0.82,hard
Email Alerts,imagery,0.69,hard
Email Alerts,radio,0.22,easy
Email Alerts,flare,0.43,easy
Email Alerts,activity,0.36,easy
Email Alerts,likely,0.06,easy
Email Alerts,event,0.05,easy
Email Alerts,increase,0.01,easy
Email Alerts,approach,0.08,easy
Email Alerts,western,0.47,easy
Email Alerts,limb,0.62,hard
Email Alerts,energetic,0.72,hard
Email Alerts,particle,0.71,hard
Email Alerts,summary,0.7,hard
Email Alerts,greater,0.1,easy
Email Alerts,electron,0.71,hard
Email Alerts,flux,0.46,easy
Email Alerts,greater,0.1,easy
Email Alerts,proton,0.76,hard
Email Alerts,flux,0.46,easy
Email Alerts,forecast,0.57,hard
Email Alerts,chance,0.01,easy
Email Alerts,greater,0.1,easy
Email Alerts,electron,0.71,hard
Email Alerts,high,0.0,easy
Email Alerts,post,0.09,easy
Email Alerts,moderate,0.46,easy
Email Alerts,chance,0.01,easy
Email Alerts,minor,0.22,easy
Email Alerts,solar,0.73,hard
Email Alerts,radiation,0.47,easy
Email Alerts,storm,0.38,easy
Email Alerts,event,0.05,easy
Email Alerts,persist,0.69,hard
Email Alerts,given,0.0,easy
Email Alerts,current,0.01,easy
Email Alerts,total,0.02,easy
Email Alerts,disk,0.42,easy
Email Alerts,potential,0.24,easy
Email Alerts,western,0.47,easy
Email Alerts,limb,0.62,hard
Email Alerts,solar,0.73,hard
Email Alerts,wind,0.05,easy
Email Alerts,summary,0.7,hard
Email Alerts,solar,0.73,hard
Email Alerts,wind,0.05,easy
Email Alerts,environment,0.61,hard
Email Alerts,reflected,0.64,hard
Email Alerts,continued,0.3,easy
Email Alerts,yet,0.0,easy
Email Alerts,waning,0.74,hard
Email Alerts,total,0.02,easy
Email Alerts,field,0.0,easy
Email Alerts,underwent,0.8,hard
Email Alerts,several,0.0,easy
Email Alerts,southward,0.71,hard
Email Alerts,reaching,0.6,hard
Email Alerts,solar,0.73,hard
Email Alerts,wind,0.05,easy
Email Alerts,ranged,0.71,hard
Email Alerts,phi,0.74,hard
Email Alerts,rotated,0.78,hard
Email Alerts,solar,0.73,hard
Email Alerts,magnetic,0.65,hard
Email Alerts,cloud,0.15,easy
Email Alerts,passage,0.42,easy
Email Alerts,forecast,0.57,hard
Email Alerts,additional,0.42,easy
Email Alerts,left,0.0,easy
Email Alerts,effect,0.0,easy
Email Alerts,summary,0.7,hard
Email Alerts,geomagnetic,0.84,hard
Email Alerts,field,0.0,easy
Email Alerts,geomagnetic,0.84,hard
Email Alerts,storming,0.78,hard
Email Alerts,effect,0.0,easy
Email Alerts,forecast,0.57,hard
Email Alerts,geomagnetic,0.84,hard
Email Alerts,first,0.0,easy
Email Alerts,glancing,0.76,hard
Email Alerts,effect,0.0,easy
Email Alerts,left,0.0,easy
Email Alerts,positive,0.23,easy
Email Alerts,effect,0.0,easy
Email Alerts,product,0.22,easy
Email Alerts,space,0.0,easy
Email Alerts,weather,0.14,easy
Email Alerts,prediction,0.75,hard
Email Alerts,center,0.03,easy
Email Alerts,solar,0.73,hard
Email Alerts,activity,0.36,easy
Email Alerts,summary,0.7,hard
Email Alerts,solar,0.73,hard
Email Alerts,activity,0.36,easy
Email Alerts,low,0.0,easy
Email Alerts,throughout,0.05,easy
Email Alerts,period,0.01,easy
Email Alerts,primary,0.24,easy
Email Alerts,flare,0.43,easy
Email Alerts,producer,0.41,easy
Email Alerts,responsible,0.18,easy
Email Alerts,six,0.02,easy
Email Alerts,flare,0.43,easy
Email Alerts,imagery,0.69,hard
Email Alerts,period,0.01,easy
Email Alerts,forecast,0.57,hard
Email Alerts,solar,0.73,hard
Email Alerts,low,0.0,easy
Email Alerts,isolated,0.57,hard
Email Alerts,activity,0.36,easy
Email Alerts,chance,0.01,easy
Email Alerts,activity,0.36,easy
Email Alerts,energetic,0.72,hard
Email Alerts,particle,0.71,hard
Email Alerts,summary,0.7,hard
Email Alerts,greater,0.1,easy
Email Alerts,electron,0.71,hard
Email Alerts,orbit,0.63,hard
Email Alerts,remains,0.19,easy
Email Alerts,high,0.0,easy
Email Alerts,flux,0.46,easy
Email Alerts,greater,0.1,easy
Email Alerts,proton,0.76,hard
Email Alerts,flux,0.46,easy
Email Alerts,end,0.0,easy
Email Alerts,greater,0.1,easy
Email Alerts,electron,0.71,hard
Email Alerts,back,0.0,easy
Email Alerts,towards,0.19,easy
Email Alerts,chance,0.01,easy
Email Alerts,could,0.0,easy
Email Alerts,cross,0.12,easy
Email Alerts,threshold,0.65,hard
Email Alerts,diurnal,0.76,hard
Email Alerts,maximum,0.47,easy
Email Alerts,time,0.0,easy
Email Alerts,occur,0.48,easy
Email Alerts,previous,0.08,easy
Email Alerts,day,0.0,easy
Email Alerts,active,0.11,easy
Email Alerts,western,0.47,easy
Email Alerts,hemisphere,0.68,hard
Email Alerts,magnetic,0.65,hard
Email Alerts,complexity,0.6,hard
Email Alerts,reducing,0.68,hard
Email Alerts,proton,0.76,hard
Email Alerts,therefore,0.11,easy
Email Alerts,greater,0.1,easy
Email Alerts,proton,0.76,hard
Email Alerts,solar,0.73,hard
Email Alerts,wind,0.05,easy
Email Alerts,summary,0.7,hard
Email Alerts,period,0.01,easy
Email Alerts,solar,0.73,hard
Email Alerts,wind,0.05,easy
Email Alerts,regime,0.65,hard
Email Alerts,reflected,0.64,hard
Email Alerts,tail,0.19,easy
Email Alerts,negative,0.29,easy
Email Alerts,whose,0.0,easy
Email Alerts,beyond,0.05,easy
Email Alerts,western,0.47,easy
Email Alerts,limb,0.62,hard
Email Alerts,total,0.02,easy
Email Alerts,field,0.0,easy
Email Alerts,around,0.0,easy
Email Alerts,solar,0.73,hard
Email Alerts,wind,0.05,easy
Email Alerts,around,0.0,easy
Email Alerts,phi,0.74,hard
Email Alerts,angle,0.19,easy
Email Alerts,negative,0.29,easy
Email Alerts,component,0.65,hard
Email Alerts,recently,0.18,easy
Email Alerts,around,0.0,easy
Email Alerts,slight,0.38,easy
Email Alerts,solar,0.73,hard
Email Alerts,phi,0.74,hard
Email Alerts,angle,0.19,easy
Email Alerts,becoming,0.4,easy
Email Alerts,variable,0.54,easy
Email Alerts,total,0.02,easy
Email Alerts,field,0.0,easy
Email Alerts,forecast,0.57,hard
Email Alerts,slight,0.38,easy
Email Alerts,chance,0.01,easy
Email Alerts,glancing,0.76,hard
Email Alerts,blow,0.02,easy
Email Alerts,left,0.0,easy
Email Alerts,arrive,0.6,hard
Email Alerts,solar,0.73,hard
Email Alerts,wind,0.05,easy
Email Alerts,effect,0.0,easy
Email Alerts,wane,0.68,hard
Email Alerts,summary,0.7,hard
Email Alerts,geomagnetic,0.84,hard
Email Alerts,field,0.0,easy
Email Alerts,minor,0.22,easy
Email Alerts,storm,0.38,easy
Email Alerts,forecast,0.57,hard
Email Alerts,minor,0.22,easy
Email Alerts,negative,0.29,easy
Email Alerts,effect,0.0,easy
Email Alerts,end,0.0,easy
Email Alerts,weak,0.21,easy
Email Alerts,positive,0.23,easy
Email Alerts,regime,0.65,hard
Email Alerts,quiet,0.04,easy
Email Alerts,product,0.22,easy
Email Alerts,space,0.0,easy
Email Alerts,weather,0.14,easy
Email Alerts,prediction,0.75,hard
Email Alerts,center,0.03,easy
Email Alerts,solar,0.73,hard
Email Alerts,activity,0.36,easy
Email Alerts,summary,0.7,hard
Email Alerts,solar,0.73,hard
Email Alerts,activity,0.36,easy
Email Alerts,flaring,0.76,hard
Email Alerts,region,0.45,easy
Email Alerts,slight,0.38,easy
Email Alerts,decay,0.58,hard
Email Alerts,trailing,0.73,hard
Email Alerts,growth,0.02,easy
Email Alerts,activity,0.36,easy
Email Alerts,likely,0.06,easy
Email Alerts,associated,0.64,hard
Email Alerts,near,0.01,easy
Email Alerts,preliminary,0.71,hard
Email Alerts,analysis,0.41,easy
Email Alerts,potential,0.24,easy
Email Alerts,glancing,0.76,hard
Email Alerts,around,0.0,easy
Email Alerts,forecast,0.57,hard
Email Alerts,chance,0.01,easy
Email Alerts,isolated,0.57,hard
Email Alerts,primarily,0.59,hard
Email Alerts,flare,0.43,easy
Email Alerts,likely,0.06,easy
Email Alerts,chance,0.01,easy
Email Alerts,beyond,0.05,easy
Email Alerts,energetic,0.72,hard
Email Alerts,particle,0.71,hard
Email Alerts,summary,0.7,hard
Email Alerts,greater,0.1,easy
Email Alerts,electron,0.71,hard
Email Alerts,flux,0.46,easy
Email Alerts,greater,0.1,easy
Email Alerts,proton,0.76,hard
Email Alerts,flux,0.46,easy
Email Alerts,forecast,0.57,hard
Email Alerts,chance,0.01,easy
Email Alerts,greater,0.1,easy
Email Alerts,electron,0.71,hard
Email Alerts,high,0.0,easy
Email Alerts,chance,0.01,easy
Email Alerts,minor,0.22,easy
Email Alerts,solar,0.73,hard
Email Alerts,radiation,0.47,easy
Email Alerts,storm,0.38,easy
Email Alerts,event,0.05,easy
Email Alerts,persist,0.69,hard
Email Alerts,given,0.0,easy
Email Alerts,current,0.01,easy
Email Alerts,total,0.02,easy
Email Alerts,disk,0.42,easy
Email Alerts,potential,0.24,easy
Email Alerts,solar,0.73,hard
Email Alerts,wind,0.05,easy
Email Alerts,arrival,0.61,hard
Email Alerts,wind,0.05,easy
Email Alerts,total,0.02,easy
Email Alerts,field,0.0,easy
Email Alerts,deflected,0.8,hard
Email Alerts,briefly,0.54,easy
Email Alerts,solar,0.73,hard
Email Alerts,wind,0.05,easy
Email Alerts,speed,0.15,easy
Email Alerts,total,0.02,easy
Email Alerts,field,0.0,easy
Email Alerts,slowly,0.2,easy
Email Alerts,increasing,0.45,easy
Email Alerts,solar,0.73,hard
Email Alerts,wind,0.05,easy
Email Alerts,speed,0.15,easy
Email Alerts,around,0.0,easy
Email Alerts,possibly,0.29,easy
Email Alerts,associated,0.64,hard
Email Alerts,second,0.0,easy
Email Alerts,phi,0.74,hard
Email Alerts,angle,0.19,easy
Email Alerts,mostly,0.22,easy
Email Alerts,positive,0.23,easy
Email Alerts,sector,0.55,hard
Email Alerts,forecast,0.57,hard
Email Alerts,wind,0.05,easy
Email Alerts,activity,0.36,easy
Email Alerts,glancing,0.76,hard
Email Alerts,blow,0.02,easy
Email Alerts,another,0.0,easy
Email Alerts,enhancement,0.76,hard
Email Alerts,summary,0.7,hard
Email Alerts,geomagnetic,0.84,hard
Email Alerts,field,0.0,easy
Email Alerts,moderate,0.46,easy
Email Alerts,geomagnetic,0.84,hard
Email Alerts,storm,0.38,easy
Email Alerts,activity,0.36,easy
Email Alerts,forecast,0.57,hard
Email Alerts,storm,0.38,easy
Email Alerts,activity,0.36,easy
Email Alerts,activity,0.36,easy
Email Alerts,slowly,0.2,easy
Email Alerts,blow,0.02,easy
Email Alerts,product,0.22,easy
Email Alerts,space,0.0,easy
Email Alerts,weather,0.14,easy
Email Alerts,prediction,0.75,hard
Email Alerts,center,0.03,easy
Email Alerts,solar,0.73,hard
Email Alerts,activity,0.36,easy
Email Alerts,summary,0.7,hard
Email Alerts,solar,0.73,hard
Email Alerts,activity,0.36,easy
Email Alerts,high,0.0,easy
Email Alerts,today,0.0,easy
Email Alerts,associated,0.64,hard
Email Alerts,faint,0.51,easy
Email Alerts,coincident,0.8,hard
Email Alerts,far,0.0,easy
Email Alerts,sided,0.76,hard
Email Alerts,could,0.0,easy
Email Alerts,likely,0.06,easy
Email Alerts,solar,0.73,hard
Email Alerts,slight,0.38,easy
Email Alerts,decay,0.58,hard
Email Alerts,separation,0.61,hard
Email Alerts,trailing,0.73,hard
Email Alerts,new,0.0,easy
Email Alerts,spot,0.1,easy
Email Alerts,emergence,0.7,hard
Email Alerts,intermediate,0.75,hard
Email Alerts,area,0.01,easy
Email Alerts,new,0.0,easy
Email Alerts,spot,0.1,easy
Email Alerts,emergence,0.7,hard
Email Alerts,spot,0.1,easy
Email Alerts,relatively,0.5,easy
Email Alerts,decay,0.58,hard
Email Alerts,region,0.45,easy
Email Alerts,forecast,0.57,hard
Email Alerts,solar,0.73,hard
Email Alerts,moderate,0.46,easy
Email Alerts,isolated,0.57,hard
Email Alerts,complex,0.02,easy
Email Alerts,energetic,0.72,hard
Email Alerts,particle,0.71,hard
Email Alerts,summary,0.7,hard
Email Alerts,greater,0.1,easy
Email Alerts,electron,0.71,hard
Email Alerts,flux,0.46,easy
Email Alerts,greater,0.1,easy
Email Alerts,proton,0.76,hard
Email Alerts,flux,0.46,easy
Email Alerts,forecast,0.57,hard
Email Alerts,greater,0.1,easy
Email Alerts,electron,0.71,hard
Email Alerts,greater,0.1,easy
Email Alerts,proton,0.76,hard
Email Alerts,flux,0.46,easy
Email Alerts,complex,0.02,easy
Email Alerts,moving,0.08,easy
Email Alerts,western,0.47,easy
Email Alerts,hemisphere,0.68,hard
Email Alerts,solar,0.73,hard
Email Alerts,wind,0.05,easy
Email Alerts,summary,0.7,hard
Email Alerts,solar,0.73,hard
Email Alerts,wind,0.05,easy
Email Alerts,slightly,0.1,easy
Email Alerts,elevated,0.72,hard
Email Alerts,solar,0.73,hard
Email Alerts,wind,0.05,easy
Email Alerts,speed,0.15,easy
Email Alerts,increasing,0.45,easy
Email Alerts,approximately,0.67,hard
Email Alerts,total,0.02,easy
Email Alerts,field,0.0,easy
Email Alerts,ranged,0.71,hard
Email Alerts,phi,0.74,hard
Email Alerts,angle,0.19,easy
Email Alerts,mostly,0.22,easy
Email Alerts,positive,0.23,easy
Email Alerts,forecast,0.57,hard
Email Alerts,solar,0.73,hard
Email Alerts,glancing,0.76,hard
Email Alerts,blow,0.02,easy
Email Alerts,elevated,0.72,hard
Email Alerts,summary,0.7,hard
Email Alerts,geomagnetic,0.84,hard
Email Alerts,field,0.0,easy
Email Alerts,forecast,0.57,hard
Email Alerts,quiet,0.04,easy
Email Alerts,product,0.22,easy
Email Alerts,space,0.0,easy
Email Alerts,weather,0.14,easy
Email Alerts,prediction,0.75,hard
Email Alerts,center,0.03,easy
Email Alerts,solar,0.73,hard
Email Alerts,activity,0.36,easy
Email Alerts,summary,0.7,hard
Email Alerts,solar,0.73,hard
Email Alerts,activity,0.36,easy
Email Alerts,region,0.45,easy
Email Alerts,intermediate,0.75,hard
Email Alerts,trek,0.42,easy
Email Alerts,towards,0.19,easy
Email Alerts,western,0.47,easy
Email Alerts,limb,0.62,hard
Email Alerts,region,0.45,easy
Email Alerts,trailing,0.73,hard
Email Alerts,spot,0.1,easy
Email Alerts,underwent,0.8,hard
Email Alerts,leading,0.2,easy
Email Alerts,spot,0.1,easy
Email Alerts,rudimentary,0.77,hard
Email Alerts,gamma,0.74,hard
Email Alerts,magnetic,0.65,hard
Email Alerts,intermediate,0.75,hard
Email Alerts,area,0.01,easy
Email Alerts,new,0.0,easy
Email Alerts,near,0.01,easy
Email Alerts,stable,0.51,easy
Email Alerts,relatively,0.5,easy
Email Alerts,quiet,0.04,easy
Email Alerts,filament,0.74,hard
Email Alerts,centered,0.68,hard
Email Alerts,unstable,0.66,hard
Email Alerts,go,0.0,easy
Email Alerts,imagery,0.69,hard
Email Alerts,event,0.05,easy
Email Alerts,imagery,0.69,hard
Email Alerts,forecast,0.57,hard
Email Alerts,solar,0.73,hard
Email Alerts,activity,0.36,easy
Email Alerts,likely,0.06,easy
Email Alerts,reach,0.07,easy
Email Alerts,moderate,0.46,easy
Email Alerts,chance,0.01,easy
Email Alerts,isolated,0.57,hard
Email Alerts,activity,0.36,easy
Email Alerts,likely,0.06,easy
Email Alerts,decrease,0.61,hard
Email Alerts,chance,0.01,easy
Email Alerts,beyond,0.05,easy
Email Alerts,western,0.47,easy
Email Alerts,limb,0.62,hard
Email Alerts,energetic,0.72,hard
Email Alerts,summary,0.7,hard
Email Alerts,greater,0.1,easy
Email Alerts,electron,0.71,hard
Email Alerts,flux,0.46,easy
Email Alerts,greater,0.1,easy
Email Alerts,proton,0.76,hard
Email Alerts,flux,0.46,easy
Email Alerts,forecast,0.57,hard
Email Alerts,greater,0.1,easy
Email Alerts,electron,0.71,hard
Email Alerts,greater,0.1,easy
Email Alerts,proton,0.76,hard
Email Alerts,flux,0.46,easy
Email Alerts,primarily,0.59,hard
Email Alerts,flare,0.43,easy
Email Alerts,beyond,0.05,easy
Email Alerts,western,0.47,easy
Email Alerts,limb,0.62,hard
Email Alerts,solar,0.73,hard
Email Alerts,wind,0.05,easy
Email Alerts,summary,0.7,hard
Email Alerts,solar,0.73,hard
Email Alerts,wind,0.05,easy
Email Alerts,environment,0.61,hard
Email Alerts,total,0.02,easy
Email Alerts,field,0.0,easy
Email Alerts,period,0.01,easy
Email Alerts,primarily,0.59,hard
Email Alerts,thereafter,0.7,hard
Email Alerts,varied,0.59,hard
Email Alerts,wind,0.05,easy
Email Alerts,period,0.01,easy
Email Alerts,phi,0.74,hard
Email Alerts,predominantly,0.81,hard
Email Alerts,negative,0.29,easy
Email Alerts,period,0.01,easy
Email Alerts,disturbed,0.59,hard
Email Alerts,solar,0.73,hard
Email Alerts,wind,0.05,easy
Email Alerts,however,0.0,easy
Email Alerts,chance,0.01,easy
Email Alerts,glancing,0.76,hard
Email Alerts,faint,0.51,easy
Email Alerts,left,0.0,easy
Email Alerts,outcome,0.64,hard
Email Alerts,summary,0.7,hard
Email Alerts,geomagnetic,0.84,hard
Email Alerts,field,0.0,easy
Email Alerts,geomagnetic,0.84,hard
Email Alerts,storming,0.78,hard
Email Alerts,geomagnetic,0.84,hard
Email Alerts,negative,0.29,easy
Email Alerts,effect,0.0,easy
Email Alerts,isolated,0.57,hard
Email Alerts,active,0.11,easy
Email Alerts,effect,0.0,easy
Email Alerts,continue,0.08,easy
Email Alerts,along,0.0,easy
Email Alerts,product,0.22,easy
Email Alerts,space,0.0,easy
Email Alerts,weather,0.14,easy
Email Alerts,prediction,0.75,hard
Email Alerts,center,0.03,easy
Email Alerts,solar,0.73,hard
Email Alerts,activity,0.36,easy
Email Alerts,summary,0.7,hard
Email Alerts,solar,0.73,hard
Email Alerts,activity,0.36,easy
Email Alerts,low,0.0,easy
Email Alerts,produced,0.28,easy
Email Alerts,flare,0.43,easy
Email Alerts,activity,0.36,easy
Email Alerts,period,0.01,easy
Email Alerts,event,0.05,easy
Email Alerts,associated,0.64,hard
Email Alerts,first,0.0,easy
Email Alerts,coronagraph,0.82,hard
Email Alerts,however,0.0,easy
Email Alerts,given,0.0,easy
Email Alerts,source,0.05,easy
Email Alerts,growth,0.02,easy
Email Alerts,region,0.45,easy
Email Alerts,though,0.0,easy
Email Alerts,region,0.45,easy
Email Alerts,quiet,0.04,easy
Email Alerts,either,0.0,easy
Email Alerts,decay,0.58,hard
Email Alerts,forecast,0.57,hard
Email Alerts,chance,0.01,easy
Email Alerts,chance,0.01,easy
Email Alerts,greater,0.1,easy
Email Alerts,energetic,0.72,hard
Email Alerts,particle,0.71,hard
Email Alerts,summary,0.7,hard
Email Alerts,greater,0.1,easy
Email Alerts,electron,0.71,hard
Email Alerts,flux,0.46,easy
Email Alerts,greater,0.1,easy
Email Alerts,proton,0.76,hard
Email Alerts,flux,0.46,easy
Email Alerts,forecast,0.57,hard
Email Alerts,greater,0.1,easy
Email Alerts,electron,0.71,hard
Email Alerts,moderate,0.46,easy
Email Alerts,slight,0.38,easy
Email Alerts,chance,0.01,easy
Email Alerts,greater,0.1,easy
Email Alerts,proton,0.76,hard
Email Alerts,solar,0.73,hard
Email Alerts,wind,0.05,easy
Email Alerts,summary,0.7,hard
Email Alerts,mildly,0.67,hard
Email Alerts,enhanced,0.7,hard
Email Alerts,solar,0.73,hard
Email Alerts,wind,0.05,easy
Email Alerts,positive,0.23,easy
Email Alerts,period,0.01,easy
Email Alerts,total,0.02,easy
Email Alerts,field,0.0,easy
Email Alerts,ranged,0.71,hard
Email Alerts,deflection,0.72,hard
Email Alerts,near,0.01,easy
Email Alerts,solar,0.73,hard
Email Alerts,wind,0.05,easy
Email Alerts,phi,0.74,hard
Email Alerts,predominantly,0.81,hard
Email Alerts,positive,0.23,easy
Email Alerts,forecast,0.57,hard
Email Alerts,positive,0.23,easy
Email Alerts,wane,0.68,hard
Email Alerts,ambient,0.79,hard
Email Alerts,solar,0.73,hard
Email Alerts,wind,0.05,easy
Email Alerts,summary,0.7,hard
Email Alerts,geomagnetic,0.84,hard
Email Alerts,field,0.0,easy
Email Alerts,forecast,0.57,hard
Email Alerts,geomagnetic,0.84,hard
Email Alerts,quiet,0.04,easy
Email Alerts,waning,0.74,hard
Email Alerts,positive,0.23,easy
Email Alerts,mostly,0.22,easy
Email Alerts,quiet,0.04,easy
Email Alerts,ambient,0.79,hard
Email Alerts,solar,0.73,hard
Email Alerts,wind,0.05,easy
Email Alerts,environment,0.61,hard
Email Alerts,product,0.22,easy
Email Alerts,space,0.0,easy
Email Alerts,weather,0.14,easy
Email Alerts,prediction,0.75,hard
Email Alerts,center,0.03,easy
Email Alerts,solar,0.73,hard
Email Alerts,activity,0.36,easy
Email Alerts,summary,0.7,hard
Email Alerts,solar,0.73,hard
Email Alerts,activity,0.36,easy
Email Alerts,activity,0.36,easy
Email Alerts,new,0.0,easy
Email Alerts,region,0.45,easy
Email Alerts,quickly,0.1,easy
Email Alerts,complexity,0.6,hard
Email Alerts,stable,0.51,easy
Email Alerts,directed,0.13,easy
Email Alerts,coronagraph,0.82,hard
Email Alerts,imagery,0.69,hard
Email Alerts,forecast,0.57,hard
Email Alerts,solar,0.73,hard
Email Alerts,low,0.0,easy
Email Alerts,activity,0.36,easy
Email Alerts,energetic,0.72,hard
Email Alerts,summary,0.7,hard
Email Alerts,greater,0.1,easy
Email Alerts,electron,0.71,hard
Email Alerts,flux,0.46,easy
Email Alerts,high,0.0,easy
Email Alerts,flux,0.46,easy
Email Alerts,greater,0.1,easy
Email Alerts,proton,0.76,hard
Email Alerts,flux,0.46,easy
Email Alerts,forecast,0.57,hard
Email Alerts,greater,0.1,easy
Email Alerts,electron,0.71,hard
Email Alerts,greater,0.1,easy
Email Alerts,proton,0.76,hard
Email Alerts,solar,0.73,hard
Email Alerts,wind,0.05,easy
Email Alerts,summary,0.7,hard
Email Alerts,solar,0.73,hard
Email Alerts,wind,0.05,easy
Email Alerts,environment,0.61,hard
Email Alerts,total,0.02,easy
Email Alerts,mostly,0.22,easy
Email Alerts,steady,0.38,easy
Email Alerts,varied,0.59,hard
Email Alerts,wind,0.05,easy
Email Alerts,mostly,0.22,easy
Email Alerts,steady,0.38,easy
Email Alerts,phi,0.74,hard
Email Alerts,angle,0.19,easy
Email Alerts,predominantly,0.81,hard
Email Alerts,negative,0.29,easy
Email Alerts,forecast,0.57,hard
Email Alerts,solar,0.73,hard
Email Alerts,wind,0.05,easy
Email Alerts,enhanced,0.7,hard
Email Alerts,influence,0.13,easy
Email Alerts,next,0.0,easy
Email Alerts,negative,0.29,easy
Email Alerts,summary,0.7,hard
Email Alerts,geomagnetic,0.84,hard
Email Alerts,field,0.0,easy
Email Alerts,influence,0.13,easy
Email Alerts,storm,0.38,easy
Email Alerts,negative,0.29,easy
Email Alerts,influence,0.13,easy
Email Alerts,product,0.22,easy
Email Alerts,space,0.0,easy
Email Alerts,weather,0.14,easy
Email Alerts,prediction,0.75,hard
Email Alerts,center,0.03,easy
Email Alerts,solar,0.73,hard
Email Alerts,activity,0.36,easy
Email Alerts,summary,0.7,hard
Email Alerts,solar,0.73,hard
Email Alerts,activity,0.36,easy
Email Alerts,moderate,0.46,easy
Email Alerts,produced,0.28,easy
Email Alerts,low,0.0,easy
Email Alerts,level,0.0,easy
Email Alerts,region,0.45,easy
Email Alerts,associated,0.64,hard
Email Alerts,flare,0.43,easy
Email Alerts,multiple,0.19,easy
Email Alerts,discreet,0.69,hard
Email Alerts,radio,0.22,easy
Email Alerts,sweep,0.39,easy
Email Alerts,signature,0.69,hard
Email Alerts,trajectory,0.8,hard
Email Alerts,clear,0.0,easy
Email Alerts,significant,0.42,easy
Email Alerts,solar,0.73,hard
Email Alerts,wind,0.05,easy
Email Alerts,separation,0.61,hard
Email Alerts,decay,0.58,hard
Email Alerts,intermediate,0.75,hard
Email Alerts,trailing,0.73,hard
Email Alerts,consolidation,0.79,hard
Email Alerts,leader,0.35,easy
Email Alerts,new,0.0,easy
Email Alerts,flux,0.46,easy
Email Alerts,emergence,0.7,hard
Email Alerts,northern,0.62,hard
Email Alerts,group,0.0,easy
Email Alerts,decayed,0.75,hard
Email Alerts,southern,0.54,easy
Email Alerts,new,0.0,easy
Email Alerts,northernmost,0.79,hard
Email Alerts,filament,0.74,hard
Email Alerts,southwest,0.65,hard
Email Alerts,quadrant,0.71,hard
Email Alerts,around,0.0,easy
Email Alerts,model,0.15,easy
Email Alerts,analysis,0.41,easy
Email Alerts,plasma,0.7,hard
Email Alerts,pas,0.89,hard
Email Alerts,orbit,0.63,hard
Email Alerts,forecast,0.57,hard
Email Alerts,solar,0.73,hard
Email Alerts,moderate,0.46,easy
Email Alerts,isolated,0.57,hard
Email Alerts,complex,0.02,easy
Email Alerts,energetic,0.72,hard
Email Alerts,particle,0.71,hard
Email Alerts,summary,0.7,hard
Email Alerts,greater,0.1,easy
Email Alerts,electron,0.71,hard
Email Alerts,flux,0.46,easy
Email Alerts,greater,0.1,easy
Email Alerts,proton,0.76,hard
Email Alerts,flux,0.46,easy
Email Alerts,forecast,0.57,hard
Email Alerts,greater,0.1,easy
Email Alerts,electron,0.71,hard
Email Alerts,greater,0.1,easy
Email Alerts,proton,0.76,hard
Email Alerts,complex,0.02,easy
Email Alerts,moving,0.08,easy
Email Alerts,western,0.47,easy
Email Alerts,hemisphere,0.68,hard
Email Alerts,solar,0.73,hard
Email Alerts,wind,0.05,easy
Email Alerts,summary,0.7,hard
Email Alerts,solar,0.73,hard
Email Alerts,wind,0.05,easy
Email Alerts,near,0.01,easy
Email Alerts,nominal,0.64,hard
Email Alerts,total,0.02,easy
Email Alerts,field,0.0,easy
Email Alerts,ranged,0.71,hard
Email Alerts,solar,0.73,hard
Email Alerts,wind,0.05,easy
Email Alerts,speed,0.15,easy
Email Alerts,mostly,0.22,easy
Email Alerts,phi,0.74,hard
Email Alerts,angle,0.19,easy
Email Alerts,predominantly,0.81,hard
Email Alerts,positive,0.23,easy
Email Alerts,forecast,0.57,hard
Email Alerts,solar,0.73,hard
Email Alerts,near,0.01,easy
Email Alerts,nominal,0.64,hard
Email Alerts,solar,0.73,hard
Email Alerts,wind,0.05,easy
Email Alerts,glancing,0.76,hard
Email Alerts,blow,0.02,easy
Email Alerts,summary,0.7,hard
Email Alerts,geomagnetic,0.84,hard
Email Alerts,field,0.0,easy
Email Alerts,forecast,0.57,hard
Email Alerts,product,0.22,easy
Email Alerts,space,0.0,easy
Email Alerts,weather,0.14,easy
Email Alerts,prediction,0.75,hard
Email Alerts,center,0.03,easy
Email Alerts,solar,0.73,hard
Email Alerts,activity,0.36,easy
Email Alerts,summary,0.7,hard
Email Alerts,solar,0.73,hard
Email Alerts,activity,0.36,easy
Email Alerts,multiple,0.19,easy
Email Alerts,throughout,0.05,easy
Email Alerts,period,0.01,easy
Email Alerts,region,0.45,easy
Email Alerts,primary,0.24,easy
Email Alerts,flare,0.43,easy
Email Alerts,around,0.0,easy
Email Alerts,better,0.0,easy
Email Alerts,view,0.0,easy
Email Alerts,west,0.1,easy
Email Alerts,sweep,0.39,easy
Email Alerts,flare,0.43,easy
Email Alerts,go,0.0,easy
Email Alerts,imagery,0.69,hard
Email Alerts,field,0.0,easy
Email Alerts,disk,0.42,easy
Email Alerts,beyond,0.05,easy
Email Alerts,west,0.1,easy
Email Alerts,time,0.0,easy
Email Alerts,solar,0.73,hard
Email Alerts,flare,0.43,easy
Email Alerts,culprit,0.75,hard
Email Alerts,imagery,0.69,hard
Email Alerts,analysis,0.41,easy
Email Alerts,plasma,0.7,hard
Email Alerts,passing,0.25,easy
Email Alerts,ripple,0.7,hard
Email Alerts,glancing,0.76,hard
Email Alerts,forecast,0.57,hard
Email Alerts,solar,0.73,hard
Email Alerts,flare,0.43,easy
Email Alerts,remain,0.2,easy
Email Alerts,low,0.0,easy
Email Alerts,slightly,0.1,easy
Email Alerts,activity,0.36,easy
Email Alerts,coming,0.01,easy
Email Alerts,energetic,0.72,hard
Email Alerts,particle,0.71,hard
Email Alerts,summary,0.7,hard
Email Alerts,greater,0.1,easy
Email Alerts,electron,0.71,hard
Email Alerts,flux,0.46,easy
Email Alerts,greater,0.1,easy
Email Alerts,proton,0.76,hard
Email Alerts,flux,0.46,easy
Email Alerts,forecast,0.57,hard
Email Alerts,greater,0.1,easy
Email Alerts,electron,0.71,hard
Email Alerts,flux,0.46,easy
Email Alerts,possible,0.0,easy
Email Alerts,diurnal,0.76,hard
Email Alerts,high,0.0,easy
Email Alerts,west,0.1,easy
Email Alerts,moving,0.08,easy
Email Alerts,beyond,0.05,easy
Email Alerts,limb,0.62,hard
Email Alerts,reaching,0.6,hard
Email Alerts,radiation,0.47,easy
Email Alerts,storm,0.38,easy
Email Alerts,greater,0.1,easy
Email Alerts,solar,0.73,hard
Email Alerts,wind,0.05,easy
Email Alerts,summary,0.7,hard
Email Alerts,solar,0.73,hard
Email Alerts,wind,0.05,easy
Email Alerts,enhanced,0.7,hard
Email Alerts,throughout,0.05,easy
Email Alerts,period,0.01,easy
Email Alerts,filament,0.74,hard
Email Alerts,eruption,0.66,hard
Email Alerts,late,0.0,easy
Email Alerts,total,0.02,easy
Email Alerts,deflected,0.8,hard
Email Alerts,southward,0.71,hard
Email Alerts,roughly,0.65,hard
Email Alerts,wind,0.05,easy
Email Alerts,low,0.0,easy
Email Alerts,phi,0.74,hard
Email Alerts,angle,0.19,easy
Email Alerts,mostly,0.22,easy
Email Alerts,negative,0.29,easy
Email Alerts,towards,0.19,easy
Email Alerts,sun,0.09,easy
Email Alerts,highly,0.23,easy
Email Alerts,variable,0.54,easy
Email Alerts,thereafter,0.7,hard
Email Alerts,solar,0.73,hard
Email Alerts,wind,0.05,easy
Email Alerts,regime,0.65,hard
Email Alerts,likely,0.06,easy
Email Alerts,continue,0.08,easy
Email Alerts,longer,0.01,easy
Email Alerts,causing,0.66,hard
Email Alerts,current,0.01,easy
Email Alerts,another,0.0,easy
Email Alerts,enhancement,0.76,hard
Email Alerts,glancing,0.76,hard
Email Alerts,blow,0.02,easy
Email Alerts,associated,0.64,hard
Email Alerts,sweep,0.39,easy
Email Alerts,solar,0.73,hard
Email Alerts,activity,0.36,easy
Email Alerts,section,0.1,easy
Email Alerts,summary,0.7,hard
Email Alerts,geomagnetic,0.84,hard
Email Alerts,field,0.0,easy
Email Alerts,active,0.11,easy
Email Alerts,synoptic,0.77,hard
Email Alerts,period,0.01,easy
Email Alerts,mostly,0.22,easy
Email Alerts,warning,0.28,easy
Email Alerts,remains,0.19,easy
Email Alerts,valid,0.58,hard
Email Alerts,forecast,0.57,hard
Email Alerts,geomagnetic,0.84,hard
Email Alerts,geomagnetic,0.84,hard
Email Alerts,storm,0.38,easy
Email Alerts,however,0.0,easy
Email Alerts,weak,0.21,easy
Email Alerts,passing,0.25,easy
Email Alerts,multiple,0.19,easy
Email Alerts,small,0.0,easy
Email Alerts,disk,0.42,easy
Email Alerts,coming,0.01,easy
Email Alerts,day,0.0,easy
Email Alerts,field,0.0,easy
Email Alerts,chance,0.01,easy
Email Alerts,confidence,0.26,easy
Email Alerts,remains,0.19,easy
Email Alerts,especially,0.02,easy
Email Alerts,low,0.0,easy
Email Alerts,second,0.0,easy
Email Alerts,passing,0.25,easy
Email Alerts,blow,0.02,easy
Email Alerts,associated,0.64,hard
Email Alerts,solar,0.73,hard
Email Alerts,activity,0.36,easy
Email Alerts,section,0.1,easy
Email Alerts,high,0.0,easy
Email Alerts,speed,0.15,easy
Email Alerts,stream,0.37,easy
Email Alerts,positive,0.23,easy
Email Alerts,polarity,0.79,hard
Email Alerts,coronal,0.76,hard
Email Alerts,hole,0.1,easy
Email Alerts,number,0.0,easy
Email Alerts,active,0.11,easy
Email Alerts,activity,0.36,easy
Email Alerts,activity,0.36,easy
Email Alerts,low,0.0,easy
Email Alerts,past,0.0,easy
Email Alerts,currently,0.54,easy
Email Alerts,sunspot,0.74,hard
Email Alerts,activity,0.36,easy
Email Alerts,forecast,0.57,hard
Email Alerts,solar,0.73,hard
Email Alerts,geophysical,0.81,hard
Email Alerts,activity,0.36,easy
Email Alerts,geomagnetic,0.84,hard
Email Alerts,field,0.0,easy
Email Alerts,past,0.0,easy
Email Alerts,solar,0.73,hard
Email Alerts,wind,0.05,easy
Email Alerts,speed,0.15,easy
Email Alerts,total,0.02,easy
Email Alerts,maximum,0.47,easy
Email Alerts,southward,0.71,hard
Email Alerts,greater,0.1,easy
Email Alerts,orbit,0.63,hard
Email Alerts,geophysical,0.81,hard
Email Alerts,activity,0.36,easy
Email Alerts,forecast,0.57,hard
Email Alerts,geomagnetic,0.84,hard
Email Alerts,number,0.0,easy
Email Alerts,active,0.11,easy
Email Alerts,activity,0.36,easy
Email Alerts,activity,0.36,easy
Email Alerts,low,0.0,easy
Email Alerts,past,0.0,easy
Email Alerts,currently,0.54,easy
Email Alerts,sunspot,0.74,hard
Email Alerts,activity,0.36,easy
Email Alerts,forecast,0.57,hard
Email Alerts,solar,0.73,hard
Email Alerts,low,0.0,easy
Email Alerts,chance,0.01,easy
Email Alerts,geophysical,0.81,hard
Email Alerts,activity,0.36,easy
Email Alerts,geomagnetic,0.84,hard
Email Alerts,field,0.0,easy
Email Alerts,past,0.0,easy
Email Alerts,solar,0.73,hard
Email Alerts,wind,0.05,easy
Email Alerts,speed,0.15,easy
Email Alerts,total,0.02,easy
Email Alerts,maximum,0.47,easy
Email Alerts,southward,0.71,hard
Email Alerts,greater,0.1,easy
Email Alerts,orbit,0.63,hard
Email Alerts,geophysical,0.81,hard
Email Alerts,activity,0.36,easy
Email Alerts,forecast,0.57,hard
Email Alerts,geomagnetic,0.84,hard
Email Alerts,number,0.0,easy
Email Alerts,active,0.11,easy
Email Alerts,activity,0.36,easy
Email Alerts,activity,0.36,easy
Email Alerts,low,0.0,easy
Email Alerts,past,0.0,easy
Email Alerts,currently,0.54,easy
Email Alerts,sunspot,0.74,hard
Email Alerts,activity,0.36,easy
Email Alerts,forecast,0.57,hard
Email Alerts,solar,0.73,hard
Email Alerts,geophysical,0.81,hard
Email Alerts,activity,0.36,easy
Email Alerts,geomagnetic,0.84,hard
Email Alerts,field,0.0,easy
Email Alerts,past,0.0,easy
Email Alerts,solar,0.73,hard
Email Alerts,wind,0.05,easy
Email Alerts,speed,0.15,easy
Email Alerts,total,0.02,easy
Email Alerts,maximum,0.47,easy
Email Alerts,southward,0.71,hard
Email Alerts,greater,0.1,easy
Email Alerts,orbit,0.63,hard
Email Alerts,geophysical,0.81,hard
Email Alerts,activity,0.36,easy
Email Alerts,forecast,0.57,hard
Email Alerts,geomagnetic,0.84,hard
Email Alerts,number,0.0,easy
Email Alerts,active,0.11,easy
Email Alerts,activity,0.36,easy
Email Alerts,activity,0.36,easy
Email Alerts,low,0.0,easy
Email Alerts,past,0.0,easy
Email Alerts,currently,0.54,easy
Email Alerts,sunspot,0.74,hard
Email Alerts,activity,0.36,easy
Email Alerts,forecast,0.57,hard
Email Alerts,solar,0.73,hard
Email Alerts,geophysical,0.81,hard
Email Alerts,activity,0.36,easy
Email Alerts,geomagnetic,0.84,hard
Email Alerts,field,0.0,easy
Email Alerts,past,0.0,easy
Email Alerts,solar,0.73,hard
Email Alerts,wind,0.05,easy
Email Alerts,speed,0.15,easy
Email Alerts,total,0.02,easy
Email Alerts,maximum,0.47,easy
Email Alerts,southward,0.71,hard
Email Alerts,greater,0.1,easy
Email Alerts,orbit,0.63,hard
Email Alerts,geophysical,0.81,hard
Email Alerts,activity,0.36,easy
Email Alerts,forecast,0.57,hard
Email Alerts,geomagnetic,0.84,hard
Email Alerts,number,0.0,easy
Email Alerts,active,0.11,easy
Email Alerts,activity,0.36,easy
Email Alerts,activity,0.36,easy
Email Alerts,low,0.0,easy
Email Alerts,past,0.0,easy
Email Alerts,currently,0.54,easy
Email Alerts,sunspot,0.74,hard
Email Alerts,activity,0.36,easy
Email Alerts,forecast,0.57,hard
Email Alerts,solar,0.73,hard
Email Alerts,geophysical,0.81,hard
Email Alerts,activity,0.36,easy
Email Alerts,geomagnetic,0.84,hard
Email Alerts,field,0.0,easy
Email Alerts,past,0.0,easy
Email Alerts,solar,0.73,hard
Email Alerts,wind,0.05,easy
Email Alerts,speed,0.15,easy
Email Alerts,total,0.02,easy
Email Alerts,maximum,0.47,easy
Email Alerts,southward,0.71,hard
Email Alerts,greater,0.1,easy
Email Alerts,orbit,0.63,hard
Email Alerts,geophysical,0.81,hard
Email Alerts,activity,0.36,easy
Email Alerts,forecast,0.57,hard
Email Alerts,geomagnetic,0.84,hard
Email Alerts,number,0.0,easy
Email Alerts,active,0.11,easy
Email Alerts,activity,0.36,easy
Email Alerts,activity,0.36,easy
Email Alerts,low,0.0,easy
Email Alerts,past,0.0,easy
Email Alerts,currently,0.54,easy
Email Alerts,sunspot,0.74,hard
Email Alerts,activity,0.36,easy
Email Alerts,forecast,0.57,hard
Email Alerts,solar,0.73,hard
Email Alerts,geophysical,0.81,hard
Email Alerts,activity,0.36,easy
Email Alerts,geomagnetic,0.84,hard
Email Alerts,field,0.0,easy
Email Alerts,past,0.0,easy
Email Alerts,solar,0.73,hard
Email Alerts,wind,0.05,easy
Email Alerts,speed,0.15,easy
Email Alerts,total,0.02,easy
Email Alerts,maximum,0.47,easy
Email Alerts,southward,0.71,hard
Email Alerts,greater,0.1,easy
Email Alerts,orbit,0.63,hard
Email Alerts,geophysical,0.81,hard
Email Alerts,activity,0.36,easy
Email Alerts,forecast,0.57,hard
Email Alerts,geomagnetic,0.84,hard
Email Alerts,number,0.0,easy
Email Alerts,active,0.11,easy
Email Alerts,activity,0.36,easy
Email Alerts,activity,0.36,easy
Email Alerts,low,0.0,easy
Email Alerts,past,0.0,easy
Email Alerts,currently,0.54,easy
Email Alerts,sunspot,0.74,hard
Email Alerts,activity,0.36,easy
Email Alerts,forecast,0.57,hard
Email Alerts,solar,0.73,hard
Email Alerts,geophysical,0.81,hard
Email Alerts,activity,0.36,easy
Email Alerts,geomagnetic,0.84,hard
Email Alerts,field,0.0,easy
Email Alerts,past,0.0,easy
Email Alerts,solar,0.73,hard
Email Alerts,wind,0.05,easy
Email Alerts,speed,0.15,easy
Email Alerts,total,0.02,easy
Email Alerts,maximum,0.47,easy
Email Alerts,southward,0.71,hard
Email Alerts,greater,0.1,easy
Email Alerts,orbit,0.63,hard
Email Alerts,geophysical,0.81,hard
Email Alerts,activity,0.36,easy
Email Alerts,forecast,0.57,hard
Email Alerts,geomagnetic,0.84,hard
Email Alerts,number,0.0,easy
Email Alerts,active,0.11,easy
Email Alerts,activity,0.36,easy
Email Alerts,activity,0.36,easy
Email Alerts,low,0.0,easy
Email Alerts,past,0.0,easy
Email Alerts,currently,0.54,easy
Email Alerts,sunspot,0.74,hard
Email Alerts,activity,0.36,easy
Email Alerts,forecast,0.57,hard
Email Alerts,solar,0.73,hard
Email Alerts,geophysical,0.81,hard
Email Alerts,activity,0.36,easy
Email Alerts,geomagnetic,0.84,hard
Email Alerts,field,0.0,easy
Email Alerts,past,0.0,easy
Email Alerts,solar,0.73,hard
Email Alerts,wind,0.05,easy
Email Alerts,speed,0.15,easy
Email Alerts,greater,0.1,easy
Email Alerts,orbit,0.63,hard
Email Alerts,geophysical,0.81,hard
Email Alerts,activity,0.36,easy
Email Alerts,forecast,0.57,hard
Email Alerts,geomagnetic,0.84,hard
Email Alerts,number,0.0,easy
Email Alerts,active,0.11,easy
Email Alerts,activity,0.36,easy
Email Alerts,activity,0.36,easy
Email Alerts,low,0.0,easy
Email Alerts,past,0.0,easy
Email Alerts,currently,0.54,easy
Email Alerts,sunspot,0.74,hard
Email Alerts,activity,0.36,easy
Email Alerts,forecast,0.57,hard
Email Alerts,solar,0.73,hard
Email Alerts,geophysical,0.81,hard
Email Alerts,activity,0.36,easy
Email Alerts,geomagnetic,0.84,hard
Email Alerts,field,0.0,easy
Email Alerts,past,0.0,easy
Email Alerts,solar,0.73,hard
Email Alerts,wind,0.05,easy
Email Alerts,speed,0.15,easy
Email Alerts,total,0.02,easy
Email Alerts,maximum,0.47,easy
Email Alerts,southward,0.71,hard
Email Alerts,greater,0.1,easy
Email Alerts,orbit,0.63,hard
Email Alerts,geophysical,0.81,hard
Email Alerts,activity,0.36,easy
Email Alerts,forecast,0.57,hard
Email Alerts,geomagnetic,0.84,hard
Email Alerts,number,0.0,easy
Email Alerts,active,0.11,easy
Email Alerts,activity,0.36,easy
Email Alerts,activity,0.36,easy
Email Alerts,low,0.0,easy
Email Alerts,past,0.0,easy
Email Alerts,currently,0.54,easy
Email Alerts,sunspot,0.74,hard
Email Alerts,activity,0.36,easy
Email Alerts,forecast,0.57,hard
Email Alerts,solar,0.73,hard
Email Alerts,geophysical,0.81,hard
Email Alerts,activity,0.36,easy
Email Alerts,geomagnetic,0.84,hard
Email Alerts,field,0.0,easy
Email Alerts,past,0.0,easy
Email Alerts,solar,0.73,hard
Email Alerts,wind,0.05,easy
Email Alerts,speed,0.15,easy
Email Alerts,total,0.02,easy
Email Alerts,maximum,0.47,easy
Email Alerts,southward,0.71,hard
Email Alerts,greater,0.1,easy
Email Alerts,orbit,0.63,hard
Email Alerts,geophysical,0.81,hard
Email Alerts,activity,0.36,easy
Email Alerts,forecast,0.57,hard
Email Alerts,geomagnetic,0.84,hard
Email Alerts,number,0.0,easy
Email Alerts,active,0.11,easy
Email Alerts,activity,0.36,easy
Email Alerts,activity,0.36,easy
Email Alerts,low,0.0,easy
Email Alerts,past,0.0,easy
Email Alerts,currently,0.54,easy
Email Alerts,sunspot,0.74,hard
Email Alerts,activity,0.36,easy
Email Alerts,forecast,0.57,hard
Email Alerts,solar,0.73,hard
Email Alerts,low,0.0,easy
Email Alerts,chance,0.01,easy
Email Alerts,geophysical,0.81,hard
Email Alerts,activity,0.36,easy
Email Alerts,geomagnetic,0.84,hard
Email Alerts,field,0.0,easy
Email Alerts,past,0.0,easy
Email Alerts,solar,0.73,hard
Email Alerts,wind,0.05,easy
Email Alerts,speed,0.15,easy
Email Alerts,total,0.02,easy
Email Alerts,maximum,0.47,easy
Email Alerts,southward,0.71,hard
Email Alerts,greater,0.1,easy
Email Alerts,orbit,0.63,hard
Email Alerts,geophysical,0.81,hard
Email Alerts,activity,0.36,easy
Email Alerts,forecast,0.57,hard
Email Alerts,geomagnetic,0.84,hard
Email Alerts,quiet,0.04,easy
Email Alerts,number,0.0,easy
Email Alerts,active,0.11,easy
Email Alerts,activity,0.36,easy
Email Alerts,activity,0.36,easy
Email Alerts,low,0.0,easy
Email Alerts,past,0.0,easy
Email Alerts,currently,0.54,easy
Email Alerts,sunspot,0.74,hard
Email Alerts,activity,0.36,easy
Email Alerts,forecast,0.57,hard
Email Alerts,solar,0.73,hard
Email Alerts,low,0.0,easy
Email Alerts,chance,0.01,easy
Email Alerts,low,0.0,easy
Email Alerts,chance,0.01,easy
Email Alerts,geophysical,0.81,hard
Email Alerts,activity,0.36,easy
Email Alerts,geomagnetic,0.84,hard
Email Alerts,field,0.0,easy
Email Alerts,past,0.0,easy
Email Alerts,solar,0.73,hard
Email Alerts,wind,0.05,easy
Email Alerts,speed,0.15,easy
Email Alerts,total,0.02,easy
Email Alerts,maximum,0.47,easy
Email Alerts,southward,0.71,hard
Email Alerts,greater,0.1,easy
Email Alerts,orbit,0.63,hard
Email Alerts,geophysical,0.81,hard
Email Alerts,activity,0.36,easy
Email Alerts,forecast,0.57,hard
Email Alerts,geomagnetic,0.84,hard
Email Alerts,number,0.0,easy
Email Alerts,active,0.11,easy
Email Alerts,activity,0.36,easy
Email Alerts,activity,0.36,easy
Email Alerts,low,0.0,easy
Email Alerts,past,0.0,easy
Email Alerts,currently,0.54,easy
Email Alerts,sunspot,0.74,hard
Email Alerts,activity,0.36,easy
Email Alerts,forecast,0.57,hard
Email Alerts,solar,0.73,hard
Email Alerts,geophysical,0.81,hard
Email Alerts,activity,0.36,easy
Email Alerts,geomagnetic,0.84,hard
Email Alerts,field,0.0,easy
Email Alerts,past,0.0,easy
Email Alerts,solar,0.73,hard
Email Alerts,wind,0.05,easy
Email Alerts,speed,0.15,easy
Email Alerts,greater,0.1,easy
Email Alerts,orbit,0.63,hard
Email Alerts,geophysical,0.81,hard
Email Alerts,activity,0.36,easy
Email Alerts,forecast,0.57,hard
Email Alerts,geomagnetic,0.84,hard
Email Alerts,number,0.0,easy
Email Alerts,active,0.11,easy
Email Alerts,activity,0.36,easy
Email Alerts,activity,0.36,easy
Email Alerts,low,0.0,easy
Email Alerts,past,0.0,easy
Email Alerts,solar,0.73,hard
Email Alerts,period,0.01,easy
Email Alerts,event,0.05,easy
Email Alerts,currently,0.54,easy
Email Alerts,sunspot,0.74,hard
Email Alerts,activity,0.36,easy
Email Alerts,forecast,0.57,hard
Email Alerts,solar,0.73,hard
Email Alerts,low,0.0,easy
Email Alerts,geophysical,0.81,hard
Email Alerts,activity,0.36,easy
Email Alerts,geomagnetic,0.84,hard
Email Alerts,field,0.0,easy
Email Alerts,past,0.0,easy
Email Alerts,solar,0.73,hard
Email Alerts,wind,0.05,easy
Email Alerts,speed,0.15,easy
Email Alerts,greater,0.1,easy
Email Alerts,orbit,0.63,hard
Email Alerts,geophysical,0.81,hard
Email Alerts,activity,0.36,easy
Email Alerts,forecast,0.57,hard
Email Alerts,geomagnetic,0.84,hard
Email Alerts,number,0.0,easy
Email Alerts,active,0.11,easy
Email Alerts,activity,0.36,easy
Email Alerts,activity,0.36,easy
Email Alerts,past,0.0,easy
Email Alerts,solar,0.73,hard
Email Alerts,period,0.01,easy
Email Alerts,event,0.05,easy
Email Alerts,currently,0.54,easy
Email Alerts,sunspot,0.74,hard
Email Alerts,activity,0.36,easy
Email Alerts,forecast,0.57,hard
Email Alerts,solar,0.73,hard
Email Alerts,low,0.0,easy
Email Alerts,geophysical,0.81,hard
Email Alerts,activity,0.36,easy
Email Alerts,geomagnetic,0.84,hard
Email Alerts,field,0.0,easy
Email Alerts,past,0.0,easy
Email Alerts,solar,0.73,hard
Email Alerts,wind,0.05,easy
Email Alerts,speed,0.15,easy
Email Alerts,total,0.02,easy
Email Alerts,maximum,0.47,easy
Email Alerts,southward,0.71,hard
Email Alerts,greater,0.1,easy
Email Alerts,orbit,0.63,hard
Email Alerts,geophysical,0.81,hard
Email Alerts,activity,0.36,easy
Email Alerts,forecast,0.57,hard
Email Alerts,geomagnetic,0.84,hard
Email Alerts,quiet,0.04,easy
Email Alerts,number,0.0,easy
Email Alerts,active,0.11,easy
Email Alerts,activity,0.36,easy
Email Alerts,activity,0.36,easy
Email Alerts,past,0.0,easy
Email Alerts,solar,0.73,hard
Email Alerts,period,0.01,easy
Email Alerts,event,0.05,easy
Email Alerts,currently,0.54,easy
Email Alerts,sunspot,0.74,hard
Email Alerts,activity,0.36,easy
Email Alerts,forecast,0.57,hard
Email Alerts,solar,0.73,hard
Email Alerts,geophysical,0.81,hard
Email Alerts,activity,0.36,easy
Email Alerts,geomagnetic,0.84,hard
Email Alerts,field,0.0,easy
Email Alerts,past,0.0,easy
Email Alerts,solar,0.73,hard
Email Alerts,wind,0.05,easy
Email Alerts,speed,0.15,easy
Email Alerts,greater,0.1,easy
Email Alerts,orbit,0.63,hard
Email Alerts,geophysical,0.81,hard
Email Alerts,activity,0.36,easy
Email Alerts,forecast,0.57,hard
Email Alerts,geomagnetic,0.84,hard
Email Alerts,storm,0.38,easy
Email Alerts,number,0.0,easy
Email Alerts,active,0.11,easy
Email Alerts,activity,0.36,easy
Email Alerts,activity,0.36,easy
Email Alerts,past,0.0,easy
Email Alerts,solar,0.73,hard
Email Alerts,period,0.01,easy
Email Alerts,event,0.05,easy
Email Alerts,currently,0.54,easy
Email Alerts,sunspot,0.74,hard
Email Alerts,activity,0.36,easy
Email Alerts,forecast,0.57,hard
Email Alerts,solar,0.73,hard
Email Alerts,low,0.0,easy
Email Alerts,geophysical,0.81,hard
Email Alerts,activity,0.36,easy
Email Alerts,geomagnetic,0.84,hard
Email Alerts,field,0.0,easy
Email Alerts,past,0.0,easy
Email Alerts,solar,0.73,hard
Email Alerts,wind,0.05,easy
Email Alerts,speed,0.15,easy
Email Alerts,total,0.02,easy
Email Alerts,maximum,0.47,easy
Email Alerts,southward,0.71,hard
Email Alerts,greater,0.1,easy
Email Alerts,orbit,0.63,hard
Email Alerts,geophysical,0.81,hard
Email Alerts,activity,0.36,easy
Email Alerts,forecast,0.57,hard
Email Alerts,geomagnetic,0.84,hard
Email Alerts,number,0.0,easy
Email Alerts,active,0.11,easy
Email Alerts,activity,0.36,easy
Email Alerts,activity,0.36,easy
Email Alerts,past,0.0,easy
Email Alerts,solar,0.73,hard
Email Alerts,period,0.01,easy
Email Alerts,event,0.05,easy
Email Alerts,currently,0.54,easy
Email Alerts,sunspot,0.74,hard
Email Alerts,activity,0.36,easy
Email Alerts,forecast,0.57,hard
Email Alerts,solar,0.73,hard
Email Alerts,low,0.0,easy
Email Alerts,chance,0.01,easy
Email Alerts,geophysical,0.81,hard
Email Alerts,activity,0.36,easy
Email Alerts,geomagnetic,0.84,hard
Email Alerts,field,0.0,easy
Email Alerts,past,0.0,easy
Email Alerts,solar,0.73,hard
Email Alerts,wind,0.05,easy
Email Alerts,speed,0.15,easy
Email Alerts,greater,0.1,easy
Email Alerts,orbit,0.63,hard
Email Alerts,geophysical,0.81,hard
Email Alerts,activity,0.36,easy
Email Alerts,forecast,0.57,hard
Email Alerts,geomagnetic,0.84,hard
Email Alerts,storm,0.38,easy
Email Alerts,number,0.0,easy
Email Alerts,active,0.11,easy
Email Alerts,activity,0.36,easy
Email Alerts,activity,0.36,easy
Email Alerts,past,0.0,easy
Email Alerts,solar,0.73,hard
Email Alerts,period,0.01,easy
Email Alerts,event,0.05,easy
Email Alerts,currently,0.54,easy
Email Alerts,sunspot,0.74,hard
Email Alerts,activity,0.36,easy
Email Alerts,forecast,0.57,hard
Email Alerts,solar,0.73,hard
Email Alerts,low,0.0,easy
Email Alerts,chance,0.01,easy
Email Alerts,geophysical,0.81,hard
Email Alerts,activity,0.36,easy
Email Alerts,geomagnetic,0.84,hard
Email Alerts,field,0.0,easy
Email Alerts,past,0.0,easy
Email Alerts,solar,0.73,hard
Email Alerts,wind,0.05,easy
Email Alerts,speed,0.15,easy
Email Alerts,greater,0.1,easy
Email Alerts,orbit,0.63,hard
Email Alerts,geophysical,0.81,hard
Email Alerts,activity,0.36,easy
Email Alerts,forecast,0.57,hard
Email Alerts,geomagnetic,0.84,hard
Email Alerts,quiet,0.04,easy
Email Alerts,number,0.0,easy
Email Alerts,active,0.11,easy
Email Alerts,activity,0.36,easy
Email Alerts,activity,0.36,easy
Email Alerts,past,0.0,easy
Email Alerts,solar,0.73,hard
Email Alerts,period,0.01,easy
Email Alerts,event,0.05,easy
Email Alerts,currently,0.54,easy
Email Alerts,sunspot,0.74,hard
Email Alerts,activity,0.36,easy
Email Alerts,forecast,0.57,hard
Email Alerts,solar,0.73,hard
Email Alerts,low,0.0,easy
Email Alerts,geophysical,0.81,hard
Email Alerts,activity,0.36,easy
Email Alerts,geomagnetic,0.84,hard
Email Alerts,field,0.0,easy
Email Alerts,past,0.0,easy
Email Alerts,solar,0.73,hard
Email Alerts,wind,0.05,easy
Email Alerts,speed,0.15,easy
Email Alerts,total,0.02,easy
Email Alerts,maximum,0.47,easy
Email Alerts,southward,0.71,hard
Email Alerts,greater,0.1,easy
Email Alerts,orbit,0.63,hard
Email Alerts,geophysical,0.81,hard
Email Alerts,activity,0.36,easy
Email Alerts,forecast,0.57,hard
Email Alerts,geomagnetic,0.84,hard
Email Alerts,number,0.0,easy
Email Alerts,active,0.11,easy
Email Alerts,activity,0.36,easy
Email Alerts,activity,0.36,easy
Email Alerts,past,0.0,easy
Email Alerts,solar,0.73,hard
Email Alerts,period,0.01,easy
Email Alerts,event,0.05,easy
Email Alerts,currently,0.54,easy
Email Alerts,sunspot,0.74,hard
Email Alerts,activity,0.36,easy
Email Alerts,forecast,0.57,hard
Email Alerts,solar,0.73,hard
Email Alerts,low,0.0,easy
Email Alerts,chance,0.01,easy
Email Alerts,low,0.0,easy
Email Alerts,chance,0.01,easy
Email Alerts,geophysical,0.81,hard
Email Alerts,activity,0.36,easy
Email Alerts,geomagnetic,0.84,hard
Email Alerts,field,0.0,easy
Email Alerts,past,0.0,easy
Email Alerts,solar,0.73,hard
Email Alerts,wind,0.05,easy
Email Alerts,speed,0.15,easy
Email Alerts,total,0.02,easy
Email Alerts,maximum,0.47,easy
Email Alerts,southward,0.71,hard
Email Alerts,greater,0.1,easy
Email Alerts,orbit,0.63,hard
Email Alerts,geophysical,0.81,hard
Email Alerts,activity,0.36,easy
Email Alerts,forecast,0.57,hard
Email Alerts,geomagnetic,0.84,hard
Email Alerts,storm,0.38,easy
Email Alerts,number,0.0,easy
Email Alerts,active,0.11,easy
Email Alerts,activity,0.36,easy
Email Alerts,activity,0.36,easy
Email Alerts,low,0.0,easy
Email Alerts,past,0.0,easy
Email Alerts,currently,0.54,easy
Email Alerts,sunspot,0.74,hard
Email Alerts,activity,0.36,easy
Email Alerts,forecast,0.57,hard
Email Alerts,solar,0.73,hard
Email Alerts,low,0.0,easy
Email Alerts,chance,0.01,easy
Email Alerts,geophysical,0.81,hard
Email Alerts,activity,0.36,easy
Email Alerts,geomagnetic,0.84,hard
Email Alerts,field,0.0,easy
Email Alerts,past,0.0,easy
Email Alerts,solar,0.73,hard
Email Alerts,wind,0.05,easy
Email Alerts,speed,0.15,easy
Email Alerts,total,0.02,easy
Email Alerts,maximum,0.47,easy
Email Alerts,southward,0.71,hard
Email Alerts,greater,0.1,easy
Email Alerts,orbit,0.63,hard
Email Alerts,geophysical,0.81,hard
Email Alerts,activity,0.36,easy
Email Alerts,forecast,0.57,hard
Email Alerts,geomagnetic,0.84,hard
Email Alerts,quiet,0.04,easy
Email Alerts,number,0.0,easy
Email Alerts,active,0.11,easy
Email Alerts,activity,0.36,easy
Email Alerts,activity,0.36,easy
Email Alerts,past,0.0,easy
Email Alerts,solar,0.73,hard
Email Alerts,period,0.01,easy
Email Alerts,event,0.05,easy
Email Alerts,currently,0.54,easy
Email Alerts,sunspot,0.74,hard
Email Alerts,activity,0.36,easy
Email Alerts,forecast,0.57,hard
Email Alerts,solar,0.73,hard
Email Alerts,low,0.0,easy
Email Alerts,chance,0.01,easy
Email Alerts,geophysical,0.81,hard
Email Alerts,activity,0.36,easy
Email Alerts,geomagnetic,0.84,hard
Email Alerts,field,0.0,easy
Email Alerts,past,0.0,easy
Email Alerts,solar,0.73,hard
Email Alerts,wind,0.05,easy
Email Alerts,speed,0.15,easy
Email Alerts,total,0.02,easy
Email Alerts,maximum,0.47,easy
Email Alerts,southward,0.71,hard
Email Alerts,greater,0.1,easy
Email Alerts,orbit,0.63,hard
Email Alerts,geophysical,0.81,hard
Email Alerts,activity,0.36,easy
Email Alerts,forecast,0.57,hard
Email Alerts,geomagnetic,0.84,hard
Email Alerts,storm,0.38,easy
Email Alerts,storm,0.38,easy
Email Alerts,number,0.0,easy
Email Alerts,active,0.11,easy
Email Alerts,activity,0.36,easy
Email Alerts,activity,0.36,easy
Email Alerts,past,0.0,easy
Email Alerts,solar,0.73,hard
Email Alerts,period,0.01,easy
Email Alerts,event,0.05,easy
Email Alerts,currently,0.54,easy
Email Alerts,sunspot,0.74,hard
Email Alerts,activity,0.36,easy
Email Alerts,forecast,0.57,hard
Email Alerts,solar,0.73,hard
Email Alerts,low,0.0,easy
Email Alerts,chance,0.01,easy
Email Alerts,geophysical,0.81,hard
Email Alerts,activity,0.36,easy
Email Alerts,geomagnetic,0.84,hard
Email Alerts,field,0.0,easy
Email Alerts,past,0.0,easy
Email Alerts,solar,0.73,hard
Email Alerts,wind,0.05,easy
Email Alerts,speed,0.15,easy
Email Alerts,total,0.02,easy
Email Alerts,maximum,0.47,easy
Email Alerts,southward,0.71,hard
Email Alerts,greater,0.1,easy
Email Alerts,orbit,0.63,hard
Email Alerts,geophysical,0.81,hard
Email Alerts,activity,0.36,easy
Email Alerts,forecast,0.57,hard
Email Alerts,geomagnetic,0.84,hard
Email Alerts,storm,0.38,easy
Email Alerts,storm,0.38,easy
Email Alerts,number,0.0,easy
Email Alerts,active,0.11,easy
Email Alerts,activity,0.36,easy
Email Alerts,activity,0.36,easy
Email Alerts,past,0.0,easy
Email Alerts,solar,0.73,hard
Email Alerts,period,0.01,easy
Email Alerts,event,0.05,easy
Email Alerts,currently,0.54,easy
Email Alerts,sunspot,0.74,hard
Email Alerts,activity,0.36,easy
Email Alerts,forecast,0.57,hard
Email Alerts,solar,0.73,hard
Email Alerts,low,0.0,easy
Email Alerts,chance,0.01,easy
Email Alerts,low,0.0,easy
Email Alerts,geophysical,0.81,hard
Email Alerts,activity,0.36,easy
Email Alerts,geomagnetic,0.84,hard
Email Alerts,field,0.0,easy
Email Alerts,storm,0.38,easy
Email Alerts,past,0.0,easy
Email Alerts,solar,0.73,hard
Email Alerts,wind,0.05,easy
Email Alerts,speed,0.15,easy
Email Alerts,total,0.02,easy
Email Alerts,maximum,0.47,easy
Email Alerts,southward,0.71,hard
Email Alerts,greater,0.1,easy
Email Alerts,orbit,0.63,hard
Email Alerts,geophysical,0.81,hard
Email Alerts,activity,0.36,easy
Email Alerts,forecast,0.57,hard
Email Alerts,geomagnetic,0.84,hard
Email Alerts,storm,0.38,easy
Email Alerts,unsettled,0.72,hard
Email Alerts,number,0.0,easy
Email Alerts,active,0.11,easy
Email Alerts,activity,0.36,easy
Email Alerts,activity,0.36,easy
Email Alerts,past,0.0,easy
Email Alerts,solar,0.73,hard
Email Alerts,period,0.01,easy
Email Alerts,event,0.05,easy
Email Alerts,currently,0.54,easy
Email Alerts,sunspot,0.74,hard
Email Alerts,activity,0.36,easy
Email Alerts,forecast,0.57,hard
Email Alerts,solar,0.73,hard
Email Alerts,moderate,0.46,easy
Email Alerts,geophysical,0.81,hard
Email Alerts,activity,0.36,easy
Email Alerts,geomagnetic,0.84,hard
Email Alerts,field,0.0,easy
Email Alerts,past,0.0,easy
Email Alerts,solar,0.73,hard
Email Alerts,wind,0.05,easy
Email Alerts,speed,0.15,easy
Email Alerts,greater,0.1,easy
Email Alerts,orbit,0.63,hard
Email Alerts,geophysical,0.81,hard
Email Alerts,activity,0.36,easy
Email Alerts,forecast,0.57,hard
Email Alerts,geomagnetic,0.84,hard
Email Alerts,number,0.0,easy
Email Alerts,active,0.11,easy
Email Alerts,activity,0.36,easy
Email Alerts,activity,0.36,easy
Email Alerts,past,0.0,easy
Email Alerts,solar,0.73,hard
Email Alerts,period,0.01,easy
Email Alerts,event,0.05,easy
Email Alerts,currently,0.54,easy
Email Alerts,sunspot,0.74,hard
Email Alerts,activity,0.36,easy
Email Alerts,forecast,0.57,hard
Email Alerts,solar,0.73,hard
Email Alerts,low,0.0,easy
Email Alerts,chance,0.01,easy
Email Alerts,geophysical,0.81,hard
Email Alerts,activity,0.36,easy
Email Alerts,geomagnetic,0.84,hard
Email Alerts,field,0.0,easy
Email Alerts,storm,0.38,easy
Email Alerts,past,0.0,easy
Email Alerts,solar,0.73,hard
Email Alerts,wind,0.05,easy
Email Alerts,speed,0.15,easy
Email Alerts,total,0.02,easy
Email Alerts,maximum,0.47,easy
Email Alerts,southward,0.71,hard
Email Alerts,greater,0.1,easy
Email Alerts,orbit,0.63,hard
Email Alerts,geophysical,0.81,hard
Email Alerts,activity,0.36,easy
Email Alerts,forecast,0.57,hard
Email Alerts,geomagnetic,0.84,hard
Email Alerts,storm,0.38,easy
Email Alerts,number,0.0,easy
Email Alerts,active,0.11,easy
Email Alerts,activity,0.36,easy
Email Alerts,activity,0.36,easy
Email Alerts,past,0.0,easy
Email Alerts,solar,0.73,hard
Email Alerts,period,0.01,easy
Email Alerts,event,0.05,easy
Email Alerts,currently,0.54,easy
Email Alerts,sunspot,0.74,hard
Email Alerts,activity,0.36,easy
Email Alerts,forecast,0.57,hard
Email Alerts,solar,0.73,hard
Email Alerts,low,0.0,easy
Email Alerts,geophysical,0.81,hard
Email Alerts,activity,0.36,easy
Email Alerts,geomagnetic,0.84,hard
Email Alerts,field,0.0,easy
Email Alerts,past,0.0,easy
Email Alerts,solar,0.73,hard
Email Alerts,wind,0.05,easy
Email Alerts,speed,0.15,easy
Email Alerts,total,0.02,easy
Email Alerts,maximum,0.47,easy
Email Alerts,southward,0.71,hard
Email Alerts,greater,0.1,easy
Email Alerts,orbit,0.63,hard
Email Alerts,geophysical,0.81,hard
Email Alerts,activity,0.36,easy
Email Alerts,forecast,0.57,hard
Email Alerts,geomagnetic,0.84,hard
Email Alerts,number,0.0,easy
Email Alerts,active,0.11,easy
Email Alerts,activity,0.36,easy
Email Alerts,activity,0.36,easy
Email Alerts,past,0.0,easy
Email Alerts,solar,0.73,hard
Email Alerts,period,0.01,easy
Email Alerts,event,0.05,easy
Email Alerts,currently,0.54,easy
Email Alerts,sunspot,0.74,hard
Email Alerts,activity,0.36,easy
Email Alerts,forecast,0.57,hard
Email Alerts,solar,0.73,hard
Email Alerts,moderate,0.46,easy
Email Alerts,chance,0.01,easy
Email Alerts,geophysical,0.81,hard
Email Alerts,activity,0.36,easy
Email Alerts,geomagnetic,0.84,hard
Email Alerts,field,0.0,easy
Email Alerts,past,0.0,easy
Email Alerts,solar,0.73,hard
Email Alerts,wind,0.05,easy
Email Alerts,speed,0.15,easy
Email Alerts,total,0.02,easy
Email Alerts,maximum,0.47,easy
Email Alerts,southward,0.71,hard
Email Alerts,greater,0.1,easy
Email Alerts,orbit,0.63,hard
Email Alerts,geophysical,0.81,hard
Email Alerts,activity,0.36,easy
Email Alerts,forecast,0.57,hard
Email Alerts,geomagnetic,0.84,hard
Email Alerts,storm,0.38,easy
Email Alerts,storm,0.38,easy
Email Alerts,number,0.0,easy
Email Alerts,active,0.11,easy
Email Alerts,activity,0.36,easy
Email Alerts,activity,0.36,easy
Email Alerts,past,0.0,easy
Email Alerts,solar,0.73,hard
Email Alerts,period,0.01,easy
Email Alerts,event,0.05,easy
Email Alerts,currently,0.54,easy
Email Alerts,sunspot,0.74,hard
Email Alerts,activity,0.36,easy
Email Alerts,forecast,0.57,hard
Email Alerts,solar,0.73,hard
Email Alerts,low,0.0,easy
Email Alerts,chance,0.01,easy
Email Alerts,geophysical,0.81,hard
Email Alerts,activity,0.36,easy
Email Alerts,geomagnetic,0.84,hard
Email Alerts,field,0.0,easy
Email Alerts,past,0.0,easy
Email Alerts,solar,0.73,hard
Email Alerts,wind,0.05,easy
Email Alerts,speed,0.15,easy
Email Alerts,total,0.02,easy
Email Alerts,maximum,0.47,easy
Email Alerts,southward,0.71,hard
Email Alerts,greater,0.1,easy
Email Alerts,orbit,0.63,hard
Email Alerts,geophysical,0.81,hard
Email Alerts,activity,0.36,easy
Email Alerts,forecast,0.57,hard
Email Alerts,geomagnetic,0.84,hard
Email Alerts,storm,0.38,easy
Email Alerts,storm,0.38,easy
Email Alerts,number,0.0,easy
Email Alerts,active,0.11,easy
Email Alerts,activity,0.36,easy
Email Alerts,activity,0.36,easy
Email Alerts,past,0.0,easy
Email Alerts,solar,0.73,hard
Email Alerts,period,0.01,easy
Email Alerts,event,0.05,easy
Email Alerts,currently,0.54,easy
Email Alerts,sunspot,0.74,hard
Email Alerts,activity,0.36,easy
Email Alerts,forecast,0.57,hard
Email Alerts,solar,0.73,hard
Email Alerts,moderate,0.46,easy
Email Alerts,low,0.0,easy
Email Alerts,geophysical,0.81,hard
Email Alerts,activity,0.36,easy
Email Alerts,geomagnetic,0.84,hard
Email Alerts,field,0.0,easy
Email Alerts,past,0.0,easy
Email Alerts,solar,0.73,hard
Email Alerts,wind,0.05,easy
Email Alerts,speed,0.15,easy
Email Alerts,total,0.02,easy
Email Alerts,maximum,0.47,easy
Email Alerts,southward,0.71,hard
Email Alerts,greater,0.1,easy
Email Alerts,orbit,0.63,hard
Email Alerts,greater,0.1,easy
Email Alerts,orbit,0.63,hard
Email Alerts,geophysical,0.81,hard
Email Alerts,activity,0.36,easy
Email Alerts,forecast,0.57,hard
Email Alerts,geomagnetic,0.84,hard
Email Alerts,storm,0.38,easy
Email Alerts,storm,0.38,easy
Email Alerts,greater,0.1,easy
Email Alerts,number,0.0,easy
Email Alerts,active,0.11,easy
Email Alerts,activity,0.36,easy
Email Alerts,activity,0.36,easy
Email Alerts,past,0.0,easy
Email Alerts,solar,0.73,hard
Email Alerts,period,0.01,easy
Email Alerts,event,0.05,easy
Email Alerts,currently,0.54,easy
Email Alerts,sunspot,0.74,hard
Email Alerts,activity,0.36,easy
Email Alerts,forecast,0.57,hard
Email Alerts,solar,0.73,hard
Email Alerts,low,0.0,easy
Email Alerts,chance,0.01,easy
Email Alerts,geophysical,0.81,hard
Email Alerts,activity,0.36,easy
Email Alerts,geomagnetic,0.84,hard
Email Alerts,field,0.0,easy
Email Alerts,past,0.0,easy
Email Alerts,solar,0.73,hard
Email Alerts,wind,0.05,easy
Email Alerts,speed,0.15,easy
Email Alerts,total,0.02,easy
Email Alerts,maximum,0.47,easy
Email Alerts,southward,0.71,hard
Email Alerts,greater,0.1,easy
Email Alerts,orbit,0.63,hard
Email Alerts,geophysical,0.81,hard
Email Alerts,activity,0.36,easy
Email Alerts,forecast,0.57,hard
Email Alerts,geomagnetic,0.84,hard
Email Alerts,quiet,0.04,easy
Email Alerts,number,0.0,easy
Email Alerts,active,0.11,easy
Email Alerts,activity,0.36,easy
Email Alerts,activity,0.36,easy
Email Alerts,past,0.0,easy
Email Alerts,solar,0.73,hard
Email Alerts,period,0.01,easy
Email Alerts,event,0.05,easy
Email Alerts,currently,0.54,easy
Email Alerts,sunspot,0.74,hard
Email Alerts,activity,0.36,easy
Email Alerts,forecast,0.57,hard
Email Alerts,solar,0.73,hard
Email Alerts,moderate,0.46,easy
Email Alerts,low,0.0,easy
Email Alerts,chance,0.01,easy
Email Alerts,geophysical,0.81,hard
Email Alerts,activity,0.36,easy
Email Alerts,geomagnetic,0.84,hard
Email Alerts,field,0.0,easy
Email Alerts,past,0.0,easy
Email Alerts,solar,0.73,hard
Email Alerts,wind,0.05,easy
Email Alerts,speed,0.15,easy
Email Alerts,total,0.02,easy
Email Alerts,maximum,0.47,easy
Email Alerts,southward,0.71,hard
Email Alerts,greater,0.1,easy
Email Alerts,orbit,0.63,hard
Email Alerts,geophysical,0.81,hard
Email Alerts,activity,0.36,easy
Email Alerts,forecast,0.57,hard
Email Alerts,geomagnetic,0.84,hard
Email Alerts,storm,0.38,easy
Email Alerts,number,0.0,easy
Email Alerts,active,0.11,easy
Email Alerts,activity,0.36,easy
Email Alerts,activity,0.36,easy
Email Alerts,past,0.0,easy
Email Alerts,solar,0.73,hard
Email Alerts,period,0.01,easy
Email Alerts,event,0.05,easy
Email Alerts,currently,0.54,easy
Email Alerts,sunspot,0.74,hard
Email Alerts,activity,0.36,easy
Email Alerts,forecast,0.57,hard
Email Alerts,solar,0.73,hard
Email Alerts,low,0.0,easy
Email Alerts,chance,0.01,easy
Email Alerts,low,0.0,easy
Email Alerts,geophysical,0.81,hard
Email Alerts,activity,0.36,easy
Email Alerts,geomagnetic,0.84,hard
Email Alerts,field,0.0,easy
Email Alerts,past,0.0,easy
Email Alerts,solar,0.73,hard
Email Alerts,wind,0.05,easy
Email Alerts,speed,0.15,easy
Email Alerts,total,0.02,easy
Email Alerts,maximum,0.47,easy
Email Alerts,southward,0.71,hard
Email Alerts,greater,0.1,easy
Email Alerts,orbit,0.63,hard
Email Alerts,geophysical,0.81,hard
Email Alerts,activity,0.36,easy
Email Alerts,forecast,0.57,hard
Email Alerts,geomagnetic,0.84,hard
Email Alerts,quiet,0.04,easy
Email Alerts,number,0.0,easy
Email Alerts,active,0.11,easy
Email Alerts,activity,0.36,easy
Email Alerts,activity,0.36,easy
Email Alerts,past,0.0,easy
Email Alerts,solar,0.73,hard
Email Alerts,period,0.01,easy
Email Alerts,event,0.05,easy
Email Alerts,currently,0.54,easy
Email Alerts,sunspot,0.74,hard
Email Alerts,activity,0.36,easy
Email Alerts,forecast,0.57,hard
Email Alerts,solar,0.73,hard
Email Alerts,low,0.0,easy
Email Alerts,chance,0.01,easy
Email Alerts,geophysical,0.81,hard
Email Alerts,activity,0.36,easy
Email Alerts,geomagnetic,0.84,hard
Email Alerts,field,0.0,easy
Email Alerts,past,0.0,easy
Email Alerts,solar,0.73,hard
Email Alerts,wind,0.05,easy
Email Alerts,speed,0.15,easy
Email Alerts,total,0.02,easy
Email Alerts,maximum,0.47,easy
Email Alerts,southward,0.71,hard
Email Alerts,greater,0.1,easy
Email Alerts,orbit,0.63,hard
Email Alerts,geophysical,0.81,hard
Email Alerts,activity,0.36,easy
Email Alerts,forecast,0.57,hard
Email Alerts,geomagnetic,0.84,hard
Email Alerts,storm,0.38,easy
Email Alerts,number,0.0,easy
Email Alerts,active,0.11,easy
Email Alerts,activity,0.36,easy
Email Alerts,activity,0.36,easy
Email Alerts,past,0.0,easy
Email Alerts,solar,0.73,hard
Email Alerts,period,0.01,easy
Email Alerts,event,0.05,easy
Email Alerts,currently,0.54,easy
Email Alerts,sunspot,0.74,hard
Email Alerts,activity,0.36,easy
Email Alerts,forecast,0.57,hard
Email Alerts,solar,0.73,hard
Email Alerts,moderate,0.46,easy
Email Alerts,chance,0.01,easy
Email Alerts,geophysical,0.81,hard
Email Alerts,activity,0.36,easy
Email Alerts,geomagnetic,0.84,hard
Email Alerts,field,0.0,easy
Email Alerts,past,0.0,easy
Email Alerts,solar,0.73,hard
Email Alerts,wind,0.05,easy
Email Alerts,speed,0.15,easy
Email Alerts,total,0.02,easy
Email Alerts,maximum,0.47,easy
Email Alerts,southward,0.71,hard
Email Alerts,greater,0.1,easy
Email Alerts,orbit,0.63,hard
Email Alerts,geophysical,0.81,hard
Email Alerts,activity,0.36,easy
Email Alerts,forecast,0.57,hard
Email Alerts,geomagnetic,0.84,hard
Email Alerts,number,0.0,easy
Email Alerts,active,0.11,easy
Email Alerts,activity,0.36,easy
Email Alerts,activity,0.36,easy
Email Alerts,past,0.0,easy
Email Alerts,solar,0.73,hard
Email Alerts,period,0.01,easy
Email Alerts,event,0.05,easy
Email Alerts,currently,0.54,easy
Email Alerts,sunspot,0.74,hard
Email Alerts,activity,0.36,easy
Email Alerts,forecast,0.57,hard
Email Alerts,solar,0.73,hard
Email Alerts,moderate,0.46,easy
Email Alerts,chance,0.01,easy
Email Alerts,geophysical,0.81,hard
Email Alerts,activity,0.36,easy
Email Alerts,geomagnetic,0.84,hard
Email Alerts,field,0.0,easy
Email Alerts,past,0.0,easy
Email Alerts,solar,0.73,hard
Email Alerts,wind,0.05,easy
Email Alerts,speed,0.15,easy
Email Alerts,total,0.02,easy
Email Alerts,maximum,0.47,easy
Email Alerts,southward,0.71,hard
Email Alerts,greater,0.1,easy
Email Alerts,orbit,0.63,hard
Email Alerts,geophysical,0.81,hard
Email Alerts,activity,0.36,easy
Email Alerts,forecast,0.57,hard
Email Alerts,geomagnetic,0.84,hard
Email Alerts,quiet,0.04,easy
Email Alerts,number,0.0,easy
Email Alerts,active,0.11,easy
Email Alerts,activity,0.36,easy
Email Alerts,activity,0.36,easy
Email Alerts,past,0.0,easy
Email Alerts,solar,0.73,hard
Email Alerts,period,0.01,easy
Email Alerts,event,0.05,easy
Email Alerts,report,0.06,easy
Email Alerts,currently,0.54,easy
Email Alerts,sunspot,0.74,hard
Email Alerts,activity,0.36,easy
Email Alerts,forecast,0.57,hard
Email Alerts,solar,0.73,hard
Email Alerts,low,0.0,easy
Email Alerts,chance,0.01,easy
Email Alerts,geophysical,0.81,hard
Email Alerts,activity,0.36,easy
Email Alerts,geomagnetic,0.84,hard
Email Alerts,field,0.0,easy
Email Alerts,storm,0.38,easy
Email Alerts,past,0.0,easy
Email Alerts,solar,0.73,hard
Email Alerts,wind,0.05,easy
Email Alerts,speed,0.15,easy
Email Alerts,total,0.02,easy
Email Alerts,maximum,0.47,easy
Email Alerts,southward,0.71,hard
Email Alerts,greater,0.1,easy
Email Alerts,orbit,0.63,hard
Email Alerts,greater,0.1,easy
Email Alerts,orbit,0.63,hard
Email Alerts,geophysical,0.81,hard
Email Alerts,activity,0.36,easy
Email Alerts,forecast,0.57,hard
Email Alerts,geomagnetic,0.84,hard
Email Alerts,storm,0.38,easy
Email Alerts,greater,0.1,easy
Email Alerts,number,0.0,easy
Email Alerts,active,0.11,easy
Email Alerts,activity,0.36,easy
Email Alerts,activity,0.36,easy
Email Alerts,past,0.0,easy
Email Alerts,solar,0.73,hard
Email Alerts,period,0.01,easy
Email Alerts,event,0.05,easy
Email Alerts,currently,0.54,easy
Email Alerts,sunspot,0.74,hard
Email Alerts,activity,0.36,easy
Email Alerts,forecast,0.57,hard
Email Alerts,solar,0.73,hard
Email Alerts,low,0.0,easy
Email Alerts,geophysical,0.81,hard
Email Alerts,activity,0.36,easy
Email Alerts,geomagnetic,0.84,hard
Email Alerts,field,0.0,easy
Email Alerts,past,0.0,easy
Email Alerts,solar,0.73,hard
Email Alerts,wind,0.05,easy
Email Alerts,speed,0.15,easy
Email Alerts,total,0.02,easy
Email Alerts,maximum,0.47,easy
Email Alerts,southward,0.71,hard
Email Alerts,geophysical,0.81,hard
Email Alerts,activity,0.36,easy
Email Alerts,forecast,0.57,hard
Email Alerts,geomagnetic,0.84,hard
Email Alerts,number,0.0,easy
Email Alerts,active,0.11,easy
Email Alerts,activity,0.36,easy
Email Alerts,activity,0.36,easy
Email Alerts,past,0.0,easy
Email Alerts,solar,0.73,hard
Email Alerts,period,0.01,easy
Email Alerts,event,0.05,easy
Email Alerts,currently,0.54,easy
Email Alerts,sunspot,0.74,hard
Email Alerts,activity,0.36,easy
Email Alerts,forecast,0.57,hard
Email Alerts,solar,0.73,hard
Email Alerts,moderate,0.46,easy
Email Alerts,geophysical,0.81,hard
Email Alerts,activity,0.36,easy
Email Alerts,geomagnetic,0.84,hard
Email Alerts,field,0.0,easy
Email Alerts,past,0.0,easy
Email Alerts,solar,0.73,hard
Email Alerts,wind,0.05,easy
Email Alerts,speed,0.15,easy
Email Alerts,total,0.02,easy
Email Alerts,maximum,0.47,easy
Email Alerts,southward,0.71,hard
Email Alerts,greater,0.1,easy
Email Alerts,orbit,0.63,hard
Email Alerts,geophysical,0.81,hard
Email Alerts,activity,0.36,easy
Email Alerts,forecast,0.57,hard
Email Alerts,geomagnetic,0.84,hard
Email Alerts,storm,0.38,easy
Email Alerts,storm,0.38,easy
Email Alerts,number,0.0,easy
Email Alerts,active,0.11,easy
Email Alerts,activity,0.36,easy
Email Alerts,activity,0.36,easy
Email Alerts,past,0.0,easy
Email Alerts,solar,0.73,hard
Email Alerts,period,0.01,easy
Email Alerts,event,0.05,easy
Email Alerts,currently,0.54,easy
Email Alerts,sunspot,0.74,hard
Email Alerts,activity,0.36,easy
Email Alerts,forecast,0.57,hard
Email Alerts,solar,0.73,hard
Email Alerts,low,0.0,easy
Email Alerts,chance,0.01,easy
Email Alerts,geophysical,0.81,hard
Email Alerts,activity,0.36,easy
Email Alerts,geomagnetic,0.84,hard
Email Alerts,field,0.0,easy
Email Alerts,past,0.0,easy
Email Alerts,solar,0.73,hard
Email Alerts,wind,0.05,easy
Email Alerts,speed,0.15,easy
Email Alerts,total,0.02,easy
Email Alerts,maximum,0.47,easy
Email Alerts,southward,0.71,hard
Email Alerts,greater,0.1,easy
Email Alerts,orbit,0.63,hard
Email Alerts,geophysical,0.81,hard
Email Alerts,activity,0.36,easy
Email Alerts,forecast,0.57,hard
Email Alerts,geomagnetic,0.84,hard
Email Alerts,number,0.0,easy
Email Alerts,active,0.11,easy
Email Alerts,activity,0.36,easy
Email Alerts,activity,0.36,easy
Email Alerts,past,0.0,easy
Email Alerts,solar,0.73,hard
Email Alerts,period,0.01,easy
Email Alerts,event,0.05,easy
Email Alerts,currently,0.54,easy
Email Alerts,sunspot,0.74,hard
Email Alerts,activity,0.36,easy
Email Alerts,forecast,0.57,hard
Email Alerts,solar,0.73,hard
Email Alerts,moderate,0.46,easy
Email Alerts,geophysical,0.81,hard
Email Alerts,activity,0.36,easy
Email Alerts,geomagnetic,0.84,hard
Email Alerts,field,0.0,easy
Email Alerts,past,0.0,easy
Email Alerts,solar,0.73,hard
Email Alerts,wind,0.05,easy
Email Alerts,speed,0.15,easy
Email Alerts,total,0.02,easy
Email Alerts,maximum,0.47,easy
Email Alerts,southward,0.71,hard
Email Alerts,greater,0.1,easy
Email Alerts,orbit,0.63,hard
Email Alerts,geophysical,0.81,hard
Email Alerts,activity,0.36,easy
Email Alerts,forecast,0.57,hard
Email Alerts,geomagnetic,0.84,hard
Email Alerts,storm,0.38,easy
Email Alerts,number,0.0,easy
Email Alerts,active,0.11,easy
Email Alerts,activity,0.36,easy
Email Alerts,activity,0.36,easy
Email Alerts,past,0.0,easy
Email Alerts,solar,0.73,hard
Email Alerts,period,0.01,easy
Email Alerts,event,0.05,easy
Email Alerts,currently,0.54,easy
Email Alerts,sunspot,0.74,hard
Email Alerts,activity,0.36,easy
Email Alerts,forecast,0.57,hard
Email Alerts,solar,0.73,hard
Email Alerts,moderate,0.46,easy
Email Alerts,chance,0.01,easy
Email Alerts,geophysical,0.81,hard
Email Alerts,activity,0.36,easy
Email Alerts,geomagnetic,0.84,hard
Email Alerts,field,0.0,easy
Email Alerts,past,0.0,easy
Email Alerts,solar,0.73,hard
Email Alerts,wind,0.05,easy
Email Alerts,speed,0.15,easy
Email Alerts,greater,0.1,easy
Email Alerts,orbit,0.63,hard
Email Alerts,geophysical,0.81,hard
Email Alerts,activity,0.36,easy
Email Alerts,forecast,0.57,hard
Email Alerts,geomagnetic,0.84,hard
Email Alerts,quiet,0.04,easy
Email Alerts,number,0.0,easy
Email Alerts,active,0.11,easy
Email Alerts,activity,0.36,easy
Email Alerts,activity,0.36,easy
Email Alerts,past,0.0,easy
Email Alerts,solar,0.73,hard
Email Alerts,period,0.01,easy
Email Alerts,event,0.05,easy
Email Alerts,currently,0.54,easy
Email Alerts,sunspot,0.74,hard
Email Alerts,activity,0.36,easy
Email Alerts,forecast,0.57,hard
Email Alerts,solar,0.73,hard
Email Alerts,moderate,0.46,easy
Email Alerts,chance,0.01,easy
Email Alerts,geophysical,0.81,hard
Email Alerts,activity,0.36,easy
Email Alerts,geomagnetic,0.84,hard
Email Alerts,field,0.0,easy
Email Alerts,past,0.0,easy
Email Alerts,solar,0.73,hard
Email Alerts,wind,0.05,easy
Email Alerts,speed,0.15,easy
Email Alerts,total,0.02,easy
Email Alerts,maximum,0.47,easy
Email Alerts,southward,0.71,hard
Email Alerts,greater,0.1,easy
Email Alerts,orbit,0.63,hard
Email Alerts,geophysical,0.81,hard
Email Alerts,activity,0.36,easy
Email Alerts,forecast,0.57,hard
Email Alerts,geomagnetic,0.84,hard
Email Alerts,quiet,0.04,easy
Email Alerts,number,0.0,easy
Email Alerts,active,0.11,easy
Email Alerts,activity,0.36,easy
Email Alerts,activity,0.36,easy
Email Alerts,past,0.0,easy
Email Alerts,solar,0.73,hard
Email Alerts,period,0.01,easy
Email Alerts,event,0.05,easy
Email Alerts,currently,0.54,easy
Email Alerts,sunspot,0.74,hard
Email Alerts,activity,0.36,easy
Email Alerts,forecast,0.57,hard
Email Alerts,solar,0.73,hard
Email Alerts,moderate,0.46,easy
Email Alerts,geophysical,0.81,hard
Email Alerts,activity,0.36,easy
Email Alerts,geomagnetic,0.84,hard
Email Alerts,field,0.0,easy
Email Alerts,past,0.0,easy
Email Alerts,solar,0.73,hard
Email Alerts,wind,0.05,easy
Email Alerts,speed,0.15,easy
Email Alerts,total,0.02,easy
Email Alerts,maximum,0.47,easy
Email Alerts,southward,0.71,hard
Email Alerts,greater,0.1,easy
Email Alerts,orbit,0.63,hard
Email Alerts,geophysical,0.81,hard
Email Alerts,activity,0.36,easy
Email Alerts,forecast,0.57,hard
Email Alerts,geomagnetic,0.84,hard
Email Alerts,storm,0.38,easy
Email Alerts,storm,0.38,easy
Email Alerts,number,0.0,easy
Email Alerts,active,0.11,easy
Email Alerts,activity,0.36,easy
Email Alerts,activity,0.36,easy
Email Alerts,past,0.0,easy
Email Alerts,solar,0.73,hard
Email Alerts,period,0.01,easy
Email Alerts,event,0.05,easy
Email Alerts,currently,0.54,easy
Email Alerts,sunspot,0.74,hard
Email Alerts,activity,0.36,easy
Email Alerts,forecast,0.57,hard
Email Alerts,solar,0.73,hard
Email Alerts,low,0.0,easy
Email Alerts,low,0.0,easy
Email Alerts,chance,0.01,easy
Email Alerts,geophysical,0.81,hard
Email Alerts,activity,0.36,easy
Email Alerts,geomagnetic,0.84,hard
Email Alerts,field,0.0,easy
Email Alerts,past,0.0,easy
Email Alerts,solar,0.73,hard
Email Alerts,wind,0.05,easy
Email Alerts,speed,0.15,easy
Email Alerts,total,0.02,easy
Email Alerts,maximum,0.47,easy
Email Alerts,southward,0.71,hard
Email Alerts,greater,0.1,easy
Email Alerts,orbit,0.63,hard
Email Alerts,geophysical,0.81,hard
Email Alerts,activity,0.36,easy
Email Alerts,forecast,0.57,hard
Email Alerts,geomagnetic,0.84,hard
Email Alerts,number,0.0,easy
Email Alerts,active,0.11,easy
Email Alerts,activity,0.36,easy
Email Alerts,activity,0.36,easy
Email Alerts,past,0.0,easy
Email Alerts,solar,0.73,hard
Email Alerts,period,0.01,easy
Email Alerts,event,0.05,easy
Email Alerts,currently,0.54,easy
Email Alerts,sunspot,0.74,hard
Email Alerts,activity,0.36,easy
Email Alerts,forecast,0.57,hard
Email Alerts,solar,0.73,hard
Email Alerts,low,0.0,easy
Email Alerts,geophysical,0.81,hard
Email Alerts,activity,0.36,easy
Email Alerts,geomagnetic,0.84,hard
Email Alerts,field,0.0,easy
Email Alerts,past,0.0,easy
Email Alerts,solar,0.73,hard
Email Alerts,wind,0.05,easy
Email Alerts,speed,0.15,easy
Email Alerts,total,0.02,easy
Email Alerts,maximum,0.47,easy
Email Alerts,southward,0.71,hard
Email Alerts,greater,0.1,easy
Email Alerts,orbit,0.63,hard
Email Alerts,geophysical,0.81,hard
Email Alerts,activity,0.36,easy
Email Alerts,forecast,0.57,hard
Email Alerts,geomagnetic,0.84,hard
Email Alerts,quiet,0.04,easy
Email Alerts,number,0.0,easy
Email Alerts,active,0.11,easy
Email Alerts,activity,0.36,easy
Email Alerts,activity,0.36,easy
Email Alerts,past,0.0,easy
Email Alerts,solar,0.73,hard
Email Alerts,period,0.01,easy
Email Alerts,event,0.05,easy
Email Alerts,currently,0.54,easy
Email Alerts,sunspot,0.74,hard
Email Alerts,activity,0.36,easy
Email Alerts,forecast,0.57,hard
Email Alerts,solar,0.73,hard
Email Alerts,low,0.0,easy
Email Alerts,chance,0.01,easy
Email Alerts,low,0.0,easy
Email Alerts,geophysical,0.81,hard
Email Alerts,activity,0.36,easy
Email Alerts,geomagnetic,0.84,hard
Email Alerts,field,0.0,easy
Email Alerts,past,0.0,easy
Email Alerts,solar,0.73,hard
Email Alerts,wind,0.05,easy
Email Alerts,speed,0.15,easy
Email Alerts,greater,0.1,easy
Email Alerts,orbit,0.63,hard
Email Alerts,geophysical,0.81,hard
Email Alerts,activity,0.36,easy
Email Alerts,forecast,0.57,hard
Email Alerts,geomagnetic,0.84,hard
Email Alerts,greater,0.1,easy
Email Alerts,number,0.0,easy
Email Alerts,active,0.11,easy
Email Alerts,activity,0.36,easy
Email Alerts,activity,0.36,easy
Email Alerts,past,0.0,easy
Email Alerts,solar,0.73,hard
Email Alerts,period,0.01,easy
Email Alerts,event,0.05,easy
Email Alerts,currently,0.54,easy
Email Alerts,sunspot,0.74,hard
Email Alerts,activity,0.36,easy
Email Alerts,forecast,0.57,hard
Email Alerts,solar,0.73,hard
Email Alerts,moderate,0.46,easy
Email Alerts,moderate,0.46,easy
Email Alerts,chance,0.01,easy
Email Alerts,geophysical,0.81,hard
Email Alerts,activity,0.36,easy
Email Alerts,geomagnetic,0.84,hard
Email Alerts,field,0.0,easy
Email Alerts,past,0.0,easy
Email Alerts,solar,0.73,hard
Email Alerts,wind,0.05,easy
Email Alerts,speed,0.15,easy
Email Alerts,total,0.02,easy
Email Alerts,maximum,0.47,easy
Email Alerts,southward,0.71,hard
Email Alerts,greater,0.1,easy
Email Alerts,orbit,0.63,hard
Email Alerts,greater,0.1,easy
Email Alerts,orbit,0.63,hard
Email Alerts,geophysical,0.81,hard
Email Alerts,activity,0.36,easy
Email Alerts,forecast,0.57,hard
Email Alerts,geomagnetic,0.84,hard
Email Alerts,storm,0.38,easy
Email Alerts,number,0.0,easy
Email Alerts,active,0.11,easy
Email Alerts,activity,0.36,easy
Email Alerts,activity,0.36,easy
Email Alerts,past,0.0,easy
Email Alerts,solar,0.73,hard
Email Alerts,period,0.01,easy
Email Alerts,event,0.05,easy
Email Alerts,currently,0.54,easy
Email Alerts,sunspot,0.74,hard
Email Alerts,activity,0.36,easy
Email Alerts,forecast,0.57,hard
Email Alerts,solar,0.73,hard
Email Alerts,moderate,0.46,easy
Email Alerts,chance,0.01,easy
Email Alerts,geophysical,0.81,hard
Email Alerts,activity,0.36,easy
Email Alerts,geomagnetic,0.84,hard
Email Alerts,field,0.0,easy
Email Alerts,past,0.0,easy
Email Alerts,solar,0.73,hard
Email Alerts,wind,0.05,easy
Email Alerts,speed,0.15,easy
Email Alerts,total,0.02,easy
Email Alerts,maximum,0.47,easy
Email Alerts,southward,0.71,hard
Email Alerts,greater,0.1,easy
Email Alerts,orbit,0.63,hard
Email Alerts,geophysical,0.81,hard
Email Alerts,activity,0.36,easy
Email Alerts,forecast,0.57,hard
Email Alerts,geomagnetic,0.84,hard
Email Alerts,storm,0.38,easy
Email Alerts,number,0.0,easy
Email Alerts,active,0.11,easy
Email Alerts,activity,0.36,easy
Email Alerts,activity,0.36,easy
Email Alerts,past,0.0,easy
Email Alerts,solar,0.73,hard
Email Alerts,period,0.01,easy
Email Alerts,event,0.05,easy
Email Alerts,currently,0.54,easy
Email Alerts,sunspot,0.74,hard
Email Alerts,activity,0.36,easy
Email Alerts,forecast,0.57,hard
Email Alerts,solar,0.73,hard
Email Alerts,moderate,0.46,easy
Email Alerts,chance,0.01,easy
Email Alerts,low,0.0,easy
Email Alerts,chance,0.01,easy
Email Alerts,geophysical,0.81,hard
Email Alerts,activity,0.36,easy
Email Alerts,geomagnetic,0.84,hard
Email Alerts,field,0.0,easy
Email Alerts,past,0.0,easy
Email Alerts,solar,0.73,hard
Email Alerts,wind,0.05,easy
Email Alerts,speed,0.15,easy
Email Alerts,total,0.02,easy
Email Alerts,maximum,0.47,easy
Email Alerts,southward,0.71,hard
Email Alerts,greater,0.1,easy
Email Alerts,orbit,0.63,hard
Email Alerts,geophysical,0.81,hard
Email Alerts,activity,0.36,easy
Email Alerts,forecast,0.57,hard
Email Alerts,geomagnetic,0.84,hard
Email Alerts,storm,0.38,easy
Email Alerts,number,0.0,easy
Email Alerts,active,0.11,easy
Email Alerts,activity,0.36,easy
Email Alerts,activity,0.36,easy
Email Alerts,past,0.0,easy
Email Alerts,solar,0.73,hard
Email Alerts,period,0.01,easy
Email Alerts,event,0.05,easy
Email Alerts,currently,0.54,easy
Email Alerts,sunspot,0.74,hard
Email Alerts,activity,0.36,easy
Email Alerts,forecast,0.57,hard
Email Alerts,solar,0.73,hard
Email Alerts,moderate,0.46,easy
Email Alerts,chance,0.01,easy
Email Alerts,geophysical,0.81,hard
Email Alerts,activity,0.36,easy
Email Alerts,geomagnetic,0.84,hard
Email Alerts,field,0.0,easy
Email Alerts,storm,0.38,easy
Email Alerts,past,0.0,easy
Email Alerts,solar,0.73,hard
Email Alerts,wind,0.05,easy
Email Alerts,speed,0.15,easy
Email Alerts,total,0.02,easy
Email Alerts,maximum,0.47,easy
Email Alerts,southward,0.71,hard
Email Alerts,greater,0.1,easy
Email Alerts,orbit,0.63,hard
Email Alerts,geophysical,0.81,hard
Email Alerts,activity,0.36,easy
Email Alerts,forecast,0.57,hard
Email Alerts,geomagnetic,0.84,hard
Email Alerts,storm,0.38,easy
Email Alerts,number,0.0,easy
Email Alerts,active,0.11,easy
Email Alerts,activity,0.36,easy
Email Alerts,activity,0.36,easy
Email Alerts,past,0.0,easy
Email Alerts,solar,0.73,hard
Email Alerts,period,0.01,easy
Email Alerts,event,0.05,easy
Email Alerts,currently,0.54,easy
Email Alerts,sunspot,0.74,hard
Email Alerts,activity,0.36,easy
Email Alerts,forecast,0.57,hard
Email Alerts,solar,0.73,hard
Email Alerts,moderate,0.46,easy
Email Alerts,chance,0.01,easy
Email Alerts,low,0.0,easy
Email Alerts,geophysical,0.81,hard
Email Alerts,activity,0.36,easy
Email Alerts,geomagnetic,0.84,hard
Email Alerts,field,0.0,easy
Email Alerts,storm,0.38,easy
Email Alerts,past,0.0,easy
Email Alerts,solar,0.73,hard
Email Alerts,wind,0.05,easy
Email Alerts,speed,0.15,easy
Email Alerts,total,0.02,easy
Email Alerts,maximum,0.47,easy
Email Alerts,southward,0.71,hard
Email Alerts,greater,0.1,easy
Email Alerts,orbit,0.63,hard
Email Alerts,geophysical,0.81,hard
Email Alerts,activity,0.36,easy
Email Alerts,forecast,0.57,hard
Email Alerts,geomagnetic,0.84,hard
Email Alerts,storm,0.38,easy
Email Alerts,greater,0.1,easy
Email Alerts,number,0.0,easy
Email Alerts,active,0.11,easy
Email Alerts,activity,0.36,easy
Email Alerts,activity,0.36,easy
Email Alerts,past,0.0,easy
Email Alerts,solar,0.73,hard
Email Alerts,period,0.01,easy
Email Alerts,event,0.05,easy
Email Alerts,currently,0.54,easy
Email Alerts,sunspot,0.74,hard
Email Alerts,activity,0.36,easy
Email Alerts,forecast,0.57,hard
Email Alerts,solar,0.73,hard
Email Alerts,low,0.0,easy
Email Alerts,chance,0.01,easy
Email Alerts,geophysical,0.81,hard
Email Alerts,activity,0.36,easy
Email Alerts,geomagnetic,0.84,hard
Email Alerts,field,0.0,easy
Email Alerts,storm,0.38,easy
Email Alerts,past,0.0,easy
Email Alerts,solar,0.73,hard
Email Alerts,wind,0.05,easy
Email Alerts,speed,0.15,easy
Email Alerts,total,0.02,easy
Email Alerts,maximum,0.47,easy
Email Alerts,southward,0.71,hard
Email Alerts,greater,0.1,easy
Email Alerts,orbit,0.63,hard
Email Alerts,geophysical,0.81,hard
Email Alerts,activity,0.36,easy
Email Alerts,forecast,0.57,hard
Email Alerts,geomagnetic,0.84,hard
Email Alerts,storm,0.38,easy
Email Alerts,solar,0.73,hard
Email Alerts,activity,0.36,easy
Email Alerts,low,0.0,easy
Email Alerts,throughout,0.05,easy
Email Alerts,period,0.01,easy
Email Alerts,spotted,0.71,hard
Email Alerts,time,0.0,easy
Email Alerts,summary,0.7,hard
Email Alerts,period,0.01,easy
Email Alerts,configuration,0.75,hard
Email Alerts,period,0.01,easy
Email Alerts,quiet,0.04,easy
Email Alerts,stable,0.51,easy
Email Alerts,quiet,0.04,easy
Email Alerts,stable,0.51,easy
Email Alerts,quietly,0.58,hard
Email Alerts,rotated,0.78,hard
Email Alerts,onto,0.26,easy
Email Alerts,prominence,0.72,hard
Email Alerts,subsequently,0.77,hard
Email Alerts,summary,0.7,hard
Email Alerts,orbit,0.63,hard
Email Alerts,greater,0.1,easy
Email Alerts,electron,0.71,hard
Email Alerts,orbit,0.63,hard
Email Alerts,period,0.01,easy
Email Alerts,geomagnetic,0.84,hard
Email Alerts,field,0.0,easy
Email Alerts,activity,0.36,easy
Email Alerts,unsettled,0.72,hard
Email Alerts,activity,0.36,easy
Email Alerts,influence,0.13,easy
Email Alerts,solar,0.73,hard
Email Alerts,wind,0.05,easy
Email Alerts,nominal,0.64,hard
Email Alerts,positive,0.23,easy
Email Alerts,data,0.13,easy
Email Alerts,wind,0.05,easy
Email Alerts,total,0.02,easy
Email Alerts,field,0.0,easy
Email Alerts,geomagnetic,0.84,hard
Email Alerts,field,0.0,easy
Email Alerts,mostly,0.22,easy
Email Alerts,unsettled,0.72,hard
Email Alerts,space,0.0,easy
Email Alerts,weather,0.14,easy
Email Alerts,outlook,0.57,hard
Email Alerts,solar,0.73,hard
Email Alerts,low,0.0,easy
Email Alerts,throughout,0.05,easy
Email Alerts,outlook,0.57,hard
Email Alerts,orbit,0.63,hard
Email Alerts,greater,0.1,easy
Email Alerts,electron,0.71,hard
Email Alerts,throughout,0.05,easy
Email Alerts,outlook,0.57,hard
Email Alerts,period,0.01,easy
Email Alerts,geomagnetic,0.84,hard
Email Alerts,field,0.0,easy
Email Alerts,geomagnetic,0.84,hard
Email Alerts,storm,0.38,easy
Email Alerts,effect,0.0,easy
Email Alerts,effect,0.0,easy
Email Alerts,persist,0.69,hard
Email Alerts,unsettled,0.72,hard
Email Alerts,quiet,0.04,easy
Email Alerts,period,0.01,easy
Email Alerts,solar,0.73,hard
Email Alerts,activity,0.36,easy
Email Alerts,orbit,0.63,hard
Email Alerts,greater,0.1,easy
Email Alerts,electron,0.71,hard
Email Alerts,orbit,0.63,hard
Email Alerts,moderate,0.46,easy
Email Alerts,high,0.0,easy
Email Alerts,geomagnetic,0.84,hard
Email Alerts,field,0.0,easy
Email Alerts,activity,0.36,easy
Email Alerts,active,0.11,easy
Email Alerts,minor,0.22,easy
Email Alerts,geomagnetic,0.84,hard
Email Alerts,storm,0.38,easy
Email Alerts,enhanced,0.7,hard
Email Alerts,geomagnetic,0.84,hard
Email Alerts,field,0.0,easy
Email Alerts,activity,0.36,easy
Email Alerts,transient,0.71,hard
Email Alerts,solar,0.73,hard
Email Alerts,wind,0.05,easy
Email Alerts,feature,0.11,easy
Email Alerts,active,0.11,easy
Email Alerts,influence,0.13,easy
Email Alerts,generally,0.24,easy
Email Alerts,throughout,0.05,easy
Email Alerts,week,0.0,easy
Email Alerts,space,0.0,easy
Email Alerts,weather,0.14,easy
Email Alerts,outlook,0.57,hard
Email Alerts,solar,0.73,hard
Email Alerts,low,0.0,easy
Email Alerts,throughout,0.05,easy
Email Alerts,outlook,0.57,hard
Email Alerts,orbit,0.63,hard
Email Alerts,greater,0.1,easy
Email Alerts,electron,0.71,hard
Email Alerts,high,0.0,easy
Email Alerts,throughout,0.05,easy
Email Alerts,outlook,0.57,hard
Email Alerts,period,0.01,easy
Email Alerts,geomagnetic,0.84,hard
Email Alerts,field,0.0,easy
Email Alerts,active,0.11,easy
Email Alerts,generally,0.24,easy
Email Alerts,throughout,0.05,easy
Email Alerts,outlook,0.57,hard
Email Alerts,period,0.01,easy
Email Alerts,solar,0.73,hard
Email Alerts,wind,0.05,easy
Email Alerts,regime,0.65,hard
Email Alerts,solar,0.73,hard
Email Alerts,activity,0.36,easy
Email Alerts,moderate,0.46,easy
Email Alerts,event,0.05,easy
Email Alerts,flare,0.43,easy
Email Alerts,around,0.0,easy
Email Alerts,associated,0.64,hard
Email Alerts,flare,0.43,easy
Email Alerts,sweep,0.39,easy
Email Alerts,signature,0.69,hard
Email Alerts,first,0.0,easy
Email Alerts,modeling,0.73,hard
Email Alerts,event,0.05,easy
Email Alerts,far,0.0,easy
Email Alerts,periphery,0.77,hard
Email Alerts,earth,0.0,easy
Email Alerts,around,0.0,easy
Email Alerts,visible,0.47,easy
Email Alerts,several,0.0,easy
Email Alerts,rotated,0.78,hard
Email Alerts,across,0.0,easy
Email Alerts,disk,0.42,easy
Email Alerts,leader,0.35,easy
Email Alerts,spot,0.1,easy
Email Alerts,stable,0.51,easy
Email Alerts,throughout,0.05,easy
Email Alerts,period,0.01,easy
Email Alerts,intermediate,0.75,hard
Email Alerts,trailer,0.47,easy
Email Alerts,frequent,0.28,easy
Email Alerts,new,0.0,easy
Email Alerts,spot,0.1,easy
Email Alerts,orbit,0.63,hard
Email Alerts,greater,0.1,easy
Email Alerts,electron,0.71,hard
Email Alerts,orbit,0.63,hard
Email Alerts,throughout,0.05,easy
Email Alerts,period,0.01,easy
Email Alerts,highest,0.45,easy
Email Alerts,flux,0.46,easy
Email Alerts,geomagnetic,0.84,hard
Email Alerts,field,0.0,easy
Email Alerts,activity,0.36,easy
Email Alerts,ranged,0.71,hard
Email Alerts,numerous,0.5,easy
Email Alerts,frequent,0.28,easy
Email Alerts,sustained,0.67,hard
Email Alerts,quiet,0.04,easy
Email Alerts,space,0.0,easy
Email Alerts,weather,0.14,easy
Email Alerts,outlook,0.57,hard
Email Alerts,solar,0.73,hard
Email Alerts,moderate,0.46,easy
Email Alerts,radio,0.22,easy
Email Alerts,due,0.02,easy
Email Alerts,flare,0.43,easy
Email Alerts,potential,0.24,easy
Email Alerts,around,0.0,easy
Email Alerts,low,0.0,easy
Email Alerts,low,0.0,easy
Email Alerts,orbit,0.63,hard
Email Alerts,greater,0.1,easy
Email Alerts,electron,0.71,hard
Email Alerts,range,0.02,easy
Email Alerts,high,0.0,easy
Email Alerts,moderate,0.46,easy
Email Alerts,outlook,0.57,hard
Email Alerts,period,0.01,easy
Email Alerts,flux,0.46,easy
Email Alerts,influence,0.13,easy
Email Alerts,multiple,0.19,easy
Email Alerts,geomagnetic,0.84,hard
Email Alerts,field,0.0,easy
Email Alerts,minor,0.22,easy
Email Alerts,geomagnetic,0.84,hard
Email Alerts,storm,0.38,easy
Email Alerts,potential,0.24,easy
Email Alerts,influence,0.13,easy
Email Alerts,cause,0.0,easy
Email Alerts,around,0.0,easy
Email Alerts,coronal,0.76,hard
Email Alerts,hole,0.1,easy
Email Alerts,active,0.11,easy
Email Alerts,storm,0.38,easy
Email Alerts,unsettled,0.72,hard
Email Alerts,weak,0.21,easy
Email Alerts,interaction,0.69,hard
Email Alerts,current,0.01,easy
Email Alerts,unsettled,0.72,hard
Email Alerts,outlook,0.57,hard
Email Alerts,quiet,0.04,easy
Email Alerts,solar,0.73,hard
Email Alerts,activity,0.36,easy
Email Alerts,low,0.0,easy
Email Alerts,flare,0.43,easy
Email Alerts,activity,0.36,easy
Email Alerts,unremarkable,0.8,hard
Email Alerts,throughout,0.05,easy
Email Alerts,orbit,0.63,hard
Email Alerts,greater,0.1,easy
Email Alerts,electron,0.71,hard
Email Alerts,orbit,0.63,hard
Email Alerts,high,0.0,easy
Email Alerts,flux,0.46,easy
Email Alerts,moderate,0.46,easy
Email Alerts,flux,0.46,easy
Email Alerts,throughout,0.05,easy
Email Alerts,period,0.01,easy
Email Alerts,geomagnetic,0.84,hard
Email Alerts,field,0.0,easy
Email Alerts,activity,0.36,easy
Email Alerts,isolated,0.57,hard
Email Alerts,active,0.11,easy
Email Alerts,slightly,0.1,easy
Email Alerts,enhanced,0.7,hard
Email Alerts,interplanetary,0.83,hard
Email Alerts,magnetic,0.65,hard
Email Alerts,field,0.0,easy
Email Alerts,quiet,0.04,easy
Email Alerts,solar,0.73,hard
Email Alerts,wind,0.05,easy
Email Alerts,regime,0.65,hard
Email Alerts,space,0.0,easy
Email Alerts,weather,0.14,easy
Email Alerts,outlook,0.57,hard
Email Alerts,solar,0.73,hard
Email Alerts,low,0.0,easy
Email Alerts,throughout,0.05,easy
Email Alerts,outlook,0.57,hard
Email Alerts,orbit,0.63,hard
Email Alerts,greater,0.1,easy
Email Alerts,electron,0.71,hard
Email Alerts,high,0.0,easy
Email Alerts,outlook,0.57,hard
Email Alerts,period,0.01,easy
Email Alerts,geomagnetic,0.84,hard
Email Alerts,field,0.0,easy
Email Alerts,geomagnetic,0.84,hard
Email Alerts,storm,0.38,easy
Email Alerts,geomagnetic,0.84,hard
Email Alerts,likely,0.06,easy
Email Alerts,positive,0.23,easy
Email Alerts,influence,0.13,easy
Email Alerts,active,0.11,easy
Email Alerts,throughout,0.05,easy
Email Alerts,outlook,0.57,hard
Email Alerts,period,0.01,easy
Email Alerts,solar,0.73,hard
Email Alerts,activity,0.36,easy
Email Alerts,low,0.0,easy
Email Alerts,throughout,0.05,easy
Email Alerts,highlight,0.6,hard
Email Alerts,period,0.01,easy
Email Alerts,flare,0.43,easy
Email Alerts,orbit,0.63,hard
Email Alerts,greater,0.1,easy
Email Alerts,electron,0.71,hard
Email Alerts,orbit,0.63,hard
Email Alerts,high,0.0,easy
Email Alerts,influence,0.13,easy
Email Alerts,highlight,0.6,hard
Email Alerts,period,0.01,easy
Email Alerts,geomagnetic,0.84,hard
Email Alerts,field,0.0,easy
Email Alerts,activity,0.36,easy
Email Alerts,highlight,0.6,hard
Email Alerts,period,0.01,easy
Email Alerts,influence,0.13,easy
Email Alerts,space,0.0,easy
Email Alerts,weather,0.14,easy
Email Alerts,outlook,0.57,hard
Email Alerts,solar,0.73,hard
Email Alerts,low,0.0,easy
Email Alerts,outlook,0.57,hard
Email Alerts,orbit,0.63,hard
Email Alerts,greater,0.1,easy
Email Alerts,electron,0.71,hard
Email Alerts,high,0.0,easy
Email Alerts,effect,0.0,easy
Email Alerts,throughout,0.05,easy
Email Alerts,outlook,0.57,hard
Email Alerts,period,0.01,easy
Email Alerts,geomagnetic,0.84,hard
Email Alerts,field,0.0,easy
Email Alerts,geomagnetic,0.84,hard
Email Alerts,storm,0.38,easy
Email Alerts,active,0.11,easy
Email Alerts,influence,0.13,easy
Email Alerts,throughout,0.05,easy
Email Alerts,outlook,0.57,hard
Email Alerts,period,0.01,easy
Email Alerts,solar,0.73,hard
Email Alerts,activity,0.36,easy
Email Alerts,low,0.0,easy
Email Alerts,flare,0.43,easy
Email Alerts,activity,0.36,easy
Email Alerts,period,0.01,easy
Email Alerts,region,0.45,easy
Email Alerts,associated,0.64,hard
Email Alerts,flare,0.43,easy
Email Alerts,along,0.0,easy
Email Alerts,west,0.1,easy
Email Alerts,plasma,0.7,hard
Email Alerts,directed,0.13,easy
Email Alerts,line,0.0,easy
Email Alerts,however,0.0,easy
Email Alerts,potential,0.24,easy
Email Alerts,blow,0.02,easy
Email Alerts,proton,0.76,hard
Email Alerts,event,0.05,easy
Email Alerts,associated,0.64,hard
Email Alerts,greater,0.1,easy
Email Alerts,electron,0.71,hard
Email Alerts,orbit,0.63,hard
Email Alerts,high,0.0,easy
Email Alerts,period,0.01,easy
Email Alerts,geomagnetic,0.84,hard
Email Alerts,field,0.0,easy
Email Alerts,activity,0.36,easy
Email Alerts,ranged,0.71,hard
Email Alerts,minor,0.22,easy
Email Alerts,geomagnetic,0.84,hard
Email Alerts,storm,0.38,easy
Email Alerts,period,0.01,easy
Email Alerts,nominal,0.64,hard
Email Alerts,solar,0.73,hard
Email Alerts,wind,0.05,easy
Email Alerts,quiet,0.04,easy
Email Alerts,wind,0.05,easy
Email Alerts,speed,0.15,easy
Email Alerts,approximately,0.67,hard
Email Alerts,field,0.0,easy
Email Alerts,marking,0.68,hard
Email Alerts,possible,0.0,easy
Email Alerts,total,0.02,easy
Email Alerts,field,0.0,easy
Email Alerts,solar,0.73,hard
Email Alerts,wind,0.05,easy
Email Alerts,speed,0.15,easy
Email Alerts,geomagnetic,0.84,hard
Email Alerts,field,0.0,easy
Email Alerts,minor,0.22,easy
Email Alerts,storm,0.38,easy
Email Alerts,second,0.0,easy
Email Alerts,solar,0.73,hard
Email Alerts,wind,0.05,easy
Email Alerts,speed,0.15,easy
Email Alerts,continued,0.3,easy
Email Alerts,period,0.01,easy
Email Alerts,quiet,0.04,easy
Email Alerts,space,0.0,easy
Email Alerts,weather,0.14,easy
Email Alerts,outlook,0.57,hard
Email Alerts,solar,0.73,hard
Email Alerts,chance,0.01,easy
Email Alerts,moderate,0.46,easy
Email Alerts,exist,0.31,easy
Email Alerts,visible,0.47,easy
Email Alerts,orbit,0.63,hard
Email Alerts,greater,0.1,easy
Email Alerts,electron,0.71,hard
Email Alerts,high,0.0,easy
Email Alerts,hole,0.1,easy
Email Alerts,high,0.0,easy
Email Alerts,speed,0.15,easy
Email Alerts,influence,0.13,easy
Email Alerts,geomagnetic,0.84,hard
Email Alerts,field,0.0,easy
Email Alerts,solar,0.73,hard
Email Alerts,activity,0.36,easy
Email Alerts,low,0.0,easy
Email Alerts,period,0.01,easy
Email Alerts,new,0.0,easy
Email Alerts,single,0.01,easy
Email Alerts,spot,0.1,easy
Email Alerts,plage,0.74,hard
Email Alerts,rotated,0.78,hard
Email Alerts,onto,0.26,easy
Email Alerts,visible,0.47,easy
Email Alerts,orbit,0.63,hard
Email Alerts,greater,0.1,easy
Email Alerts,electron,0.71,hard
Email Alerts,orbit,0.63,hard
Email Alerts,high,0.0,easy
Email Alerts,flux,0.46,easy
Email Alerts,geomagnetic,0.84,hard
Email Alerts,field,0.0,easy
Email Alerts,activity,0.36,easy
Email Alerts,ranged,0.71,hard
Email Alerts,minor,0.22,easy
Email Alerts,geomagnetic,0.84,hard
Email Alerts,field,0.0,easy
Email Alerts,likely,0.06,easy
Email Alerts,blow,0.02,easy
Email Alerts,total,0.02,easy
Email Alerts,field,0.0,easy
Email Alerts,mostly,0.22,easy
Email Alerts,negative,0.29,easy
Email Alerts,day,0.0,easy
Email Alerts,reaching,0.6,hard
Email Alerts,briefly,0.54,easy
Email Alerts,solar,0.73,hard
Email Alerts,wind,0.05,easy
Email Alerts,time,0.0,easy
Email Alerts,geomagnetic,0.84,hard
Email Alerts,field,0.0,easy
Email Alerts,storm,0.38,easy
Email Alerts,quiet,0.04,easy
Email Alerts,positive,0.23,easy
Email Alerts,polarity,0.79,hard
Email Alerts,coronal,0.76,hard
Email Alerts,hole,0.1,easy
Email Alerts,high,0.0,easy
Email Alerts,speed,0.15,easy
Email Alerts,causing,0.66,hard
Email Alerts,total,0.02,easy
Email Alerts,along,0.0,easy
Email Alerts,solar,0.73,hard
Email Alerts,wind,0.05,easy
Email Alerts,speed,0.15,easy
Email Alerts,briefly,0.54,easy
Email Alerts,geomagnetic,0.84,hard
Email Alerts,field,0.0,easy
Email Alerts,unsettled,0.72,hard
Email Alerts,space,0.0,easy
Email Alerts,weather,0.14,easy
Email Alerts,outlook,0.57,hard
Email Alerts,solar,0.73,hard
Email Alerts,low,0.0,easy
Email Alerts,show,0.0,easy
Email Alerts,orbit,0.63,hard
Email Alerts,greater,0.1,easy
Email Alerts,electron,0.71,hard
Email Alerts,geomagnetic,0.84,hard
Email Alerts,field,0.0,easy
Email Alerts,unsettled,0.72,hard
Email Alerts,reach,0.07,easy
Email Alerts,active,0.11,easy
Email Alerts,activity,0.36,easy
Email Alerts,solar,0.73,hard
Email Alerts,activity,0.36,easy
Email Alerts,low,0.0,easy
Email Alerts,spotless,0.75,hard
Email Alerts,orbit,0.63,hard
Email Alerts,greater,0.1,easy
Email Alerts,electron,0.71,hard
Email Alerts,orbit,0.63,hard
Email Alerts,geomagnetic,0.84,hard
Email Alerts,field,0.0,easy
Email Alerts,activity,0.36,easy
Email Alerts,ranged,0.71,hard
Email Alerts,period,0.01,easy
Email Alerts,nominal,0.64,hard
Email Alerts,solar,0.73,hard
Email Alerts,wind,0.05,easy
Email Alerts,total,0.02,easy
Email Alerts,field,0.0,easy
Email Alerts,wind,0.05,easy
Email Alerts,positive,0.23,easy
Email Alerts,polarity,0.79,hard
Email Alerts,coronal,0.76,hard
Email Alerts,hole,0.1,easy
Email Alerts,high,0.0,easy
Email Alerts,speed,0.15,easy
Email Alerts,solar,0.73,hard
Email Alerts,wind,0.05,easy
Email Alerts,speed,0.15,easy
Email Alerts,slowly,0.2,easy
Email Alerts,geomagnetic,0.84,hard
Email Alerts,field,0.0,easy
Email Alerts,period,0.01,easy
Email Alerts,space,0.0,easy
Email Alerts,weather,0.14,easy
Email Alerts,outlook,0.57,hard
Email Alerts,solar,0.73,hard
Email Alerts,low,0.0,easy
Email Alerts,low,0.0,easy
Email Alerts,orbit,0.63,hard
Email Alerts,greater,0.1,easy
Email Alerts,electron,0.71,hard
Email Alerts,geomagnetic,0.84,hard
Email Alerts,field,0.0,easy
Email Alerts,unsettled,0.72,hard
Email Alerts,active,0.11,easy
Email Alerts,activity,0.36,easy
Email Alerts,solar,0.73,hard
Email Alerts,activity,0.36,easy
Email Alerts,low,0.0,easy
Email Alerts,moderate,0.46,easy
Email Alerts,flare,0.43,easy
Email Alerts,activity,0.36,easy
Email Alerts,high,0.0,easy
Email Alerts,weekly,0.62,hard
Email Alerts,along,0.0,easy
Email Alerts,sweep,0.39,easy
Email Alerts,region,0.45,easy
Email Alerts,growth,0.02,easy
Email Alerts,magnetic,0.65,hard
Email Alerts,class,0.01,easy
Email Alerts,slowly,0.2,easy
Email Alerts,growth,0.02,easy
Email Alerts,responsible,0.18,easy
Email Alerts,orbit,0.63,hard
Email Alerts,greater,0.1,easy
Email Alerts,electron,0.71,hard
Email Alerts,orbit,0.63,hard
Email Alerts,high,0.0,easy
Email Alerts,transient,0.71,hard
Email Alerts,activity,0.36,easy
Email Alerts,peak,0.38,easy
Email Alerts,flux,0.46,easy
Email Alerts,geomagnetic,0.84,hard
Email Alerts,field,0.0,easy
Email Alerts,activity,0.36,easy
Email Alerts,ranged,0.71,hard
Email Alerts,minor,0.22,easy
Email Alerts,storm,0.38,easy
Email Alerts,solar,0.73,hard
Email Alerts,wind,0.05,easy
Email Alerts,weak,0.21,easy
Email Alerts,transient,0.71,hard
Email Alerts,total,0.02,easy
Email Alerts,field,0.0,easy
Email Alerts,deflected,0.8,hard
Email Alerts,southward,0.71,hard
Email Alerts,approximately,0.67,hard
Email Alerts,geomagnetic,0.84,hard
Email Alerts,field,0.0,easy
Email Alerts,minor,0.22,easy
Email Alerts,quiet,0.04,easy
Email Alerts,solar,0.73,hard
Email Alerts,wind,0.05,easy
Email Alerts,regime,0.65,hard
Email Alerts,negative,0.29,easy
Email Alerts,solar,0.73,hard
Email Alerts,wind,0.05,easy
Email Alerts,speed,0.15,easy
Email Alerts,total,0.02,easy
Email Alerts,field,0.0,easy
Email Alerts,geomagnetic,0.84,hard
Email Alerts,field,0.0,easy
Email Alerts,space,0.0,easy
Email Alerts,weather,0.14,easy
Email Alerts,outlook,0.57,hard
Email Alerts,solar,0.73,hard
Email Alerts,throughout,0.05,easy
Email Alerts,outlook,0.57,hard
Email Alerts,period,0.01,easy
Email Alerts,chance,0.01,easy
Email Alerts,chance,0.01,easy
Email Alerts,flare,0.43,easy
Email Alerts,slight,0.38,easy
Email Alerts,chance,0.01,easy
Email Alerts,minor,0.22,easy
Email Alerts,solar,0.73,hard
Email Alerts,radiation,0.47,easy
Email Alerts,storm,0.38,easy
Email Alerts,significant,0.42,easy
Email Alerts,flare,0.43,easy
Email Alerts,activity,0.36,easy
Email Alerts,greater,0.1,easy
Email Alerts,electron,0.71,hard
Email Alerts,high,0.0,easy
Email Alerts,influence,0.13,easy
Email Alerts,geomagnetic,0.84,hard
Email Alerts,field,0.0,easy
Email Alerts,solar,0.73,hard
Email Alerts,activity,0.36,easy
Email Alerts,moderate,0.46,easy
Email Alerts,week,0.0,easy
Email Alerts,period,0.01,easy
Email Alerts,associated,0.64,hard
Email Alerts,event,0.05,easy
Email Alerts,activity,0.36,easy
Email Alerts,numerous,0.5,easy
Email Alerts,imagery,0.69,hard
Email Alerts,throughout,0.05,easy
Email Alerts,week,0.0,easy
Email Alerts,none,0.05,easy
Email Alerts,orbit,0.63,hard
Email Alerts,although,0.0,easy
Email Alerts,proton,0.76,hard
Email Alerts,flux,0.46,easy
Email Alerts,slightly,0.1,easy
Email Alerts,elevated,0.72,hard
Email Alerts,background,0.04,easy
Email Alerts,greater,0.1,easy
Email Alerts,electron,0.71,hard
Email Alerts,orbit,0.63,hard
Email Alerts,high,0.0,easy
Email Alerts,flux,0.46,easy
Email Alerts,geomagnetic,0.84,hard
Email Alerts,field,0.0,easy
Email Alerts,activity,0.36,easy
Email Alerts,mostly,0.22,easy
Email Alerts,ranged,0.71,hard
Email Alerts,active,0.11,easy
Email Alerts,period,0.01,easy
Email Alerts,weak,0.21,easy
Email Alerts,negative,0.29,easy
Email Alerts,polarity,0.79,hard
Email Alerts,coronal,0.76,hard
Email Alerts,hole,0.1,easy
Email Alerts,high,0.0,easy
Email Alerts,stream,0.37,easy
Email Alerts,influence,0.13,easy
Email Alerts,quiet,0.04,easy
Email Alerts,isolated,0.57,hard
Email Alerts,unsettled,0.72,hard
Email Alerts,period,0.01,easy
Email Alerts,active,0.11,easy
Email Alerts,weak,0.21,easy
Email Alerts,positive,0.23,easy
Email Alerts,polarity,0.79,hard
Email Alerts,coronal,0.76,hard
Email Alerts,hole,0.1,easy
Email Alerts,high,0.0,easy
Email Alerts,speed,0.15,easy
Email Alerts,stream,0.37,easy
Email Alerts,influence,0.13,easy
Email Alerts,space,0.0,easy
Email Alerts,weather,0.14,easy
Email Alerts,outlook,0.57,hard
Email Alerts,solar,0.73,hard
Email Alerts,low,0.0,easy
Email Alerts,flare,0.43,easy
Email Alerts,active,0.11,easy
Email Alerts,visible,0.47,easy
Email Alerts,disk,0.42,easy
Email Alerts,active,0.11,easy
Email Alerts,orbit,0.63,hard
Email Alerts,greater,0.1,easy
Email Alerts,electron,0.71,hard
Email Alerts,high,0.0,easy
Email Alerts,geomagnetic,0.84,hard
Email Alerts,field,0.0,easy
Email Alerts,active,0.11,easy
Email Alerts,possible,0.0,easy
Email Alerts,possible,0.0,easy
Email Alerts,enhanced,0.7,hard
Email Alerts,solar,0.73,hard
Email Alerts,activity,0.36,easy
Email Alerts,ranged,0.71,hard
Email Alerts,flare,0.43,easy
Email Alerts,activity,0.36,easy
Email Alerts,activity,0.36,easy
Email Alerts,weak,0.21,easy
Email Alerts,activity,0.36,easy
Email Alerts,moderate,0.46,easy
Email Alerts,flaring,0.76,hard
Email Alerts,saw,0.0,easy
Email Alerts,reg,0.75,hard
Email Alerts,associated,0.64,hard
Email Alerts,type,0.0,easy
Email Alerts,flare,0.43,easy
Email Alerts,activity,0.36,easy
Email Alerts,associated,0.64,hard
Email Alerts,event,0.05,easy
Email Alerts,throughout,0.05,easy
Email Alerts,later,0.0,easy
Email Alerts,highlight,0.6,hard
Email Alerts,seen,0.0,easy
Email Alerts,lifting,0.74,hard
Email Alerts,stereo,0.65,hard
Email Alerts,coronagraph,0.82,hard
Email Alerts,imagery,0.69,hard
Email Alerts,initial,0.38,easy
Email Alerts,analysis,0.41,easy
Email Alerts,model,0.15,easy
Email Alerts,output,0.42,easy
Email Alerts,weak,0.21,easy
Email Alerts,glancing,0.76,hard
Email Alerts,blow,0.02,easy
Email Alerts,greater,0.1,easy
Email Alerts,event,0.05,easy
Email Alerts,long,0.0,easy
Email Alerts,duration,0.7,hard
Email Alerts,flare,0.43,easy
Email Alerts,proton,0.76,hard
Email Alerts,event,0.05,easy
Email Alerts,proton,0.76,hard
Email Alerts,background,0.04,easy
Email Alerts,highlight,0.6,hard
Email Alerts,period,0.01,easy
Email Alerts,greater,0.1,easy
Email Alerts,electron,0.71,hard
Email Alerts,orbit,0.63,hard
Email Alerts,flux,0.46,easy
Email Alerts,reading,0.03,easy
Email Alerts,geomagnetic,0.84,hard
Email Alerts,field,0.0,easy
Email Alerts,activity,0.36,easy
Email Alerts,wind,0.05,easy
Email Alerts,environment,0.61,hard
Email Alerts,enhanced,0.7,hard
Email Alerts,total,0.02,easy
Email Alerts,wind,0.05,easy
Email Alerts,weak,0.21,easy
Email Alerts,negative,0.29,easy
Email Alerts,space,0.0,easy
Email Alerts,weather,0.14,easy
Email Alerts,outlook,0.57,hard
Email Alerts,solar,0.73,hard
Email Alerts,flare,0.43,easy
Email Alerts,activity,0.36,easy
Email Alerts,mostly,0.22,easy
Email Alerts,flare,0.43,easy
Email Alerts,slight,0.38,easy
Email Alerts,chance,0.01,easy
Email Alerts,greater,0.1,easy
Email Alerts,electron,0.71,hard
Email Alerts,activity,0.36,easy
Email Alerts,moderate,0.46,easy
Email Alerts,long,0.0,easy
Email Alerts,associated,0.64,hard
Email Alerts,event,0.05,easy
Email Alerts,radio,0.22,easy
Email Alerts,event,0.05,easy
Email Alerts,full,0.0,easy
Email Alerts,halo,0.72,hard
Email Alerts,first,0.0,easy
Email Alerts,forecaster,0.79,hard
Email Alerts,modeling,0.73,hard
Email Alerts,determined,0.21,easy
Email Alerts,region,0.45,easy
Email Alerts,produced,0.28,easy
Email Alerts,numerous,0.5,easy
Email Alerts,east,0.18,easy
Email Alerts,limb,0.62,hard
Email Alerts,produced,0.28,easy
Email Alerts,activity,0.36,easy
Email Alerts,orbit,0.63,hard
Email Alerts,highlight,0.6,hard
Email Alerts,period,0.01,easy
Email Alerts,greater,0.1,easy
Email Alerts,electron,0.71,hard
Email Alerts,orbit,0.63,hard
Email Alerts,high,0.0,easy
Email Alerts,geomagnetic,0.84,hard
Email Alerts,field,0.0,easy
Email Alerts,activity,0.36,easy
Email Alerts,active,0.11,easy
Email Alerts,space,0.0,easy
Email Alerts,weather,0.14,easy
Email Alerts,outlook,0.57,hard
Email Alerts,solar,0.73,hard
Email Alerts,flare,0.43,easy
Email Alerts,potential,0.24,easy
Email Alerts,far,0.0,easy
Email Alerts,disk,0.42,easy
Email Alerts,slight,0.38,easy
Email Alerts,chance,0.01,easy
Email Alerts,orbit,0.63,hard
Email Alerts,visible,0.47,easy
Email Alerts,disk,0.42,easy
Email Alerts,otherwise,0.25,easy
Email Alerts,outlook,0.57,hard
Email Alerts,period,0.01,easy
Email Alerts,greater,0.1,easy
Email Alerts,electron,0.71,hard
Email Alerts,high,0.0,easy
Email Alerts,activity,0.36,easy
Email Alerts,outlook,0.57,hard
Email Alerts,period,0.01,easy
Email Alerts,geomagnetic,0.84,hard
Email Alerts,field,0.0,easy
Email Alerts,storm,0.38,easy
Email Alerts,full,0.0,easy
Email Alerts,halo,0.72,hard
Email Alerts,active,0.11,easy
Email Alerts,activity,0.36,easy
Email Alerts,period,0.01,easy
Email Alerts,solar,0.73,hard
Email Alerts,activity,0.36,easy
Email Alerts,period,0.01,easy
Email Alerts,numerous,0.5,easy
Email Alerts,activity,0.36,easy
Email Alerts,activity,0.36,easy
Email Alerts,region,0.45,easy
Email Alerts,six,0.02,easy
Email Alerts,note,0.01,easy
Email Alerts,region,0.45,easy
Email Alerts,associated,0.64,hard
Email Alerts,type,0.0,easy
Email Alerts,associated,0.64,hard
Email Alerts,type,0.0,easy
Email Alerts,saw,0.0,easy
Email Alerts,five,0.0,easy
Email Alerts,class,0.01,easy
Email Alerts,area,0.01,easy
Email Alerts,region,0.45,easy
Email Alerts,associated,0.64,hard
Email Alerts,type,0.0,easy
Email Alerts,region,0.45,easy
Email Alerts,region,0.45,easy
Email Alerts,flare,0.43,easy
Email Alerts,highlight,0.6,hard
Email Alerts,period,0.01,easy
Email Alerts,flare,0.43,easy
Email Alerts,activity,0.36,easy
Email Alerts,flare,0.43,easy
Email Alerts,activity,0.36,easy
Email Alerts,week,0.0,easy
Email Alerts,produced,0.28,easy
Email Alerts,earth,0.0,easy
Email Alerts,lone,0.62,hard
Email Alerts,exception,0.35,easy
Email Alerts,activity,0.36,easy
Email Alerts,took,0.0,easy
Email Alerts,sun,0.09,easy
Email Alerts,orbit,0.63,hard
Email Alerts,greater,0.1,easy
Email Alerts,electron,0.71,hard
Email Alerts,orbit,0.63,hard
Email Alerts,high,0.0,easy
Email Alerts,flux,0.46,easy
Email Alerts,geomagnetic,0.84,hard
Email Alerts,field,0.0,easy
Email Alerts,activity,0.36,easy
Email Alerts,minor,0.22,easy
Email Alerts,storm,0.38,easy
Email Alerts,reading,0.03,easy
Email Alerts,activity,0.36,easy
Email Alerts,mostly,0.22,easy
Email Alerts,associated,0.64,hard
Email Alerts,negative,0.29,easy
Email Alerts,influence,0.13,easy
Email Alerts,space,0.0,easy
Email Alerts,weather,0.14,easy
Email Alerts,outlook,0.57,hard
Email Alerts,solar,0.73,hard
Email Alerts,flare,0.43,easy
Email Alerts,throughout,0.05,easy
Email Alerts,outlook,0.57,hard
Email Alerts,orbit,0.63,hard
Email Alerts,event,0.05,easy
Email Alerts,throughout,0.05,easy
Email Alerts,period,0.01,easy
Email Alerts,complex,0.02,easy
Email Alerts,magnetically,0.82,hard
Email Alerts,active,0.11,easy
Email Alerts,greater,0.1,easy
Email Alerts,electron,0.71,hard
Email Alerts,solar,0.73,hard
Email Alerts,activity,0.36,easy
Email Alerts,period,0.01,easy
Email Alerts,activity,0.36,easy
Email Alerts,predominate,0.78,hard
Email Alerts,weak,0.21,easy
Email Alerts,region,0.45,easy
Email Alerts,sweep,0.39,easy
Email Alerts,glancing,0.76,hard
Email Alerts,blow,0.02,easy
Email Alerts,activity,0.36,easy
Email Alerts,region,0.45,easy
Email Alerts,associated,0.64,hard
Email Alerts,flare,0.43,easy
Email Alerts,halo,0.72,hard
Email Alerts,activity,0.36,easy
Email Alerts,orbit,0.63,hard
Email Alerts,greater,0.1,easy
Email Alerts,electron,0.71,hard
Email Alerts,orbit,0.63,hard
Email Alerts,flux,0.46,easy
Email Alerts,present,0.0,easy
Email Alerts,geomagnetic,0.84,hard
Email Alerts,field,0.0,easy
Email Alerts,activity,0.36,easy
Email Alerts,generally,0.24,easy
Email Alerts,ranged,0.71,hard
Email Alerts,isolated,0.57,hard
Email Alerts,minor,0.22,easy
Email Alerts,storm,0.38,easy
Email Alerts,quiet,0.04,easy
Email Alerts,effect,0.0,easy
Email Alerts,positive,0.23,easy
Email Alerts,effect,0.0,easy
Email Alerts,mostly,0.22,easy
Email Alerts,quiet,0.04,easy
Email Alerts,space,0.0,easy
Email Alerts,weather,0.14,easy
Email Alerts,outlook,0.57,hard
Email Alerts,solar,0.73,hard
Email Alerts,flare,0.43,easy
Email Alerts,throughout,0.05,easy
Email Alerts,outlook,0.57,hard
Email Alerts,orbit,0.63,hard
Email Alerts,event,0.05,easy
Email Alerts,throughout,0.05,easy
Email Alerts,period,0.01,easy
Email Alerts,complex,0.02,easy
Email Alerts,magnetically,0.82,hard
Email Alerts,active,0.11,easy
Email Alerts,greater,0.1,easy
Email Alerts,electron,0.71,hard
Email Alerts,geomagnetic,0.84,hard
Email Alerts,field,0.0,easy
Email Alerts,storm,0.38,easy
Email Alerts,effect,0.0,easy
Email Alerts,effect,0.0,easy
Email Alerts,solar,0.73,hard
Email Alerts,activity,0.36,easy
Email Alerts,ranged,0.71,hard
Email Alerts,produced,0.28,easy
Email Alerts,lower,0.14,easy
Email Alerts,minor,0.22,easy
Email Alerts,around,0.0,easy
Email Alerts,active,0.11,easy
Email Alerts,relatively,0.5,easy
Email Alerts,simple,0.0,easy
Email Alerts,activity,0.36,easy
Email Alerts,associated,0.64,hard
Email Alerts,activity,0.36,easy
Email Alerts,past,0.0,easy
Email Alerts,visible,0.47,easy
Email Alerts,disk,0.42,easy
Email Alerts,coronagraph,0.82,hard
Email Alerts,imagery,0.69,hard
Email Alerts,orbit,0.63,hard
Email Alerts,greater,0.1,easy
Email Alerts,electron,0.71,hard
Email Alerts,orbit,0.63,hard
Email Alerts,period,0.01,easy
Email Alerts,geomagnetic,0.84,hard
Email Alerts,field,0.0,easy
Email Alerts,activity,0.36,easy
Email Alerts,ranged,0.71,hard
Email Alerts,period,0.01,easy
Email Alerts,space,0.0,easy
Email Alerts,weather,0.14,easy
Email Alerts,outlook,0.57,hard
Email Alerts,solar,0.73,hard
Email Alerts,chance,0.01,easy
Email Alerts,activity,0.36,easy
Email Alerts,throughout,0.05,easy
Email Alerts,outlook,0.57,hard
Email Alerts,orbit,0.63,hard
Email Alerts,greater,0.1,easy
Email Alerts,electron,0.71,hard
Email Alerts,reach,0.07,easy
Email Alerts,high,0.0,easy
Email Alerts,influence,0.13,easy
Email Alerts,day,0.0,easy
Email Alerts,geomagnetic,0.84,hard
Email Alerts,field,0.0,easy
Email Alerts,active,0.11,easy
Email Alerts,unsettled,0.72,hard
Email Alerts,likely,0.06,easy
Email Alerts,activity,0.36,easy
Email Alerts,outlook,0.57,hard
Email Alerts,solar,0.73,hard
Email Alerts,activity,0.36,easy
Email Alerts,ranged,0.71,hard
Email Alerts,period,0.01,easy
Email Alerts,primary,0.24,easy
Email Alerts,activity,0.36,easy
Email Alerts,event,0.05,easy
Email Alerts,flare,0.43,easy
Email Alerts,region,0.45,easy
Email Alerts,region,0.45,easy
Email Alerts,produced,0.28,easy
Email Alerts,region,0.45,easy
Email Alerts,produced,0.28,easy
Email Alerts,despite,0.07,easy
Email Alerts,flare,0.43,easy
Email Alerts,activity,0.36,easy
Email Alerts,throughout,0.05,easy
Email Alerts,orbit,0.63,hard
Email Alerts,greater,0.1,easy
Email Alerts,electron,0.71,hard
Email Alerts,orbit,0.63,hard
Email Alerts,high,0.0,easy
Email Alerts,geomagnetic,0.84,hard
Email Alerts,field,0.0,easy
Email Alerts,activity,0.36,easy
Email Alerts,negative,0.29,easy
Email Alerts,quiet,0.04,easy
Email Alerts,solar,0.73,hard
Email Alerts,wind,0.05,easy
Email Alerts,environment,0.61,hard
Email Alerts,space,0.0,easy
Email Alerts,weather,0.14,easy
Email Alerts,outlook,0.57,hard
Email Alerts,solar,0.73,hard
Email Alerts,flare,0.43,easy
Email Alerts,solar,0.73,hard
Email Alerts,low,0.0,easy
Email Alerts,flare,0.43,easy
Email Alerts,throughout,0.05,easy
Email Alerts,outlook,0.57,hard
Email Alerts,orbit,0.63,hard
Email Alerts,greater,0.1,easy
Email Alerts,electron,0.71,hard
Email Alerts,throughout,0.05,easy
Email Alerts,period,0.01,easy
Email Alerts,geomagnetic,0.84,hard
Email Alerts,field,0.0,easy
Email Alerts,quiet,0.04,easy
Email Alerts,unsettled,0.72,hard
Email Alerts,active,0.11,easy
Email Alerts,active,0.11,easy
Email Alerts,effect,0.0,easy
Email Alerts,active,0.11,easy
Email Alerts,quiet,0.04,easy
Email Alerts,background,0.04,easy
Email Alerts,solar,0.73,hard
Email Alerts,wind,0.05,easy
Email Alerts,throughout,0.05,easy
Email Alerts,period,0.01,easy
Email Alerts,solar,0.73,hard
Email Alerts,activity,0.36,easy
Email Alerts,moderate,0.46,easy
Email Alerts,activity,0.36,easy
Email Alerts,region,0.45,easy
Email Alerts,activity,0.36,easy
Email Alerts,numerous,0.5,easy
Email Alerts,period,0.01,easy
Email Alerts,none,0.05,easy
Email Alerts,component,0.65,hard
Email Alerts,orbit,0.63,hard
Email Alerts,threshold,0.65,hard
Email Alerts,period,0.01,easy
Email Alerts,event,0.05,easy
Email Alerts,event,0.05,easy
Email Alerts,greater,0.1,easy
Email Alerts,electron,0.71,hard
Email Alerts,orbit,0.63,hard
Email Alerts,geomagnetic,0.84,hard
Email Alerts,field,0.0,easy
Email Alerts,activity,0.36,easy
Email Alerts,active,0.11,easy
Email Alerts,influence,0.13,easy
Email Alerts,weak,0.21,easy
Email Alerts,influence,0.13,easy
Email Alerts,last,0.0,easy
Email Alerts,mostly,0.22,easy
Email Alerts,quiet,0.04,easy
Email Alerts,solar,0.73,hard
Email Alerts,wind,0.05,easy
Email Alerts,field,0.0,easy
Email Alerts,enhanced,0.7,hard
Email Alerts,period,0.01,easy
Email Alerts,total,0.02,easy
Email Alerts,field,0.0,easy
Email Alerts,varied,0.59,hard
Email Alerts,wind,0.05,easy
Email Alerts,maximum,0.47,easy
Email Alerts,wind,0.05,easy
Email Alerts,background,0.04,easy
Email Alerts,phi,0.74,hard
Email Alerts,orientation,0.68,hard
Email Alerts,mostly,0.22,easy
Email Alerts,negative,0.29,easy
Email Alerts,orientation,0.68,hard
Email Alerts,field,0.0,easy
Email Alerts,positive,0.23,easy
Email Alerts,direction,0.01,easy
Email Alerts,space,0.0,easy
Email Alerts,weather,0.14,easy
Email Alerts,outlook,0.57,hard
Email Alerts,solar,0.73,hard
Email Alerts,low,0.0,easy
Email Alerts,chance,0.01,easy
Email Alerts,low,0.0,easy
Email Alerts,chance,0.01,easy
Email Alerts,proton,0.76,hard
Email Alerts,orbit,0.63,hard
Email Alerts,period,0.01,easy
Email Alerts,greater,0.1,easy
Email Alerts,electron,0.71,hard
Email Alerts,geomagnetic,0.84,hard
Email Alerts,field,0.0,easy
Email Alerts,flow,0.22,easy
Email Alerts,outlook,0.57,hard
Email Alerts,mostly,0.22,easy
Email Alerts,quiet,0.04,easy
Email Alerts,solar,0.73,hard
Email Alerts,activity,0.36,easy
Email Alerts,moderate,0.46,easy
Email Alerts,flare,0.43,easy
Email Alerts,flare,0.43,easy
Email Alerts,solar,0.73,hard
Email Alerts,activity,0.36,easy
Email Alerts,notable,0.61,hard
Email Alerts,activity,0.36,easy
Email Alerts,degree,0.06,easy
Email Alerts,filament,0.74,hard
Email Alerts,centered,0.68,hard
Email Alerts,proton,0.76,hard
Email Alerts,orbit,0.63,hard
Email Alerts,greater,0.1,easy
Email Alerts,electron,0.71,hard
Email Alerts,orbit,0.63,hard
Email Alerts,geomagnetic,0.84,hard
Email Alerts,field,0.0,easy
Email Alerts,activity,0.36,easy
Email Alerts,storm,0.38,easy
Email Alerts,total,0.02,easy
Email Alerts,field,0.0,easy
Email Alerts,solar,0.73,hard
Email Alerts,wind,0.05,easy
Email Alerts,steadily,0.65,hard
Email Alerts,near,0.01,easy
Email Alerts,active,0.11,easy
Email Alerts,space,0.0,easy
Email Alerts,weather,0.14,easy
Email Alerts,outlook,0.57,hard
Email Alerts,solar,0.73,hard
Email Alerts,low,0.0,easy
Email Alerts,occasional,0.59,hard
Email Alerts,orbit,0.63,hard
Email Alerts,greater,0.1,easy
Email Alerts,electron,0.71,hard
Email Alerts,geomagnetic,0.84,hard
Email Alerts,field,0.0,easy
Email Alerts,glancing,0.76,hard
Email Alerts,multiple,0.19,easy
Email Alerts,positive,0.23,easy
Email Alerts,polarity,0.79,hard
Email Alerts,coronal,0.76,hard
Email Alerts,hole,0.1,easy
Email Alerts,high,0.0,easy
Email Alerts,speed,0.15,easy
Email Alerts,solar,0.73,hard
Email Alerts,activity,0.36,easy
Email Alerts,ranged,0.71,hard
Email Alerts,produced,0.28,easy
Email Alerts,event,0.05,easy
Email Alerts,various,0.06,easy
Email Alerts,throughout,0.05,easy
Email Alerts,flare,0.43,easy
Email Alerts,activity,0.36,easy
Email Alerts,radio,0.22,easy
Email Alerts,radio,0.22,easy
Email Alerts,radio,0.22,easy
Email Alerts,associated,0.64,hard
Email Alerts,eruptive,0.73,hard
Email Alerts,activity,0.36,easy
Email Alerts,orbit,0.63,hard
Email Alerts,greater,0.1,easy
Email Alerts,electron,0.71,hard
Email Alerts,orbit,0.63,hard
Email Alerts,throughout,0.05,easy
Email Alerts,summary,0.7,hard
Email Alerts,geomagnetic,0.84,hard
Email Alerts,field,0.0,easy
Email Alerts,activity,0.36,easy
Email Alerts,summary,0.7,hard
Email Alerts,period,0.01,easy
Email Alerts,throughout,0.05,easy
Email Alerts,week,0.0,easy
Email Alerts,solar,0.73,hard
Email Alerts,wind,0.05,easy
Email Alerts,wind,0.05,easy
Email Alerts,near,0.01,easy
Email Alerts,wind,0.05,easy
Email Alerts,steadily,0.65,hard
Email Alerts,transient,0.71,hard
Email Alerts,feature,0.11,easy
Email Alerts,combined,0.55,hard
Email Alerts,slow,0.01,easy
Email Alerts,wind,0.05,easy
Email Alerts,unsettled,0.72,hard
Email Alerts,space,0.0,easy
Email Alerts,weather,0.14,easy
Email Alerts,outlook,0.57,hard
Email Alerts,solar,0.73,hard
Email Alerts,moderate,0.46,easy
Email Alerts,due,0.02,easy
Email Alerts,flare,0.43,easy
Email Alerts,potential,0.24,easy
Email Alerts,active,0.11,easy
Email Alerts,near,0.01,easy
Email Alerts,west,0.1,easy
Email Alerts,chance,0.01,easy
Email Alerts,activity,0.36,easy
Email Alerts,orbit,0.63,hard
Email Alerts,greater,0.1,easy
Email Alerts,electron,0.71,hard
Email Alerts,throughout,0.05,easy
Email Alerts,outlook,0.57,hard
Email Alerts,period,0.01,easy
Email Alerts,geomagnetic,0.84,hard
Email Alerts,field,0.0,easy
Email Alerts,unsettled,0.72,hard
Email Alerts,influence,0.13,easy
Email Alerts,multiple,0.19,easy
Email Alerts,outlook,0.57,hard
Email Alerts,quiet,0.04,easy
Email Alerts,solar,0.73,hard
Email Alerts,activity,0.36,easy
Email Alerts,throughout,0.05,easy
Email Alerts,event,0.05,easy
Email Alerts,week,0.0,easy
Email Alerts,unique,0.33,easy
Email Alerts,event,0.05,easy
Email Alerts,associated,0.64,hard
Email Alerts,sweep,0.39,easy
Email Alerts,region,0.45,easy
Email Alerts,proton,0.76,hard
Email Alerts,orbit,0.63,hard
Email Alerts,greater,0.1,easy
Email Alerts,electron,0.71,hard
Email Alerts,orbit,0.63,hard
Email Alerts,geomagnetic,0.84,hard
Email Alerts,field,0.0,easy
Email Alerts,activity,0.36,easy
Email Alerts,storm,0.38,easy
Email Alerts,arrival,0.61,hard
Email Alerts,left,0.0,easy
Email Alerts,sun,0.09,easy
Email Alerts,storm,0.38,easy
Email Alerts,following,0.03,easy
Email Alerts,left,0.0,easy
Email Alerts,quiet,0.04,easy
Email Alerts,throughout,0.05,easy
Email Alerts,period,0.01,easy
Email Alerts,space,0.0,easy
Email Alerts,weather,0.14,easy
Email Alerts,outlook,0.57,hard
Email Alerts,solar,0.73,hard
Email Alerts,throughout,0.05,easy
Email Alerts,outlook,0.57,hard
Email Alerts,period,0.01,easy
Email Alerts,slight,0.38,easy
Email Alerts,chance,0.01,easy
Email Alerts,solar,0.73,hard
Email Alerts,radiation,0.47,easy
Email Alerts,throughout,0.05,easy
Email Alerts,outlook,0.57,hard
Email Alerts,period,0.01,easy
Email Alerts,greater,0.1,easy
Email Alerts,electron,0.71,hard
Email Alerts,minor,0.22,easy
Email Alerts,geomagnetic,0.84,hard
Email Alerts,field,0.0,easy
Email Alerts,mostly,0.22,easy
Email Alerts,quiet,0.04,easy
Email Alerts,solar,0.73,hard
Email Alerts,activity,0.36,easy
Email Alerts,ranged,0.71,hard
Email Alerts,moderate,0.46,easy
Email Alerts,flare,0.43,easy
Email Alerts,shock,0.07,easy
Email Alerts,shock,0.07,easy
Email Alerts,region,0.45,easy
Email Alerts,active,0.11,easy
Email Alerts,either,0.0,easy
Email Alerts,potential,0.24,easy
Email Alerts,greater,0.1,easy
Email Alerts,electron,0.71,hard
Email Alerts,orbit,0.63,hard
Email Alerts,high,0.0,easy
Email Alerts,geomagnetic,0.84,hard
Email Alerts,field,0.0,easy
Email Alerts,activity,0.36,easy
Email Alerts,isolated,0.57,hard
Email Alerts,active,0.11,easy
Email Alerts,period,0.01,easy
Email Alerts,unsettled,0.72,hard
Email Alerts,quiet,0.04,easy
Email Alerts,activity,0.36,easy
Email Alerts,multiple,0.19,easy
Email Alerts,negative,0.29,easy
Email Alerts,space,0.0,easy
Email Alerts,weather,0.14,easy
Email Alerts,outlook,0.57,hard
Email Alerts,solar,0.73,hard
Email Alerts,activity,0.36,easy
Email Alerts,ranged,0.71,hard
Email Alerts,moderate,0.46,easy
Email Alerts,flare,0.43,easy
Email Alerts,shock,0.07,easy
Email Alerts,shock,0.07,easy
Email Alerts,region,0.45,easy
Email Alerts,active,0.11,easy
Email Alerts,either,0.0,easy
Email Alerts,potential,0.24,easy
Email Alerts,greater,0.1,easy
Email Alerts,electron,0.71,hard
Email Alerts,orbit,0.63,hard
Email Alerts,high,0.0,easy
Email Alerts,geomagnetic,0.84,hard
Email Alerts,field,0.0,easy
Email Alerts,activity,0.36,easy
Email Alerts,isolated,0.57,hard
Email Alerts,active,0.11,easy
Email Alerts,period,0.01,easy
Email Alerts,unsettled,0.72,hard
Email Alerts,quiet,0.04,easy
Email Alerts,activity,0.36,easy
Email Alerts,multiple,0.19,easy
Email Alerts,negative,0.29,easy
Email Alerts,wrap,0.52,easy
Email Alerts,solar,0.73,hard
Email Alerts,activity,0.36,easy
Email Alerts,high,0.0,easy
Email Alerts,active,0.11,easy
Email Alerts,throughout,0.05,easy
Email Alerts,orbit,0.63,hard
Email Alerts,greater,0.1,easy
Email Alerts,electron,0.71,hard
Email Alerts,orbit,0.63,hard
Email Alerts,throughout,0.05,easy
Email Alerts,week,0.0,easy
Email Alerts,geomagnetic,0.84,hard
Email Alerts,field,0.0,easy
Email Alerts,activity,0.36,easy
Email Alerts,active,0.11,easy
Email Alerts,quiet,0.04,easy
Email Alerts,throughout,0.05,easy
Email Alerts,period,0.01,easy
Email Alerts,space,0.0,easy
Email Alerts,weather,0.14,easy
Email Alerts,outlook,0.57,hard
Email Alerts,solar,0.73,hard
Email Alerts,throughout,0.05,easy
Email Alerts,likely,0.06,easy
Email Alerts,chance,0.01,easy
Email Alerts,greater,0.1,easy
Email Alerts,orbit,0.63,hard
Email Alerts,barring,0.76,hard
Email Alerts,significant,0.42,easy
Email Alerts,flare,0.43,easy
Email Alerts,activity,0.36,easy
Email Alerts,greater,0.1,easy
Email Alerts,electron,0.71,hard
Email Alerts,geomagnetic,0.84,hard
Email Alerts,field,0.0,easy
Email Alerts,storm,0.38,easy
Email Alerts,active,0.11,easy
Email Alerts,quiet,0.04,easy
Email Alerts,throughout,0.05,easy
Email Alerts,period,0.01,easy
Email Alerts,solar,0.73,hard
Email Alerts,activity,0.36,easy
Email Alerts,ranged,0.71,hard
Email Alerts,minor,0.22,easy
Email Alerts,moderate,0.46,easy
Email Alerts,produced,0.28,easy
Email Alerts,produced,0.28,easy
Email Alerts,produced,0.28,easy
Email Alerts,flare,0.43,easy
Email Alerts,associated,0.64,hard
Email Alerts,event,0.05,easy
Email Alerts,produced,0.28,easy
Email Alerts,active,0.11,easy
Email Alerts,either,0.0,easy
Email Alerts,potential,0.24,easy
Email Alerts,orbit,0.63,hard
Email Alerts,greater,0.1,easy
Email Alerts,electron,0.71,hard
Email Alerts,orbit,0.63,hard
Email Alerts,flux,0.46,easy
Email Alerts,geomagnetic,0.84,hard
Email Alerts,field,0.0,easy
Email Alerts,activity,0.36,easy
Email Alerts,effect,0.0,easy
Email Alerts,mostly,0.22,easy
Email Alerts,quiet,0.04,easy
Email Alerts,effect,0.0,easy
Email Alerts,solar,0.73,hard
Email Alerts,wind,0.05,easy
Email Alerts,slightly,0.1,easy
Email Alerts,enhanced,0.7,hard
Email Alerts,effect,0.0,easy
Email Alerts,greater,0.1,easy
Email Alerts,total,0.02,easy
Email Alerts,reaching,0.6,hard
Email Alerts,time,0.0,easy
Email Alerts,wind,0.05,easy
Email Alerts,space,0.0,easy
Email Alerts,weather,0.14,easy
Email Alerts,outlook,0.57,hard
Email Alerts,solar,0.73,hard
Email Alerts,outlook,0.57,hard
Email Alerts,period,0.01,easy
Email Alerts,significant,0.42,easy
Email Alerts,solar,0.73,hard
Email Alerts,solar,0.73,hard
Email Alerts,orbit,0.63,hard
Email Alerts,greater,0.1,easy
Email Alerts,electron,0.71,hard
Email Alerts,effect,0.0,easy
Email Alerts,geomagnetic,0.84,hard
Email Alerts,field,0.0,easy
Email Alerts,weak,0.21,easy
Email Alerts,effect,0.0,easy
Email Alerts,solar,0.73,hard
Email Alerts,activity,0.36,easy
Email Alerts,ranged,0.71,hard
Email Alerts,high,0.0,easy
Email Alerts,region,0.45,easy
Email Alerts,produced,0.28,easy
Email Alerts,active,0.11,easy
Email Alerts,either,0.0,easy
Email Alerts,coronagraph,0.82,hard
Email Alerts,orbit,0.63,hard
Email Alerts,greater,0.1,easy
Email Alerts,electron,0.71,hard
Email Alerts,orbit,0.63,hard
Email Alerts,geomagnetic,0.84,hard
Email Alerts,field,0.0,easy
Email Alerts,activity,0.36,easy
Email Alerts,active,0.11,easy
Email Alerts,summary,0.7,hard
Email Alerts,period,0.01,easy
Email Alerts,activity,0.36,easy
Email Alerts,multiple,0.19,easy
Email Alerts,negative,0.29,easy
Email Alerts,space,0.0,easy
Email Alerts,weather,0.14,easy
Email Alerts,outlook,0.57,hard
Email Alerts,solar,0.73,hard
Email Alerts,moderate,0.46,easy
Email Alerts,high,0.0,easy
Email Alerts,throughout,0.05,easy
Email Alerts,outlook,0.57,hard
Email Alerts,period,0.01,easy
Email Alerts,back,0.0,easy
Email Alerts,onto,0.26,easy
Email Alerts,visible,0.47,easy
Email Alerts,disk,0.42,easy
Email Alerts,later,0.0,easy
Email Alerts,outlook,0.57,hard
Email Alerts,period,0.01,easy
Email Alerts,slight,0.38,easy
Email Alerts,chance,0.01,easy
Email Alerts,proton,0.76,hard
Email Alerts,orbit,0.63,hard
Email Alerts,due,0.02,easy
Email Alerts,flare,0.43,easy
Email Alerts,potential,0.24,easy
Email Alerts,greater,0.1,easy
Email Alerts,electron,0.71,hard
Email Alerts,activity,0.36,easy
Email Alerts,outlook,0.57,hard
Email Alerts,geomagnetic,0.84,hard
Email Alerts,field,0.0,easy
Email Alerts,minor,0.22,easy
Email Alerts,geomagnetic,0.84,hard
Email Alerts,storm,0.38,easy
Email Alerts,active,0.11,easy
Email Alerts,unsettle,0.79,hard
Email Alerts,likely,0.06,easy
Email Alerts,activity,0.36,easy
Email Alerts,outlook,0.57,hard
Email Alerts,quiet,0.04,easy
News Articles,cable,0.51,easy
News Articles,explanation,0.57,hard
News Articles,suspect,0.38,easy
News Articles,weather,0.14,easy
News Articles,investigating,0.79,hard
News Articles,weather,0.14,easy
News Articles,geomagnetic,0.84,hard
News Articles,provide,0.04,easy
News Articles,television,0.25,easy
News Articles,global,0.65,hard
News Articles,rotation,0.72,hard
News Articles,essentially,0.61,hard
News Articles,location,0.05,easy
News Articles,throughout,0.05,easy
News Articles,time,0.0,easy
News Articles,cover,0.01,easy
News Articles,sensitive,0.45,easy
News Articles,electronics,0.72,hard
News Articles,shielding,0.72,hard
News Articles,time,0.0,easy
News Articles,radiation,0.47,easy
News Articles,penetrate,0.66,hard
News Articles,understand,0.03,easy
News Articles,environment,0.61,hard
News Articles,tolerant,0.7,hard
News Articles,beneficial,0.77,hard
News Articles,astronautics,0.81,hard
News Articles,sensitive,0.45,easy
News Articles,weather,0.14,easy
News Articles,space,0.0,easy
News Articles,weather,0.14,easy
News Articles,paper,0.03,easy
News Articles,journal,0.67,hard
News Articles,space,0.0,easy
News Articles,weather,0.14,easy
News Articles,team,0.09,easy
News Articles,space,0.0,easy
News Articles,weather,0.14,easy
News Articles,found,0.0,easy
News Articles,electron,0.71,hard
News Articles,activity,0.36,easy
News Articles,solar,0.73,hard
News Articles,cycle,0.47,easy
News Articles,particle,0.71,hard
News Articles,flux,0.46,easy
News Articles,theorize,0.75,hard
News Articles,time,0.0,easy
News Articles,internal,0.45,easy
News Articles,charging,0.75,hard
News Articles,key,0.0,easy
News Articles,responsible,0.18,easy
News Articles,strengthening,0.73,hard
News Articles,current,0.01,easy
News Articles,next,0.0,easy
News Articles,data,0.13,easy
News Articles,faster,0.6,hard
News Articles,higher,0.11,easy
News Articles,data,0.13,easy
News Articles,along,0.0,easy
News Articles,weather,0.14,easy
News Articles,radiation,0.47,easy
News Articles,didnt,0.63,hard
News Articles,design,0.05,easy
News Articles,space,0.0,easy
News Articles,radiation,0.47,easy
News Articles,much,0.0,easy
News Articles,lifetime,0.68,hard
News Articles,radiation,0.47,easy
News Articles,exposure,0.54,easy
News Articles,vary,0.58,hard
News Articles,orbit,0.63,hard
News Articles,instance,0.28,easy
News Articles,dangerous,0.47,easy
News Articles,choose,0.3,easy
News Articles,survive,0.47,easy
News Articles,space,0.0,easy
News Articles,lot,0.0,easy
News Articles,dynamic,0.62,hard
News Articles,predict,0.69,hard
News Articles,many,0.0,easy
News Articles,different,0.0,easy
News Articles,way,0.0,easy
News Articles,wreak,0.72,hard
News Articles,electronics,0.72,hard
News Articles,hard,0.0,easy
News Articles,part,0.0,easy
News Articles,something,0.0,easy
News Articles,go,0.0,easy
News Articles,wrong,0.0,easy
News Articles,analysis,0.41,easy
News Articles,figure,0.02,easy
News Articles,add,0.02,easy
News Articles,another,0.0,easy
News Articles,satellite,0.65,hard
News Articles,community,0.1,easy
News Articles,forecasting,0.77,hard
News Articles,better,0.0,easy
News Articles,operate,0.5,easy
News Articles,say,0.0,easy
News Articles,high,0.0,easy
News Articles,right,0.0,easy
News Articles,really,0.0,easy
News Articles,understand,0.03,easy
News Articles,primary,0.24,easy
News Articles,goal,0.36,easy
News Articles,bridge,0.06,easy
News Articles,gap,0.57,hard
News Articles,community,0.1,easy
News Articles,satellite,0.65,hard
News Articles,space,0.0,easy
News Articles,equipment,0.28,easy
News Articles,company,0.0,easy
News Articles,operational,0.71,hard
News Articles,data,0.13,easy
News Articles,temperature,0.46,easy
News Articles,data,0.13,easy
News Articles,scientific,0.57,hard
News Articles,data,0.13,easy
News Articles,considered,0.2,easy
News Articles,hard,0.0,easy
News Articles,unrecoverable,0.83,hard
News Articles,temporary,0.59,hard
News Articles,team,0.09,easy
News Articles,noted,0.39,easy
News Articles,failure,0.16,easy
News Articles,weather,0.14,easy
News Articles,failure,0.16,easy
News Articles,multiple,0.19,easy
News Articles,included,0.35,easy
News Articles,activity,0.36,easy
News Articles,geomagnetic,0.84,hard
News Articles,activity,0.36,easy
News Articles,satellite,0.65,hard
News Articles,incorporate,0.74,hard
News Articles,radiation,0.47,easy
News Articles,space,0.0,easy
News Articles,orbit,0.63,hard
News Articles,team,0.09,easy
News Articles,found,0.0,easy
News Articles,amplifier,0.8,hard
News Articles,geomagnetic,0.84,hard
News Articles,activity,0.36,easy
News Articles,normally,0.63,hard
News Articles,consider,0.12,easy
News Articles,safe,0.08,easy
News Articles,finding,0.4,easy
News Articles,reliable,0.64,hard
News Articles,metric,0.69,hard
News Articles,radiation,0.47,easy
News Articles,discovered,0.5,easy
News Articles,many,0.0,easy
News Articles,broke,0.32,easy
News Articles,electron,0.71,hard
News Articles,solar,0.73,hard
News Articles,activity,0.36,easy
News Articles,overyear,0.76,hard
News Articles,period,0.01,easy
News Articles,solar,0.73,hard
News Articles,amplifier,0.8,hard
News Articles,time,0.0,easy
News Articles,electron,0.71,hard
News Articles,activity,0.36,easy
News Articles,penetrate,0.66,hard
News Articles,accumulate,0.79,hard
News Articles,causing,0.66,hard
News Articles,internal,0.45,easy
News Articles,charging,0.75,hard
News Articles,damage,0.22,easy
News Articles,electronics,0.72,hard
News Articles,carry,0.01,easy
News Articles,backup,0.67,hard
News Articles,mission,0.19,easy
News Articles,fail,0.13,easy
News Articles,get,0.0,easy
News Articles,mission,0.19,easy
News Articles,run,0.0,easy
News Articles,company,0.0,easy
News Articles,satellite,0.65,hard
News Articles,understanding,0.27,easy
News Articles,space,0.0,easy
News Articles,better,0.0,easy
News Articles,improve,0.45,easy
News Articles,planetary,0.69,hard
News Articles,research,0.26,easy
News Articles,space,0.0,easy
News Articles,balance,0.01,easy
News Articles,adequate,0.47,easy
News Articles,design,0.05,easy
News Articles,space,0.0,easy
News Articles,environmental,0.8,hard
News Articles,expensive,0.53,easy
News Articles,operational,0.71,hard
News Articles,harsh,0.51,easy
News Articles,help,0.0,easy
News Articles,design,0.05,easy
News Articles,robust,0.68,hard
News Articles,satellite,0.65,hard
News Articles,baker,0.68,hard
News Articles,research,0.26,easy
News Articles,national,0.02,easy
News Articles,science,0.04,easy
News Articles,foundation,0.58,hard
News Articles,graphic,0.47,easy
News Articles,possible,0.0,easy
News Articles,solar,0.73,hard
News Articles,activity,0.36,easy
News Articles,goddard,0.78,hard
News Articles,space,0.0,easy
News Articles,flight,0.09,easy
News Articles,pat,0.55,hard
News Articles,open,0.0,easy
News Articles,weather,0.14,easy
News Articles,news,0.05,easy
News Articles,quickly,0.1,easy
News Articles,forecast,0.57,hard
News Articles,location,0.05,easy
News Articles,behavior,0.3,easy
News Articles,exercise,0.26,easy
News Articles,around,0.0,easy
News Articles,bus,0.17,easy
News Articles,similarly,0.74,hard
News Articles,weather,0.14,easy
News Articles,real,0.0,easy
News Articles,effect,0.0,easy
News Articles,space,0.0,easy
News Articles,weather,0.14,easy
News Articles,solar,0.73,hard
News Articles,system,0.0,easy
News Articles,activity,0.36,easy
News Articles,space,0.0,easy
News Articles,even,0.0,easy
News Articles,without,0.0,easy
News Articles,major,0.0,easy
News Articles,solar,0.73,hard
News Articles,activity,0.36,easy
News Articles,density,0.69,hard
News Articles,environment,0.61,hard
News Articles,space,0.0,easy
News Articles,empty,0.08,easy
News Articles,think,0.0,easy
News Articles,space,0.0,easy
News Articles,physic,0.74,hard
News Articles,goddard,0.78,hard
News Articles,space,0.0,easy
News Articles,flight,0.09,easy
News Articles,space,0.0,easy
News Articles,environment,0.61,hard
News Articles,terrestrial,0.73,hard
News Articles,extreme,0.35,easy
News Articles,space,0.0,easy
News Articles,weather,0.14,easy
News Articles,disrupt,0.72,hard
News Articles,radio,0.22,easy
News Articles,endanger,0.75,hard
News Articles,past,0.0,easy
News Articles,sun,0.09,easy
News Articles,even,0.0,easy
News Articles,temporarily,0.73,hard
News Articles,large,0.0,easy
News Articles,electrical,0.67,hard
News Articles,forecasting,0.77,hard
News Articles,proper,0.19,easy
News Articles,preparation,0.51,easy
News Articles,disruptive,0.78,hard
News Articles,effect,0.0,easy
News Articles,space,0.0,easy
News Articles,weather,0.14,easy
News Articles,quite,0.0,easy
News Articles,different,0.0,easy
News Articles,average,0.08,easy
News Articles,terrestrial,0.73,hard
News Articles,space,0.0,easy
News Articles,solar,0.73,hard
News Articles,sun,0.09,easy
News Articles,electrically,0.81,hard
News Articles,plasma,0.7,hard
News Articles,fourth,0.31,easy
News Articles,plasma,0.7,hard
News Articles,constantly,0.37,easy
News Articles,toward,0.01,easy
News Articles,wind,0.05,easy
News Articles,pouring,0.71,hard
News Articles,energy,0.17,easy
News Articles,space,0.0,easy
News Articles,much,0.0,easy
News Articles,dramatic,0.24,easy
News Articles,solar,0.73,hard
News Articles,tremendous,0.57,hard
News Articles,sun,0.09,easy
News Articles,energy,0.17,easy
News Articles,coronal,0.76,hard
News Articles,mass,0.1,easy
News Articles,plasma,0.7,hard
News Articles,magnetic,0.65,hard
News Articles,sun,0.09,easy
News Articles,geomagnetic,0.84,hard
News Articles,resulting,0.63,hard
News Articles,occur,0.48,easy
News Articles,day,0.0,easy
News Articles,later,0.0,easy
News Articles,solar,0.73,hard
News Articles,time,0.0,easy
News Articles,coronal,0.76,hard
News Articles,mass,0.1,easy
News Articles,solar,0.73,hard
News Articles,goddard,0.78,hard
News Articles,space,0.0,easy
News Articles,flight,0.09,easy
News Articles,pat,0.55,hard
News Articles,sun,0.09,easy
News Articles,solar,0.73,hard
News Articles,cycle,0.47,easy
News Articles,common,0.0,easy
News Articles,middle,0.0,easy
News Articles,solar,0.73,hard
News Articles,cycle,0.47,easy
News Articles,solar,0.73,hard
News Articles,maximum,0.47,easy
News Articles,solar,0.73,hard
News Articles,maximum,0.47,easy
News Articles,sun,0.09,easy
News Articles,produce,0.07,easy
News Articles,several,0.0,easy
News Articles,per,0.0,easy
News Articles,day,0.0,easy
News Articles,truly,0.14,easy
News Articles,massive,0.55,hard
News Articles,per,0.0,easy
News Articles,year,0.0,easy
News Articles,science,0.04,easy
News Articles,solar,0.73,hard
News Articles,minimum,0.48,easy
News Articles,sun,0.09,easy
News Articles,quiet,0.04,easy
News Articles,extended,0.36,easy
News Articles,cycle,0.47,easy
News Articles,solar,0.73,hard
News Articles,maximum,0.47,easy
News Articles,around,0.0,easy
News Articles,doesnt,0.59,hard
News Articles,space,0.0,easy
News Articles,weather,0.14,easy
News Articles,large,0.0,easy
News Articles,magnetic,0.65,hard
News Articles,field,0.0,easy
News Articles,molten,0.72,hard
News Articles,iron,0.19,easy
News Articles,core,0.27,easy
News Articles,field,0.0,easy
News Articles,away,0.0,easy
News Articles,solar,0.73,hard
News Articles,wind,0.05,easy
News Articles,streaming,0.69,hard
News Articles,toward,0.01,easy
News Articles,earth,0.0,easy
News Articles,rainstorm,0.75,hard
News Articles,area,0.01,easy
News Articles,magnetic,0.65,hard
News Articles,sun,0.09,easy
News Articles,goddard,0.78,hard
News Articles,space,0.0,easy
News Articles,flight,0.09,easy
News Articles,pat,0.55,hard
News Articles,large,0.0,easy
News Articles,side,0.0,easy
News Articles,away,0.0,easy
News Articles,roughly,0.65,hard
News Articles,much,0.0,easy
News Articles,side,0.0,easy
News Articles,facing,0.54,easy
News Articles,sun,0.09,easy
News Articles,radius,0.66,hard
News Articles,around,0.0,easy
News Articles,really,0.0,easy
News Articles,nice,0.0,easy
News Articles,protective,0.69,hard
News Articles,shield,0.6,hard
News Articles,radiation,0.47,easy
News Articles,bad,0.0,easy
News Articles,weather,0.14,easy
News Articles,another,0.0,easy
News Articles,thick,0.09,easy
News Articles,atmosphere,0.28,easy
News Articles,harmful,0.75,hard
News Articles,light,0.0,easy
News Articles,radiation,0.47,easy
News Articles,sun,0.09,easy
News Articles,reaching,0.6,hard
News Articles,surface,0.09,easy
News Articles,protection,0.33,easy
News Articles,perfect,0.05,easy
News Articles,main,0.01,easy
News Articles,way,0.0,easy
News Articles,surface,0.09,easy
News Articles,affect,0.49,easy
News Articles,earth,0.0,easy
News Articles,radio,0.22,easy
News Articles,blackout,0.68,hard
News Articles,storm,0.38,easy
News Articles,energy,0.17,easy
News Articles,light,0.0,easy
News Articles,light,0.0,easy
News Articles,eight,0.17,easy
News Articles,earth,0.0,easy
News Articles,effect,0.0,easy
News Articles,almost,0.0,easy
News Articles,immediate,0.4,easy
News Articles,electromagnetic,0.83,hard
News Articles,energy,0.17,easy
News Articles,upper,0.41,easy
News Articles,atmosphere,0.28,easy
News Articles,region,0.45,easy
News Articles,communication,0.63,hard
News Articles,travel,0.27,easy
News Articles,cause,0.0,easy
News Articles,signal,0.48,easy
News Articles,radio,0.22,easy
News Articles,often,0.0,easy
News Articles,used,0.0,easy
News Articles,emergency,0.58,hard
News Articles,people,0.0,easy
News Articles,imagine,0.28,easy
News Articles,storm,0.38,easy
News Articles,disaster,0.43,easy
News Articles,radio,0.22,easy
News Articles,essential,0.33,easy
News Articles,keeping,0.33,easy
News Articles,people,0.0,easy
News Articles,safe,0.08,easy
News Articles,hurricane,0.71,hard
News Articles,notified,0.79,hard
News Articles,quickly,0.1,easy
News Articles,change,0.0,easy
News Articles,radio,0.22,easy
News Articles,solar,0.73,hard
News Articles,radiation,0.47,easy
News Articles,radiation,0.47,easy
News Articles,storm,0.38,easy
News Articles,small,0.0,easy
News Articles,accelerated,0.81,hard
News Articles,speed,0.15,easy
News Articles,carry,0.01,easy
News Articles,permeate,0.75,hard
News Articles,endanger,0.75,hard
News Articles,radiation,0.47,easy
News Articles,impact,0.24,easy
News Articles,sensitive,0.45,easy
News Articles,shielded,0.75,hard
News Articles,basement,0.65,hard
News Articles,geomagnetic,0.84,hard
News Articles,storm,0.38,easy
News Articles,solar,0.73,hard
News Articles,eruption,0.66,hard
News Articles,giant,0.25,easy
News Articles,reach,0.07,easy
News Articles,orbit,0.63,hard
News Articles,electromagnetic,0.83,hard
News Articles,rippling,0.76,hard
News Articles,induce,0.66,hard
News Articles,important,0.0,easy
News Articles,electrical,0.67,hard
News Articles,surface,0.09,easy
News Articles,power,0.0,easy
News Articles,major,0.0,easy
News Articles,geomagnetic,0.84,hard
News Articles,united,0.47,easy
News Articles,happening,0.56,hard
News Articles,monitor,0.5,easy
News Articles,space,0.0,easy
News Articles,keep,0.0,easy
News Articles,close,0.0,easy
News Articles,weather,0.14,easy
News Articles,space,0.0,easy
News Articles,weather,0.14,easy
News Articles,prediction,0.75,hard
News Articles,official,0.16,easy
News Articles,source,0.05,easy
News Articles,space,0.0,easy
News Articles,weather,0.14,easy
News Articles,research,0.26,easy
News Articles,national,0.02,easy
News Articles,science,0.04,easy
News Articles,foundation,0.58,hard
News Articles,survey,0.5,easy
News Articles,force,0.0,easy
News Articles,research,0.26,easy
News Articles,national,0.02,easy
News Articles,space,0.0,easy
News Articles,weather,0.14,easy
News Articles,strategy,0.69,hard
News Articles,action,0.0,easy
News Articles,plan,0.02,easy
News Articles,solar,0.73,hard
News Articles,space,0.0,easy
News Articles,weather,0.14,easy
News Articles,prepare,0.49,easy
News Articles,space,0.0,easy
News Articles,weather,0.14,easy
News Articles,shimmer,0.73,hard
News Articles,beam,0.41,easy
News Articles,foreground,0.72,hard
News Articles,federal,0.36,easy
News Articles,government,0.0,easy
News Articles,monitor,0.5,easy
News Articles,prepare,0.49,easy
News Articles,space,0.0,easy
News Articles,weather,0.14,easy
News Articles,resistant,0.71,hard
News Articles,shelter,0.46,easy
News Articles,certain,0.0,easy
News Articles,space,0.0,easy
News Articles,weather,0.14,easy
News Articles,power,0.0,easy
News Articles,grid,0.67,hard
News Articles,implement,0.65,hard
News Articles,geomagnetic,0.84,hard
News Articles,storm,0.38,easy
News Articles,effect,0.0,easy
News Articles,united,0.47,easy
News Articles,government,0.0,easy
News Articles,information,0.03,easy
News Articles,weather,0.14,easy
News Articles,damage,0.22,easy
News Articles,however,0.0,easy
News Articles,there,0.0,easy
News Articles,thing,0.0,easy
News Articles,space,0.0,easy
News Articles,weather,0.14,easy
News Articles,event,0.05,easy
News Articles,prepare,0.49,easy
News Articles,aurora,0.77,hard
News Articles,near,0.01,easy
News Articles,beautiful,0.01,easy
News Articles,storm,0.38,easy
News Articles,atmosphere,0.28,easy
News Articles,location,0.05,easy
News Articles,view,0.0,easy
News Articles,chocolate,0.52,easy
News Articles,goddard,0.78,hard
News Articles,space,0.0,easy
News Articles,flight,0.09,easy
News Articles,center,0.03,easy
News Articles,week,0.0,easy
News Articles,solar,0.73,hard
News Articles,screaming,0.44,easy
News Articles,towards,0.19,easy
News Articles,earth,0.0,easy
News Articles,solar,0.73,hard
News Articles,astronomer,0.75,hard
News Articles,physicist,0.75,hard
News Articles,discus,0.75,hard
News Articles,explosive,0.68,hard
News Articles,behavior,0.3,easy
News Articles,space,0.0,easy
News Articles,weather,0.14,easy
News Articles,electric,0.24,easy
News Articles,grid,0.67,hard
News Articles,sponsor,0.66,hard
News Articles,message,0.05,easy
News Articles,related,0.3,easy
News Articles,space,0.0,easy
News Articles,newly,0.6,hard
News Articles,fallen,0.45,easy
News Articles,offer,0.01,easy
News Articles,fresh,0.07,easy
News Articles,space,0.0,easy
News Articles,telescope,0.71,hard
News Articles,yet,0.0,easy
News Articles,space,0.0,easy
News Articles,host,0.33,easy
News Articles,youve,0.78,hard
News Articles,probably,0.0,easy
News Articles,news,0.05,easy
News Articles,week,0.0,easy
News Articles,flare,0.43,easy
News Articles,science,0.04,easy
News Articles,everything,0.0,easy
News Articles,work,0.0,easy
News Articles,solar,0.73,hard
News Articles,storm,0.38,easy
News Articles,actually,0.0,easy
News Articles,sun,0.09,easy
News Articles,good,0.0,easy
News Articles,solar,0.73,hard
News Articles,effect,0.0,easy
News Articles,earth,0.0,easy
News Articles,still,0.0,easy
News Articles,unsolved,0.76,hard
News Articles,sun,0.09,easy
News Articles,solar,0.73,hard
News Articles,space,0.0,easy
News Articles,flight,0.09,easy
News Articles,welcome,0.17,easy
News Articles,thank,0.38,easy
News Articles,welcome,0.17,easy
News Articles,space,0.0,easy
News Articles,weather,0.14,easy
News Articles,prediction,0.75,hard
News Articles,radio,0.22,easy
News Articles,station,0.06,easy
News Articles,thanks,0.1,easy
News Articles,show,0.0,easy
News Articles,welcome,0.17,easy
News Articles,sun,0.09,easy
News Articles,flare,0.43,easy
News Articles,sun,0.09,easy
News Articles,sun,0.09,easy
News Articles,time,0.0,easy
News Articles,sunspot,0.74,hard
News Articles,region,0.45,easy
News Articles,saw,0.0,easy
News Articles,radiation,0.47,easy
News Articles,subatomic,0.77,hard
News Articles,steadily,0.65,hard
News Articles,stayed,0.5,easy
News Articles,high,0.0,easy
News Articles,day,0.0,easy
News Articles,whole,0.0,easy
News Articles,explosion,0.6,hard
News Articles,sun,0.09,easy
News Articles,mass,0.1,easy
News Articles,million,0.06,easy
News Articles,streaming,0.69,hard
News Articles,solar,0.73,hard
News Articles,system,0.0,easy
News Articles,pretty,0.0,easy
News Articles,much,0.0,easy
News Articles,couple,0.01,easy
News Articles,day,0.0,easy
News Articles,later,0.0,easy
News Articles,produced,0.28,easy
News Articles,spectacular,0.6,hard
News Articles,auroral,0.77,hard
News Articles,still,0.0,easy
News Articles,activity,0.36,easy
News Articles,going,0.0,easy
News Articles,well,0.0,easy
News Articles,interesting,0.01,easy
News Articles,ask,0.01,easy
News Articles,since,0.0,easy
News Articles,even,0.0,easy
News Articles,bigger,0.49,easy
News Articles,dramatic,0.24,easy
News Articles,flare,0.43,easy
News Articles,even,0.0,easy
News Articles,powerful,0.18,easy
News Articles,day,0.0,easy
News Articles,radiation,0.47,easy
News Articles,storm,0.38,easy
News Articles,right,0.0,easy
News Articles,right,0.0,easy
News Articles,number,0.0,easy
News Articles,new,0.0,easy
News Articles,solar,0.73,hard
News Articles,flare,0.43,easy
News Articles,speak,0.08,easy
News Articles,bigger,0.49,easy
News Articles,week,0.0,easy
News Articles,page,0.0,easy
News Articles,talking,0.02,easy
News Articles,solar,0.73,hard
News Articles,number,0.0,easy
News Articles,big,0.0,easy
News Articles,well,0.0,easy
News Articles,talk,0.0,easy
News Articles,stay,0.01,easy
News Articles,talking,0.02,easy
News Articles,solar,0.73,hard
News Articles,astronomy,0.76,hard
News Articles,hour,0.0,easy
News Articles,space,0.0,easy
News Articles,flight,0.09,easy
News Articles,center,0.03,easy
News Articles,space,0.0,easy
News Articles,weather,0.14,easy
News Articles,prediction,0.75,hard
News Articles,center,0.03,easy
News Articles,number,0.0,easy
News Articles,solar,0.73,hard
News Articles,right,0.0,easy
News Articles,speak,0.08,easy
News Articles,bigger,0.49,easy
News Articles,happening,0.56,hard
News Articles,although,0.0,easy
News Articles,correct,0.23,easy
News Articles,active,0.11,easy
News Articles,region,0.45,easy
News Articles,magnetic,0.65,hard
News Articles,field,0.0,easy
News Articles,produce,0.07,easy
News Articles,coronal,0.76,hard
News Articles,mass,0.1,easy
News Articles,region,0.45,easy
News Articles,activity,0.36,easy
News Articles,week,0.0,easy
News Articles,coronal,0.76,hard
News Articles,mass,0.1,easy
News Articles,ejection,0.74,hard
News Articles,associated,0.64,hard
News Articles,big,0.0,easy
News Articles,away,0.0,easy
News Articles,earth,0.0,easy
News Articles,direct,0.05,easy
News Articles,ultraviolet,0.8,hard
News Articles,flare,0.43,easy
News Articles,radiation,0.47,easy
News Articles,coronal,0.76,hard
News Articles,mass,0.1,easy
News Articles,ejection,0.74,hard
News Articles,still,0.0,easy
News Articles,make,0.0,easy
News Articles,seeing,0.05,easy
News Articles,effect,0.0,easy
News Articles,well,0.0,easy
News Articles,flare,0.43,easy
News Articles,main,0.01,easy
News Articles,atmospheric,0.78,hard
News Articles,way,0.0,easy
News Articles,well,0.0,easy
News Articles,really,0.0,easy
News Articles,probably,0.0,easy
News Articles,wouldnt,0.76,hard
News Articles,somebody,0.46,easy
News Articles,plane,0.05,easy
News Articles,flying,0.43,easy
News Articles,know,0.0,easy
News Articles,across,0.0,easy
News Articles,pacific,0.74,hard
News Articles,ocean,0.44,easy
News Articles,right,0.0,easy
News Articles,youd,0.76,hard
News Articles,find,0.0,easy
News Articles,radio,0.22,easy
News Articles,probably,0.0,easy
News Articles,working,0.0,easy
News Articles,solar,0.73,hard
News Articles,way,0.0,easy
News Articles,signal,0.48,easy
News Articles,atmosphere,0.28,easy
News Articles,ionosphere,0.76,hard
News Articles,right,0.0,easy
News Articles,different,0.0,easy
News Articles,normal,0.04,easy
News Articles,state,0.0,easy
News Articles,radio,0.22,easy
News Articles,signal,0.48,easy
News Articles,doesnt,0.59,hard
News Articles,fact,0.0,easy
News Articles,pacific,0.74,hard
News Articles,right,0.0,easy
News Articles,feeling,0.01,easy
News Articles,solar,0.73,hard
News Articles,well,0.0,easy
News Articles,flare,0.43,easy
News Articles,today,0.0,easy
News Articles,eastern,0.61,hard
News Articles,time,0.0,easy
News Articles,yet,0.0,easy
News Articles,magnetic,0.65,hard
News Articles,field,0.0,easy
News Articles,sun,0.09,easy
News Articles,magnetic,0.65,hard
News Articles,field,0.0,easy
News Articles,compute,0.75,hard
News Articles,like,0.0,easy
News Articles,might,0.0,easy
News Articles,hear,0.01,easy
News Articles,percent,0.55,hard
News Articles,say,0.0,easy
News Articles,know,0.0,easy
News Articles,percent,0.55,hard
News Articles,area,0.01,easy
News Articles,saying,0.03,easy
News Articles,whatever,0.12,easy
News Articles,flying,0.43,easy
News Articles,trouble,0.02,easy
News Articles,knowing,0.38,easy
News Articles,probably,0.0,easy
News Articles,another,0.0,easy
News Articles,solar,0.73,hard
News Articles,exactly,0.08,easy
News Articles,right,0.0,easy
News Articles,see,0.0,easy
News Articles,communication,0.63,hard
News Articles,sit,0.07,easy
News Articles,orbit,0.63,hard
News Articles,earth,0.0,easy
News Articles,still,0.0,easy
News Articles,get,0.0,easy
News Articles,signal,0.48,easy
News Articles,sun,0.09,easy
News Articles,whats,0.52,easy
News Articles,internal,0.45,easy
News Articles,magnetism,0.73,hard
News Articles,pure,0.16,easy
News Articles,simple,0.0,easy
News Articles,magnetic,0.65,hard
News Articles,magnetic,0.65,hard
News Articles,make,0.0,easy
News Articles,sun,0.09,easy
News Articles,electrically,0.81,hard
News Articles,intense,0.27,easy
News Articles,magnetic,0.65,hard
News Articles,know,0.0,easy
News Articles,magnetic,0.65,hard
News Articles,field,0.0,easy
News Articles,strong,0.0,easy
News Articles,enough,0.0,easy
News Articles,inside,0.02,easy
News Articles,sun,0.09,easy
News Articles,appear,0.02,easy
News Articles,magnetic,0.65,hard
News Articles,get,0.0,easy
News Articles,twisted,0.62,hard
News Articles,outshape,0.78,hard
News Articles,basically,0.37,easy
News Articles,magnetic,0.65,hard
News Articles,energy,0.17,easy
News Articles,explosively,0.79,hard
News Articles,come,0.0,easy
News Articles,ultimately,0.49,easy
News Articles,produced,0.28,easy
News Articles,inside,0.02,easy
News Articles,sun,0.09,easy
News Articles,hot,0.0,easy
News Articles,corona,0.67,hard
News Articles,confined,0.67,hard
News Articles,move,0.0,easy
News Articles,along,0.0,easy
News Articles,magnetic,0.65,hard
News Articles,see,0.0,easy
News Articles,magnetic,0.65,hard
News Articles,magnetic,0.65,hard
News Articles,field,0.0,easy
News Articles,magnetic,0.65,hard
News Articles,field,0.0,easy
News Articles,normally,0.63,hard
News Articles,look,0.0,easy
News Articles,magnetic,0.65,hard
News Articles,field,0.0,easy
News Articles,field,0.0,easy
News Articles,going,0.0,easy
News Articles,north,0.14,easy
News Articles,coming,0.01,easy
News Articles,south,0.12,easy
News Articles,solar,0.73,hard
News Articles,wind,0.05,easy
News Articles,million,0.06,easy
News Articles,solar,0.73,hard
News Articles,wind,0.05,easy
News Articles,magnetic,0.65,hard
News Articles,field,0.0,easy
News Articles,magnetic,0.65,hard
News Articles,day,0.0,easy
News Articles,side,0.0,easy
News Articles,earth,0.0,easy
News Articles,night,0.0,easy
News Articles,side,0.0,easy
News Articles,magnetic,0.65,hard
News Articles,field,0.0,easy
News Articles,get,0.0,easy
News Articles,magnetic,0.65,hard
News Articles,coronal,0.76,hard
News Articles,mass,0.1,easy
News Articles,magnetic,0.65,hard
News Articles,explosion,0.6,hard
News Articles,go,0.0,easy
News Articles,coronal,0.76,hard
News Articles,mass,0.1,easy
News Articles,ejection,0.74,hard
News Articles,produced,0.28,easy
News Articles,magnetic,0.65,hard
News Articles,key,0.0,easy
News Articles,magnetic,0.65,hard
News Articles,field,0.0,easy
News Articles,opposite,0.08,easy
News Articles,directed,0.13,easy
News Articles,produce,0.07,easy
News Articles,magnetic,0.65,hard
News Articles,field,0.0,easy
News Articles,ultimately,0.49,easy
News Articles,streaming,0.69,hard
News Articles,back,0.0,easy
News Articles,along,0.0,easy
News Articles,magnetic,0.65,hard
News Articles,field,0.0,easy
News Articles,line,0.0,easy
News Articles,atmosphere,0.28,easy
News Articles,wow,0.5,easy
News Articles,terrific,0.56,hard
News Articles,aurora,0.77,hard
News Articles,coronal,0.76,hard
News Articles,mass,0.1,easy
News Articles,ejection,0.74,hard
News Articles,magnetic,0.65,hard
News Articles,field,0.0,easy
News Articles,magnetic,0.65,hard
News Articles,field,0.0,easy
News Articles,radiation,0.47,easy
News Articles,storm,0.38,easy
News Articles,magnetic,0.65,hard
News Articles,field,0.0,easy
News Articles,space,0.0,easy
News Articles,weather,0.14,easy
News Articles,prediction,0.75,hard
News Articles,sun,0.09,easy
News Articles,get,0.0,easy
News Articles,official,0.16,easy
News Articles,coronal,0.76,hard
News Articles,mass,0.1,easy
News Articles,ejection,0.74,hard
News Articles,earth,0.0,easy
News Articles,induced,0.71,hard
News Articles,power,0.0,easy
News Articles,power,0.0,easy
News Articles,system,0.0,easy
News Articles,protect,0.46,easy
News Articles,sure,0.0,easy
News Articles,sufficient,0.53,easy
News Articles,extra,0.21,easy
News Articles,something,0.0,easy
News Articles,industry,0.03,easy
News Articles,sure,0.0,easy
News Articles,theyre,0.76,hard
News Articles,able,0.0,easy
News Articles,correctly,0.31,easy
News Articles,less,0.0,easy
News Articles,ago,0.0,easy
News Articles,right,0.0,easy
News Articles,werent,0.78,hard
News Articles,really,0.0,easy
News Articles,stage,0.02,easy
News Articles,say,0.0,easy
News Articles,weather,0.14,easy
News Articles,forecasting,0.77,hard
News Articles,stage,0.02,easy
News Articles,canonical,0.74,hard
News Articles,thing,0.0,easy
News Articles,people,0.0,easy
News Articles,behind,0.0,easy
News Articles,weather,0.14,easy
News Articles,forecasting,0.77,hard
News Articles,certain,0.0,easy
News Articles,much,0.0,easy
News Articles,better,0.0,easy
News Articles,mass,0.1,easy
News Articles,observe,0.47,easy
News Articles,sun,0.09,easy
News Articles,predict,0.69,hard
News Articles,model,0.15,easy
News Articles,weather,0.14,easy
News Articles,service,0.01,easy
News Articles,use,0.0,easy
News Articles,coronal,0.76,hard
News Articles,mass,0.1,easy
News Articles,ejection,0.74,hard
News Articles,storm,0.38,easy
News Articles,time,0.0,easy
News Articles,less,0.0,easy
News Articles,ago,0.0,easy
News Articles,well,0.0,easy
News Articles,early,0.0,easy
News Articles,active,0.11,easy
News Articles,region,0.45,easy
News Articles,rotated,0.78,hard
News Articles,away,0.0,easy
News Articles,position,0.0,easy
News Articles,coronal,0.76,hard
News Articles,mass,0.1,easy
News Articles,harmlessly,0.79,hard
News Articles,space,0.0,easy
News Articles,maybe,0.02,easy
News Articles,realize,0.17,easy
News Articles,sun,0.09,easy
News Articles,actually,0.0,easy
News Articles,axis,0.61,hard
News Articles,every,0.0,easy
News Articles,rotation,0.72,hard
News Articles,talk,0.0,easy
News Articles,significant,0.42,easy
News Articles,interesting,0.01,easy
News Articles,get,0.0,easy
News Articles,near,0.01,easy
News Articles,day,0.0,easy
News Articles,motion,0.06,easy
News Articles,get,0.0,easy
News Articles,wrapped,0.59,hard
News Articles,around,0.0,easy
News Articles,sun,0.09,easy
News Articles,like,0.0,easy
News Articles,magnetic,0.65,hard
News Articles,magnetic,0.65,hard
News Articles,sun,0.09,easy
News Articles,differential,0.72,hard
News Articles,rotation,0.72,hard
News Articles,fact,0.0,easy
News Articles,faster,0.6,hard
News Articles,layer,0.59,hard
News Articles,near,0.01,easy
News Articles,surface,0.09,easy
News Articles,surface,0.09,easy
News Articles,move,0.0,easy
News Articles,inward,0.69,hard
News Articles,rotation,0.72,hard
News Articles,stay,0.01,easy
News Articles,constant,0.29,easy
News Articles,know,0.0,easy
News Articles,layer,0.59,hard
News Articles,way,0.0,easy
News Articles,magnetic,0.65,hard
News Articles,fascinating,0.6,hard
News Articles,stuff,0.02,easy
News Articles,weve,0.76,hard
News Articles,really,0.0,easy
News Articles,warm,0.04,easy
News Articles,weather,0.14,easy
News Articles,weather,0.14,easy
News Articles,like,0.0,easy
News Articles,hot,0.0,easy
News Articles,summer,0.01,easy
News Articles,solar,0.73,hard
News Articles,excuse,0.33,easy
News Articles,melt,0.61,hard
News Articles,ozone,0.73,hard
News Articles,already,0.0,easy
News Articles,much,0.0,easy
News Articles,know,0.0,easy
News Articles,ice,0.05,easy
News Articles,already,0.0,easy
News Articles,thanks,0.1,easy
News Articles,calling,0.38,easy
News Articles,well,0.0,easy
News Articles,see,0.0,easy
News Articles,thank,0.38,easy
News Articles,great,0.0,easy
News Articles,sun,0.09,easy
News Articles,influence,0.13,easy
News Articles,respect,0.01,easy
News Articles,probably,0.0,easy
News Articles,even,0.0,easy
News Articles,though,0.0,easy
News Articles,sun,0.09,easy
News Articles,got,0.0,easy
News Articles,time,0.0,easy
News Articles,got,0.0,easy
News Articles,energy,0.17,easy
News Articles,sun,0.09,easy
News Articles,earth,0.0,easy
News Articles,amount,0.01,easy
News Articles,even,0.0,easy
News Articles,complete,0.0,easy
News Articles,sunspot,0.74,hard
News Articles,cycle,0.47,easy
News Articles,know,0.0,easy
News Articles,sun,0.09,easy
News Articles,activity,0.36,easy
News Articles,part,0.0,easy
News Articles,long,0.0,easy
News Articles,run,0.0,easy
News Articles,weather,0.14,easy
News Articles,probably,0.0,easy
News Articles,different,0.0,easy
News Articles,basically,0.37,easy
News Articles,theme,0.01,easy
News Articles,coming,0.01,easy
News Articles,people,0.0,easy
News Articles,affect,0.49,easy
News Articles,flare,0.43,easy
News Articles,like,0.0,easy
News Articles,might,0.0,easy
News Articles,affect,0.49,easy
News Articles,either,0.0,easy
News Articles,space,0.0,easy
News Articles,moon,0.17,easy
News Articles,like,0.0,easy
News Articles,sure,0.0,easy
News Articles,well,0.0,easy
News Articles,certainly,0.05,easy
News Articles,international,0.26,easy
News Articles,space,0.0,easy
News Articles,station,0.06,easy
News Articles,right,0.0,easy
News Articles,concerned,0.25,easy
News Articles,concerned,0.25,easy
News Articles,activity,0.36,easy
News Articles,happening,0.56,hard
News Articles,right,0.0,easy
News Articles,really,0.0,easy
News Articles,action,0.0,easy
News Articles,large,0.0,easy
News Articles,risk,0.33,easy
News Articles,theyre,0.76,hard
News Articles,extra,0.21,easy
News Articles,slightly,0.1,easy
News Articles,higher,0.11,easy
News Articles,age,0.01,easy
News Articles,theyre,0.76,hard
News Articles,radiation,0.47,easy
News Articles,know,0.0,easy
News Articles,shuttle,0.69,hard
News Articles,example,0.0,easy
News Articles,robot,0.68,hard
News Articles,arm,0.07,easy
News Articles,storm,0.38,easy
News Articles,certain,0.0,easy
News Articles,aware,0.38,easy
News Articles,huge,0.17,easy
News Articles,solar,0.73,hard
News Articles,storm,0.38,easy
News Articles,storm,0.38,easy
News Articles,well,0.0,easy
News Articles,perfect,0.05,easy
News Articles,day,0.0,easy
News Articles,sir,0.35,easy
News Articles,observatory,0.82,hard
News Articles,watching,0.02,easy
News Articles,sun,0.09,easy
News Articles,every,0.0,easy
News Articles,day,0.0,easy
News Articles,sun,0.09,easy
News Articles,telescope,0.71,hard
News Articles,across,0.0,easy
News Articles,draw,0.01,easy
News Articles,particular,0.06,easy
News Articles,day,0.0,easy
News Articles,finished,0.28,easy
News Articles,drawing,0.45,easy
News Articles,measuring,0.73,hard
News Articles,sun,0.09,easy
News Articles,sudden,0.26,easy
News Articles,bright,0.04,easy
News Articles,magnetic,0.65,hard
News Articles,never,0.0,easy
News Articles,seen,0.0,easy
News Articles,something,0.0,easy
News Articles,wrong,0.0,easy
News Articles,quickly,0.1,easy
News Articles,careful,0.44,easy
News Articles,observer,0.69,hard
News Articles,time,0.0,easy
News Articles,verify,0.72,hard
News Articles,find,0.0,easy
News Articles,anybody,0.48,easy
News Articles,came,0.0,easy
News Articles,back,0.0,easy
News Articles,already,0.0,easy
News Articles,talking,0.02,easy
News Articles,solar,0.73,hard
News Articles,flare,0.43,easy
News Articles,keep,0.0,easy
News Articles,something,0.0,easy
News Articles,special,0.0,easy
News Articles,really,0.0,easy
News Articles,observatory,0.82,hard
News Articles,shake,0.15,easy
News Articles,magnetic,0.65,hard
News Articles,field,0.0,easy
News Articles,north,0.14,easy
News Articles,sensitive,0.45,easy
News Articles,enough,0.0,easy
News Articles,magnetic,0.65,hard
News Articles,field,0.0,easy
News Articles,shaking,0.65,hard
News Articles,geomagnetic,0.84,hard
News Articles,magnetic,0.65,hard
News Articles,garden,0.24,easy
News Articles,magnetic,0.65,hard
News Articles,doesnt,0.59,hard
News Articles,herein,0.76,hard
News Articles,ever,0.0,easy
News Articles,magnetic,0.65,hard
News Articles,every,0.0,easy
News Articles,magnetic,0.65,hard
News Articles,world,0.0,easy
News Articles,saturated,0.76,hard
News Articles,except,0.04,easy
News Articles,storm,0.38,easy
News Articles,like,0.0,easy
News Articles,day,0.0,easy
News Articles,really,0.0,easy
News Articles,telegraph,0.73,hard
News Articles,touch,0.0,easy
News Articles,operator,0.61,hard
News Articles,east,0.18,easy
News Articles,coast,0.45,easy
News Articles,wood,0.11,easy
News Articles,got,0.0,easy
News Articles,scorched,0.72,hard
News Articles,paper,0.03,easy
News Articles,burned,0.54,easy
News Articles,average,0.08,easy
News Articles,person,0.0,easy
News Articles,see,0.0,easy
News Articles,well,0.0,easy
News Articles,aurora,0.77,hard
News Articles,didnt,0.63,hard
News Articles,could,0.0,easy
News Articles,southern,0.54,easy
News Articles,horizon,0.55,hard
News Articles,still,0.0,easy
News Articles,see,0.0,easy
News Articles,fire,0.0,easy
News Articles,equator,0.75,hard
News Articles,seen,0.0,easy
News Articles,entire,0.01,easy
News Articles,globe,0.6,hard
News Articles,know,0.0,easy
News Articles,fashion,0.34,easy
News Articles,well,0.0,easy
News Articles,particular,0.06,easy
News Articles,event,0.05,easy
News Articles,really,0.0,easy
News Articles,past,0.0,easy
News Articles,associated,0.64,hard
News Articles,solar,0.73,hard
News Articles,flare,0.43,easy
News Articles,coronal,0.76,hard
News Articles,mass,0.1,easy
News Articles,coronal,0.76,hard
News Articles,mass,0.1,easy
News Articles,ejection,0.74,hard
News Articles,doesnt,0.59,hard
News Articles,tell,0.0,easy
News Articles,exactly,0.08,easy
News Articles,strong,0.0,easy
News Articles,storm,0.38,easy
News Articles,magnetic,0.65,hard
News Articles,good,0.0,easy
News Articles,indicator,0.71,hard
News Articles,ever,0.0,easy
News Articles,impulse,0.32,easy
News Articles,know,0.0,easy
News Articles,got,0.0,easy
News Articles,magnetic,0.65,hard
News Articles,field,0.0,easy
News Articles,flare,0.43,easy
News Articles,week,0.0,easy
News Articles,big,0.0,easy
News Articles,explosion,0.6,hard
News Articles,go,0.0,easy
News Articles,got,0.0,easy
News Articles,typical,0.33,easy
News Articles,radiant,0.75,hard
News Articles,energy,0.17,easy
News Articles,million,0.06,easy
News Articles,energy,0.17,easy
News Articles,wow,0.5,easy
News Articles,right,0.0,easy
News Articles,bit,0.0,easy
News Articles,well,0.0,easy
News Articles,come,0.0,easy
News Articles,back,0.0,easy
News Articles,talk,0.0,easy
News Articles,sun,0.09,easy
News Articles,solar,0.73,hard
News Articles,number,0.0,easy
News Articles,stay,0.01,easy
News Articles,talking,0.02,easy
News Articles,solar,0.73,hard
News Articles,sun,0.09,easy
News Articles,space,0.0,easy
News Articles,flight,0.09,easy
News Articles,space,0.0,easy
News Articles,weather,0.14,easy
News Articles,prediction,0.75,hard
News Articles,big,0.0,easy
News Articles,solar,0.73,hard
News Articles,flare,0.43,easy
News Articles,happening,0.56,hard
News Articles,right,0.0,easy
News Articles,sun,0.09,easy
News Articles,right,0.0,easy
News Articles,studio,0.38,easy
News Articles,space,0.0,easy
News Articles,weather,0.14,easy
News Articles,solar,0.73,hard
News Articles,last,0.0,easy
News Articles,solar,0.73,hard
News Articles,flare,0.43,easy
News Articles,solar,0.73,hard
News Articles,flare,0.43,easy
News Articles,radiation,0.47,easy
News Articles,high,0.0,easy
News Articles,earth,0.0,easy
News Articles,space,0.0,easy
News Articles,weather,0.14,easy
News Articles,prediction,0.75,hard
News Articles,put,0.0,easy
News Articles,flare,0.43,easy
News Articles,put,0.0,easy
News Articles,radiation,0.47,easy
News Articles,storm,0.38,easy
News Articles,even,0.0,easy
News Articles,happening,0.56,hard
News Articles,right,0.0,easy
News Articles,flare,0.43,easy
News Articles,practically,0.57,hard
News Articles,radiation,0.47,easy
News Articles,storm,0.38,easy
News Articles,continue,0.08,easy
News Articles,hard,0.0,easy
News Articles,estimate,0.53,easy
News Articles,without,0.0,easy
News Articles,seen,0.0,easy
News Articles,data,0.13,easy
News Articles,recently,0.18,easy
News Articles,long,0.0,easy
News Articles,continue,0.08,easy
News Articles,cause,0.0,easy
News Articles,know,0.0,easy
News Articles,potential,0.24,easy
News Articles,radiation,0.47,easy
News Articles,reach,0.07,easy
News Articles,sufficient,0.53,easy
News Articles,coming,0.01,easy
News Articles,polar,0.64,hard
News Articles,causing,0.66,hard
News Articles,aurora,0.77,hard
News Articles,high,0.0,easy
News Articles,frequency,0.66,hard
News Articles,polar,0.64,hard
News Articles,airplane,0.67,hard
News Articles,flying,0.43,easy
News Articles,problem,0.0,easy
News Articles,cant,0.48,easy
News Articles,see,0.0,easy
News Articles,satellite,0.65,hard
News Articles,communication,0.63,hard
News Articles,sitting,0.12,easy
News Articles,fact,0.0,easy
News Articles,polar,0.64,hard
News Articles,important,0.0,easy
News Articles,get,0.0,easy
News Articles,cost,0.05,easy
News Articles,see,0.0,easy
News Articles,data,0.13,easy
News Articles,way,0.0,easy
News Articles,going,0.0,easy
News Articles,energetic,0.72,hard
News Articles,rising,0.28,easy
News Articles,yes,0.0,easy
News Articles,speak,0.08,easy
News Articles,many,0.0,easy
News Articles,many,0.0,easy
News Articles,watchdog,0.74,hard
News Articles,well,0.0,easy
News Articles,well,0.0,easy
News Articles,weather,0.14,easy
News Articles,taking,0.02,easy
News Articles,space,0.0,easy
News Articles,weather,0.14,easy
News Articles,flare,0.43,easy
News Articles,radiation,0.47,easy
News Articles,storm,0.38,easy
News Articles,measured,0.53,easy
News Articles,weather,0.14,easy
News Articles,leverage,0.68,hard
News Articles,asset,0.71,hard
News Articles,example,0.0,easy
News Articles,coronal,0.76,hard
News Articles,mass,0.1,easy
News Articles,ejection,0.74,hard
News Articles,associated,0.64,hard
News Articles,headed,0.38,easy
News Articles,nowhere,0.47,easy
News Articles,towards,0.19,easy
News Articles,earth,0.0,easy
News Articles,weve,0.76,hard
News Articles,got,0.0,easy
News Articles,solar,0.73,hard
News Articles,atmosphere,0.28,easy
News Articles,satellite,0.65,hard
News Articles,whats,0.52,easy
News Articles,happening,0.56,hard
News Articles,use,0.0,easy
News Articles,forecast,0.57,hard
News Articles,coronal,0.76,hard
News Articles,mass,0.1,easy
News Articles,hit,0.0,easy
News Articles,next,0.0,easy
News Articles,people,0.0,easy
News Articles,know,0.0,easy
News Articles,bit,0.0,easy
News Articles,overhour,0.78,hard
News Articles,ago,0.0,easy
News Articles,thank,0.38,easy
News Articles,taking,0.02,easy
News Articles,thank,0.38,easy
News Articles,welcome,0.17,easy
News Articles,space,0.0,easy
News Articles,flight,0.09,easy
News Articles,thank,0.38,easy
News Articles,space,0.0,easy
News Articles,weather,0.14,easy
News Articles,prediction,0.75,hard
News Articles,thank,0.38,easy
News Articles,welcome,0.17,easy
News Articles,reserved,0.55,hard
News Articles,visit,0.11,easy
News Articles,information,0.03,easy
News Articles,rush,0.19,easy
News Articles,contractor,0.73,hard
News Articles,text,0.0,easy
News Articles,final,0.02,easy
News Articles,form,0.0,easy
News Articles,future,0.0,easy
News Articles,accuracy,0.71,hard
News Articles,availability,0.77,hard
News Articles,vary,0.58,hard
News Articles,authoritative,0.79,hard
News Articles,audio,0.65,hard
News Articles,record,0.02,easy
News Articles,photo,0.69,hard
News Articles,solar,0.73,hard
News Articles,dynamic,0.62,hard
News Articles,observatory,0.82,hard
News Articles,flare,0.43,easy
News Articles,bright,0.04,easy
News Articles,solar,0.73,hard
News Articles,dynamic,0.62,hard
News Articles,hide,0.39,easy
News Articles,caption,0.7,hard
News Articles,toggle,0.65,hard
News Articles,caption,0.7,hard
News Articles,solar,0.73,hard
News Articles,dynamic,0.62,hard
News Articles,cape,0.69,hard
News Articles,solar,0.73,hard
News Articles,could,0.0,easy
News Articles,stress,0.28,easy
News Articles,power,0.0,easy
News Articles,even,0.0,easy
News Articles,major,0.0,easy
News Articles,space,0.0,easy
News Articles,weather,0.14,easy
News Articles,national,0.02,easy
News Articles,oceanic,0.73,hard
News Articles,atmospheric,0.78,hard
News Articles,administration,0.27,easy
News Articles,geomagnetic,0.84,hard
News Articles,storm,0.38,easy
News Articles,watch,0.0,easy
News Articles,sun,0.09,easy
News Articles,week,0.0,easy
News Articles,could,0.0,easy
News Articles,temporarily,0.73,hard
News Articles,disrupt,0.72,hard
News Articles,power,0.0,easy
News Articles,radio,0.22,easy
News Articles,notified,0.79,hard
News Articles,federal,0.36,easy
News Articles,emergency,0.58,hard
News Articles,management,0.37,easy
News Articles,agency,0.46,easy
News Articles,possible,0.0,easy
News Articles,power,0.0,easy
News Articles,organization,0.15,easy
News Articles,devastating,0.75,hard
News Articles,hurricane,0.71,hard
News Articles,across,0.0,easy
News Articles,toward,0.01,easy
News Articles,sponsor,0.66,hard
News Articles,message,0.05,easy
News Articles,expect,0.04,easy
News Articles,latest,0.21,easy
News Articles,solar,0.73,hard
News Articles,wont,0.59,hard
News Articles,know,0.0,easy
News Articles,sure,0.0,easy
News Articles,million,0.06,easy
News Articles,million,0.06,easy
News Articles,away,0.0,easy
News Articles,huge,0.17,easy
News Articles,solar,0.73,hard
News Articles,power,0.0,easy
News Articles,grid,0.67,hard
News Articles,satellite,0.65,hard
News Articles,enough,0.0,easy
News Articles,power,0.0,easy
News Articles,solar,0.73,hard
News Articles,surge,0.56,hard
News Articles,bigger,0.49,easy
News Articles,scientist,0.64,hard
News Articles,rob,0.55,hard
News Articles,space,0.0,easy
News Articles,weather,0.14,easy
News Articles,prediction,0.75,hard
News Articles,center,0.03,easy
News Articles,bit,0.0,easy
News Articles,comfort,0.18,easy
News Articles,level,0.0,easy
News Articles,hereto,0.76,hard
News Articles,let,0.0,easy
News Articles,prepare,0.49,easy
News Articles,concerned,0.25,easy
News Articles,potential,0.24,easy
News Articles,power,0.0,easy
News Articles,ago,0.0,easy
News Articles,space,0.0,easy
News Articles,weather,0.14,easy
News Articles,forecaster,0.79,hard
News Articles,storm,0.38,easy
News Articles,trigger,0.61,hard
News Articles,northern,0.62,hard
News Articles,lower,0.14,easy
News Articles,northern,0.62,hard
News Articles,though,0.0,easy
News Articles,exact,0.48,easy
News Articles,time,0.0,easy
News Articles,uncertain,0.57,hard
News Articles,upward,0.61,hard
News Articles,often,0.0,easy
News Articles,capture,0.43,easy
News Articles,human,0.0,easy
News Articles,solar,0.73,hard
News Articles,storm,0.38,easy
News Articles,produced,0.28,easy
News Articles,across,0.0,easy
News Articles,northern,0.62,hard
News Articles,hemisphere,0.68,hard
News Articles,major,0.0,easy
News Articles,current,0.01,easy
News Articles,year,0.0,easy
News Articles,cycle,0.47,easy
News Articles,sparking,0.78,hard
News Articles,recent,0.03,easy
News Articles,solar,0.73,hard
News Articles,solar,0.73,hard
News Articles,flare,0.43,easy
News Articles,since,0.0,easy
News Articles,spotted,0.71,hard
News Articles,electromagnetic,0.83,hard
News Articles,radiation,0.47,easy
News Articles,travel,0.27,easy
News Articles,reach,0.07,easy
News Articles,eight,0.17,easy
News Articles,disrupt,0.72,hard
News Articles,radio,0.22,easy
News Articles,northern,0.62,hard
News Articles,could,0.0,easy
News Articles,see,0.0,easy
News Articles,northern,0.62,hard
News Articles,geomagnetic,0.84,hard
News Articles,cause,0.0,easy
News Articles,northern,0.62,hard
News Articles,phenomenon,0.69,hard
News Articles,coronal,0.76,hard
News Articles,mass,0.1,easy
News Articles,erupt,0.6,hard
News Articles,sun,0.09,easy
News Articles,create,0.1,easy
News Articles,solar,0.73,hard
News Articles,interact,0.76,hard
News Articles,magnetic,0.65,hard
News Articles,spew,0.7,hard
News Articles,plasma,0.7,hard
News Articles,magnetic,0.65,hard
News Articles,field,0.0,easy
News Articles,hit,0.0,easy
News Articles,potential,0.24,easy
News Articles,mass,0.1,easy
News Articles,could,0.0,easy
News Articles,aurora,0.77,hard
News Articles,northern,0.62,hard
News Articles,met,0.13,easy
News Articles,office,0.0,easy
News Articles,space,0.0,easy
News Articles,weather,0.14,easy
News Articles,manager,0.0,easy
News Articles,second,0.0,easy
News Articles,associated,0.64,hard
News Articles,solar,0.73,hard
News Articles,flare,0.43,easy
News Articles,enhanced,0.7,hard
News Articles,auroral,0.77,hard
News Articles,south,0.12,easy
News Articles,across,0.0,easy
News Articles,central,0.16,easy
News Articles,similar,0.06,easy
News Articles,though,0.0,easy
News Articles,cloud,0.15,easy
News Articles,rain,0.11,easy
News Articles,could,0.0,easy
News Articles,hamper,0.7,hard
News Articles,potential,0.24,easy
News Articles,northern,0.62,hard
News Articles,space,0.0,easy
News Articles,weather,0.14,easy
News Articles,prediction,0.75,hard
News Articles,flare,0.43,easy
News Articles,scale,0.05,easy
News Articles,something,0.0,easy
News Articles,solar,0.73,hard
News Articles,maximum,0.47,easy
News Articles,year,0.0,easy
News Articles,sun,0.09,easy
News Articles,active,0.11,easy
News Articles,phase,0.42,easy
News Articles,geomagnetic,0.84,hard
News Articles,meaning,0.21,easy
News Articles,aurora,0.77,hard
News Articles,borealis,0.8,hard
News Articles,next,0.0,easy
News Articles,maximum,0.47,easy
News Articles,six,0.02,easy
News Articles,event,0.05,easy
News Articles,use,0.0,easy
News Articles,six,0.02,easy
News Articles,intensity,0.43,easy
News Articles,reach,0.07,easy
News Articles,solar,0.73,hard
News Articles,early,0.0,easy
News Articles,weather,0.14,easy
News Articles,presenter,0.75,hard
News Articles,king,0.07,easy
News Articles,look,0.0,easy
News Articles,good,0.0,easy
News Articles,people,0.0,easy
News Articles,aurora,0.77,hard
News Articles,far,0.0,easy
News Articles,getting,0.0,easy
News Articles,odd,0.23,easy
News Articles,cloud,0.15,easy
News Articles,activity,0.36,easy
News Articles,turn,0.0,easy
News Articles,clear,0.0,easy
News Articles,night,0.0,easy
News Articles,towards,0.19,easy
News Articles,central,0.16,easy
News Articles,south,0.12,easy
News Articles,hamper,0.7,hard
News Articles,night,0.0,easy
News Articles,despite,0.07,easy
News Articles,evening,0.17,easy
News Articles,starting,0.23,easy
News Articles,reserved,0.55,hard
News Articles,responsible,0.18,easy
News Articles,read,0.01,easy
News Articles,linking,0.75,hard
News Articles,somnolence,0.79,hard
News Articles,time,0.0,easy
News Articles,fully,0.2,easy
News Articles,goddard,0.78,hard
News Articles,space,0.0,easy
News Articles,flight,0.09,easy
News Articles,solar,0.73,hard
News Articles,activity,0.36,easy
News Articles,enhanced,0.7,hard
News Articles,forecasting,0.77,hard
News Articles,capability,0.77,hard
News Articles,space,0.0,easy
News Articles,weather,0.14,easy
News Articles,laboratory,0.76,hard
News Articles,recently,0.18,easy
News Articles,received,0.18,easy
News Articles,support,0.0,easy
News Articles,space,0.0,easy
News Articles,technology,0.55,hard
News Articles,program,0.0,easy
News Articles,ensemble,0.61,hard
News Articles,technique,0.55,hard
News Articles,already,0.0,easy
News Articles,potential,0.24,easy
News Articles,severe,0.52,easy
News Articles,weather,0.14,easy
News Articles,case,0.0,easy
News Articles,goddard,0.78,hard
News Articles,multiple,0.19,easy
News Articles,possible,0.0,easy
News Articles,quickly,0.1,easy
News Articles,use,0.0,easy
News Articles,weather,0.14,easy
News Articles,could,0.0,easy
News Articles,space,0.0,easy
News Articles,weather,0.14,easy
News Articles,available,0.03,easy
News Articles,better,0.0,easy
News Articles,space,0.0,easy
News Articles,weather,0.14,easy
News Articles,laboratory,0.76,hard
News Articles,ensemble,0.61,hard
News Articles,forecasting,0.77,hard
News Articles,time,0.0,easy
News Articles,improve,0.45,easy
News Articles,navigation,0.61,hard
News Articles,generation,0.3,easy
News Articles,weather,0.14,easy
News Articles,like,0.0,easy
News Articles,done,0.0,easy
News Articles,ensemble,0.61,hard
News Articles,forecasting,0.77,hard
News Articles,space,0.0,easy
News Articles,weather,0.14,easy
News Articles,capability,0.77,hard
News Articles,come,0.0,easy
News Articles,soon,0.0,easy
News Articles,either,0.0,easy
News Articles,sun,0.09,easy
News Articles,growing,0.24,easy
News Articles,sun,0.09,easy
News Articles,solar,0.73,hard
News Articles,period,0.01,easy
News Articles,sun,0.09,easy
News Articles,solar,0.73,hard
News Articles,flare,0.43,easy
News Articles,sunspot,0.74,hard
News Articles,although,0.0,easy
News Articles,always,0.0,easy
News Articles,produce,0.07,easy
News Articles,coronal,0.76,hard
News Articles,mass,0.1,easy
News Articles,gigantic,0.74,hard
News Articles,billion,0.0,easy
News Articles,million,0.06,easy
News Articles,per,0.0,easy
News Articles,erupt,0.6,hard
News Articles,atmosphere,0.28,easy
News Articles,stream,0.37,easy
News Articles,interplanetary,0.83,hard
News Articles,space,0.0,easy
News Articles,previous,0.08,easy
News Articles,combined,0.55,hard
News Articles,threat,0.45,easy
News Articles,luckily,0.73,hard
News Articles,produced,0.28,easy
News Articles,geomagnetic,0.84,hard
News Articles,storm,0.38,easy
News Articles,solar,0.73,hard
News Articles,field,0.0,easy
News Articles,toward,0.01,easy
News Articles,atmosphere,0.28,easy
News Articles,chief,0.08,easy
News Articles,however,0.0,easy
News Articles,year,0.0,easy
News Articles,cycle,0.47,easy
News Articles,solar,0.73,hard
News Articles,maximum,0.47,easy
News Articles,time,0.0,easy
News Articles,powerful,0.18,easy
News Articles,often,0.0,easy
News Articles,associated,0.64,hard
News Articles,flare,0.43,easy
News Articles,become,0.0,easy
News Articles,numerous,0.5,easy
News Articles,affect,0.49,easy
News Articles,past,0.0,easy
News Articles,solar,0.73,hard
News Articles,power,0.0,easy
News Articles,protective,0.69,hard
News Articles,exactly,0.08,easy
News Articles,sun,0.09,easy
News Articles,even,0.0,easy
News Articles,week,0.0,easy
News Articles,let,0.0,easy
News Articles,sun,0.09,easy
News Articles,sun,0.09,easy
News Articles,active,0.11,easy
News Articles,given,0.0,easy
News Articles,another,0.0,easy
News Articles,chief,0.08,easy
News Articles,forecaster,0.79,hard
News Articles,forecasting,0.77,hard
News Articles,acumen,0.74,hard
News Articles,space,0.0,easy
News Articles,radiation,0.47,easy
News Articles,analysis,0.41,easy
News Articles,space,0.0,easy
News Articles,radiation,0.47,easy
News Articles,remains,0.19,easy
News Articles,established,0.27,easy
News Articles,safety,0.35,easy
News Articles,advanced,0.32,easy
News Articles,solar,0.73,hard
News Articles,proton,0.76,hard
News Articles,forecasting,0.77,hard
News Articles,enhanced,0.7,hard
News Articles,alert,0.32,easy
News Articles,currently,0.54,easy
News Articles,model,0.15,easy
News Articles,calculating,0.79,hard
News Articles,time,0.0,easy
News Articles,derived,0.63,hard
News Articles,near,0.01,easy
News Articles,data,0.13,easy
News Articles,solar,0.73,hard
News Articles,dynamic,0.62,hard
News Articles,observatory,0.82,hard
News Articles,solar,0.73,hard
News Articles,terrestrial,0.73,hard
News Articles,observatory,0.82,hard
News Articles,solar,0.73,hard
News Articles,observatory,0.82,hard
News Articles,among,0.0,easy
News Articles,since,0.0,easy
News Articles,scientific,0.57,hard
News Articles,research,0.26,easy
News Articles,continuous,0.68,hard
News Articles,data,0.13,easy
News Articles,stream,0.37,easy
News Articles,furthermore,0.76,hard
News Articles,data,0.13,easy
News Articles,grow,0.22,easy
News Articles,time,0.0,easy
News Articles,agree,0.25,easy
News Articles,air,0.0,easy
News Articles,force,0.0,easy
News Articles,use,0.0,easy
News Articles,whether,0.01,easy
News Articles,space,0.0,easy
News Articles,asset,0.71,hard
News Articles,storm,0.38,easy
News Articles,ensemble,0.61,hard
News Articles,forecasting,0.77,hard
News Articles,however,0.0,easy
News Articles,generating,0.8,hard
News Articles,different,0.0,easy
News Articles,speed,0.15,easy
News Articles,propagation,0.77,hard
News Articles,direction,0.01,easy
News Articles,angular,0.74,hard
News Articles,extent,0.3,easy
News Articles,multiple,0.19,easy
News Articles,provide,0.04,easy
News Articles,different,0.0,easy
News Articles,way,0.0,easy
News Articles,evolve,0.66,hard
News Articles,next,0.0,easy
News Articles,forecast,0.57,hard
News Articles,team,0.09,easy
News Articles,already,0.0,easy
News Articles,new,0.0,easy
News Articles,computer,0.16,easy
News Articles,specialized,0.75,hard
News Articles,huge,0.17,easy
News Articles,current,0.01,easy
News Articles,capability,0.77,hard
News Articles,solar,0.73,hard
News Articles,maximum,0.47,easy
News Articles,capability,0.77,hard
News Articles,really,0.0,easy
News Articles,pushing,0.63,hard
News Articles,forecasting,0.77,hard
News Articles,space,0.0,easy
News Articles,weather,0.14,easy
News Articles,laboratory,0.76,hard
News Articles,capability,0.77,hard
News Articles,space,0.0,easy
News Articles,weather,0.14,easy
News Articles,prediction,0.75,hard
News Articles,center,0.03,easy
News Articles,issuing,0.77,hard
News Articles,national,0.02,easy
News Articles,space,0.0,easy
News Articles,weather,0.14,easy
News Articles,track,0.18,easy
News Articles,space,0.0,easy
News Articles,weather,0.14,easy
News Articles,activity,0.36,easy
News Articles,enhanced,0.7,hard
News Articles,forecasting,0.77,hard
News Articles,capability,0.77,hard
News Articles,project,0.07,easy
News Articles,atmosphere,0.28,easy
News Articles,day,0.0,easy
News Articles,later,0.0,easy
News Articles,failure,0.16,easy
News Articles,storm,0.38,easy
News Articles,sun,0.09,easy
News Articles,geomagnetic,0.84,hard
News Articles,occur,0.48,easy
News Articles,space,0.0,easy
News Articles,weather,0.14,easy
News Articles,earth,0.0,easy
News Articles,space,0.0,easy
News Articles,sun,0.09,easy
News Articles,blast,0.33,easy
News Articles,space,0.0,easy
News Articles,weather,0.14,easy
News Articles,asset,0.71,hard
News Articles,improve,0.45,easy
News Articles,space,0.0,easy
News Articles,weather,0.14,easy
News Articles,many,0.0,easy
News Articles,complicated,0.66,hard
News Articles,understand,0.03,easy
News Articles,defend,0.47,easy
News Articles,sun,0.09,easy
News Articles,occasionally,0.55,hard
News Articles,huge,0.17,easy
News Articles,space,0.0,easy
News Articles,active,0.11,easy
News Articles,like,0.0,easy
News Articles,solar,0.73,hard
News Articles,coronal,0.76,hard
News Articles,mass,0.1,easy
News Articles,space,0.0,easy
News Articles,weather,0.14,easy
News Articles,space,0.0,easy
News Articles,solar,0.73,hard
News Articles,wind,0.05,easy
News Articles,solar,0.73,hard
News Articles,wind,0.05,easy
News Articles,solar,0.73,hard
News Articles,magnetic,0.65,hard
News Articles,field,0.0,easy
News Articles,sometimes,0.01,easy
News Articles,sun,0.09,easy
News Articles,hurl,0.68,hard
News Articles,unusually,0.77,hard
News Articles,strong,0.0,easy
News Articles,particular,0.06,easy
News Articles,enhanced,0.7,hard
News Articles,solar,0.73,hard
News Articles,wind,0.05,easy
News Articles,hit,0.0,easy
News Articles,storm,0.38,easy
News Articles,common,0.0,easy
News Articles,coronal,0.76,hard
News Articles,mass,0.1,easy
News Articles,sun,0.09,easy
News Articles,solar,0.73,hard
News Articles,wind,0.05,easy
News Articles,coronal,0.76,hard
News Articles,outer,0.61,hard
News Articles,atmosphere,0.28,easy
News Articles,wind,0.05,easy
News Articles,important,0.0,easy
News Articles,factor,0.31,easy
News Articles,faster,0.6,hard
News Articles,speed,0.15,easy
News Articles,geomagnetic,0.84,hard
News Articles,storm,0.38,easy
News Articles,normally,0.63,hard
News Articles,solar,0.73,hard
News Articles,wind,0.05,easy
News Articles,million,0.06,easy
News Articles,strong,0.0,easy
News Articles,solar,0.73,hard
News Articles,release,0.03,easy
News Articles,five,0.0,easy
News Articles,geomagnetic,0.84,hard
News Articles,coronal,0.76,hard
News Articles,mass,0.1,easy
News Articles,hit,0.0,easy
News Articles,earth,0.0,easy
News Articles,electrical,0.67,hard
News Articles,extreme,0.35,easy
News Articles,actually,0.0,easy
News Articles,set,0.0,easy
News Articles,telegraph,0.73,hard
News Articles,research,0.26,easy
News Articles,geomagnetic,0.84,hard
News Articles,magnitude,0.67,hard
News Articles,hit,0.0,easy
News Articles,earth,0.0,easy
News Articles,cause,0.0,easy
News Articles,roughly,0.65,hard
News Articles,magnetic,0.65,hard
News Articles,shield,0.6,hard
News Articles,sun,0.09,easy
News Articles,solar,0.73,hard
News Articles,wind,0.05,easy
News Articles,life,0.0,easy
News Articles,form,0.0,easy
News Articles,unlucky,0.74,hard
News Articles,directly,0.18,easy
News Articles,thankfully,0.68,hard
News Articles,magnetic,0.65,hard
News Articles,field,0.0,easy
News Articles,humanity,0.51,easy
News Articles,first,0.0,easy
News Articles,thing,0.0,easy
News Articles,solar,0.73,hard
News Articles,wind,0.05,easy
News Articles,region,0.45,easy
News Articles,surrounding,0.67,hard
News Articles,plasma,0.7,hard
News Articles,strong,0.0,easy
News Articles,magnetic,0.65,hard
News Articles,field,0.0,easy
News Articles,solar,0.73,hard
News Articles,wind,0.05,easy
News Articles,mass,0.1,easy
News Articles,energy,0.17,easy
News Articles,momentum,0.69,hard
News Articles,layer,0.59,hard
News Articles,absorb,0.56,hard
News Articles,energy,0.17,easy
News Articles,everyday,0.64,hard
News Articles,wind,0.05,easy
News Articles,strong,0.0,easy
News Articles,get,0.0,easy
News Articles,transfer,0.29,easy
News Articles,excess,0.52,easy
News Articles,upper,0.41,easy
News Articles,atmosphere,0.28,easy
News Articles,near,0.01,easy
News Articles,aurora,0.77,hard
News Articles,upper,0.41,easy
News Articles,atmosphere,0.28,easy
News Articles,harm,0.57,hard
News Articles,space,0.0,easy
News Articles,different,0.0,easy
News Articles,way,0.0,easy
News Articles,geomagnetic,0.84,hard
News Articles,threaten,0.67,hard
News Articles,serve,0.08,easy
News Articles,ground,0.01,easy
News Articles,daily,0.33,easy
News Articles,atmosphere,0.28,easy
News Articles,energy,0.17,easy
News Articles,magnetic,0.65,hard
News Articles,upward,0.61,hard
News Articles,expansion,0.28,easy
News Articles,significantly,0.74,hard
News Articles,atmosphere,0.28,easy
News Articles,earth,0.0,easy
News Articles,higher,0.11,easy
News Articles,density,0.69,hard
News Articles,drag,0.09,easy
News Articles,problem,0.0,easy
News Articles,geomagnetic,0.84,hard
News Articles,storm,0.38,easy
News Articles,via,0.42,easy
News Articles,orbit,0.63,hard
News Articles,typically,0.74,hard
News Articles,somewhere,0.35,easy
News Articles,surface,0.09,easy
News Articles,use,0.0,easy
News Articles,overcome,0.54,easy
News Articles,raise,0.04,easy
News Articles,final,0.02,easy
News Articles,latest,0.21,easy
News Articles,storm,0.38,easy
News Articles,orbit,0.63,hard
News Articles,could,0.0,easy
News Articles,overcome,0.54,easy
News Articles,significantly,0.74,hard
News Articles,drag,0.09,easy
News Articles,slowly,0.2,easy
News Articles,falling,0.41,easy
News Articles,toward,0.01,easy
News Articles,earth,0.0,easy
News Articles,eventually,0.32,easy
News Articles,atmosphere,0.28,easy
News Articles,hazard,0.63,hard
News Articles,space,0.0,easy
News Articles,weather,0.14,easy
News Articles,asset,0.71,hard
News Articles,significant,0.42,easy
News Articles,strong,0.0,easy
News Articles,geomagnetic,0.84,hard
News Articles,penetrate,0.66,hard
News Articles,accumulate,0.79,hard
News Articles,electronics,0.72,hard
News Articles,lightning,0.67,hard
News Articles,strike,0.07,easy
News Articles,damage,0.22,easy
News Articles,electronics,0.72,hard
News Articles,penetrating,0.76,hard
News Articles,even,0.0,easy
News Articles,mild,0.6,hard
News Articles,geomagnetic,0.84,hard
News Articles,alter,0.62,hard
News Articles,output,0.42,easy
News Articles,signal,0.48,easy
News Articles,electronic,0.59,hard
News Articles,phenomenon,0.69,hard
News Articles,cause,0.0,easy
News Articles,electronics,0.72,hard
News Articles,system,0.0,easy
News Articles,error,0.0,easy
News Articles,critical,0.41,easy
News Articles,entire,0.01,easy
News Articles,satellite,0.65,hard
News Articles,fail,0.13,easy
News Articles,small,0.0,easy
News Articles,common,0.0,easy
News Articles,usually,0.07,easy
News Articles,fixable,0.78,hard
News Articles,total,0.02,easy
News Articles,though,0.0,easy
News Articles,finally,0.03,easy
News Articles,geomagnetic,0.84,hard
News Articles,disrupt,0.72,hard
News Articles,earth,0.0,easy
News Articles,radio,0.22,easy
News Articles,many,0.0,easy
News Articles,like,0.0,easy
News Articles,example,0.0,easy
News Articles,atmosphere,0.28,easy
News Articles,always,0.0,easy
News Articles,radio,0.22,easy
News Articles,amount,0.01,easy
News Articles,correct,0.23,easy
News Articles,distortion,0.69,hard
News Articles,building,0.02,easy
News Articles,communication,0.63,hard
News Articles,geomagnetic,0.84,hard
News Articles,ionosphere,0.76,hard
News Articles,roughly,0.65,hard
News Articles,altitude,0.75,hard
News Articles,range,0.02,easy
News Articles,change,0.0,easy
News Articles,radio,0.22,easy
News Articles,travel,0.27,easy
News Articles,atmosphere,0.28,easy
News Articles,become,0.0,easy
News Articles,wrong,0.0,easy
News Articles,geomagnetic,0.84,hard
News Articles,example,0.0,easy
News Articles,onto,0.26,easy
News Articles,throw,0.06,easy
News Articles,many,0.0,easy
News Articles,aviation,0.73,hard
News Articles,maritime,0.74,hard
News Articles,transportation,0.6,hard
News Articles,farming,0.69,hard
News Articles,military,0.03,easy
News Articles,simply,0.02,easy
News Articles,tenable,0.76,hard
News Articles,autonomous,0.78,hard
News Articles,driving,0.17,easy
News Articles,require,0.3,easy
News Articles,accurate,0.64,hard
News Articles,space,0.0,easy
News Articles,weather,0.14,easy
News Articles,critically,0.77,hard
News Articles,important,0.0,easy
News Articles,modern,0.04,easy
News Articles,protecting,0.75,hard
News Articles,space,0.0,easy
News Articles,asset,0.71,hard
News Articles,space,0.0,easy
News Articles,important,0.0,easy
News Articles,electronics,0.72,hard
News Articles,shielding,0.72,hard
News Articles,powerful,0.18,easy
News Articles,geomagnetic,0.84,hard
News Articles,storm,0.38,easy
News Articles,forecast,0.57,hard
News Articles,safeguard,0.69,hard
News Articles,certain,0.0,easy
News Articles,sensitive,0.45,easy
News Articles,better,0.0,easy
News Articles,modeling,0.73,hard
News Articles,significantly,0.74,hard
News Articles,past,0.0,easy
News Articles,often,0.0,easy
News Articles,wrong,0.0,easy
News Articles,national,0.02,easy
News Articles,oceanic,0.73,hard
News Articles,atmospheric,0.78,hard
News Articles,administration,0.27,easy
News Articles,mass,0.1,easy
News Articles,storm,0.38,easy
News Articles,day,0.0,easy
News Articles,launch,0.28,easy
News Articles,mission,0.19,easy
News Articles,went,0.0,easy
News Articles,ahead,0.13,easy
News Articles,anyway,0.15,easy
News Articles,often,0.0,easy
News Articles,essential,0.33,easy
News Articles,disposition,0.69,hard
News Articles,make,0.0,easy
News Articles,assistant,0.6,hard
News Articles,engineering,0.68,hard
News Articles,west,0.1,easy
News Articles,university,0.52,easy
News Articles,conversation,0.49,easy
News Articles,common,0.0,easy
News Articles,license,0.55,hard
News Articles,read,0.01,easy
News Articles,original,0.0,easy
News Articles,article,0.52,easy
News Articles,study,0.02,easy
News Articles,extreme,0.35,easy
News Articles,solar,0.73,hard
News Articles,could,0.0,easy
News Articles,severe,0.52,easy
News Articles,power,0.0,easy
News Articles,national,0.02,easy
News Articles,study,0.02,easy
News Articles,resulting,0.63,hard
News Articles,report,0.06,easy
News Articles,first,0.0,easy
News Articles,clear,0.0,easy
News Articles,economic,0.06,easy
News Articles,data,0.13,easy
News Articles,effectively,0.63,hard
News Articles,sun,0.09,easy
News Articles,environment,0.61,hard
News Articles,space,0.0,easy
News Articles,weather,0.14,easy
News Articles,rare,0.36,easy
News Articles,natural,0.02,easy
News Articles,frequency,0.66,hard
News Articles,high,0.0,easy
News Articles,obviously,0.21,easy
News Articles,life,0.0,easy
News Articles,blood,0.01,easy
News Articles,fisher,0.72,hard
News Articles,possible,0.0,easy
News Articles,public,0.0,easy
News Articles,safety,0.35,easy
News Articles,vital,0.46,easy
News Articles,understand,0.03,easy
News Articles,extreme,0.35,easy
News Articles,space,0.0,easy
News Articles,weather,0.14,easy
News Articles,activity,0.36,easy
News Articles,besides,0.55,hard
News Articles,solar,0.73,hard
News Articles,wind,0.05,easy
News Articles,sun,0.09,easy
News Articles,periodically,0.82,hard
News Articles,coronal,0.76,hard
News Articles,mass,0.1,easy
News Articles,immense,0.7,hard
News Articles,directed,0.13,easy
News Articles,toward,0.01,easy
News Articles,earth,0.0,easy
News Articles,cause,0.0,easy
News Articles,large,0.0,easy
News Articles,magnetic,0.65,hard
News Articles,upper,0.41,easy
News Articles,atmosphere,0.28,easy
News Articles,space,0.0,easy
News Articles,weather,0.14,easy
News Articles,affect,0.49,easy
News Articles,performance,0.0,easy
News Articles,technological,0.77,hard
News Articles,space,0.0,easy
News Articles,weather,0.14,easy
News Articles,produce,0.07,easy
News Articles,solar,0.73,hard
News Articles,storm,0.38,easy
News Articles,electromagnetic,0.83,hard
News Articles,induce,0.66,hard
News Articles,extreme,0.35,easy
News Articles,power,0.0,easy
News Articles,causing,0.66,hard
News Articles,widespread,0.66,hard
News Articles,affecting,0.72,hard
News Articles,communication,0.63,hard
News Articles,support,0.0,easy
News Articles,severe,0.52,easy
News Articles,space,0.0,easy
News Articles,weather,0.14,easy
News Articles,solar,0.73,hard
News Articles,energetic,0.72,hard
News Articles,radiation,0.47,easy
News Articles,damage,0.22,easy
News Articles,used,0.0,easy
News Articles,commercial,0.39,easy
News Articles,global,0.65,hard
News Articles,weather,0.14,easy
News Articles,forecasting,0.77,hard
News Articles,space,0.0,easy
News Articles,weather,0.14,easy
News Articles,new,0.0,easy
News Articles,technology,0.55,hard
News Articles,since,0.0,easy
News Articles,government,0.0,easy
News Articles,ground,0.01,easy
News Articles,raising,0.53,easy
News Articles,public,0.0,easy
News Articles,awareness,0.67,hard
News Articles,improving,0.71,hard
News Articles,vulnerable,0.7,hard
News Articles,infrastructure,0.79,hard
News Articles,advanced,0.32,easy
News Articles,forecasting,0.77,hard
News Articles,without,0.0,easy
News Articles,preventive,0.69,hard
News Articles,sensitive,0.45,easy
News Articles,asset,0.71,hard
News Articles,could,0.0,easy
News Articles,make,0.0,easy
News Articles,society,0.02,easy
News Articles,future,0.0,easy
News Articles,potential,0.24,easy
News Articles,damage,0.22,easy
News Articles,significant,0.42,easy
News Articles,space,0.0,easy
News Articles,weather,0.14,easy
News Articles,next,0.0,easy
News Articles,national,0.02,easy
News Articles,international,0.26,easy
News Articles,industry,0.03,easy
News Articles,government,0.0,easy
News Articles,study,0.02,easy
News Articles,report,0.06,easy
News Articles,space,0.0,easy
News Articles,weather,0.14,easy
News Articles,event,0.05,easy
News Articles,societal,0.77,hard
News Articles,effect,0.0,easy
News Articles,damage,0.22,easy
News Articles,policy,0.04,easy
News Articles,quite,0.0,easy
News Articles,significant,0.42,easy
News Articles,begun,0.59,hard
News Articles,extremely,0.22,easy
News Articles,quantitative,0.77,hard
News Articles,way,0.0,easy
News Articles,baker,0.68,hard
News Articles,professor,0.56,hard
News Articles,laboratory,0.76,hard
News Articles,atmospheric,0.78,hard
News Articles,space,0.0,easy
News Articles,terrestrial,0.73,hard
News Articles,space,0.0,easy
News Articles,weather,0.14,easy
News Articles,technological,0.77,hard
News Articles,delighted,0.72,hard
News Articles,support,0.0,easy
News Articles,together,0.0,easy
News Articles,industry,0.03,easy
News Articles,begin,0.09,easy
News Articles,public,0.0,easy
News Articles,policy,0.04,easy
News Articles,near,0.01,easy
News Articles,year,0.0,easy
News Articles,activity,0.36,easy
News Articles,solar,0.73,hard
News Articles,intensity,0.43,easy
News Articles,toward,0.01,easy
News Articles,next,0.0,easy
News Articles,solar,0.73,hard
News Articles,maximum,0.47,easy
News Articles,around,0.0,easy
News Articles,unusual,0.49,easy
News Articles,activity,0.36,easy
News Articles,week,0.0,easy
News Articles,could,0.0,easy
News Articles,disrupt,0.72,hard
News Articles,important,0.0,easy
News Articles,society,0.02,easy
News Articles,first,0.0,easy
News Articles,severe,0.52,easy
News Articles,geomagnetic,0.84,hard
News Articles,storm,0.38,easy
News Articles,least,0.0,easy
News Articles,five,0.0,easy
News Articles,coronal,0.76,hard
News Articles,mass,0.1,easy
News Articles,time,0.0,easy
News Articles,earth,0.0,easy
News Articles,geomagnetic,0.84,hard
News Articles,classification,0.74,hard
News Articles,activity,0.36,easy
News Articles,magnetic,0.65,hard
News Articles,last,0.0,easy
News Articles,weekend,0.39,easy
News Articles,national,0.02,easy
News Articles,oceanic,0.73,hard
News Articles,atmospheric,0.78,hard
News Articles,administration,0.27,easy
News Articles,evening,0.17,easy
News Articles,marking,0.68,hard
News Articles,first,0.0,easy
News Articles,event,0.05,easy
News Articles,since,0.0,easy
News Articles,space,0.0,easy
News Articles,weather,0.14,easy
News Articles,storm,0.38,easy
News Articles,could,0.0,easy
News Articles,trigger,0.61,hard
News Articles,numerous,0.5,easy
News Articles,effect,0.0,easy
News Articles,possibly,0.29,easy
News Articles,affecting,0.72,hard
News Articles,power,0.0,easy
News Articles,high,0.0,easy
News Articles,frequency,0.66,hard
News Articles,radio,0.22,easy
News Articles,technology,0.55,hard
News Articles,solar,0.73,hard
News Articles,activity,0.36,easy
News Articles,talking,0.02,easy
News Articles,sun,0.09,easy
News Articles,space,0.0,easy
News Articles,eventually,0.32,easy
News Articles,radiation,0.47,easy
News Articles,magnetic,0.65,hard
News Articles,sphere,0.49,easy
News Articles,surrounding,0.67,hard
News Articles,upper,0.41,easy
News Articles,directly,0.18,easy
News Articles,affect,0.49,easy
News Articles,knocking,0.73,hard
News Articles,ionosphere,0.76,hard
News Articles,radio,0.22,easy
News Articles,prevent,0.33,easy
News Articles,radio,0.22,easy
News Articles,successfully,0.62,hard
News Articles,bouncing,0.69,hard
News Articles,ionosphere,0.76,hard
News Articles,radio,0.22,easy
News Articles,increase,0.01,easy
News Articles,penetrating,0.76,hard
News Articles,ionosphere,0.76,hard
News Articles,geomagnetic,0.84,hard
News Articles,disturbance,0.65,hard
News Articles,could,0.0,easy
News Articles,affect,0.49,easy
News Articles,critical,0.41,easy
News Articles,technology,0.55,hard
News Articles,agriculture,0.66,hard
News Articles,oil,0.01,easy
News Articles,gas,0.17,easy
News Articles,affect,0.49,easy
News Articles,radio,0.22,easy
News Articles,aircraft,0.59,hard
News Articles,emergency,0.58,hard
News Articles,management,0.37,easy
News Articles,military,0.03,easy
News Articles,even,0.0,easy
News Articles,ham,0.61,hard
News Articles,radio,0.22,easy
News Articles,high,0.0,easy
News Articles,frequency,0.66,hard
News Articles,radio,0.22,easy
News Articles,impact,0.24,easy
News Articles,orbit,0.63,hard
News Articles,surface,0.09,easy
News Articles,potentially,0.74,hard
News Articles,electric,0.24,easy
News Articles,power,0.0,easy
News Articles,grid,0.67,hard
News Articles,navigation,0.61,hard
News Articles,radio,0.22,easy
News Articles,satellite,0.65,hard
News Articles,space,0.0,easy
News Articles,weather,0.14,easy
News Articles,prediction,0.75,hard
News Articles,center,0.03,easy
News Articles,release,0.03,easy
News Articles,notified,0.79,hard
News Articles,take,0.0,easy
News Articles,protective,0.69,hard
News Articles,wireless,0.69,hard
News Articles,radio,0.22,easy
News Articles,high,0.0,easy
News Articles,frequency,0.66,hard
News Articles,bandit,0.75,hard
News Articles,unlikely,0.59,hard
News Articles,storm,0.38,easy
News Articles,directly,0.18,easy
News Articles,affect,0.49,easy
News Articles,cellular,0.76,hard
News Articles,service,0.01,easy
News Articles,phone,0.07,easy
News Articles,typically,0.74,hard
News Articles,cellular,0.76,hard
News Articles,location,0.05,easy
News Articles,phone,0.07,easy
News Articles,location,0.05,easy
News Articles,underlying,0.63,hard
News Articles,electrical,0.67,hard
News Articles,infrastructure,0.79,hard
News Articles,wireless,0.69,hard
News Articles,remains,0.19,easy
News Articles,unaffected,0.76,hard
News Articles,space,0.0,easy
News Articles,weather,0.14,easy
News Articles,event,0.05,easy
News Articles,direct,0.05,easy
News Articles,safety,0.35,easy
News Articles,line,0.0,easy
News Articles,radio,0.22,easy
News Articles,commercial,0.39,easy
News Articles,cellular,0.76,hard
News Articles,electronic,0.59,hard
News Articles,space,0.0,easy
News Articles,weather,0.14,easy
News Articles,federal,0.36,easy
News Articles,emergency,0.58,hard
News Articles,management,0.37,easy
News Articles,infrastructure,0.79,hard
News Articles,security,0.11,easy
News Articles,agency,0.46,easy
News Articles,weather,0.14,easy
News Articles,finding,0.4,easy
News Articles,radio,0.22,easy
News Articles,generally,0.24,easy
News Articles,weather,0.14,easy
News Articles,presentation,0.59,hard
News Articles,note,0.01,easy
News Articles,copper,0.31,easy
News Articles,telephone,0.54,easy
News Articles,different,0.0,easy
News Articles,noted,0.39,easy
News Articles,major,0.0,easy
News Articles,solar,0.73,hard
News Articles,despite,0.07,easy
News Articles,widely,0.57,hard
News Articles,cellular,0.76,hard
News Articles,network,0.38,easy
News Articles,around,0.0,easy
News Articles,time,0.0,easy
News Articles,agency,0.46,easy
News Articles,highly,0.23,easy
News Articles,unlikely,0.59,hard
News Articles,reiterated,0.83,hard
News Articles,weekend,0.39,easy
News Articles,unless,0.19,easy
News Articles,broad,0.24,easy
News Articles,power,0.0,easy
News Articles,seen,0.0,easy
News Articles,past,0.0,easy
News Articles,weather,0.14,easy
News Articles,storm,0.38,easy
News Articles,could,0.0,easy
News Articles,impact,0.24,easy
News Articles,brent,0.73,hard
News Articles,space,0.0,easy
News Articles,weather,0.14,easy
News Articles,branch,0.14,easy
News Articles,told,0.0,easy
News Articles,conference,0.51,easy
News Articles,available,0.03,easy
News Articles,yes,0.0,easy
News Articles,certainly,0.05,easy
News Articles,secondary,0.42,easy
News Articles,space,0.0,easy
News Articles,weather,0.14,easy
News Articles,jeopardize,0.76,hard
News Articles,power,0.0,easy
News Articles,whose,0.0,easy
News Articles,alert,0.32,easy
News Articles,week,0.0,easy
News Articles,possible,0.0,easy
News Articles,widespread,0.66,hard
News Articles,voltage,0.71,hard
News Articles,control,0.0,easy
News Articles,protective,0.69,hard
News Articles,mistakenly,0.79,hard
News Articles,trip,0.14,easy
News Articles,key,0.0,easy
News Articles,asset,0.71,hard
News Articles,power,0.0,easy
News Articles,space,0.0,easy
News Articles,weather,0.14,easy
News Articles,event,0.05,easy
News Articles,massive,0.55,hard
News Articles,canada,0.73,hard
News Articles,nine,0.17,easy
News Articles,geomagnetic,0.84,hard
News Articles,important,0.0,easy
News Articles,geomagnetic,0.84,hard
News Articles,storm,0.38,easy
News Articles,weekend,0.39,easy
News Articles,power,0.0,easy
News Articles,known,0.01,easy
News Articles,geomagnetic,0.84,hard
News Articles,event,0.05,easy
News Articles,telegraph,0.73,hard
News Articles,catch,0.02,easy
News Articles,electrical,0.67,hard
News Articles,grid,0.67,hard
News Articles,could,0.0,easy
News Articles,effect,0.0,easy
News Articles,cellular,0.76,hard
News Articles,might,0.0,easy
News Articles,lose,0.11,easy
News Articles,data,0.13,easy
News Articles,host,0.33,easy
News Articles,many,0.0,easy
News Articles,wireless,0.69,hard
News Articles,already,0.0,easy
News Articles,maintain,0.23,easy
News Articles,backup,0.67,hard
News Articles,power,0.0,easy
News Articles,mobile,0.59,hard
News Articles,cellular,0.76,hard
News Articles,natural,0.02,easy
News Articles,major,0.0,easy
News Articles,incident,0.54,easy
News Articles,redundancy,0.76,hard
News Articles,resiliency,0.77,hard
News Articles,critical,0.41,easy
News Articles,infrastructure,0.79,hard
News Articles,power,0.0,easy
News Articles,grid,0.67,hard
News Articles,fail,0.13,easy
News Articles,might,0.0,easy
News Articles,rather,0.0,easy
News Articles,whether,0.01,easy
News Articles,could,0.0,easy
News Articles,stay,0.01,easy
News Articles,underscore,0.75,hard
News Articles,point,0.0,easy
News Articles,weather,0.14,easy
News Articles,event,0.05,easy
News Articles,largely,0.43,easy
News Articles,youd,0.76,hard
News Articles,extended,0.36,easy
News Articles,power,0.0,easy
News Articles,example,0.0,easy
News Articles,government,0.0,easy
News Articles,keeping,0.33,easy
News Articles,extra,0.21,easy
News Articles,charger,0.73,hard
News Articles,available,0.03,easy
News Articles,small,0.0,easy
News Articles,electronic,0.59,hard
News Articles,say,0.0,easy
News Articles,electric,0.24,easy
News Articles,power,0.0,easy
News Articles,limit,0.15,easy
News Articles,electricity,0.7,hard
News Articles,usage,0.52,easy
News Articles,weather,0.14,easy
News Articles,event,0.05,easy
News Articles,gas,0.17,easy
News Articles,station,0.06,easy
News Articles,need,0.0,easy
News Articles,report,0.06,easy
News Articles,sun,0.09,easy
News Articles,new,0.0,easy
News Articles,weather,0.14,easy
News Articles,national,0.02,easy
News Articles,oceanic,0.73,hard
News Articles,atmospheric,0.78,hard
News Articles,administration,0.27,easy
News Articles,operational,0.71,hard
News Articles,environmental,0.8,hard
News Articles,weather,0.14,easy
News Articles,satellite,0.65,hard
News Articles,falcon,0.74,hard
News Articles,heavy,0.01,easy
News Articles,rocket,0.61,hard
News Articles,space,0.0,easy
News Articles,launch,0.28,easy
News Articles,weather,0.14,easy
News Articles,favorable,0.61,hard
News Articles,launch,0.28,easy
News Articles,fourth,0.31,easy
News Articles,final,0.02,easy
News Articles,operational,0.71,hard
News Articles,environmental,0.8,hard
News Articles,western,0.47,easy
News Articles,sophisticated,0.7,hard
News Articles,system,0.0,easy
News Articles,changer,0.75,hard
News Articles,ken,0.67,hard
News Articles,graham,0.69,hard
News Articles,national,0.02,easy
News Articles,weather,0.14,easy
News Articles,service,0.01,easy
News Articles,news,0.05,easy
News Articles,conference,0.51,easy
News Articles,since,0.0,easy
News Articles,first,0.0,easy
News Articles,series,0.01,easy
News Articles,latest,0.21,easy
News Articles,new,0.0,easy
News Articles,save,0.0,easy
News Articles,protect,0.46,easy
News Articles,circular,0.72,hard
News Articles,orbit,0.63,hard
News Articles,equator,0.75,hard
News Articles,satellite,0.65,hard
News Articles,east,0.18,easy
News Articles,satellite,0.65,hard
News Articles,replace,0.53,easy
News Articles,go,0.0,easy
News Articles,former,0.09,easy
News Articles,go,0.0,easy
News Articles,east,0.18,easy
News Articles,satellite,0.65,hard
News Articles,go,0.0,easy
News Articles,go,0.0,easy
News Articles,west,0.1,easy
News Articles,meanwhile,0.48,easy
News Articles,go,0.0,easy
News Articles,satellite,0.65,hard
News Articles,essentially,0.61,hard
News Articles,backup,0.67,hard
News Articles,go,0.0,easy
News Articles,go,0.0,easy
News Articles,go,0.0,easy
News Articles,collect,0.54,easy
News Articles,atmospheric,0.78,hard
News Articles,solar,0.73,hard
News Articles,climatic,0.78,hard
News Articles,ocean,0.44,easy
News Articles,data,0.13,easy
News Articles,cover,0.01,easy
News Articles,half,0.0,easy
News Articles,globe,0.6,hard
News Articles,west,0.1,easy
News Articles,apart,0.25,easy
News Articles,sun,0.09,easy
News Articles,solar,0.73,hard
News Articles,maximum,0.47,easy
News Articles,year,0.0,easy
News Articles,cycle,0.47,easy
News Articles,active,0.11,easy
News Articles,increasingly,0.64,hard
News Articles,intense,0.27,easy
News Articles,solar,0.73,hard
News Articles,coronal,0.76,hard
News Articles,mass,0.1,easy
News Articles,mass,0.1,easy
News Articles,large,0.0,easy
News Articles,gas,0.17,easy
News Articles,plasma,0.7,hard
News Articles,magnetic,0.65,hard
News Articles,release,0.03,easy
News Articles,outer,0.61,hard
News Articles,cause,0.0,easy
News Articles,geomagnetic,0.84,hard
News Articles,magnetic,0.65,hard
News Articles,field,0.0,easy
News Articles,electric,0.24,easy
News Articles,power,0.0,easy
News Articles,grid,0.67,hard
News Articles,navigation,0.61,hard
News Articles,radio,0.22,easy
News Articles,satellite,0.65,hard
News Articles,intense,0.27,easy
News Articles,solar,0.73,hard
News Articles,never,0.0,easy
News Articles,see,0.0,easy
News Articles,northern,0.62,hard
News Articles,solar,0.73,hard
News Articles,activity,0.36,easy
News Articles,dance,0.17,easy
News Articles,around,0.0,easy
News Articles,northern,0.62,hard
News Articles,borealis,0.8,hard
News Articles,southern,0.54,easy
News Articles,coronal,0.76,hard
News Articles,mass,0.1,easy
News Articles,reach,0.07,easy
News Articles,magnetic,0.65,hard
News Articles,field,0.0,easy
News Articles,interact,0.76,hard
News Articles,different,0.0,easy
News Articles,colored,0.58,hard
News Articles,multiple,0.19,easy
News Articles,improve,0.45,easy
News Articles,weather,0.14,easy
News Articles,compact,0.51,easy
News Articles,coronagraph,0.82,hard
News Articles,detect,0.72,hard
News Articles,solar,0.73,hard
News Articles,coronal,0.76,hard
News Articles,mass,0.1,easy
News Articles,size,0.0,easy
News Articles,velocity,0.75,hard
News Articles,density,0.69,hard
News Articles,solar,0.73,hard
News Articles,coronagraph,0.82,hard
News Articles,provide,0.04,easy
News Articles,continuous,0.68,hard
News Articles,solar,0.73,hard
News Articles,hot,0.0,easy
News Articles,outer,0.61,hard
News Articles,atmosphere,0.28,easy
News Articles,space,0.0,easy
News Articles,weather,0.14,easy
News Articles,originate,0.74,hard
News Articles,weather,0.14,easy
News Articles,allow,0.08,easy
News Articles,space,0.0,easy
News Articles,weather,0.14,easy
News Articles,prediction,0.75,hard
News Articles,weather,0.14,easy
News Articles,compact,0.51,easy
News Articles,operational,0.71,hard
News Articles,satellite,0.65,hard
News Articles,monitor,0.5,easy
News Articles,sun,0.09,easy
News Articles,assistant,0.6,hard
News Articles,administrator,0.77,hard
News Articles,satellite,0.65,hard
News Articles,information,0.03,easy
News Articles,new,0.0,easy
News Articles,instrument,0.17,easy
News Articles,deliver,0.32,easy
News Articles,space,0.0,easy
News Articles,weather,0.14,easy
News Articles,prediction,0.75,hard
News Articles,center,0.03,easy
News Articles,previous,0.08,easy
News Articles,eight,0.17,easy
News Articles,graham,0.69,hard
News Articles,geomagnetic,0.84,hard
News Articles,impact,0.24,easy
News Articles,infrastructure,0.79,hard
News Articles,power,0.0,easy
News Articles,grid,0.67,hard
News Articles,navigation,0.61,hard
News Articles,aviation,0.73,hard
News Articles,faster,0.6,hard
News Articles,observation,0.37,easy
News Articles,alert,0.32,easy
News Articles,infrastructure,0.79,hard
News Articles,potential,0.24,easy
News Articles,take,0.0,easy
News Articles,orbit,0.63,hard
News Articles,monitor,0.5,easy
News Articles,weather,0.14,easy
News Articles,climate,0.62,hard
News Articles,environmental,0.8,hard
News Articles,across,0.0,easy
News Articles,north,0.14,easy
News Articles,central,0.16,easy
News Articles,south,0.12,easy
News Articles,atlantic,0.75,hard
News Articles,west,0.1,easy
News Articles,unique,0.33,easy
News Articles,vantage,0.73,hard
News Articles,point,0.0,easy
News Articles,tropical,0.69,hard
News Articles,send,0.04,easy
News Articles,atlantic,0.75,hard
News Articles,ocean,0.44,easy
News Articles,provide,0.04,easy
News Articles,near,0.01,easy
News Articles,satellite,0.65,hard
News Articles,technology,0.55,hard
News Articles,capture,0.43,easy
News Articles,valuable,0.56,hard
News Articles,wind,0.05,easy
News Articles,specific,0.22,easy
News Articles,eye,0.01,easy
News Articles,lightning,0.67,hard
News Articles,activity,0.36,easy
News Articles,help,0.0,easy
News Articles,better,0.0,easy
News Articles,understand,0.03,easy
News Articles,potential,0.24,easy
News Articles,carry,0.01,easy
News Articles,first,0.0,easy
News Articles,operational,0.71,hard
News Articles,lightning,0.67,hard
News Articles,mapper,0.76,hard
News Articles,develop,0.12,easy
News Articles,activity,0.36,easy
News Articles,understanding,0.27,easy
News Articles,develop,0.12,easy
News Articles,intensify,0.76,hard
News Articles,help,0.0,easy
News Articles,predict,0.69,hard
News Articles,whether,0.01,easy
News Articles,flash,0.1,easy
News Articles,flooding,0.74,hard
News Articles,hail,0.55,hard
News Articles,lightning,0.67,hard
News Articles,mapper,0.76,hard
News Articles,take,0.0,easy
News Articles,per,0.0,easy
News Articles,lightning,0.67,hard
News Articles,like,0.0,easy
News Articles,never,0.0,easy
News Articles,main,0.01,easy
News Articles,track,0.18,easy
News Articles,dangerous,0.47,easy
News Articles,weather,0.14,easy
News Articles,environmental,0.8,hard
News Articles,better,0.0,easy
News Articles,warning,0.28,easy
News Articles,pam,0.7,hard
News Articles,program,0.0,easy
News Articles,use,0.0,easy
News Articles,hot,0.0,easy
News Articles,intensity,0.43,easy
News Articles,smoke,0.1,easy
News Articles,output,0.42,easy
News Articles,air,0.0,easy
News Articles,quality,0.02,easy
News Articles,even,0.0,easy
News Articles,data,0.13,easy
News Articles,help,0.0,easy
News Articles,predict,0.69,hard
News Articles,satellite,0.65,hard
News Articles,use,0.0,easy
News Articles,lightning,0.67,hard
News Articles,lightning,0.67,hard
News Articles,environmental,0.8,hard
News Articles,track,0.18,easy
News Articles,include,0.12,easy
News Articles,low,0.0,easy
News Articles,impact,0.24,easy
News Articles,air,0.0,easy
News Articles,sea,0.05,easy
News Articles,volcanic,0.72,hard
News Articles,ash,0.64,hard
News Articles,dioxide,0.76,hard
News Articles,atmospheric,0.78,hard
News Articles,river,0.17,easy
News Articles,atmosphere,0.28,easy
News Articles,carry,0.01,easy
News Articles,moisture,0.74,hard
News Articles,flooding,0.74,hard
News Articles,formation,0.54,easy
News Articles,collect,0.54,easy
News Articles,climate,0.62,hard
News Articles,heat,0.08,easy
News Articles,sea,0.05,easy
News Articles,surface,0.09,easy
News Articles,impact,0.24,easy
News Articles,marine,0.53,easy
News Articles,food,0.01,easy
News Articles,chain,0.12,easy
News Articles,coral,0.65,hard
News Articles,bleaching,0.78,hard
News Articles,space,0.0,easy
News Articles,weather,0.14,easy
News Articles,satellite,0.65,hard
News Articles,industry,0.03,easy
News Articles,safe,0.08,easy
News Articles,fall,0.0,easy
News Articles,new,0.0,easy
News Articles,study,0.02,easy
News Articles,geophysical,0.81,hard
News Articles,union,0.16,easy
News Articles,event,0.05,easy
News Articles,geomagnetic,0.84,hard
News Articles,geomagnetic,0.84,hard
News Articles,storm,0.38,easy
News Articles,last,0.0,easy
News Articles,day,0.0,easy
News Articles,magnetic,0.65,hard
News Articles,found,0.0,easy
News Articles,experienced,0.62,hard
News Articles,drag,0.09,easy
News Articles,fell,0.09,easy
News Articles,harmlessly,0.79,hard
News Articles,atmosphere,0.28,easy
News Articles,pound,0.16,easy
News Articles,burned,0.54,easy
News Articles,storm,0.38,easy
News Articles,national,0.02,easy
News Articles,oceanic,0.73,hard
News Articles,atmospheric,0.78,hard
News Articles,administration,0.27,easy
News Articles,latest,0.21,easy
News Articles,space,0.0,easy
News Articles,weather,0.14,easy
News Articles,forecast,0.57,hard
News Articles,simply,0.02,easy
News Articles,potential,0.24,easy
News Articles,geomagnetic,0.84,hard
News Articles,activity,0.36,easy
News Articles,study,0.02,easy
News Articles,claim,0.19,easy
News Articles,current,0.01,easy
News Articles,satellite,0.65,hard
News Articles,receive,0.2,easy
News Articles,general,0.0,easy
News Articles,watch,0.0,easy
News Articles,data,0.13,easy
News Articles,web,0.07,easy
News Articles,none,0.05,easy
News Articles,currently,0.54,easy
News Articles,specifically,0.68,hard
News Articles,orbit,0.63,hard
News Articles,critical,0.41,easy
News Articles,density,0.69,hard
News Articles,enhancement,0.76,hard
News Articles,information,0.03,easy
News Articles,certainly,0.05,easy
News Articles,become,0.0,easy
News Articles,essential,0.33,easy
News Articles,dealing,0.5,easy
News Articles,space,0.0,easy
News Articles,traffic,0.44,easy
News Articles,increasingly,0.64,hard
News Articles,crowded,0.58,hard
News Articles,space,0.0,easy
News Articles,environment,0.61,hard
News Articles,geomagnetic,0.84,hard
News Articles,quiet,0.04,easy
News Articles,perturbed,0.76,hard
News Articles,study,0.02,easy
News Articles,fix,0.23,easy
News Articles,believe,0.0,easy
News Articles,need,0.0,easy
News Articles,space,0.0,easy
News Articles,weather,0.14,easy
News Articles,forecast,0.57,hard
News Articles,measure,0.06,easy
News Articles,geomagnetic,0.84,hard
News Articles,hoped,0.55,hard
News Articles,arrival,0.61,hard
News Articles,time,0.0,easy
News Articles,activity,0.36,easy
News Articles,accurate,0.64,hard
News Articles,improve,0.45,easy
News Articles,satellite,0.65,hard
News Articles,similar,0.06,easy
News Articles,type,0.0,easy
News Articles,activity,0.36,easy
News Articles,solar,0.73,hard
News Articles,maximum,0.47,easy
News Articles,around,0.0,easy
News Articles,maximum,0.47,easy
News Articles,sun,0.09,easy
News Articles,increase,0.01,easy
News Articles,emit,0.7,hard
News Articles,powerful,0.18,easy
News Articles,impact,0.24,easy
News Articles,everything,0.0,easy
News Articles,space,0.0,easy
News Articles,magnitude,0.67,hard
News Articles,arrival,0.61,hard
News Articles,time,0.0,easy
News Articles,accurately,0.71,hard
News Articles,complex,0.02,easy
News Articles,space,0.0,easy
News Articles,weather,0.14,easy
News Articles,solar,0.73,hard
News Articles,storm,0.38,easy
News Articles,could,0.0,easy
News Articles,impact,0.24,easy
News Articles,category,0.68,hard
News Articles,goddard,0.78,hard
News Articles,space,0.0,easy
News Articles,flight,0.09,easy
News Articles,center,0.03,easy
News Articles,previously,0.42,easy
News Articles,stated,0.49,easy
Dashboard,power,0.0,easy
Dashboard,grid,0.67,hard
Dashboard,power,0.0,easy
Dashboard,might,0.0,easy
Dashboard,voltage,0.71,hard
Dashboard,equipment,0.28,easy
Dashboard,need,0.0,easy
Dashboard,direction,0.01,easy
Dashboard,might,0.0,easy
Dashboard,weaken,0.67,hard
Dashboard,northern,0.62,hard
Dashboard,york,0.33,easy
Dashboard,power,0.0,easy
Dashboard,need,0.0,easy
Dashboard,voltage,0.71,hard
Dashboard,safety,0.35,easy
Dashboard,could,0.0,easy
Dashboard,might,0.0,easy
Dashboard,face,0.0,easy
Dashboard,drag,0.09,easy
Dashboard,need,0.0,easy
Dashboard,direction,0.01,easy
Dashboard,radio,0.22,easy
Dashboard,could,0.0,easy
Dashboard,northern,0.62,hard
Dashboard,control,0.0,easy
Dashboard,safety,0.35,easy
Dashboard,mistakenly,0.79,hard
Dashboard,shutting,0.75,hard
Dashboard,power,0.0,easy
Dashboard,grid,0.67,hard
Dashboard,might,0.0,easy
Dashboard,need,0.0,easy
Dashboard,direction,0.01,easy
Dashboard,pipeline,0.7,hard
Dashboard,satellite,0.65,hard
Dashboard,navigation,0.61,hard
Dashboard,might,0.0,easy
Dashboard,stop,0.0,easy
Dashboard,radio,0.22,easy
Dashboard,northern,0.62,hard
Dashboard,voltage,0.71,hard
Dashboard,causing,0.66,hard
Dashboard,power,0.0,easy
Dashboard,might,0.0,easy
Dashboard,surface,0.09,easy
Dashboard,charging,0.75,hard
Dashboard,direction,0.01,easy
Dashboard,signal,0.48,easy
Dashboard,pipeline,0.7,hard
Dashboard,work,0.0,easy
Dashboard,day,0.0,easy
Dashboard,satellite,0.65,hard
Dashboard,navigation,0.61,hard
Dashboard,day,0.0,easy
Dashboard,radio,0.22,easy
Dashboard,northern,0.62,hard
Dashboard,southern,0.54,easy
Dashboard,communication,0.63,hard
Dashboard,navigation,0.61,hard
Dashboard,occasionally,0.55,hard
Dashboard,cut,0.0,easy
Dashboard,sunlit,0.76,hard
Dashboard,communication,0.63,hard
Dashboard,navigation,0.61,hard
Dashboard,several,0.0,easy
Dashboard,sunlit,0.76,hard
Dashboard,communication,0.63,hard
Dashboard,navigation,0.61,hard
Dashboard,sunlit,0.76,hard
Dashboard,communication,0.63,hard
Dashboard,navigation,0.61,hard
Dashboard,satellite,0.65,hard
Dashboard,navigation,0.61,hard
Dashboard,sunlit,0.76,hard
Dashboard,causing,0.66,hard
Dashboard,communication,0.63,hard
Dashboard,navigation,0.61,hard
Dashboard,sunlit,0.76,hard
Dashboard,several,0.0,easy
Dashboard,contact,0.23,easy
Dashboard,causing,0.66,hard
Dashboard,satellite,0.65,hard
Dashboard,navigation,0.61,hard
Dashboard,experience,0.0,easy
Dashboard,could,0.0,easy
Dashboard,affect,0.49,easy
Dashboard,night,0.0,easy
Dashboard,small,0.0,easy
Dashboard,satellite,0.65,hard
Dashboard,small,0.0,easy
Dashboard,polar,0.64,hard
Dashboard,affected,0.57,hard
Dashboard,small,0.0,easy
Dashboard,like,0.0,easy
Dashboard,noisy,0.69,hard
Dashboard,lower,0.14,easy
Dashboard,solar,0.73,hard
Dashboard,panel,0.37,easy
Dashboard,navigation,0.61,hard
Dashboard,likely,0.06,easy
Dashboard,memory,0.1,easy
Dashboard,noisy,0.69,hard
Dashboard,orientation,0.68,hard
Dashboard,lower,0.14,easy
Dashboard,solar,0.73,hard
Dashboard,panel,0.37,easy
Dashboard,navigation,0.61,hard
Dashboard,happen,0.08,easy
Dashboard,several,0.0,easy
Dashboard,day,0.0,easy
Dashboard,stop,0.0,easy
Dashboard,working,0.0,easy
Dashboard,memory,0.1,easy
Dashboard,noisy,0.69,hard
Dashboard,image,0.01,easy
Dashboard,data,0.13,easy
Dashboard,possible,0.0,easy
Dashboard,solar,0.73,hard
Dashboard,panel,0.37,easy
Dashboard,polar,0.64,hard
Dashboard,making,0.0,easy
Dashboard,navigation,0.61,hard
Dashboard,difficult,0.07,easy
